<?xml version="1.0" encoding="UTF-8"?>
<gpx version="1.0" creator="GPSBabel - https://www.gpsbabel.org" xmlns="http://www.topografix.com/GPX/1/0">
  <time>2022-08-09T12:45:18.341Z</time>
  <bounds minlat="51.694040000" minlon="5.024170000" maxlat="52.144700000" maxlon="5.608510000"/>
  <trk>
    <trkseg>
      <trkpt lat="51.698250000" lon="5.292490000">
        <ele>7.000</ele>
      </trkpt>
      <trkpt lat="51.698100000" lon="5.292150000">
        <ele>7.000</ele>
      </trkpt>
      <trkpt lat="51.697830000" lon="5.291550000">
        <ele>7.000</ele>
      </trkpt>
      <trkpt lat="51.697550000" lon="5.290960000">
        <ele>7.000</ele>
      </trkpt>
      <trkpt lat="51.697320000" lon="5.290450000">
        <ele>7.000</ele>
      </trkpt>
      <trkpt lat="51.697230000" lon="5.290260000">
        <ele>7.000</ele>
      </trkpt>
      <trkpt lat="51.697080000" lon="5.289930000">
        <ele>7.000</ele>
      </trkpt>
      <trkpt lat="51.697080000" lon="5.289930000">
        <ele>7.000</ele>
      </trkpt>
      <trkpt lat="51.697020000" lon="5.289810000">
        <ele>7.000</ele>
      </trkpt>
      <trkpt lat="51.696990000" lon="5.289740000">
        <ele>7.000</ele>
      </trkpt>
      <trkpt lat="51.696970000" lon="5.289690000">
        <ele>7.000</ele>
      </trkpt>
      <trkpt lat="51.696940000" lon="5.289650000">
        <ele>7.000</ele>
      </trkpt>
      <trkpt lat="51.696820000" lon="5.289390000">
        <ele>7.000</ele>
      </trkpt>
      <trkpt lat="51.696810000" lon="5.289350000">
        <ele>7.000</ele>
      </trkpt>
      <trkpt lat="51.696700000" lon="5.289120000">
        <ele>7.000</ele>
      </trkpt>
      <trkpt lat="51.696670000" lon="5.289060000">
        <ele>7.000</ele>
      </trkpt>
      <trkpt lat="51.696640000" lon="5.288990000">
        <ele>7.000</ele>
      </trkpt>
      <trkpt lat="51.696430000" lon="5.288520000">
        <ele>7.000</ele>
      </trkpt>
      <trkpt lat="51.696220000" lon="5.288050000">
        <ele>7.000</ele>
      </trkpt>
      <trkpt lat="51.696040000" lon="5.287660000">
        <ele>7.000</ele>
      </trkpt>
      <trkpt lat="51.695860000" lon="5.287260000">
        <ele>7.000</ele>
      </trkpt>
      <trkpt lat="51.695820000" lon="5.287160000">
        <ele>6.000</ele>
      </trkpt>
      <trkpt lat="51.695770000" lon="5.287060000">
        <ele>6.000</ele>
      </trkpt>
      <trkpt lat="51.695610000" lon="5.286690000">
        <ele>6.000</ele>
      </trkpt>
      <trkpt lat="51.695450000" lon="5.286320000">
        <ele>6.000</ele>
      </trkpt>
      <trkpt lat="51.695320000" lon="5.286030000">
        <ele>6.000</ele>
      </trkpt>
      <trkpt lat="51.695180000" lon="5.285730000">
        <ele>6.000</ele>
      </trkpt>
      <trkpt lat="51.695020000" lon="5.285380000">
        <ele>6.000</ele>
      </trkpt>
      <trkpt lat="51.694850000" lon="5.285020000">
        <ele>6.000</ele>
      </trkpt>
      <trkpt lat="51.694690000" lon="5.284690000">
        <ele>6.000</ele>
      </trkpt>
      <trkpt lat="51.694690000" lon="5.284690000">
        <ele>6.000</ele>
      </trkpt>
      <trkpt lat="51.694790000" lon="5.284600000">
        <ele>6.000</ele>
      </trkpt>
      <trkpt lat="51.694860000" lon="5.284560000">
        <ele>6.000</ele>
      </trkpt>
      <trkpt lat="51.694920000" lon="5.284520000">
        <ele>6.000</ele>
      </trkpt>
      <trkpt lat="51.695220000" lon="5.284360000">
        <ele>6.000</ele>
      </trkpt>
      <trkpt lat="51.695250000" lon="5.284340000">
        <ele>6.000</ele>
      </trkpt>
      <trkpt lat="51.695820000" lon="5.284060000">
        <ele>6.000</ele>
      </trkpt>
      <trkpt lat="51.696590000" lon="5.283650000">
        <ele>6.000</ele>
      </trkpt>
      <trkpt lat="51.696710000" lon="5.283590000">
        <ele>6.000</ele>
      </trkpt>
      <trkpt lat="51.696800000" lon="5.283540000">
        <ele>6.000</ele>
      </trkpt>
      <trkpt lat="51.696830000" lon="5.283520000">
        <ele>6.000</ele>
      </trkpt>
      <trkpt lat="51.696910000" lon="5.283460000">
        <ele>6.000</ele>
      </trkpt>
      <trkpt lat="51.696960000" lon="5.283430000">
        <ele>6.000</ele>
      </trkpt>
      <trkpt lat="51.697010000" lon="5.283390000">
        <ele>6.000</ele>
      </trkpt>
      <trkpt lat="51.697100000" lon="5.283300000">
        <ele>6.000</ele>
      </trkpt>
      <trkpt lat="51.697170000" lon="5.283230000">
        <ele>6.000</ele>
      </trkpt>
      <trkpt lat="51.697260000" lon="5.283110000">
        <ele>6.000</ele>
      </trkpt>
      <trkpt lat="51.697340000" lon="5.282990000">
        <ele>6.000</ele>
      </trkpt>
      <trkpt lat="51.697430000" lon="5.282790000">
        <ele>6.000</ele>
      </trkpt>
      <trkpt lat="51.697760000" lon="5.282100000">
        <ele>6.000</ele>
      </trkpt>
      <trkpt lat="51.697990000" lon="5.281600000">
        <ele>6.000</ele>
      </trkpt>
      <trkpt lat="51.698220000" lon="5.281110000">
        <ele>6.000</ele>
      </trkpt>
      <trkpt lat="51.698530000" lon="5.280460000">
        <ele>6.000</ele>
      </trkpt>
      <trkpt lat="51.698830000" lon="5.279810000">
        <ele>6.000</ele>
      </trkpt>
      <trkpt lat="51.698920000" lon="5.279620000">
        <ele>6.000</ele>
      </trkpt>
      <trkpt lat="51.699010000" lon="5.279440000">
        <ele>6.000</ele>
      </trkpt>
      <trkpt lat="51.699950000" lon="5.277440000">
        <ele>6.000</ele>
      </trkpt>
      <trkpt lat="51.700900000" lon="5.275440000">
        <ele>6.000</ele>
      </trkpt>
      <trkpt lat="51.701050000" lon="5.275080000">
        <ele>6.000</ele>
      </trkpt>
      <trkpt lat="51.701200000" lon="5.274720000">
        <ele>5.000</ele>
      </trkpt>
      <trkpt lat="51.701230000" lon="5.274700000">
        <ele>5.000</ele>
      </trkpt>
      <trkpt lat="51.701250000" lon="5.274680000">
        <ele>5.000</ele>
      </trkpt>
      <trkpt lat="51.701260000" lon="5.274660000">
        <ele>5.000</ele>
      </trkpt>
      <trkpt lat="51.701270000" lon="5.274640000">
        <ele>5.000</ele>
      </trkpt>
      <trkpt lat="51.701300000" lon="5.274600000">
        <ele>5.000</ele>
      </trkpt>
      <trkpt lat="51.701420000" lon="5.274350000">
        <ele>5.000</ele>
      </trkpt>
      <trkpt lat="51.701850000" lon="5.273460000">
        <ele>5.000</ele>
      </trkpt>
      <trkpt lat="51.701880000" lon="5.273390000">
        <ele>5.000</ele>
      </trkpt>
      <trkpt lat="51.701920000" lon="5.273330000">
        <ele>5.000</ele>
      </trkpt>
      <trkpt lat="51.702030000" lon="5.273140000">
        <ele>5.000</ele>
      </trkpt>
      <trkpt lat="51.702310000" lon="5.272680000">
        <ele>5.000</ele>
      </trkpt>
      <trkpt lat="51.703000000" lon="5.271580000">
        <ele>4.000</ele>
      </trkpt>
      <trkpt lat="51.703260000" lon="5.271210000">
        <ele>4.000</ele>
      </trkpt>
      <trkpt lat="51.703520000" lon="5.270830000">
        <ele>4.000</ele>
      </trkpt>
      <trkpt lat="51.703720000" lon="5.270530000">
        <ele>4.000</ele>
      </trkpt>
      <trkpt lat="51.703920000" lon="5.270230000">
        <ele>4.000</ele>
      </trkpt>
      <trkpt lat="51.704130000" lon="5.269890000">
        <ele>4.000</ele>
      </trkpt>
      <trkpt lat="51.704340000" lon="5.269560000">
        <ele>4.000</ele>
      </trkpt>
      <trkpt lat="51.704390000" lon="5.269470000">
        <ele>4.000</ele>
      </trkpt>
      <trkpt lat="51.704650000" lon="5.269070000">
        <ele>4.000</ele>
      </trkpt>
      <trkpt lat="51.705240000" lon="5.268170000">
        <ele>4.000</ele>
      </trkpt>
      <trkpt lat="51.705290000" lon="5.268110000">
        <ele>4.000</ele>
      </trkpt>
      <trkpt lat="51.705550000" lon="5.267690000">
        <ele>4.000</ele>
      </trkpt>
      <trkpt lat="51.705800000" lon="5.267310000">
        <ele>4.000</ele>
      </trkpt>
      <trkpt lat="51.705840000" lon="5.267250000">
        <ele>4.000</ele>
      </trkpt>
      <trkpt lat="51.706350000" lon="5.266490000">
        <ele>4.000</ele>
      </trkpt>
      <trkpt lat="51.706890000" lon="5.265700000">
        <ele>4.000</ele>
      </trkpt>
      <trkpt lat="51.707270000" lon="5.265070000">
        <ele>4.000</ele>
      </trkpt>
      <trkpt lat="51.707840000" lon="5.264220000">
        <ele>4.000</ele>
      </trkpt>
      <trkpt lat="51.707950000" lon="5.264040000">
        <ele>4.000</ele>
      </trkpt>
      <trkpt lat="51.708160000" lon="5.263710000">
        <ele>5.000</ele>
      </trkpt>
      <trkpt lat="51.708350000" lon="5.263410000">
        <ele>5.000</ele>
      </trkpt>
      <trkpt lat="51.708390000" lon="5.263360000">
        <ele>5.000</ele>
      </trkpt>
      <trkpt lat="51.708620000" lon="5.262990000">
        <ele>5.000</ele>
      </trkpt>
      <trkpt lat="51.708740000" lon="5.262790000">
        <ele>5.000</ele>
      </trkpt>
      <trkpt lat="51.708780000" lon="5.262720000">
        <ele>5.000</ele>
      </trkpt>
      <trkpt lat="51.708830000" lon="5.262650000">
        <ele>5.000</ele>
      </trkpt>
      <trkpt lat="51.708950000" lon="5.262460000">
        <ele>5.000</ele>
      </trkpt>
      <trkpt lat="51.709200000" lon="5.262100000">
        <ele>5.000</ele>
      </trkpt>
      <trkpt lat="51.709430000" lon="5.261760000">
        <ele>5.000</ele>
      </trkpt>
      <trkpt lat="51.709430000" lon="5.261760000">
        <ele>5.000</ele>
      </trkpt>
      <trkpt lat="51.709530000" lon="5.261620000">
        <ele>5.000</ele>
      </trkpt>
      <trkpt lat="51.709610000" lon="5.261520000">
        <ele>5.000</ele>
      </trkpt>
      <trkpt lat="51.709720000" lon="5.261380000">
        <ele>5.000</ele>
      </trkpt>
      <trkpt lat="51.709820000" lon="5.261240000">
        <ele>5.000</ele>
      </trkpt>
      <trkpt lat="51.709990000" lon="5.261030000">
        <ele>5.000</ele>
      </trkpt>
      <trkpt lat="51.710350000" lon="5.260660000">
        <ele>5.000</ele>
      </trkpt>
      <trkpt lat="51.710570000" lon="5.260440000">
        <ele>5.000</ele>
      </trkpt>
      <trkpt lat="51.710580000" lon="5.260440000">
        <ele>4.000</ele>
      </trkpt>
      <trkpt lat="51.710770000" lon="5.260280000">
        <ele>4.000</ele>
      </trkpt>
      <trkpt lat="51.710970000" lon="5.260160000">
        <ele>4.000</ele>
      </trkpt>
      <trkpt lat="51.711070000" lon="5.260100000">
        <ele>3.000</ele>
      </trkpt>
      <trkpt lat="51.711160000" lon="5.260060000">
        <ele>3.000</ele>
      </trkpt>
      <trkpt lat="51.711170000" lon="5.260070000">
        <ele>3.000</ele>
      </trkpt>
      <trkpt lat="51.711170000" lon="5.260080000">
        <ele>3.000</ele>
      </trkpt>
      <trkpt lat="51.711180000" lon="5.260080000">
        <ele>3.000</ele>
      </trkpt>
      <trkpt lat="51.711180000" lon="5.260090000">
        <ele>3.000</ele>
      </trkpt>
      <trkpt lat="51.711190000" lon="5.260090000">
        <ele>3.000</ele>
      </trkpt>
      <trkpt lat="51.711190000" lon="5.260100000">
        <ele>3.000</ele>
      </trkpt>
      <trkpt lat="51.711200000" lon="5.260100000">
        <ele>3.000</ele>
      </trkpt>
      <trkpt lat="51.711210000" lon="5.260110000">
        <ele>3.000</ele>
      </trkpt>
      <trkpt lat="51.711220000" lon="5.260110000">
        <ele>3.000</ele>
      </trkpt>
      <trkpt lat="51.711230000" lon="5.260110000">
        <ele>3.000</ele>
      </trkpt>
      <trkpt lat="51.711240000" lon="5.260110000">
        <ele>3.000</ele>
      </trkpt>
      <trkpt lat="51.711250000" lon="5.260110000">
        <ele>3.000</ele>
      </trkpt>
      <trkpt lat="51.711260000" lon="5.260110000">
        <ele>3.000</ele>
      </trkpt>
      <trkpt lat="51.711260000" lon="5.260100000">
        <ele>3.000</ele>
      </trkpt>
      <trkpt lat="51.711270000" lon="5.260100000">
        <ele>3.000</ele>
      </trkpt>
      <trkpt lat="51.711270000" lon="5.260090000">
        <ele>3.000</ele>
      </trkpt>
      <trkpt lat="51.711280000" lon="5.260090000">
        <ele>3.000</ele>
      </trkpt>
      <trkpt lat="51.711290000" lon="5.260080000">
        <ele>3.000</ele>
      </trkpt>
      <trkpt lat="51.711300000" lon="5.260070000">
        <ele>3.000</ele>
      </trkpt>
      <trkpt lat="51.711300000" lon="5.260060000">
        <ele>3.000</ele>
      </trkpt>
      <trkpt lat="51.711310000" lon="5.260050000">
        <ele>3.000</ele>
      </trkpt>
      <trkpt lat="51.711310000" lon="5.260040000">
        <ele>3.000</ele>
      </trkpt>
      <trkpt lat="51.711320000" lon="5.260030000">
        <ele>3.000</ele>
      </trkpt>
      <trkpt lat="51.711320000" lon="5.260020000">
        <ele>3.000</ele>
      </trkpt>
      <trkpt lat="51.711320000" lon="5.260010000">
        <ele>3.000</ele>
      </trkpt>
      <trkpt lat="51.711320000" lon="5.260000000">
        <ele>3.000</ele>
      </trkpt>
      <trkpt lat="51.711330000" lon="5.259990000">
        <ele>3.000</ele>
      </trkpt>
      <trkpt lat="51.711330000" lon="5.259980000">
        <ele>3.000</ele>
      </trkpt>
      <trkpt lat="51.711330000" lon="5.259970000">
        <ele>3.000</ele>
      </trkpt>
      <trkpt lat="51.711330000" lon="5.259960000">
        <ele>3.000</ele>
      </trkpt>
      <trkpt lat="51.711330000" lon="5.259950000">
        <ele>3.000</ele>
      </trkpt>
      <trkpt lat="51.711470000" lon="5.259890000">
        <ele>3.000</ele>
      </trkpt>
      <trkpt lat="51.711630000" lon="5.259810000">
        <ele>3.000</ele>
      </trkpt>
      <trkpt lat="51.711780000" lon="5.259750000">
        <ele>3.000</ele>
      </trkpt>
      <trkpt lat="51.712730000" lon="5.259460000">
        <ele>3.000</ele>
      </trkpt>
      <trkpt lat="51.713260000" lon="5.259290000">
        <ele>4.000</ele>
      </trkpt>
      <trkpt lat="51.713620000" lon="5.259180000">
        <ele>4.000</ele>
      </trkpt>
      <trkpt lat="51.714280000" lon="5.258980000">
        <ele>4.000</ele>
      </trkpt>
      <trkpt lat="51.714290000" lon="5.258990000">
        <ele>4.000</ele>
      </trkpt>
      <trkpt lat="51.714300000" lon="5.258990000">
        <ele>4.000</ele>
      </trkpt>
      <trkpt lat="51.714310000" lon="5.258990000">
        <ele>4.000</ele>
      </trkpt>
      <trkpt lat="51.714320000" lon="5.258990000">
        <ele>4.000</ele>
      </trkpt>
      <trkpt lat="51.714330000" lon="5.258990000">
        <ele>4.000</ele>
      </trkpt>
      <trkpt lat="51.714340000" lon="5.258990000">
        <ele>4.000</ele>
      </trkpt>
      <trkpt lat="51.714340000" lon="5.258980000">
        <ele>4.000</ele>
      </trkpt>
      <trkpt lat="51.714350000" lon="5.258980000">
        <ele>4.000</ele>
      </trkpt>
      <trkpt lat="51.714360000" lon="5.258980000">
        <ele>4.000</ele>
      </trkpt>
      <trkpt lat="51.714360000" lon="5.258970000">
        <ele>4.000</ele>
      </trkpt>
      <trkpt lat="51.714370000" lon="5.258960000">
        <ele>4.000</ele>
      </trkpt>
      <trkpt lat="51.715960000" lon="5.258470000">
        <ele>4.000</ele>
      </trkpt>
      <trkpt lat="51.716850000" lon="5.258200000">
        <ele>4.000</ele>
      </trkpt>
      <trkpt lat="51.717020000" lon="5.258140000">
        <ele>3.000</ele>
      </trkpt>
      <trkpt lat="51.717070000" lon="5.258130000">
        <ele>3.000</ele>
      </trkpt>
      <trkpt lat="51.717190000" lon="5.258040000">
        <ele>3.000</ele>
      </trkpt>
      <trkpt lat="51.717380000" lon="5.257920000">
        <ele>3.000</ele>
      </trkpt>
      <trkpt lat="51.717680000" lon="5.257640000">
        <ele>3.000</ele>
      </trkpt>
      <trkpt lat="51.717800000" lon="5.257540000">
        <ele>3.000</ele>
      </trkpt>
      <trkpt lat="51.718310000" lon="5.257000000">
        <ele>3.000</ele>
      </trkpt>
      <trkpt lat="51.718320000" lon="5.257020000">
        <ele>3.000</ele>
      </trkpt>
      <trkpt lat="51.718340000" lon="5.257040000">
        <ele>3.000</ele>
      </trkpt>
      <trkpt lat="51.718350000" lon="5.257040000">
        <ele>3.000</ele>
      </trkpt>
      <trkpt lat="51.718370000" lon="5.257050000">
        <ele>3.000</ele>
      </trkpt>
      <trkpt lat="51.718380000" lon="5.257060000">
        <ele>3.000</ele>
      </trkpt>
      <trkpt lat="51.718400000" lon="5.257060000">
        <ele>3.000</ele>
      </trkpt>
      <trkpt lat="51.718420000" lon="5.257050000">
        <ele>3.000</ele>
      </trkpt>
      <trkpt lat="51.718440000" lon="5.257040000">
        <ele>3.000</ele>
      </trkpt>
      <trkpt lat="51.718450000" lon="5.257030000">
        <ele>3.000</ele>
      </trkpt>
      <trkpt lat="51.718470000" lon="5.257010000">
        <ele>3.000</ele>
      </trkpt>
      <trkpt lat="51.718480000" lon="5.256990000">
        <ele>3.000</ele>
      </trkpt>
      <trkpt lat="51.718500000" lon="5.256970000">
        <ele>3.000</ele>
      </trkpt>
      <trkpt lat="51.718510000" lon="5.256930000">
        <ele>3.000</ele>
      </trkpt>
      <trkpt lat="51.718520000" lon="5.256900000">
        <ele>3.000</ele>
      </trkpt>
      <trkpt lat="51.718520000" lon="5.256870000">
        <ele>3.000</ele>
      </trkpt>
      <trkpt lat="51.718530000" lon="5.256840000">
        <ele>3.000</ele>
      </trkpt>
      <trkpt lat="51.718520000" lon="5.256800000">
        <ele>3.000</ele>
      </trkpt>
      <trkpt lat="51.718520000" lon="5.256780000">
        <ele>3.000</ele>
      </trkpt>
      <trkpt lat="51.718510000" lon="5.256750000">
        <ele>3.000</ele>
      </trkpt>
      <trkpt lat="51.718850000" lon="5.256040000">
        <ele>3.000</ele>
      </trkpt>
      <trkpt lat="51.718860000" lon="5.255950000">
        <ele>3.000</ele>
      </trkpt>
      <trkpt lat="51.719090000" lon="5.255330000">
        <ele>3.000</ele>
      </trkpt>
      <trkpt lat="51.719290000" lon="5.254700000">
        <ele>3.000</ele>
      </trkpt>
      <trkpt lat="51.719410000" lon="5.254290000">
        <ele>3.000</ele>
      </trkpt>
      <trkpt lat="51.719530000" lon="5.253890000">
        <ele>3.000</ele>
      </trkpt>
      <trkpt lat="51.719820000" lon="5.252930000">
        <ele>3.000</ele>
      </trkpt>
      <trkpt lat="51.720110000" lon="5.251970000">
        <ele>3.000</ele>
      </trkpt>
      <trkpt lat="51.720140000" lon="5.251850000">
        <ele>3.000</ele>
      </trkpt>
      <trkpt lat="51.720540000" lon="5.250450000">
        <ele>3.000</ele>
      </trkpt>
      <trkpt lat="51.720950000" lon="5.249050000">
        <ele>3.000</ele>
      </trkpt>
      <trkpt lat="51.720990000" lon="5.248990000">
        <ele>3.000</ele>
      </trkpt>
      <trkpt lat="51.721150000" lon="5.248510000">
        <ele>3.000</ele>
      </trkpt>
      <trkpt lat="51.721260000" lon="5.248100000">
        <ele>3.000</ele>
      </trkpt>
      <trkpt lat="51.721260000" lon="5.248010000">
        <ele>3.000</ele>
      </trkpt>
      <trkpt lat="51.721410000" lon="5.247490000">
        <ele>3.000</ele>
      </trkpt>
      <trkpt lat="51.721570000" lon="5.246960000">
        <ele>3.000</ele>
      </trkpt>
      <trkpt lat="51.721660000" lon="5.246750000">
        <ele>3.000</ele>
      </trkpt>
      <trkpt lat="51.721690000" lon="5.246640000">
        <ele>3.000</ele>
      </trkpt>
      <trkpt lat="51.721740000" lon="5.246430000">
        <ele>3.000</ele>
      </trkpt>
      <trkpt lat="51.721740000" lon="5.246430000">
        <ele>3.000</ele>
      </trkpt>
      <trkpt lat="51.721750000" lon="5.246380000">
        <ele>3.000</ele>
      </trkpt>
      <trkpt lat="51.721750000" lon="5.246370000">
        <ele>3.000</ele>
      </trkpt>
      <trkpt lat="51.721750000" lon="5.246340000">
        <ele>3.000</ele>
      </trkpt>
      <trkpt lat="51.721740000" lon="5.246290000">
        <ele>3.000</ele>
      </trkpt>
      <trkpt lat="51.721670000" lon="5.246170000">
        <ele>3.000</ele>
      </trkpt>
      <trkpt lat="51.721630000" lon="5.246120000">
        <ele>3.000</ele>
      </trkpt>
      <trkpt lat="51.721520000" lon="5.245950000">
        <ele>3.000</ele>
      </trkpt>
      <trkpt lat="51.721170000" lon="5.245340000">
        <ele>3.000</ele>
      </trkpt>
      <trkpt lat="51.720040000" lon="5.243410000">
        <ele>3.000</ele>
      </trkpt>
      <trkpt lat="51.720040000" lon="5.243410000">
        <ele>3.000</ele>
      </trkpt>
      <trkpt lat="51.719540000" lon="5.244150000">
        <ele>3.000</ele>
      </trkpt>
      <trkpt lat="51.719030000" lon="5.244880000">
        <ele>3.000</ele>
      </trkpt>
      <trkpt lat="51.719030000" lon="5.244880000">
        <ele>3.000</ele>
      </trkpt>
      <trkpt lat="51.718810000" lon="5.244590000">
        <ele>3.000</ele>
      </trkpt>
      <trkpt lat="51.718550000" lon="5.244340000">
        <ele>3.000</ele>
      </trkpt>
      <trkpt lat="51.718130000" lon="5.243990000">
        <ele>3.000</ele>
      </trkpt>
      <trkpt lat="51.716390000" lon="5.242550000">
        <ele>3.000</ele>
      </trkpt>
      <trkpt lat="51.716250000" lon="5.242430000">
        <ele>3.000</ele>
      </trkpt>
      <trkpt lat="51.716240000" lon="5.242410000">
        <ele>3.000</ele>
      </trkpt>
      <trkpt lat="51.716080000" lon="5.242310000">
        <ele>3.000</ele>
      </trkpt>
      <trkpt lat="51.715950000" lon="5.242240000">
        <ele>3.000</ele>
      </trkpt>
      <trkpt lat="51.715550000" lon="5.242050000">
        <ele>3.000</ele>
      </trkpt>
      <trkpt lat="51.715400000" lon="5.241980000">
        <ele>3.000</ele>
      </trkpt>
      <trkpt lat="51.715220000" lon="5.241910000">
        <ele>3.000</ele>
      </trkpt>
      <trkpt lat="51.714010000" lon="5.241350000">
        <ele>3.000</ele>
      </trkpt>
      <trkpt lat="51.713310000" lon="5.240920000">
        <ele>3.000</ele>
      </trkpt>
      <trkpt lat="51.712460000" lon="5.240360000">
        <ele>3.000</ele>
      </trkpt>
      <trkpt lat="51.712340000" lon="5.240290000">
        <ele>3.000</ele>
      </trkpt>
      <trkpt lat="51.712020000" lon="5.240090000">
        <ele>3.000</ele>
      </trkpt>
      <trkpt lat="51.712020000" lon="5.240090000">
        <ele>3.000</ele>
      </trkpt>
      <trkpt lat="51.711550000" lon="5.239790000">
        <ele>3.000</ele>
      </trkpt>
      <trkpt lat="51.711500000" lon="5.239760000">
        <ele>3.000</ele>
      </trkpt>
      <trkpt lat="51.710830000" lon="5.239310000">
        <ele>3.000</ele>
      </trkpt>
      <trkpt lat="51.710530000" lon="5.239110000">
        <ele>3.000</ele>
      </trkpt>
      <trkpt lat="51.710020000" lon="5.238790000">
        <ele>3.000</ele>
      </trkpt>
      <trkpt lat="51.709860000" lon="5.238690000">
        <ele>3.000</ele>
      </trkpt>
      <trkpt lat="51.709680000" lon="5.238570000">
        <ele>3.000</ele>
      </trkpt>
      <trkpt lat="51.709360000" lon="5.238360000">
        <ele>3.000</ele>
      </trkpt>
      <trkpt lat="51.708520000" lon="5.237830000">
        <ele>3.000</ele>
      </trkpt>
      <trkpt lat="51.707300000" lon="5.237050000">
        <ele>3.000</ele>
      </trkpt>
      <trkpt lat="51.707040000" lon="5.236890000">
        <ele>3.000</ele>
      </trkpt>
      <trkpt lat="51.706210000" lon="5.236360000">
        <ele>2.000</ele>
      </trkpt>
      <trkpt lat="51.706080000" lon="5.236280000">
        <ele>2.000</ele>
      </trkpt>
      <trkpt lat="51.705710000" lon="5.236150000">
        <ele>2.000</ele>
      </trkpt>
      <trkpt lat="51.705330000" lon="5.236020000">
        <ele>2.000</ele>
      </trkpt>
      <trkpt lat="51.705100000" lon="5.235980000">
        <ele>2.000</ele>
      </trkpt>
      <trkpt lat="51.704870000" lon="5.235930000">
        <ele>2.000</ele>
      </trkpt>
      <trkpt lat="51.704780000" lon="5.235910000">
        <ele>1.000</ele>
      </trkpt>
      <trkpt lat="51.704680000" lon="5.235880000">
        <ele>1.000</ele>
      </trkpt>
      <trkpt lat="51.704490000" lon="5.235830000">
        <ele>1.000</ele>
      </trkpt>
      <trkpt lat="51.704210000" lon="5.235760000">
        <ele>1.000</ele>
      </trkpt>
      <trkpt lat="51.703940000" lon="5.235660000">
        <ele>1.000</ele>
      </trkpt>
      <trkpt lat="51.703820000" lon="5.235590000">
        <ele>1.000</ele>
      </trkpt>
      <trkpt lat="51.703690000" lon="5.235480000">
        <ele>1.000</ele>
      </trkpt>
      <trkpt lat="51.703600000" lon="5.235410000">
        <ele>1.000</ele>
      </trkpt>
      <trkpt lat="51.703590000" lon="5.235410000">
        <ele>1.000</ele>
      </trkpt>
      <trkpt lat="51.703510000" lon="5.235340000">
        <ele>1.000</ele>
      </trkpt>
      <trkpt lat="51.703340000" lon="5.235170000">
        <ele>1.000</ele>
      </trkpt>
      <trkpt lat="51.703290000" lon="5.235120000">
        <ele>1.000</ele>
      </trkpt>
      <trkpt lat="51.703240000" lon="5.235060000">
        <ele>1.000</ele>
      </trkpt>
      <trkpt lat="51.703170000" lon="5.234970000">
        <ele>1.000</ele>
      </trkpt>
      <trkpt lat="51.703150000" lon="5.234920000">
        <ele>1.000</ele>
      </trkpt>
      <trkpt lat="51.703050000" lon="5.234690000">
        <ele>1.000</ele>
      </trkpt>
      <trkpt lat="51.702940000" lon="5.234460000">
        <ele>1.000</ele>
      </trkpt>
      <trkpt lat="51.702930000" lon="5.234410000">
        <ele>2.000</ele>
      </trkpt>
      <trkpt lat="51.702900000" lon="5.234300000">
        <ele>2.000</ele>
      </trkpt>
      <trkpt lat="51.702870000" lon="5.234140000">
        <ele>2.000</ele>
      </trkpt>
      <trkpt lat="51.702890000" lon="5.234040000">
        <ele>2.000</ele>
      </trkpt>
      <trkpt lat="51.702900000" lon="5.233940000">
        <ele>2.000</ele>
      </trkpt>
      <trkpt lat="51.702900000" lon="5.233940000">
        <ele>2.000</ele>
      </trkpt>
      <trkpt lat="51.702740000" lon="5.233620000">
        <ele>2.000</ele>
      </trkpt>
      <trkpt lat="51.702410000" lon="5.233090000">
        <ele>3.000</ele>
      </trkpt>
      <trkpt lat="51.702370000" lon="5.233020000">
        <ele>3.000</ele>
      </trkpt>
      <trkpt lat="51.702270000" lon="5.232910000">
        <ele>3.000</ele>
      </trkpt>
      <trkpt lat="51.701780000" lon="5.232320000">
        <ele>3.000</ele>
      </trkpt>
      <trkpt lat="51.701160000" lon="5.231630000">
        <ele>4.000</ele>
      </trkpt>
      <trkpt lat="51.700970000" lon="5.231420000">
        <ele>4.000</ele>
      </trkpt>
      <trkpt lat="51.700840000" lon="5.231150000">
        <ele>4.000</ele>
      </trkpt>
      <trkpt lat="51.700750000" lon="5.230700000">
        <ele>4.000</ele>
      </trkpt>
      <trkpt lat="51.700590000" lon="5.230200000">
        <ele>4.000</ele>
      </trkpt>
      <trkpt lat="51.700390000" lon="5.229760000">
        <ele>4.000</ele>
      </trkpt>
      <trkpt lat="51.699910000" lon="5.229070000">
        <ele>4.000</ele>
      </trkpt>
      <trkpt lat="51.699230000" lon="5.228080000">
        <ele>4.000</ele>
      </trkpt>
      <trkpt lat="51.699160000" lon="5.227980000">
        <ele>4.000</ele>
      </trkpt>
      <trkpt lat="51.699160000" lon="5.227980000">
        <ele>5.000</ele>
      </trkpt>
      <trkpt lat="51.699070000" lon="5.227840000">
        <ele>5.000</ele>
      </trkpt>
      <trkpt lat="51.698910000" lon="5.227600000">
        <ele>5.000</ele>
      </trkpt>
      <trkpt lat="51.698910000" lon="5.227600000">
        <ele>5.000</ele>
      </trkpt>
      <trkpt lat="51.698680000" lon="5.227850000">
        <ele>5.000</ele>
      </trkpt>
      <trkpt lat="51.698450000" lon="5.228110000">
        <ele>5.000</ele>
      </trkpt>
      <trkpt lat="51.698330000" lon="5.228200000">
        <ele>5.000</ele>
      </trkpt>
      <trkpt lat="51.698280000" lon="5.228230000">
        <ele>5.000</ele>
      </trkpt>
      <trkpt lat="51.697950000" lon="5.228450000">
        <ele>6.000</ele>
      </trkpt>
      <trkpt lat="51.697720000" lon="5.228600000">
        <ele>6.000</ele>
      </trkpt>
      <trkpt lat="51.697360000" lon="5.228750000">
        <ele>6.000</ele>
      </trkpt>
      <trkpt lat="51.697360000" lon="5.228750000">
        <ele>6.000</ele>
      </trkpt>
      <trkpt lat="51.697020000" lon="5.228580000">
        <ele>6.000</ele>
      </trkpt>
      <trkpt lat="51.696670000" lon="5.228410000">
        <ele>7.000</ele>
      </trkpt>
      <trkpt lat="51.696510000" lon="5.228330000">
        <ele>7.000</ele>
      </trkpt>
      <trkpt lat="51.696350000" lon="5.228260000">
        <ele>7.000</ele>
      </trkpt>
      <trkpt lat="51.696090000" lon="5.228180000">
        <ele>7.000</ele>
      </trkpt>
      <trkpt lat="51.695840000" lon="5.228100000">
        <ele>7.000</ele>
      </trkpt>
      <trkpt lat="51.695610000" lon="5.228030000">
        <ele>7.000</ele>
      </trkpt>
      <trkpt lat="51.695550000" lon="5.228020000">
        <ele>7.000</ele>
      </trkpt>
      <trkpt lat="51.695510000" lon="5.227980000">
        <ele>7.000</ele>
      </trkpt>
      <trkpt lat="51.695480000" lon="5.227930000">
        <ele>7.000</ele>
      </trkpt>
      <trkpt lat="51.695460000" lon="5.227870000">
        <ele>7.000</ele>
      </trkpt>
      <trkpt lat="51.695230000" lon="5.227400000">
        <ele>7.000</ele>
      </trkpt>
      <trkpt lat="51.695170000" lon="5.227320000">
        <ele>7.000</ele>
      </trkpt>
      <trkpt lat="51.695110000" lon="5.227270000">
        <ele>7.000</ele>
      </trkpt>
      <trkpt lat="51.695080000" lon="5.227240000">
        <ele>7.000</ele>
      </trkpt>
      <trkpt lat="51.695040000" lon="5.227230000">
        <ele>7.000</ele>
      </trkpt>
      <trkpt lat="51.694970000" lon="5.227210000">
        <ele>7.000</ele>
      </trkpt>
      <trkpt lat="51.694890000" lon="5.227190000">
        <ele>7.000</ele>
      </trkpt>
      <trkpt lat="51.694750000" lon="5.227170000">
        <ele>7.000</ele>
      </trkpt>
      <trkpt lat="51.694720000" lon="5.227170000">
        <ele>7.000</ele>
      </trkpt>
      <trkpt lat="51.694680000" lon="5.227170000">
        <ele>7.000</ele>
      </trkpt>
      <trkpt lat="51.694330000" lon="5.227030000">
        <ele>7.000</ele>
      </trkpt>
      <trkpt lat="51.694250000" lon="5.226990000">
        <ele>7.000</ele>
      </trkpt>
      <trkpt lat="51.694250000" lon="5.226990000">
        <ele>7.000</ele>
      </trkpt>
      <trkpt lat="51.694250000" lon="5.226820000">
        <ele>7.000</ele>
      </trkpt>
      <trkpt lat="51.694240000" lon="5.226660000">
        <ele>7.000</ele>
      </trkpt>
      <trkpt lat="51.694220000" lon="5.226540000">
        <ele>7.000</ele>
      </trkpt>
      <trkpt lat="51.694190000" lon="5.226400000">
        <ele>7.000</ele>
      </trkpt>
      <trkpt lat="51.694140000" lon="5.226170000">
        <ele>7.000</ele>
      </trkpt>
      <trkpt lat="51.694100000" lon="5.225950000">
        <ele>7.000</ele>
      </trkpt>
      <trkpt lat="51.694090000" lon="5.225890000">
        <ele>7.000</ele>
      </trkpt>
      <trkpt lat="51.694090000" lon="5.225890000">
        <ele>7.000</ele>
      </trkpt>
      <trkpt lat="51.694070000" lon="5.225740000">
        <ele>7.000</ele>
      </trkpt>
      <trkpt lat="51.694050000" lon="5.225540000">
        <ele>7.000</ele>
      </trkpt>
      <trkpt lat="51.694040000" lon="5.225350000">
        <ele>7.000</ele>
      </trkpt>
      <trkpt lat="51.694050000" lon="5.225130000">
        <ele>7.000</ele>
      </trkpt>
      <trkpt lat="51.694060000" lon="5.225020000">
        <ele>7.000</ele>
      </trkpt>
      <trkpt lat="51.694120000" lon="5.224670000">
        <ele>7.000</ele>
      </trkpt>
      <trkpt lat="51.694160000" lon="5.224460000">
        <ele>7.000</ele>
      </trkpt>
      <trkpt lat="51.694200000" lon="5.224250000">
        <ele>7.000</ele>
      </trkpt>
      <trkpt lat="51.694300000" lon="5.223760000">
        <ele>7.000</ele>
      </trkpt>
      <trkpt lat="51.694400000" lon="5.223270000">
        <ele>6.000</ele>
      </trkpt>
      <trkpt lat="51.694400000" lon="5.223270000">
        <ele>6.000</ele>
      </trkpt>
      <trkpt lat="51.694440000" lon="5.223030000">
        <ele>6.000</ele>
      </trkpt>
      <trkpt lat="51.694480000" lon="5.222780000">
        <ele>6.000</ele>
      </trkpt>
      <trkpt lat="51.694600000" lon="5.221950000">
        <ele>6.000</ele>
      </trkpt>
      <trkpt lat="51.694720000" lon="5.221120000">
        <ele>6.000</ele>
      </trkpt>
      <trkpt lat="51.694830000" lon="5.220290000">
        <ele>6.000</ele>
      </trkpt>
      <trkpt lat="51.694950000" lon="5.219460000">
        <ele>6.000</ele>
      </trkpt>
      <trkpt lat="51.694990000" lon="5.219300000">
        <ele>6.000</ele>
      </trkpt>
      <trkpt lat="51.695020000" lon="5.219140000">
        <ele>5.000</ele>
      </trkpt>
      <trkpt lat="51.695020000" lon="5.219140000">
        <ele>5.000</ele>
      </trkpt>
      <trkpt lat="51.695050000" lon="5.219140000">
        <ele>5.000</ele>
      </trkpt>
      <trkpt lat="51.695070000" lon="5.219130000">
        <ele>5.000</ele>
      </trkpt>
      <trkpt lat="51.695090000" lon="5.219120000">
        <ele>5.000</ele>
      </trkpt>
      <trkpt lat="51.695100000" lon="5.219100000">
        <ele>5.000</ele>
      </trkpt>
      <trkpt lat="51.695120000" lon="5.219070000">
        <ele>5.000</ele>
      </trkpt>
      <trkpt lat="51.695130000" lon="5.219040000">
        <ele>5.000</ele>
      </trkpt>
      <trkpt lat="51.695130000" lon="5.219000000">
        <ele>5.000</ele>
      </trkpt>
      <trkpt lat="51.695320000" lon="5.218950000">
        <ele>5.000</ele>
      </trkpt>
      <trkpt lat="51.695340000" lon="5.218950000">
        <ele>5.000</ele>
      </trkpt>
      <trkpt lat="51.695870000" lon="5.218930000">
        <ele>5.000</ele>
      </trkpt>
      <trkpt lat="51.695870000" lon="5.218930000">
        <ele>5.000</ele>
      </trkpt>
      <trkpt lat="51.696370000" lon="5.218930000">
        <ele>5.000</ele>
      </trkpt>
      <trkpt lat="51.696430000" lon="5.218920000">
        <ele>5.000</ele>
      </trkpt>
      <trkpt lat="51.696500000" lon="5.218900000">
        <ele>5.000</ele>
      </trkpt>
      <trkpt lat="51.696560000" lon="5.218890000">
        <ele>5.000</ele>
      </trkpt>
      <trkpt lat="51.696620000" lon="5.218870000">
        <ele>4.000</ele>
      </trkpt>
      <trkpt lat="51.696710000" lon="5.218820000">
        <ele>4.000</ele>
      </trkpt>
      <trkpt lat="51.696780000" lon="5.218720000">
        <ele>4.000</ele>
      </trkpt>
      <trkpt lat="51.696810000" lon="5.218700000">
        <ele>4.000</ele>
      </trkpt>
      <trkpt lat="51.696960000" lon="5.218570000">
        <ele>4.000</ele>
      </trkpt>
      <trkpt lat="51.697330000" lon="5.218250000">
        <ele>4.000</ele>
      </trkpt>
      <trkpt lat="51.697420000" lon="5.218180000">
        <ele>4.000</ele>
      </trkpt>
      <trkpt lat="51.697490000" lon="5.218120000">
        <ele>4.000</ele>
      </trkpt>
      <trkpt lat="51.697520000" lon="5.218070000">
        <ele>4.000</ele>
      </trkpt>
      <trkpt lat="51.697600000" lon="5.217970000">
        <ele>4.000</ele>
      </trkpt>
      <trkpt lat="51.697670000" lon="5.217900000">
        <ele>4.000</ele>
      </trkpt>
      <trkpt lat="51.697690000" lon="5.217860000">
        <ele>4.000</ele>
      </trkpt>
      <trkpt lat="51.697830000" lon="5.217650000">
        <ele>4.000</ele>
      </trkpt>
      <trkpt lat="51.697830000" lon="5.217650000">
        <ele>4.000</ele>
      </trkpt>
      <trkpt lat="51.697980000" lon="5.217440000">
        <ele>4.000</ele>
      </trkpt>
      <trkpt lat="51.698030000" lon="5.217400000">
        <ele>4.000</ele>
      </trkpt>
      <trkpt lat="51.698060000" lon="5.217340000">
        <ele>4.000</ele>
      </trkpt>
      <trkpt lat="51.698100000" lon="5.217300000">
        <ele>4.000</ele>
      </trkpt>
      <trkpt lat="51.698750000" lon="5.217090000">
        <ele>4.000</ele>
      </trkpt>
      <trkpt lat="51.699400000" lon="5.216880000">
        <ele>4.000</ele>
      </trkpt>
      <trkpt lat="51.699940000" lon="5.216690000">
        <ele>4.000</ele>
      </trkpt>
      <trkpt lat="51.700290000" lon="5.216550000">
        <ele>3.000</ele>
      </trkpt>
      <trkpt lat="51.700350000" lon="5.216520000">
        <ele>3.000</ele>
      </trkpt>
      <trkpt lat="51.700400000" lon="5.216490000">
        <ele>3.000</ele>
      </trkpt>
      <trkpt lat="51.700530000" lon="5.216420000">
        <ele>3.000</ele>
      </trkpt>
      <trkpt lat="51.701530000" lon="5.215660000">
        <ele>3.000</ele>
      </trkpt>
      <trkpt lat="51.701720000" lon="5.215480000">
        <ele>3.000</ele>
      </trkpt>
      <trkpt lat="51.701830000" lon="5.215340000">
        <ele>3.000</ele>
      </trkpt>
      <trkpt lat="51.701910000" lon="5.215200000">
        <ele>3.000</ele>
      </trkpt>
      <trkpt lat="51.702000000" lon="5.215010000">
        <ele>2.000</ele>
      </trkpt>
      <trkpt lat="51.702140000" lon="5.214570000">
        <ele>2.000</ele>
      </trkpt>
      <trkpt lat="51.702230000" lon="5.214340000">
        <ele>2.000</ele>
      </trkpt>
      <trkpt lat="51.702320000" lon="5.214120000">
        <ele>2.000</ele>
      </trkpt>
      <trkpt lat="51.702380000" lon="5.213830000">
        <ele>2.000</ele>
      </trkpt>
      <trkpt lat="51.702490000" lon="5.213240000">
        <ele>2.000</ele>
      </trkpt>
      <trkpt lat="51.702520000" lon="5.213160000">
        <ele>2.000</ele>
      </trkpt>
      <trkpt lat="51.702600000" lon="5.212930000">
        <ele>2.000</ele>
      </trkpt>
      <trkpt lat="51.702620000" lon="5.212950000">
        <ele>2.000</ele>
      </trkpt>
      <trkpt lat="51.702630000" lon="5.212950000">
        <ele>2.000</ele>
      </trkpt>
      <trkpt lat="51.702650000" lon="5.212960000">
        <ele>2.000</ele>
      </trkpt>
      <trkpt lat="51.702670000" lon="5.212960000">
        <ele>2.000</ele>
      </trkpt>
      <trkpt lat="51.702680000" lon="5.212960000">
        <ele>2.000</ele>
      </trkpt>
      <trkpt lat="51.702700000" lon="5.212950000">
        <ele>2.000</ele>
      </trkpt>
      <trkpt lat="51.702710000" lon="5.212940000">
        <ele>2.000</ele>
      </trkpt>
      <trkpt lat="51.702720000" lon="5.212920000">
        <ele>2.000</ele>
      </trkpt>
      <trkpt lat="51.702730000" lon="5.212900000">
        <ele>2.000</ele>
      </trkpt>
      <trkpt lat="51.702740000" lon="5.212880000">
        <ele>2.000</ele>
      </trkpt>
      <trkpt lat="51.702740000" lon="5.212840000">
        <ele>2.000</ele>
      </trkpt>
      <trkpt lat="51.702750000" lon="5.212810000">
        <ele>2.000</ele>
      </trkpt>
      <trkpt lat="51.702740000" lon="5.212780000">
        <ele>2.000</ele>
      </trkpt>
      <trkpt lat="51.702740000" lon="5.212750000">
        <ele>2.000</ele>
      </trkpt>
      <trkpt lat="51.702730000" lon="5.212730000">
        <ele>2.000</ele>
      </trkpt>
      <trkpt lat="51.702720000" lon="5.212710000">
        <ele>2.000</ele>
      </trkpt>
      <trkpt lat="51.702710000" lon="5.212690000">
        <ele>2.000</ele>
      </trkpt>
      <trkpt lat="51.702820000" lon="5.212390000">
        <ele>2.000</ele>
      </trkpt>
      <trkpt lat="51.702950000" lon="5.212100000">
        <ele>2.000</ele>
      </trkpt>
      <trkpt lat="51.703090000" lon="5.211820000">
        <ele>2.000</ele>
      </trkpt>
      <trkpt lat="51.703360000" lon="5.211330000">
        <ele>2.000</ele>
      </trkpt>
      <trkpt lat="51.703440000" lon="5.211180000">
        <ele>2.000</ele>
      </trkpt>
      <trkpt lat="51.703530000" lon="5.211020000">
        <ele>2.000</ele>
      </trkpt>
      <trkpt lat="51.703640000" lon="5.210810000">
        <ele>2.000</ele>
      </trkpt>
      <trkpt lat="51.703760000" lon="5.210600000">
        <ele>2.000</ele>
      </trkpt>
      <trkpt lat="51.704340000" lon="5.209670000">
        <ele>2.000</ele>
      </trkpt>
      <trkpt lat="51.705740000" lon="5.207380000">
        <ele>2.000</ele>
      </trkpt>
      <trkpt lat="51.706170000" lon="5.206720000">
        <ele>2.000</ele>
      </trkpt>
      <trkpt lat="51.706590000" lon="5.206060000">
        <ele>2.000</ele>
      </trkpt>
      <trkpt lat="51.707290000" lon="5.205090000">
        <ele>3.000</ele>
      </trkpt>
      <trkpt lat="51.707710000" lon="5.204470000">
        <ele>3.000</ele>
      </trkpt>
      <trkpt lat="51.707930000" lon="5.204150000">
        <ele>3.000</ele>
      </trkpt>
      <trkpt lat="51.707940000" lon="5.204130000">
        <ele>4.000</ele>
      </trkpt>
      <trkpt lat="51.708330000" lon="5.203560000">
        <ele>4.000</ele>
      </trkpt>
      <trkpt lat="51.708580000" lon="5.203170000">
        <ele>4.000</ele>
      </trkpt>
      <trkpt lat="51.708730000" lon="5.202980000">
        <ele>4.000</ele>
      </trkpt>
      <trkpt lat="51.708800000" lon="5.202890000">
        <ele>4.000</ele>
      </trkpt>
      <trkpt lat="51.709240000" lon="5.202380000">
        <ele>4.000</ele>
      </trkpt>
      <trkpt lat="51.709750000" lon="5.201820000">
        <ele>4.000</ele>
      </trkpt>
      <trkpt lat="51.710020000" lon="5.201490000">
        <ele>4.000</ele>
      </trkpt>
      <trkpt lat="51.710350000" lon="5.201030000">
        <ele>4.000</ele>
      </trkpt>
      <trkpt lat="51.710350000" lon="5.201030000">
        <ele>4.000</ele>
      </trkpt>
      <trkpt lat="51.710320000" lon="5.200970000">
        <ele>4.000</ele>
      </trkpt>
      <trkpt lat="51.710310000" lon="5.200920000">
        <ele>4.000</ele>
      </trkpt>
      <trkpt lat="51.710290000" lon="5.200830000">
        <ele>4.000</ele>
      </trkpt>
      <trkpt lat="51.710270000" lon="5.200680000">
        <ele>4.000</ele>
      </trkpt>
      <trkpt lat="51.710270000" lon="5.200680000">
        <ele>4.000</ele>
      </trkpt>
      <trkpt lat="51.710250000" lon="5.200520000">
        <ele>4.000</ele>
      </trkpt>
      <trkpt lat="51.710200000" lon="5.200110000">
        <ele>4.000</ele>
      </trkpt>
      <trkpt lat="51.710120000" lon="5.199630000">
        <ele>4.000</ele>
      </trkpt>
      <trkpt lat="51.710040000" lon="5.199140000">
        <ele>4.000</ele>
      </trkpt>
      <trkpt lat="51.710000000" lon="5.198890000">
        <ele>4.000</ele>
      </trkpt>
      <trkpt lat="51.709970000" lon="5.198640000">
        <ele>4.000</ele>
      </trkpt>
      <trkpt lat="51.709930000" lon="5.198290000">
        <ele>4.000</ele>
      </trkpt>
      <trkpt lat="51.709890000" lon="5.197930000">
        <ele>4.000</ele>
      </trkpt>
      <trkpt lat="51.709850000" lon="5.197680000">
        <ele>3.000</ele>
      </trkpt>
      <trkpt lat="51.709810000" lon="5.197430000">
        <ele>3.000</ele>
      </trkpt>
      <trkpt lat="51.709770000" lon="5.197120000">
        <ele>3.000</ele>
      </trkpt>
      <trkpt lat="51.709740000" lon="5.196810000">
        <ele>3.000</ele>
      </trkpt>
      <trkpt lat="51.709580000" lon="5.195580000">
        <ele>3.000</ele>
      </trkpt>
      <trkpt lat="51.709510000" lon="5.195050000">
        <ele>3.000</ele>
      </trkpt>
      <trkpt lat="51.709400000" lon="5.194190000">
        <ele>3.000</ele>
      </trkpt>
      <trkpt lat="51.709370000" lon="5.194010000">
        <ele>3.000</ele>
      </trkpt>
      <trkpt lat="51.709340000" lon="5.193760000">
        <ele>3.000</ele>
      </trkpt>
      <trkpt lat="51.709300000" lon="5.193500000">
        <ele>3.000</ele>
      </trkpt>
      <trkpt lat="51.709160000" lon="5.192520000">
        <ele>3.000</ele>
      </trkpt>
      <trkpt lat="51.709030000" lon="5.191550000">
        <ele>4.000</ele>
      </trkpt>
      <trkpt lat="51.709000000" lon="5.191390000">
        <ele>4.000</ele>
      </trkpt>
      <trkpt lat="51.708980000" lon="5.191230000">
        <ele>4.000</ele>
      </trkpt>
      <trkpt lat="51.708870000" lon="5.190440000">
        <ele>4.000</ele>
      </trkpt>
      <trkpt lat="51.708630000" lon="5.188860000">
        <ele>4.000</ele>
      </trkpt>
      <trkpt lat="51.708540000" lon="5.188260000">
        <ele>3.000</ele>
      </trkpt>
      <trkpt lat="51.708500000" lon="5.187990000">
        <ele>3.000</ele>
      </trkpt>
      <trkpt lat="51.708500000" lon="5.187980000">
        <ele>3.000</ele>
      </trkpt>
      <trkpt lat="51.708380000" lon="5.187130000">
        <ele>3.000</ele>
      </trkpt>
      <trkpt lat="51.708270000" lon="5.186340000">
        <ele>3.000</ele>
      </trkpt>
      <trkpt lat="51.708160000" lon="5.185550000">
        <ele>3.000</ele>
      </trkpt>
      <trkpt lat="51.708140000" lon="5.185450000">
        <ele>3.000</ele>
      </trkpt>
      <trkpt lat="51.708110000" lon="5.185350000">
        <ele>3.000</ele>
      </trkpt>
      <trkpt lat="51.707950000" lon="5.185020000">
        <ele>3.000</ele>
      </trkpt>
      <trkpt lat="51.707910000" lon="5.184870000">
        <ele>3.000</ele>
      </trkpt>
      <trkpt lat="51.707840000" lon="5.184600000">
        <ele>3.000</ele>
      </trkpt>
      <trkpt lat="51.707820000" lon="5.184380000">
        <ele>3.000</ele>
      </trkpt>
      <trkpt lat="51.707820000" lon="5.184380000">
        <ele>3.000</ele>
      </trkpt>
      <trkpt lat="51.707830000" lon="5.184370000">
        <ele>3.000</ele>
      </trkpt>
      <trkpt lat="51.707850000" lon="5.184350000">
        <ele>3.000</ele>
      </trkpt>
      <trkpt lat="51.707860000" lon="5.184340000">
        <ele>3.000</ele>
      </trkpt>
      <trkpt lat="51.707870000" lon="5.184310000">
        <ele>3.000</ele>
      </trkpt>
      <trkpt lat="51.707880000" lon="5.184290000">
        <ele>3.000</ele>
      </trkpt>
      <trkpt lat="51.707880000" lon="5.184270000">
        <ele>3.000</ele>
      </trkpt>
      <trkpt lat="51.707890000" lon="5.184240000">
        <ele>3.000</ele>
      </trkpt>
      <trkpt lat="51.707930000" lon="5.184240000">
        <ele>3.000</ele>
      </trkpt>
      <trkpt lat="51.707970000" lon="5.184240000">
        <ele>3.000</ele>
      </trkpt>
      <trkpt lat="51.707990000" lon="5.184230000">
        <ele>3.000</ele>
      </trkpt>
      <trkpt lat="51.708060000" lon="5.184210000">
        <ele>3.000</ele>
      </trkpt>
      <trkpt lat="51.708070000" lon="5.184200000">
        <ele>3.000</ele>
      </trkpt>
      <trkpt lat="51.708120000" lon="5.184180000">
        <ele>3.000</ele>
      </trkpt>
      <trkpt lat="51.708460000" lon="5.184060000">
        <ele>3.000</ele>
      </trkpt>
      <trkpt lat="51.708760000" lon="5.183950000">
        <ele>3.000</ele>
      </trkpt>
      <trkpt lat="51.708840000" lon="5.183920000">
        <ele>3.000</ele>
      </trkpt>
      <trkpt lat="51.708840000" lon="5.183920000">
        <ele>3.000</ele>
      </trkpt>
      <trkpt lat="51.709520000" lon="5.183700000">
        <ele>3.000</ele>
      </trkpt>
      <trkpt lat="51.709550000" lon="5.183680000">
        <ele>2.000</ele>
      </trkpt>
      <trkpt lat="51.709910000" lon="5.183570000">
        <ele>2.000</ele>
      </trkpt>
      <trkpt lat="51.710970000" lon="5.183240000">
        <ele>2.000</ele>
      </trkpt>
      <trkpt lat="51.712120000" lon="5.182880000">
        <ele>2.000</ele>
      </trkpt>
      <trkpt lat="51.713180000" lon="5.182550000">
        <ele>2.000</ele>
      </trkpt>
      <trkpt lat="51.714370000" lon="5.182180000">
        <ele>1.000</ele>
      </trkpt>
      <trkpt lat="51.714420000" lon="5.182160000">
        <ele>1.000</ele>
      </trkpt>
      <trkpt lat="51.715660000" lon="5.181780000">
        <ele>1.000</ele>
      </trkpt>
      <trkpt lat="51.716010000" lon="5.181670000">
        <ele>1.000</ele>
      </trkpt>
      <trkpt lat="51.716180000" lon="5.181620000">
        <ele>1.000</ele>
      </trkpt>
      <trkpt lat="51.717270000" lon="5.181290000">
        <ele>1.000</ele>
      </trkpt>
      <trkpt lat="51.718150000" lon="5.181020000">
        <ele>1.000</ele>
      </trkpt>
      <trkpt lat="51.718860000" lon="5.180800000">
        <ele>1.000</ele>
      </trkpt>
      <trkpt lat="51.720060000" lon="5.180420000">
        <ele>1.000</ele>
      </trkpt>
      <trkpt lat="51.720060000" lon="5.180420000">
        <ele>1.000</ele>
      </trkpt>
      <trkpt lat="51.720440000" lon="5.180300000">
        <ele>1.000</ele>
      </trkpt>
      <trkpt lat="51.720440000" lon="5.180300000">
        <ele>1.000</ele>
      </trkpt>
      <trkpt lat="51.722210000" lon="5.179740000">
        <ele>1.000</ele>
      </trkpt>
      <trkpt lat="51.722910000" lon="5.179520000">
        <ele>1.000</ele>
      </trkpt>
      <trkpt lat="51.723610000" lon="5.179300000">
        <ele>1.000</ele>
      </trkpt>
      <trkpt lat="51.724240000" lon="5.179080000">
        <ele>1.000</ele>
      </trkpt>
      <trkpt lat="51.724560000" lon="5.178950000">
        <ele>1.000</ele>
      </trkpt>
      <trkpt lat="51.724690000" lon="5.178870000">
        <ele>1.000</ele>
      </trkpt>
      <trkpt lat="51.724810000" lon="5.178790000">
        <ele>1.000</ele>
      </trkpt>
      <trkpt lat="51.725190000" lon="5.178450000">
        <ele>1.000</ele>
      </trkpt>
      <trkpt lat="51.725410000" lon="5.178190000">
        <ele>1.000</ele>
      </trkpt>
      <trkpt lat="51.725680000" lon="5.177830000">
        <ele>1.000</ele>
      </trkpt>
      <trkpt lat="51.726090000" lon="5.177190000">
        <ele>1.000</ele>
      </trkpt>
      <trkpt lat="51.726140000" lon="5.177100000">
        <ele>1.000</ele>
      </trkpt>
      <trkpt lat="51.726220000" lon="5.176980000">
        <ele>1.000</ele>
      </trkpt>
      <trkpt lat="51.727130000" lon="5.175580000">
        <ele>1.000</ele>
      </trkpt>
      <trkpt lat="51.727780000" lon="5.174570000">
        <ele>1.000</ele>
      </trkpt>
      <trkpt lat="51.727810000" lon="5.174540000">
        <ele>1.000</ele>
      </trkpt>
      <trkpt lat="51.728280000" lon="5.173850000">
        <ele>1.000</ele>
      </trkpt>
      <trkpt lat="51.728820000" lon="5.172960000">
        <ele>1.000</ele>
      </trkpt>
      <trkpt lat="51.728930000" lon="5.172780000">
        <ele>1.000</ele>
      </trkpt>
      <trkpt lat="51.728950000" lon="5.172750000">
        <ele>1.000</ele>
      </trkpt>
      <trkpt lat="51.729580000" lon="5.171720000">
        <ele>1.000</ele>
      </trkpt>
      <trkpt lat="51.729710000" lon="5.171480000">
        <ele>1.000</ele>
      </trkpt>
      <trkpt lat="51.729750000" lon="5.171380000">
        <ele>1.000</ele>
      </trkpt>
      <trkpt lat="51.729880000" lon="5.171040000">
        <ele>1.000</ele>
      </trkpt>
      <trkpt lat="51.729880000" lon="5.171020000">
        <ele>1.000</ele>
      </trkpt>
      <trkpt lat="51.729960000" lon="5.170740000">
        <ele>1.000</ele>
      </trkpt>
      <trkpt lat="51.730000000" lon="5.170560000">
        <ele>1.000</ele>
      </trkpt>
      <trkpt lat="51.730090000" lon="5.170150000">
        <ele>1.000</ele>
      </trkpt>
      <trkpt lat="51.730140000" lon="5.169790000">
        <ele>1.000</ele>
      </trkpt>
      <trkpt lat="51.730170000" lon="5.169560000">
        <ele>1.000</ele>
      </trkpt>
      <trkpt lat="51.730180000" lon="5.169370000">
        <ele>1.000</ele>
      </trkpt>
      <trkpt lat="51.730180000" lon="5.169220000">
        <ele>1.000</ele>
      </trkpt>
      <trkpt lat="51.730260000" lon="5.166470000">
        <ele>1.000</ele>
      </trkpt>
      <trkpt lat="51.730290000" lon="5.165310000">
        <ele>1.000</ele>
      </trkpt>
      <trkpt lat="51.730320000" lon="5.163990000">
        <ele>1.000</ele>
      </trkpt>
      <trkpt lat="51.730330000" lon="5.163860000">
        <ele>1.000</ele>
      </trkpt>
      <trkpt lat="51.730370000" lon="5.162850000">
        <ele>1.000</ele>
      </trkpt>
      <trkpt lat="51.730520000" lon="5.162020000">
        <ele>1.000</ele>
      </trkpt>
      <trkpt lat="51.730590000" lon="5.161800000">
        <ele>1.000</ele>
      </trkpt>
      <trkpt lat="51.730780000" lon="5.161180000">
        <ele>1.000</ele>
      </trkpt>
      <trkpt lat="51.731190000" lon="5.160140000">
        <ele>1.000</ele>
      </trkpt>
      <trkpt lat="51.731420000" lon="5.159550000">
        <ele>1.000</ele>
      </trkpt>
      <trkpt lat="51.731650000" lon="5.158950000">
        <ele>1.000</ele>
      </trkpt>
      <trkpt lat="51.731750000" lon="5.158480000">
        <ele>1.000</ele>
      </trkpt>
      <trkpt lat="51.731780000" lon="5.158190000">
        <ele>1.000</ele>
      </trkpt>
      <trkpt lat="51.731770000" lon="5.157730000">
        <ele>1.000</ele>
      </trkpt>
      <trkpt lat="51.731770000" lon="5.157730000">
        <ele>1.000</ele>
      </trkpt>
      <trkpt lat="51.731800000" lon="5.157720000">
        <ele>1.000</ele>
      </trkpt>
      <trkpt lat="51.731820000" lon="5.157710000">
        <ele>1.000</ele>
      </trkpt>
      <trkpt lat="51.731840000" lon="5.157690000">
        <ele>1.000</ele>
      </trkpt>
      <trkpt lat="51.731850000" lon="5.157660000">
        <ele>1.000</ele>
      </trkpt>
      <trkpt lat="51.731860000" lon="5.157630000">
        <ele>1.000</ele>
      </trkpt>
      <trkpt lat="51.731860000" lon="5.157590000">
        <ele>1.000</ele>
      </trkpt>
      <trkpt lat="51.731860000" lon="5.157560000">
        <ele>1.000</ele>
      </trkpt>
      <trkpt lat="51.731850000" lon="5.157540000">
        <ele>1.000</ele>
      </trkpt>
      <trkpt lat="51.731850000" lon="5.157500000">
        <ele>1.000</ele>
      </trkpt>
      <trkpt lat="51.731830000" lon="5.157480000">
        <ele>1.000</ele>
      </trkpt>
      <trkpt lat="51.731820000" lon="5.157460000">
        <ele>1.000</ele>
      </trkpt>
      <trkpt lat="51.731800000" lon="5.157440000">
        <ele>1.000</ele>
      </trkpt>
      <trkpt lat="51.731860000" lon="5.156880000">
        <ele>1.000</ele>
      </trkpt>
      <trkpt lat="51.731880000" lon="5.156790000">
        <ele>1.000</ele>
      </trkpt>
      <trkpt lat="51.731900000" lon="5.156680000">
        <ele>1.000</ele>
      </trkpt>
      <trkpt lat="51.731930000" lon="5.156530000">
        <ele>1.000</ele>
      </trkpt>
      <trkpt lat="51.731960000" lon="5.156460000">
        <ele>1.000</ele>
      </trkpt>
      <trkpt lat="51.732000000" lon="5.156330000">
        <ele>1.000</ele>
      </trkpt>
      <trkpt lat="51.732040000" lon="5.156200000">
        <ele>1.000</ele>
      </trkpt>
      <trkpt lat="51.732260000" lon="5.155650000">
        <ele>1.000</ele>
      </trkpt>
      <trkpt lat="51.732500000" lon="5.155300000">
        <ele>1.000</ele>
      </trkpt>
      <trkpt lat="51.732700000" lon="5.155000000">
        <ele>1.000</ele>
      </trkpt>
      <trkpt lat="51.732780000" lon="5.154900000">
        <ele>1.000</ele>
      </trkpt>
      <trkpt lat="51.732840000" lon="5.154810000">
        <ele>1.000</ele>
      </trkpt>
      <trkpt lat="51.732970000" lon="5.154620000">
        <ele>1.000</ele>
      </trkpt>
      <trkpt lat="51.733340000" lon="5.154120000">
        <ele>1.000</ele>
      </trkpt>
      <trkpt lat="51.733610000" lon="5.153750000">
        <ele>1.000</ele>
      </trkpt>
      <trkpt lat="51.733750000" lon="5.153560000">
        <ele>1.000</ele>
      </trkpt>
      <trkpt lat="51.734020000" lon="5.153210000">
        <ele>1.000</ele>
      </trkpt>
      <trkpt lat="51.734150000" lon="5.152980000">
        <ele>1.000</ele>
      </trkpt>
      <trkpt lat="51.734230000" lon="5.152850000">
        <ele>1.000</ele>
      </trkpt>
      <trkpt lat="51.734330000" lon="5.152610000">
        <ele>1.000</ele>
      </trkpt>
      <trkpt lat="51.734440000" lon="5.152250000">
        <ele>1.000</ele>
      </trkpt>
      <trkpt lat="51.734450000" lon="5.152090000">
        <ele>1.000</ele>
      </trkpt>
      <trkpt lat="51.734460000" lon="5.151920000">
        <ele>1.000</ele>
      </trkpt>
      <trkpt lat="51.734450000" lon="5.151800000">
        <ele>1.000</ele>
      </trkpt>
      <trkpt lat="51.734450000" lon="5.151740000">
        <ele>1.000</ele>
      </trkpt>
      <trkpt lat="51.734450000" lon="5.151660000">
        <ele>1.000</ele>
      </trkpt>
      <trkpt lat="51.734420000" lon="5.151480000">
        <ele>1.000</ele>
      </trkpt>
      <trkpt lat="51.734400000" lon="5.151360000">
        <ele>1.000</ele>
      </trkpt>
      <trkpt lat="51.734350000" lon="5.151170000">
        <ele>1.000</ele>
      </trkpt>
      <trkpt lat="51.734300000" lon="5.151000000">
        <ele>1.000</ele>
      </trkpt>
      <trkpt lat="51.734170000" lon="5.150510000">
        <ele>1.000</ele>
      </trkpt>
      <trkpt lat="51.733910000" lon="5.149660000">
        <ele>1.000</ele>
      </trkpt>
      <trkpt lat="51.733820000" lon="5.149410000">
        <ele>1.000</ele>
      </trkpt>
      <trkpt lat="51.733770000" lon="5.149220000">
        <ele>1.000</ele>
      </trkpt>
      <trkpt lat="51.733640000" lon="5.148860000">
        <ele>1.000</ele>
      </trkpt>
      <trkpt lat="51.733580000" lon="5.148730000">
        <ele>1.000</ele>
      </trkpt>
      <trkpt lat="51.733540000" lon="5.148620000">
        <ele>1.000</ele>
      </trkpt>
      <trkpt lat="51.733450000" lon="5.148420000">
        <ele>1.000</ele>
      </trkpt>
      <trkpt lat="51.733320000" lon="5.148230000">
        <ele>1.000</ele>
      </trkpt>
      <trkpt lat="51.733200000" lon="5.148040000">
        <ele>1.000</ele>
      </trkpt>
      <trkpt lat="51.733140000" lon="5.147870000">
        <ele>1.000</ele>
      </trkpt>
      <trkpt lat="51.733040000" lon="5.147550000">
        <ele>1.000</ele>
      </trkpt>
      <trkpt lat="51.732990000" lon="5.147300000">
        <ele>1.000</ele>
      </trkpt>
      <trkpt lat="51.732970000" lon="5.147110000">
        <ele>1.000</ele>
      </trkpt>
      <trkpt lat="51.732950000" lon="5.146860000">
        <ele>1.000</ele>
      </trkpt>
      <trkpt lat="51.732970000" lon="5.146670000">
        <ele>1.000</ele>
      </trkpt>
      <trkpt lat="51.732990000" lon="5.146490000">
        <ele>1.000</ele>
      </trkpt>
      <trkpt lat="51.733040000" lon="5.146150000">
        <ele>1.000</ele>
      </trkpt>
      <trkpt lat="51.733090000" lon="5.145900000">
        <ele>1.000</ele>
      </trkpt>
      <trkpt lat="51.733160000" lon="5.145640000">
        <ele>1.000</ele>
      </trkpt>
      <trkpt lat="51.733180000" lon="5.145580000">
        <ele>1.000</ele>
      </trkpt>
      <trkpt lat="51.733220000" lon="5.145620000">
        <ele>1.000</ele>
      </trkpt>
      <trkpt lat="51.733330000" lon="5.145300000">
        <ele>1.000</ele>
      </trkpt>
      <trkpt lat="51.733630000" lon="5.144460000">
        <ele>1.000</ele>
      </trkpt>
      <trkpt lat="51.733750000" lon="5.144130000">
        <ele>2.000</ele>
      </trkpt>
      <trkpt lat="51.733870000" lon="5.143920000">
        <ele>2.000</ele>
      </trkpt>
      <trkpt lat="51.733940000" lon="5.143750000">
        <ele>2.000</ele>
      </trkpt>
      <trkpt lat="51.733940000" lon="5.143750000">
        <ele>2.000</ele>
      </trkpt>
      <trkpt lat="51.734120000" lon="5.143390000">
        <ele>2.000</ele>
      </trkpt>
      <trkpt lat="51.734290000" lon="5.142810000">
        <ele>3.000</ele>
      </trkpt>
      <trkpt lat="51.734290000" lon="5.142810000">
        <ele>3.000</ele>
      </trkpt>
      <trkpt lat="51.734280000" lon="5.142760000">
        <ele>3.000</ele>
      </trkpt>
      <trkpt lat="51.734280000" lon="5.142740000">
        <ele>3.000</ele>
      </trkpt>
      <trkpt lat="51.734260000" lon="5.142700000">
        <ele>3.000</ele>
      </trkpt>
      <trkpt lat="51.734250000" lon="5.142680000">
        <ele>3.000</ele>
      </trkpt>
      <trkpt lat="51.734120000" lon="5.142480000">
        <ele>3.000</ele>
      </trkpt>
      <trkpt lat="51.734000000" lon="5.142280000">
        <ele>4.000</ele>
      </trkpt>
      <trkpt lat="51.733750000" lon="5.141890000">
        <ele>4.000</ele>
      </trkpt>
      <trkpt lat="51.733500000" lon="5.141500000">
        <ele>4.000</ele>
      </trkpt>
      <trkpt lat="51.733450000" lon="5.141420000">
        <ele>4.000</ele>
      </trkpt>
      <trkpt lat="51.733390000" lon="5.141340000">
        <ele>4.000</ele>
      </trkpt>
      <trkpt lat="51.733210000" lon="5.141070000">
        <ele>4.000</ele>
      </trkpt>
      <trkpt lat="51.733020000" lon="5.140790000">
        <ele>4.000</ele>
      </trkpt>
      <trkpt lat="51.732970000" lon="5.140720000">
        <ele>4.000</ele>
      </trkpt>
      <trkpt lat="51.732930000" lon="5.140660000">
        <ele>4.000</ele>
      </trkpt>
      <trkpt lat="51.732840000" lon="5.140520000">
        <ele>4.000</ele>
      </trkpt>
      <trkpt lat="51.732640000" lon="5.140180000">
        <ele>4.000</ele>
      </trkpt>
      <trkpt lat="51.732320000" lon="5.139690000">
        <ele>4.000</ele>
      </trkpt>
      <trkpt lat="51.732290000" lon="5.139640000">
        <ele>4.000</ele>
      </trkpt>
      <trkpt lat="51.732260000" lon="5.139560000">
        <ele>4.000</ele>
      </trkpt>
      <trkpt lat="51.732230000" lon="5.139460000">
        <ele>4.000</ele>
      </trkpt>
      <trkpt lat="51.732210000" lon="5.139390000">
        <ele>4.000</ele>
      </trkpt>
      <trkpt lat="51.732190000" lon="5.139310000">
        <ele>4.000</ele>
      </trkpt>
      <trkpt lat="51.732180000" lon="5.139220000">
        <ele>4.000</ele>
      </trkpt>
      <trkpt lat="51.732170000" lon="5.139130000">
        <ele>4.000</ele>
      </trkpt>
      <trkpt lat="51.732160000" lon="5.138890000">
        <ele>4.000</ele>
      </trkpt>
      <trkpt lat="51.732180000" lon="5.138670000">
        <ele>4.000</ele>
      </trkpt>
      <trkpt lat="51.732180000" lon="5.138600000">
        <ele>4.000</ele>
      </trkpt>
      <trkpt lat="51.732200000" lon="5.138470000">
        <ele>4.000</ele>
      </trkpt>
      <trkpt lat="51.732200000" lon="5.138470000">
        <ele>4.000</ele>
      </trkpt>
      <trkpt lat="51.732200000" lon="5.138460000">
        <ele>4.000</ele>
      </trkpt>
      <trkpt lat="51.732210000" lon="5.138400000">
        <ele>4.000</ele>
      </trkpt>
      <trkpt lat="51.732220000" lon="5.138310000">
        <ele>4.000</ele>
      </trkpt>
      <trkpt lat="51.732220000" lon="5.138290000">
        <ele>4.000</ele>
      </trkpt>
      <trkpt lat="51.732220000" lon="5.138280000">
        <ele>4.000</ele>
      </trkpt>
      <trkpt lat="51.732220000" lon="5.138270000">
        <ele>4.000</ele>
      </trkpt>
      <trkpt lat="51.732210000" lon="5.138230000">
        <ele>4.000</ele>
      </trkpt>
      <trkpt lat="51.732200000" lon="5.138180000">
        <ele>4.000</ele>
      </trkpt>
      <trkpt lat="51.732240000" lon="5.137720000">
        <ele>4.000</ele>
      </trkpt>
      <trkpt lat="51.732290000" lon="5.137270000">
        <ele>4.000</ele>
      </trkpt>
      <trkpt lat="51.732350000" lon="5.136840000">
        <ele>4.000</ele>
      </trkpt>
      <trkpt lat="51.732400000" lon="5.136420000">
        <ele>4.000</ele>
      </trkpt>
      <trkpt lat="51.732480000" lon="5.135840000">
        <ele>4.000</ele>
      </trkpt>
      <trkpt lat="51.732640000" lon="5.135130000">
        <ele>4.000</ele>
      </trkpt>
      <trkpt lat="51.732640000" lon="5.135130000">
        <ele>4.000</ele>
      </trkpt>
      <trkpt lat="51.732720000" lon="5.135170000">
        <ele>4.000</ele>
      </trkpt>
      <trkpt lat="51.732810000" lon="5.135210000">
        <ele>5.000</ele>
      </trkpt>
      <trkpt lat="51.732880000" lon="5.135230000">
        <ele>5.000</ele>
      </trkpt>
      <trkpt lat="51.732930000" lon="5.135250000">
        <ele>5.000</ele>
      </trkpt>
      <trkpt lat="51.732930000" lon="5.135250000">
        <ele>5.000</ele>
      </trkpt>
      <trkpt lat="51.732970000" lon="5.135270000">
        <ele>5.000</ele>
      </trkpt>
      <trkpt lat="51.733240000" lon="5.135330000">
        <ele>5.000</ele>
      </trkpt>
      <trkpt lat="51.733260000" lon="5.135330000">
        <ele>5.000</ele>
      </trkpt>
      <trkpt lat="51.733350000" lon="5.135340000">
        <ele>5.000</ele>
      </trkpt>
      <trkpt lat="51.733450000" lon="5.135380000">
        <ele>5.000</ele>
      </trkpt>
      <trkpt lat="51.733590000" lon="5.135490000">
        <ele>5.000</ele>
      </trkpt>
      <trkpt lat="51.733590000" lon="5.135490000">
        <ele>5.000</ele>
      </trkpt>
      <trkpt lat="51.733610000" lon="5.135410000">
        <ele>5.000</ele>
      </trkpt>
      <trkpt lat="51.733670000" lon="5.135240000">
        <ele>5.000</ele>
      </trkpt>
      <trkpt lat="51.733710000" lon="5.135130000">
        <ele>5.000</ele>
      </trkpt>
      <trkpt lat="51.733740000" lon="5.135090000">
        <ele>5.000</ele>
      </trkpt>
      <trkpt lat="51.733760000" lon="5.135060000">
        <ele>5.000</ele>
      </trkpt>
      <trkpt lat="51.733790000" lon="5.135030000">
        <ele>5.000</ele>
      </trkpt>
      <trkpt lat="51.733830000" lon="5.134990000">
        <ele>5.000</ele>
      </trkpt>
      <trkpt lat="51.733980000" lon="5.134920000">
        <ele>4.000</ele>
      </trkpt>
      <trkpt lat="51.734030000" lon="5.134880000">
        <ele>4.000</ele>
      </trkpt>
      <trkpt lat="51.734080000" lon="5.134840000">
        <ele>4.000</ele>
      </trkpt>
      <trkpt lat="51.734120000" lon="5.134810000">
        <ele>4.000</ele>
      </trkpt>
      <trkpt lat="51.734120000" lon="5.134800000">
        <ele>4.000</ele>
      </trkpt>
      <trkpt lat="51.734170000" lon="5.134770000">
        <ele>4.000</ele>
      </trkpt>
      <trkpt lat="51.734210000" lon="5.134740000">
        <ele>4.000</ele>
      </trkpt>
      <trkpt lat="51.734290000" lon="5.134710000">
        <ele>4.000</ele>
      </trkpt>
      <trkpt lat="51.734290000" lon="5.134710000">
        <ele>4.000</ele>
      </trkpt>
      <trkpt lat="51.734340000" lon="5.134630000">
        <ele>4.000</ele>
      </trkpt>
      <trkpt lat="51.734450000" lon="5.134470000">
        <ele>4.000</ele>
      </trkpt>
      <trkpt lat="51.734610000" lon="5.134240000">
        <ele>3.000</ele>
      </trkpt>
      <trkpt lat="51.734470000" lon="5.133770000">
        <ele>3.000</ele>
      </trkpt>
      <trkpt lat="51.734480000" lon="5.133730000">
        <ele>3.000</ele>
      </trkpt>
      <trkpt lat="51.734480000" lon="5.133690000">
        <ele>3.000</ele>
      </trkpt>
      <trkpt lat="51.734670000" lon="5.133390000">
        <ele>3.000</ele>
      </trkpt>
      <trkpt lat="51.734710000" lon="5.133360000">
        <ele>3.000</ele>
      </trkpt>
      <trkpt lat="51.734750000" lon="5.133350000">
        <ele>3.000</ele>
      </trkpt>
      <trkpt lat="51.734920000" lon="5.133320000">
        <ele>3.000</ele>
      </trkpt>
      <trkpt lat="51.734960000" lon="5.133300000">
        <ele>3.000</ele>
      </trkpt>
      <trkpt lat="51.735000000" lon="5.133260000">
        <ele>3.000</ele>
      </trkpt>
      <trkpt lat="51.735040000" lon="5.133170000">
        <ele>3.000</ele>
      </trkpt>
      <trkpt lat="51.735040000" lon="5.133170000">
        <ele>3.000</ele>
      </trkpt>
      <trkpt lat="51.735070000" lon="5.133120000">
        <ele>3.000</ele>
      </trkpt>
      <trkpt lat="51.735100000" lon="5.133050000">
        <ele>3.000</ele>
      </trkpt>
      <trkpt lat="51.735260000" lon="5.132720000">
        <ele>3.000</ele>
      </trkpt>
      <trkpt lat="51.735490000" lon="5.132270000">
        <ele>4.000</ele>
      </trkpt>
      <trkpt lat="51.735600000" lon="5.132040000">
        <ele>4.000</ele>
      </trkpt>
      <trkpt lat="51.735640000" lon="5.131950000">
        <ele>4.000</ele>
      </trkpt>
      <trkpt lat="51.735640000" lon="5.131950000">
        <ele>4.000</ele>
      </trkpt>
      <trkpt lat="51.735690000" lon="5.131670000">
        <ele>4.000</ele>
      </trkpt>
      <trkpt lat="51.735730000" lon="5.131390000">
        <ele>4.000</ele>
      </trkpt>
      <trkpt lat="51.735780000" lon="5.131120000">
        <ele>5.000</ele>
      </trkpt>
      <trkpt lat="51.735780000" lon="5.131110000">
        <ele>5.000</ele>
      </trkpt>
      <trkpt lat="51.735860000" lon="5.130740000">
        <ele>5.000</ele>
      </trkpt>
      <trkpt lat="51.735970000" lon="5.130360000">
        <ele>5.000</ele>
      </trkpt>
      <trkpt lat="51.735990000" lon="5.130300000">
        <ele>5.000</ele>
      </trkpt>
      <trkpt lat="51.736020000" lon="5.130150000">
        <ele>5.000</ele>
      </trkpt>
      <trkpt lat="51.736040000" lon="5.130020000">
        <ele>5.000</ele>
      </trkpt>
      <trkpt lat="51.736050000" lon="5.129950000">
        <ele>6.000</ele>
      </trkpt>
      <trkpt lat="51.736040000" lon="5.129740000">
        <ele>6.000</ele>
      </trkpt>
      <trkpt lat="51.736040000" lon="5.129640000">
        <ele>6.000</ele>
      </trkpt>
      <trkpt lat="51.736020000" lon="5.129160000">
        <ele>6.000</ele>
      </trkpt>
      <trkpt lat="51.736020000" lon="5.129080000">
        <ele>6.000</ele>
      </trkpt>
      <trkpt lat="51.736000000" lon="5.128710000">
        <ele>6.000</ele>
      </trkpt>
      <trkpt lat="51.735930000" lon="5.127840000">
        <ele>6.000</ele>
      </trkpt>
      <trkpt lat="51.735930000" lon="5.127730000">
        <ele>6.000</ele>
      </trkpt>
      <trkpt lat="51.735890000" lon="5.127360000">
        <ele>6.000</ele>
      </trkpt>
      <trkpt lat="51.735890000" lon="5.127360000">
        <ele>6.000</ele>
      </trkpt>
      <trkpt lat="51.735860000" lon="5.126980000">
        <ele>6.000</ele>
      </trkpt>
      <trkpt lat="51.735750000" lon="5.125840000">
        <ele>6.000</ele>
      </trkpt>
      <trkpt lat="51.735710000" lon="5.125550000">
        <ele>6.000</ele>
      </trkpt>
      <trkpt lat="51.735530000" lon="5.124120000">
        <ele>5.000</ele>
      </trkpt>
      <trkpt lat="51.735350000" lon="5.122670000">
        <ele>5.000</ele>
      </trkpt>
      <trkpt lat="51.735300000" lon="5.122430000">
        <ele>4.000</ele>
      </trkpt>
      <trkpt lat="51.735230000" lon="5.122120000">
        <ele>4.000</ele>
      </trkpt>
      <trkpt lat="51.734900000" lon="5.121120000">
        <ele>4.000</ele>
      </trkpt>
      <trkpt lat="51.734770000" lon="5.120700000">
        <ele>4.000</ele>
      </trkpt>
      <trkpt lat="51.734740000" lon="5.120610000">
        <ele>4.000</ele>
      </trkpt>
      <trkpt lat="51.734610000" lon="5.120270000">
        <ele>4.000</ele>
      </trkpt>
      <trkpt lat="51.734540000" lon="5.120130000">
        <ele>4.000</ele>
      </trkpt>
      <trkpt lat="51.734510000" lon="5.120080000">
        <ele>4.000</ele>
      </trkpt>
      <trkpt lat="51.734290000" lon="5.119950000">
        <ele>4.000</ele>
      </trkpt>
      <trkpt lat="51.734210000" lon="5.119980000">
        <ele>4.000</ele>
      </trkpt>
      <trkpt lat="51.734030000" lon="5.120040000">
        <ele>4.000</ele>
      </trkpt>
      <trkpt lat="51.733040000" lon="5.120380000">
        <ele>4.000</ele>
      </trkpt>
      <trkpt lat="51.733040000" lon="5.120380000">
        <ele>3.000</ele>
      </trkpt>
      <trkpt lat="51.732960000" lon="5.120410000">
        <ele>3.000</ele>
      </trkpt>
      <trkpt lat="51.732950000" lon="5.120410000">
        <ele>3.000</ele>
      </trkpt>
      <trkpt lat="51.732780000" lon="5.120470000">
        <ele>3.000</ele>
      </trkpt>
      <trkpt lat="51.732730000" lon="5.120490000">
        <ele>3.000</ele>
      </trkpt>
      <trkpt lat="51.732420000" lon="5.120590000">
        <ele>3.000</ele>
      </trkpt>
      <trkpt lat="51.732190000" lon="5.120680000">
        <ele>3.000</ele>
      </trkpt>
      <trkpt lat="51.731950000" lon="5.120770000">
        <ele>3.000</ele>
      </trkpt>
      <trkpt lat="51.731600000" lon="5.120880000">
        <ele>3.000</ele>
      </trkpt>
      <trkpt lat="51.731420000" lon="5.120940000">
        <ele>3.000</ele>
      </trkpt>
      <trkpt lat="51.731240000" lon="5.121000000">
        <ele>3.000</ele>
      </trkpt>
      <trkpt lat="51.731110000" lon="5.121050000">
        <ele>3.000</ele>
      </trkpt>
      <trkpt lat="51.731070000" lon="5.121060000">
        <ele>3.000</ele>
      </trkpt>
      <trkpt lat="51.730710000" lon="5.121100000">
        <ele>3.000</ele>
      </trkpt>
      <trkpt lat="51.730590000" lon="5.121120000">
        <ele>2.000</ele>
      </trkpt>
      <trkpt lat="51.730580000" lon="5.121080000">
        <ele>2.000</ele>
      </trkpt>
      <trkpt lat="51.730570000" lon="5.121070000">
        <ele>2.000</ele>
      </trkpt>
      <trkpt lat="51.730570000" lon="5.121050000">
        <ele>2.000</ele>
      </trkpt>
      <trkpt lat="51.730560000" lon="5.121030000">
        <ele>2.000</ele>
      </trkpt>
      <trkpt lat="51.730550000" lon="5.121020000">
        <ele>2.000</ele>
      </trkpt>
      <trkpt lat="51.730530000" lon="5.121000000">
        <ele>2.000</ele>
      </trkpt>
      <trkpt lat="51.730520000" lon="5.120990000">
        <ele>2.000</ele>
      </trkpt>
      <trkpt lat="51.730500000" lon="5.120980000">
        <ele>2.000</ele>
      </trkpt>
      <trkpt lat="51.730480000" lon="5.120980000">
        <ele>2.000</ele>
      </trkpt>
      <trkpt lat="51.730450000" lon="5.120980000">
        <ele>2.000</ele>
      </trkpt>
      <trkpt lat="51.730420000" lon="5.121010000">
        <ele>2.000</ele>
      </trkpt>
      <trkpt lat="51.730410000" lon="5.121030000">
        <ele>2.000</ele>
      </trkpt>
      <trkpt lat="51.730400000" lon="5.121050000">
        <ele>2.000</ele>
      </trkpt>
      <trkpt lat="51.730390000" lon="5.121070000">
        <ele>2.000</ele>
      </trkpt>
      <trkpt lat="51.730390000" lon="5.121100000">
        <ele>2.000</ele>
      </trkpt>
      <trkpt lat="51.730380000" lon="5.121140000">
        <ele>2.000</ele>
      </trkpt>
      <trkpt lat="51.730380000" lon="5.121180000">
        <ele>2.000</ele>
      </trkpt>
      <trkpt lat="51.729990000" lon="5.121410000">
        <ele>2.000</ele>
      </trkpt>
      <trkpt lat="51.729710000" lon="5.121540000">
        <ele>2.000</ele>
      </trkpt>
      <trkpt lat="51.729700000" lon="5.121550000">
        <ele>2.000</ele>
      </trkpt>
      <trkpt lat="51.729530000" lon="5.121730000">
        <ele>2.000</ele>
      </trkpt>
      <trkpt lat="51.729400000" lon="5.121980000">
        <ele>2.000</ele>
      </trkpt>
      <trkpt lat="51.729300000" lon="5.122260000">
        <ele>2.000</ele>
      </trkpt>
      <trkpt lat="51.729280000" lon="5.122310000">
        <ele>2.000</ele>
      </trkpt>
      <trkpt lat="51.729240000" lon="5.122370000">
        <ele>2.000</ele>
      </trkpt>
      <trkpt lat="51.729220000" lon="5.122390000">
        <ele>2.000</ele>
      </trkpt>
      <trkpt lat="51.729200000" lon="5.122410000">
        <ele>2.000</ele>
      </trkpt>
      <trkpt lat="51.729110000" lon="5.122480000">
        <ele>2.000</ele>
      </trkpt>
      <trkpt lat="51.729060000" lon="5.122510000">
        <ele>2.000</ele>
      </trkpt>
      <trkpt lat="51.729050000" lon="5.122510000">
        <ele>2.000</ele>
      </trkpt>
      <trkpt lat="51.728950000" lon="5.122520000">
        <ele>2.000</ele>
      </trkpt>
      <trkpt lat="51.728900000" lon="5.122520000">
        <ele>2.000</ele>
      </trkpt>
      <trkpt lat="51.728840000" lon="5.122500000">
        <ele>2.000</ele>
      </trkpt>
      <trkpt lat="51.728790000" lon="5.122480000">
        <ele>2.000</ele>
      </trkpt>
      <trkpt lat="51.728690000" lon="5.122390000">
        <ele>2.000</ele>
      </trkpt>
      <trkpt lat="51.728560000" lon="5.122150000">
        <ele>2.000</ele>
      </trkpt>
      <trkpt lat="51.728560000" lon="5.122150000">
        <ele>2.000</ele>
      </trkpt>
      <trkpt lat="51.728560000" lon="5.122030000">
        <ele>3.000</ele>
      </trkpt>
      <trkpt lat="51.728490000" lon="5.121450000">
        <ele>3.000</ele>
      </trkpt>
      <trkpt lat="51.728490000" lon="5.121450000">
        <ele>3.000</ele>
      </trkpt>
      <trkpt lat="51.728740000" lon="5.121320000">
        <ele>3.000</ele>
      </trkpt>
      <trkpt lat="51.728740000" lon="5.121320000">
        <ele>3.000</ele>
      </trkpt>
      <trkpt lat="51.729290000" lon="5.121030000">
        <ele>4.000</ele>
      </trkpt>
      <trkpt lat="51.729710000" lon="5.120820000">
        <ele>4.000</ele>
      </trkpt>
      <trkpt lat="51.730130000" lon="5.120580000">
        <ele>4.000</ele>
      </trkpt>
      <trkpt lat="51.730190000" lon="5.120540000">
        <ele>4.000</ele>
      </trkpt>
      <trkpt lat="51.730240000" lon="5.120490000">
        <ele>4.000</ele>
      </trkpt>
      <trkpt lat="51.730390000" lon="5.120420000">
        <ele>4.000</ele>
      </trkpt>
      <trkpt lat="51.730530000" lon="5.120350000">
        <ele>4.000</ele>
      </trkpt>
      <trkpt lat="51.730860000" lon="5.120190000">
        <ele>4.000</ele>
      </trkpt>
      <trkpt lat="51.731210000" lon="5.120030000">
        <ele>4.000</ele>
      </trkpt>
      <trkpt lat="51.731400000" lon="5.119960000">
        <ele>5.000</ele>
      </trkpt>
      <trkpt lat="51.731630000" lon="5.119870000">
        <ele>5.000</ele>
      </trkpt>
      <trkpt lat="51.731950000" lon="5.119770000">
        <ele>5.000</ele>
      </trkpt>
      <trkpt lat="51.732260000" lon="5.119690000">
        <ele>6.000</ele>
      </trkpt>
      <trkpt lat="51.732420000" lon="5.119650000">
        <ele>6.000</ele>
      </trkpt>
      <trkpt lat="51.732780000" lon="5.119560000">
        <ele>7.000</ele>
      </trkpt>
      <trkpt lat="51.732950000" lon="5.119510000">
        <ele>7.000</ele>
      </trkpt>
      <trkpt lat="51.733010000" lon="5.119500000">
        <ele>8.000</ele>
      </trkpt>
      <trkpt lat="51.733130000" lon="5.119460000">
        <ele>8.000</ele>
      </trkpt>
      <trkpt lat="51.733330000" lon="5.119400000">
        <ele>8.000</ele>
      </trkpt>
      <trkpt lat="51.733540000" lon="5.119330000">
        <ele>8.000</ele>
      </trkpt>
      <trkpt lat="51.733760000" lon="5.119250000">
        <ele>8.000</ele>
      </trkpt>
      <trkpt lat="51.733970000" lon="5.119160000">
        <ele>7.000</ele>
      </trkpt>
      <trkpt lat="51.734270000" lon="5.119030000">
        <ele>7.000</ele>
      </trkpt>
      <trkpt lat="51.734590000" lon="5.118870000">
        <ele>7.000</ele>
      </trkpt>
      <trkpt lat="51.734780000" lon="5.118780000">
        <ele>6.000</ele>
      </trkpt>
      <trkpt lat="51.734970000" lon="5.118690000">
        <ele>6.000</ele>
      </trkpt>
      <trkpt lat="51.735710000" lon="5.118330000">
        <ele>5.000</ele>
      </trkpt>
      <trkpt lat="51.735810000" lon="5.118280000">
        <ele>4.000</ele>
      </trkpt>
      <trkpt lat="51.736200000" lon="5.118080000">
        <ele>3.000</ele>
      </trkpt>
      <trkpt lat="51.736600000" lon="5.117890000">
        <ele>2.000</ele>
      </trkpt>
      <trkpt lat="51.737720000" lon="5.117340000">
        <ele>2.000</ele>
      </trkpt>
      <trkpt lat="51.737850000" lon="5.117280000">
        <ele>2.000</ele>
      </trkpt>
      <trkpt lat="51.739100000" lon="5.116670000">
        <ele>2.000</ele>
      </trkpt>
      <trkpt lat="51.739470000" lon="5.116490000">
        <ele>2.000</ele>
      </trkpt>
      <trkpt lat="51.739570000" lon="5.116440000">
        <ele>2.000</ele>
      </trkpt>
      <trkpt lat="51.739620000" lon="5.116420000">
        <ele>2.000</ele>
      </trkpt>
      <trkpt lat="51.739790000" lon="5.116340000">
        <ele>2.000</ele>
      </trkpt>
      <trkpt lat="51.739930000" lon="5.116280000">
        <ele>2.000</ele>
      </trkpt>
      <trkpt lat="51.740100000" lon="5.116200000">
        <ele>2.000</ele>
      </trkpt>
      <trkpt lat="51.740310000" lon="5.116110000">
        <ele>2.000</ele>
      </trkpt>
      <trkpt lat="51.740330000" lon="5.116100000">
        <ele>2.000</ele>
      </trkpt>
      <trkpt lat="51.740440000" lon="5.116050000">
        <ele>2.000</ele>
      </trkpt>
      <trkpt lat="51.740520000" lon="5.116020000">
        <ele>2.000</ele>
      </trkpt>
      <trkpt lat="51.740610000" lon="5.115990000">
        <ele>2.000</ele>
      </trkpt>
      <trkpt lat="51.740840000" lon="5.115900000">
        <ele>2.000</ele>
      </trkpt>
      <trkpt lat="51.741080000" lon="5.115810000">
        <ele>3.000</ele>
      </trkpt>
      <trkpt lat="51.741160000" lon="5.115780000">
        <ele>3.000</ele>
      </trkpt>
      <trkpt lat="51.741240000" lon="5.115760000">
        <ele>3.000</ele>
      </trkpt>
      <trkpt lat="51.741570000" lon="5.115650000">
        <ele>3.000</ele>
      </trkpt>
      <trkpt lat="51.741760000" lon="5.115580000">
        <ele>3.000</ele>
      </trkpt>
      <trkpt lat="51.742010000" lon="5.115490000">
        <ele>3.000</ele>
      </trkpt>
      <trkpt lat="51.742270000" lon="5.115390000">
        <ele>4.000</ele>
      </trkpt>
      <trkpt lat="51.742530000" lon="5.115280000">
        <ele>4.000</ele>
      </trkpt>
      <trkpt lat="51.742640000" lon="5.115270000">
        <ele>4.000</ele>
      </trkpt>
      <trkpt lat="51.742790000" lon="5.115200000">
        <ele>4.000</ele>
      </trkpt>
      <trkpt lat="51.742920000" lon="5.115140000">
        <ele>4.000</ele>
      </trkpt>
      <trkpt lat="51.743070000" lon="5.115070000">
        <ele>4.000</ele>
      </trkpt>
      <trkpt lat="51.743290000" lon="5.114980000">
        <ele>4.000</ele>
      </trkpt>
      <trkpt lat="51.743520000" lon="5.114870000">
        <ele>4.000</ele>
      </trkpt>
      <trkpt lat="51.743780000" lon="5.114730000">
        <ele>4.000</ele>
      </trkpt>
      <trkpt lat="51.744120000" lon="5.114550000">
        <ele>3.000</ele>
      </trkpt>
      <trkpt lat="51.744350000" lon="5.114420000">
        <ele>3.000</ele>
      </trkpt>
      <trkpt lat="51.745010000" lon="5.114040000">
        <ele>2.000</ele>
      </trkpt>
      <trkpt lat="51.745670000" lon="5.113660000">
        <ele>2.000</ele>
      </trkpt>
      <trkpt lat="51.745930000" lon="5.113480000">
        <ele>2.000</ele>
      </trkpt>
      <trkpt lat="51.745940000" lon="5.113480000">
        <ele>2.000</ele>
      </trkpt>
      <trkpt lat="51.745940000" lon="5.113490000">
        <ele>2.000</ele>
      </trkpt>
      <trkpt lat="51.745950000" lon="5.113490000">
        <ele>2.000</ele>
      </trkpt>
      <trkpt lat="51.745960000" lon="5.113490000">
        <ele>2.000</ele>
      </trkpt>
      <trkpt lat="51.745970000" lon="5.113490000">
        <ele>2.000</ele>
      </trkpt>
      <trkpt lat="51.745980000" lon="5.113490000">
        <ele>2.000</ele>
      </trkpt>
      <trkpt lat="51.745990000" lon="5.113490000">
        <ele>2.000</ele>
      </trkpt>
      <trkpt lat="51.746000000" lon="5.113490000">
        <ele>2.000</ele>
      </trkpt>
      <trkpt lat="51.746010000" lon="5.113490000">
        <ele>2.000</ele>
      </trkpt>
      <trkpt lat="51.746010000" lon="5.113480000">
        <ele>2.000</ele>
      </trkpt>
      <trkpt lat="51.746020000" lon="5.113480000">
        <ele>2.000</ele>
      </trkpt>
      <trkpt lat="51.746030000" lon="5.113480000">
        <ele>2.000</ele>
      </trkpt>
      <trkpt lat="51.746040000" lon="5.113480000">
        <ele>2.000</ele>
      </trkpt>
      <trkpt lat="51.746040000" lon="5.113470000">
        <ele>2.000</ele>
      </trkpt>
      <trkpt lat="51.746050000" lon="5.113470000">
        <ele>2.000</ele>
      </trkpt>
      <trkpt lat="51.746060000" lon="5.113460000">
        <ele>2.000</ele>
      </trkpt>
      <trkpt lat="51.746070000" lon="5.113450000">
        <ele>2.000</ele>
      </trkpt>
      <trkpt lat="51.746080000" lon="5.113440000">
        <ele>2.000</ele>
      </trkpt>
      <trkpt lat="51.746080000" lon="5.113430000">
        <ele>2.000</ele>
      </trkpt>
      <trkpt lat="51.746090000" lon="5.113420000">
        <ele>2.000</ele>
      </trkpt>
      <trkpt lat="51.746090000" lon="5.113410000">
        <ele>2.000</ele>
      </trkpt>
      <trkpt lat="51.746090000" lon="5.113400000">
        <ele>2.000</ele>
      </trkpt>
      <trkpt lat="51.746100000" lon="5.113400000">
        <ele>2.000</ele>
      </trkpt>
      <trkpt lat="51.746100000" lon="5.113390000">
        <ele>2.000</ele>
      </trkpt>
      <trkpt lat="51.746100000" lon="5.113380000">
        <ele>2.000</ele>
      </trkpt>
      <trkpt lat="51.746100000" lon="5.113370000">
        <ele>2.000</ele>
      </trkpt>
      <trkpt lat="51.746100000" lon="5.113360000">
        <ele>2.000</ele>
      </trkpt>
      <trkpt lat="51.746110000" lon="5.113350000">
        <ele>2.000</ele>
      </trkpt>
      <trkpt lat="51.746350000" lon="5.113220000">
        <ele>2.000</ele>
      </trkpt>
      <trkpt lat="51.746630000" lon="5.113060000">
        <ele>2.000</ele>
      </trkpt>
      <trkpt lat="51.746790000" lon="5.112960000">
        <ele>2.000</ele>
      </trkpt>
      <trkpt lat="51.746840000" lon="5.112920000">
        <ele>1.000</ele>
      </trkpt>
      <trkpt lat="51.746990000" lon="5.112820000">
        <ele>1.000</ele>
      </trkpt>
      <trkpt lat="51.747200000" lon="5.112670000">
        <ele>1.000</ele>
      </trkpt>
      <trkpt lat="51.747360000" lon="5.112540000">
        <ele>1.000</ele>
      </trkpt>
      <trkpt lat="51.747510000" lon="5.112430000">
        <ele>1.000</ele>
      </trkpt>
      <trkpt lat="51.747590000" lon="5.112320000">
        <ele>1.000</ele>
      </trkpt>
      <trkpt lat="51.747740000" lon="5.112220000">
        <ele>1.000</ele>
      </trkpt>
      <trkpt lat="51.747930000" lon="5.112100000">
        <ele>1.000</ele>
      </trkpt>
      <trkpt lat="51.748090000" lon="5.112000000">
        <ele>1.000</ele>
      </trkpt>
      <trkpt lat="51.748240000" lon="5.111910000">
        <ele>1.000</ele>
      </trkpt>
      <trkpt lat="51.748390000" lon="5.111820000">
        <ele>1.000</ele>
      </trkpt>
      <trkpt lat="51.748510000" lon="5.111760000">
        <ele>1.000</ele>
      </trkpt>
      <trkpt lat="51.748760000" lon="5.111640000">
        <ele>1.000</ele>
      </trkpt>
      <trkpt lat="51.748910000" lon="5.111570000">
        <ele>0.000</ele>
      </trkpt>
      <trkpt lat="51.748950000" lon="5.111550000">
        <ele>0.000</ele>
      </trkpt>
      <trkpt lat="51.749280000" lon="5.111400000">
        <ele>0.000</ele>
      </trkpt>
      <trkpt lat="51.749770000" lon="5.111200000">
        <ele>0.000</ele>
      </trkpt>
      <trkpt lat="51.750320000" lon="5.110980000">
        <ele>0.000</ele>
      </trkpt>
      <trkpt lat="51.750650000" lon="5.110850000">
        <ele>0.000</ele>
      </trkpt>
      <trkpt lat="51.751080000" lon="5.110680000">
        <ele>0.000</ele>
      </trkpt>
      <trkpt lat="51.751480000" lon="5.110520000">
        <ele>0.000</ele>
      </trkpt>
      <trkpt lat="51.751700000" lon="5.110430000">
        <ele>0.000</ele>
      </trkpt>
      <trkpt lat="51.751880000" lon="5.110360000">
        <ele>0.000</ele>
      </trkpt>
      <trkpt lat="51.752090000" lon="5.110270000">
        <ele>0.000</ele>
      </trkpt>
      <trkpt lat="51.752400000" lon="5.110150000">
        <ele>0.000</ele>
      </trkpt>
      <trkpt lat="51.752990000" lon="5.109910000">
        <ele>0.000</ele>
      </trkpt>
      <trkpt lat="51.753450000" lon="5.109730000">
        <ele>0.000</ele>
      </trkpt>
      <trkpt lat="51.753770000" lon="5.109600000">
        <ele>0.000</ele>
      </trkpt>
      <trkpt lat="51.753770000" lon="5.109600000">
        <ele>0.000</ele>
      </trkpt>
      <trkpt lat="51.753800000" lon="5.109590000">
        <ele>0.000</ele>
      </trkpt>
      <trkpt lat="51.754400000" lon="5.109350000">
        <ele>0.000</ele>
      </trkpt>
      <trkpt lat="51.754490000" lon="5.109310000">
        <ele>0.000</ele>
      </trkpt>
      <trkpt lat="51.754670000" lon="5.109240000">
        <ele>0.000</ele>
      </trkpt>
      <trkpt lat="51.755200000" lon="5.109030000">
        <ele>1.000</ele>
      </trkpt>
      <trkpt lat="51.756070000" lon="5.108680000">
        <ele>1.000</ele>
      </trkpt>
      <trkpt lat="51.757120000" lon="5.108260000">
        <ele>1.000</ele>
      </trkpt>
      <trkpt lat="51.758110000" lon="5.107870000">
        <ele>1.000</ele>
      </trkpt>
      <trkpt lat="51.758860000" lon="5.107570000">
        <ele>1.000</ele>
      </trkpt>
      <trkpt lat="51.759230000" lon="5.107420000">
        <ele>1.000</ele>
      </trkpt>
      <trkpt lat="51.759730000" lon="5.107220000">
        <ele>1.000</ele>
      </trkpt>
      <trkpt lat="51.760210000" lon="5.107030000">
        <ele>1.000</ele>
      </trkpt>
      <trkpt lat="51.760480000" lon="5.106920000">
        <ele>1.000</ele>
      </trkpt>
      <trkpt lat="51.760770000" lon="5.106800000">
        <ele>1.000</ele>
      </trkpt>
      <trkpt lat="51.761030000" lon="5.106670000">
        <ele>1.000</ele>
      </trkpt>
      <trkpt lat="51.761140000" lon="5.106610000">
        <ele>1.000</ele>
      </trkpt>
      <trkpt lat="51.761280000" lon="5.106540000">
        <ele>1.000</ele>
      </trkpt>
      <trkpt lat="51.761290000" lon="5.106530000">
        <ele>1.000</ele>
      </trkpt>
      <trkpt lat="51.761420000" lon="5.106450000">
        <ele>1.000</ele>
      </trkpt>
      <trkpt lat="51.761610000" lon="5.106340000">
        <ele>1.000</ele>
      </trkpt>
      <trkpt lat="51.761800000" lon="5.106210000">
        <ele>1.000</ele>
      </trkpt>
      <trkpt lat="51.761840000" lon="5.106180000">
        <ele>1.000</ele>
      </trkpt>
      <trkpt lat="51.761980000" lon="5.106080000">
        <ele>1.000</ele>
      </trkpt>
      <trkpt lat="51.762100000" lon="5.106000000">
        <ele>1.000</ele>
      </trkpt>
      <trkpt lat="51.762190000" lon="5.105930000">
        <ele>1.000</ele>
      </trkpt>
      <trkpt lat="51.762280000" lon="5.105870000">
        <ele>1.000</ele>
      </trkpt>
      <trkpt lat="51.762450000" lon="5.105720000">
        <ele>1.000</ele>
      </trkpt>
      <trkpt lat="51.762670000" lon="5.105520000">
        <ele>1.000</ele>
      </trkpt>
      <trkpt lat="51.762740000" lon="5.105460000">
        <ele>1.000</ele>
      </trkpt>
      <trkpt lat="51.762760000" lon="5.105440000">
        <ele>1.000</ele>
      </trkpt>
      <trkpt lat="51.762800000" lon="5.105400000">
        <ele>1.000</ele>
      </trkpt>
      <trkpt lat="51.762930000" lon="5.105270000">
        <ele>1.000</ele>
      </trkpt>
      <trkpt lat="51.763050000" lon="5.105140000">
        <ele>1.000</ele>
      </trkpt>
      <trkpt lat="51.763420000" lon="5.104740000">
        <ele>1.000</ele>
      </trkpt>
      <trkpt lat="51.763640000" lon="5.104460000">
        <ele>1.000</ele>
      </trkpt>
      <trkpt lat="51.763880000" lon="5.104130000">
        <ele>1.000</ele>
      </trkpt>
      <trkpt lat="51.763960000" lon="5.104010000">
        <ele>1.000</ele>
      </trkpt>
      <trkpt lat="51.764020000" lon="5.103930000">
        <ele>1.000</ele>
      </trkpt>
      <trkpt lat="51.764100000" lon="5.103800000">
        <ele>1.000</ele>
      </trkpt>
      <trkpt lat="51.764220000" lon="5.103620000">
        <ele>1.000</ele>
      </trkpt>
      <trkpt lat="51.764290000" lon="5.103500000">
        <ele>1.000</ele>
      </trkpt>
      <trkpt lat="51.764410000" lon="5.103310000">
        <ele>1.000</ele>
      </trkpt>
      <trkpt lat="51.764490000" lon="5.103250000">
        <ele>1.000</ele>
      </trkpt>
      <trkpt lat="51.764720000" lon="5.102910000">
        <ele>1.000</ele>
      </trkpt>
      <trkpt lat="51.764870000" lon="5.102710000">
        <ele>1.000</ele>
      </trkpt>
      <trkpt lat="51.764940000" lon="5.102630000">
        <ele>1.000</ele>
      </trkpt>
      <trkpt lat="51.764950000" lon="5.102640000">
        <ele>1.000</ele>
      </trkpt>
      <trkpt lat="51.764950000" lon="5.102650000">
        <ele>1.000</ele>
      </trkpt>
      <trkpt lat="51.764960000" lon="5.102650000">
        <ele>1.000</ele>
      </trkpt>
      <trkpt lat="51.764970000" lon="5.102660000">
        <ele>1.000</ele>
      </trkpt>
      <trkpt lat="51.764980000" lon="5.102660000">
        <ele>1.000</ele>
      </trkpt>
      <trkpt lat="51.764990000" lon="5.102660000">
        <ele>1.000</ele>
      </trkpt>
      <trkpt lat="51.765000000" lon="5.102670000">
        <ele>1.000</ele>
      </trkpt>
      <trkpt lat="51.765010000" lon="5.102670000">
        <ele>1.000</ele>
      </trkpt>
      <trkpt lat="51.765020000" lon="5.102670000">
        <ele>1.000</ele>
      </trkpt>
      <trkpt lat="51.765030000" lon="5.102660000">
        <ele>1.000</ele>
      </trkpt>
      <trkpt lat="51.765040000" lon="5.102660000">
        <ele>1.000</ele>
      </trkpt>
      <trkpt lat="51.765050000" lon="5.102660000">
        <ele>1.000</ele>
      </trkpt>
      <trkpt lat="51.765060000" lon="5.102650000">
        <ele>1.000</ele>
      </trkpt>
      <trkpt lat="51.765070000" lon="5.102640000">
        <ele>1.000</ele>
      </trkpt>
      <trkpt lat="51.765080000" lon="5.102640000">
        <ele>1.000</ele>
      </trkpt>
      <trkpt lat="51.765090000" lon="5.102630000">
        <ele>1.000</ele>
      </trkpt>
      <trkpt lat="51.765100000" lon="5.102620000">
        <ele>1.000</ele>
      </trkpt>
      <trkpt lat="51.765100000" lon="5.102610000">
        <ele>1.000</ele>
      </trkpt>
      <trkpt lat="51.765110000" lon="5.102600000">
        <ele>1.000</ele>
      </trkpt>
      <trkpt lat="51.765120000" lon="5.102590000">
        <ele>1.000</ele>
      </trkpt>
      <trkpt lat="51.765120000" lon="5.102580000">
        <ele>1.000</ele>
      </trkpt>
      <trkpt lat="51.765130000" lon="5.102570000">
        <ele>1.000</ele>
      </trkpt>
      <trkpt lat="51.765130000" lon="5.102560000">
        <ele>1.000</ele>
      </trkpt>
      <trkpt lat="51.765140000" lon="5.102530000">
        <ele>1.000</ele>
      </trkpt>
      <trkpt lat="51.765140000" lon="5.102520000">
        <ele>1.000</ele>
      </trkpt>
      <trkpt lat="51.765150000" lon="5.102500000">
        <ele>1.000</ele>
      </trkpt>
      <trkpt lat="51.765150000" lon="5.102480000">
        <ele>1.000</ele>
      </trkpt>
      <trkpt lat="51.765150000" lon="5.102460000">
        <ele>1.000</ele>
      </trkpt>
      <trkpt lat="51.765150000" lon="5.102440000">
        <ele>1.000</ele>
      </trkpt>
      <trkpt lat="51.765150000" lon="5.102430000">
        <ele>1.000</ele>
      </trkpt>
      <trkpt lat="51.765150000" lon="5.102410000">
        <ele>1.000</ele>
      </trkpt>
      <trkpt lat="51.765150000" lon="5.102390000">
        <ele>1.000</ele>
      </trkpt>
      <trkpt lat="51.765150000" lon="5.102370000">
        <ele>1.000</ele>
      </trkpt>
      <trkpt lat="51.765140000" lon="5.102340000">
        <ele>1.000</ele>
      </trkpt>
      <trkpt lat="51.765160000" lon="5.102270000">
        <ele>1.000</ele>
      </trkpt>
      <trkpt lat="51.765180000" lon="5.102200000">
        <ele>1.000</ele>
      </trkpt>
      <trkpt lat="51.765210000" lon="5.102140000">
        <ele>1.000</ele>
      </trkpt>
      <trkpt lat="51.765320000" lon="5.101890000">
        <ele>1.000</ele>
      </trkpt>
      <trkpt lat="51.765480000" lon="5.101550000">
        <ele>1.000</ele>
      </trkpt>
      <trkpt lat="51.765520000" lon="5.101440000">
        <ele>1.000</ele>
      </trkpt>
      <trkpt lat="51.765830000" lon="5.100830000">
        <ele>1.000</ele>
      </trkpt>
      <trkpt lat="51.766060000" lon="5.100310000">
        <ele>1.000</ele>
      </trkpt>
      <trkpt lat="51.766410000" lon="5.099510000">
        <ele>1.000</ele>
      </trkpt>
      <trkpt lat="51.766510000" lon="5.099290000">
        <ele>1.000</ele>
      </trkpt>
      <trkpt lat="51.766640000" lon="5.098980000">
        <ele>1.000</ele>
      </trkpt>
      <trkpt lat="51.766700000" lon="5.098850000">
        <ele>1.000</ele>
      </trkpt>
      <trkpt lat="51.766750000" lon="5.098730000">
        <ele>1.000</ele>
      </trkpt>
      <trkpt lat="51.766790000" lon="5.098640000">
        <ele>1.000</ele>
      </trkpt>
      <trkpt lat="51.766830000" lon="5.098550000">
        <ele>1.000</ele>
      </trkpt>
      <trkpt lat="51.766880000" lon="5.098410000">
        <ele>1.000</ele>
      </trkpt>
      <trkpt lat="51.767030000" lon="5.098050000">
        <ele>1.000</ele>
      </trkpt>
      <trkpt lat="51.767160000" lon="5.097700000">
        <ele>1.000</ele>
      </trkpt>
      <trkpt lat="51.767300000" lon="5.097300000">
        <ele>1.000</ele>
      </trkpt>
      <trkpt lat="51.767390000" lon="5.097070000">
        <ele>1.000</ele>
      </trkpt>
      <trkpt lat="51.767530000" lon="5.096640000">
        <ele>1.000</ele>
      </trkpt>
      <trkpt lat="51.767600000" lon="5.096440000">
        <ele>1.000</ele>
      </trkpt>
      <trkpt lat="51.767700000" lon="5.096150000">
        <ele>1.000</ele>
      </trkpt>
      <trkpt lat="51.767790000" lon="5.095830000">
        <ele>1.000</ele>
      </trkpt>
      <trkpt lat="51.767920000" lon="5.095410000">
        <ele>1.000</ele>
      </trkpt>
      <trkpt lat="51.768020000" lon="5.095060000">
        <ele>1.000</ele>
      </trkpt>
      <trkpt lat="51.768150000" lon="5.094570000">
        <ele>1.000</ele>
      </trkpt>
      <trkpt lat="51.768270000" lon="5.094090000">
        <ele>1.000</ele>
      </trkpt>
      <trkpt lat="51.768370000" lon="5.093660000">
        <ele>1.000</ele>
      </trkpt>
      <trkpt lat="51.768460000" lon="5.093290000">
        <ele>1.000</ele>
      </trkpt>
      <trkpt lat="51.768540000" lon="5.092930000">
        <ele>1.000</ele>
      </trkpt>
      <trkpt lat="51.768690000" lon="5.092150000">
        <ele>1.000</ele>
      </trkpt>
      <trkpt lat="51.768710000" lon="5.092040000">
        <ele>1.000</ele>
      </trkpt>
      <trkpt lat="51.768790000" lon="5.091630000">
        <ele>1.000</ele>
      </trkpt>
      <trkpt lat="51.768910000" lon="5.090930000">
        <ele>1.000</ele>
      </trkpt>
      <trkpt lat="51.768960000" lon="5.090620000">
        <ele>1.000</ele>
      </trkpt>
      <trkpt lat="51.769010000" lon="5.090370000">
        <ele>1.000</ele>
      </trkpt>
      <trkpt lat="51.769080000" lon="5.090180000">
        <ele>1.000</ele>
      </trkpt>
      <trkpt lat="51.769140000" lon="5.089930000">
        <ele>1.000</ele>
      </trkpt>
      <trkpt lat="51.769290000" lon="5.089550000">
        <ele>1.000</ele>
      </trkpt>
      <trkpt lat="51.769290000" lon="5.089550000">
        <ele>1.000</ele>
      </trkpt>
      <trkpt lat="51.769300000" lon="5.089540000">
        <ele>1.000</ele>
      </trkpt>
      <trkpt lat="51.769310000" lon="5.089540000">
        <ele>1.000</ele>
      </trkpt>
      <trkpt lat="51.769320000" lon="5.089540000">
        <ele>1.000</ele>
      </trkpt>
      <trkpt lat="51.769330000" lon="5.089530000">
        <ele>1.000</ele>
      </trkpt>
      <trkpt lat="51.769340000" lon="5.089530000">
        <ele>1.000</ele>
      </trkpt>
      <trkpt lat="51.769350000" lon="5.089520000">
        <ele>1.000</ele>
      </trkpt>
      <trkpt lat="51.769360000" lon="5.089510000">
        <ele>1.000</ele>
      </trkpt>
      <trkpt lat="51.769370000" lon="5.089500000">
        <ele>1.000</ele>
      </trkpt>
      <trkpt lat="51.769380000" lon="5.089490000">
        <ele>1.000</ele>
      </trkpt>
      <trkpt lat="51.769390000" lon="5.089480000">
        <ele>1.000</ele>
      </trkpt>
      <trkpt lat="51.769390000" lon="5.089470000">
        <ele>1.000</ele>
      </trkpt>
      <trkpt lat="51.769400000" lon="5.089460000">
        <ele>1.000</ele>
      </trkpt>
      <trkpt lat="51.769410000" lon="5.089440000">
        <ele>1.000</ele>
      </trkpt>
      <trkpt lat="51.769410000" lon="5.089430000">
        <ele>1.000</ele>
      </trkpt>
      <trkpt lat="51.769420000" lon="5.089410000">
        <ele>1.000</ele>
      </trkpt>
      <trkpt lat="51.769420000" lon="5.089400000">
        <ele>1.000</ele>
      </trkpt>
      <trkpt lat="51.769430000" lon="5.089380000">
        <ele>1.000</ele>
      </trkpt>
      <trkpt lat="51.769430000" lon="5.089370000">
        <ele>1.000</ele>
      </trkpt>
      <trkpt lat="51.769430000" lon="5.089350000">
        <ele>1.000</ele>
      </trkpt>
      <trkpt lat="51.769430000" lon="5.089330000">
        <ele>1.000</ele>
      </trkpt>
      <trkpt lat="51.769440000" lon="5.089310000">
        <ele>1.000</ele>
      </trkpt>
      <trkpt lat="51.769440000" lon="5.089300000">
        <ele>1.000</ele>
      </trkpt>
      <trkpt lat="51.769440000" lon="5.089280000">
        <ele>1.000</ele>
      </trkpt>
      <trkpt lat="51.769430000" lon="5.089260000">
        <ele>1.000</ele>
      </trkpt>
      <trkpt lat="51.769430000" lon="5.089250000">
        <ele>1.000</ele>
      </trkpt>
      <trkpt lat="51.769430000" lon="5.089230000">
        <ele>1.000</ele>
      </trkpt>
      <trkpt lat="51.769430000" lon="5.089210000">
        <ele>1.000</ele>
      </trkpt>
      <trkpt lat="51.769420000" lon="5.089200000">
        <ele>1.000</ele>
      </trkpt>
      <trkpt lat="51.769410000" lon="5.089170000">
        <ele>1.000</ele>
      </trkpt>
      <trkpt lat="51.769410000" lon="5.089160000">
        <ele>1.000</ele>
      </trkpt>
      <trkpt lat="51.769400000" lon="5.089140000">
        <ele>1.000</ele>
      </trkpt>
      <trkpt lat="51.769400000" lon="5.089130000">
        <ele>1.000</ele>
      </trkpt>
      <trkpt lat="51.769390000" lon="5.089120000">
        <ele>1.000</ele>
      </trkpt>
      <trkpt lat="51.769380000" lon="5.089110000">
        <ele>1.000</ele>
      </trkpt>
      <trkpt lat="51.769370000" lon="5.089100000">
        <ele>1.000</ele>
      </trkpt>
      <trkpt lat="51.769360000" lon="5.089090000">
        <ele>1.000</ele>
      </trkpt>
      <trkpt lat="51.769350000" lon="5.089080000">
        <ele>1.000</ele>
      </trkpt>
      <trkpt lat="51.769340000" lon="5.089070000">
        <ele>1.000</ele>
      </trkpt>
      <trkpt lat="51.769340000" lon="5.089060000">
        <ele>1.000</ele>
      </trkpt>
      <trkpt lat="51.769320000" lon="5.088920000">
        <ele>1.000</ele>
      </trkpt>
      <trkpt lat="51.769300000" lon="5.088520000">
        <ele>1.000</ele>
      </trkpt>
      <trkpt lat="51.769270000" lon="5.088220000">
        <ele>1.000</ele>
      </trkpt>
      <trkpt lat="51.769270000" lon="5.087910000">
        <ele>1.000</ele>
      </trkpt>
      <trkpt lat="51.769280000" lon="5.087710000">
        <ele>1.000</ele>
      </trkpt>
      <trkpt lat="51.769280000" lon="5.087610000">
        <ele>1.000</ele>
      </trkpt>
      <trkpt lat="51.769290000" lon="5.087520000">
        <ele>1.000</ele>
      </trkpt>
      <trkpt lat="51.769290000" lon="5.087420000">
        <ele>1.000</ele>
      </trkpt>
      <trkpt lat="51.769300000" lon="5.087260000">
        <ele>1.000</ele>
      </trkpt>
      <trkpt lat="51.769340000" lon="5.086880000">
        <ele>1.000</ele>
      </trkpt>
      <trkpt lat="51.769380000" lon="5.086370000">
        <ele>1.000</ele>
      </trkpt>
      <trkpt lat="51.769440000" lon="5.085540000">
        <ele>1.000</ele>
      </trkpt>
      <trkpt lat="51.769760000" lon="5.081540000">
        <ele>1.000</ele>
      </trkpt>
      <trkpt lat="51.769800000" lon="5.081130000">
        <ele>1.000</ele>
      </trkpt>
      <trkpt lat="51.769860000" lon="5.080330000">
        <ele>1.000</ele>
      </trkpt>
      <trkpt lat="51.769860000" lon="5.080310000">
        <ele>1.000</ele>
      </trkpt>
      <trkpt lat="51.769880000" lon="5.080040000">
        <ele>1.000</ele>
      </trkpt>
      <trkpt lat="51.769960000" lon="5.079110000">
        <ele>1.000</ele>
      </trkpt>
      <trkpt lat="51.770040000" lon="5.078020000">
        <ele>1.000</ele>
      </trkpt>
      <trkpt lat="51.770120000" lon="5.077010000">
        <ele>1.000</ele>
      </trkpt>
      <trkpt lat="51.770160000" lon="5.076480000">
        <ele>1.000</ele>
      </trkpt>
      <trkpt lat="51.770220000" lon="5.075770000">
        <ele>1.000</ele>
      </trkpt>
      <trkpt lat="51.770290000" lon="5.074930000">
        <ele>1.000</ele>
      </trkpt>
      <trkpt lat="51.770350000" lon="5.074180000">
        <ele>1.000</ele>
      </trkpt>
      <trkpt lat="51.770390000" lon="5.073770000">
        <ele>1.000</ele>
      </trkpt>
      <trkpt lat="51.770420000" lon="5.073340000">
        <ele>1.000</ele>
      </trkpt>
      <trkpt lat="51.770480000" lon="5.072470000">
        <ele>1.000</ele>
      </trkpt>
      <trkpt lat="51.770560000" lon="5.071590000">
        <ele>1.000</ele>
      </trkpt>
      <trkpt lat="51.770630000" lon="5.070740000">
        <ele>1.000</ele>
      </trkpt>
      <trkpt lat="51.770680000" lon="5.070020000">
        <ele>1.000</ele>
      </trkpt>
      <trkpt lat="51.770730000" lon="5.069550000">
        <ele>1.000</ele>
      </trkpt>
      <trkpt lat="51.770750000" lon="5.069170000">
        <ele>1.000</ele>
      </trkpt>
      <trkpt lat="51.770820000" lon="5.068300000">
        <ele>1.000</ele>
      </trkpt>
      <trkpt lat="51.770880000" lon="5.067590000">
        <ele>1.000</ele>
      </trkpt>
      <trkpt lat="51.770960000" lon="5.066540000">
        <ele>1.000</ele>
      </trkpt>
      <trkpt lat="51.771030000" lon="5.065660000">
        <ele>1.000</ele>
      </trkpt>
      <trkpt lat="51.771100000" lon="5.064820000">
        <ele>1.000</ele>
      </trkpt>
      <trkpt lat="51.771170000" lon="5.063990000">
        <ele>1.000</ele>
      </trkpt>
      <trkpt lat="51.771220000" lon="5.063270000">
        <ele>1.000</ele>
      </trkpt>
      <trkpt lat="51.771290000" lon="5.062580000">
        <ele>1.000</ele>
      </trkpt>
      <trkpt lat="51.771340000" lon="5.061880000">
        <ele>1.000</ele>
      </trkpt>
      <trkpt lat="51.771390000" lon="5.061190000">
        <ele>1.000</ele>
      </trkpt>
      <trkpt lat="51.771460000" lon="5.060510000">
        <ele>1.000</ele>
      </trkpt>
      <trkpt lat="51.771540000" lon="5.059640000">
        <ele>1.000</ele>
      </trkpt>
      <trkpt lat="51.771630000" lon="5.058920000">
        <ele>1.000</ele>
      </trkpt>
      <trkpt lat="51.771670000" lon="5.058610000">
        <ele>1.000</ele>
      </trkpt>
      <trkpt lat="51.771740000" lon="5.058120000">
        <ele>1.000</ele>
      </trkpt>
      <trkpt lat="51.771870000" lon="5.057280000">
        <ele>1.000</ele>
      </trkpt>
      <trkpt lat="51.772020000" lon="5.056440000">
        <ele>1.000</ele>
      </trkpt>
      <trkpt lat="51.772150000" lon="5.055800000">
        <ele>1.000</ele>
      </trkpt>
      <trkpt lat="51.772260000" lon="5.055230000">
        <ele>1.000</ele>
      </trkpt>
      <trkpt lat="51.772420000" lon="5.054530000">
        <ele>1.000</ele>
      </trkpt>
      <trkpt lat="51.772680000" lon="5.053310000">
        <ele>1.000</ele>
      </trkpt>
      <trkpt lat="51.773210000" lon="5.050560000">
        <ele>1.000</ele>
      </trkpt>
      <trkpt lat="51.773500000" lon="5.049600000">
        <ele>1.000</ele>
      </trkpt>
      <trkpt lat="51.773510000" lon="5.049590000">
        <ele>1.000</ele>
      </trkpt>
      <trkpt lat="51.773520000" lon="5.049590000">
        <ele>1.000</ele>
      </trkpt>
      <trkpt lat="51.773530000" lon="5.049580000">
        <ele>1.000</ele>
      </trkpt>
      <trkpt lat="51.773540000" lon="5.049580000">
        <ele>1.000</ele>
      </trkpt>
      <trkpt lat="51.773540000" lon="5.049570000">
        <ele>1.000</ele>
      </trkpt>
      <trkpt lat="51.773550000" lon="5.049570000">
        <ele>1.000</ele>
      </trkpt>
      <trkpt lat="51.773560000" lon="5.049560000">
        <ele>1.000</ele>
      </trkpt>
      <trkpt lat="51.773570000" lon="5.049550000">
        <ele>1.000</ele>
      </trkpt>
      <trkpt lat="51.773570000" lon="5.049540000">
        <ele>1.000</ele>
      </trkpt>
      <trkpt lat="51.773580000" lon="5.049530000">
        <ele>1.000</ele>
      </trkpt>
      <trkpt lat="51.773590000" lon="5.049510000">
        <ele>1.000</ele>
      </trkpt>
      <trkpt lat="51.773600000" lon="5.049500000">
        <ele>1.000</ele>
      </trkpt>
      <trkpt lat="51.773600000" lon="5.049490000">
        <ele>1.000</ele>
      </trkpt>
      <trkpt lat="51.773600000" lon="5.049470000">
        <ele>1.000</ele>
      </trkpt>
      <trkpt lat="51.773610000" lon="5.049460000">
        <ele>1.000</ele>
      </trkpt>
      <trkpt lat="51.773610000" lon="5.049450000">
        <ele>1.000</ele>
      </trkpt>
      <trkpt lat="51.773610000" lon="5.049430000">
        <ele>1.000</ele>
      </trkpt>
      <trkpt lat="51.773620000" lon="5.049420000">
        <ele>1.000</ele>
      </trkpt>
      <trkpt lat="51.773620000" lon="5.049410000">
        <ele>1.000</ele>
      </trkpt>
      <trkpt lat="51.773620000" lon="5.049390000">
        <ele>1.000</ele>
      </trkpt>
      <trkpt lat="51.773620000" lon="5.049370000">
        <ele>1.000</ele>
      </trkpt>
      <trkpt lat="51.773620000" lon="5.049360000">
        <ele>1.000</ele>
      </trkpt>
      <trkpt lat="51.773620000" lon="5.049340000">
        <ele>1.000</ele>
      </trkpt>
      <trkpt lat="51.773620000" lon="5.049330000">
        <ele>1.000</ele>
      </trkpt>
      <trkpt lat="51.773620000" lon="5.049310000">
        <ele>1.000</ele>
      </trkpt>
      <trkpt lat="51.773610000" lon="5.049300000">
        <ele>1.000</ele>
      </trkpt>
      <trkpt lat="51.773610000" lon="5.049290000">
        <ele>1.000</ele>
      </trkpt>
      <trkpt lat="51.773610000" lon="5.049270000">
        <ele>1.000</ele>
      </trkpt>
      <trkpt lat="51.773600000" lon="5.049260000">
        <ele>1.000</ele>
      </trkpt>
      <trkpt lat="51.773600000" lon="5.049240000">
        <ele>1.000</ele>
      </trkpt>
      <trkpt lat="51.773590000" lon="5.049230000">
        <ele>1.000</ele>
      </trkpt>
      <trkpt lat="51.773580000" lon="5.049210000">
        <ele>1.000</ele>
      </trkpt>
      <trkpt lat="51.773640000" lon="5.048980000">
        <ele>1.000</ele>
      </trkpt>
      <trkpt lat="51.773700000" lon="5.048740000">
        <ele>1.000</ele>
      </trkpt>
      <trkpt lat="51.773780000" lon="5.048420000">
        <ele>1.000</ele>
      </trkpt>
      <trkpt lat="51.773860000" lon="5.048070000">
        <ele>1.000</ele>
      </trkpt>
      <trkpt lat="51.773910000" lon="5.047800000">
        <ele>1.000</ele>
      </trkpt>
      <trkpt lat="51.773960000" lon="5.047520000">
        <ele>1.000</ele>
      </trkpt>
      <trkpt lat="51.774040000" lon="5.047060000">
        <ele>1.000</ele>
      </trkpt>
      <trkpt lat="51.774110000" lon="5.046540000">
        <ele>1.000</ele>
      </trkpt>
      <trkpt lat="51.774250000" lon="5.045670000">
        <ele>1.000</ele>
      </trkpt>
      <trkpt lat="51.774270000" lon="5.045400000">
        <ele>1.000</ele>
      </trkpt>
      <trkpt lat="51.774290000" lon="5.045350000">
        <ele>1.000</ele>
      </trkpt>
      <trkpt lat="51.774320000" lon="5.045210000">
        <ele>1.000</ele>
      </trkpt>
      <trkpt lat="51.774520000" lon="5.044300000">
        <ele>1.000</ele>
      </trkpt>
      <trkpt lat="51.774580000" lon="5.044030000">
        <ele>0.000</ele>
      </trkpt>
      <trkpt lat="51.774590000" lon="5.043990000">
        <ele>0.000</ele>
      </trkpt>
      <trkpt lat="51.775100000" lon="5.041550000">
        <ele>0.000</ele>
      </trkpt>
      <trkpt lat="51.775280000" lon="5.040730000">
        <ele>0.000</ele>
      </trkpt>
      <trkpt lat="51.775620000" lon="5.039140000">
        <ele>0.000</ele>
      </trkpt>
      <trkpt lat="51.775630000" lon="5.039080000">
        <ele>0.000</ele>
      </trkpt>
      <trkpt lat="51.775680000" lon="5.038800000">
        <ele>0.000</ele>
      </trkpt>
      <trkpt lat="51.775840000" lon="5.037970000">
        <ele>0.000</ele>
      </trkpt>
      <trkpt lat="51.775950000" lon="5.037410000">
        <ele>0.000</ele>
      </trkpt>
      <trkpt lat="51.775970000" lon="5.037320000">
        <ele>0.000</ele>
      </trkpt>
      <trkpt lat="51.776000000" lon="5.037130000">
        <ele>0.000</ele>
      </trkpt>
      <trkpt lat="51.776050000" lon="5.036860000">
        <ele>0.000</ele>
      </trkpt>
      <trkpt lat="51.776150000" lon="5.036300000">
        <ele>0.000</ele>
      </trkpt>
      <trkpt lat="51.776250000" lon="5.035780000">
        <ele>0.000</ele>
      </trkpt>
      <trkpt lat="51.776250000" lon="5.035740000">
        <ele>0.000</ele>
      </trkpt>
      <trkpt lat="51.776300000" lon="5.035580000">
        <ele>0.000</ele>
      </trkpt>
      <trkpt lat="51.776360000" lon="5.035260000">
        <ele>0.000</ele>
      </trkpt>
      <trkpt lat="51.776410000" lon="5.034960000">
        <ele>0.000</ele>
      </trkpt>
      <trkpt lat="51.776420000" lon="5.034900000">
        <ele>0.000</ele>
      </trkpt>
      <trkpt lat="51.776470000" lon="5.034620000">
        <ele>0.000</ele>
      </trkpt>
      <trkpt lat="51.776650000" lon="5.033500000">
        <ele>0.000</ele>
      </trkpt>
      <trkpt lat="51.776690000" lon="5.033310000">
        <ele>0.000</ele>
      </trkpt>
      <trkpt lat="51.776850000" lon="5.032020000">
        <ele>0.000</ele>
      </trkpt>
      <trkpt lat="51.776930000" lon="5.031350000">
        <ele>0.000</ele>
      </trkpt>
      <trkpt lat="51.776950000" lon="5.031050000">
        <ele>0.000</ele>
      </trkpt>
      <trkpt lat="51.776980000" lon="5.030730000">
        <ele>0.000</ele>
      </trkpt>
      <trkpt lat="51.777120000" lon="5.029520000">
        <ele>0.000</ele>
      </trkpt>
      <trkpt lat="51.777170000" lon="5.029040000">
        <ele>0.000</ele>
      </trkpt>
      <trkpt lat="51.777290000" lon="5.027970000">
        <ele>0.000</ele>
      </trkpt>
      <trkpt lat="51.777360000" lon="5.027360000">
        <ele>0.000</ele>
      </trkpt>
      <trkpt lat="51.777390000" lon="5.027130000">
        <ele>0.000</ele>
      </trkpt>
      <trkpt lat="51.777450000" lon="5.026760000">
        <ele>0.000</ele>
      </trkpt>
      <trkpt lat="51.777470000" lon="5.026640000">
        <ele>0.000</ele>
      </trkpt>
      <trkpt lat="51.777660000" lon="5.026010000">
        <ele>0.000</ele>
      </trkpt>
      <trkpt lat="51.777740000" lon="5.025800000">
        <ele>0.000</ele>
      </trkpt>
      <trkpt lat="51.777820000" lon="5.025650000">
        <ele>0.000</ele>
      </trkpt>
      <trkpt lat="51.777980000" lon="5.025410000">
        <ele>0.000</ele>
      </trkpt>
      <trkpt lat="51.778170000" lon="5.025120000">
        <ele>0.000</ele>
      </trkpt>
      <trkpt lat="51.778300000" lon="5.024940000">
        <ele>0.000</ele>
      </trkpt>
      <trkpt lat="51.778450000" lon="5.024750000">
        <ele>0.000</ele>
      </trkpt>
      <trkpt lat="51.778650000" lon="5.024540000">
        <ele>0.000</ele>
      </trkpt>
      <trkpt lat="51.778690000" lon="5.024510000">
        <ele>0.000</ele>
      </trkpt>
      <trkpt lat="51.778860000" lon="5.024400000">
        <ele>0.000</ele>
      </trkpt>
      <trkpt lat="51.779170000" lon="5.024200000">
        <ele>0.000</ele>
      </trkpt>
      <trkpt lat="51.779210000" lon="5.024170000">
        <ele>0.000</ele>
      </trkpt>
      <trkpt lat="51.779210000" lon="5.024170000">
        <ele>0.000</ele>
      </trkpt>
      <trkpt lat="51.779210000" lon="5.024180000">
        <ele>0.000</ele>
      </trkpt>
      <trkpt lat="51.779220000" lon="5.024180000">
        <ele>0.000</ele>
      </trkpt>
      <trkpt lat="51.779230000" lon="5.024190000">
        <ele>0.000</ele>
      </trkpt>
      <trkpt lat="51.779240000" lon="5.024200000">
        <ele>0.000</ele>
      </trkpt>
      <trkpt lat="51.779250000" lon="5.024200000">
        <ele>0.000</ele>
      </trkpt>
      <trkpt lat="51.779260000" lon="5.024200000">
        <ele>0.000</ele>
      </trkpt>
      <trkpt lat="51.779270000" lon="5.024210000">
        <ele>0.000</ele>
      </trkpt>
      <trkpt lat="51.779280000" lon="5.024210000">
        <ele>0.000</ele>
      </trkpt>
      <trkpt lat="51.779290000" lon="5.024210000">
        <ele>0.000</ele>
      </trkpt>
      <trkpt lat="51.779350000" lon="5.024540000">
        <ele>0.000</ele>
      </trkpt>
      <trkpt lat="51.779430000" lon="5.024910000">
        <ele>0.000</ele>
      </trkpt>
      <trkpt lat="51.779480000" lon="5.025040000">
        <ele>0.000</ele>
      </trkpt>
      <trkpt lat="51.779580000" lon="5.025470000">
        <ele>0.000</ele>
      </trkpt>
      <trkpt lat="51.779730000" lon="5.026020000">
        <ele>0.000</ele>
      </trkpt>
      <trkpt lat="51.779730000" lon="5.026040000">
        <ele>0.000</ele>
      </trkpt>
      <trkpt lat="51.779730000" lon="5.026040000">
        <ele>0.000</ele>
      </trkpt>
      <trkpt lat="51.779760000" lon="5.026120000">
        <ele>0.000</ele>
      </trkpt>
      <trkpt lat="51.779840000" lon="5.026350000">
        <ele>0.000</ele>
      </trkpt>
      <trkpt lat="51.779950000" lon="5.026630000">
        <ele>0.000</ele>
      </trkpt>
      <trkpt lat="51.780080000" lon="5.026940000">
        <ele>0.000</ele>
      </trkpt>
      <trkpt lat="51.780150000" lon="5.027090000">
        <ele>0.000</ele>
      </trkpt>
      <trkpt lat="51.780260000" lon="5.027330000">
        <ele>0.000</ele>
      </trkpt>
      <trkpt lat="51.780370000" lon="5.027550000">
        <ele>0.000</ele>
      </trkpt>
      <trkpt lat="51.780400000" lon="5.027610000">
        <ele>0.000</ele>
      </trkpt>
      <trkpt lat="51.780530000" lon="5.027840000">
        <ele>0.000</ele>
      </trkpt>
      <trkpt lat="51.780620000" lon="5.027970000">
        <ele>0.000</ele>
      </trkpt>
      <trkpt lat="51.780770000" lon="5.028200000">
        <ele>0.000</ele>
      </trkpt>
      <trkpt lat="51.781010000" lon="5.028520000">
        <ele>0.000</ele>
      </trkpt>
      <trkpt lat="51.781510000" lon="5.029150000">
        <ele>0.000</ele>
      </trkpt>
      <trkpt lat="51.781890000" lon="5.029590000">
        <ele>0.000</ele>
      </trkpt>
      <trkpt lat="51.782110000" lon="5.029850000">
        <ele>0.000</ele>
      </trkpt>
      <trkpt lat="51.782650000" lon="5.030450000">
        <ele>0.000</ele>
      </trkpt>
      <trkpt lat="51.783190000" lon="5.031010000">
        <ele>0.000</ele>
      </trkpt>
      <trkpt lat="51.783540000" lon="5.031340000">
        <ele>0.000</ele>
      </trkpt>
      <trkpt lat="51.783650000" lon="5.031440000">
        <ele>0.000</ele>
      </trkpt>
      <trkpt lat="51.783700000" lon="5.031490000">
        <ele>0.000</ele>
      </trkpt>
      <trkpt lat="51.783930000" lon="5.031700000">
        <ele>0.000</ele>
      </trkpt>
      <trkpt lat="51.784300000" lon="5.032040000">
        <ele>0.000</ele>
      </trkpt>
      <trkpt lat="51.784670000" lon="5.032350000">
        <ele>0.000</ele>
      </trkpt>
      <trkpt lat="51.785020000" lon="5.032670000">
        <ele>0.000</ele>
      </trkpt>
      <trkpt lat="51.785490000" lon="5.033100000">
        <ele>1.000</ele>
      </trkpt>
      <trkpt lat="51.785570000" lon="5.033240000">
        <ele>1.000</ele>
      </trkpt>
      <trkpt lat="51.785900000" lon="5.033530000">
        <ele>1.000</ele>
      </trkpt>
      <trkpt lat="51.785890000" lon="5.033600000">
        <ele>1.000</ele>
      </trkpt>
      <trkpt lat="51.785890000" lon="5.033650000">
        <ele>1.000</ele>
      </trkpt>
      <trkpt lat="51.785890000" lon="5.033690000">
        <ele>2.000</ele>
      </trkpt>
      <trkpt lat="51.785900000" lon="5.033720000">
        <ele>2.000</ele>
      </trkpt>
      <trkpt lat="51.785910000" lon="5.033750000">
        <ele>2.000</ele>
      </trkpt>
      <trkpt lat="51.785940000" lon="5.033800000">
        <ele>2.000</ele>
      </trkpt>
      <trkpt lat="51.785970000" lon="5.033840000">
        <ele>2.000</ele>
      </trkpt>
      <trkpt lat="51.786000000" lon="5.033860000">
        <ele>2.000</ele>
      </trkpt>
      <trkpt lat="51.786030000" lon="5.033870000">
        <ele>2.000</ele>
      </trkpt>
      <trkpt lat="51.786070000" lon="5.033870000">
        <ele>2.000</ele>
      </trkpt>
      <trkpt lat="51.786100000" lon="5.033850000">
        <ele>2.000</ele>
      </trkpt>
      <trkpt lat="51.786130000" lon="5.033820000">
        <ele>2.000</ele>
      </trkpt>
      <trkpt lat="51.786520000" lon="5.034140000">
        <ele>2.000</ele>
      </trkpt>
      <trkpt lat="51.786620000" lon="5.034190000">
        <ele>2.000</ele>
      </trkpt>
      <trkpt lat="51.787120000" lon="5.034680000">
        <ele>2.000</ele>
      </trkpt>
      <trkpt lat="51.787620000" lon="5.035240000">
        <ele>2.000</ele>
      </trkpt>
      <trkpt lat="51.787910000" lon="5.035580000">
        <ele>2.000</ele>
      </trkpt>
      <trkpt lat="51.788110000" lon="5.035830000">
        <ele>2.000</ele>
      </trkpt>
      <trkpt lat="51.788300000" lon="5.036060000">
        <ele>2.000</ele>
      </trkpt>
      <trkpt lat="51.788390000" lon="5.036190000">
        <ele>2.000</ele>
      </trkpt>
      <trkpt lat="51.788640000" lon="5.036520000">
        <ele>2.000</ele>
      </trkpt>
      <trkpt lat="51.788840000" lon="5.036820000">
        <ele>2.000</ele>
      </trkpt>
      <trkpt lat="51.789020000" lon="5.037100000">
        <ele>2.000</ele>
      </trkpt>
      <trkpt lat="51.789050000" lon="5.037150000">
        <ele>3.000</ele>
      </trkpt>
      <trkpt lat="51.789110000" lon="5.037250000">
        <ele>3.000</ele>
      </trkpt>
      <trkpt lat="51.789170000" lon="5.037350000">
        <ele>3.000</ele>
      </trkpt>
      <trkpt lat="51.789480000" lon="5.037870000">
        <ele>3.000</ele>
      </trkpt>
      <trkpt lat="51.789670000" lon="5.038210000">
        <ele>3.000</ele>
      </trkpt>
      <trkpt lat="51.789870000" lon="5.038590000">
        <ele>4.000</ele>
      </trkpt>
      <trkpt lat="51.789900000" lon="5.038650000">
        <ele>4.000</ele>
      </trkpt>
      <trkpt lat="51.790110000" lon="5.039090000">
        <ele>4.000</ele>
      </trkpt>
      <trkpt lat="51.790360000" lon="5.039630000">
        <ele>4.000</ele>
      </trkpt>
      <trkpt lat="51.790690000" lon="5.040390000">
        <ele>5.000</ele>
      </trkpt>
      <trkpt lat="51.790740000" lon="5.040700000">
        <ele>5.000</ele>
      </trkpt>
      <trkpt lat="51.790740000" lon="5.040710000">
        <ele>5.000</ele>
      </trkpt>
      <trkpt lat="51.790730000" lon="5.040720000">
        <ele>5.000</ele>
      </trkpt>
      <trkpt lat="51.790730000" lon="5.040730000">
        <ele>5.000</ele>
      </trkpt>
      <trkpt lat="51.790730000" lon="5.040740000">
        <ele>5.000</ele>
      </trkpt>
      <trkpt lat="51.790730000" lon="5.040760000">
        <ele>5.000</ele>
      </trkpt>
      <trkpt lat="51.790720000" lon="5.040770000">
        <ele>5.000</ele>
      </trkpt>
      <trkpt lat="51.790720000" lon="5.040780000">
        <ele>5.000</ele>
      </trkpt>
      <trkpt lat="51.790720000" lon="5.040790000">
        <ele>5.000</ele>
      </trkpt>
      <trkpt lat="51.790720000" lon="5.040810000">
        <ele>5.000</ele>
      </trkpt>
      <trkpt lat="51.790720000" lon="5.040820000">
        <ele>5.000</ele>
      </trkpt>
      <trkpt lat="51.790720000" lon="5.040830000">
        <ele>5.000</ele>
      </trkpt>
      <trkpt lat="51.790720000" lon="5.040840000">
        <ele>5.000</ele>
      </trkpt>
      <trkpt lat="51.790730000" lon="5.040860000">
        <ele>5.000</ele>
      </trkpt>
      <trkpt lat="51.790730000" lon="5.040860000">
        <ele>5.000</ele>
      </trkpt>
      <trkpt lat="51.790730000" lon="5.040870000">
        <ele>5.000</ele>
      </trkpt>
      <trkpt lat="51.790730000" lon="5.040880000">
        <ele>5.000</ele>
      </trkpt>
      <trkpt lat="51.790730000" lon="5.040890000">
        <ele>5.000</ele>
      </trkpt>
      <trkpt lat="51.790740000" lon="5.040900000">
        <ele>5.000</ele>
      </trkpt>
      <trkpt lat="51.790740000" lon="5.040920000">
        <ele>5.000</ele>
      </trkpt>
      <trkpt lat="51.790750000" lon="5.040930000">
        <ele>5.000</ele>
      </trkpt>
      <trkpt lat="51.790750000" lon="5.040940000">
        <ele>5.000</ele>
      </trkpt>
      <trkpt lat="51.790760000" lon="5.040950000">
        <ele>5.000</ele>
      </trkpt>
      <trkpt lat="51.790760000" lon="5.040960000">
        <ele>5.000</ele>
      </trkpt>
      <trkpt lat="51.790770000" lon="5.040970000">
        <ele>5.000</ele>
      </trkpt>
      <trkpt lat="51.790780000" lon="5.040980000">
        <ele>5.000</ele>
      </trkpt>
      <trkpt lat="51.790790000" lon="5.040990000">
        <ele>5.000</ele>
      </trkpt>
      <trkpt lat="51.790790000" lon="5.041000000">
        <ele>5.000</ele>
      </trkpt>
      <trkpt lat="51.790800000" lon="5.041000000">
        <ele>5.000</ele>
      </trkpt>
      <trkpt lat="51.790810000" lon="5.041010000">
        <ele>5.000</ele>
      </trkpt>
      <trkpt lat="51.790820000" lon="5.041010000">
        <ele>5.000</ele>
      </trkpt>
      <trkpt lat="51.790830000" lon="5.041020000">
        <ele>5.000</ele>
      </trkpt>
      <trkpt lat="51.790840000" lon="5.041020000">
        <ele>5.000</ele>
      </trkpt>
      <trkpt lat="51.790850000" lon="5.041020000">
        <ele>5.000</ele>
      </trkpt>
      <trkpt lat="51.790860000" lon="5.041020000">
        <ele>5.000</ele>
      </trkpt>
      <trkpt lat="51.790870000" lon="5.041020000">
        <ele>5.000</ele>
      </trkpt>
      <trkpt lat="51.790880000" lon="5.041020000">
        <ele>5.000</ele>
      </trkpt>
      <trkpt lat="51.790890000" lon="5.041010000">
        <ele>5.000</ele>
      </trkpt>
      <trkpt lat="51.790900000" lon="5.041010000">
        <ele>5.000</ele>
      </trkpt>
      <trkpt lat="51.790900000" lon="5.041010000">
        <ele>5.000</ele>
      </trkpt>
      <trkpt lat="51.791070000" lon="5.041320000">
        <ele>5.000</ele>
      </trkpt>
      <trkpt lat="51.791110000" lon="5.041400000">
        <ele>5.000</ele>
      </trkpt>
      <trkpt lat="51.791330000" lon="5.042000000">
        <ele>5.000</ele>
      </trkpt>
      <trkpt lat="51.791560000" lon="5.042610000">
        <ele>5.000</ele>
      </trkpt>
      <trkpt lat="51.791800000" lon="5.043270000">
        <ele>5.000</ele>
      </trkpt>
      <trkpt lat="51.792030000" lon="5.043920000">
        <ele>5.000</ele>
      </trkpt>
      <trkpt lat="51.792060000" lon="5.043990000">
        <ele>5.000</ele>
      </trkpt>
      <trkpt lat="51.792120000" lon="5.044180000">
        <ele>5.000</ele>
      </trkpt>
      <trkpt lat="51.792320000" lon="5.044710000">
        <ele>5.000</ele>
      </trkpt>
      <trkpt lat="51.792480000" lon="5.045180000">
        <ele>5.000</ele>
      </trkpt>
      <trkpt lat="51.792570000" lon="5.045430000">
        <ele>5.000</ele>
      </trkpt>
      <trkpt lat="51.792590000" lon="5.045470000">
        <ele>5.000</ele>
      </trkpt>
      <trkpt lat="51.792760000" lon="5.046010000">
        <ele>5.000</ele>
      </trkpt>
      <trkpt lat="51.793050000" lon="5.047000000">
        <ele>5.000</ele>
      </trkpt>
      <trkpt lat="51.793370000" lon="5.048140000">
        <ele>5.000</ele>
      </trkpt>
      <trkpt lat="51.793450000" lon="5.048440000">
        <ele>5.000</ele>
      </trkpt>
      <trkpt lat="51.793520000" lon="5.048650000">
        <ele>5.000</ele>
      </trkpt>
      <trkpt lat="51.793570000" lon="5.048810000">
        <ele>5.000</ele>
      </trkpt>
      <trkpt lat="51.793640000" lon="5.049020000">
        <ele>5.000</ele>
      </trkpt>
      <trkpt lat="51.793710000" lon="5.049190000">
        <ele>5.000</ele>
      </trkpt>
      <trkpt lat="51.793740000" lon="5.049280000">
        <ele>5.000</ele>
      </trkpt>
      <trkpt lat="51.793800000" lon="5.049420000">
        <ele>5.000</ele>
      </trkpt>
      <trkpt lat="51.794080000" lon="5.050030000">
        <ele>5.000</ele>
      </trkpt>
      <trkpt lat="51.794290000" lon="5.050470000">
        <ele>5.000</ele>
      </trkpt>
      <trkpt lat="51.794390000" lon="5.050670000">
        <ele>5.000</ele>
      </trkpt>
      <trkpt lat="51.794500000" lon="5.050900000">
        <ele>5.000</ele>
      </trkpt>
      <trkpt lat="51.794820000" lon="5.051590000">
        <ele>5.000</ele>
      </trkpt>
      <trkpt lat="51.794990000" lon="5.051990000">
        <ele>5.000</ele>
      </trkpt>
      <trkpt lat="51.795120000" lon="5.052330000">
        <ele>5.000</ele>
      </trkpt>
      <trkpt lat="51.795320000" lon="5.052870000">
        <ele>5.000</ele>
      </trkpt>
      <trkpt lat="51.795570000" lon="5.053520000">
        <ele>5.000</ele>
      </trkpt>
      <trkpt lat="51.795730000" lon="5.053950000">
        <ele>5.000</ele>
      </trkpt>
      <trkpt lat="51.795760000" lon="5.054030000">
        <ele>5.000</ele>
      </trkpt>
      <trkpt lat="51.795900000" lon="5.054370000">
        <ele>5.000</ele>
      </trkpt>
      <trkpt lat="51.796040000" lon="5.054660000">
        <ele>5.000</ele>
      </trkpt>
      <trkpt lat="51.796230000" lon="5.055030000">
        <ele>5.000</ele>
      </trkpt>
      <trkpt lat="51.796630000" lon="5.055770000">
        <ele>5.000</ele>
      </trkpt>
      <trkpt lat="51.797760000" lon="5.057940000">
        <ele>5.000</ele>
      </trkpt>
      <trkpt lat="51.798070000" lon="5.058550000">
        <ele>5.000</ele>
      </trkpt>
      <trkpt lat="51.798280000" lon="5.058910000">
        <ele>5.000</ele>
      </trkpt>
      <trkpt lat="51.798470000" lon="5.059170000">
        <ele>5.000</ele>
      </trkpt>
      <trkpt lat="51.798750000" lon="5.059480000">
        <ele>5.000</ele>
      </trkpt>
      <trkpt lat="51.799040000" lon="5.059750000">
        <ele>5.000</ele>
      </trkpt>
      <trkpt lat="51.799190000" lon="5.059860000">
        <ele>5.000</ele>
      </trkpt>
      <trkpt lat="51.799320000" lon="5.059980000">
        <ele>5.000</ele>
      </trkpt>
      <trkpt lat="51.799340000" lon="5.059990000">
        <ele>4.000</ele>
      </trkpt>
      <trkpt lat="51.799440000" lon="5.060130000">
        <ele>4.000</ele>
      </trkpt>
      <trkpt lat="51.799450000" lon="5.060170000">
        <ele>4.000</ele>
      </trkpt>
      <trkpt lat="51.799530000" lon="5.060330000">
        <ele>4.000</ele>
      </trkpt>
      <trkpt lat="51.799600000" lon="5.060630000">
        <ele>4.000</ele>
      </trkpt>
      <trkpt lat="51.799730000" lon="5.061230000">
        <ele>4.000</ele>
      </trkpt>
      <trkpt lat="51.799750000" lon="5.061290000">
        <ele>4.000</ele>
      </trkpt>
      <trkpt lat="51.799760000" lon="5.061340000">
        <ele>4.000</ele>
      </trkpt>
      <trkpt lat="51.799890000" lon="5.061890000">
        <ele>4.000</ele>
      </trkpt>
      <trkpt lat="51.800090000" lon="5.062700000">
        <ele>4.000</ele>
      </trkpt>
      <trkpt lat="51.800350000" lon="5.063780000">
        <ele>3.000</ele>
      </trkpt>
      <trkpt lat="51.800410000" lon="5.064050000">
        <ele>3.000</ele>
      </trkpt>
      <trkpt lat="51.800770000" lon="5.065530000">
        <ele>3.000</ele>
      </trkpt>
      <trkpt lat="51.801280000" lon="5.067560000">
        <ele>2.000</ele>
      </trkpt>
      <trkpt lat="51.801680000" lon="5.069220000">
        <ele>2.000</ele>
      </trkpt>
      <trkpt lat="51.801680000" lon="5.069250000">
        <ele>1.000</ele>
      </trkpt>
      <trkpt lat="51.802080000" lon="5.070880000">
        <ele>1.000</ele>
      </trkpt>
      <trkpt lat="51.802110000" lon="5.070980000">
        <ele>1.000</ele>
      </trkpt>
      <trkpt lat="51.802350000" lon="5.071960000">
        <ele>1.000</ele>
      </trkpt>
      <trkpt lat="51.802440000" lon="5.072340000">
        <ele>1.000</ele>
      </trkpt>
      <trkpt lat="51.802740000" lon="5.073540000">
        <ele>1.000</ele>
      </trkpt>
      <trkpt lat="51.802750000" lon="5.073580000">
        <ele>1.000</ele>
      </trkpt>
      <trkpt lat="51.803040000" lon="5.074780000">
        <ele>1.000</ele>
      </trkpt>
      <trkpt lat="51.803400000" lon="5.076220000">
        <ele>1.000</ele>
      </trkpt>
      <trkpt lat="51.803670000" lon="5.077320000">
        <ele>1.000</ele>
      </trkpt>
      <trkpt lat="51.803740000" lon="5.077630000">
        <ele>1.000</ele>
      </trkpt>
      <trkpt lat="51.803900000" lon="5.078280000">
        <ele>1.000</ele>
      </trkpt>
      <trkpt lat="51.804170000" lon="5.079370000">
        <ele>1.000</ele>
      </trkpt>
      <trkpt lat="51.804340000" lon="5.080070000">
        <ele>1.000</ele>
      </trkpt>
      <trkpt lat="51.804400000" lon="5.080340000">
        <ele>1.000</ele>
      </trkpt>
      <trkpt lat="51.804670000" lon="5.081440000">
        <ele>1.000</ele>
      </trkpt>
      <trkpt lat="51.804790000" lon="5.081970000">
        <ele>1.000</ele>
      </trkpt>
      <trkpt lat="51.804830000" lon="5.082110000">
        <ele>1.000</ele>
      </trkpt>
      <trkpt lat="51.804850000" lon="5.082240000">
        <ele>1.000</ele>
      </trkpt>
      <trkpt lat="51.804910000" lon="5.082530000">
        <ele>1.000</ele>
      </trkpt>
      <trkpt lat="51.805020000" lon="5.083370000">
        <ele>1.000</ele>
      </trkpt>
      <trkpt lat="51.805030000" lon="5.083520000">
        <ele>1.000</ele>
      </trkpt>
      <trkpt lat="51.805040000" lon="5.083610000">
        <ele>1.000</ele>
      </trkpt>
      <trkpt lat="51.805050000" lon="5.083730000">
        <ele>1.000</ele>
      </trkpt>
      <trkpt lat="51.805060000" lon="5.083870000">
        <ele>1.000</ele>
      </trkpt>
      <trkpt lat="51.805070000" lon="5.083960000">
        <ele>1.000</ele>
      </trkpt>
      <trkpt lat="51.805080000" lon="5.084110000">
        <ele>1.000</ele>
      </trkpt>
      <trkpt lat="51.805090000" lon="5.084250000">
        <ele>1.000</ele>
      </trkpt>
      <trkpt lat="51.805090000" lon="5.084470000">
        <ele>1.000</ele>
      </trkpt>
      <trkpt lat="51.805080000" lon="5.084620000">
        <ele>1.000</ele>
      </trkpt>
      <trkpt lat="51.805080000" lon="5.084750000">
        <ele>1.000</ele>
      </trkpt>
      <trkpt lat="51.805080000" lon="5.084940000">
        <ele>1.000</ele>
      </trkpt>
      <trkpt lat="51.805070000" lon="5.085180000">
        <ele>1.000</ele>
      </trkpt>
      <trkpt lat="51.805040000" lon="5.085560000">
        <ele>1.000</ele>
      </trkpt>
      <trkpt lat="51.805030000" lon="5.085560000">
        <ele>1.000</ele>
      </trkpt>
      <trkpt lat="51.805020000" lon="5.085570000">
        <ele>1.000</ele>
      </trkpt>
      <trkpt lat="51.805010000" lon="5.085570000">
        <ele>1.000</ele>
      </trkpt>
      <trkpt lat="51.805010000" lon="5.085580000">
        <ele>1.000</ele>
      </trkpt>
      <trkpt lat="51.805000000" lon="5.085580000">
        <ele>1.000</ele>
      </trkpt>
      <trkpt lat="51.805000000" lon="5.085590000">
        <ele>1.000</ele>
      </trkpt>
      <trkpt lat="51.805000000" lon="5.085600000">
        <ele>1.000</ele>
      </trkpt>
      <trkpt lat="51.804990000" lon="5.085600000">
        <ele>1.000</ele>
      </trkpt>
      <trkpt lat="51.804990000" lon="5.085610000">
        <ele>1.000</ele>
      </trkpt>
      <trkpt lat="51.804980000" lon="5.085620000">
        <ele>1.000</ele>
      </trkpt>
      <trkpt lat="51.804980000" lon="5.085630000">
        <ele>1.000</ele>
      </trkpt>
      <trkpt lat="51.804970000" lon="5.085640000">
        <ele>1.000</ele>
      </trkpt>
      <trkpt lat="51.804970000" lon="5.085650000">
        <ele>1.000</ele>
      </trkpt>
      <trkpt lat="51.804970000" lon="5.085660000">
        <ele>1.000</ele>
      </trkpt>
      <trkpt lat="51.804970000" lon="5.085670000">
        <ele>1.000</ele>
      </trkpt>
      <trkpt lat="51.804960000" lon="5.085680000">
        <ele>1.000</ele>
      </trkpt>
      <trkpt lat="51.804960000" lon="5.085690000">
        <ele>1.000</ele>
      </trkpt>
      <trkpt lat="51.804960000" lon="5.085700000">
        <ele>1.000</ele>
      </trkpt>
      <trkpt lat="51.804960000" lon="5.085710000">
        <ele>1.000</ele>
      </trkpt>
      <trkpt lat="51.804960000" lon="5.085720000">
        <ele>1.000</ele>
      </trkpt>
      <trkpt lat="51.804960000" lon="5.085730000">
        <ele>1.000</ele>
      </trkpt>
      <trkpt lat="51.804960000" lon="5.085740000">
        <ele>1.000</ele>
      </trkpt>
      <trkpt lat="51.804960000" lon="5.085750000">
        <ele>1.000</ele>
      </trkpt>
      <trkpt lat="51.804960000" lon="5.085760000">
        <ele>1.000</ele>
      </trkpt>
      <trkpt lat="51.804960000" lon="5.085770000">
        <ele>1.000</ele>
      </trkpt>
      <trkpt lat="51.804960000" lon="5.085780000">
        <ele>1.000</ele>
      </trkpt>
      <trkpt lat="51.804960000" lon="5.085790000">
        <ele>1.000</ele>
      </trkpt>
      <trkpt lat="51.804960000" lon="5.085800000">
        <ele>1.000</ele>
      </trkpt>
      <trkpt lat="51.804970000" lon="5.085800000">
        <ele>1.000</ele>
      </trkpt>
      <trkpt lat="51.804970000" lon="5.085810000">
        <ele>1.000</ele>
      </trkpt>
      <trkpt lat="51.804970000" lon="5.085820000">
        <ele>1.000</ele>
      </trkpt>
      <trkpt lat="51.804970000" lon="5.085830000">
        <ele>1.000</ele>
      </trkpt>
      <trkpt lat="51.804980000" lon="5.085840000">
        <ele>1.000</ele>
      </trkpt>
      <trkpt lat="51.804980000" lon="5.085850000">
        <ele>1.000</ele>
      </trkpt>
      <trkpt lat="51.804990000" lon="5.085860000">
        <ele>1.000</ele>
      </trkpt>
      <trkpt lat="51.804990000" lon="5.085870000">
        <ele>1.000</ele>
      </trkpt>
      <trkpt lat="51.805000000" lon="5.085870000">
        <ele>1.000</ele>
      </trkpt>
      <trkpt lat="51.805000000" lon="5.085880000">
        <ele>1.000</ele>
      </trkpt>
      <trkpt lat="51.805010000" lon="5.085890000">
        <ele>1.000</ele>
      </trkpt>
      <trkpt lat="51.805000000" lon="5.086050000">
        <ele>1.000</ele>
      </trkpt>
      <trkpt lat="51.805000000" lon="5.086120000">
        <ele>1.000</ele>
      </trkpt>
      <trkpt lat="51.804980000" lon="5.086220000">
        <ele>1.000</ele>
      </trkpt>
      <trkpt lat="51.804960000" lon="5.086450000">
        <ele>1.000</ele>
      </trkpt>
      <trkpt lat="51.804950000" lon="5.086640000">
        <ele>1.000</ele>
      </trkpt>
      <trkpt lat="51.804920000" lon="5.086840000">
        <ele>1.000</ele>
      </trkpt>
      <trkpt lat="51.804910000" lon="5.086990000">
        <ele>1.000</ele>
      </trkpt>
      <trkpt lat="51.804870000" lon="5.087260000">
        <ele>1.000</ele>
      </trkpt>
      <trkpt lat="51.804850000" lon="5.087480000">
        <ele>1.000</ele>
      </trkpt>
      <trkpt lat="51.804800000" lon="5.087760000">
        <ele>1.000</ele>
      </trkpt>
      <trkpt lat="51.804780000" lon="5.087890000">
        <ele>1.000</ele>
      </trkpt>
      <trkpt lat="51.804740000" lon="5.088130000">
        <ele>1.000</ele>
      </trkpt>
      <trkpt lat="51.804690000" lon="5.088440000">
        <ele>1.000</ele>
      </trkpt>
      <trkpt lat="51.804620000" lon="5.088880000">
        <ele>1.000</ele>
      </trkpt>
      <trkpt lat="51.804600000" lon="5.088990000">
        <ele>1.000</ele>
      </trkpt>
      <trkpt lat="51.804520000" lon="5.089490000">
        <ele>2.000</ele>
      </trkpt>
      <trkpt lat="51.804400000" lon="5.090160000">
        <ele>2.000</ele>
      </trkpt>
      <trkpt lat="51.804300000" lon="5.090750000">
        <ele>2.000</ele>
      </trkpt>
      <trkpt lat="51.804250000" lon="5.091080000">
        <ele>2.000</ele>
      </trkpt>
      <trkpt lat="51.804100000" lon="5.091930000">
        <ele>2.000</ele>
      </trkpt>
      <trkpt lat="51.803880000" lon="5.093260000">
        <ele>2.000</ele>
      </trkpt>
      <trkpt lat="51.803840000" lon="5.093560000">
        <ele>2.000</ele>
      </trkpt>
      <trkpt lat="51.803780000" lon="5.093920000">
        <ele>2.000</ele>
      </trkpt>
      <trkpt lat="51.803720000" lon="5.094280000">
        <ele>2.000</ele>
      </trkpt>
      <trkpt lat="51.803690000" lon="5.094450000">
        <ele>2.000</ele>
      </trkpt>
      <trkpt lat="51.803550000" lon="5.095270000">
        <ele>2.000</ele>
      </trkpt>
      <trkpt lat="51.803390000" lon="5.096220000">
        <ele>2.000</ele>
      </trkpt>
      <trkpt lat="51.803320000" lon="5.096610000">
        <ele>2.000</ele>
      </trkpt>
      <trkpt lat="51.803260000" lon="5.096960000">
        <ele>2.000</ele>
      </trkpt>
      <trkpt lat="51.803200000" lon="5.097310000">
        <ele>2.000</ele>
      </trkpt>
      <trkpt lat="51.803140000" lon="5.097660000">
        <ele>2.000</ele>
      </trkpt>
      <trkpt lat="51.803080000" lon="5.098010000">
        <ele>2.000</ele>
      </trkpt>
      <trkpt lat="51.803000000" lon="5.098500000">
        <ele>2.000</ele>
      </trkpt>
      <trkpt lat="51.802850000" lon="5.099350000">
        <ele>2.000</ele>
      </trkpt>
      <trkpt lat="51.802740000" lon="5.100020000">
        <ele>2.000</ele>
      </trkpt>
      <trkpt lat="51.802680000" lon="5.100370000">
        <ele>2.000</ele>
      </trkpt>
      <trkpt lat="51.802600000" lon="5.100870000">
        <ele>2.000</ele>
      </trkpt>
      <trkpt lat="51.802490000" lon="5.101510000">
        <ele>2.000</ele>
      </trkpt>
      <trkpt lat="51.802420000" lon="5.101900000">
        <ele>1.000</ele>
      </trkpt>
      <trkpt lat="51.802360000" lon="5.102300000">
        <ele>1.000</ele>
      </trkpt>
      <trkpt lat="51.802340000" lon="5.102400000">
        <ele>1.000</ele>
      </trkpt>
      <trkpt lat="51.802280000" lon="5.102750000">
        <ele>1.000</ele>
      </trkpt>
      <trkpt lat="51.802170000" lon="5.103430000">
        <ele>1.000</ele>
      </trkpt>
      <trkpt lat="51.802110000" lon="5.103750000">
        <ele>1.000</ele>
      </trkpt>
      <trkpt lat="51.801980000" lon="5.104570000">
        <ele>1.000</ele>
      </trkpt>
      <trkpt lat="51.801810000" lon="5.105580000">
        <ele>1.000</ele>
      </trkpt>
      <trkpt lat="51.801310000" lon="5.108550000">
        <ele>1.000</ele>
      </trkpt>
      <trkpt lat="51.801090000" lon="5.109900000">
        <ele>1.000</ele>
      </trkpt>
      <trkpt lat="51.801070000" lon="5.110070000">
        <ele>1.000</ele>
      </trkpt>
      <trkpt lat="51.801060000" lon="5.110180000">
        <ele>1.000</ele>
      </trkpt>
      <trkpt lat="51.801040000" lon="5.110300000">
        <ele>1.000</ele>
      </trkpt>
      <trkpt lat="51.801020000" lon="5.110610000">
        <ele>1.000</ele>
      </trkpt>
      <trkpt lat="51.801010000" lon="5.110740000">
        <ele>2.000</ele>
      </trkpt>
      <trkpt lat="51.801000000" lon="5.110990000">
        <ele>2.000</ele>
      </trkpt>
      <trkpt lat="51.800990000" lon="5.111260000">
        <ele>2.000</ele>
      </trkpt>
      <trkpt lat="51.800990000" lon="5.111390000">
        <ele>2.000</ele>
      </trkpt>
      <trkpt lat="51.801010000" lon="5.111930000">
        <ele>2.000</ele>
      </trkpt>
      <trkpt lat="51.801050000" lon="5.113380000">
        <ele>2.000</ele>
      </trkpt>
      <trkpt lat="51.801070000" lon="5.113900000">
        <ele>2.000</ele>
      </trkpt>
      <trkpt lat="51.801100000" lon="5.114590000">
        <ele>1.000</ele>
      </trkpt>
      <trkpt lat="51.801100000" lon="5.114790000">
        <ele>1.000</ele>
      </trkpt>
      <trkpt lat="51.801120000" lon="5.115120000">
        <ele>1.000</ele>
      </trkpt>
      <trkpt lat="51.801120000" lon="5.115160000">
        <ele>1.000</ele>
      </trkpt>
      <trkpt lat="51.801130000" lon="5.115610000">
        <ele>1.000</ele>
      </trkpt>
      <trkpt lat="51.801150000" lon="5.115960000">
        <ele>1.000</ele>
      </trkpt>
      <trkpt lat="51.801140000" lon="5.116070000">
        <ele>2.000</ele>
      </trkpt>
      <trkpt lat="51.801150000" lon="5.116240000">
        <ele>2.000</ele>
      </trkpt>
      <trkpt lat="51.801150000" lon="5.116310000">
        <ele>2.000</ele>
      </trkpt>
      <trkpt lat="51.801170000" lon="5.116720000">
        <ele>2.000</ele>
      </trkpt>
      <trkpt lat="51.801180000" lon="5.117120000">
        <ele>3.000</ele>
      </trkpt>
      <trkpt lat="51.801190000" lon="5.117410000">
        <ele>3.000</ele>
      </trkpt>
      <trkpt lat="51.801210000" lon="5.117760000">
        <ele>4.000</ele>
      </trkpt>
      <trkpt lat="51.801210000" lon="5.118280000">
        <ele>4.000</ele>
      </trkpt>
      <trkpt lat="51.801240000" lon="5.118860000">
        <ele>4.000</ele>
      </trkpt>
      <trkpt lat="51.801250000" lon="5.119220000">
        <ele>4.000</ele>
      </trkpt>
      <trkpt lat="51.801270000" lon="5.119640000">
        <ele>4.000</ele>
      </trkpt>
      <trkpt lat="51.801280000" lon="5.119960000">
        <ele>4.000</ele>
      </trkpt>
      <trkpt lat="51.801290000" lon="5.120100000">
        <ele>3.000</ele>
      </trkpt>
      <trkpt lat="51.801310000" lon="5.120570000">
        <ele>3.000</ele>
      </trkpt>
      <trkpt lat="51.801330000" lon="5.121150000">
        <ele>2.000</ele>
      </trkpt>
      <trkpt lat="51.801340000" lon="5.121770000">
        <ele>2.000</ele>
      </trkpt>
      <trkpt lat="51.801350000" lon="5.122060000">
        <ele>1.000</ele>
      </trkpt>
      <trkpt lat="51.801360000" lon="5.122430000">
        <ele>1.000</ele>
      </trkpt>
      <trkpt lat="51.801380000" lon="5.122930000">
        <ele>1.000</ele>
      </trkpt>
      <trkpt lat="51.801390000" lon="5.123220000">
        <ele>1.000</ele>
      </trkpt>
      <trkpt lat="51.801400000" lon="5.123510000">
        <ele>1.000</ele>
      </trkpt>
      <trkpt lat="51.801400000" lon="5.123560000">
        <ele>1.000</ele>
      </trkpt>
      <trkpt lat="51.801410000" lon="5.124090000">
        <ele>1.000</ele>
      </trkpt>
      <trkpt lat="51.801410000" lon="5.124320000">
        <ele>1.000</ele>
      </trkpt>
      <trkpt lat="51.801410000" lon="5.124630000">
        <ele>1.000</ele>
      </trkpt>
      <trkpt lat="51.801410000" lon="5.124810000">
        <ele>1.000</ele>
      </trkpt>
      <trkpt lat="51.801400000" lon="5.124980000">
        <ele>1.000</ele>
      </trkpt>
      <trkpt lat="51.801400000" lon="5.125150000">
        <ele>1.000</ele>
      </trkpt>
      <trkpt lat="51.801390000" lon="5.125260000">
        <ele>1.000</ele>
      </trkpt>
      <trkpt lat="51.801390000" lon="5.125330000">
        <ele>1.000</ele>
      </trkpt>
      <trkpt lat="51.801380000" lon="5.125480000">
        <ele>1.000</ele>
      </trkpt>
      <trkpt lat="51.801380000" lon="5.125660000">
        <ele>1.000</ele>
      </trkpt>
      <trkpt lat="51.801360000" lon="5.125870000">
        <ele>1.000</ele>
      </trkpt>
      <trkpt lat="51.801350000" lon="5.126030000">
        <ele>1.000</ele>
      </trkpt>
      <trkpt lat="51.801340000" lon="5.126210000">
        <ele>1.000</ele>
      </trkpt>
      <trkpt lat="51.801320000" lon="5.126410000">
        <ele>1.000</ele>
      </trkpt>
      <trkpt lat="51.801260000" lon="5.126980000">
        <ele>2.000</ele>
      </trkpt>
      <trkpt lat="51.801230000" lon="5.127250000">
        <ele>2.000</ele>
      </trkpt>
      <trkpt lat="51.801190000" lon="5.127560000">
        <ele>2.000</ele>
      </trkpt>
      <trkpt lat="51.801170000" lon="5.127770000">
        <ele>2.000</ele>
      </trkpt>
      <trkpt lat="51.801050000" lon="5.128780000">
        <ele>2.000</ele>
      </trkpt>
      <trkpt lat="51.801030000" lon="5.128970000">
        <ele>2.000</ele>
      </trkpt>
      <trkpt lat="51.800970000" lon="5.129480000">
        <ele>2.000</ele>
      </trkpt>
      <trkpt lat="51.800830000" lon="5.130680000">
        <ele>2.000</ele>
      </trkpt>
      <trkpt lat="51.800700000" lon="5.131830000">
        <ele>2.000</ele>
      </trkpt>
      <trkpt lat="51.800590000" lon="5.132780000">
        <ele>2.000</ele>
      </trkpt>
      <trkpt lat="51.800550000" lon="5.133170000">
        <ele>2.000</ele>
      </trkpt>
      <trkpt lat="51.800510000" lon="5.133340000">
        <ele>2.000</ele>
      </trkpt>
      <trkpt lat="51.800410000" lon="5.134090000">
        <ele>2.000</ele>
      </trkpt>
      <trkpt lat="51.800390000" lon="5.134240000">
        <ele>2.000</ele>
      </trkpt>
      <trkpt lat="51.800380000" lon="5.134240000">
        <ele>2.000</ele>
      </trkpt>
      <trkpt lat="51.800370000" lon="5.134240000">
        <ele>2.000</ele>
      </trkpt>
      <trkpt lat="51.800360000" lon="5.134240000">
        <ele>2.000</ele>
      </trkpt>
      <trkpt lat="51.800360000" lon="5.134250000">
        <ele>2.000</ele>
      </trkpt>
      <trkpt lat="51.800350000" lon="5.134250000">
        <ele>2.000</ele>
      </trkpt>
      <trkpt lat="51.800340000" lon="5.134260000">
        <ele>2.000</ele>
      </trkpt>
      <trkpt lat="51.800330000" lon="5.134260000">
        <ele>2.000</ele>
      </trkpt>
      <trkpt lat="51.800330000" lon="5.134270000">
        <ele>2.000</ele>
      </trkpt>
      <trkpt lat="51.800320000" lon="5.134280000">
        <ele>2.000</ele>
      </trkpt>
      <trkpt lat="51.800310000" lon="5.134280000">
        <ele>2.000</ele>
      </trkpt>
      <trkpt lat="51.800310000" lon="5.134290000">
        <ele>2.000</ele>
      </trkpt>
      <trkpt lat="51.800300000" lon="5.134300000">
        <ele>2.000</ele>
      </trkpt>
      <trkpt lat="51.800300000" lon="5.134310000">
        <ele>2.000</ele>
      </trkpt>
      <trkpt lat="51.800290000" lon="5.134320000">
        <ele>2.000</ele>
      </trkpt>
      <trkpt lat="51.800290000" lon="5.134330000">
        <ele>2.000</ele>
      </trkpt>
      <trkpt lat="51.800280000" lon="5.134340000">
        <ele>2.000</ele>
      </trkpt>
      <trkpt lat="51.800280000" lon="5.134350000">
        <ele>2.000</ele>
      </trkpt>
      <trkpt lat="51.800280000" lon="5.134370000">
        <ele>2.000</ele>
      </trkpt>
      <trkpt lat="51.800270000" lon="5.134380000">
        <ele>2.000</ele>
      </trkpt>
      <trkpt lat="51.800270000" lon="5.134390000">
        <ele>2.000</ele>
      </trkpt>
      <trkpt lat="51.800270000" lon="5.134410000">
        <ele>2.000</ele>
      </trkpt>
      <trkpt lat="51.800270000" lon="5.134420000">
        <ele>2.000</ele>
      </trkpt>
      <trkpt lat="51.800270000" lon="5.134440000">
        <ele>2.000</ele>
      </trkpt>
      <trkpt lat="51.800270000" lon="5.134450000">
        <ele>2.000</ele>
      </trkpt>
      <trkpt lat="51.800270000" lon="5.134480000">
        <ele>2.000</ele>
      </trkpt>
      <trkpt lat="51.800270000" lon="5.134490000">
        <ele>2.000</ele>
      </trkpt>
      <trkpt lat="51.800270000" lon="5.134510000">
        <ele>2.000</ele>
      </trkpt>
      <trkpt lat="51.800270000" lon="5.134520000">
        <ele>2.000</ele>
      </trkpt>
      <trkpt lat="51.800280000" lon="5.134540000">
        <ele>2.000</ele>
      </trkpt>
      <trkpt lat="51.800280000" lon="5.134550000">
        <ele>2.000</ele>
      </trkpt>
      <trkpt lat="51.800280000" lon="5.134560000">
        <ele>2.000</ele>
      </trkpt>
      <trkpt lat="51.800290000" lon="5.134580000">
        <ele>2.000</ele>
      </trkpt>
      <trkpt lat="51.800290000" lon="5.134590000">
        <ele>2.000</ele>
      </trkpt>
      <trkpt lat="51.800300000" lon="5.134600000">
        <ele>2.000</ele>
      </trkpt>
      <trkpt lat="51.800300000" lon="5.134610000">
        <ele>2.000</ele>
      </trkpt>
      <trkpt lat="51.800310000" lon="5.134620000">
        <ele>2.000</ele>
      </trkpt>
      <trkpt lat="51.800320000" lon="5.134630000">
        <ele>2.000</ele>
      </trkpt>
      <trkpt lat="51.800330000" lon="5.134640000">
        <ele>2.000</ele>
      </trkpt>
      <trkpt lat="51.800340000" lon="5.134660000">
        <ele>2.000</ele>
      </trkpt>
      <trkpt lat="51.800330000" lon="5.134850000">
        <ele>2.000</ele>
      </trkpt>
      <trkpt lat="51.800280000" lon="5.135390000">
        <ele>2.000</ele>
      </trkpt>
      <trkpt lat="51.800280000" lon="5.135490000">
        <ele>2.000</ele>
      </trkpt>
      <trkpt lat="51.800080000" lon="5.137230000">
        <ele>2.000</ele>
      </trkpt>
      <trkpt lat="51.799870000" lon="5.139060000">
        <ele>2.000</ele>
      </trkpt>
      <trkpt lat="51.799740000" lon="5.140170000">
        <ele>2.000</ele>
      </trkpt>
      <trkpt lat="51.799610000" lon="5.141290000">
        <ele>2.000</ele>
      </trkpt>
      <trkpt lat="51.799540000" lon="5.141920000">
        <ele>2.000</ele>
      </trkpt>
      <trkpt lat="51.799490000" lon="5.142330000">
        <ele>2.000</ele>
      </trkpt>
      <trkpt lat="51.799440000" lon="5.142800000">
        <ele>2.000</ele>
      </trkpt>
      <trkpt lat="51.799310000" lon="5.143920000">
        <ele>2.000</ele>
      </trkpt>
      <trkpt lat="51.799280000" lon="5.144150000">
        <ele>2.000</ele>
      </trkpt>
      <trkpt lat="51.799250000" lon="5.144410000">
        <ele>2.000</ele>
      </trkpt>
      <trkpt lat="51.799190000" lon="5.144870000">
        <ele>2.000</ele>
      </trkpt>
      <trkpt lat="51.799150000" lon="5.145150000">
        <ele>2.000</ele>
      </trkpt>
      <trkpt lat="51.799110000" lon="5.145430000">
        <ele>2.000</ele>
      </trkpt>
      <trkpt lat="51.799070000" lon="5.145690000">
        <ele>2.000</ele>
      </trkpt>
      <trkpt lat="51.799010000" lon="5.146040000">
        <ele>2.000</ele>
      </trkpt>
      <trkpt lat="51.798960000" lon="5.146260000">
        <ele>2.000</ele>
      </trkpt>
      <trkpt lat="51.798900000" lon="5.146560000">
        <ele>2.000</ele>
      </trkpt>
      <trkpt lat="51.798830000" lon="5.146870000">
        <ele>2.000</ele>
      </trkpt>
      <trkpt lat="51.798780000" lon="5.147060000">
        <ele>1.000</ele>
      </trkpt>
      <trkpt lat="51.798740000" lon="5.147210000">
        <ele>1.000</ele>
      </trkpt>
      <trkpt lat="51.798700000" lon="5.147370000">
        <ele>1.000</ele>
      </trkpt>
      <trkpt lat="51.798610000" lon="5.147710000">
        <ele>1.000</ele>
      </trkpt>
      <trkpt lat="51.798300000" lon="5.148830000">
        <ele>1.000</ele>
      </trkpt>
      <trkpt lat="51.798200000" lon="5.149190000">
        <ele>1.000</ele>
      </trkpt>
      <trkpt lat="51.798080000" lon="5.149640000">
        <ele>1.000</ele>
      </trkpt>
      <trkpt lat="51.797950000" lon="5.150100000">
        <ele>1.000</ele>
      </trkpt>
      <trkpt lat="51.797850000" lon="5.150440000">
        <ele>1.000</ele>
      </trkpt>
      <trkpt lat="51.797720000" lon="5.150910000">
        <ele>1.000</ele>
      </trkpt>
      <trkpt lat="51.797680000" lon="5.151080000">
        <ele>1.000</ele>
      </trkpt>
      <trkpt lat="51.797630000" lon="5.151240000">
        <ele>1.000</ele>
      </trkpt>
      <trkpt lat="51.797550000" lon="5.151550000">
        <ele>1.000</ele>
      </trkpt>
      <trkpt lat="51.797500000" lon="5.151710000">
        <ele>1.000</ele>
      </trkpt>
      <trkpt lat="51.797470000" lon="5.151840000">
        <ele>1.000</ele>
      </trkpt>
      <trkpt lat="51.797460000" lon="5.151870000">
        <ele>1.000</ele>
      </trkpt>
      <trkpt lat="51.797410000" lon="5.152050000">
        <ele>1.000</ele>
      </trkpt>
      <trkpt lat="51.797390000" lon="5.152100000">
        <ele>1.000</ele>
      </trkpt>
      <trkpt lat="51.797360000" lon="5.152210000">
        <ele>1.000</ele>
      </trkpt>
      <trkpt lat="51.797320000" lon="5.152370000">
        <ele>1.000</ele>
      </trkpt>
      <trkpt lat="51.797230000" lon="5.152690000">
        <ele>1.000</ele>
      </trkpt>
      <trkpt lat="51.797190000" lon="5.152850000">
        <ele>1.000</ele>
      </trkpt>
      <trkpt lat="51.797140000" lon="5.153020000">
        <ele>1.000</ele>
      </trkpt>
      <trkpt lat="51.797060000" lon="5.153310000">
        <ele>1.000</ele>
      </trkpt>
      <trkpt lat="51.797010000" lon="5.153480000">
        <ele>1.000</ele>
      </trkpt>
      <trkpt lat="51.796960000" lon="5.153650000">
        <ele>1.000</ele>
      </trkpt>
      <trkpt lat="51.796830000" lon="5.154140000">
        <ele>1.000</ele>
      </trkpt>
      <trkpt lat="51.796610000" lon="5.154930000">
        <ele>1.000</ele>
      </trkpt>
      <trkpt lat="51.796560000" lon="5.155110000">
        <ele>1.000</ele>
      </trkpt>
      <trkpt lat="51.796460000" lon="5.155440000">
        <ele>1.000</ele>
      </trkpt>
      <trkpt lat="51.796360000" lon="5.155820000">
        <ele>1.000</ele>
      </trkpt>
      <trkpt lat="51.796340000" lon="5.155910000">
        <ele>2.000</ele>
      </trkpt>
      <trkpt lat="51.796250000" lon="5.156240000">
        <ele>2.000</ele>
      </trkpt>
      <trkpt lat="51.796110000" lon="5.156710000">
        <ele>2.000</ele>
      </trkpt>
      <trkpt lat="51.795980000" lon="5.157190000">
        <ele>2.000</ele>
      </trkpt>
      <trkpt lat="51.795850000" lon="5.157670000">
        <ele>2.000</ele>
      </trkpt>
      <trkpt lat="51.795670000" lon="5.158320000">
        <ele>2.000</ele>
      </trkpt>
      <trkpt lat="51.795590000" lon="5.158650000">
        <ele>2.000</ele>
      </trkpt>
      <trkpt lat="51.795570000" lon="5.158750000">
        <ele>2.000</ele>
      </trkpt>
      <trkpt lat="51.795520000" lon="5.158970000">
        <ele>2.000</ele>
      </trkpt>
      <trkpt lat="51.795400000" lon="5.159520000">
        <ele>2.000</ele>
      </trkpt>
      <trkpt lat="51.795290000" lon="5.160160000">
        <ele>2.000</ele>
      </trkpt>
      <trkpt lat="51.795250000" lon="5.160410000">
        <ele>2.000</ele>
      </trkpt>
      <trkpt lat="51.795150000" lon="5.161020000">
        <ele>2.000</ele>
      </trkpt>
      <trkpt lat="51.795020000" lon="5.161900000">
        <ele>2.000</ele>
      </trkpt>
      <trkpt lat="51.794890000" lon="5.162740000">
        <ele>2.000</ele>
      </trkpt>
      <trkpt lat="51.794740000" lon="5.163790000">
        <ele>2.000</ele>
      </trkpt>
      <trkpt lat="51.794390000" lon="5.166110000">
        <ele>2.000</ele>
      </trkpt>
      <trkpt lat="51.794350000" lon="5.166390000">
        <ele>2.000</ele>
      </trkpt>
      <trkpt lat="51.794310000" lon="5.166670000">
        <ele>2.000</ele>
      </trkpt>
      <trkpt lat="51.793910000" lon="5.169350000">
        <ele>2.000</ele>
      </trkpt>
      <trkpt lat="51.793890000" lon="5.169500000">
        <ele>2.000</ele>
      </trkpt>
      <trkpt lat="51.793630000" lon="5.171190000">
        <ele>2.000</ele>
      </trkpt>
      <trkpt lat="51.793550000" lon="5.171760000">
        <ele>2.000</ele>
      </trkpt>
      <trkpt lat="51.793380000" lon="5.172890000">
        <ele>2.000</ele>
      </trkpt>
      <trkpt lat="51.793380000" lon="5.172900000">
        <ele>2.000</ele>
      </trkpt>
      <trkpt lat="51.793270000" lon="5.173600000">
        <ele>2.000</ele>
      </trkpt>
      <trkpt lat="51.793250000" lon="5.173760000">
        <ele>2.000</ele>
      </trkpt>
      <trkpt lat="51.793170000" lon="5.174280000">
        <ele>2.000</ele>
      </trkpt>
      <trkpt lat="51.793170000" lon="5.174300000">
        <ele>2.000</ele>
      </trkpt>
      <trkpt lat="51.793130000" lon="5.174610000">
        <ele>2.000</ele>
      </trkpt>
      <trkpt lat="51.793110000" lon="5.174730000">
        <ele>2.000</ele>
      </trkpt>
      <trkpt lat="51.793100000" lon="5.174890000">
        <ele>2.000</ele>
      </trkpt>
      <trkpt lat="51.793050000" lon="5.175300000">
        <ele>2.000</ele>
      </trkpt>
      <trkpt lat="51.793030000" lon="5.175570000">
        <ele>2.000</ele>
      </trkpt>
      <trkpt lat="51.793000000" lon="5.176000000">
        <ele>2.000</ele>
      </trkpt>
      <trkpt lat="51.792980000" lon="5.176370000">
        <ele>2.000</ele>
      </trkpt>
      <trkpt lat="51.792970000" lon="5.176700000">
        <ele>2.000</ele>
      </trkpt>
      <trkpt lat="51.792960000" lon="5.176890000">
        <ele>2.000</ele>
      </trkpt>
      <trkpt lat="51.792960000" lon="5.177040000">
        <ele>2.000</ele>
      </trkpt>
      <trkpt lat="51.792950000" lon="5.177240000">
        <ele>2.000</ele>
      </trkpt>
      <trkpt lat="51.792950000" lon="5.177480000">
        <ele>2.000</ele>
      </trkpt>
      <trkpt lat="51.792950000" lon="5.177540000">
        <ele>2.000</ele>
      </trkpt>
      <trkpt lat="51.792950000" lon="5.177830000">
        <ele>2.000</ele>
      </trkpt>
      <trkpt lat="51.792960000" lon="5.178120000">
        <ele>2.000</ele>
      </trkpt>
      <trkpt lat="51.792960000" lon="5.178300000">
        <ele>2.000</ele>
      </trkpt>
      <trkpt lat="51.793050000" lon="5.180580000">
        <ele>2.000</ele>
      </trkpt>
      <trkpt lat="51.793060000" lon="5.180960000">
        <ele>2.000</ele>
      </trkpt>
      <trkpt lat="51.793080000" lon="5.181480000">
        <ele>2.000</ele>
      </trkpt>
      <trkpt lat="51.793200000" lon="5.184710000">
        <ele>3.000</ele>
      </trkpt>
      <trkpt lat="51.793220000" lon="5.185030000">
        <ele>3.000</ele>
      </trkpt>
      <trkpt lat="51.793260000" lon="5.186030000">
        <ele>3.000</ele>
      </trkpt>
      <trkpt lat="51.793290000" lon="5.186910000">
        <ele>3.000</ele>
      </trkpt>
      <trkpt lat="51.793290000" lon="5.187060000">
        <ele>3.000</ele>
      </trkpt>
      <trkpt lat="51.793290000" lon="5.187210000">
        <ele>3.000</ele>
      </trkpt>
      <trkpt lat="51.793330000" lon="5.188160000">
        <ele>3.000</ele>
      </trkpt>
      <trkpt lat="51.793340000" lon="5.188410000">
        <ele>3.000</ele>
      </trkpt>
      <trkpt lat="51.793390000" lon="5.189610000">
        <ele>3.000</ele>
      </trkpt>
      <trkpt lat="51.793430000" lon="5.190700000">
        <ele>3.000</ele>
      </trkpt>
      <trkpt lat="51.793500000" lon="5.192730000">
        <ele>3.000</ele>
      </trkpt>
      <trkpt lat="51.793540000" lon="5.193460000">
        <ele>2.000</ele>
      </trkpt>
      <trkpt lat="51.793580000" lon="5.194000000">
        <ele>2.000</ele>
      </trkpt>
      <trkpt lat="51.793610000" lon="5.194340000">
        <ele>2.000</ele>
      </trkpt>
      <trkpt lat="51.793770000" lon="5.196110000">
        <ele>1.000</ele>
      </trkpt>
      <trkpt lat="51.793800000" lon="5.196410000">
        <ele>1.000</ele>
      </trkpt>
      <trkpt lat="51.793940000" lon="5.197850000">
        <ele>1.000</ele>
      </trkpt>
      <trkpt lat="51.793940000" lon="5.197860000">
        <ele>1.000</ele>
      </trkpt>
      <trkpt lat="51.793980000" lon="5.198290000">
        <ele>1.000</ele>
      </trkpt>
      <trkpt lat="51.794020000" lon="5.198710000">
        <ele>1.000</ele>
      </trkpt>
      <trkpt lat="51.794200000" lon="5.200690000">
        <ele>1.000</ele>
      </trkpt>
      <trkpt lat="51.794280000" lon="5.201550000">
        <ele>1.000</ele>
      </trkpt>
      <trkpt lat="51.794400000" lon="5.202860000">
        <ele>1.000</ele>
      </trkpt>
      <trkpt lat="51.794520000" lon="5.204140000">
        <ele>1.000</ele>
      </trkpt>
      <trkpt lat="51.794790000" lon="5.207020000">
        <ele>1.000</ele>
      </trkpt>
      <trkpt lat="51.794780000" lon="5.207130000">
        <ele>1.000</ele>
      </trkpt>
      <trkpt lat="51.794790000" lon="5.207680000">
        <ele>1.000</ele>
      </trkpt>
      <trkpt lat="51.794780000" lon="5.207690000">
        <ele>1.000</ele>
      </trkpt>
      <trkpt lat="51.794770000" lon="5.207700000">
        <ele>1.000</ele>
      </trkpt>
      <trkpt lat="51.794760000" lon="5.207710000">
        <ele>1.000</ele>
      </trkpt>
      <trkpt lat="51.794750000" lon="5.207720000">
        <ele>1.000</ele>
      </trkpt>
      <trkpt lat="51.794740000" lon="5.207740000">
        <ele>1.000</ele>
      </trkpt>
      <trkpt lat="51.794740000" lon="5.207750000">
        <ele>1.000</ele>
      </trkpt>
      <trkpt lat="51.794730000" lon="5.207770000">
        <ele>1.000</ele>
      </trkpt>
      <trkpt lat="51.794720000" lon="5.207780000">
        <ele>1.000</ele>
      </trkpt>
      <trkpt lat="51.794720000" lon="5.207800000">
        <ele>1.000</ele>
      </trkpt>
      <trkpt lat="51.794710000" lon="5.207820000">
        <ele>1.000</ele>
      </trkpt>
      <trkpt lat="51.794710000" lon="5.207830000">
        <ele>1.000</ele>
      </trkpt>
      <trkpt lat="51.794700000" lon="5.207850000">
        <ele>1.000</ele>
      </trkpt>
      <trkpt lat="51.794700000" lon="5.207870000">
        <ele>1.000</ele>
      </trkpt>
      <trkpt lat="51.794700000" lon="5.207890000">
        <ele>1.000</ele>
      </trkpt>
      <trkpt lat="51.794700000" lon="5.207920000">
        <ele>1.000</ele>
      </trkpt>
      <trkpt lat="51.794700000" lon="5.207940000">
        <ele>1.000</ele>
      </trkpt>
      <trkpt lat="51.794700000" lon="5.207960000">
        <ele>1.000</ele>
      </trkpt>
      <trkpt lat="51.794700000" lon="5.207980000">
        <ele>1.000</ele>
      </trkpt>
      <trkpt lat="51.794700000" lon="5.208000000">
        <ele>1.000</ele>
      </trkpt>
      <trkpt lat="51.794710000" lon="5.208020000">
        <ele>1.000</ele>
      </trkpt>
      <trkpt lat="51.794710000" lon="5.208030000">
        <ele>1.000</ele>
      </trkpt>
      <trkpt lat="51.794720000" lon="5.208050000">
        <ele>1.000</ele>
      </trkpt>
      <trkpt lat="51.794720000" lon="5.208070000">
        <ele>1.000</ele>
      </trkpt>
      <trkpt lat="51.794730000" lon="5.208080000">
        <ele>1.000</ele>
      </trkpt>
      <trkpt lat="51.794740000" lon="5.208100000">
        <ele>1.000</ele>
      </trkpt>
      <trkpt lat="51.794750000" lon="5.208110000">
        <ele>1.000</ele>
      </trkpt>
      <trkpt lat="51.794750000" lon="5.208120000">
        <ele>1.000</ele>
      </trkpt>
      <trkpt lat="51.794760000" lon="5.208140000">
        <ele>1.000</ele>
      </trkpt>
      <trkpt lat="51.794770000" lon="5.208150000">
        <ele>1.000</ele>
      </trkpt>
      <trkpt lat="51.794780000" lon="5.208160000">
        <ele>1.000</ele>
      </trkpt>
      <trkpt lat="51.794790000" lon="5.208160000">
        <ele>1.000</ele>
      </trkpt>
      <trkpt lat="51.794810000" lon="5.208170000">
        <ele>1.000</ele>
      </trkpt>
      <trkpt lat="51.794820000" lon="5.208180000">
        <ele>1.000</ele>
      </trkpt>
      <trkpt lat="51.794840000" lon="5.208180000">
        <ele>1.000</ele>
      </trkpt>
      <trkpt lat="51.794930000" lon="5.208700000">
        <ele>1.000</ele>
      </trkpt>
      <trkpt lat="51.794960000" lon="5.208840000">
        <ele>1.000</ele>
      </trkpt>
      <trkpt lat="51.795110000" lon="5.210020000">
        <ele>1.000</ele>
      </trkpt>
      <trkpt lat="51.795370000" lon="5.212060000">
        <ele>1.000</ele>
      </trkpt>
      <trkpt lat="51.795500000" lon="5.213110000">
        <ele>1.000</ele>
      </trkpt>
      <trkpt lat="51.795550000" lon="5.213480000">
        <ele>1.000</ele>
      </trkpt>
      <trkpt lat="51.795780000" lon="5.215290000">
        <ele>1.000</ele>
      </trkpt>
      <trkpt lat="51.795960000" lon="5.216780000">
        <ele>1.000</ele>
      </trkpt>
      <trkpt lat="51.796400000" lon="5.220240000">
        <ele>2.000</ele>
      </trkpt>
      <trkpt lat="51.796400000" lon="5.220240000">
        <ele>2.000</ele>
      </trkpt>
      <trkpt lat="51.796450000" lon="5.220610000">
        <ele>2.000</ele>
      </trkpt>
      <trkpt lat="51.796710000" lon="5.222660000">
        <ele>2.000</ele>
      </trkpt>
      <trkpt lat="51.796990000" lon="5.224790000">
        <ele>2.000</ele>
      </trkpt>
      <trkpt lat="51.797150000" lon="5.226120000">
        <ele>2.000</ele>
      </trkpt>
      <trkpt lat="51.797360000" lon="5.227730000">
        <ele>2.000</ele>
      </trkpt>
      <trkpt lat="51.797370000" lon="5.227840000">
        <ele>2.000</ele>
      </trkpt>
      <trkpt lat="51.797380000" lon="5.227950000">
        <ele>2.000</ele>
      </trkpt>
      <trkpt lat="51.797790000" lon="5.231160000">
        <ele>2.000</ele>
      </trkpt>
      <trkpt lat="51.797820000" lon="5.231790000">
        <ele>2.000</ele>
      </trkpt>
      <trkpt lat="51.797820000" lon="5.232110000">
        <ele>2.000</ele>
      </trkpt>
      <trkpt lat="51.797810000" lon="5.232390000">
        <ele>2.000</ele>
      </trkpt>
      <trkpt lat="51.797790000" lon="5.232670000">
        <ele>2.000</ele>
      </trkpt>
      <trkpt lat="51.797760000" lon="5.232990000">
        <ele>2.000</ele>
      </trkpt>
      <trkpt lat="51.797710000" lon="5.233320000">
        <ele>2.000</ele>
      </trkpt>
      <trkpt lat="51.797650000" lon="5.233580000">
        <ele>2.000</ele>
      </trkpt>
      <trkpt lat="51.797590000" lon="5.233840000">
        <ele>2.000</ele>
      </trkpt>
      <trkpt lat="51.797520000" lon="5.234080000">
        <ele>2.000</ele>
      </trkpt>
      <trkpt lat="51.797450000" lon="5.234340000">
        <ele>2.000</ele>
      </trkpt>
      <trkpt lat="51.797350000" lon="5.234610000">
        <ele>2.000</ele>
      </trkpt>
      <trkpt lat="51.797160000" lon="5.235080000">
        <ele>2.000</ele>
      </trkpt>
      <trkpt lat="51.796950000" lon="5.235470000">
        <ele>2.000</ele>
      </trkpt>
      <trkpt lat="51.796810000" lon="5.235710000">
        <ele>2.000</ele>
      </trkpt>
      <trkpt lat="51.796680000" lon="5.235950000">
        <ele>2.000</ele>
      </trkpt>
      <trkpt lat="51.796570000" lon="5.236170000">
        <ele>2.000</ele>
      </trkpt>
      <trkpt lat="51.796480000" lon="5.236370000">
        <ele>2.000</ele>
      </trkpt>
      <trkpt lat="51.796370000" lon="5.236640000">
        <ele>2.000</ele>
      </trkpt>
      <trkpt lat="51.796270000" lon="5.236950000">
        <ele>2.000</ele>
      </trkpt>
      <trkpt lat="51.796160000" lon="5.237320000">
        <ele>2.000</ele>
      </trkpt>
      <trkpt lat="51.796100000" lon="5.237640000">
        <ele>2.000</ele>
      </trkpt>
      <trkpt lat="51.796040000" lon="5.237940000">
        <ele>2.000</ele>
      </trkpt>
      <trkpt lat="51.796040000" lon="5.237950000">
        <ele>2.000</ele>
      </trkpt>
      <trkpt lat="51.795980000" lon="5.238390000">
        <ele>2.000</ele>
      </trkpt>
      <trkpt lat="51.795950000" lon="5.238780000">
        <ele>2.000</ele>
      </trkpt>
      <trkpt lat="51.795940000" lon="5.238980000">
        <ele>2.000</ele>
      </trkpt>
      <trkpt lat="51.795940000" lon="5.239170000">
        <ele>2.000</ele>
      </trkpt>
      <trkpt lat="51.795940000" lon="5.239290000">
        <ele>2.000</ele>
      </trkpt>
      <trkpt lat="51.795940000" lon="5.239550000">
        <ele>2.000</ele>
      </trkpt>
      <trkpt lat="51.795950000" lon="5.239850000">
        <ele>2.000</ele>
      </trkpt>
      <trkpt lat="51.795960000" lon="5.240270000">
        <ele>2.000</ele>
      </trkpt>
      <trkpt lat="51.795980000" lon="5.240820000">
        <ele>2.000</ele>
      </trkpt>
      <trkpt lat="51.795980000" lon="5.241030000">
        <ele>2.000</ele>
      </trkpt>
      <trkpt lat="51.795990000" lon="5.241690000">
        <ele>2.000</ele>
      </trkpt>
      <trkpt lat="51.796020000" lon="5.242760000">
        <ele>2.000</ele>
      </trkpt>
      <trkpt lat="51.796030000" lon="5.243660000">
        <ele>2.000</ele>
      </trkpt>
      <trkpt lat="51.795980000" lon="5.244070000">
        <ele>2.000</ele>
      </trkpt>
      <trkpt lat="51.795970000" lon="5.244330000">
        <ele>2.000</ele>
      </trkpt>
      <trkpt lat="51.795920000" lon="5.245210000">
        <ele>2.000</ele>
      </trkpt>
      <trkpt lat="51.795900000" lon="5.245550000">
        <ele>2.000</ele>
      </trkpt>
      <trkpt lat="51.795880000" lon="5.245730000">
        <ele>2.000</ele>
      </trkpt>
      <trkpt lat="51.795870000" lon="5.245970000">
        <ele>2.000</ele>
      </trkpt>
      <trkpt lat="51.795840000" lon="5.246230000">
        <ele>2.000</ele>
      </trkpt>
      <trkpt lat="51.795750000" lon="5.246850000">
        <ele>2.000</ele>
      </trkpt>
      <trkpt lat="51.795710000" lon="5.247110000">
        <ele>2.000</ele>
      </trkpt>
      <trkpt lat="51.795640000" lon="5.247500000">
        <ele>2.000</ele>
      </trkpt>
      <trkpt lat="51.795500000" lon="5.248190000">
        <ele>2.000</ele>
      </trkpt>
      <trkpt lat="51.795320000" lon="5.249010000">
        <ele>2.000</ele>
      </trkpt>
      <trkpt lat="51.795260000" lon="5.249190000">
        <ele>2.000</ele>
      </trkpt>
      <trkpt lat="51.794970000" lon="5.250260000">
        <ele>2.000</ele>
      </trkpt>
      <trkpt lat="51.794570000" lon="5.251740000">
        <ele>2.000</ele>
      </trkpt>
      <trkpt lat="51.794440000" lon="5.252200000">
        <ele>3.000</ele>
      </trkpt>
      <trkpt lat="51.794370000" lon="5.252420000">
        <ele>3.000</ele>
      </trkpt>
      <trkpt lat="51.794320000" lon="5.252690000">
        <ele>3.000</ele>
      </trkpt>
      <trkpt lat="51.794200000" lon="5.253260000">
        <ele>3.000</ele>
      </trkpt>
      <trkpt lat="51.794120000" lon="5.253880000">
        <ele>4.000</ele>
      </trkpt>
      <trkpt lat="51.794060000" lon="5.254310000">
        <ele>4.000</ele>
      </trkpt>
      <trkpt lat="51.794030000" lon="5.254650000">
        <ele>5.000</ele>
      </trkpt>
      <trkpt lat="51.793970000" lon="5.255380000">
        <ele>5.000</ele>
      </trkpt>
      <trkpt lat="51.793960000" lon="5.255470000">
        <ele>5.000</ele>
      </trkpt>
      <trkpt lat="51.793950000" lon="5.255550000">
        <ele>5.000</ele>
      </trkpt>
      <trkpt lat="51.793920000" lon="5.255980000">
        <ele>5.000</ele>
      </trkpt>
      <trkpt lat="51.793870000" lon="5.256620000">
        <ele>5.000</ele>
      </trkpt>
      <trkpt lat="51.793820000" lon="5.257230000">
        <ele>4.000</ele>
      </trkpt>
      <trkpt lat="51.793780000" lon="5.257740000">
        <ele>4.000</ele>
      </trkpt>
      <trkpt lat="51.793750000" lon="5.258120000">
        <ele>4.000</ele>
      </trkpt>
      <trkpt lat="51.793720000" lon="5.258500000">
        <ele>4.000</ele>
      </trkpt>
      <trkpt lat="51.793690000" lon="5.258920000">
        <ele>4.000</ele>
      </trkpt>
      <trkpt lat="51.793610000" lon="5.260140000">
        <ele>5.000</ele>
      </trkpt>
      <trkpt lat="51.793560000" lon="5.260760000">
        <ele>6.000</ele>
      </trkpt>
      <trkpt lat="51.793550000" lon="5.260960000">
        <ele>6.000</ele>
      </trkpt>
      <trkpt lat="51.793480000" lon="5.261750000">
        <ele>7.000</ele>
      </trkpt>
      <trkpt lat="51.793480000" lon="5.261810000">
        <ele>7.000</ele>
      </trkpt>
      <trkpt lat="51.793460000" lon="5.262180000">
        <ele>7.000</ele>
      </trkpt>
      <trkpt lat="51.793450000" lon="5.262690000">
        <ele>6.000</ele>
      </trkpt>
      <trkpt lat="51.793450000" lon="5.262740000">
        <ele>6.000</ele>
      </trkpt>
      <trkpt lat="51.793450000" lon="5.263050000">
        <ele>6.000</ele>
      </trkpt>
      <trkpt lat="51.793440000" lon="5.263280000">
        <ele>6.000</ele>
      </trkpt>
      <trkpt lat="51.793440000" lon="5.263290000">
        <ele>6.000</ele>
      </trkpt>
      <trkpt lat="51.793430000" lon="5.263440000">
        <ele>6.000</ele>
      </trkpt>
      <trkpt lat="51.793430000" lon="5.263600000">
        <ele>6.000</ele>
      </trkpt>
      <trkpt lat="51.793430000" lon="5.263830000">
        <ele>6.000</ele>
      </trkpt>
      <trkpt lat="51.793430000" lon="5.264060000">
        <ele>6.000</ele>
      </trkpt>
      <trkpt lat="51.793430000" lon="5.264420000">
        <ele>6.000</ele>
      </trkpt>
      <trkpt lat="51.793430000" lon="5.264720000">
        <ele>5.000</ele>
      </trkpt>
      <trkpt lat="51.793440000" lon="5.264900000">
        <ele>5.000</ele>
      </trkpt>
      <trkpt lat="51.793440000" lon="5.265230000">
        <ele>5.000</ele>
      </trkpt>
      <trkpt lat="51.793460000" lon="5.265520000">
        <ele>5.000</ele>
      </trkpt>
      <trkpt lat="51.793480000" lon="5.265780000">
        <ele>5.000</ele>
      </trkpt>
      <trkpt lat="51.793480000" lon="5.265830000">
        <ele>5.000</ele>
      </trkpt>
      <trkpt lat="51.793500000" lon="5.266140000">
        <ele>5.000</ele>
      </trkpt>
      <trkpt lat="51.793520000" lon="5.266390000">
        <ele>5.000</ele>
      </trkpt>
      <trkpt lat="51.793540000" lon="5.266680000">
        <ele>5.000</ele>
      </trkpt>
      <trkpt lat="51.793570000" lon="5.267010000">
        <ele>5.000</ele>
      </trkpt>
      <trkpt lat="51.793600000" lon="5.267290000">
        <ele>5.000</ele>
      </trkpt>
      <trkpt lat="51.793630000" lon="5.267520000">
        <ele>4.000</ele>
      </trkpt>
      <trkpt lat="51.793720000" lon="5.268300000">
        <ele>4.000</ele>
      </trkpt>
      <trkpt lat="51.793750000" lon="5.268500000">
        <ele>4.000</ele>
      </trkpt>
      <trkpt lat="51.793780000" lon="5.268690000">
        <ele>4.000</ele>
      </trkpt>
      <trkpt lat="51.793850000" lon="5.269200000">
        <ele>4.000</ele>
      </trkpt>
      <trkpt lat="51.794000000" lon="5.270140000">
        <ele>3.000</ele>
      </trkpt>
      <trkpt lat="51.794030000" lon="5.270320000">
        <ele>3.000</ele>
      </trkpt>
      <trkpt lat="51.794070000" lon="5.270510000">
        <ele>3.000</ele>
      </trkpt>
      <trkpt lat="51.794150000" lon="5.270960000">
        <ele>3.000</ele>
      </trkpt>
      <trkpt lat="51.794190000" lon="5.271160000">
        <ele>3.000</ele>
      </trkpt>
      <trkpt lat="51.794290000" lon="5.271710000">
        <ele>3.000</ele>
      </trkpt>
      <trkpt lat="51.794350000" lon="5.272020000">
        <ele>3.000</ele>
      </trkpt>
      <trkpt lat="51.794390000" lon="5.272200000">
        <ele>3.000</ele>
      </trkpt>
      <trkpt lat="51.794670000" lon="5.273470000">
        <ele>3.000</ele>
      </trkpt>
      <trkpt lat="51.794730000" lon="5.273750000">
        <ele>2.000</ele>
      </trkpt>
      <trkpt lat="51.794750000" lon="5.273850000">
        <ele>2.000</ele>
      </trkpt>
      <trkpt lat="51.794810000" lon="5.274160000">
        <ele>2.000</ele>
      </trkpt>
      <trkpt lat="51.794870000" lon="5.274380000">
        <ele>2.000</ele>
      </trkpt>
      <trkpt lat="51.794910000" lon="5.274580000">
        <ele>2.000</ele>
      </trkpt>
      <trkpt lat="51.794980000" lon="5.274840000">
        <ele>2.000</ele>
      </trkpt>
      <trkpt lat="51.795030000" lon="5.275050000">
        <ele>2.000</ele>
      </trkpt>
      <trkpt lat="51.795090000" lon="5.275320000">
        <ele>2.000</ele>
      </trkpt>
      <trkpt lat="51.795140000" lon="5.275540000">
        <ele>2.000</ele>
      </trkpt>
      <trkpt lat="51.795170000" lon="5.275640000">
        <ele>2.000</ele>
      </trkpt>
      <trkpt lat="51.795250000" lon="5.275910000">
        <ele>2.000</ele>
      </trkpt>
      <trkpt lat="51.795390000" lon="5.276350000">
        <ele>2.000</ele>
      </trkpt>
      <trkpt lat="51.795410000" lon="5.276440000">
        <ele>2.000</ele>
      </trkpt>
      <trkpt lat="51.795530000" lon="5.276820000">
        <ele>2.000</ele>
      </trkpt>
      <trkpt lat="51.795830000" lon="5.277730000">
        <ele>2.000</ele>
      </trkpt>
      <trkpt lat="51.795860000" lon="5.277820000">
        <ele>2.000</ele>
      </trkpt>
      <trkpt lat="51.795910000" lon="5.278020000">
        <ele>2.000</ele>
      </trkpt>
      <trkpt lat="51.795970000" lon="5.278220000">
        <ele>2.000</ele>
      </trkpt>
      <trkpt lat="51.796130000" lon="5.278700000">
        <ele>2.000</ele>
      </trkpt>
      <trkpt lat="51.796250000" lon="5.279010000">
        <ele>2.000</ele>
      </trkpt>
      <trkpt lat="51.796600000" lon="5.279870000">
        <ele>2.000</ele>
      </trkpt>
      <trkpt lat="51.796640000" lon="5.279960000">
        <ele>2.000</ele>
      </trkpt>
      <trkpt lat="51.796680000" lon="5.280040000">
        <ele>2.000</ele>
      </trkpt>
      <trkpt lat="51.796770000" lon="5.280270000">
        <ele>2.000</ele>
      </trkpt>
      <trkpt lat="51.796770000" lon="5.280280000">
        <ele>2.000</ele>
      </trkpt>
      <trkpt lat="51.796900000" lon="5.280600000">
        <ele>2.000</ele>
      </trkpt>
      <trkpt lat="51.797170000" lon="5.281270000">
        <ele>2.000</ele>
      </trkpt>
      <trkpt lat="51.798860000" lon="5.285110000">
        <ele>2.000</ele>
      </trkpt>
      <trkpt lat="51.799030000" lon="5.285510000">
        <ele>2.000</ele>
      </trkpt>
      <trkpt lat="51.799200000" lon="5.285930000">
        <ele>2.000</ele>
      </trkpt>
      <trkpt lat="51.799320000" lon="5.286280000">
        <ele>2.000</ele>
      </trkpt>
      <trkpt lat="51.799410000" lon="5.286560000">
        <ele>2.000</ele>
      </trkpt>
      <trkpt lat="51.799550000" lon="5.287130000">
        <ele>2.000</ele>
      </trkpt>
      <trkpt lat="51.799640000" lon="5.287560000">
        <ele>2.000</ele>
      </trkpt>
      <trkpt lat="51.799630000" lon="5.287560000">
        <ele>2.000</ele>
      </trkpt>
      <trkpt lat="51.799620000" lon="5.287570000">
        <ele>2.000</ele>
      </trkpt>
      <trkpt lat="51.799610000" lon="5.287580000">
        <ele>2.000</ele>
      </trkpt>
      <trkpt lat="51.799600000" lon="5.287590000">
        <ele>2.000</ele>
      </trkpt>
      <trkpt lat="51.799590000" lon="5.287600000">
        <ele>2.000</ele>
      </trkpt>
      <trkpt lat="51.799580000" lon="5.287610000">
        <ele>2.000</ele>
      </trkpt>
      <trkpt lat="51.799580000" lon="5.287620000">
        <ele>2.000</ele>
      </trkpt>
      <trkpt lat="51.799570000" lon="5.287630000">
        <ele>2.000</ele>
      </trkpt>
      <trkpt lat="51.799570000" lon="5.287640000">
        <ele>2.000</ele>
      </trkpt>
      <trkpt lat="51.799560000" lon="5.287650000">
        <ele>2.000</ele>
      </trkpt>
      <trkpt lat="51.799560000" lon="5.287660000">
        <ele>2.000</ele>
      </trkpt>
      <trkpt lat="51.799560000" lon="5.287670000">
        <ele>2.000</ele>
      </trkpt>
      <trkpt lat="51.799550000" lon="5.287690000">
        <ele>2.000</ele>
      </trkpt>
      <trkpt lat="51.799550000" lon="5.287700000">
        <ele>2.000</ele>
      </trkpt>
      <trkpt lat="51.799550000" lon="5.287710000">
        <ele>2.000</ele>
      </trkpt>
      <trkpt lat="51.799540000" lon="5.287720000">
        <ele>2.000</ele>
      </trkpt>
      <trkpt lat="51.799540000" lon="5.287740000">
        <ele>2.000</ele>
      </trkpt>
      <trkpt lat="51.799540000" lon="5.287750000">
        <ele>2.000</ele>
      </trkpt>
      <trkpt lat="51.799540000" lon="5.287760000">
        <ele>2.000</ele>
      </trkpt>
      <trkpt lat="51.799540000" lon="5.287770000">
        <ele>2.000</ele>
      </trkpt>
      <trkpt lat="51.799540000" lon="5.287790000">
        <ele>2.000</ele>
      </trkpt>
      <trkpt lat="51.799540000" lon="5.287800000">
        <ele>2.000</ele>
      </trkpt>
      <trkpt lat="51.799540000" lon="5.287810000">
        <ele>2.000</ele>
      </trkpt>
      <trkpt lat="51.799550000" lon="5.287830000">
        <ele>2.000</ele>
      </trkpt>
      <trkpt lat="51.799550000" lon="5.287840000">
        <ele>2.000</ele>
      </trkpt>
      <trkpt lat="51.799550000" lon="5.287850000">
        <ele>2.000</ele>
      </trkpt>
      <trkpt lat="51.799550000" lon="5.287860000">
        <ele>2.000</ele>
      </trkpt>
      <trkpt lat="51.799560000" lon="5.287870000">
        <ele>2.000</ele>
      </trkpt>
      <trkpt lat="51.799560000" lon="5.287890000">
        <ele>2.000</ele>
      </trkpt>
      <trkpt lat="51.799570000" lon="5.287900000">
        <ele>2.000</ele>
      </trkpt>
      <trkpt lat="51.799570000" lon="5.287910000">
        <ele>2.000</ele>
      </trkpt>
      <trkpt lat="51.799580000" lon="5.287920000">
        <ele>2.000</ele>
      </trkpt>
      <trkpt lat="51.799580000" lon="5.287930000">
        <ele>2.000</ele>
      </trkpt>
      <trkpt lat="51.799590000" lon="5.287930000">
        <ele>2.000</ele>
      </trkpt>
      <trkpt lat="51.799600000" lon="5.287940000">
        <ele>2.000</ele>
      </trkpt>
      <trkpt lat="51.799600000" lon="5.287950000">
        <ele>2.000</ele>
      </trkpt>
      <trkpt lat="51.799610000" lon="5.287960000">
        <ele>2.000</ele>
      </trkpt>
      <trkpt lat="51.799620000" lon="5.287960000">
        <ele>2.000</ele>
      </trkpt>
      <trkpt lat="51.799620000" lon="5.287970000">
        <ele>2.000</ele>
      </trkpt>
      <trkpt lat="51.799630000" lon="5.287970000">
        <ele>2.000</ele>
      </trkpt>
      <trkpt lat="51.799640000" lon="5.287980000">
        <ele>2.000</ele>
      </trkpt>
      <trkpt lat="51.799650000" lon="5.287980000">
        <ele>2.000</ele>
      </trkpt>
      <trkpt lat="51.799660000" lon="5.287990000">
        <ele>2.000</ele>
      </trkpt>
      <trkpt lat="51.799670000" lon="5.287990000">
        <ele>2.000</ele>
      </trkpt>
      <trkpt lat="51.799680000" lon="5.287990000">
        <ele>2.000</ele>
      </trkpt>
      <trkpt lat="51.799690000" lon="5.287990000">
        <ele>2.000</ele>
      </trkpt>
      <trkpt lat="51.799700000" lon="5.287980000">
        <ele>2.000</ele>
      </trkpt>
      <trkpt lat="51.799750000" lon="5.288360000">
        <ele>2.000</ele>
      </trkpt>
      <trkpt lat="51.799780000" lon="5.288590000">
        <ele>2.000</ele>
      </trkpt>
      <trkpt lat="51.799810000" lon="5.288980000">
        <ele>2.000</ele>
      </trkpt>
      <trkpt lat="51.799820000" lon="5.289420000">
        <ele>2.000</ele>
      </trkpt>
      <trkpt lat="51.799820000" lon="5.289730000">
        <ele>2.000</ele>
      </trkpt>
      <trkpt lat="51.799810000" lon="5.290140000">
        <ele>2.000</ele>
      </trkpt>
      <trkpt lat="51.799750000" lon="5.291060000">
        <ele>2.000</ele>
      </trkpt>
      <trkpt lat="51.799710000" lon="5.291710000">
        <ele>2.000</ele>
      </trkpt>
      <trkpt lat="51.799580000" lon="5.293790000">
        <ele>2.000</ele>
      </trkpt>
      <trkpt lat="51.799570000" lon="5.293910000">
        <ele>2.000</ele>
      </trkpt>
      <trkpt lat="51.799430000" lon="5.296100000">
        <ele>2.000</ele>
      </trkpt>
      <trkpt lat="51.799270000" lon="5.298650000">
        <ele>2.000</ele>
      </trkpt>
      <trkpt lat="51.799270000" lon="5.298650000">
        <ele>2.000</ele>
      </trkpt>
      <trkpt lat="51.799260000" lon="5.298740000">
        <ele>2.000</ele>
      </trkpt>
      <trkpt lat="51.799220000" lon="5.299470000">
        <ele>2.000</ele>
      </trkpt>
      <trkpt lat="51.799180000" lon="5.300110000">
        <ele>2.000</ele>
      </trkpt>
      <trkpt lat="51.799110000" lon="5.301180000">
        <ele>2.000</ele>
      </trkpt>
      <trkpt lat="51.798950000" lon="5.303580000">
        <ele>2.000</ele>
      </trkpt>
      <trkpt lat="51.798930000" lon="5.303700000">
        <ele>2.000</ele>
      </trkpt>
      <trkpt lat="51.798910000" lon="5.303900000">
        <ele>2.000</ele>
      </trkpt>
      <trkpt lat="51.798890000" lon="5.304160000">
        <ele>2.000</ele>
      </trkpt>
      <trkpt lat="51.798850000" lon="5.304440000">
        <ele>2.000</ele>
      </trkpt>
      <trkpt lat="51.798780000" lon="5.304900000">
        <ele>2.000</ele>
      </trkpt>
      <trkpt lat="51.798710000" lon="5.305370000">
        <ele>2.000</ele>
      </trkpt>
      <trkpt lat="51.798670000" lon="5.305560000">
        <ele>2.000</ele>
      </trkpt>
      <trkpt lat="51.798620000" lon="5.305780000">
        <ele>2.000</ele>
      </trkpt>
      <trkpt lat="51.798550000" lon="5.306110000">
        <ele>2.000</ele>
      </trkpt>
      <trkpt lat="51.798530000" lon="5.306170000">
        <ele>2.000</ele>
      </trkpt>
      <trkpt lat="51.798500000" lon="5.306300000">
        <ele>2.000</ele>
      </trkpt>
      <trkpt lat="51.798450000" lon="5.306450000">
        <ele>2.000</ele>
      </trkpt>
      <trkpt lat="51.798410000" lon="5.306570000">
        <ele>2.000</ele>
      </trkpt>
      <trkpt lat="51.798330000" lon="5.306830000">
        <ele>2.000</ele>
      </trkpt>
      <trkpt lat="51.798240000" lon="5.307060000">
        <ele>2.000</ele>
      </trkpt>
      <trkpt lat="51.798110000" lon="5.307390000">
        <ele>2.000</ele>
      </trkpt>
      <trkpt lat="51.797960000" lon="5.307740000">
        <ele>2.000</ele>
      </trkpt>
      <trkpt lat="51.797860000" lon="5.307960000">
        <ele>2.000</ele>
      </trkpt>
      <trkpt lat="51.797790000" lon="5.308090000">
        <ele>2.000</ele>
      </trkpt>
      <trkpt lat="51.797760000" lon="5.308170000">
        <ele>2.000</ele>
      </trkpt>
      <trkpt lat="51.797640000" lon="5.308380000">
        <ele>2.000</ele>
      </trkpt>
      <trkpt lat="51.797630000" lon="5.308410000">
        <ele>2.000</ele>
      </trkpt>
      <trkpt lat="51.797620000" lon="5.308480000">
        <ele>2.000</ele>
      </trkpt>
      <trkpt lat="51.797200000" lon="5.309170000">
        <ele>2.000</ele>
      </trkpt>
      <trkpt lat="51.796360000" lon="5.310580000">
        <ele>2.000</ele>
      </trkpt>
      <trkpt lat="51.796110000" lon="5.311000000">
        <ele>2.000</ele>
      </trkpt>
      <trkpt lat="51.794490000" lon="5.313700000">
        <ele>2.000</ele>
      </trkpt>
      <trkpt lat="51.793890000" lon="5.314700000">
        <ele>2.000</ele>
      </trkpt>
      <trkpt lat="51.793490000" lon="5.315390000">
        <ele>2.000</ele>
      </trkpt>
      <trkpt lat="51.793220000" lon="5.315840000">
        <ele>2.000</ele>
      </trkpt>
      <trkpt lat="51.793100000" lon="5.316050000">
        <ele>3.000</ele>
      </trkpt>
      <trkpt lat="51.792900000" lon="5.316400000">
        <ele>3.000</ele>
      </trkpt>
      <trkpt lat="51.792620000" lon="5.316920000">
        <ele>3.000</ele>
      </trkpt>
      <trkpt lat="51.792430000" lon="5.317280000">
        <ele>3.000</ele>
      </trkpt>
      <trkpt lat="51.791890000" lon="5.318410000">
        <ele>4.000</ele>
      </trkpt>
      <trkpt lat="51.791790000" lon="5.318620000">
        <ele>4.000</ele>
      </trkpt>
      <trkpt lat="51.791460000" lon="5.319340000">
        <ele>4.000</ele>
      </trkpt>
      <trkpt lat="51.791260000" lon="5.319790000">
        <ele>5.000</ele>
      </trkpt>
      <trkpt lat="51.791220000" lon="5.319840000">
        <ele>5.000</ele>
      </trkpt>
      <trkpt lat="51.791180000" lon="5.319920000">
        <ele>5.000</ele>
      </trkpt>
      <trkpt lat="51.791140000" lon="5.320000000">
        <ele>5.000</ele>
      </trkpt>
      <trkpt lat="51.791100000" lon="5.320080000">
        <ele>6.000</ele>
      </trkpt>
      <trkpt lat="51.791060000" lon="5.320160000">
        <ele>6.000</ele>
      </trkpt>
      <trkpt lat="51.791010000" lon="5.320230000">
        <ele>6.000</ele>
      </trkpt>
      <trkpt lat="51.791010000" lon="5.320230000">
        <ele>6.000</ele>
      </trkpt>
      <trkpt lat="51.790920000" lon="5.320170000">
        <ele>6.000</ele>
      </trkpt>
      <trkpt lat="51.790840000" lon="5.320140000">
        <ele>6.000</ele>
      </trkpt>
      <trkpt lat="51.790750000" lon="5.320130000">
        <ele>6.000</ele>
      </trkpt>
      <trkpt lat="51.790660000" lon="5.320150000">
        <ele>6.000</ele>
      </trkpt>
      <trkpt lat="51.790580000" lon="5.320200000">
        <ele>6.000</ele>
      </trkpt>
      <trkpt lat="51.790500000" lon="5.320270000">
        <ele>6.000</ele>
      </trkpt>
      <trkpt lat="51.790430000" lon="5.320370000">
        <ele>7.000</ele>
      </trkpt>
      <trkpt lat="51.790380000" lon="5.320480000">
        <ele>7.000</ele>
      </trkpt>
      <trkpt lat="51.790370000" lon="5.320490000">
        <ele>7.000</ele>
      </trkpt>
      <trkpt lat="51.790370000" lon="5.320510000">
        <ele>7.000</ele>
      </trkpt>
      <trkpt lat="51.790360000" lon="5.320520000">
        <ele>7.000</ele>
      </trkpt>
      <trkpt lat="51.790350000" lon="5.320540000">
        <ele>7.000</ele>
      </trkpt>
      <trkpt lat="51.790350000" lon="5.320550000">
        <ele>7.000</ele>
      </trkpt>
      <trkpt lat="51.790340000" lon="5.320570000">
        <ele>7.000</ele>
      </trkpt>
      <trkpt lat="51.790340000" lon="5.320590000">
        <ele>7.000</ele>
      </trkpt>
      <trkpt lat="51.790340000" lon="5.320600000">
        <ele>7.000</ele>
      </trkpt>
      <trkpt lat="51.790310000" lon="5.320750000">
        <ele>7.000</ele>
      </trkpt>
      <trkpt lat="51.790300000" lon="5.320900000">
        <ele>7.000</ele>
      </trkpt>
      <trkpt lat="51.790320000" lon="5.321050000">
        <ele>7.000</ele>
      </trkpt>
      <trkpt lat="51.790340000" lon="5.321200000">
        <ele>7.000</ele>
      </trkpt>
      <trkpt lat="51.790390000" lon="5.321330000">
        <ele>8.000</ele>
      </trkpt>
      <trkpt lat="51.790450000" lon="5.321450000">
        <ele>8.000</ele>
      </trkpt>
      <trkpt lat="51.790520000" lon="5.321540000">
        <ele>8.000</ele>
      </trkpt>
      <trkpt lat="51.790610000" lon="5.321610000">
        <ele>8.000</ele>
      </trkpt>
      <trkpt lat="51.790620000" lon="5.321620000">
        <ele>8.000</ele>
      </trkpt>
      <trkpt lat="51.790630000" lon="5.321620000">
        <ele>8.000</ele>
      </trkpt>
      <trkpt lat="51.790650000" lon="5.321630000">
        <ele>8.000</ele>
      </trkpt>
      <trkpt lat="51.790660000" lon="5.321630000">
        <ele>8.000</ele>
      </trkpt>
      <trkpt lat="51.790670000" lon="5.321630000">
        <ele>8.000</ele>
      </trkpt>
      <trkpt lat="51.790690000" lon="5.321640000">
        <ele>8.000</ele>
      </trkpt>
      <trkpt lat="51.790700000" lon="5.321640000">
        <ele>8.000</ele>
      </trkpt>
      <trkpt lat="51.790720000" lon="5.321640000">
        <ele>8.000</ele>
      </trkpt>
      <trkpt lat="51.790750000" lon="5.321650000">
        <ele>8.000</ele>
      </trkpt>
      <trkpt lat="51.790790000" lon="5.321650000">
        <ele>8.000</ele>
      </trkpt>
      <trkpt lat="51.790830000" lon="5.321640000">
        <ele>8.000</ele>
      </trkpt>
      <trkpt lat="51.790870000" lon="5.321630000">
        <ele>8.000</ele>
      </trkpt>
      <trkpt lat="51.790910000" lon="5.321620000">
        <ele>9.000</ele>
      </trkpt>
      <trkpt lat="51.790950000" lon="5.321600000">
        <ele>9.000</ele>
      </trkpt>
      <trkpt lat="51.790980000" lon="5.321570000">
        <ele>9.000</ele>
      </trkpt>
      <trkpt lat="51.791020000" lon="5.321540000">
        <ele>9.000</ele>
      </trkpt>
      <trkpt lat="51.791100000" lon="5.321650000">
        <ele>9.000</ele>
      </trkpt>
      <trkpt lat="51.791320000" lon="5.322060000">
        <ele>9.000</ele>
      </trkpt>
      <trkpt lat="51.791360000" lon="5.322100000">
        <ele>9.000</ele>
      </trkpt>
      <trkpt lat="51.791570000" lon="5.322530000">
        <ele>9.000</ele>
      </trkpt>
      <trkpt lat="51.791770000" lon="5.322960000">
        <ele>9.000</ele>
      </trkpt>
      <trkpt lat="51.792220000" lon="5.323870000">
        <ele>8.000</ele>
      </trkpt>
      <trkpt lat="51.792330000" lon="5.324100000">
        <ele>8.000</ele>
      </trkpt>
      <trkpt lat="51.792440000" lon="5.324330000">
        <ele>7.000</ele>
      </trkpt>
      <trkpt lat="51.793890000" lon="5.327300000">
        <ele>6.000</ele>
      </trkpt>
      <trkpt lat="51.795010000" lon="5.329610000">
        <ele>6.000</ele>
      </trkpt>
      <trkpt lat="51.795140000" lon="5.329880000">
        <ele>6.000</ele>
      </trkpt>
      <trkpt lat="51.795320000" lon="5.330260000">
        <ele>6.000</ele>
      </trkpt>
      <trkpt lat="51.795520000" lon="5.330660000">
        <ele>6.000</ele>
      </trkpt>
      <trkpt lat="51.795850000" lon="5.331340000">
        <ele>6.000</ele>
      </trkpt>
      <trkpt lat="51.796120000" lon="5.331900000">
        <ele>6.000</ele>
      </trkpt>
      <trkpt lat="51.796230000" lon="5.332130000">
        <ele>6.000</ele>
      </trkpt>
      <trkpt lat="51.796240000" lon="5.332140000">
        <ele>6.000</ele>
      </trkpt>
      <trkpt lat="51.796650000" lon="5.332990000">
        <ele>6.000</ele>
      </trkpt>
      <trkpt lat="51.796910000" lon="5.333560000">
        <ele>6.000</ele>
      </trkpt>
      <trkpt lat="51.797000000" lon="5.333760000">
        <ele>6.000</ele>
      </trkpt>
      <trkpt lat="51.797130000" lon="5.334060000">
        <ele>6.000</ele>
      </trkpt>
      <trkpt lat="51.797310000" lon="5.334530000">
        <ele>6.000</ele>
      </trkpt>
      <trkpt lat="51.797520000" lon="5.335140000">
        <ele>6.000</ele>
      </trkpt>
      <trkpt lat="51.797660000" lon="5.335560000">
        <ele>6.000</ele>
      </trkpt>
      <trkpt lat="51.797710000" lon="5.335760000">
        <ele>6.000</ele>
      </trkpt>
      <trkpt lat="51.797800000" lon="5.336040000">
        <ele>6.000</ele>
      </trkpt>
      <trkpt lat="51.797890000" lon="5.336380000">
        <ele>6.000</ele>
      </trkpt>
      <trkpt lat="51.797970000" lon="5.336680000">
        <ele>6.000</ele>
      </trkpt>
      <trkpt lat="51.798060000" lon="5.337100000">
        <ele>6.000</ele>
      </trkpt>
      <trkpt lat="51.798110000" lon="5.337320000">
        <ele>6.000</ele>
      </trkpt>
      <trkpt lat="51.798180000" lon="5.337650000">
        <ele>6.000</ele>
      </trkpt>
      <trkpt lat="51.798200000" lon="5.337730000">
        <ele>6.000</ele>
      </trkpt>
      <trkpt lat="51.798280000" lon="5.338210000">
        <ele>6.000</ele>
      </trkpt>
      <trkpt lat="51.798340000" lon="5.338560000">
        <ele>6.000</ele>
      </trkpt>
      <trkpt lat="51.798380000" lon="5.338870000">
        <ele>6.000</ele>
      </trkpt>
      <trkpt lat="51.798440000" lon="5.339330000">
        <ele>6.000</ele>
      </trkpt>
      <trkpt lat="51.798480000" lon="5.339670000">
        <ele>6.000</ele>
      </trkpt>
      <trkpt lat="51.798470000" lon="5.339840000">
        <ele>6.000</ele>
      </trkpt>
      <trkpt lat="51.798510000" lon="5.340600000">
        <ele>6.000</ele>
      </trkpt>
      <trkpt lat="51.798520000" lon="5.340890000">
        <ele>6.000</ele>
      </trkpt>
      <trkpt lat="51.798540000" lon="5.341270000">
        <ele>6.000</ele>
      </trkpt>
      <trkpt lat="51.798550000" lon="5.341880000">
        <ele>6.000</ele>
      </trkpt>
      <trkpt lat="51.798540000" lon="5.342820000">
        <ele>6.000</ele>
      </trkpt>
      <trkpt lat="51.798520000" lon="5.343370000">
        <ele>6.000</ele>
      </trkpt>
      <trkpt lat="51.798510000" lon="5.343680000">
        <ele>6.000</ele>
      </trkpt>
      <trkpt lat="51.798500000" lon="5.343850000">
        <ele>5.000</ele>
      </trkpt>
      <trkpt lat="51.798510000" lon="5.343970000">
        <ele>5.000</ele>
      </trkpt>
      <trkpt lat="51.798460000" lon="5.344460000">
        <ele>5.000</ele>
      </trkpt>
      <trkpt lat="51.797950000" lon="5.349200000">
        <ele>5.000</ele>
      </trkpt>
      <trkpt lat="51.797930000" lon="5.349320000">
        <ele>5.000</ele>
      </trkpt>
      <trkpt lat="51.797920000" lon="5.349440000">
        <ele>5.000</ele>
      </trkpt>
      <trkpt lat="51.797830000" lon="5.350280000">
        <ele>5.000</ele>
      </trkpt>
      <trkpt lat="51.797680000" lon="5.351630000">
        <ele>5.000</ele>
      </trkpt>
      <trkpt lat="51.797640000" lon="5.352020000">
        <ele>5.000</ele>
      </trkpt>
      <trkpt lat="51.797640000" lon="5.352070000">
        <ele>5.000</ele>
      </trkpt>
      <trkpt lat="51.797610000" lon="5.352360000">
        <ele>5.000</ele>
      </trkpt>
      <trkpt lat="51.797580000" lon="5.352660000">
        <ele>6.000</ele>
      </trkpt>
      <trkpt lat="51.797510000" lon="5.353310000">
        <ele>6.000</ele>
      </trkpt>
      <trkpt lat="51.797480000" lon="5.353700000">
        <ele>6.000</ele>
      </trkpt>
      <trkpt lat="51.797460000" lon="5.353960000">
        <ele>7.000</ele>
      </trkpt>
      <trkpt lat="51.797450000" lon="5.354160000">
        <ele>7.000</ele>
      </trkpt>
      <trkpt lat="51.797460000" lon="5.354390000">
        <ele>7.000</ele>
      </trkpt>
      <trkpt lat="51.797470000" lon="5.354610000">
        <ele>8.000</ele>
      </trkpt>
      <trkpt lat="51.797480000" lon="5.354810000">
        <ele>8.000</ele>
      </trkpt>
      <trkpt lat="51.797520000" lon="5.355080000">
        <ele>8.000</ele>
      </trkpt>
      <trkpt lat="51.797550000" lon="5.355330000">
        <ele>8.000</ele>
      </trkpt>
      <trkpt lat="51.797590000" lon="5.355510000">
        <ele>8.000</ele>
      </trkpt>
      <trkpt lat="51.797640000" lon="5.355690000">
        <ele>8.000</ele>
      </trkpt>
      <trkpt lat="51.797660000" lon="5.355750000">
        <ele>9.000</ele>
      </trkpt>
      <trkpt lat="51.797690000" lon="5.355860000">
        <ele>9.000</ele>
      </trkpt>
      <trkpt lat="51.797750000" lon="5.356040000">
        <ele>9.000</ele>
      </trkpt>
      <trkpt lat="51.797840000" lon="5.356270000">
        <ele>9.000</ele>
      </trkpt>
      <trkpt lat="51.797880000" lon="5.356350000">
        <ele>9.000</ele>
      </trkpt>
      <trkpt lat="51.797930000" lon="5.356480000">
        <ele>9.000</ele>
      </trkpt>
      <trkpt lat="51.798030000" lon="5.356670000">
        <ele>9.000</ele>
      </trkpt>
      <trkpt lat="51.798090000" lon="5.356790000">
        <ele>9.000</ele>
      </trkpt>
      <trkpt lat="51.798150000" lon="5.356900000">
        <ele>9.000</ele>
      </trkpt>
      <trkpt lat="51.798240000" lon="5.357060000">
        <ele>9.000</ele>
      </trkpt>
      <trkpt lat="51.798320000" lon="5.357210000">
        <ele>9.000</ele>
      </trkpt>
      <trkpt lat="51.798530000" lon="5.357560000">
        <ele>9.000</ele>
      </trkpt>
      <trkpt lat="51.798570000" lon="5.357640000">
        <ele>9.000</ele>
      </trkpt>
      <trkpt lat="51.799180000" lon="5.358710000">
        <ele>9.000</ele>
      </trkpt>
      <trkpt lat="51.799350000" lon="5.359020000">
        <ele>9.000</ele>
      </trkpt>
      <trkpt lat="51.799440000" lon="5.359170000">
        <ele>9.000</ele>
      </trkpt>
      <trkpt lat="51.799830000" lon="5.359830000">
        <ele>8.000</ele>
      </trkpt>
      <trkpt lat="51.800180000" lon="5.360440000">
        <ele>8.000</ele>
      </trkpt>
      <trkpt lat="51.800720000" lon="5.361400000">
        <ele>7.000</ele>
      </trkpt>
      <trkpt lat="51.801290000" lon="5.362400000">
        <ele>7.000</ele>
      </trkpt>
      <trkpt lat="51.801340000" lon="5.362480000">
        <ele>6.000</ele>
      </trkpt>
      <trkpt lat="51.801700000" lon="5.363110000">
        <ele>6.000</ele>
      </trkpt>
      <trkpt lat="51.802020000" lon="5.363680000">
        <ele>6.000</ele>
      </trkpt>
      <trkpt lat="51.802300000" lon="5.364170000">
        <ele>6.000</ele>
      </trkpt>
      <trkpt lat="51.802420000" lon="5.364380000">
        <ele>6.000</ele>
      </trkpt>
      <trkpt lat="51.802560000" lon="5.364640000">
        <ele>6.000</ele>
      </trkpt>
      <trkpt lat="51.802650000" lon="5.364820000">
        <ele>6.000</ele>
      </trkpt>
      <trkpt lat="51.802780000" lon="5.365110000">
        <ele>6.000</ele>
      </trkpt>
      <trkpt lat="51.802880000" lon="5.365360000">
        <ele>6.000</ele>
      </trkpt>
      <trkpt lat="51.802970000" lon="5.365600000">
        <ele>6.000</ele>
      </trkpt>
      <trkpt lat="51.803060000" lon="5.365870000">
        <ele>6.000</ele>
      </trkpt>
      <trkpt lat="51.803150000" lon="5.366140000">
        <ele>6.000</ele>
      </trkpt>
      <trkpt lat="51.803190000" lon="5.366290000">
        <ele>6.000</ele>
      </trkpt>
      <trkpt lat="51.803190000" lon="5.366290000">
        <ele>6.000</ele>
      </trkpt>
      <trkpt lat="51.803220000" lon="5.366400000">
        <ele>6.000</ele>
      </trkpt>
      <trkpt lat="51.803270000" lon="5.366620000">
        <ele>6.000</ele>
      </trkpt>
      <trkpt lat="51.803350000" lon="5.366960000">
        <ele>6.000</ele>
      </trkpt>
      <trkpt lat="51.803470000" lon="5.367570000">
        <ele>6.000</ele>
      </trkpt>
      <trkpt lat="51.803510000" lon="5.367760000">
        <ele>6.000</ele>
      </trkpt>
      <trkpt lat="51.803560000" lon="5.368040000">
        <ele>6.000</ele>
      </trkpt>
      <trkpt lat="51.803640000" lon="5.368450000">
        <ele>6.000</ele>
      </trkpt>
      <trkpt lat="51.803650000" lon="5.368610000">
        <ele>6.000</ele>
      </trkpt>
      <trkpt lat="51.803700000" lon="5.368830000">
        <ele>6.000</ele>
      </trkpt>
      <trkpt lat="51.803760000" lon="5.369100000">
        <ele>6.000</ele>
      </trkpt>
      <trkpt lat="51.803820000" lon="5.369360000">
        <ele>6.000</ele>
      </trkpt>
      <trkpt lat="51.803880000" lon="5.369620000">
        <ele>6.000</ele>
      </trkpt>
      <trkpt lat="51.803940000" lon="5.369840000">
        <ele>6.000</ele>
      </trkpt>
      <trkpt lat="51.804010000" lon="5.370060000">
        <ele>6.000</ele>
      </trkpt>
      <trkpt lat="51.804110000" lon="5.370390000">
        <ele>6.000</ele>
      </trkpt>
      <trkpt lat="51.804180000" lon="5.370590000">
        <ele>6.000</ele>
      </trkpt>
      <trkpt lat="51.804210000" lon="5.370670000">
        <ele>6.000</ele>
      </trkpt>
      <trkpt lat="51.804410000" lon="5.371170000">
        <ele>6.000</ele>
      </trkpt>
      <trkpt lat="51.804470000" lon="5.371320000">
        <ele>6.000</ele>
      </trkpt>
      <trkpt lat="51.804540000" lon="5.371470000">
        <ele>6.000</ele>
      </trkpt>
      <trkpt lat="51.804730000" lon="5.371850000">
        <ele>6.000</ele>
      </trkpt>
      <trkpt lat="51.804790000" lon="5.371940000">
        <ele>6.000</ele>
      </trkpt>
      <trkpt lat="51.804900000" lon="5.372170000">
        <ele>6.000</ele>
      </trkpt>
      <trkpt lat="51.805010000" lon="5.372420000">
        <ele>6.000</ele>
      </trkpt>
      <trkpt lat="51.805760000" lon="5.373990000">
        <ele>6.000</ele>
      </trkpt>
      <trkpt lat="51.806020000" lon="5.374510000">
        <ele>6.000</ele>
      </trkpt>
      <trkpt lat="51.806320000" lon="5.375060000">
        <ele>6.000</ele>
      </trkpt>
      <trkpt lat="51.806730000" lon="5.375790000">
        <ele>6.000</ele>
      </trkpt>
      <trkpt lat="51.806900000" lon="5.376100000">
        <ele>6.000</ele>
      </trkpt>
      <trkpt lat="51.807120000" lon="5.376450000">
        <ele>6.000</ele>
      </trkpt>
      <trkpt lat="51.807340000" lon="5.376790000">
        <ele>6.000</ele>
      </trkpt>
      <trkpt lat="51.807350000" lon="5.376810000">
        <ele>6.000</ele>
      </trkpt>
      <trkpt lat="51.807550000" lon="5.377120000">
        <ele>5.000</ele>
      </trkpt>
      <trkpt lat="51.807940000" lon="5.377700000">
        <ele>5.000</ele>
      </trkpt>
      <trkpt lat="51.808290000" lon="5.378170000">
        <ele>5.000</ele>
      </trkpt>
      <trkpt lat="51.808310000" lon="5.378210000">
        <ele>5.000</ele>
      </trkpt>
      <trkpt lat="51.808660000" lon="5.378670000">
        <ele>5.000</ele>
      </trkpt>
      <trkpt lat="51.808990000" lon="5.379080000">
        <ele>5.000</ele>
      </trkpt>
      <trkpt lat="51.809020000" lon="5.379120000">
        <ele>5.000</ele>
      </trkpt>
      <trkpt lat="51.809440000" lon="5.379610000">
        <ele>5.000</ele>
      </trkpt>
      <trkpt lat="51.809680000" lon="5.379880000">
        <ele>5.000</ele>
      </trkpt>
      <trkpt lat="51.809900000" lon="5.380120000">
        <ele>5.000</ele>
      </trkpt>
      <trkpt lat="51.809930000" lon="5.380180000">
        <ele>5.000</ele>
      </trkpt>
      <trkpt lat="51.810120000" lon="5.380380000">
        <ele>5.000</ele>
      </trkpt>
      <trkpt lat="51.810310000" lon="5.380570000">
        <ele>5.000</ele>
      </trkpt>
      <trkpt lat="51.810640000" lon="5.380900000">
        <ele>5.000</ele>
      </trkpt>
      <trkpt lat="51.810680000" lon="5.380950000">
        <ele>5.000</ele>
      </trkpt>
      <trkpt lat="51.810790000" lon="5.381060000">
        <ele>5.000</ele>
      </trkpt>
      <trkpt lat="51.811270000" lon="5.381540000">
        <ele>5.000</ele>
      </trkpt>
      <trkpt lat="51.811340000" lon="5.381600000">
        <ele>5.000</ele>
      </trkpt>
      <trkpt lat="51.811380000" lon="5.381620000">
        <ele>5.000</ele>
      </trkpt>
      <trkpt lat="51.811590000" lon="5.381830000">
        <ele>5.000</ele>
      </trkpt>
      <trkpt lat="51.811800000" lon="5.382030000">
        <ele>5.000</ele>
      </trkpt>
      <trkpt lat="51.811820000" lon="5.382060000">
        <ele>5.000</ele>
      </trkpt>
      <trkpt lat="51.811840000" lon="5.382080000">
        <ele>5.000</ele>
      </trkpt>
      <trkpt lat="51.811950000" lon="5.382190000">
        <ele>5.000</ele>
      </trkpt>
      <trkpt lat="51.812640000" lon="5.382870000">
        <ele>5.000</ele>
      </trkpt>
      <trkpt lat="51.814320000" lon="5.384550000">
        <ele>5.000</ele>
      </trkpt>
      <trkpt lat="51.814940000" lon="5.385170000">
        <ele>5.000</ele>
      </trkpt>
      <trkpt lat="51.815600000" lon="5.385830000">
        <ele>5.000</ele>
      </trkpt>
      <trkpt lat="51.815700000" lon="5.385920000">
        <ele>5.000</ele>
      </trkpt>
      <trkpt lat="51.816330000" lon="5.386550000">
        <ele>5.000</ele>
      </trkpt>
      <trkpt lat="51.816580000" lon="5.386810000">
        <ele>5.000</ele>
      </trkpt>
      <trkpt lat="51.816770000" lon="5.387010000">
        <ele>5.000</ele>
      </trkpt>
      <trkpt lat="51.816820000" lon="5.387070000">
        <ele>5.000</ele>
      </trkpt>
      <trkpt lat="51.817030000" lon="5.387330000">
        <ele>5.000</ele>
      </trkpt>
      <trkpt lat="51.817220000" lon="5.387570000">
        <ele>5.000</ele>
      </trkpt>
      <trkpt lat="51.817360000" lon="5.387770000">
        <ele>5.000</ele>
      </trkpt>
      <trkpt lat="51.817440000" lon="5.387870000">
        <ele>6.000</ele>
      </trkpt>
      <trkpt lat="51.817500000" lon="5.388010000">
        <ele>6.000</ele>
      </trkpt>
      <trkpt lat="51.817700000" lon="5.388330000">
        <ele>6.000</ele>
      </trkpt>
      <trkpt lat="51.817870000" lon="5.388630000">
        <ele>6.000</ele>
      </trkpt>
      <trkpt lat="51.818000000" lon="5.388920000">
        <ele>6.000</ele>
      </trkpt>
      <trkpt lat="51.818000000" lon="5.388920000">
        <ele>6.000</ele>
      </trkpt>
      <trkpt lat="51.817990000" lon="5.388950000">
        <ele>6.000</ele>
      </trkpt>
      <trkpt lat="51.817980000" lon="5.388970000">
        <ele>6.000</ele>
      </trkpt>
      <trkpt lat="51.817980000" lon="5.388980000">
        <ele>6.000</ele>
      </trkpt>
      <trkpt lat="51.817980000" lon="5.389000000">
        <ele>6.000</ele>
      </trkpt>
      <trkpt lat="51.817970000" lon="5.389020000">
        <ele>6.000</ele>
      </trkpt>
      <trkpt lat="51.817970000" lon="5.389040000">
        <ele>6.000</ele>
      </trkpt>
      <trkpt lat="51.817970000" lon="5.389050000">
        <ele>6.000</ele>
      </trkpt>
      <trkpt lat="51.817960000" lon="5.389070000">
        <ele>6.000</ele>
      </trkpt>
      <trkpt lat="51.817960000" lon="5.389090000">
        <ele>6.000</ele>
      </trkpt>
      <trkpt lat="51.817960000" lon="5.389110000">
        <ele>6.000</ele>
      </trkpt>
      <trkpt lat="51.817960000" lon="5.389130000">
        <ele>6.000</ele>
      </trkpt>
      <trkpt lat="51.817960000" lon="5.389140000">
        <ele>6.000</ele>
      </trkpt>
      <trkpt lat="51.817970000" lon="5.389160000">
        <ele>6.000</ele>
      </trkpt>
      <trkpt lat="51.817970000" lon="5.389180000">
        <ele>6.000</ele>
      </trkpt>
      <trkpt lat="51.817970000" lon="5.389190000">
        <ele>6.000</ele>
      </trkpt>
      <trkpt lat="51.817980000" lon="5.389210000">
        <ele>6.000</ele>
      </trkpt>
      <trkpt lat="51.817980000" lon="5.389230000">
        <ele>6.000</ele>
      </trkpt>
      <trkpt lat="51.817990000" lon="5.389240000">
        <ele>6.000</ele>
      </trkpt>
      <trkpt lat="51.817990000" lon="5.389260000">
        <ele>6.000</ele>
      </trkpt>
      <trkpt lat="51.818000000" lon="5.389270000">
        <ele>6.000</ele>
      </trkpt>
      <trkpt lat="51.818010000" lon="5.389280000">
        <ele>6.000</ele>
      </trkpt>
      <trkpt lat="51.818020000" lon="5.389300000">
        <ele>6.000</ele>
      </trkpt>
      <trkpt lat="51.818030000" lon="5.389310000">
        <ele>6.000</ele>
      </trkpt>
      <trkpt lat="51.818030000" lon="5.389320000">
        <ele>6.000</ele>
      </trkpt>
      <trkpt lat="51.818040000" lon="5.389330000">
        <ele>6.000</ele>
      </trkpt>
      <trkpt lat="51.818050000" lon="5.389330000">
        <ele>6.000</ele>
      </trkpt>
      <trkpt lat="51.818060000" lon="5.389340000">
        <ele>6.000</ele>
      </trkpt>
      <trkpt lat="51.818070000" lon="5.389340000">
        <ele>6.000</ele>
      </trkpt>
      <trkpt lat="51.818080000" lon="5.389350000">
        <ele>6.000</ele>
      </trkpt>
      <trkpt lat="51.818090000" lon="5.389350000">
        <ele>6.000</ele>
      </trkpt>
      <trkpt lat="51.818090000" lon="5.389360000">
        <ele>6.000</ele>
      </trkpt>
      <trkpt lat="51.818100000" lon="5.389360000">
        <ele>6.000</ele>
      </trkpt>
      <trkpt lat="51.818110000" lon="5.389360000">
        <ele>6.000</ele>
      </trkpt>
      <trkpt lat="51.818110000" lon="5.389370000">
        <ele>6.000</ele>
      </trkpt>
      <trkpt lat="51.818120000" lon="5.389370000">
        <ele>6.000</ele>
      </trkpt>
      <trkpt lat="51.818130000" lon="5.389370000">
        <ele>6.000</ele>
      </trkpt>
      <trkpt lat="51.818140000" lon="5.389360000">
        <ele>6.000</ele>
      </trkpt>
      <trkpt lat="51.818150000" lon="5.389360000">
        <ele>6.000</ele>
      </trkpt>
      <trkpt lat="51.818160000" lon="5.389360000">
        <ele>6.000</ele>
      </trkpt>
      <trkpt lat="51.818170000" lon="5.389350000">
        <ele>6.000</ele>
      </trkpt>
      <trkpt lat="51.818180000" lon="5.389340000">
        <ele>6.000</ele>
      </trkpt>
      <trkpt lat="51.818190000" lon="5.389340000">
        <ele>6.000</ele>
      </trkpt>
      <trkpt lat="51.818200000" lon="5.389330000">
        <ele>6.000</ele>
      </trkpt>
      <trkpt lat="51.818290000" lon="5.389400000">
        <ele>6.000</ele>
      </trkpt>
      <trkpt lat="51.818360000" lon="5.389470000">
        <ele>6.000</ele>
      </trkpt>
      <trkpt lat="51.818440000" lon="5.389560000">
        <ele>6.000</ele>
      </trkpt>
      <trkpt lat="51.818500000" lon="5.389650000">
        <ele>6.000</ele>
      </trkpt>
      <trkpt lat="51.818760000" lon="5.390030000">
        <ele>6.000</ele>
      </trkpt>
      <trkpt lat="51.818810000" lon="5.390090000">
        <ele>6.000</ele>
      </trkpt>
      <trkpt lat="51.819310000" lon="5.390890000">
        <ele>6.000</ele>
      </trkpt>
      <trkpt lat="51.819840000" lon="5.391760000">
        <ele>6.000</ele>
      </trkpt>
      <trkpt lat="51.820330000" lon="5.392540000">
        <ele>6.000</ele>
      </trkpt>
      <trkpt lat="51.820810000" lon="5.393290000">
        <ele>6.000</ele>
      </trkpt>
      <trkpt lat="51.821010000" lon="5.393580000">
        <ele>6.000</ele>
      </trkpt>
      <trkpt lat="51.821140000" lon="5.393770000">
        <ele>6.000</ele>
      </trkpt>
      <trkpt lat="51.821270000" lon="5.393970000">
        <ele>6.000</ele>
      </trkpt>
      <trkpt lat="51.821440000" lon="5.394220000">
        <ele>6.000</ele>
      </trkpt>
      <trkpt lat="51.821810000" lon="5.394750000">
        <ele>6.000</ele>
      </trkpt>
      <trkpt lat="51.822430000" lon="5.395640000">
        <ele>6.000</ele>
      </trkpt>
      <trkpt lat="51.823500000" lon="5.397180000">
        <ele>6.000</ele>
      </trkpt>
      <trkpt lat="51.824540000" lon="5.398670000">
        <ele>5.000</ele>
      </trkpt>
      <trkpt lat="51.825870000" lon="5.400580000">
        <ele>5.000</ele>
      </trkpt>
      <trkpt lat="51.826650000" lon="5.401710000">
        <ele>5.000</ele>
      </trkpt>
      <trkpt lat="51.826760000" lon="5.401870000">
        <ele>5.000</ele>
      </trkpt>
      <trkpt lat="51.826880000" lon="5.402030000">
        <ele>5.000</ele>
      </trkpt>
      <trkpt lat="51.827050000" lon="5.402320000">
        <ele>5.000</ele>
      </trkpt>
      <trkpt lat="51.827140000" lon="5.402480000">
        <ele>5.000</ele>
      </trkpt>
      <trkpt lat="51.827240000" lon="5.402650000">
        <ele>5.000</ele>
      </trkpt>
      <trkpt lat="51.827310000" lon="5.402800000">
        <ele>5.000</ele>
      </trkpt>
      <trkpt lat="51.827620000" lon="5.403520000">
        <ele>5.000</ele>
      </trkpt>
      <trkpt lat="51.827820000" lon="5.404140000">
        <ele>5.000</ele>
      </trkpt>
      <trkpt lat="51.827930000" lon="5.404580000">
        <ele>5.000</ele>
      </trkpt>
      <trkpt lat="51.828020000" lon="5.404970000">
        <ele>5.000</ele>
      </trkpt>
      <trkpt lat="51.828150000" lon="5.405580000">
        <ele>6.000</ele>
      </trkpt>
      <trkpt lat="51.828250000" lon="5.406090000">
        <ele>6.000</ele>
      </trkpt>
      <trkpt lat="51.828350000" lon="5.406600000">
        <ele>6.000</ele>
      </trkpt>
      <trkpt lat="51.828470000" lon="5.407190000">
        <ele>6.000</ele>
      </trkpt>
      <trkpt lat="51.828580000" lon="5.407750000">
        <ele>6.000</ele>
      </trkpt>
      <trkpt lat="51.828670000" lon="5.408200000">
        <ele>6.000</ele>
      </trkpt>
      <trkpt lat="51.828740000" lon="5.408540000">
        <ele>6.000</ele>
      </trkpt>
      <trkpt lat="51.828810000" lon="5.408880000">
        <ele>6.000</ele>
      </trkpt>
      <trkpt lat="51.828930000" lon="5.409420000">
        <ele>6.000</ele>
      </trkpt>
      <trkpt lat="51.829040000" lon="5.409880000">
        <ele>5.000</ele>
      </trkpt>
      <trkpt lat="51.829160000" lon="5.410290000">
        <ele>5.000</ele>
      </trkpt>
      <trkpt lat="51.829300000" lon="5.410760000">
        <ele>5.000</ele>
      </trkpt>
      <trkpt lat="51.829470000" lon="5.411260000">
        <ele>5.000</ele>
      </trkpt>
      <trkpt lat="51.829630000" lon="5.411740000">
        <ele>5.000</ele>
      </trkpt>
      <trkpt lat="51.830640000" lon="5.414700000">
        <ele>5.000</ele>
      </trkpt>
      <trkpt lat="51.830770000" lon="5.415090000">
        <ele>5.000</ele>
      </trkpt>
      <trkpt lat="51.830860000" lon="5.415340000">
        <ele>5.000</ele>
      </trkpt>
      <trkpt lat="51.831050000" lon="5.415900000">
        <ele>5.000</ele>
      </trkpt>
      <trkpt lat="51.831130000" lon="5.416140000">
        <ele>5.000</ele>
      </trkpt>
      <trkpt lat="51.831310000" lon="5.416650000">
        <ele>5.000</ele>
      </trkpt>
      <trkpt lat="51.831340000" lon="5.416750000">
        <ele>5.000</ele>
      </trkpt>
      <trkpt lat="51.831400000" lon="5.416930000">
        <ele>5.000</ele>
      </trkpt>
      <trkpt lat="51.831430000" lon="5.417010000">
        <ele>5.000</ele>
      </trkpt>
      <trkpt lat="51.831480000" lon="5.417150000">
        <ele>5.000</ele>
      </trkpt>
      <trkpt lat="51.831700000" lon="5.417800000">
        <ele>5.000</ele>
      </trkpt>
      <trkpt lat="51.831740000" lon="5.417940000">
        <ele>5.000</ele>
      </trkpt>
      <trkpt lat="51.832010000" lon="5.418670000">
        <ele>5.000</ele>
      </trkpt>
      <trkpt lat="51.832140000" lon="5.419010000">
        <ele>5.000</ele>
      </trkpt>
      <trkpt lat="51.832320000" lon="5.419480000">
        <ele>5.000</ele>
      </trkpt>
      <trkpt lat="51.832520000" lon="5.419990000">
        <ele>5.000</ele>
      </trkpt>
      <trkpt lat="51.832530000" lon="5.420000000">
        <ele>5.000</ele>
      </trkpt>
      <trkpt lat="51.832690000" lon="5.420380000">
        <ele>5.000</ele>
      </trkpt>
      <trkpt lat="51.833030000" lon="5.421170000">
        <ele>5.000</ele>
      </trkpt>
      <trkpt lat="51.833330000" lon="5.421860000">
        <ele>5.000</ele>
      </trkpt>
      <trkpt lat="51.834120000" lon="5.423690000">
        <ele>5.000</ele>
      </trkpt>
      <trkpt lat="51.834500000" lon="5.424560000">
        <ele>5.000</ele>
      </trkpt>
      <trkpt lat="51.834590000" lon="5.424760000">
        <ele>5.000</ele>
      </trkpt>
      <trkpt lat="51.834980000" lon="5.425690000">
        <ele>5.000</ele>
      </trkpt>
      <trkpt lat="51.835100000" lon="5.425950000">
        <ele>5.000</ele>
      </trkpt>
      <trkpt lat="51.835130000" lon="5.426060000">
        <ele>5.000</ele>
      </trkpt>
      <trkpt lat="51.835240000" lon="5.426330000">
        <ele>5.000</ele>
      </trkpt>
      <trkpt lat="51.835340000" lon="5.426580000">
        <ele>5.000</ele>
      </trkpt>
      <trkpt lat="51.835520000" lon="5.427010000">
        <ele>5.000</ele>
      </trkpt>
      <trkpt lat="51.835580000" lon="5.427130000">
        <ele>5.000</ele>
      </trkpt>
      <trkpt lat="51.835650000" lon="5.427290000">
        <ele>5.000</ele>
      </trkpt>
      <trkpt lat="51.835700000" lon="5.427420000">
        <ele>5.000</ele>
      </trkpt>
      <trkpt lat="51.835840000" lon="5.427710000">
        <ele>5.000</ele>
      </trkpt>
      <trkpt lat="51.835920000" lon="5.427880000">
        <ele>5.000</ele>
      </trkpt>
      <trkpt lat="51.835990000" lon="5.428020000">
        <ele>5.000</ele>
      </trkpt>
      <trkpt lat="51.836070000" lon="5.428170000">
        <ele>5.000</ele>
      </trkpt>
      <trkpt lat="51.836130000" lon="5.428250000">
        <ele>5.000</ele>
      </trkpt>
      <trkpt lat="51.836290000" lon="5.428500000">
        <ele>5.000</ele>
      </trkpt>
      <trkpt lat="51.836400000" lon="5.428660000">
        <ele>5.000</ele>
      </trkpt>
      <trkpt lat="51.836500000" lon="5.428790000">
        <ele>4.000</ele>
      </trkpt>
      <trkpt lat="51.836650000" lon="5.428950000">
        <ele>4.000</ele>
      </trkpt>
      <trkpt lat="51.836790000" lon="5.429090000">
        <ele>4.000</ele>
      </trkpt>
      <trkpt lat="51.836920000" lon="5.429200000">
        <ele>4.000</ele>
      </trkpt>
      <trkpt lat="51.836990000" lon="5.429250000">
        <ele>4.000</ele>
      </trkpt>
      <trkpt lat="51.837100000" lon="5.429330000">
        <ele>4.000</ele>
      </trkpt>
      <trkpt lat="51.837270000" lon="5.429430000">
        <ele>4.000</ele>
      </trkpt>
      <trkpt lat="51.837400000" lon="5.429500000">
        <ele>4.000</ele>
      </trkpt>
      <trkpt lat="51.837580000" lon="5.429570000">
        <ele>4.000</ele>
      </trkpt>
      <trkpt lat="51.837800000" lon="5.429650000">
        <ele>4.000</ele>
      </trkpt>
      <trkpt lat="51.837990000" lon="5.429710000">
        <ele>4.000</ele>
      </trkpt>
      <trkpt lat="51.838190000" lon="5.429790000">
        <ele>4.000</ele>
      </trkpt>
      <trkpt lat="51.838410000" lon="5.429870000">
        <ele>4.000</ele>
      </trkpt>
      <trkpt lat="51.838580000" lon="5.429950000">
        <ele>4.000</ele>
      </trkpt>
      <trkpt lat="51.838830000" lon="5.430070000">
        <ele>4.000</ele>
      </trkpt>
      <trkpt lat="51.839020000" lon="5.430170000">
        <ele>4.000</ele>
      </trkpt>
      <trkpt lat="51.839250000" lon="5.430310000">
        <ele>4.000</ele>
      </trkpt>
      <trkpt lat="51.839480000" lon="5.430460000">
        <ele>4.000</ele>
      </trkpt>
      <trkpt lat="51.839680000" lon="5.430600000">
        <ele>4.000</ele>
      </trkpt>
      <trkpt lat="51.839910000" lon="5.430750000">
        <ele>4.000</ele>
      </trkpt>
      <trkpt lat="51.840130000" lon="5.430930000">
        <ele>4.000</ele>
      </trkpt>
      <trkpt lat="51.840380000" lon="5.431130000">
        <ele>4.000</ele>
      </trkpt>
      <trkpt lat="51.840620000" lon="5.431310000">
        <ele>4.000</ele>
      </trkpt>
      <trkpt lat="51.840760000" lon="5.431430000">
        <ele>4.000</ele>
      </trkpt>
      <trkpt lat="51.840870000" lon="5.431520000">
        <ele>4.000</ele>
      </trkpt>
      <trkpt lat="51.841190000" lon="5.431770000">
        <ele>4.000</ele>
      </trkpt>
      <trkpt lat="51.841440000" lon="5.431960000">
        <ele>4.000</ele>
      </trkpt>
      <trkpt lat="51.841690000" lon="5.432160000">
        <ele>4.000</ele>
      </trkpt>
      <trkpt lat="51.841940000" lon="5.432350000">
        <ele>4.000</ele>
      </trkpt>
      <trkpt lat="51.842180000" lon="5.432550000">
        <ele>4.000</ele>
      </trkpt>
      <trkpt lat="51.842440000" lon="5.432770000">
        <ele>4.000</ele>
      </trkpt>
      <trkpt lat="51.842690000" lon="5.433000000">
        <ele>4.000</ele>
      </trkpt>
      <trkpt lat="51.842900000" lon="5.433220000">
        <ele>4.000</ele>
      </trkpt>
      <trkpt lat="51.843100000" lon="5.433450000">
        <ele>4.000</ele>
      </trkpt>
      <trkpt lat="51.843330000" lon="5.433710000">
        <ele>4.000</ele>
      </trkpt>
      <trkpt lat="51.843570000" lon="5.433990000">
        <ele>3.000</ele>
      </trkpt>
      <trkpt lat="51.843740000" lon="5.434190000">
        <ele>3.000</ele>
      </trkpt>
      <trkpt lat="51.844000000" lon="5.434490000">
        <ele>3.000</ele>
      </trkpt>
      <trkpt lat="51.844340000" lon="5.434890000">
        <ele>3.000</ele>
      </trkpt>
      <trkpt lat="51.844450000" lon="5.435010000">
        <ele>3.000</ele>
      </trkpt>
      <trkpt lat="51.844820000" lon="5.435450000">
        <ele>3.000</ele>
      </trkpt>
      <trkpt lat="51.844940000" lon="5.435570000">
        <ele>3.000</ele>
      </trkpt>
      <trkpt lat="51.844980000" lon="5.435650000">
        <ele>3.000</ele>
      </trkpt>
      <trkpt lat="51.845470000" lon="5.436230000">
        <ele>3.000</ele>
      </trkpt>
      <trkpt lat="51.845520000" lon="5.436330000">
        <ele>3.000</ele>
      </trkpt>
      <trkpt lat="51.845520000" lon="5.436340000">
        <ele>3.000</ele>
      </trkpt>
      <trkpt lat="51.845520000" lon="5.436360000">
        <ele>3.000</ele>
      </trkpt>
      <trkpt lat="51.845520000" lon="5.436370000">
        <ele>3.000</ele>
      </trkpt>
      <trkpt lat="51.845520000" lon="5.436380000">
        <ele>3.000</ele>
      </trkpt>
      <trkpt lat="51.845520000" lon="5.436400000">
        <ele>3.000</ele>
      </trkpt>
      <trkpt lat="51.845520000" lon="5.436410000">
        <ele>3.000</ele>
      </trkpt>
      <trkpt lat="51.845520000" lon="5.436420000">
        <ele>3.000</ele>
      </trkpt>
      <trkpt lat="51.845520000" lon="5.436440000">
        <ele>3.000</ele>
      </trkpt>
      <trkpt lat="51.845520000" lon="5.436450000">
        <ele>3.000</ele>
      </trkpt>
      <trkpt lat="51.845530000" lon="5.436460000">
        <ele>3.000</ele>
      </trkpt>
      <trkpt lat="51.845530000" lon="5.436480000">
        <ele>3.000</ele>
      </trkpt>
      <trkpt lat="51.845530000" lon="5.436490000">
        <ele>3.000</ele>
      </trkpt>
      <trkpt lat="51.845540000" lon="5.436510000">
        <ele>3.000</ele>
      </trkpt>
      <trkpt lat="51.845550000" lon="5.436520000">
        <ele>3.000</ele>
      </trkpt>
      <trkpt lat="51.845550000" lon="5.436530000">
        <ele>3.000</ele>
      </trkpt>
      <trkpt lat="51.845550000" lon="5.436540000">
        <ele>3.000</ele>
      </trkpt>
      <trkpt lat="51.845560000" lon="5.436550000">
        <ele>3.000</ele>
      </trkpt>
      <trkpt lat="51.845560000" lon="5.436560000">
        <ele>3.000</ele>
      </trkpt>
      <trkpt lat="51.845570000" lon="5.436570000">
        <ele>3.000</ele>
      </trkpt>
      <trkpt lat="51.845580000" lon="5.436570000">
        <ele>3.000</ele>
      </trkpt>
      <trkpt lat="51.845580000" lon="5.436580000">
        <ele>3.000</ele>
      </trkpt>
      <trkpt lat="51.845590000" lon="5.436590000">
        <ele>3.000</ele>
      </trkpt>
      <trkpt lat="51.845600000" lon="5.436600000">
        <ele>3.000</ele>
      </trkpt>
      <trkpt lat="51.845610000" lon="5.436600000">
        <ele>3.000</ele>
      </trkpt>
      <trkpt lat="51.845620000" lon="5.436610000">
        <ele>3.000</ele>
      </trkpt>
      <trkpt lat="51.845630000" lon="5.436610000">
        <ele>3.000</ele>
      </trkpt>
      <trkpt lat="51.845640000" lon="5.436610000">
        <ele>3.000</ele>
      </trkpt>
      <trkpt lat="51.845650000" lon="5.436610000">
        <ele>3.000</ele>
      </trkpt>
      <trkpt lat="51.845660000" lon="5.436610000">
        <ele>3.000</ele>
      </trkpt>
      <trkpt lat="51.845670000" lon="5.436610000">
        <ele>3.000</ele>
      </trkpt>
      <trkpt lat="51.845680000" lon="5.436610000">
        <ele>3.000</ele>
      </trkpt>
      <trkpt lat="51.845690000" lon="5.436600000">
        <ele>3.000</ele>
      </trkpt>
      <trkpt lat="51.845700000" lon="5.436590000">
        <ele>3.000</ele>
      </trkpt>
      <trkpt lat="51.845710000" lon="5.436590000">
        <ele>3.000</ele>
      </trkpt>
      <trkpt lat="51.845710000" lon="5.436580000">
        <ele>3.000</ele>
      </trkpt>
      <trkpt lat="51.845720000" lon="5.436570000">
        <ele>3.000</ele>
      </trkpt>
      <trkpt lat="51.845870000" lon="5.436720000">
        <ele>3.000</ele>
      </trkpt>
      <trkpt lat="51.846090000" lon="5.436970000">
        <ele>3.000</ele>
      </trkpt>
      <trkpt lat="51.846310000" lon="5.437230000">
        <ele>3.000</ele>
      </trkpt>
      <trkpt lat="51.846370000" lon="5.437270000">
        <ele>3.000</ele>
      </trkpt>
      <trkpt lat="51.846640000" lon="5.437640000">
        <ele>3.000</ele>
      </trkpt>
      <trkpt lat="51.846900000" lon="5.438030000">
        <ele>3.000</ele>
      </trkpt>
      <trkpt lat="51.847130000" lon="5.438360000">
        <ele>3.000</ele>
      </trkpt>
      <trkpt lat="51.847400000" lon="5.438770000">
        <ele>3.000</ele>
      </trkpt>
      <trkpt lat="51.847700000" lon="5.439220000">
        <ele>3.000</ele>
      </trkpt>
      <trkpt lat="51.847920000" lon="5.439550000">
        <ele>3.000</ele>
      </trkpt>
      <trkpt lat="51.848000000" lon="5.439670000">
        <ele>3.000</ele>
      </trkpt>
      <trkpt lat="51.848150000" lon="5.439900000">
        <ele>3.000</ele>
      </trkpt>
      <trkpt lat="51.848360000" lon="5.440190000">
        <ele>3.000</ele>
      </trkpt>
      <trkpt lat="51.848510000" lon="5.440390000">
        <ele>3.000</ele>
      </trkpt>
      <trkpt lat="51.848690000" lon="5.440600000">
        <ele>3.000</ele>
      </trkpt>
      <trkpt lat="51.848890000" lon="5.440790000">
        <ele>3.000</ele>
      </trkpt>
      <trkpt lat="51.849080000" lon="5.440950000">
        <ele>3.000</ele>
      </trkpt>
      <trkpt lat="51.849270000" lon="5.441100000">
        <ele>3.000</ele>
      </trkpt>
      <trkpt lat="51.849510000" lon="5.441240000">
        <ele>3.000</ele>
      </trkpt>
      <trkpt lat="51.849720000" lon="5.441350000">
        <ele>3.000</ele>
      </trkpt>
      <trkpt lat="51.849930000" lon="5.441430000">
        <ele>3.000</ele>
      </trkpt>
      <trkpt lat="51.850180000" lon="5.441510000">
        <ele>3.000</ele>
      </trkpt>
      <trkpt lat="51.850390000" lon="5.441550000">
        <ele>3.000</ele>
      </trkpt>
      <trkpt lat="51.850600000" lon="5.441570000">
        <ele>3.000</ele>
      </trkpt>
      <trkpt lat="51.850840000" lon="5.441560000">
        <ele>3.000</ele>
      </trkpt>
      <trkpt lat="51.851030000" lon="5.441540000">
        <ele>3.000</ele>
      </trkpt>
      <trkpt lat="51.851280000" lon="5.441510000">
        <ele>4.000</ele>
      </trkpt>
      <trkpt lat="51.851760000" lon="5.441440000">
        <ele>4.000</ele>
      </trkpt>
      <trkpt lat="51.851980000" lon="5.441400000">
        <ele>4.000</ele>
      </trkpt>
      <trkpt lat="51.852610000" lon="5.441310000">
        <ele>4.000</ele>
      </trkpt>
      <trkpt lat="51.853060000" lon="5.441240000">
        <ele>4.000</ele>
      </trkpt>
      <trkpt lat="51.853190000" lon="5.441220000">
        <ele>4.000</ele>
      </trkpt>
      <trkpt lat="51.853550000" lon="5.441160000">
        <ele>4.000</ele>
      </trkpt>
      <trkpt lat="51.853730000" lon="5.441140000">
        <ele>4.000</ele>
      </trkpt>
      <trkpt lat="51.853920000" lon="5.441110000">
        <ele>4.000</ele>
      </trkpt>
      <trkpt lat="51.854120000" lon="5.441110000">
        <ele>4.000</ele>
      </trkpt>
      <trkpt lat="51.854370000" lon="5.441120000">
        <ele>4.000</ele>
      </trkpt>
      <trkpt lat="51.854590000" lon="5.441160000">
        <ele>4.000</ele>
      </trkpt>
      <trkpt lat="51.854810000" lon="5.441240000">
        <ele>4.000</ele>
      </trkpt>
      <trkpt lat="51.855030000" lon="5.441320000">
        <ele>4.000</ele>
      </trkpt>
      <trkpt lat="51.855240000" lon="5.441420000">
        <ele>4.000</ele>
      </trkpt>
      <trkpt lat="51.855430000" lon="5.441540000">
        <ele>4.000</ele>
      </trkpt>
      <trkpt lat="51.855620000" lon="5.441680000">
        <ele>4.000</ele>
      </trkpt>
      <trkpt lat="51.855760000" lon="5.441790000">
        <ele>4.000</ele>
      </trkpt>
      <trkpt lat="51.855850000" lon="5.441900000">
        <ele>4.000</ele>
      </trkpt>
      <trkpt lat="51.856100000" lon="5.442120000">
        <ele>4.000</ele>
      </trkpt>
      <trkpt lat="51.856970000" lon="5.442890000">
        <ele>4.000</ele>
      </trkpt>
      <trkpt lat="51.857230000" lon="5.443120000">
        <ele>4.000</ele>
      </trkpt>
      <trkpt lat="51.857590000" lon="5.443450000">
        <ele>4.000</ele>
      </trkpt>
      <trkpt lat="51.857730000" lon="5.443560000">
        <ele>4.000</ele>
      </trkpt>
      <trkpt lat="51.857760000" lon="5.443590000">
        <ele>4.000</ele>
      </trkpt>
      <trkpt lat="51.857800000" lon="5.443590000">
        <ele>4.000</ele>
      </trkpt>
      <trkpt lat="51.857890000" lon="5.443680000">
        <ele>4.000</ele>
      </trkpt>
      <trkpt lat="51.858020000" lon="5.443790000">
        <ele>4.000</ele>
      </trkpt>
      <trkpt lat="51.858160000" lon="5.443910000">
        <ele>4.000</ele>
      </trkpt>
      <trkpt lat="51.858290000" lon="5.444040000">
        <ele>4.000</ele>
      </trkpt>
      <trkpt lat="51.858650000" lon="5.444350000">
        <ele>4.000</ele>
      </trkpt>
      <trkpt lat="51.858890000" lon="5.444550000">
        <ele>4.000</ele>
      </trkpt>
      <trkpt lat="51.859040000" lon="5.444650000">
        <ele>4.000</ele>
      </trkpt>
      <trkpt lat="51.859140000" lon="5.444710000">
        <ele>4.000</ele>
      </trkpt>
      <trkpt lat="51.859380000" lon="5.444860000">
        <ele>4.000</ele>
      </trkpt>
      <trkpt lat="51.859520000" lon="5.444930000">
        <ele>4.000</ele>
      </trkpt>
      <trkpt lat="51.859720000" lon="5.445020000">
        <ele>4.000</ele>
      </trkpt>
      <trkpt lat="51.859930000" lon="5.445090000">
        <ele>4.000</ele>
      </trkpt>
      <trkpt lat="51.860140000" lon="5.445150000">
        <ele>4.000</ele>
      </trkpt>
      <trkpt lat="51.860360000" lon="5.445190000">
        <ele>4.000</ele>
      </trkpt>
      <trkpt lat="51.860610000" lon="5.445220000">
        <ele>4.000</ele>
      </trkpt>
      <trkpt lat="51.860850000" lon="5.445240000">
        <ele>4.000</ele>
      </trkpt>
      <trkpt lat="51.861020000" lon="5.445250000">
        <ele>4.000</ele>
      </trkpt>
      <trkpt lat="51.861080000" lon="5.445280000">
        <ele>4.000</ele>
      </trkpt>
      <trkpt lat="51.861450000" lon="5.445310000">
        <ele>4.000</ele>
      </trkpt>
      <trkpt lat="51.861470000" lon="5.445310000">
        <ele>4.000</ele>
      </trkpt>
      <trkpt lat="51.861800000" lon="5.445330000">
        <ele>4.000</ele>
      </trkpt>
      <trkpt lat="51.861880000" lon="5.445340000">
        <ele>4.000</ele>
      </trkpt>
      <trkpt lat="51.861990000" lon="5.445340000">
        <ele>4.000</ele>
      </trkpt>
      <trkpt lat="51.862550000" lon="5.445370000">
        <ele>4.000</ele>
      </trkpt>
      <trkpt lat="51.862670000" lon="5.445370000">
        <ele>4.000</ele>
      </trkpt>
      <trkpt lat="51.862700000" lon="5.445350000">
        <ele>4.000</ele>
      </trkpt>
      <trkpt lat="51.862750000" lon="5.445360000">
        <ele>4.000</ele>
      </trkpt>
      <trkpt lat="51.863480000" lon="5.445410000">
        <ele>4.000</ele>
      </trkpt>
      <trkpt lat="51.864360000" lon="5.445470000">
        <ele>4.000</ele>
      </trkpt>
      <trkpt lat="51.864990000" lon="5.445510000">
        <ele>5.000</ele>
      </trkpt>
      <trkpt lat="51.865100000" lon="5.445530000">
        <ele>5.000</ele>
      </trkpt>
      <trkpt lat="51.865270000" lon="5.445550000">
        <ele>5.000</ele>
      </trkpt>
      <trkpt lat="51.865500000" lon="5.445580000">
        <ele>5.000</ele>
      </trkpt>
      <trkpt lat="51.865700000" lon="5.445620000">
        <ele>5.000</ele>
      </trkpt>
      <trkpt lat="51.865830000" lon="5.445650000">
        <ele>5.000</ele>
      </trkpt>
      <trkpt lat="51.866050000" lon="5.445710000">
        <ele>5.000</ele>
      </trkpt>
      <trkpt lat="51.866160000" lon="5.445740000">
        <ele>5.000</ele>
      </trkpt>
      <trkpt lat="51.866380000" lon="5.445810000">
        <ele>5.000</ele>
      </trkpt>
      <trkpt lat="51.866510000" lon="5.445860000">
        <ele>5.000</ele>
      </trkpt>
      <trkpt lat="51.866560000" lon="5.445870000">
        <ele>5.000</ele>
      </trkpt>
      <trkpt lat="51.866660000" lon="5.445910000">
        <ele>5.000</ele>
      </trkpt>
      <trkpt lat="51.866830000" lon="5.445980000">
        <ele>5.000</ele>
      </trkpt>
      <trkpt lat="51.867010000" lon="5.446060000">
        <ele>5.000</ele>
      </trkpt>
      <trkpt lat="51.867110000" lon="5.446110000">
        <ele>5.000</ele>
      </trkpt>
      <trkpt lat="51.867190000" lon="5.446150000">
        <ele>5.000</ele>
      </trkpt>
      <trkpt lat="51.867280000" lon="5.446190000">
        <ele>5.000</ele>
      </trkpt>
      <trkpt lat="51.867440000" lon="5.446280000">
        <ele>5.000</ele>
      </trkpt>
      <trkpt lat="51.867650000" lon="5.446400000">
        <ele>5.000</ele>
      </trkpt>
      <trkpt lat="51.867850000" lon="5.446510000">
        <ele>5.000</ele>
      </trkpt>
      <trkpt lat="51.868050000" lon="5.446640000">
        <ele>5.000</ele>
      </trkpt>
      <trkpt lat="51.868230000" lon="5.446740000">
        <ele>5.000</ele>
      </trkpt>
      <trkpt lat="51.868430000" lon="5.446860000">
        <ele>5.000</ele>
      </trkpt>
      <trkpt lat="51.868640000" lon="5.446990000">
        <ele>5.000</ele>
      </trkpt>
      <trkpt lat="51.868850000" lon="5.447110000">
        <ele>5.000</ele>
      </trkpt>
      <trkpt lat="51.869060000" lon="5.447240000">
        <ele>5.000</ele>
      </trkpt>
      <trkpt lat="51.869250000" lon="5.447350000">
        <ele>5.000</ele>
      </trkpt>
      <trkpt lat="51.869450000" lon="5.447470000">
        <ele>5.000</ele>
      </trkpt>
      <trkpt lat="51.869680000" lon="5.447610000">
        <ele>5.000</ele>
      </trkpt>
      <trkpt lat="51.869740000" lon="5.447650000">
        <ele>5.000</ele>
      </trkpt>
      <trkpt lat="51.869810000" lon="5.447700000">
        <ele>5.000</ele>
      </trkpt>
      <trkpt lat="51.869870000" lon="5.447740000">
        <ele>5.000</ele>
      </trkpt>
      <trkpt lat="51.869980000" lon="5.447820000">
        <ele>5.000</ele>
      </trkpt>
      <trkpt lat="51.870040000" lon="5.447870000">
        <ele>5.000</ele>
      </trkpt>
      <trkpt lat="51.870200000" lon="5.448010000">
        <ele>5.000</ele>
      </trkpt>
      <trkpt lat="51.870320000" lon="5.448130000">
        <ele>5.000</ele>
      </trkpt>
      <trkpt lat="51.870380000" lon="5.448190000">
        <ele>5.000</ele>
      </trkpt>
      <trkpt lat="51.870480000" lon="5.448290000">
        <ele>5.000</ele>
      </trkpt>
      <trkpt lat="51.870550000" lon="5.448370000">
        <ele>5.000</ele>
      </trkpt>
      <trkpt lat="51.870660000" lon="5.448510000">
        <ele>5.000</ele>
      </trkpt>
      <trkpt lat="51.870720000" lon="5.448580000">
        <ele>5.000</ele>
      </trkpt>
      <trkpt lat="51.870840000" lon="5.448740000">
        <ele>5.000</ele>
      </trkpt>
      <trkpt lat="51.870930000" lon="5.448860000">
        <ele>5.000</ele>
      </trkpt>
      <trkpt lat="51.871100000" lon="5.449110000">
        <ele>5.000</ele>
      </trkpt>
      <trkpt lat="51.871220000" lon="5.449300000">
        <ele>5.000</ele>
      </trkpt>
      <trkpt lat="51.871460000" lon="5.449640000">
        <ele>5.000</ele>
      </trkpt>
      <trkpt lat="51.871990000" lon="5.450410000">
        <ele>5.000</ele>
      </trkpt>
      <trkpt lat="51.872510000" lon="5.451180000">
        <ele>5.000</ele>
      </trkpt>
      <trkpt lat="51.873050000" lon="5.451980000">
        <ele>5.000</ele>
      </trkpt>
      <trkpt lat="51.873050000" lon="5.451980000">
        <ele>5.000</ele>
      </trkpt>
      <trkpt lat="51.873180000" lon="5.452170000">
        <ele>5.000</ele>
      </trkpt>
      <trkpt lat="51.873660000" lon="5.452870000">
        <ele>5.000</ele>
      </trkpt>
      <trkpt lat="51.873760000" lon="5.453020000">
        <ele>5.000</ele>
      </trkpt>
      <trkpt lat="51.873920000" lon="5.453230000">
        <ele>5.000</ele>
      </trkpt>
      <trkpt lat="51.874070000" lon="5.453400000">
        <ele>5.000</ele>
      </trkpt>
      <trkpt lat="51.874170000" lon="5.453510000">
        <ele>5.000</ele>
      </trkpt>
      <trkpt lat="51.874330000" lon="5.453650000">
        <ele>5.000</ele>
      </trkpt>
      <trkpt lat="51.874590000" lon="5.453840000">
        <ele>5.000</ele>
      </trkpt>
      <trkpt lat="51.874720000" lon="5.453920000">
        <ele>5.000</ele>
      </trkpt>
      <trkpt lat="51.874790000" lon="5.454000000">
        <ele>5.000</ele>
      </trkpt>
      <trkpt lat="51.874990000" lon="5.454130000">
        <ele>5.000</ele>
      </trkpt>
      <trkpt lat="51.875150000" lon="5.454270000">
        <ele>5.000</ele>
      </trkpt>
      <trkpt lat="51.875280000" lon="5.454390000">
        <ele>5.000</ele>
      </trkpt>
      <trkpt lat="51.875380000" lon="5.454500000">
        <ele>5.000</ele>
      </trkpt>
      <trkpt lat="51.875450000" lon="5.454570000">
        <ele>5.000</ele>
      </trkpt>
      <trkpt lat="51.875520000" lon="5.454660000">
        <ele>5.000</ele>
      </trkpt>
      <trkpt lat="51.875590000" lon="5.454760000">
        <ele>5.000</ele>
      </trkpt>
      <trkpt lat="51.875730000" lon="5.454970000">
        <ele>5.000</ele>
      </trkpt>
      <trkpt lat="51.875850000" lon="5.455170000">
        <ele>5.000</ele>
      </trkpt>
      <trkpt lat="51.875980000" lon="5.455400000">
        <ele>5.000</ele>
      </trkpt>
      <trkpt lat="51.876010000" lon="5.455440000">
        <ele>5.000</ele>
      </trkpt>
      <trkpt lat="51.876130000" lon="5.455670000">
        <ele>5.000</ele>
      </trkpt>
      <trkpt lat="51.876230000" lon="5.455890000">
        <ele>5.000</ele>
      </trkpt>
      <trkpt lat="51.876300000" lon="5.456060000">
        <ele>5.000</ele>
      </trkpt>
      <trkpt lat="51.876420000" lon="5.456340000">
        <ele>5.000</ele>
      </trkpt>
      <trkpt lat="51.876500000" lon="5.456560000">
        <ele>5.000</ele>
      </trkpt>
      <trkpt lat="51.876580000" lon="5.456820000">
        <ele>5.000</ele>
      </trkpt>
      <trkpt lat="51.876680000" lon="5.457110000">
        <ele>5.000</ele>
      </trkpt>
      <trkpt lat="51.876790000" lon="5.457480000">
        <ele>5.000</ele>
      </trkpt>
      <trkpt lat="51.876900000" lon="5.457830000">
        <ele>5.000</ele>
      </trkpt>
      <trkpt lat="51.877020000" lon="5.458230000">
        <ele>5.000</ele>
      </trkpt>
      <trkpt lat="51.877120000" lon="5.458540000">
        <ele>5.000</ele>
      </trkpt>
      <trkpt lat="51.877220000" lon="5.458880000">
        <ele>5.000</ele>
      </trkpt>
      <trkpt lat="51.877310000" lon="5.459180000">
        <ele>5.000</ele>
      </trkpt>
      <trkpt lat="51.877430000" lon="5.459580000">
        <ele>5.000</ele>
      </trkpt>
      <trkpt lat="51.877530000" lon="5.459950000">
        <ele>5.000</ele>
      </trkpt>
      <trkpt lat="51.877630000" lon="5.460370000">
        <ele>5.000</ele>
      </trkpt>
      <trkpt lat="51.877700000" lon="5.460790000">
        <ele>5.000</ele>
      </trkpt>
      <trkpt lat="51.877760000" lon="5.461220000">
        <ele>5.000</ele>
      </trkpt>
      <trkpt lat="51.877800000" lon="5.461560000">
        <ele>5.000</ele>
      </trkpt>
      <trkpt lat="51.877820000" lon="5.461950000">
        <ele>5.000</ele>
      </trkpt>
      <trkpt lat="51.877830000" lon="5.462140000">
        <ele>5.000</ele>
      </trkpt>
      <trkpt lat="51.877850000" lon="5.462770000">
        <ele>5.000</ele>
      </trkpt>
      <trkpt lat="51.877860000" lon="5.463540000">
        <ele>5.000</ele>
      </trkpt>
      <trkpt lat="51.877880000" lon="5.464210000">
        <ele>5.000</ele>
      </trkpt>
      <trkpt lat="51.877900000" lon="5.464970000">
        <ele>4.000</ele>
      </trkpt>
      <trkpt lat="51.877930000" lon="5.465670000">
        <ele>4.000</ele>
      </trkpt>
      <trkpt lat="51.877960000" lon="5.466190000">
        <ele>4.000</ele>
      </trkpt>
      <trkpt lat="51.877980000" lon="5.466410000">
        <ele>4.000</ele>
      </trkpt>
      <trkpt lat="51.878000000" lon="5.466700000">
        <ele>4.000</ele>
      </trkpt>
      <trkpt lat="51.878000000" lon="5.466750000">
        <ele>4.000</ele>
      </trkpt>
      <trkpt lat="51.878030000" lon="5.467130000">
        <ele>4.000</ele>
      </trkpt>
      <trkpt lat="51.878080000" lon="5.467640000">
        <ele>4.000</ele>
      </trkpt>
      <trkpt lat="51.878100000" lon="5.467890000">
        <ele>4.000</ele>
      </trkpt>
      <trkpt lat="51.878130000" lon="5.468200000">
        <ele>4.000</ele>
      </trkpt>
      <trkpt lat="51.878170000" lon="5.468600000">
        <ele>4.000</ele>
      </trkpt>
      <trkpt lat="51.878210000" lon="5.468940000">
        <ele>4.000</ele>
      </trkpt>
      <trkpt lat="51.878240000" lon="5.469270000">
        <ele>4.000</ele>
      </trkpt>
      <trkpt lat="51.878270000" lon="5.469600000">
        <ele>4.000</ele>
      </trkpt>
      <trkpt lat="51.878300000" lon="5.469950000">
        <ele>4.000</ele>
      </trkpt>
      <trkpt lat="51.878290000" lon="5.470070000">
        <ele>4.000</ele>
      </trkpt>
      <trkpt lat="51.878310000" lon="5.470530000">
        <ele>4.000</ele>
      </trkpt>
      <trkpt lat="51.878310000" lon="5.470750000">
        <ele>4.000</ele>
      </trkpt>
      <trkpt lat="51.878300000" lon="5.470760000">
        <ele>4.000</ele>
      </trkpt>
      <trkpt lat="51.878290000" lon="5.470760000">
        <ele>4.000</ele>
      </trkpt>
      <trkpt lat="51.878280000" lon="5.470770000">
        <ele>4.000</ele>
      </trkpt>
      <trkpt lat="51.878280000" lon="5.470780000">
        <ele>4.000</ele>
      </trkpt>
      <trkpt lat="51.878270000" lon="5.470790000">
        <ele>4.000</ele>
      </trkpt>
      <trkpt lat="51.878260000" lon="5.470800000">
        <ele>4.000</ele>
      </trkpt>
      <trkpt lat="51.878250000" lon="5.470810000">
        <ele>4.000</ele>
      </trkpt>
      <trkpt lat="51.878240000" lon="5.470820000">
        <ele>4.000</ele>
      </trkpt>
      <trkpt lat="51.878240000" lon="5.470840000">
        <ele>4.000</ele>
      </trkpt>
      <trkpt lat="51.878230000" lon="5.470850000">
        <ele>4.000</ele>
      </trkpt>
      <trkpt lat="51.878220000" lon="5.470870000">
        <ele>4.000</ele>
      </trkpt>
      <trkpt lat="51.878220000" lon="5.470880000">
        <ele>4.000</ele>
      </trkpt>
      <trkpt lat="51.878210000" lon="5.470910000">
        <ele>4.000</ele>
      </trkpt>
      <trkpt lat="51.878210000" lon="5.470920000">
        <ele>4.000</ele>
      </trkpt>
      <trkpt lat="51.878210000" lon="5.470930000">
        <ele>4.000</ele>
      </trkpt>
      <trkpt lat="51.878210000" lon="5.470950000">
        <ele>4.000</ele>
      </trkpt>
      <trkpt lat="51.878210000" lon="5.470960000">
        <ele>4.000</ele>
      </trkpt>
      <trkpt lat="51.878210000" lon="5.470970000">
        <ele>4.000</ele>
      </trkpt>
      <trkpt lat="51.878210000" lon="5.470980000">
        <ele>4.000</ele>
      </trkpt>
      <trkpt lat="51.878210000" lon="5.470990000">
        <ele>4.000</ele>
      </trkpt>
      <trkpt lat="51.878210000" lon="5.471010000">
        <ele>4.000</ele>
      </trkpt>
      <trkpt lat="51.878210000" lon="5.471020000">
        <ele>4.000</ele>
      </trkpt>
      <trkpt lat="51.878220000" lon="5.471030000">
        <ele>4.000</ele>
      </trkpt>
      <trkpt lat="51.878220000" lon="5.471040000">
        <ele>4.000</ele>
      </trkpt>
      <trkpt lat="51.878220000" lon="5.471060000">
        <ele>4.000</ele>
      </trkpt>
      <trkpt lat="51.878230000" lon="5.471070000">
        <ele>4.000</ele>
      </trkpt>
      <trkpt lat="51.878230000" lon="5.471080000">
        <ele>4.000</ele>
      </trkpt>
      <trkpt lat="51.878240000" lon="5.471090000">
        <ele>4.000</ele>
      </trkpt>
      <trkpt lat="51.878250000" lon="5.471100000">
        <ele>4.000</ele>
      </trkpt>
      <trkpt lat="51.878250000" lon="5.471110000">
        <ele>4.000</ele>
      </trkpt>
      <trkpt lat="51.878260000" lon="5.471120000">
        <ele>4.000</ele>
      </trkpt>
      <trkpt lat="51.878260000" lon="5.471130000">
        <ele>4.000</ele>
      </trkpt>
      <trkpt lat="51.878270000" lon="5.471130000">
        <ele>4.000</ele>
      </trkpt>
      <trkpt lat="51.878270000" lon="5.471140000">
        <ele>4.000</ele>
      </trkpt>
      <trkpt lat="51.878280000" lon="5.471150000">
        <ele>4.000</ele>
      </trkpt>
      <trkpt lat="51.878290000" lon="5.471150000">
        <ele>4.000</ele>
      </trkpt>
      <trkpt lat="51.878300000" lon="5.471160000">
        <ele>4.000</ele>
      </trkpt>
      <trkpt lat="51.878280000" lon="5.471840000">
        <ele>4.000</ele>
      </trkpt>
      <trkpt lat="51.878310000" lon="5.471980000">
        <ele>4.000</ele>
      </trkpt>
      <trkpt lat="51.878250000" lon="5.473410000">
        <ele>4.000</ele>
      </trkpt>
      <trkpt lat="51.878230000" lon="5.473810000">
        <ele>4.000</ele>
      </trkpt>
      <trkpt lat="51.878210000" lon="5.474140000">
        <ele>4.000</ele>
      </trkpt>
      <trkpt lat="51.878190000" lon="5.474420000">
        <ele>4.000</ele>
      </trkpt>
      <trkpt lat="51.878170000" lon="5.474630000">
        <ele>4.000</ele>
      </trkpt>
      <trkpt lat="51.878130000" lon="5.475090000">
        <ele>4.000</ele>
      </trkpt>
      <trkpt lat="51.878070000" lon="5.475540000">
        <ele>4.000</ele>
      </trkpt>
      <trkpt lat="51.878050000" lon="5.475740000">
        <ele>4.000</ele>
      </trkpt>
      <trkpt lat="51.878020000" lon="5.476030000">
        <ele>4.000</ele>
      </trkpt>
      <trkpt lat="51.878000000" lon="5.476250000">
        <ele>4.000</ele>
      </trkpt>
      <trkpt lat="51.877940000" lon="5.476730000">
        <ele>4.000</ele>
      </trkpt>
      <trkpt lat="51.877890000" lon="5.477200000">
        <ele>4.000</ele>
      </trkpt>
      <trkpt lat="51.877860000" lon="5.477460000">
        <ele>4.000</ele>
      </trkpt>
      <trkpt lat="51.877830000" lon="5.477680000">
        <ele>4.000</ele>
      </trkpt>
      <trkpt lat="51.877790000" lon="5.477940000">
        <ele>4.000</ele>
      </trkpt>
      <trkpt lat="51.877750000" lon="5.478130000">
        <ele>4.000</ele>
      </trkpt>
      <trkpt lat="51.877700000" lon="5.478370000">
        <ele>4.000</ele>
      </trkpt>
      <trkpt lat="51.877600000" lon="5.478780000">
        <ele>4.000</ele>
      </trkpt>
      <trkpt lat="51.877540000" lon="5.479050000">
        <ele>4.000</ele>
      </trkpt>
      <trkpt lat="51.877510000" lon="5.479160000">
        <ele>4.000</ele>
      </trkpt>
      <trkpt lat="51.877440000" lon="5.479470000">
        <ele>4.000</ele>
      </trkpt>
      <trkpt lat="51.877380000" lon="5.479700000">
        <ele>4.000</ele>
      </trkpt>
      <trkpt lat="51.877330000" lon="5.479930000">
        <ele>4.000</ele>
      </trkpt>
      <trkpt lat="51.877200000" lon="5.480480000">
        <ele>4.000</ele>
      </trkpt>
      <trkpt lat="51.877100000" lon="5.480930000">
        <ele>4.000</ele>
      </trkpt>
      <trkpt lat="51.877020000" lon="5.481330000">
        <ele>4.000</ele>
      </trkpt>
      <trkpt lat="51.876970000" lon="5.481650000">
        <ele>4.000</ele>
      </trkpt>
      <trkpt lat="51.876910000" lon="5.482050000">
        <ele>4.000</ele>
      </trkpt>
      <trkpt lat="51.876860000" lon="5.482340000">
        <ele>4.000</ele>
      </trkpt>
      <trkpt lat="51.876840000" lon="5.482500000">
        <ele>4.000</ele>
      </trkpt>
      <trkpt lat="51.876800000" lon="5.482900000">
        <ele>4.000</ele>
      </trkpt>
      <trkpt lat="51.876770000" lon="5.483090000">
        <ele>4.000</ele>
      </trkpt>
      <trkpt lat="51.876760000" lon="5.483260000">
        <ele>4.000</ele>
      </trkpt>
      <trkpt lat="51.876750000" lon="5.483380000">
        <ele>4.000</ele>
      </trkpt>
      <trkpt lat="51.876730000" lon="5.483540000">
        <ele>4.000</ele>
      </trkpt>
      <trkpt lat="51.876700000" lon="5.483940000">
        <ele>4.000</ele>
      </trkpt>
      <trkpt lat="51.876690000" lon="5.484080000">
        <ele>4.000</ele>
      </trkpt>
      <trkpt lat="51.876660000" lon="5.484410000">
        <ele>4.000</ele>
      </trkpt>
      <trkpt lat="51.876650000" lon="5.484590000">
        <ele>4.000</ele>
      </trkpt>
      <trkpt lat="51.876630000" lon="5.484800000">
        <ele>4.000</ele>
      </trkpt>
      <trkpt lat="51.876630000" lon="5.484820000">
        <ele>4.000</ele>
      </trkpt>
      <trkpt lat="51.876590000" lon="5.485270000">
        <ele>4.000</ele>
      </trkpt>
      <trkpt lat="51.876580000" lon="5.485350000">
        <ele>4.000</ele>
      </trkpt>
      <trkpt lat="51.876550000" lon="5.485720000">
        <ele>4.000</ele>
      </trkpt>
      <trkpt lat="51.876550000" lon="5.485790000">
        <ele>4.000</ele>
      </trkpt>
      <trkpt lat="51.876500000" lon="5.486330000">
        <ele>4.000</ele>
      </trkpt>
      <trkpt lat="51.876470000" lon="5.486550000">
        <ele>4.000</ele>
      </trkpt>
      <trkpt lat="51.876410000" lon="5.486990000">
        <ele>4.000</ele>
      </trkpt>
      <trkpt lat="51.876320000" lon="5.487500000">
        <ele>4.000</ele>
      </trkpt>
      <trkpt lat="51.876280000" lon="5.487750000">
        <ele>4.000</ele>
      </trkpt>
      <trkpt lat="51.876160000" lon="5.488350000">
        <ele>4.000</ele>
      </trkpt>
      <trkpt lat="51.876070000" lon="5.488890000">
        <ele>4.000</ele>
      </trkpt>
      <trkpt lat="51.876050000" lon="5.488990000">
        <ele>4.000</ele>
      </trkpt>
      <trkpt lat="51.875980000" lon="5.489410000">
        <ele>4.000</ele>
      </trkpt>
      <trkpt lat="51.875930000" lon="5.489780000">
        <ele>4.000</ele>
      </trkpt>
      <trkpt lat="51.875860000" lon="5.490390000">
        <ele>4.000</ele>
      </trkpt>
      <trkpt lat="51.875850000" lon="5.490570000">
        <ele>4.000</ele>
      </trkpt>
      <trkpt lat="51.875790000" lon="5.491240000">
        <ele>4.000</ele>
      </trkpt>
      <trkpt lat="51.875770000" lon="5.491550000">
        <ele>4.000</ele>
      </trkpt>
      <trkpt lat="51.875740000" lon="5.491860000">
        <ele>4.000</ele>
      </trkpt>
      <trkpt lat="51.875700000" lon="5.492310000">
        <ele>4.000</ele>
      </trkpt>
      <trkpt lat="51.875660000" lon="5.493040000">
        <ele>4.000</ele>
      </trkpt>
      <trkpt lat="51.875640000" lon="5.493230000">
        <ele>4.000</ele>
      </trkpt>
      <trkpt lat="51.875630000" lon="5.493410000">
        <ele>4.000</ele>
      </trkpt>
      <trkpt lat="51.875620000" lon="5.493720000">
        <ele>4.000</ele>
      </trkpt>
      <trkpt lat="51.875610000" lon="5.493980000">
        <ele>4.000</ele>
      </trkpt>
      <trkpt lat="51.875600000" lon="5.494210000">
        <ele>4.000</ele>
      </trkpt>
      <trkpt lat="51.875580000" lon="5.494370000">
        <ele>4.000</ele>
      </trkpt>
      <trkpt lat="51.875560000" lon="5.494550000">
        <ele>4.000</ele>
      </trkpt>
      <trkpt lat="51.875520000" lon="5.494940000">
        <ele>4.000</ele>
      </trkpt>
      <trkpt lat="51.875470000" lon="5.495330000">
        <ele>5.000</ele>
      </trkpt>
      <trkpt lat="51.875430000" lon="5.495680000">
        <ele>5.000</ele>
      </trkpt>
      <trkpt lat="51.875390000" lon="5.495960000">
        <ele>5.000</ele>
      </trkpt>
      <trkpt lat="51.875360000" lon="5.496200000">
        <ele>6.000</ele>
      </trkpt>
      <trkpt lat="51.875340000" lon="5.496380000">
        <ele>6.000</ele>
      </trkpt>
      <trkpt lat="51.875310000" lon="5.496610000">
        <ele>6.000</ele>
      </trkpt>
      <trkpt lat="51.875290000" lon="5.496740000">
        <ele>6.000</ele>
      </trkpt>
      <trkpt lat="51.875270000" lon="5.496880000">
        <ele>7.000</ele>
      </trkpt>
      <trkpt lat="51.875260000" lon="5.496980000">
        <ele>7.000</ele>
      </trkpt>
      <trkpt lat="51.875260000" lon="5.497000000">
        <ele>7.000</ele>
      </trkpt>
      <trkpt lat="51.875220000" lon="5.497080000">
        <ele>7.000</ele>
      </trkpt>
      <trkpt lat="51.875170000" lon="5.497190000">
        <ele>7.000</ele>
      </trkpt>
      <trkpt lat="51.875170000" lon="5.497190000">
        <ele>7.000</ele>
      </trkpt>
      <trkpt lat="51.875160000" lon="5.497200000">
        <ele>8.000</ele>
      </trkpt>
      <trkpt lat="51.875150000" lon="5.497210000">
        <ele>8.000</ele>
      </trkpt>
      <trkpt lat="51.875140000" lon="5.497220000">
        <ele>8.000</ele>
      </trkpt>
      <trkpt lat="51.875130000" lon="5.497230000">
        <ele>8.000</ele>
      </trkpt>
      <trkpt lat="51.875120000" lon="5.497240000">
        <ele>8.000</ele>
      </trkpt>
      <trkpt lat="51.875120000" lon="5.497250000">
        <ele>8.000</ele>
      </trkpt>
      <trkpt lat="51.875110000" lon="5.497270000">
        <ele>8.000</ele>
      </trkpt>
      <trkpt lat="51.875110000" lon="5.497280000">
        <ele>8.000</ele>
      </trkpt>
      <trkpt lat="51.875100000" lon="5.497300000">
        <ele>8.000</ele>
      </trkpt>
      <trkpt lat="51.875090000" lon="5.497330000">
        <ele>8.000</ele>
      </trkpt>
      <trkpt lat="51.875080000" lon="5.497350000">
        <ele>8.000</ele>
      </trkpt>
      <trkpt lat="51.875070000" lon="5.497370000">
        <ele>8.000</ele>
      </trkpt>
      <trkpt lat="51.875070000" lon="5.497400000">
        <ele>8.000</ele>
      </trkpt>
      <trkpt lat="51.875070000" lon="5.497420000">
        <ele>8.000</ele>
      </trkpt>
      <trkpt lat="51.875060000" lon="5.497450000">
        <ele>8.000</ele>
      </trkpt>
      <trkpt lat="51.875060000" lon="5.497470000">
        <ele>8.000</ele>
      </trkpt>
      <trkpt lat="51.875070000" lon="5.497500000">
        <ele>8.000</ele>
      </trkpt>
      <trkpt lat="51.875070000" lon="5.497520000">
        <ele>8.000</ele>
      </trkpt>
      <trkpt lat="51.875080000" lon="5.497540000">
        <ele>8.000</ele>
      </trkpt>
      <trkpt lat="51.875080000" lon="5.497570000">
        <ele>8.000</ele>
      </trkpt>
      <trkpt lat="51.875090000" lon="5.497590000">
        <ele>8.000</ele>
      </trkpt>
      <trkpt lat="51.875100000" lon="5.497610000">
        <ele>8.000</ele>
      </trkpt>
      <trkpt lat="51.875110000" lon="5.497620000">
        <ele>8.000</ele>
      </trkpt>
      <trkpt lat="51.875120000" lon="5.497640000">
        <ele>8.000</ele>
      </trkpt>
      <trkpt lat="51.875140000" lon="5.497660000">
        <ele>8.000</ele>
      </trkpt>
      <trkpt lat="51.875150000" lon="5.497670000">
        <ele>8.000</ele>
      </trkpt>
      <trkpt lat="51.875170000" lon="5.497690000">
        <ele>8.000</ele>
      </trkpt>
      <trkpt lat="51.875190000" lon="5.497700000">
        <ele>8.000</ele>
      </trkpt>
      <trkpt lat="51.875200000" lon="5.497710000">
        <ele>8.000</ele>
      </trkpt>
      <trkpt lat="51.875220000" lon="5.497720000">
        <ele>8.000</ele>
      </trkpt>
      <trkpt lat="51.875230000" lon="5.497720000">
        <ele>8.000</ele>
      </trkpt>
      <trkpt lat="51.875250000" lon="5.497730000">
        <ele>8.000</ele>
      </trkpt>
      <trkpt lat="51.875270000" lon="5.497730000">
        <ele>8.000</ele>
      </trkpt>
      <trkpt lat="51.875280000" lon="5.497730000">
        <ele>8.000</ele>
      </trkpt>
      <trkpt lat="51.875300000" lon="5.497720000">
        <ele>8.000</ele>
      </trkpt>
      <trkpt lat="51.875310000" lon="5.497720000">
        <ele>8.000</ele>
      </trkpt>
      <trkpt lat="51.875330000" lon="5.497710000">
        <ele>8.000</ele>
      </trkpt>
      <trkpt lat="51.875340000" lon="5.497710000">
        <ele>8.000</ele>
      </trkpt>
      <trkpt lat="51.875360000" lon="5.497700000">
        <ele>8.000</ele>
      </trkpt>
      <trkpt lat="51.875370000" lon="5.497690000">
        <ele>8.000</ele>
      </trkpt>
      <trkpt lat="51.875380000" lon="5.497670000">
        <ele>8.000</ele>
      </trkpt>
      <trkpt lat="51.875400000" lon="5.497660000">
        <ele>8.000</ele>
      </trkpt>
      <trkpt lat="51.875410000" lon="5.497640000">
        <ele>8.000</ele>
      </trkpt>
      <trkpt lat="51.875420000" lon="5.497620000">
        <ele>8.000</ele>
      </trkpt>
      <trkpt lat="51.875480000" lon="5.497590000">
        <ele>8.000</ele>
      </trkpt>
      <trkpt lat="51.875510000" lon="5.497580000">
        <ele>8.000</ele>
      </trkpt>
      <trkpt lat="51.875530000" lon="5.497570000">
        <ele>8.000</ele>
      </trkpt>
      <trkpt lat="51.875600000" lon="5.497580000">
        <ele>8.000</ele>
      </trkpt>
      <trkpt lat="51.875650000" lon="5.497590000">
        <ele>8.000</ele>
      </trkpt>
      <trkpt lat="51.875820000" lon="5.497620000">
        <ele>8.000</ele>
      </trkpt>
      <trkpt lat="51.875970000" lon="5.497630000">
        <ele>8.000</ele>
      </trkpt>
      <trkpt lat="51.876030000" lon="5.497640000">
        <ele>8.000</ele>
      </trkpt>
      <trkpt lat="51.876030000" lon="5.497650000">
        <ele>8.000</ele>
      </trkpt>
      <trkpt lat="51.876140000" lon="5.497660000">
        <ele>8.000</ele>
      </trkpt>
      <trkpt lat="51.876420000" lon="5.497690000">
        <ele>8.000</ele>
      </trkpt>
      <trkpt lat="51.876460000" lon="5.497700000">
        <ele>8.000</ele>
      </trkpt>
      <trkpt lat="51.876570000" lon="5.497710000">
        <ele>8.000</ele>
      </trkpt>
      <trkpt lat="51.876680000" lon="5.497720000">
        <ele>8.000</ele>
      </trkpt>
      <trkpt lat="51.876800000" lon="5.497730000">
        <ele>8.000</ele>
      </trkpt>
      <trkpt lat="51.876860000" lon="5.497730000">
        <ele>8.000</ele>
      </trkpt>
      <trkpt lat="51.876900000" lon="5.497730000">
        <ele>8.000</ele>
      </trkpt>
      <trkpt lat="51.877000000" lon="5.497740000">
        <ele>9.000</ele>
      </trkpt>
      <trkpt lat="51.877110000" lon="5.497740000">
        <ele>9.000</ele>
      </trkpt>
      <trkpt lat="51.877440000" lon="5.497760000">
        <ele>9.000</ele>
      </trkpt>
      <trkpt lat="51.877550000" lon="5.497760000">
        <ele>9.000</ele>
      </trkpt>
      <trkpt lat="51.877660000" lon="5.497770000">
        <ele>9.000</ele>
      </trkpt>
      <trkpt lat="51.877760000" lon="5.497770000">
        <ele>9.000</ele>
      </trkpt>
      <trkpt lat="51.878090000" lon="5.497760000">
        <ele>9.000</ele>
      </trkpt>
      <trkpt lat="51.878200000" lon="5.497760000">
        <ele>10.000</ele>
      </trkpt>
      <trkpt lat="51.878310000" lon="5.497760000">
        <ele>10.000</ele>
      </trkpt>
      <trkpt lat="51.878530000" lon="5.497760000">
        <ele>10.000</ele>
      </trkpt>
      <trkpt lat="51.878630000" lon="5.497760000">
        <ele>10.000</ele>
      </trkpt>
      <trkpt lat="51.878740000" lon="5.497760000">
        <ele>10.000</ele>
      </trkpt>
      <trkpt lat="51.878850000" lon="5.497760000">
        <ele>10.000</ele>
      </trkpt>
      <trkpt lat="51.878960000" lon="5.497760000">
        <ele>10.000</ele>
      </trkpt>
      <trkpt lat="51.879170000" lon="5.497750000">
        <ele>10.000</ele>
      </trkpt>
      <trkpt lat="51.879400000" lon="5.497750000">
        <ele>10.000</ele>
      </trkpt>
      <trkpt lat="51.879590000" lon="5.497750000">
        <ele>10.000</ele>
      </trkpt>
      <trkpt lat="51.879700000" lon="5.497740000">
        <ele>9.000</ele>
      </trkpt>
      <trkpt lat="51.879840000" lon="5.497730000">
        <ele>9.000</ele>
      </trkpt>
      <trkpt lat="51.879920000" lon="5.497720000">
        <ele>9.000</ele>
      </trkpt>
      <trkpt lat="51.880270000" lon="5.497710000">
        <ele>9.000</ele>
      </trkpt>
      <trkpt lat="51.880400000" lon="5.497710000">
        <ele>9.000</ele>
      </trkpt>
      <trkpt lat="51.880530000" lon="5.497700000">
        <ele>8.000</ele>
      </trkpt>
      <trkpt lat="51.880780000" lon="5.497700000">
        <ele>8.000</ele>
      </trkpt>
      <trkpt lat="51.881050000" lon="5.497700000">
        <ele>8.000</ele>
      </trkpt>
      <trkpt lat="51.881120000" lon="5.497700000">
        <ele>8.000</ele>
      </trkpt>
      <trkpt lat="51.881240000" lon="5.497700000">
        <ele>9.000</ele>
      </trkpt>
      <trkpt lat="51.881330000" lon="5.497710000">
        <ele>9.000</ele>
      </trkpt>
      <trkpt lat="51.881450000" lon="5.497720000">
        <ele>9.000</ele>
      </trkpt>
      <trkpt lat="51.881470000" lon="5.497720000">
        <ele>10.000</ele>
      </trkpt>
      <trkpt lat="51.881780000" lon="5.497730000">
        <ele>10.000</ele>
      </trkpt>
      <trkpt lat="51.881800000" lon="5.497730000">
        <ele>11.000</ele>
      </trkpt>
      <trkpt lat="51.881960000" lon="5.497720000">
        <ele>11.000</ele>
      </trkpt>
      <trkpt lat="51.882130000" lon="5.497710000">
        <ele>12.000</ele>
      </trkpt>
      <trkpt lat="51.882180000" lon="5.497710000">
        <ele>12.000</ele>
      </trkpt>
      <trkpt lat="51.882640000" lon="5.497710000">
        <ele>13.000</ele>
      </trkpt>
      <trkpt lat="51.882750000" lon="5.497700000">
        <ele>13.000</ele>
      </trkpt>
      <trkpt lat="51.882860000" lon="5.497710000">
        <ele>14.000</ele>
      </trkpt>
      <trkpt lat="51.883080000" lon="5.497700000">
        <ele>14.000</ele>
      </trkpt>
      <trkpt lat="51.883410000" lon="5.497700000">
        <ele>14.000</ele>
      </trkpt>
      <trkpt lat="51.883750000" lon="5.497690000">
        <ele>15.000</ele>
      </trkpt>
      <trkpt lat="51.883960000" lon="5.497680000">
        <ele>15.000</ele>
      </trkpt>
      <trkpt lat="51.884050000" lon="5.497680000">
        <ele>15.000</ele>
      </trkpt>
      <trkpt lat="51.884290000" lon="5.497670000">
        <ele>15.000</ele>
      </trkpt>
      <trkpt lat="51.884390000" lon="5.497670000">
        <ele>15.000</ele>
      </trkpt>
      <trkpt lat="51.884490000" lon="5.497670000">
        <ele>15.000</ele>
      </trkpt>
      <trkpt lat="51.884600000" lon="5.497670000">
        <ele>15.000</ele>
      </trkpt>
      <trkpt lat="51.884720000" lon="5.497670000">
        <ele>15.000</ele>
      </trkpt>
      <trkpt lat="51.884820000" lon="5.497670000">
        <ele>15.000</ele>
      </trkpt>
      <trkpt lat="51.884940000" lon="5.497670000">
        <ele>15.000</ele>
      </trkpt>
      <trkpt lat="51.885020000" lon="5.497660000">
        <ele>15.000</ele>
      </trkpt>
      <trkpt lat="51.885050000" lon="5.497660000">
        <ele>14.000</ele>
      </trkpt>
      <trkpt lat="51.885130000" lon="5.497660000">
        <ele>14.000</ele>
      </trkpt>
      <trkpt lat="51.885350000" lon="5.497660000">
        <ele>14.000</ele>
      </trkpt>
      <trkpt lat="51.885460000" lon="5.497660000">
        <ele>14.000</ele>
      </trkpt>
      <trkpt lat="51.885480000" lon="5.497660000">
        <ele>13.000</ele>
      </trkpt>
      <trkpt lat="51.885560000" lon="5.497640000">
        <ele>13.000</ele>
      </trkpt>
      <trkpt lat="51.885670000" lon="5.497630000">
        <ele>13.000</ele>
      </trkpt>
      <trkpt lat="51.885780000" lon="5.497620000">
        <ele>13.000</ele>
      </trkpt>
      <trkpt lat="51.885990000" lon="5.497600000">
        <ele>12.000</ele>
      </trkpt>
      <trkpt lat="51.886080000" lon="5.497600000">
        <ele>12.000</ele>
      </trkpt>
      <trkpt lat="51.886180000" lon="5.497600000">
        <ele>12.000</ele>
      </trkpt>
      <trkpt lat="51.886210000" lon="5.497600000">
        <ele>11.000</ele>
      </trkpt>
      <trkpt lat="51.886340000" lon="5.497590000">
        <ele>11.000</ele>
      </trkpt>
      <trkpt lat="51.886450000" lon="5.497580000">
        <ele>11.000</ele>
      </trkpt>
      <trkpt lat="51.886560000" lon="5.497580000">
        <ele>10.000</ele>
      </trkpt>
      <trkpt lat="51.886660000" lon="5.497570000">
        <ele>10.000</ele>
      </trkpt>
      <trkpt lat="51.886720000" lon="5.497560000">
        <ele>10.000</ele>
      </trkpt>
      <trkpt lat="51.886770000" lon="5.497560000">
        <ele>9.000</ele>
      </trkpt>
      <trkpt lat="51.886990000" lon="5.497550000">
        <ele>9.000</ele>
      </trkpt>
      <trkpt lat="51.887170000" lon="5.497540000">
        <ele>8.000</ele>
      </trkpt>
      <trkpt lat="51.887210000" lon="5.497540000">
        <ele>8.000</ele>
      </trkpt>
      <trkpt lat="51.887400000" lon="5.497540000">
        <ele>7.000</ele>
      </trkpt>
      <trkpt lat="51.887640000" lon="5.497530000">
        <ele>7.000</ele>
      </trkpt>
      <trkpt lat="51.887720000" lon="5.497530000">
        <ele>6.000</ele>
      </trkpt>
      <trkpt lat="51.887830000" lon="5.497520000">
        <ele>6.000</ele>
      </trkpt>
      <trkpt lat="51.887900000" lon="5.497510000">
        <ele>5.000</ele>
      </trkpt>
      <trkpt lat="51.887960000" lon="5.497500000">
        <ele>5.000</ele>
      </trkpt>
      <trkpt lat="51.888070000" lon="5.497500000">
        <ele>5.000</ele>
      </trkpt>
      <trkpt lat="51.888180000" lon="5.497500000">
        <ele>4.000</ele>
      </trkpt>
      <trkpt lat="51.888260000" lon="5.497500000">
        <ele>4.000</ele>
      </trkpt>
      <trkpt lat="51.888370000" lon="5.497500000">
        <ele>4.000</ele>
      </trkpt>
      <trkpt lat="51.888480000" lon="5.497500000">
        <ele>4.000</ele>
      </trkpt>
      <trkpt lat="51.888600000" lon="5.497500000">
        <ele>4.000</ele>
      </trkpt>
      <trkpt lat="51.888700000" lon="5.497490000">
        <ele>4.000</ele>
      </trkpt>
      <trkpt lat="51.888810000" lon="5.497490000">
        <ele>4.000</ele>
      </trkpt>
      <trkpt lat="51.888920000" lon="5.497490000">
        <ele>4.000</ele>
      </trkpt>
      <trkpt lat="51.889020000" lon="5.497490000">
        <ele>4.000</ele>
      </trkpt>
      <trkpt lat="51.889240000" lon="5.497490000">
        <ele>4.000</ele>
      </trkpt>
      <trkpt lat="51.889380000" lon="5.497490000">
        <ele>4.000</ele>
      </trkpt>
      <trkpt lat="51.889470000" lon="5.497480000">
        <ele>4.000</ele>
      </trkpt>
      <trkpt lat="51.889610000" lon="5.497480000">
        <ele>4.000</ele>
      </trkpt>
      <trkpt lat="51.889760000" lon="5.497480000">
        <ele>4.000</ele>
      </trkpt>
      <trkpt lat="51.889890000" lon="5.497480000">
        <ele>4.000</ele>
      </trkpt>
      <trkpt lat="51.890020000" lon="5.497480000">
        <ele>4.000</ele>
      </trkpt>
      <trkpt lat="51.890120000" lon="5.497480000">
        <ele>4.000</ele>
      </trkpt>
      <trkpt lat="51.890180000" lon="5.497480000">
        <ele>4.000</ele>
      </trkpt>
      <trkpt lat="51.890330000" lon="5.497500000">
        <ele>4.000</ele>
      </trkpt>
      <trkpt lat="51.890430000" lon="5.497500000">
        <ele>4.000</ele>
      </trkpt>
      <trkpt lat="51.890550000" lon="5.497500000">
        <ele>4.000</ele>
      </trkpt>
      <trkpt lat="51.890660000" lon="5.497490000">
        <ele>4.000</ele>
      </trkpt>
      <trkpt lat="51.890770000" lon="5.497490000">
        <ele>4.000</ele>
      </trkpt>
      <trkpt lat="51.890880000" lon="5.497490000">
        <ele>4.000</ele>
      </trkpt>
      <trkpt lat="51.891000000" lon="5.497480000">
        <ele>4.000</ele>
      </trkpt>
      <trkpt lat="51.891090000" lon="5.497480000">
        <ele>4.000</ele>
      </trkpt>
      <trkpt lat="51.891180000" lon="5.497480000">
        <ele>4.000</ele>
      </trkpt>
      <trkpt lat="51.891260000" lon="5.497480000">
        <ele>4.000</ele>
      </trkpt>
      <trkpt lat="51.891290000" lon="5.497470000">
        <ele>4.000</ele>
      </trkpt>
      <trkpt lat="51.891400000" lon="5.497470000">
        <ele>4.000</ele>
      </trkpt>
      <trkpt lat="51.891510000" lon="5.497470000">
        <ele>4.000</ele>
      </trkpt>
      <trkpt lat="51.891560000" lon="5.497470000">
        <ele>4.000</ele>
      </trkpt>
      <trkpt lat="51.891610000" lon="5.497470000">
        <ele>4.000</ele>
      </trkpt>
      <trkpt lat="51.891710000" lon="5.497460000">
        <ele>4.000</ele>
      </trkpt>
      <trkpt lat="51.891820000" lon="5.497460000">
        <ele>4.000</ele>
      </trkpt>
      <trkpt lat="51.891840000" lon="5.497460000">
        <ele>4.000</ele>
      </trkpt>
      <trkpt lat="51.891950000" lon="5.497470000">
        <ele>4.000</ele>
      </trkpt>
      <trkpt lat="51.892060000" lon="5.497480000">
        <ele>4.000</ele>
      </trkpt>
      <trkpt lat="51.892070000" lon="5.497480000">
        <ele>4.000</ele>
      </trkpt>
      <trkpt lat="51.892140000" lon="5.497490000">
        <ele>4.000</ele>
      </trkpt>
      <trkpt lat="51.892220000" lon="5.497500000">
        <ele>4.000</ele>
      </trkpt>
      <trkpt lat="51.892280000" lon="5.497500000">
        <ele>4.000</ele>
      </trkpt>
      <trkpt lat="51.892390000" lon="5.497500000">
        <ele>4.000</ele>
      </trkpt>
      <trkpt lat="51.892390000" lon="5.497500000">
        <ele>4.000</ele>
      </trkpt>
      <trkpt lat="51.892530000" lon="5.497500000">
        <ele>4.000</ele>
      </trkpt>
      <trkpt lat="51.892620000" lon="5.497500000">
        <ele>4.000</ele>
      </trkpt>
      <trkpt lat="51.892720000" lon="5.497490000">
        <ele>4.000</ele>
      </trkpt>
      <trkpt lat="51.892830000" lon="5.497490000">
        <ele>4.000</ele>
      </trkpt>
      <trkpt lat="51.892930000" lon="5.497480000">
        <ele>4.000</ele>
      </trkpt>
      <trkpt lat="51.893050000" lon="5.497480000">
        <ele>4.000</ele>
      </trkpt>
      <trkpt lat="51.893140000" lon="5.497470000">
        <ele>4.000</ele>
      </trkpt>
      <trkpt lat="51.893150000" lon="5.497470000">
        <ele>4.000</ele>
      </trkpt>
      <trkpt lat="51.893250000" lon="5.497460000">
        <ele>4.000</ele>
      </trkpt>
      <trkpt lat="51.893360000" lon="5.497460000">
        <ele>4.000</ele>
      </trkpt>
      <trkpt lat="51.893390000" lon="5.497460000">
        <ele>4.000</ele>
      </trkpt>
      <trkpt lat="51.894490000" lon="5.497360000">
        <ele>4.000</ele>
      </trkpt>
      <trkpt lat="51.895020000" lon="5.497310000">
        <ele>5.000</ele>
      </trkpt>
      <trkpt lat="51.895160000" lon="5.497300000">
        <ele>5.000</ele>
      </trkpt>
      <trkpt lat="51.895170000" lon="5.497290000">
        <ele>5.000</ele>
      </trkpt>
      <trkpt lat="51.895330000" lon="5.497270000">
        <ele>5.000</ele>
      </trkpt>
      <trkpt lat="51.895520000" lon="5.497260000">
        <ele>5.000</ele>
      </trkpt>
      <trkpt lat="51.895690000" lon="5.497240000">
        <ele>5.000</ele>
      </trkpt>
      <trkpt lat="51.896040000" lon="5.497200000">
        <ele>5.000</ele>
      </trkpt>
      <trkpt lat="51.896260000" lon="5.497170000">
        <ele>5.000</ele>
      </trkpt>
      <trkpt lat="51.896700000" lon="5.497100000">
        <ele>5.000</ele>
      </trkpt>
      <trkpt lat="51.896750000" lon="5.497100000">
        <ele>5.000</ele>
      </trkpt>
      <trkpt lat="51.897100000" lon="5.497040000">
        <ele>5.000</ele>
      </trkpt>
      <trkpt lat="51.897170000" lon="5.497030000">
        <ele>5.000</ele>
      </trkpt>
      <trkpt lat="51.897930000" lon="5.496900000">
        <ele>5.000</ele>
      </trkpt>
      <trkpt lat="51.898620000" lon="5.496760000">
        <ele>5.000</ele>
      </trkpt>
      <trkpt lat="51.898690000" lon="5.496730000">
        <ele>6.000</ele>
      </trkpt>
      <trkpt lat="51.898790000" lon="5.496720000">
        <ele>6.000</ele>
      </trkpt>
      <trkpt lat="51.898850000" lon="5.496710000">
        <ele>6.000</ele>
      </trkpt>
      <trkpt lat="51.898990000" lon="5.496680000">
        <ele>6.000</ele>
      </trkpt>
      <trkpt lat="51.899260000" lon="5.496640000">
        <ele>7.000</ele>
      </trkpt>
      <trkpt lat="51.899520000" lon="5.496580000">
        <ele>8.000</ele>
      </trkpt>
      <trkpt lat="51.899750000" lon="5.496530000">
        <ele>8.000</ele>
      </trkpt>
      <trkpt lat="51.900060000" lon="5.496460000">
        <ele>9.000</ele>
      </trkpt>
      <trkpt lat="51.900440000" lon="5.496350000">
        <ele>10.000</ele>
      </trkpt>
      <trkpt lat="51.900650000" lon="5.496290000">
        <ele>11.000</ele>
      </trkpt>
      <trkpt lat="51.900730000" lon="5.496270000">
        <ele>12.000</ele>
      </trkpt>
      <trkpt lat="51.901040000" lon="5.496180000">
        <ele>12.000</ele>
      </trkpt>
      <trkpt lat="51.901200000" lon="5.496140000">
        <ele>12.000</ele>
      </trkpt>
      <trkpt lat="51.901470000" lon="5.496050000">
        <ele>12.000</ele>
      </trkpt>
      <trkpt lat="51.901990000" lon="5.495880000">
        <ele>12.000</ele>
      </trkpt>
      <trkpt lat="51.902300000" lon="5.495790000">
        <ele>12.000</ele>
      </trkpt>
      <trkpt lat="51.902680000" lon="5.495650000">
        <ele>12.000</ele>
      </trkpt>
      <trkpt lat="51.903050000" lon="5.495510000">
        <ele>12.000</ele>
      </trkpt>
      <trkpt lat="51.903360000" lon="5.495390000">
        <ele>12.000</ele>
      </trkpt>
      <trkpt lat="51.903550000" lon="5.495310000">
        <ele>12.000</ele>
      </trkpt>
      <trkpt lat="51.903760000" lon="5.495220000">
        <ele>12.000</ele>
      </trkpt>
      <trkpt lat="51.904060000" lon="5.495090000">
        <ele>12.000</ele>
      </trkpt>
      <trkpt lat="51.904330000" lon="5.494970000">
        <ele>11.000</ele>
      </trkpt>
      <trkpt lat="51.904380000" lon="5.494950000">
        <ele>11.000</ele>
      </trkpt>
      <trkpt lat="51.904420000" lon="5.494930000">
        <ele>11.000</ele>
      </trkpt>
      <trkpt lat="51.904580000" lon="5.494850000">
        <ele>10.000</ele>
      </trkpt>
      <trkpt lat="51.904700000" lon="5.494780000">
        <ele>10.000</ele>
      </trkpt>
      <trkpt lat="51.905090000" lon="5.494550000">
        <ele>9.000</ele>
      </trkpt>
      <trkpt lat="51.905150000" lon="5.494520000">
        <ele>9.000</ele>
      </trkpt>
      <trkpt lat="51.905510000" lon="5.494320000">
        <ele>8.000</ele>
      </trkpt>
      <trkpt lat="51.905650000" lon="5.494240000">
        <ele>7.000</ele>
      </trkpt>
      <trkpt lat="51.905790000" lon="5.494150000">
        <ele>7.000</ele>
      </trkpt>
      <trkpt lat="51.906120000" lon="5.493960000">
        <ele>7.000</ele>
      </trkpt>
      <trkpt lat="51.906260000" lon="5.493870000">
        <ele>7.000</ele>
      </trkpt>
      <trkpt lat="51.906570000" lon="5.493680000">
        <ele>7.000</ele>
      </trkpt>
      <trkpt lat="51.906820000" lon="5.493530000">
        <ele>7.000</ele>
      </trkpt>
      <trkpt lat="51.907060000" lon="5.493360000">
        <ele>8.000</ele>
      </trkpt>
      <trkpt lat="51.907260000" lon="5.493200000">
        <ele>8.000</ele>
      </trkpt>
      <trkpt lat="51.907720000" lon="5.492860000">
        <ele>9.000</ele>
      </trkpt>
      <trkpt lat="51.907780000" lon="5.492820000">
        <ele>10.000</ele>
      </trkpt>
      <trkpt lat="51.908420000" lon="5.492300000">
        <ele>10.000</ele>
      </trkpt>
      <trkpt lat="51.908690000" lon="5.492070000">
        <ele>10.000</ele>
      </trkpt>
      <trkpt lat="51.908950000" lon="5.491850000">
        <ele>11.000</ele>
      </trkpt>
      <trkpt lat="51.909100000" lon="5.491710000">
        <ele>11.000</ele>
      </trkpt>
      <trkpt lat="51.909220000" lon="5.491600000">
        <ele>11.000</ele>
      </trkpt>
      <trkpt lat="51.909500000" lon="5.491350000">
        <ele>11.000</ele>
      </trkpt>
      <trkpt lat="51.909790000" lon="5.491080000">
        <ele>11.000</ele>
      </trkpt>
      <trkpt lat="51.909890000" lon="5.490990000">
        <ele>11.000</ele>
      </trkpt>
      <trkpt lat="51.910180000" lon="5.490730000">
        <ele>11.000</ele>
      </trkpt>
      <trkpt lat="51.910390000" lon="5.490530000">
        <ele>11.000</ele>
      </trkpt>
      <trkpt lat="51.910490000" lon="5.490440000">
        <ele>11.000</ele>
      </trkpt>
      <trkpt lat="51.910610000" lon="5.490320000">
        <ele>11.000</ele>
      </trkpt>
      <trkpt lat="51.910710000" lon="5.490220000">
        <ele>11.000</ele>
      </trkpt>
      <trkpt lat="51.911110000" lon="5.489820000">
        <ele>11.000</ele>
      </trkpt>
      <trkpt lat="51.911130000" lon="5.489810000">
        <ele>11.000</ele>
      </trkpt>
      <trkpt lat="51.911150000" lon="5.489780000">
        <ele>11.000</ele>
      </trkpt>
      <trkpt lat="51.911270000" lon="5.489660000">
        <ele>11.000</ele>
      </trkpt>
      <trkpt lat="51.911370000" lon="5.489540000">
        <ele>11.000</ele>
      </trkpt>
      <trkpt lat="51.912210000" lon="5.488680000">
        <ele>11.000</ele>
      </trkpt>
      <trkpt lat="51.912230000" lon="5.488660000">
        <ele>11.000</ele>
      </trkpt>
      <trkpt lat="51.912470000" lon="5.488420000">
        <ele>11.000</ele>
      </trkpt>
      <trkpt lat="51.912500000" lon="5.488390000">
        <ele>11.000</ele>
      </trkpt>
      <trkpt lat="51.912540000" lon="5.488350000">
        <ele>11.000</ele>
      </trkpt>
      <trkpt lat="51.912640000" lon="5.488250000">
        <ele>11.000</ele>
      </trkpt>
      <trkpt lat="51.912720000" lon="5.488150000">
        <ele>11.000</ele>
      </trkpt>
      <trkpt lat="51.912770000" lon="5.488090000">
        <ele>11.000</ele>
      </trkpt>
      <trkpt lat="51.912780000" lon="5.488080000">
        <ele>11.000</ele>
      </trkpt>
      <trkpt lat="51.912840000" lon="5.488030000">
        <ele>11.000</ele>
      </trkpt>
      <trkpt lat="51.913000000" lon="5.487850000">
        <ele>11.000</ele>
      </trkpt>
      <trkpt lat="51.913090000" lon="5.487760000">
        <ele>11.000</ele>
      </trkpt>
      <trkpt lat="51.913180000" lon="5.487670000">
        <ele>11.000</ele>
      </trkpt>
      <trkpt lat="51.913180000" lon="5.487670000">
        <ele>11.000</ele>
      </trkpt>
      <trkpt lat="51.913230000" lon="5.487620000">
        <ele>11.000</ele>
      </trkpt>
      <trkpt lat="51.913270000" lon="5.487580000">
        <ele>11.000</ele>
      </trkpt>
      <trkpt lat="51.913370000" lon="5.487460000">
        <ele>11.000</ele>
      </trkpt>
      <trkpt lat="51.913380000" lon="5.487460000">
        <ele>11.000</ele>
      </trkpt>
      <trkpt lat="51.913420000" lon="5.487410000">
        <ele>11.000</ele>
      </trkpt>
      <trkpt lat="51.913470000" lon="5.487360000">
        <ele>11.000</ele>
      </trkpt>
      <trkpt lat="51.913530000" lon="5.487290000">
        <ele>11.000</ele>
      </trkpt>
      <trkpt lat="51.913560000" lon="5.487230000">
        <ele>11.000</ele>
      </trkpt>
      <trkpt lat="51.913700000" lon="5.487070000">
        <ele>11.000</ele>
      </trkpt>
      <trkpt lat="51.913830000" lon="5.486920000">
        <ele>11.000</ele>
      </trkpt>
      <trkpt lat="51.913910000" lon="5.486820000">
        <ele>11.000</ele>
      </trkpt>
      <trkpt lat="51.913940000" lon="5.486750000">
        <ele>11.000</ele>
      </trkpt>
      <trkpt lat="51.913970000" lon="5.486680000">
        <ele>11.000</ele>
      </trkpt>
      <trkpt lat="51.914000000" lon="5.486600000">
        <ele>11.000</ele>
      </trkpt>
      <trkpt lat="51.914030000" lon="5.486540000">
        <ele>11.000</ele>
      </trkpt>
      <trkpt lat="51.914050000" lon="5.486460000">
        <ele>11.000</ele>
      </trkpt>
      <trkpt lat="51.914080000" lon="5.486400000">
        <ele>11.000</ele>
      </trkpt>
      <trkpt lat="51.914110000" lon="5.486330000">
        <ele>11.000</ele>
      </trkpt>
      <trkpt lat="51.914150000" lon="5.486250000">
        <ele>11.000</ele>
      </trkpt>
      <trkpt lat="51.914190000" lon="5.486180000">
        <ele>11.000</ele>
      </trkpt>
      <trkpt lat="51.914260000" lon="5.486070000">
        <ele>11.000</ele>
      </trkpt>
      <trkpt lat="51.914380000" lon="5.485910000">
        <ele>11.000</ele>
      </trkpt>
      <trkpt lat="51.914740000" lon="5.485530000">
        <ele>11.000</ele>
      </trkpt>
      <trkpt lat="51.914740000" lon="5.485530000">
        <ele>10.000</ele>
      </trkpt>
      <trkpt lat="51.914850000" lon="5.485810000">
        <ele>10.000</ele>
      </trkpt>
      <trkpt lat="51.915200000" lon="5.486510000">
        <ele>10.000</ele>
      </trkpt>
      <trkpt lat="51.915240000" lon="5.486580000">
        <ele>9.000</ele>
      </trkpt>
      <trkpt lat="51.915300000" lon="5.486700000">
        <ele>9.000</ele>
      </trkpt>
      <trkpt lat="51.915400000" lon="5.486900000">
        <ele>9.000</ele>
      </trkpt>
      <trkpt lat="51.915400000" lon="5.486900000">
        <ele>9.000</ele>
      </trkpt>
      <trkpt lat="51.915440000" lon="5.487050000">
        <ele>8.000</ele>
      </trkpt>
      <trkpt lat="51.915510000" lon="5.487300000">
        <ele>8.000</ele>
      </trkpt>
      <trkpt lat="51.915560000" lon="5.487510000">
        <ele>8.000</ele>
      </trkpt>
      <trkpt lat="51.915710000" lon="5.488050000">
        <ele>7.000</ele>
      </trkpt>
      <trkpt lat="51.915890000" lon="5.488620000">
        <ele>6.000</ele>
      </trkpt>
      <trkpt lat="51.915940000" lon="5.488760000">
        <ele>6.000</ele>
      </trkpt>
      <trkpt lat="51.916060000" lon="5.489120000">
        <ele>5.000</ele>
      </trkpt>
      <trkpt lat="51.916140000" lon="5.489370000">
        <ele>5.000</ele>
      </trkpt>
      <trkpt lat="51.916290000" lon="5.489740000">
        <ele>4.000</ele>
      </trkpt>
      <trkpt lat="51.916530000" lon="5.490530000">
        <ele>4.000</ele>
      </trkpt>
      <trkpt lat="51.916670000" lon="5.490970000">
        <ele>4.000</ele>
      </trkpt>
      <trkpt lat="51.916720000" lon="5.491150000">
        <ele>4.000</ele>
      </trkpt>
      <trkpt lat="51.916790000" lon="5.491460000">
        <ele>4.000</ele>
      </trkpt>
      <trkpt lat="51.916850000" lon="5.491890000">
        <ele>4.000</ele>
      </trkpt>
      <trkpt lat="51.916850000" lon="5.491900000">
        <ele>4.000</ele>
      </trkpt>
      <trkpt lat="51.916920000" lon="5.492370000">
        <ele>4.000</ele>
      </trkpt>
      <trkpt lat="51.916950000" lon="5.492530000">
        <ele>4.000</ele>
      </trkpt>
      <trkpt lat="51.917010000" lon="5.492810000">
        <ele>4.000</ele>
      </trkpt>
      <trkpt lat="51.917060000" lon="5.493010000">
        <ele>4.000</ele>
      </trkpt>
      <trkpt lat="51.917080000" lon="5.493090000">
        <ele>4.000</ele>
      </trkpt>
      <trkpt lat="51.917080000" lon="5.493090000">
        <ele>4.000</ele>
      </trkpt>
      <trkpt lat="51.917110000" lon="5.493190000">
        <ele>4.000</ele>
      </trkpt>
      <trkpt lat="51.917180000" lon="5.493350000">
        <ele>4.000</ele>
      </trkpt>
      <trkpt lat="51.917260000" lon="5.493540000">
        <ele>4.000</ele>
      </trkpt>
      <trkpt lat="51.917330000" lon="5.493660000">
        <ele>4.000</ele>
      </trkpt>
      <trkpt lat="51.917440000" lon="5.493850000">
        <ele>4.000</ele>
      </trkpt>
      <trkpt lat="51.917560000" lon="5.494020000">
        <ele>4.000</ele>
      </trkpt>
      <trkpt lat="51.917680000" lon="5.494150000">
        <ele>4.000</ele>
      </trkpt>
      <trkpt lat="51.917770000" lon="5.494250000">
        <ele>4.000</ele>
      </trkpt>
      <trkpt lat="51.917880000" lon="5.494350000">
        <ele>4.000</ele>
      </trkpt>
      <trkpt lat="51.917990000" lon="5.494430000">
        <ele>4.000</ele>
      </trkpt>
      <trkpt lat="51.918130000" lon="5.494510000">
        <ele>4.000</ele>
      </trkpt>
      <trkpt lat="51.918280000" lon="5.494590000">
        <ele>4.000</ele>
      </trkpt>
      <trkpt lat="51.918380000" lon="5.494620000">
        <ele>4.000</ele>
      </trkpt>
      <trkpt lat="51.918480000" lon="5.494650000">
        <ele>4.000</ele>
      </trkpt>
      <trkpt lat="51.918660000" lon="5.494710000">
        <ele>4.000</ele>
      </trkpt>
      <trkpt lat="51.918970000" lon="5.494860000">
        <ele>4.000</ele>
      </trkpt>
      <trkpt lat="51.919310000" lon="5.495180000">
        <ele>4.000</ele>
      </trkpt>
      <trkpt lat="51.919440000" lon="5.495300000">
        <ele>4.000</ele>
      </trkpt>
      <trkpt lat="51.920630000" lon="5.496530000">
        <ele>4.000</ele>
      </trkpt>
      <trkpt lat="51.920870000" lon="5.496730000">
        <ele>4.000</ele>
      </trkpt>
      <trkpt lat="51.921110000" lon="5.496940000">
        <ele>4.000</ele>
      </trkpt>
      <trkpt lat="51.921700000" lon="5.497380000">
        <ele>4.000</ele>
      </trkpt>
      <trkpt lat="51.921880000" lon="5.497530000">
        <ele>4.000</ele>
      </trkpt>
      <trkpt lat="51.921980000" lon="5.497640000">
        <ele>4.000</ele>
      </trkpt>
      <trkpt lat="51.922120000" lon="5.497780000">
        <ele>4.000</ele>
      </trkpt>
      <trkpt lat="51.922240000" lon="5.497930000">
        <ele>4.000</ele>
      </trkpt>
      <trkpt lat="51.922350000" lon="5.498080000">
        <ele>4.000</ele>
      </trkpt>
      <trkpt lat="51.922670000" lon="5.498490000">
        <ele>4.000</ele>
      </trkpt>
      <trkpt lat="51.922710000" lon="5.498520000">
        <ele>4.000</ele>
      </trkpt>
      <trkpt lat="51.922740000" lon="5.498540000">
        <ele>4.000</ele>
      </trkpt>
      <trkpt lat="51.922800000" lon="5.498560000">
        <ele>4.000</ele>
      </trkpt>
      <trkpt lat="51.922860000" lon="5.498570000">
        <ele>4.000</ele>
      </trkpt>
      <trkpt lat="51.922920000" lon="5.498570000">
        <ele>4.000</ele>
      </trkpt>
      <trkpt lat="51.922970000" lon="5.498550000">
        <ele>4.000</ele>
      </trkpt>
      <trkpt lat="51.923140000" lon="5.498430000">
        <ele>4.000</ele>
      </trkpt>
      <trkpt lat="51.923430000" lon="5.498230000">
        <ele>4.000</ele>
      </trkpt>
      <trkpt lat="51.923430000" lon="5.498230000">
        <ele>4.000</ele>
      </trkpt>
      <trkpt lat="51.923590000" lon="5.498160000">
        <ele>4.000</ele>
      </trkpt>
      <trkpt lat="51.923620000" lon="5.498150000">
        <ele>4.000</ele>
      </trkpt>
      <trkpt lat="51.923650000" lon="5.498140000">
        <ele>4.000</ele>
      </trkpt>
      <trkpt lat="51.923720000" lon="5.498140000">
        <ele>4.000</ele>
      </trkpt>
      <trkpt lat="51.923800000" lon="5.498150000">
        <ele>4.000</ele>
      </trkpt>
      <trkpt lat="51.923890000" lon="5.498220000">
        <ele>4.000</ele>
      </trkpt>
      <trkpt lat="51.923940000" lon="5.498280000">
        <ele>4.000</ele>
      </trkpt>
      <trkpt lat="51.923980000" lon="5.498350000">
        <ele>4.000</ele>
      </trkpt>
      <trkpt lat="51.924040000" lon="5.498480000">
        <ele>3.000</ele>
      </trkpt>
      <trkpt lat="51.924080000" lon="5.498620000">
        <ele>3.000</ele>
      </trkpt>
      <trkpt lat="51.924110000" lon="5.498750000">
        <ele>3.000</ele>
      </trkpt>
      <trkpt lat="51.924210000" lon="5.499130000">
        <ele>3.000</ele>
      </trkpt>
      <trkpt lat="51.924360000" lon="5.499700000">
        <ele>3.000</ele>
      </trkpt>
      <trkpt lat="51.924390000" lon="5.499780000">
        <ele>3.000</ele>
      </trkpt>
      <trkpt lat="51.924420000" lon="5.499890000">
        <ele>3.000</ele>
      </trkpt>
      <trkpt lat="51.924480000" lon="5.499990000">
        <ele>3.000</ele>
      </trkpt>
      <trkpt lat="51.924550000" lon="5.500110000">
        <ele>3.000</ele>
      </trkpt>
      <trkpt lat="51.924640000" lon="5.500240000">
        <ele>3.000</ele>
      </trkpt>
      <trkpt lat="51.924770000" lon="5.500380000">
        <ele>3.000</ele>
      </trkpt>
      <trkpt lat="51.925230000" lon="5.500850000">
        <ele>3.000</ele>
      </trkpt>
      <trkpt lat="51.925320000" lon="5.500960000">
        <ele>3.000</ele>
      </trkpt>
      <trkpt lat="51.925460000" lon="5.501120000">
        <ele>3.000</ele>
      </trkpt>
      <trkpt lat="51.925570000" lon="5.501250000">
        <ele>3.000</ele>
      </trkpt>
      <trkpt lat="51.925670000" lon="5.501380000">
        <ele>3.000</ele>
      </trkpt>
      <trkpt lat="51.925720000" lon="5.501460000">
        <ele>3.000</ele>
      </trkpt>
      <trkpt lat="51.925840000" lon="5.501650000">
        <ele>3.000</ele>
      </trkpt>
      <trkpt lat="51.925910000" lon="5.501800000">
        <ele>3.000</ele>
      </trkpt>
      <trkpt lat="51.926010000" lon="5.502040000">
        <ele>3.000</ele>
      </trkpt>
      <trkpt lat="51.926140000" lon="5.502310000">
        <ele>3.000</ele>
      </trkpt>
      <trkpt lat="51.926240000" lon="5.502510000">
        <ele>3.000</ele>
      </trkpt>
      <trkpt lat="51.926300000" lon="5.502590000">
        <ele>3.000</ele>
      </trkpt>
      <trkpt lat="51.926350000" lon="5.502660000">
        <ele>3.000</ele>
      </trkpt>
      <trkpt lat="51.926430000" lon="5.502740000">
        <ele>3.000</ele>
      </trkpt>
      <trkpt lat="51.926500000" lon="5.502800000">
        <ele>3.000</ele>
      </trkpt>
      <trkpt lat="51.926590000" lon="5.502850000">
        <ele>3.000</ele>
      </trkpt>
      <trkpt lat="51.927050000" lon="5.503030000">
        <ele>4.000</ele>
      </trkpt>
      <trkpt lat="51.927210000" lon="5.503100000">
        <ele>4.000</ele>
      </trkpt>
      <trkpt lat="51.927400000" lon="5.503200000">
        <ele>4.000</ele>
      </trkpt>
      <trkpt lat="51.927680000" lon="5.503380000">
        <ele>4.000</ele>
      </trkpt>
      <trkpt lat="51.928270000" lon="5.503780000">
        <ele>4.000</ele>
      </trkpt>
      <trkpt lat="51.928620000" lon="5.504000000">
        <ele>4.000</ele>
      </trkpt>
      <trkpt lat="51.929060000" lon="5.504260000">
        <ele>4.000</ele>
      </trkpt>
      <trkpt lat="51.929320000" lon="5.504360000">
        <ele>4.000</ele>
      </trkpt>
      <trkpt lat="51.929580000" lon="5.504460000">
        <ele>4.000</ele>
      </trkpt>
      <trkpt lat="51.929890000" lon="5.504730000">
        <ele>4.000</ele>
      </trkpt>
      <trkpt lat="51.930110000" lon="5.504920000">
        <ele>4.000</ele>
      </trkpt>
      <trkpt lat="51.930420000" lon="5.505270000">
        <ele>4.000</ele>
      </trkpt>
      <trkpt lat="51.930600000" lon="5.505500000">
        <ele>4.000</ele>
      </trkpt>
      <trkpt lat="51.930770000" lon="5.505720000">
        <ele>4.000</ele>
      </trkpt>
      <trkpt lat="51.932840000" lon="5.508890000">
        <ele>4.000</ele>
      </trkpt>
      <trkpt lat="51.932900000" lon="5.508980000">
        <ele>5.000</ele>
      </trkpt>
      <trkpt lat="51.933050000" lon="5.509220000">
        <ele>5.000</ele>
      </trkpt>
      <trkpt lat="51.933190000" lon="5.509410000">
        <ele>5.000</ele>
      </trkpt>
      <trkpt lat="51.933460000" lon="5.509740000">
        <ele>5.000</ele>
      </trkpt>
      <trkpt lat="51.933820000" lon="5.510160000">
        <ele>5.000</ele>
      </trkpt>
      <trkpt lat="51.933970000" lon="5.510310000">
        <ele>5.000</ele>
      </trkpt>
      <trkpt lat="51.934120000" lon="5.510450000">
        <ele>5.000</ele>
      </trkpt>
      <trkpt lat="51.934800000" lon="5.511120000">
        <ele>5.000</ele>
      </trkpt>
      <trkpt lat="51.935280000" lon="5.511640000">
        <ele>5.000</ele>
      </trkpt>
      <trkpt lat="51.935430000" lon="5.511800000">
        <ele>5.000</ele>
      </trkpt>
      <trkpt lat="51.935570000" lon="5.511940000">
        <ele>5.000</ele>
      </trkpt>
      <trkpt lat="51.935860000" lon="5.512240000">
        <ele>5.000</ele>
      </trkpt>
      <trkpt lat="51.936240000" lon="5.512660000">
        <ele>5.000</ele>
      </trkpt>
      <trkpt lat="51.936620000" lon="5.513080000">
        <ele>5.000</ele>
      </trkpt>
      <trkpt lat="51.936830000" lon="5.513310000">
        <ele>5.000</ele>
      </trkpt>
      <trkpt lat="51.937010000" lon="5.513450000">
        <ele>5.000</ele>
      </trkpt>
      <trkpt lat="51.937330000" lon="5.513660000">
        <ele>5.000</ele>
      </trkpt>
      <trkpt lat="51.937850000" lon="5.513930000">
        <ele>5.000</ele>
      </trkpt>
      <trkpt lat="51.938260000" lon="5.514100000">
        <ele>5.000</ele>
      </trkpt>
      <trkpt lat="51.938380000" lon="5.514170000">
        <ele>5.000</ele>
      </trkpt>
      <trkpt lat="51.938550000" lon="5.514300000">
        <ele>6.000</ele>
      </trkpt>
      <trkpt lat="51.938710000" lon="5.514470000">
        <ele>6.000</ele>
      </trkpt>
      <trkpt lat="51.939010000" lon="5.514830000">
        <ele>6.000</ele>
      </trkpt>
      <trkpt lat="51.939220000" lon="5.515070000">
        <ele>6.000</ele>
      </trkpt>
      <trkpt lat="51.939270000" lon="5.515130000">
        <ele>6.000</ele>
      </trkpt>
      <trkpt lat="51.939320000" lon="5.515220000">
        <ele>6.000</ele>
      </trkpt>
      <trkpt lat="51.939410000" lon="5.515340000">
        <ele>6.000</ele>
      </trkpt>
      <trkpt lat="51.939520000" lon="5.515460000">
        <ele>6.000</ele>
      </trkpt>
      <trkpt lat="51.939520000" lon="5.515470000">
        <ele>6.000</ele>
      </trkpt>
      <trkpt lat="51.939520000" lon="5.515480000">
        <ele>6.000</ele>
      </trkpt>
      <trkpt lat="51.939520000" lon="5.515490000">
        <ele>6.000</ele>
      </trkpt>
      <trkpt lat="51.939520000" lon="5.515500000">
        <ele>6.000</ele>
      </trkpt>
      <trkpt lat="51.939520000" lon="5.515510000">
        <ele>6.000</ele>
      </trkpt>
      <trkpt lat="51.939520000" lon="5.515520000">
        <ele>6.000</ele>
      </trkpt>
      <trkpt lat="51.939530000" lon="5.515530000">
        <ele>6.000</ele>
      </trkpt>
      <trkpt lat="51.939530000" lon="5.515540000">
        <ele>6.000</ele>
      </trkpt>
      <trkpt lat="51.939530000" lon="5.515550000">
        <ele>6.000</ele>
      </trkpt>
      <trkpt lat="51.939540000" lon="5.515560000">
        <ele>6.000</ele>
      </trkpt>
      <trkpt lat="51.939540000" lon="5.515570000">
        <ele>6.000</ele>
      </trkpt>
      <trkpt lat="51.939550000" lon="5.515570000">
        <ele>6.000</ele>
      </trkpt>
      <trkpt lat="51.939550000" lon="5.515580000">
        <ele>6.000</ele>
      </trkpt>
      <trkpt lat="51.939560000" lon="5.515580000">
        <ele>6.000</ele>
      </trkpt>
      <trkpt lat="51.939560000" lon="5.515590000">
        <ele>6.000</ele>
      </trkpt>
      <trkpt lat="51.939570000" lon="5.515600000">
        <ele>6.000</ele>
      </trkpt>
      <trkpt lat="51.939580000" lon="5.515600000">
        <ele>6.000</ele>
      </trkpt>
      <trkpt lat="51.939580000" lon="5.515610000">
        <ele>6.000</ele>
      </trkpt>
      <trkpt lat="51.939590000" lon="5.515610000">
        <ele>6.000</ele>
      </trkpt>
      <trkpt lat="51.939600000" lon="5.515610000">
        <ele>6.000</ele>
      </trkpt>
      <trkpt lat="51.939610000" lon="5.515620000">
        <ele>6.000</ele>
      </trkpt>
      <trkpt lat="51.939620000" lon="5.515620000">
        <ele>6.000</ele>
      </trkpt>
      <trkpt lat="51.939630000" lon="5.515620000">
        <ele>6.000</ele>
      </trkpt>
      <trkpt lat="51.939630000" lon="5.515610000">
        <ele>6.000</ele>
      </trkpt>
      <trkpt lat="51.939640000" lon="5.515610000">
        <ele>6.000</ele>
      </trkpt>
      <trkpt lat="51.939650000" lon="5.515610000">
        <ele>6.000</ele>
      </trkpt>
      <trkpt lat="51.939660000" lon="5.515600000">
        <ele>6.000</ele>
      </trkpt>
      <trkpt lat="51.939670000" lon="5.515600000">
        <ele>6.000</ele>
      </trkpt>
      <trkpt lat="51.939670000" lon="5.515590000">
        <ele>6.000</ele>
      </trkpt>
      <trkpt lat="51.939680000" lon="5.515580000">
        <ele>6.000</ele>
      </trkpt>
      <trkpt lat="51.939740000" lon="5.515600000">
        <ele>6.000</ele>
      </trkpt>
      <trkpt lat="51.939930000" lon="5.515700000">
        <ele>6.000</ele>
      </trkpt>
      <trkpt lat="51.939980000" lon="5.515720000">
        <ele>6.000</ele>
      </trkpt>
      <trkpt lat="51.940050000" lon="5.515760000">
        <ele>6.000</ele>
      </trkpt>
      <trkpt lat="51.940180000" lon="5.515840000">
        <ele>6.000</ele>
      </trkpt>
      <trkpt lat="51.940230000" lon="5.515860000">
        <ele>6.000</ele>
      </trkpt>
      <trkpt lat="51.940300000" lon="5.515900000">
        <ele>6.000</ele>
      </trkpt>
      <trkpt lat="51.940400000" lon="5.515930000">
        <ele>6.000</ele>
      </trkpt>
      <trkpt lat="51.940430000" lon="5.515940000">
        <ele>6.000</ele>
      </trkpt>
      <trkpt lat="51.940500000" lon="5.515960000">
        <ele>6.000</ele>
      </trkpt>
      <trkpt lat="51.940670000" lon="5.515980000">
        <ele>6.000</ele>
      </trkpt>
      <trkpt lat="51.941070000" lon="5.516040000">
        <ele>6.000</ele>
      </trkpt>
      <trkpt lat="51.942400000" lon="5.516230000">
        <ele>6.000</ele>
      </trkpt>
      <trkpt lat="51.942550000" lon="5.516150000">
        <ele>6.000</ele>
      </trkpt>
      <trkpt lat="51.942910000" lon="5.515970000">
        <ele>6.000</ele>
      </trkpt>
      <trkpt lat="51.943000000" lon="5.515950000">
        <ele>6.000</ele>
      </trkpt>
      <trkpt lat="51.943080000" lon="5.515920000">
        <ele>6.000</ele>
      </trkpt>
      <trkpt lat="51.943190000" lon="5.515900000">
        <ele>6.000</ele>
      </trkpt>
      <trkpt lat="51.943300000" lon="5.515880000">
        <ele>6.000</ele>
      </trkpt>
      <trkpt lat="51.944020000" lon="5.515810000">
        <ele>6.000</ele>
      </trkpt>
      <trkpt lat="51.944390000" lon="5.515750000">
        <ele>6.000</ele>
      </trkpt>
      <trkpt lat="51.944570000" lon="5.515690000">
        <ele>7.000</ele>
      </trkpt>
      <trkpt lat="51.944820000" lon="5.515610000">
        <ele>7.000</ele>
      </trkpt>
      <trkpt lat="51.944930000" lon="5.515580000">
        <ele>7.000</ele>
      </trkpt>
      <trkpt lat="51.945040000" lon="5.515560000">
        <ele>7.000</ele>
      </trkpt>
      <trkpt lat="51.945570000" lon="5.515500000">
        <ele>7.000</ele>
      </trkpt>
      <trkpt lat="51.945720000" lon="5.515460000">
        <ele>7.000</ele>
      </trkpt>
      <trkpt lat="51.945790000" lon="5.515450000">
        <ele>8.000</ele>
      </trkpt>
      <trkpt lat="51.945850000" lon="5.515430000">
        <ele>8.000</ele>
      </trkpt>
      <trkpt lat="51.945850000" lon="5.515430000">
        <ele>8.000</ele>
      </trkpt>
      <trkpt lat="51.945890000" lon="5.515540000">
        <ele>8.000</ele>
      </trkpt>
      <trkpt lat="51.945940000" lon="5.515640000">
        <ele>8.000</ele>
      </trkpt>
      <trkpt lat="51.946210000" lon="5.516290000">
        <ele>8.000</ele>
      </trkpt>
      <trkpt lat="51.946350000" lon="5.516640000">
        <ele>8.000</ele>
      </trkpt>
      <trkpt lat="51.946500000" lon="5.517150000">
        <ele>8.000</ele>
      </trkpt>
      <trkpt lat="51.946590000" lon="5.517470000">
        <ele>8.000</ele>
      </trkpt>
      <trkpt lat="51.946680000" lon="5.517790000">
        <ele>8.000</ele>
      </trkpt>
      <trkpt lat="51.946780000" lon="5.518160000">
        <ele>8.000</ele>
      </trkpt>
      <trkpt lat="51.946860000" lon="5.518610000">
        <ele>8.000</ele>
      </trkpt>
      <trkpt lat="51.946910000" lon="5.518970000">
        <ele>8.000</ele>
      </trkpt>
      <trkpt lat="51.946960000" lon="5.519240000">
        <ele>8.000</ele>
      </trkpt>
      <trkpt lat="51.946970000" lon="5.519430000">
        <ele>8.000</ele>
      </trkpt>
      <trkpt lat="51.946990000" lon="5.519620000">
        <ele>8.000</ele>
      </trkpt>
      <trkpt lat="51.946990000" lon="5.519620000">
        <ele>8.000</ele>
      </trkpt>
      <trkpt lat="51.947590000" lon="5.519510000">
        <ele>8.000</ele>
      </trkpt>
      <trkpt lat="51.947810000" lon="5.519420000">
        <ele>8.000</ele>
      </trkpt>
      <trkpt lat="51.948030000" lon="5.519290000">
        <ele>8.000</ele>
      </trkpt>
      <trkpt lat="51.948230000" lon="5.519180000">
        <ele>8.000</ele>
      </trkpt>
      <trkpt lat="51.948370000" lon="5.519110000">
        <ele>8.000</ele>
      </trkpt>
      <trkpt lat="51.948450000" lon="5.519100000">
        <ele>8.000</ele>
      </trkpt>
      <trkpt lat="51.948490000" lon="5.519090000">
        <ele>8.000</ele>
      </trkpt>
      <trkpt lat="51.948530000" lon="5.519080000">
        <ele>8.000</ele>
      </trkpt>
      <trkpt lat="51.948710000" lon="5.519080000">
        <ele>8.000</ele>
      </trkpt>
      <trkpt lat="51.948880000" lon="5.519070000">
        <ele>8.000</ele>
      </trkpt>
      <trkpt lat="51.948960000" lon="5.519040000">
        <ele>8.000</ele>
      </trkpt>
      <trkpt lat="51.948990000" lon="5.519030000">
        <ele>8.000</ele>
      </trkpt>
      <trkpt lat="51.949030000" lon="5.519010000">
        <ele>8.000</ele>
      </trkpt>
      <trkpt lat="51.949080000" lon="5.518980000">
        <ele>8.000</ele>
      </trkpt>
      <trkpt lat="51.949120000" lon="5.518980000">
        <ele>8.000</ele>
      </trkpt>
      <trkpt lat="51.949160000" lon="5.519010000">
        <ele>8.000</ele>
      </trkpt>
      <trkpt lat="51.949170000" lon="5.519030000">
        <ele>8.000</ele>
      </trkpt>
      <trkpt lat="51.949210000" lon="5.519100000">
        <ele>8.000</ele>
      </trkpt>
      <trkpt lat="51.949270000" lon="5.519200000">
        <ele>8.000</ele>
      </trkpt>
      <trkpt lat="51.949270000" lon="5.519200000">
        <ele>8.000</ele>
      </trkpt>
      <trkpt lat="51.949270000" lon="5.519580000">
        <ele>8.000</ele>
      </trkpt>
      <trkpt lat="51.949310000" lon="5.520230000">
        <ele>8.000</ele>
      </trkpt>
      <trkpt lat="51.949350000" lon="5.520860000">
        <ele>8.000</ele>
      </trkpt>
      <trkpt lat="51.949350000" lon="5.520910000">
        <ele>8.000</ele>
      </trkpt>
      <trkpt lat="51.949350000" lon="5.520960000">
        <ele>8.000</ele>
      </trkpt>
      <trkpt lat="51.949340000" lon="5.521400000">
        <ele>8.000</ele>
      </trkpt>
      <trkpt lat="51.949340000" lon="5.521850000">
        <ele>8.000</ele>
      </trkpt>
      <trkpt lat="51.949340000" lon="5.522150000">
        <ele>8.000</ele>
      </trkpt>
      <trkpt lat="51.949340000" lon="5.522450000">
        <ele>8.000</ele>
      </trkpt>
      <trkpt lat="51.949330000" lon="5.522860000">
        <ele>8.000</ele>
      </trkpt>
      <trkpt lat="51.949330000" lon="5.523090000">
        <ele>7.000</ele>
      </trkpt>
      <trkpt lat="51.949330000" lon="5.523730000">
        <ele>7.000</ele>
      </trkpt>
      <trkpt lat="51.949330000" lon="5.523730000">
        <ele>7.000</ele>
      </trkpt>
      <trkpt lat="51.949320000" lon="5.523780000">
        <ele>7.000</ele>
      </trkpt>
      <trkpt lat="51.949320000" lon="5.523820000">
        <ele>7.000</ele>
      </trkpt>
      <trkpt lat="51.949350000" lon="5.524760000">
        <ele>7.000</ele>
      </trkpt>
      <trkpt lat="51.949360000" lon="5.525050000">
        <ele>6.000</ele>
      </trkpt>
      <trkpt lat="51.949360000" lon="5.525220000">
        <ele>6.000</ele>
      </trkpt>
      <trkpt lat="51.949410000" lon="5.525650000">
        <ele>6.000</ele>
      </trkpt>
      <trkpt lat="51.949480000" lon="5.525960000">
        <ele>6.000</ele>
      </trkpt>
      <trkpt lat="51.949580000" lon="5.526330000">
        <ele>6.000</ele>
      </trkpt>
      <trkpt lat="51.949860000" lon="5.527220000">
        <ele>6.000</ele>
      </trkpt>
      <trkpt lat="51.950060000" lon="5.527880000">
        <ele>6.000</ele>
      </trkpt>
      <trkpt lat="51.950270000" lon="5.528540000">
        <ele>6.000</ele>
      </trkpt>
      <trkpt lat="51.950320000" lon="5.528710000">
        <ele>6.000</ele>
      </trkpt>
      <trkpt lat="51.950350000" lon="5.528780000">
        <ele>6.000</ele>
      </trkpt>
      <trkpt lat="51.950380000" lon="5.528940000">
        <ele>6.000</ele>
      </trkpt>
      <trkpt lat="51.950410000" lon="5.529200000">
        <ele>6.000</ele>
      </trkpt>
      <trkpt lat="51.950420000" lon="5.529360000">
        <ele>6.000</ele>
      </trkpt>
      <trkpt lat="51.950420000" lon="5.529530000">
        <ele>6.000</ele>
      </trkpt>
      <trkpt lat="51.950360000" lon="5.529840000">
        <ele>6.000</ele>
      </trkpt>
      <trkpt lat="51.950320000" lon="5.530010000">
        <ele>6.000</ele>
      </trkpt>
      <trkpt lat="51.950280000" lon="5.530170000">
        <ele>6.000</ele>
      </trkpt>
      <trkpt lat="51.950180000" lon="5.530420000">
        <ele>6.000</ele>
      </trkpt>
      <trkpt lat="51.949950000" lon="5.530930000">
        <ele>6.000</ele>
      </trkpt>
      <trkpt lat="51.949600000" lon="5.531600000">
        <ele>6.000</ele>
      </trkpt>
      <trkpt lat="51.949350000" lon="5.532100000">
        <ele>6.000</ele>
      </trkpt>
      <trkpt lat="51.948350000" lon="5.534240000">
        <ele>6.000</ele>
      </trkpt>
      <trkpt lat="51.948040000" lon="5.534920000">
        <ele>5.000</ele>
      </trkpt>
      <trkpt lat="51.947910000" lon="5.535500000">
        <ele>5.000</ele>
      </trkpt>
      <trkpt lat="51.947910000" lon="5.535500000">
        <ele>5.000</ele>
      </trkpt>
      <trkpt lat="51.947700000" lon="5.536470000">
        <ele>5.000</ele>
      </trkpt>
      <trkpt lat="51.947570000" lon="5.537050000">
        <ele>5.000</ele>
      </trkpt>
      <trkpt lat="51.947450000" lon="5.537620000">
        <ele>5.000</ele>
      </trkpt>
      <trkpt lat="51.947450000" lon="5.537620000">
        <ele>5.000</ele>
      </trkpt>
      <trkpt lat="51.947030000" lon="5.539550000">
        <ele>5.000</ele>
      </trkpt>
      <trkpt lat="51.946910000" lon="5.540100000">
        <ele>5.000</ele>
      </trkpt>
      <trkpt lat="51.946610000" lon="5.541470000">
        <ele>5.000</ele>
      </trkpt>
      <trkpt lat="51.946470000" lon="5.542130000">
        <ele>5.000</ele>
      </trkpt>
      <trkpt lat="51.946430000" lon="5.542290000">
        <ele>4.000</ele>
      </trkpt>
      <trkpt lat="51.946210000" lon="5.543080000">
        <ele>4.000</ele>
      </trkpt>
      <trkpt lat="51.946000000" lon="5.543700000">
        <ele>4.000</ele>
      </trkpt>
      <trkpt lat="51.945940000" lon="5.543850000">
        <ele>4.000</ele>
      </trkpt>
      <trkpt lat="51.945850000" lon="5.544100000">
        <ele>4.000</ele>
      </trkpt>
      <trkpt lat="51.945670000" lon="5.544600000">
        <ele>4.000</ele>
      </trkpt>
      <trkpt lat="51.945320000" lon="5.545470000">
        <ele>5.000</ele>
      </trkpt>
      <trkpt lat="51.945090000" lon="5.546070000">
        <ele>5.000</ele>
      </trkpt>
      <trkpt lat="51.944960000" lon="5.546450000">
        <ele>5.000</ele>
      </trkpt>
      <trkpt lat="51.944890000" lon="5.546700000">
        <ele>5.000</ele>
      </trkpt>
      <trkpt lat="51.944630000" lon="5.547670000">
        <ele>5.000</ele>
      </trkpt>
      <trkpt lat="51.944560000" lon="5.547940000">
        <ele>5.000</ele>
      </trkpt>
      <trkpt lat="51.944430000" lon="5.548420000">
        <ele>5.000</ele>
      </trkpt>
      <trkpt lat="51.944260000" lon="5.549330000">
        <ele>5.000</ele>
      </trkpt>
      <trkpt lat="51.944100000" lon="5.550240000">
        <ele>5.000</ele>
      </trkpt>
      <trkpt lat="51.944010000" lon="5.550930000">
        <ele>5.000</ele>
      </trkpt>
      <trkpt lat="51.943890000" lon="5.552040000">
        <ele>5.000</ele>
      </trkpt>
      <trkpt lat="51.943860000" lon="5.552360000">
        <ele>5.000</ele>
      </trkpt>
      <trkpt lat="51.943810000" lon="5.552820000">
        <ele>5.000</ele>
      </trkpt>
      <trkpt lat="51.943780000" lon="5.553150000">
        <ele>5.000</ele>
      </trkpt>
      <trkpt lat="51.943740000" lon="5.553610000">
        <ele>5.000</ele>
      </trkpt>
      <trkpt lat="51.943720000" lon="5.553930000">
        <ele>5.000</ele>
      </trkpt>
      <trkpt lat="51.943720000" lon="5.554180000">
        <ele>5.000</ele>
      </trkpt>
      <trkpt lat="51.943720000" lon="5.554650000">
        <ele>5.000</ele>
      </trkpt>
      <trkpt lat="51.943730000" lon="5.555070000">
        <ele>5.000</ele>
      </trkpt>
      <trkpt lat="51.943750000" lon="5.555420000">
        <ele>5.000</ele>
      </trkpt>
      <trkpt lat="51.943770000" lon="5.555750000">
        <ele>5.000</ele>
      </trkpt>
      <trkpt lat="51.943840000" lon="5.556260000">
        <ele>5.000</ele>
      </trkpt>
      <trkpt lat="51.943950000" lon="5.557160000">
        <ele>5.000</ele>
      </trkpt>
      <trkpt lat="51.944050000" lon="5.557900000">
        <ele>5.000</ele>
      </trkpt>
      <trkpt lat="51.944110000" lon="5.558310000">
        <ele>5.000</ele>
      </trkpt>
      <trkpt lat="51.944200000" lon="5.559030000">
        <ele>5.000</ele>
      </trkpt>
      <trkpt lat="51.944230000" lon="5.559440000">
        <ele>5.000</ele>
      </trkpt>
      <trkpt lat="51.944240000" lon="5.559690000">
        <ele>5.000</ele>
      </trkpt>
      <trkpt lat="51.944260000" lon="5.559940000">
        <ele>5.000</ele>
      </trkpt>
      <trkpt lat="51.944270000" lon="5.560290000">
        <ele>5.000</ele>
      </trkpt>
      <trkpt lat="51.944270000" lon="5.560720000">
        <ele>5.000</ele>
      </trkpt>
      <trkpt lat="51.944270000" lon="5.561230000">
        <ele>5.000</ele>
      </trkpt>
      <trkpt lat="51.944240000" lon="5.564650000">
        <ele>5.000</ele>
      </trkpt>
      <trkpt lat="51.944240000" lon="5.565170000">
        <ele>5.000</ele>
      </trkpt>
      <trkpt lat="51.944240000" lon="5.565580000">
        <ele>5.000</ele>
      </trkpt>
      <trkpt lat="51.944250000" lon="5.565890000">
        <ele>5.000</ele>
      </trkpt>
      <trkpt lat="51.944270000" lon="5.566350000">
        <ele>5.000</ele>
      </trkpt>
      <trkpt lat="51.944280000" lon="5.566500000">
        <ele>5.000</ele>
      </trkpt>
      <trkpt lat="51.944280000" lon="5.566500000">
        <ele>5.000</ele>
      </trkpt>
      <trkpt lat="51.944290000" lon="5.566570000">
        <ele>5.000</ele>
      </trkpt>
      <trkpt lat="51.944340000" lon="5.567090000">
        <ele>5.000</ele>
      </trkpt>
      <trkpt lat="51.944380000" lon="5.567610000">
        <ele>5.000</ele>
      </trkpt>
      <trkpt lat="51.944460000" lon="5.568540000">
        <ele>6.000</ele>
      </trkpt>
      <trkpt lat="51.944540000" lon="5.569470000">
        <ele>6.000</ele>
      </trkpt>
      <trkpt lat="51.944550000" lon="5.569610000">
        <ele>6.000</ele>
      </trkpt>
      <trkpt lat="51.944520000" lon="5.570060000">
        <ele>7.000</ele>
      </trkpt>
      <trkpt lat="51.944430000" lon="5.570370000">
        <ele>7.000</ele>
      </trkpt>
      <trkpt lat="51.944410000" lon="5.570470000">
        <ele>7.000</ele>
      </trkpt>
      <trkpt lat="51.944320000" lon="5.570730000">
        <ele>7.000</ele>
      </trkpt>
      <trkpt lat="51.944320000" lon="5.570730000">
        <ele>7.000</ele>
      </trkpt>
      <trkpt lat="51.944540000" lon="5.571050000">
        <ele>7.000</ele>
      </trkpt>
      <trkpt lat="51.945120000" lon="5.571890000">
        <ele>7.000</ele>
      </trkpt>
      <trkpt lat="51.945210000" lon="5.572020000">
        <ele>7.000</ele>
      </trkpt>
      <trkpt lat="51.945260000" lon="5.572090000">
        <ele>7.000</ele>
      </trkpt>
      <trkpt lat="51.945940000" lon="5.573070000">
        <ele>7.000</ele>
      </trkpt>
      <trkpt lat="51.945940000" lon="5.573070000">
        <ele>7.000</ele>
      </trkpt>
      <trkpt lat="51.945950000" lon="5.573080000">
        <ele>7.000</ele>
      </trkpt>
      <trkpt lat="51.946110000" lon="5.573300000">
        <ele>8.000</ele>
      </trkpt>
      <trkpt lat="51.946290000" lon="5.573560000">
        <ele>8.000</ele>
      </trkpt>
      <trkpt lat="51.946340000" lon="5.573620000">
        <ele>8.000</ele>
      </trkpt>
      <trkpt lat="51.946490000" lon="5.573800000">
        <ele>8.000</ele>
      </trkpt>
      <trkpt lat="51.946590000" lon="5.573930000">
        <ele>8.000</ele>
      </trkpt>
      <trkpt lat="51.946680000" lon="5.574020000">
        <ele>8.000</ele>
      </trkpt>
      <trkpt lat="51.946890000" lon="5.574210000">
        <ele>8.000</ele>
      </trkpt>
      <trkpt lat="51.947110000" lon="5.574400000">
        <ele>8.000</ele>
      </trkpt>
      <trkpt lat="51.947210000" lon="5.574560000">
        <ele>8.000</ele>
      </trkpt>
      <trkpt lat="51.947210000" lon="5.574560000">
        <ele>8.000</ele>
      </trkpt>
      <trkpt lat="51.947360000" lon="5.574650000">
        <ele>8.000</ele>
      </trkpt>
      <trkpt lat="51.947380000" lon="5.574660000">
        <ele>8.000</ele>
      </trkpt>
      <trkpt lat="51.947530000" lon="5.574740000">
        <ele>8.000</ele>
      </trkpt>
      <trkpt lat="51.947560000" lon="5.574760000">
        <ele>8.000</ele>
      </trkpt>
      <trkpt lat="51.947760000" lon="5.574870000">
        <ele>8.000</ele>
      </trkpt>
      <trkpt lat="51.947950000" lon="5.574970000">
        <ele>9.000</ele>
      </trkpt>
      <trkpt lat="51.948140000" lon="5.575050000">
        <ele>9.000</ele>
      </trkpt>
      <trkpt lat="51.948150000" lon="5.575050000">
        <ele>9.000</ele>
      </trkpt>
      <trkpt lat="51.948360000" lon="5.575140000">
        <ele>9.000</ele>
      </trkpt>
      <trkpt lat="51.948630000" lon="5.575240000">
        <ele>9.000</ele>
      </trkpt>
      <trkpt lat="51.948650000" lon="5.575250000">
        <ele>9.000</ele>
      </trkpt>
      <trkpt lat="51.948830000" lon="5.575300000">
        <ele>9.000</ele>
      </trkpt>
      <trkpt lat="51.948860000" lon="5.575310000">
        <ele>9.000</ele>
      </trkpt>
      <trkpt lat="51.949290000" lon="5.575440000">
        <ele>9.000</ele>
      </trkpt>
      <trkpt lat="51.949540000" lon="5.575520000">
        <ele>9.000</ele>
      </trkpt>
      <trkpt lat="51.949620000" lon="5.575540000">
        <ele>9.000</ele>
      </trkpt>
      <trkpt lat="51.949730000" lon="5.575570000">
        <ele>9.000</ele>
      </trkpt>
      <trkpt lat="51.950090000" lon="5.575680000">
        <ele>9.000</ele>
      </trkpt>
      <trkpt lat="51.950420000" lon="5.575770000">
        <ele>9.000</ele>
      </trkpt>
      <trkpt lat="51.950440000" lon="5.575780000">
        <ele>9.000</ele>
      </trkpt>
      <trkpt lat="51.950790000" lon="5.575880000">
        <ele>8.000</ele>
      </trkpt>
      <trkpt lat="51.951100000" lon="5.575970000">
        <ele>8.000</ele>
      </trkpt>
      <trkpt lat="51.951270000" lon="5.576010000">
        <ele>8.000</ele>
      </trkpt>
      <trkpt lat="51.951340000" lon="5.576030000">
        <ele>8.000</ele>
      </trkpt>
      <trkpt lat="51.951450000" lon="5.576070000">
        <ele>7.000</ele>
      </trkpt>
      <trkpt lat="51.951630000" lon="5.576120000">
        <ele>7.000</ele>
      </trkpt>
      <trkpt lat="51.951800000" lon="5.576170000">
        <ele>7.000</ele>
      </trkpt>
      <trkpt lat="51.951980000" lon="5.576220000">
        <ele>6.000</ele>
      </trkpt>
      <trkpt lat="51.952160000" lon="5.576280000">
        <ele>6.000</ele>
      </trkpt>
      <trkpt lat="51.952340000" lon="5.576330000">
        <ele>6.000</ele>
      </trkpt>
      <trkpt lat="51.952470000" lon="5.576370000">
        <ele>5.000</ele>
      </trkpt>
      <trkpt lat="51.952510000" lon="5.576380000">
        <ele>5.000</ele>
      </trkpt>
      <trkpt lat="51.953040000" lon="5.576530000">
        <ele>5.000</ele>
      </trkpt>
      <trkpt lat="51.953330000" lon="5.576610000">
        <ele>5.000</ele>
      </trkpt>
      <trkpt lat="51.953400000" lon="5.576630000">
        <ele>5.000</ele>
      </trkpt>
      <trkpt lat="51.953580000" lon="5.576680000">
        <ele>6.000</ele>
      </trkpt>
      <trkpt lat="51.953750000" lon="5.576730000">
        <ele>6.000</ele>
      </trkpt>
      <trkpt lat="51.953930000" lon="5.576780000">
        <ele>7.000</ele>
      </trkpt>
      <trkpt lat="51.954040000" lon="5.576810000">
        <ele>8.000</ele>
      </trkpt>
      <trkpt lat="51.954040000" lon="5.576810000">
        <ele>8.000</ele>
      </trkpt>
      <trkpt lat="51.954110000" lon="5.576830000">
        <ele>9.000</ele>
      </trkpt>
      <trkpt lat="51.954220000" lon="5.576870000">
        <ele>10.000</ele>
      </trkpt>
      <trkpt lat="51.954280000" lon="5.576890000">
        <ele>10.000</ele>
      </trkpt>
      <trkpt lat="51.954330000" lon="5.576900000">
        <ele>10.000</ele>
      </trkpt>
      <trkpt lat="51.954510000" lon="5.576930000">
        <ele>11.000</ele>
      </trkpt>
      <trkpt lat="51.954870000" lon="5.577030000">
        <ele>12.000</ele>
      </trkpt>
      <trkpt lat="51.955040000" lon="5.577070000">
        <ele>13.000</ele>
      </trkpt>
      <trkpt lat="51.955490000" lon="5.577190000">
        <ele>15.000</ele>
      </trkpt>
      <trkpt lat="51.955840000" lon="5.577290000">
        <ele>16.000</ele>
      </trkpt>
      <trkpt lat="51.955880000" lon="5.577300000">
        <ele>17.000</ele>
      </trkpt>
      <trkpt lat="51.956120000" lon="5.577370000">
        <ele>18.000</ele>
      </trkpt>
      <trkpt lat="51.956370000" lon="5.577450000">
        <ele>19.000</ele>
      </trkpt>
      <trkpt lat="51.956730000" lon="5.577550000">
        <ele>21.000</ele>
      </trkpt>
      <trkpt lat="51.956800000" lon="5.577570000">
        <ele>22.000</ele>
      </trkpt>
      <trkpt lat="51.957030000" lon="5.577680000">
        <ele>23.000</ele>
      </trkpt>
      <trkpt lat="51.957070000" lon="5.577690000">
        <ele>23.000</ele>
      </trkpt>
      <trkpt lat="51.957230000" lon="5.577730000">
        <ele>24.000</ele>
      </trkpt>
      <trkpt lat="51.957490000" lon="5.577810000">
        <ele>25.000</ele>
      </trkpt>
      <trkpt lat="51.957540000" lon="5.577820000">
        <ele>25.000</ele>
      </trkpt>
      <trkpt lat="51.957840000" lon="5.577910000">
        <ele>26.000</ele>
      </trkpt>
      <trkpt lat="51.957850000" lon="5.577910000">
        <ele>26.000</ele>
      </trkpt>
      <trkpt lat="51.957890000" lon="5.577920000">
        <ele>27.000</ele>
      </trkpt>
      <trkpt lat="51.958020000" lon="5.577960000">
        <ele>27.000</ele>
      </trkpt>
      <trkpt lat="51.958070000" lon="5.577980000">
        <ele>27.000</ele>
      </trkpt>
      <trkpt lat="51.958190000" lon="5.578010000">
        <ele>28.000</ele>
      </trkpt>
      <trkpt lat="51.958250000" lon="5.578030000">
        <ele>28.000</ele>
      </trkpt>
      <trkpt lat="51.958280000" lon="5.578040000">
        <ele>28.000</ele>
      </trkpt>
      <trkpt lat="51.958780000" lon="5.578180000">
        <ele>29.000</ele>
      </trkpt>
      <trkpt lat="51.958900000" lon="5.578220000">
        <ele>30.000</ele>
      </trkpt>
      <trkpt lat="51.959080000" lon="5.578270000">
        <ele>30.000</ele>
      </trkpt>
      <trkpt lat="51.959180000" lon="5.578300000">
        <ele>31.000</ele>
      </trkpt>
      <trkpt lat="51.959310000" lon="5.578340000">
        <ele>31.000</ele>
      </trkpt>
      <trkpt lat="51.959430000" lon="5.578380000">
        <ele>31.000</ele>
      </trkpt>
      <trkpt lat="51.959610000" lon="5.578430000">
        <ele>32.000</ele>
      </trkpt>
      <trkpt lat="51.959790000" lon="5.578480000">
        <ele>32.000</ele>
      </trkpt>
      <trkpt lat="51.959830000" lon="5.578500000">
        <ele>33.000</ele>
      </trkpt>
      <trkpt lat="51.960040000" lon="5.578560000">
        <ele>33.000</ele>
      </trkpt>
      <trkpt lat="51.960370000" lon="5.578650000">
        <ele>33.000</ele>
      </trkpt>
      <trkpt lat="51.960500000" lon="5.578680000">
        <ele>34.000</ele>
      </trkpt>
      <trkpt lat="51.960730000" lon="5.578740000">
        <ele>34.000</ele>
      </trkpt>
      <trkpt lat="51.961100000" lon="5.578840000">
        <ele>35.000</ele>
      </trkpt>
      <trkpt lat="51.961260000" lon="5.578890000">
        <ele>35.000</ele>
      </trkpt>
      <trkpt lat="51.961410000" lon="5.578930000">
        <ele>35.000</ele>
      </trkpt>
      <trkpt lat="51.961440000" lon="5.578930000">
        <ele>35.000</ele>
      </trkpt>
      <trkpt lat="51.961560000" lon="5.578960000">
        <ele>34.000</ele>
      </trkpt>
      <trkpt lat="51.961620000" lon="5.578970000">
        <ele>34.000</ele>
      </trkpt>
      <trkpt lat="51.961730000" lon="5.579000000">
        <ele>34.000</ele>
      </trkpt>
      <trkpt lat="51.961740000" lon="5.579000000">
        <ele>34.000</ele>
      </trkpt>
      <trkpt lat="51.962450000" lon="5.579150000">
        <ele>34.000</ele>
      </trkpt>
      <trkpt lat="51.962630000" lon="5.579180000">
        <ele>33.000</ele>
      </trkpt>
      <trkpt lat="51.962810000" lon="5.579220000">
        <ele>33.000</ele>
      </trkpt>
      <trkpt lat="51.963130000" lon="5.579280000">
        <ele>32.000</ele>
      </trkpt>
      <trkpt lat="51.963350000" lon="5.579320000">
        <ele>31.000</ele>
      </trkpt>
      <trkpt lat="51.963400000" lon="5.579340000">
        <ele>31.000</ele>
      </trkpt>
      <trkpt lat="51.963580000" lon="5.579370000">
        <ele>30.000</ele>
      </trkpt>
      <trkpt lat="51.964010000" lon="5.579450000">
        <ele>30.000</ele>
      </trkpt>
      <trkpt lat="51.964110000" lon="5.579470000">
        <ele>29.000</ele>
      </trkpt>
      <trkpt lat="51.964290000" lon="5.579510000">
        <ele>28.000</ele>
      </trkpt>
      <trkpt lat="51.964470000" lon="5.579550000">
        <ele>28.000</ele>
      </trkpt>
      <trkpt lat="51.964550000" lon="5.579560000">
        <ele>27.000</ele>
      </trkpt>
      <trkpt lat="51.964600000" lon="5.579580000">
        <ele>27.000</ele>
      </trkpt>
      <trkpt lat="51.964950000" lon="5.579650000">
        <ele>26.000</ele>
      </trkpt>
      <trkpt lat="51.965130000" lon="5.579690000">
        <ele>25.000</ele>
      </trkpt>
      <trkpt lat="51.965200000" lon="5.579680000">
        <ele>25.000</ele>
      </trkpt>
      <trkpt lat="51.965380000" lon="5.579710000">
        <ele>24.000</ele>
      </trkpt>
      <trkpt lat="51.965580000" lon="5.579750000">
        <ele>23.000</ele>
      </trkpt>
      <trkpt lat="51.965810000" lon="5.579790000">
        <ele>22.000</ele>
      </trkpt>
      <trkpt lat="51.966000000" lon="5.579820000">
        <ele>22.000</ele>
      </trkpt>
      <trkpt lat="51.966390000" lon="5.579860000">
        <ele>21.000</ele>
      </trkpt>
      <trkpt lat="51.966510000" lon="5.579870000">
        <ele>20.000</ele>
      </trkpt>
      <trkpt lat="51.966700000" lon="5.579880000">
        <ele>19.000</ele>
      </trkpt>
      <trkpt lat="51.966950000" lon="5.579870000">
        <ele>19.000</ele>
      </trkpt>
      <trkpt lat="51.967140000" lon="5.579860000">
        <ele>18.000</ele>
      </trkpt>
      <trkpt lat="51.967210000" lon="5.579860000">
        <ele>18.000</ele>
      </trkpt>
      <trkpt lat="51.967340000" lon="5.579840000">
        <ele>18.000</ele>
      </trkpt>
      <trkpt lat="51.967570000" lon="5.579820000">
        <ele>18.000</ele>
      </trkpt>
      <trkpt lat="51.967760000" lon="5.579790000">
        <ele>18.000</ele>
      </trkpt>
      <trkpt lat="51.967930000" lon="5.579750000">
        <ele>17.000</ele>
      </trkpt>
      <trkpt lat="51.967990000" lon="5.579770000">
        <ele>17.000</ele>
      </trkpt>
      <trkpt lat="51.968130000" lon="5.579730000">
        <ele>17.000</ele>
      </trkpt>
      <trkpt lat="51.968320000" lon="5.579680000">
        <ele>17.000</ele>
      </trkpt>
      <trkpt lat="51.968350000" lon="5.579670000">
        <ele>17.000</ele>
      </trkpt>
      <trkpt lat="51.968380000" lon="5.579670000">
        <ele>17.000</ele>
      </trkpt>
      <trkpt lat="51.968610000" lon="5.579600000">
        <ele>16.000</ele>
      </trkpt>
      <trkpt lat="51.968720000" lon="5.579570000">
        <ele>16.000</ele>
      </trkpt>
      <trkpt lat="51.968830000" lon="5.579530000">
        <ele>16.000</ele>
      </trkpt>
      <trkpt lat="51.968930000" lon="5.579490000">
        <ele>16.000</ele>
      </trkpt>
      <trkpt lat="51.969030000" lon="5.579450000">
        <ele>16.000</ele>
      </trkpt>
      <trkpt lat="51.969240000" lon="5.579360000">
        <ele>15.000</ele>
      </trkpt>
      <trkpt lat="51.969450000" lon="5.579270000">
        <ele>15.000</ele>
      </trkpt>
      <trkpt lat="51.969660000" lon="5.579160000">
        <ele>15.000</ele>
      </trkpt>
      <trkpt lat="51.969860000" lon="5.579060000">
        <ele>15.000</ele>
      </trkpt>
      <trkpt lat="51.970070000" lon="5.578950000">
        <ele>14.000</ele>
      </trkpt>
      <trkpt lat="51.970380000" lon="5.578790000">
        <ele>14.000</ele>
      </trkpt>
      <trkpt lat="51.970590000" lon="5.578680000">
        <ele>14.000</ele>
      </trkpt>
      <trkpt lat="51.970800000" lon="5.578570000">
        <ele>13.000</ele>
      </trkpt>
      <trkpt lat="51.971000000" lon="5.578460000">
        <ele>13.000</ele>
      </trkpt>
      <trkpt lat="51.971370000" lon="5.578260000">
        <ele>13.000</ele>
      </trkpt>
      <trkpt lat="51.971650000" lon="5.578120000">
        <ele>12.000</ele>
      </trkpt>
      <trkpt lat="51.971890000" lon="5.577990000">
        <ele>12.000</ele>
      </trkpt>
      <trkpt lat="51.972130000" lon="5.577860000">
        <ele>12.000</ele>
      </trkpt>
      <trkpt lat="51.972660000" lon="5.577580000">
        <ele>12.000</ele>
      </trkpt>
      <trkpt lat="51.973090000" lon="5.577320000">
        <ele>11.000</ele>
      </trkpt>
      <trkpt lat="51.974240000" lon="5.576660000">
        <ele>11.000</ele>
      </trkpt>
      <trkpt lat="51.974630000" lon="5.576440000">
        <ele>11.000</ele>
      </trkpt>
      <trkpt lat="51.975010000" lon="5.576210000">
        <ele>11.000</ele>
      </trkpt>
      <trkpt lat="51.975080000" lon="5.576130000">
        <ele>10.000</ele>
      </trkpt>
      <trkpt lat="51.975110000" lon="5.576110000">
        <ele>10.000</ele>
      </trkpt>
      <trkpt lat="51.975440000" lon="5.575890000">
        <ele>10.000</ele>
      </trkpt>
      <trkpt lat="51.975680000" lon="5.575740000">
        <ele>10.000</ele>
      </trkpt>
      <trkpt lat="51.975700000" lon="5.575820000">
        <ele>10.000</ele>
      </trkpt>
      <trkpt lat="51.975700000" lon="5.575820000">
        <ele>10.000</ele>
      </trkpt>
      <trkpt lat="51.975730000" lon="5.575970000">
        <ele>10.000</ele>
      </trkpt>
      <trkpt lat="51.975770000" lon="5.576130000">
        <ele>10.000</ele>
      </trkpt>
      <trkpt lat="51.975800000" lon="5.576240000">
        <ele>10.000</ele>
      </trkpt>
      <trkpt lat="51.975850000" lon="5.576400000">
        <ele>9.000</ele>
      </trkpt>
      <trkpt lat="51.975850000" lon="5.576400000">
        <ele>9.000</ele>
      </trkpt>
      <trkpt lat="51.975520000" lon="5.576610000">
        <ele>9.000</ele>
      </trkpt>
      <trkpt lat="51.975480000" lon="5.576630000">
        <ele>9.000</ele>
      </trkpt>
      <trkpt lat="51.975440000" lon="5.576680000">
        <ele>9.000</ele>
      </trkpt>
      <trkpt lat="51.975440000" lon="5.576690000">
        <ele>9.000</ele>
      </trkpt>
      <trkpt lat="51.975370000" lon="5.576770000">
        <ele>9.000</ele>
      </trkpt>
      <trkpt lat="51.975340000" lon="5.576810000">
        <ele>9.000</ele>
      </trkpt>
      <trkpt lat="51.975330000" lon="5.576820000">
        <ele>9.000</ele>
      </trkpt>
      <trkpt lat="51.975210000" lon="5.576970000">
        <ele>9.000</ele>
      </trkpt>
      <trkpt lat="51.975080000" lon="5.577140000">
        <ele>9.000</ele>
      </trkpt>
      <trkpt lat="51.974950000" lon="5.577380000">
        <ele>9.000</ele>
      </trkpt>
      <trkpt lat="51.974530000" lon="5.578400000">
        <ele>8.000</ele>
      </trkpt>
      <trkpt lat="51.974320000" lon="5.578960000">
        <ele>8.000</ele>
      </trkpt>
      <trkpt lat="51.974210000" lon="5.579380000">
        <ele>8.000</ele>
      </trkpt>
      <trkpt lat="51.974160000" lon="5.579550000">
        <ele>8.000</ele>
      </trkpt>
      <trkpt lat="51.974120000" lon="5.579710000">
        <ele>8.000</ele>
      </trkpt>
      <trkpt lat="51.974010000" lon="5.580150000">
        <ele>8.000</ele>
      </trkpt>
      <trkpt lat="51.973930000" lon="5.580550000">
        <ele>8.000</ele>
      </trkpt>
      <trkpt lat="51.973880000" lon="5.581000000">
        <ele>8.000</ele>
      </trkpt>
      <trkpt lat="51.973840000" lon="5.581490000">
        <ele>8.000</ele>
      </trkpt>
      <trkpt lat="51.973800000" lon="5.582340000">
        <ele>8.000</ele>
      </trkpt>
      <trkpt lat="51.973780000" lon="5.582570000">
        <ele>8.000</ele>
      </trkpt>
      <trkpt lat="51.973780000" lon="5.582580000">
        <ele>8.000</ele>
      </trkpt>
      <trkpt lat="51.973780000" lon="5.582860000">
        <ele>8.000</ele>
      </trkpt>
      <trkpt lat="51.973800000" lon="5.583150000">
        <ele>8.000</ele>
      </trkpt>
      <trkpt lat="51.973810000" lon="5.583160000">
        <ele>8.000</ele>
      </trkpt>
      <trkpt lat="51.973850000" lon="5.583430000">
        <ele>8.000</ele>
      </trkpt>
      <trkpt lat="51.973930000" lon="5.583700000">
        <ele>8.000</ele>
      </trkpt>
      <trkpt lat="51.974010000" lon="5.583960000">
        <ele>8.000</ele>
      </trkpt>
      <trkpt lat="51.974200000" lon="5.584640000">
        <ele>8.000</ele>
      </trkpt>
      <trkpt lat="51.974300000" lon="5.585050000">
        <ele>8.000</ele>
      </trkpt>
      <trkpt lat="51.974340000" lon="5.585510000">
        <ele>8.000</ele>
      </trkpt>
      <trkpt lat="51.974350000" lon="5.586000000">
        <ele>8.000</ele>
      </trkpt>
      <trkpt lat="51.974330000" lon="5.586520000">
        <ele>8.000</ele>
      </trkpt>
      <trkpt lat="51.974310000" lon="5.586970000">
        <ele>8.000</ele>
      </trkpt>
      <trkpt lat="51.974230000" lon="5.587220000">
        <ele>8.000</ele>
      </trkpt>
      <trkpt lat="51.974160000" lon="5.587410000">
        <ele>8.000</ele>
      </trkpt>
      <trkpt lat="51.974010000" lon="5.587710000">
        <ele>8.000</ele>
      </trkpt>
      <trkpt lat="51.973840000" lon="5.587900000">
        <ele>8.000</ele>
      </trkpt>
      <trkpt lat="51.973670000" lon="5.588090000">
        <ele>8.000</ele>
      </trkpt>
      <trkpt lat="51.973650000" lon="5.588110000">
        <ele>8.000</ele>
      </trkpt>
      <trkpt lat="51.973170000" lon="5.588660000">
        <ele>8.000</ele>
      </trkpt>
      <trkpt lat="51.972930000" lon="5.588960000">
        <ele>8.000</ele>
      </trkpt>
      <trkpt lat="51.972580000" lon="5.589280000">
        <ele>8.000</ele>
      </trkpt>
      <trkpt lat="51.972500000" lon="5.589390000">
        <ele>8.000</ele>
      </trkpt>
      <trkpt lat="51.972450000" lon="5.589450000">
        <ele>9.000</ele>
      </trkpt>
      <trkpt lat="51.972410000" lon="5.589500000">
        <ele>9.000</ele>
      </trkpt>
      <trkpt lat="51.972180000" lon="5.589790000">
        <ele>9.000</ele>
      </trkpt>
      <trkpt lat="51.971960000" lon="5.590070000">
        <ele>9.000</ele>
      </trkpt>
      <trkpt lat="51.971610000" lon="5.590480000">
        <ele>9.000</ele>
      </trkpt>
      <trkpt lat="51.971260000" lon="5.590890000">
        <ele>9.000</ele>
      </trkpt>
      <trkpt lat="51.971150000" lon="5.590970000">
        <ele>9.000</ele>
      </trkpt>
      <trkpt lat="51.971080000" lon="5.591010000">
        <ele>9.000</ele>
      </trkpt>
      <trkpt lat="51.971020000" lon="5.591030000">
        <ele>9.000</ele>
      </trkpt>
      <trkpt lat="51.970980000" lon="5.591050000">
        <ele>9.000</ele>
      </trkpt>
      <trkpt lat="51.970940000" lon="5.591060000">
        <ele>9.000</ele>
      </trkpt>
      <trkpt lat="51.970910000" lon="5.591060000">
        <ele>9.000</ele>
      </trkpt>
      <trkpt lat="51.970880000" lon="5.591060000">
        <ele>9.000</ele>
      </trkpt>
      <trkpt lat="51.970820000" lon="5.591040000">
        <ele>9.000</ele>
      </trkpt>
      <trkpt lat="51.970760000" lon="5.591000000">
        <ele>9.000</ele>
      </trkpt>
      <trkpt lat="51.970640000" lon="5.590820000">
        <ele>9.000</ele>
      </trkpt>
      <trkpt lat="51.970560000" lon="5.590730000">
        <ele>9.000</ele>
      </trkpt>
      <trkpt lat="51.970510000" lon="5.590700000">
        <ele>9.000</ele>
      </trkpt>
      <trkpt lat="51.970470000" lon="5.590680000">
        <ele>9.000</ele>
      </trkpt>
      <trkpt lat="51.970390000" lon="5.590650000">
        <ele>9.000</ele>
      </trkpt>
      <trkpt lat="51.970300000" lon="5.590620000">
        <ele>9.000</ele>
      </trkpt>
      <trkpt lat="51.970240000" lon="5.590630000">
        <ele>9.000</ele>
      </trkpt>
      <trkpt lat="51.970160000" lon="5.590640000">
        <ele>9.000</ele>
      </trkpt>
      <trkpt lat="51.970090000" lon="5.590630000">
        <ele>9.000</ele>
      </trkpt>
      <trkpt lat="51.970060000" lon="5.590630000">
        <ele>9.000</ele>
      </trkpt>
      <trkpt lat="51.970040000" lon="5.590620000">
        <ele>9.000</ele>
      </trkpt>
      <trkpt lat="51.970000000" lon="5.590590000">
        <ele>9.000</ele>
      </trkpt>
      <trkpt lat="51.969950000" lon="5.590550000">
        <ele>9.000</ele>
      </trkpt>
      <trkpt lat="51.969890000" lon="5.590610000">
        <ele>9.000</ele>
      </trkpt>
      <trkpt lat="51.969850000" lon="5.590640000">
        <ele>9.000</ele>
      </trkpt>
      <trkpt lat="51.969780000" lon="5.590670000">
        <ele>9.000</ele>
      </trkpt>
      <trkpt lat="51.969670000" lon="5.590690000">
        <ele>9.000</ele>
      </trkpt>
      <trkpt lat="51.969600000" lon="5.590700000">
        <ele>9.000</ele>
      </trkpt>
      <trkpt lat="51.969340000" lon="5.590760000">
        <ele>9.000</ele>
      </trkpt>
      <trkpt lat="51.969300000" lon="5.590770000">
        <ele>9.000</ele>
      </trkpt>
      <trkpt lat="51.969190000" lon="5.590790000">
        <ele>9.000</ele>
      </trkpt>
      <trkpt lat="51.969010000" lon="5.590840000">
        <ele>9.000</ele>
      </trkpt>
      <trkpt lat="51.968960000" lon="5.590850000">
        <ele>9.000</ele>
      </trkpt>
      <trkpt lat="51.968840000" lon="5.590890000">
        <ele>9.000</ele>
      </trkpt>
      <trkpt lat="51.968760000" lon="5.590920000">
        <ele>9.000</ele>
      </trkpt>
      <trkpt lat="51.968560000" lon="5.591000000">
        <ele>9.000</ele>
      </trkpt>
      <trkpt lat="51.968250000" lon="5.591160000">
        <ele>9.000</ele>
      </trkpt>
      <trkpt lat="51.968150000" lon="5.591220000">
        <ele>9.000</ele>
      </trkpt>
      <trkpt lat="51.967930000" lon="5.591360000">
        <ele>9.000</ele>
      </trkpt>
      <trkpt lat="51.967570000" lon="5.591570000">
        <ele>9.000</ele>
      </trkpt>
      <trkpt lat="51.967430000" lon="5.591660000">
        <ele>9.000</ele>
      </trkpt>
      <trkpt lat="51.967320000" lon="5.591730000">
        <ele>9.000</ele>
      </trkpt>
      <trkpt lat="51.967240000" lon="5.591790000">
        <ele>9.000</ele>
      </trkpt>
      <trkpt lat="51.967180000" lon="5.591830000">
        <ele>9.000</ele>
      </trkpt>
      <trkpt lat="51.967170000" lon="5.591840000">
        <ele>9.000</ele>
      </trkpt>
      <trkpt lat="51.967080000" lon="5.591930000">
        <ele>9.000</ele>
      </trkpt>
      <trkpt lat="51.966990000" lon="5.592070000">
        <ele>9.000</ele>
      </trkpt>
      <trkpt lat="51.966910000" lon="5.592220000">
        <ele>9.000</ele>
      </trkpt>
      <trkpt lat="51.966840000" lon="5.592350000">
        <ele>9.000</ele>
      </trkpt>
      <trkpt lat="51.966770000" lon="5.592480000">
        <ele>9.000</ele>
      </trkpt>
      <trkpt lat="51.966640000" lon="5.592790000">
        <ele>9.000</ele>
      </trkpt>
      <trkpt lat="51.966500000" lon="5.593100000">
        <ele>9.000</ele>
      </trkpt>
      <trkpt lat="51.966040000" lon="5.594180000">
        <ele>9.000</ele>
      </trkpt>
      <trkpt lat="51.965530000" lon="5.595270000">
        <ele>9.000</ele>
      </trkpt>
      <trkpt lat="51.965490000" lon="5.595370000">
        <ele>9.000</ele>
      </trkpt>
      <trkpt lat="51.965250000" lon="5.595890000">
        <ele>9.000</ele>
      </trkpt>
      <trkpt lat="51.964960000" lon="5.596550000">
        <ele>9.000</ele>
      </trkpt>
      <trkpt lat="51.964840000" lon="5.596770000">
        <ele>10.000</ele>
      </trkpt>
      <trkpt lat="51.964730000" lon="5.596950000">
        <ele>10.000</ele>
      </trkpt>
      <trkpt lat="51.964550000" lon="5.597220000">
        <ele>10.000</ele>
      </trkpt>
      <trkpt lat="51.964550000" lon="5.597220000">
        <ele>10.000</ele>
      </trkpt>
      <trkpt lat="51.964450000" lon="5.597370000">
        <ele>10.000</ele>
      </trkpt>
      <trkpt lat="51.964180000" lon="5.597760000">
        <ele>10.000</ele>
      </trkpt>
      <trkpt lat="51.964100000" lon="5.597870000">
        <ele>10.000</ele>
      </trkpt>
      <trkpt lat="51.963800000" lon="5.598330000">
        <ele>10.000</ele>
      </trkpt>
      <trkpt lat="51.963750000" lon="5.598410000">
        <ele>10.000</ele>
      </trkpt>
      <trkpt lat="51.963430000" lon="5.598920000">
        <ele>10.000</ele>
      </trkpt>
      <trkpt lat="51.963300000" lon="5.599170000">
        <ele>10.000</ele>
      </trkpt>
      <trkpt lat="51.963150000" lon="5.599440000">
        <ele>10.000</ele>
      </trkpt>
      <trkpt lat="51.963080000" lon="5.599600000">
        <ele>10.000</ele>
      </trkpt>
      <trkpt lat="51.963030000" lon="5.599730000">
        <ele>10.000</ele>
      </trkpt>
      <trkpt lat="51.962910000" lon="5.600040000">
        <ele>10.000</ele>
      </trkpt>
      <trkpt lat="51.962680000" lon="5.600650000">
        <ele>10.000</ele>
      </trkpt>
      <trkpt lat="51.962590000" lon="5.600840000">
        <ele>10.000</ele>
      </trkpt>
      <trkpt lat="51.962370000" lon="5.601280000">
        <ele>10.000</ele>
      </trkpt>
      <trkpt lat="51.962110000" lon="5.601790000">
        <ele>11.000</ele>
      </trkpt>
      <trkpt lat="51.962070000" lon="5.601850000">
        <ele>11.000</ele>
      </trkpt>
      <trkpt lat="51.961890000" lon="5.602160000">
        <ele>11.000</ele>
      </trkpt>
      <trkpt lat="51.961660000" lon="5.602520000">
        <ele>11.000</ele>
      </trkpt>
      <trkpt lat="51.961480000" lon="5.602800000">
        <ele>11.000</ele>
      </trkpt>
      <trkpt lat="51.961260000" lon="5.603120000">
        <ele>11.000</ele>
      </trkpt>
      <trkpt lat="51.961000000" lon="5.603500000">
        <ele>11.000</ele>
      </trkpt>
      <trkpt lat="51.960600000" lon="5.604080000">
        <ele>11.000</ele>
      </trkpt>
      <trkpt lat="51.960590000" lon="5.604100000">
        <ele>11.000</ele>
      </trkpt>
      <trkpt lat="51.960490000" lon="5.604240000">
        <ele>11.000</ele>
      </trkpt>
      <trkpt lat="51.960370000" lon="5.604430000">
        <ele>11.000</ele>
      </trkpt>
      <trkpt lat="51.960240000" lon="5.604650000">
        <ele>11.000</ele>
      </trkpt>
      <trkpt lat="51.960180000" lon="5.604740000">
        <ele>11.000</ele>
      </trkpt>
      <trkpt lat="51.959670000" lon="5.605650000">
        <ele>11.000</ele>
      </trkpt>
      <trkpt lat="51.959490000" lon="5.605960000">
        <ele>12.000</ele>
      </trkpt>
      <trkpt lat="51.959420000" lon="5.606060000">
        <ele>12.000</ele>
      </trkpt>
      <trkpt lat="51.959260000" lon="5.606280000">
        <ele>12.000</ele>
      </trkpt>
      <trkpt lat="51.959060000" lon="5.606520000">
        <ele>12.000</ele>
      </trkpt>
      <trkpt lat="51.958490000" lon="5.607130000">
        <ele>13.000</ele>
      </trkpt>
      <trkpt lat="51.958420000" lon="5.607200000">
        <ele>14.000</ele>
      </trkpt>
      <trkpt lat="51.958360000" lon="5.607270000">
        <ele>14.000</ele>
      </trkpt>
      <trkpt lat="51.958100000" lon="5.607490000">
        <ele>15.000</ele>
      </trkpt>
      <trkpt lat="51.957870000" lon="5.607710000">
        <ele>15.000</ele>
      </trkpt>
      <trkpt lat="51.957740000" lon="5.607830000">
        <ele>15.000</ele>
      </trkpt>
      <trkpt lat="51.957640000" lon="5.607910000">
        <ele>15.000</ele>
      </trkpt>
      <trkpt lat="51.957580000" lon="5.607960000">
        <ele>15.000</ele>
      </trkpt>
      <trkpt lat="51.957460000" lon="5.608050000">
        <ele>15.000</ele>
      </trkpt>
      <trkpt lat="51.957270000" lon="5.608170000">
        <ele>15.000</ele>
      </trkpt>
      <trkpt lat="51.956910000" lon="5.608390000">
        <ele>14.000</ele>
      </trkpt>
      <trkpt lat="51.956830000" lon="5.608430000">
        <ele>14.000</ele>
      </trkpt>
      <trkpt lat="51.956690000" lon="5.608490000">
        <ele>14.000</ele>
      </trkpt>
      <trkpt lat="51.956570000" lon="5.608510000">
        <ele>14.000</ele>
      </trkpt>
      <trkpt lat="51.956420000" lon="5.608490000">
        <ele>14.000</ele>
      </trkpt>
      <trkpt lat="51.956310000" lon="5.608440000">
        <ele>14.000</ele>
      </trkpt>
      <trkpt lat="51.956240000" lon="5.608400000">
        <ele>14.000</ele>
      </trkpt>
      <trkpt lat="51.956060000" lon="5.608280000">
        <ele>14.000</ele>
      </trkpt>
      <trkpt lat="51.956030000" lon="5.608270000">
        <ele>14.000</ele>
      </trkpt>
      <trkpt lat="51.955940000" lon="5.608220000">
        <ele>14.000</ele>
      </trkpt>
      <trkpt lat="51.955850000" lon="5.608200000">
        <ele>14.000</ele>
      </trkpt>
      <trkpt lat="51.955770000" lon="5.608190000">
        <ele>14.000</ele>
      </trkpt>
      <trkpt lat="51.955710000" lon="5.608190000">
        <ele>14.000</ele>
      </trkpt>
      <trkpt lat="51.955670000" lon="5.608180000">
        <ele>14.000</ele>
      </trkpt>
      <trkpt lat="51.955630000" lon="5.608190000">
        <ele>14.000</ele>
      </trkpt>
      <trkpt lat="51.955570000" lon="5.608200000">
        <ele>14.000</ele>
      </trkpt>
      <trkpt lat="51.955530000" lon="5.608220000">
        <ele>14.000</ele>
      </trkpt>
      <trkpt lat="51.955450000" lon="5.608260000">
        <ele>14.000</ele>
      </trkpt>
      <trkpt lat="51.955230000" lon="5.608400000">
        <ele>15.000</ele>
      </trkpt>
      <trkpt lat="51.955080000" lon="5.608480000">
        <ele>15.000</ele>
      </trkpt>
      <trkpt lat="51.955060000" lon="5.608480000">
        <ele>15.000</ele>
      </trkpt>
      <trkpt lat="51.955020000" lon="5.608500000">
        <ele>15.000</ele>
      </trkpt>
      <trkpt lat="51.954970000" lon="5.608510000">
        <ele>15.000</ele>
      </trkpt>
      <trkpt lat="51.954940000" lon="5.608500000">
        <ele>15.000</ele>
      </trkpt>
      <trkpt lat="51.954890000" lon="5.608470000">
        <ele>15.000</ele>
      </trkpt>
      <trkpt lat="51.954850000" lon="5.608430000">
        <ele>15.000</ele>
      </trkpt>
      <trkpt lat="51.954740000" lon="5.608310000">
        <ele>15.000</ele>
      </trkpt>
      <trkpt lat="51.954740000" lon="5.608310000">
        <ele>15.000</ele>
      </trkpt>
      <trkpt lat="51.954780000" lon="5.608240000">
        <ele>15.000</ele>
      </trkpt>
      <trkpt lat="51.954850000" lon="5.608160000">
        <ele>16.000</ele>
      </trkpt>
      <trkpt lat="51.954870000" lon="5.608120000">
        <ele>16.000</ele>
      </trkpt>
      <trkpt lat="51.954980000" lon="5.607990000">
        <ele>17.000</ele>
      </trkpt>
      <trkpt lat="51.955110000" lon="5.607840000">
        <ele>18.000</ele>
      </trkpt>
      <trkpt lat="51.955120000" lon="5.607830000">
        <ele>19.000</ele>
      </trkpt>
      <trkpt lat="51.955210000" lon="5.607740000">
        <ele>20.000</ele>
      </trkpt>
      <trkpt lat="51.955280000" lon="5.607680000">
        <ele>21.000</ele>
      </trkpt>
      <trkpt lat="51.955370000" lon="5.607590000">
        <ele>22.000</ele>
      </trkpt>
      <trkpt lat="51.955390000" lon="5.607570000">
        <ele>23.000</ele>
      </trkpt>
      <trkpt lat="51.955470000" lon="5.607490000">
        <ele>24.000</ele>
      </trkpt>
      <trkpt lat="51.955510000" lon="5.607440000">
        <ele>25.000</ele>
      </trkpt>
      <trkpt lat="51.955540000" lon="5.607390000">
        <ele>25.000</ele>
      </trkpt>
      <trkpt lat="51.955590000" lon="5.607300000">
        <ele>26.000</ele>
      </trkpt>
      <trkpt lat="51.955620000" lon="5.607230000">
        <ele>27.000</ele>
      </trkpt>
      <trkpt lat="51.955660000" lon="5.607140000">
        <ele>28.000</ele>
      </trkpt>
      <trkpt lat="51.955710000" lon="5.606980000">
        <ele>29.000</ele>
      </trkpt>
      <trkpt lat="51.955740000" lon="5.606830000">
        <ele>30.000</ele>
      </trkpt>
      <trkpt lat="51.955760000" lon="5.606730000">
        <ele>31.000</ele>
      </trkpt>
      <trkpt lat="51.955780000" lon="5.606600000">
        <ele>32.000</ele>
      </trkpt>
      <trkpt lat="51.955790000" lon="5.606570000">
        <ele>32.000</ele>
      </trkpt>
      <trkpt lat="51.955790000" lon="5.606560000">
        <ele>33.000</ele>
      </trkpt>
      <trkpt lat="51.955800000" lon="5.606480000">
        <ele>33.000</ele>
      </trkpt>
      <trkpt lat="51.955810000" lon="5.606360000">
        <ele>34.000</ele>
      </trkpt>
      <trkpt lat="51.955810000" lon="5.606270000">
        <ele>35.000</ele>
      </trkpt>
      <trkpt lat="51.955820000" lon="5.606150000">
        <ele>35.000</ele>
      </trkpt>
      <trkpt lat="51.955820000" lon="5.606100000">
        <ele>36.000</ele>
      </trkpt>
      <trkpt lat="51.955820000" lon="5.605950000">
        <ele>37.000</ele>
      </trkpt>
      <trkpt lat="51.955820000" lon="5.605840000">
        <ele>38.000</ele>
      </trkpt>
      <trkpt lat="51.955810000" lon="5.605600000">
        <ele>38.000</ele>
      </trkpt>
      <trkpt lat="51.955810000" lon="5.605440000">
        <ele>39.000</ele>
      </trkpt>
      <trkpt lat="51.955790000" lon="5.605230000">
        <ele>40.000</ele>
      </trkpt>
      <trkpt lat="51.955780000" lon="5.605160000">
        <ele>40.000</ele>
      </trkpt>
      <trkpt lat="51.955760000" lon="5.604820000">
        <ele>41.000</ele>
      </trkpt>
      <trkpt lat="51.955730000" lon="5.604540000">
        <ele>42.000</ele>
      </trkpt>
      <trkpt lat="51.955720000" lon="5.604500000">
        <ele>42.000</ele>
      </trkpt>
      <trkpt lat="51.955710000" lon="5.604370000">
        <ele>43.000</ele>
      </trkpt>
      <trkpt lat="51.955640000" lon="5.603860000">
        <ele>44.000</ele>
      </trkpt>
      <trkpt lat="51.955610000" lon="5.603600000">
        <ele>45.000</ele>
      </trkpt>
      <trkpt lat="51.955610000" lon="5.603590000">
        <ele>46.000</ele>
      </trkpt>
      <trkpt lat="51.955610000" lon="5.603590000">
        <ele>46.000</ele>
      </trkpt>
      <trkpt lat="51.955540000" lon="5.603140000">
        <ele>47.000</ele>
      </trkpt>
      <trkpt lat="51.955460000" lon="5.602660000">
        <ele>48.000</ele>
      </trkpt>
      <trkpt lat="51.955450000" lon="5.602650000">
        <ele>49.000</ele>
      </trkpt>
      <trkpt lat="51.955390000" lon="5.602280000">
        <ele>49.000</ele>
      </trkpt>
      <trkpt lat="51.955360000" lon="5.602090000">
        <ele>50.000</ele>
      </trkpt>
      <trkpt lat="51.955220000" lon="5.601250000">
        <ele>50.000</ele>
      </trkpt>
      <trkpt lat="51.955120000" lon="5.600620000">
        <ele>50.000</ele>
      </trkpt>
      <trkpt lat="51.955030000" lon="5.599980000">
        <ele>50.000</ele>
      </trkpt>
      <trkpt lat="51.954990000" lon="5.599550000">
        <ele>50.000</ele>
      </trkpt>
      <trkpt lat="51.954950000" lon="5.599100000">
        <ele>50.000</ele>
      </trkpt>
      <trkpt lat="51.954940000" lon="5.598980000">
        <ele>49.000</ele>
      </trkpt>
      <trkpt lat="51.954910000" lon="5.598510000">
        <ele>49.000</ele>
      </trkpt>
      <trkpt lat="51.954880000" lon="5.598040000">
        <ele>49.000</ele>
      </trkpt>
      <trkpt lat="51.954850000" lon="5.597590000">
        <ele>49.000</ele>
      </trkpt>
      <trkpt lat="51.954830000" lon="5.597310000">
        <ele>49.000</ele>
      </trkpt>
      <trkpt lat="51.954820000" lon="5.597110000">
        <ele>49.000</ele>
      </trkpt>
      <trkpt lat="51.954800000" lon="5.596740000">
        <ele>49.000</ele>
      </trkpt>
      <trkpt lat="51.954800000" lon="5.596500000">
        <ele>49.000</ele>
      </trkpt>
      <trkpt lat="51.954790000" lon="5.596300000">
        <ele>49.000</ele>
      </trkpt>
      <trkpt lat="51.954800000" lon="5.596010000">
        <ele>49.000</ele>
      </trkpt>
      <trkpt lat="51.954810000" lon="5.595640000">
        <ele>49.000</ele>
      </trkpt>
      <trkpt lat="51.954820000" lon="5.595310000">
        <ele>49.000</ele>
      </trkpt>
      <trkpt lat="51.954830000" lon="5.595270000">
        <ele>49.000</ele>
      </trkpt>
      <trkpt lat="51.954840000" lon="5.595120000">
        <ele>49.000</ele>
      </trkpt>
      <trkpt lat="51.954850000" lon="5.594920000">
        <ele>49.000</ele>
      </trkpt>
      <trkpt lat="51.954870000" lon="5.594790000">
        <ele>49.000</ele>
      </trkpt>
      <trkpt lat="51.954880000" lon="5.594620000">
        <ele>49.000</ele>
      </trkpt>
      <trkpt lat="51.954900000" lon="5.594470000">
        <ele>49.000</ele>
      </trkpt>
      <trkpt lat="51.954950000" lon="5.594120000">
        <ele>49.000</ele>
      </trkpt>
      <trkpt lat="51.955020000" lon="5.593640000">
        <ele>49.000</ele>
      </trkpt>
      <trkpt lat="51.955060000" lon="5.593360000">
        <ele>49.000</ele>
      </trkpt>
      <trkpt lat="51.955120000" lon="5.592970000">
        <ele>48.000</ele>
      </trkpt>
      <trkpt lat="51.955170000" lon="5.592610000">
        <ele>48.000</ele>
      </trkpt>
      <trkpt lat="51.955210000" lon="5.592470000">
        <ele>48.000</ele>
      </trkpt>
      <trkpt lat="51.955360000" lon="5.591540000">
        <ele>48.000</ele>
      </trkpt>
      <trkpt lat="51.955370000" lon="5.591430000">
        <ele>48.000</ele>
      </trkpt>
      <trkpt lat="51.955400000" lon="5.591220000">
        <ele>48.000</ele>
      </trkpt>
      <trkpt lat="51.955430000" lon="5.591010000">
        <ele>48.000</ele>
      </trkpt>
      <trkpt lat="51.955490000" lon="5.590620000">
        <ele>48.000</ele>
      </trkpt>
      <trkpt lat="51.955520000" lon="5.590460000">
        <ele>48.000</ele>
      </trkpt>
      <trkpt lat="51.955760000" lon="5.588940000">
        <ele>46.000</ele>
      </trkpt>
      <trkpt lat="51.955800000" lon="5.588640000">
        <ele>45.000</ele>
      </trkpt>
      <trkpt lat="51.955850000" lon="5.588340000">
        <ele>44.000</ele>
      </trkpt>
      <trkpt lat="51.955890000" lon="5.588060000">
        <ele>43.000</ele>
      </trkpt>
      <trkpt lat="51.956020000" lon="5.587210000">
        <ele>42.000</ele>
      </trkpt>
      <trkpt lat="51.956070000" lon="5.586810000">
        <ele>41.000</ele>
      </trkpt>
      <trkpt lat="51.956090000" lon="5.586700000">
        <ele>40.000</ele>
      </trkpt>
      <trkpt lat="51.956350000" lon="5.585040000">
        <ele>39.000</ele>
      </trkpt>
      <trkpt lat="51.956410000" lon="5.584590000">
        <ele>39.000</ele>
      </trkpt>
      <trkpt lat="51.956470000" lon="5.584100000">
        <ele>38.000</ele>
      </trkpt>
      <trkpt lat="51.956530000" lon="5.583730000">
        <ele>37.000</ele>
      </trkpt>
      <trkpt lat="51.956530000" lon="5.583720000">
        <ele>37.000</ele>
      </trkpt>
      <trkpt lat="51.956580000" lon="5.583430000">
        <ele>36.000</ele>
      </trkpt>
      <trkpt lat="51.956580000" lon="5.583380000">
        <ele>36.000</ele>
      </trkpt>
      <trkpt lat="51.956660000" lon="5.582890000">
        <ele>36.000</ele>
      </trkpt>
      <trkpt lat="51.956760000" lon="5.582300000">
        <ele>35.000</ele>
      </trkpt>
      <trkpt lat="51.956950000" lon="5.581090000">
        <ele>34.000</ele>
      </trkpt>
      <trkpt lat="51.956980000" lon="5.580930000">
        <ele>34.000</ele>
      </trkpt>
      <trkpt lat="51.956990000" lon="5.580810000">
        <ele>33.000</ele>
      </trkpt>
      <trkpt lat="51.957000000" lon="5.580630000">
        <ele>32.000</ele>
      </trkpt>
      <trkpt lat="51.957030000" lon="5.580450000">
        <ele>32.000</ele>
      </trkpt>
      <trkpt lat="51.957060000" lon="5.580280000">
        <ele>31.000</ele>
      </trkpt>
      <trkpt lat="51.957090000" lon="5.580160000">
        <ele>31.000</ele>
      </trkpt>
      <trkpt lat="51.957120000" lon="5.580070000">
        <ele>31.000</ele>
      </trkpt>
      <trkpt lat="51.957130000" lon="5.579970000">
        <ele>30.000</ele>
      </trkpt>
      <trkpt lat="51.957150000" lon="5.579810000">
        <ele>30.000</ele>
      </trkpt>
      <trkpt lat="51.957190000" lon="5.579520000">
        <ele>30.000</ele>
      </trkpt>
      <trkpt lat="51.957280000" lon="5.578790000">
        <ele>29.000</ele>
      </trkpt>
      <trkpt lat="51.957290000" lon="5.578770000">
        <ele>28.000</ele>
      </trkpt>
      <trkpt lat="51.957290000" lon="5.578750000">
        <ele>28.000</ele>
      </trkpt>
      <trkpt lat="51.957300000" lon="5.578700000">
        <ele>27.000</ele>
      </trkpt>
      <trkpt lat="51.957320000" lon="5.578460000">
        <ele>27.000</ele>
      </trkpt>
      <trkpt lat="51.957330000" lon="5.578350000">
        <ele>27.000</ele>
      </trkpt>
      <trkpt lat="51.957340000" lon="5.578230000">
        <ele>26.000</ele>
      </trkpt>
      <trkpt lat="51.957350000" lon="5.578100000">
        <ele>26.000</ele>
      </trkpt>
      <trkpt lat="51.957370000" lon="5.577890000">
        <ele>26.000</ele>
      </trkpt>
      <trkpt lat="51.957390000" lon="5.577680000">
        <ele>26.000</ele>
      </trkpt>
      <trkpt lat="51.957420000" lon="5.577370000">
        <ele>26.000</ele>
      </trkpt>
      <trkpt lat="51.957430000" lon="5.577190000">
        <ele>26.000</ele>
      </trkpt>
      <trkpt lat="51.957450000" lon="5.577000000">
        <ele>27.000</ele>
      </trkpt>
      <trkpt lat="51.957470000" lon="5.576710000">
        <ele>27.000</ele>
      </trkpt>
      <trkpt lat="51.957470000" lon="5.576530000">
        <ele>27.000</ele>
      </trkpt>
      <trkpt lat="51.957490000" lon="5.576260000">
        <ele>28.000</ele>
      </trkpt>
      <trkpt lat="51.957500000" lon="5.576120000">
        <ele>28.000</ele>
      </trkpt>
      <trkpt lat="51.957510000" lon="5.576000000">
        <ele>28.000</ele>
      </trkpt>
      <trkpt lat="51.957510000" lon="5.575830000">
        <ele>28.000</ele>
      </trkpt>
      <trkpt lat="51.957520000" lon="5.575650000">
        <ele>28.000</ele>
      </trkpt>
      <trkpt lat="51.957520000" lon="5.575480000">
        <ele>29.000</ele>
      </trkpt>
      <trkpt lat="51.957520000" lon="5.575360000">
        <ele>29.000</ele>
      </trkpt>
      <trkpt lat="51.957520000" lon="5.575190000">
        <ele>29.000</ele>
      </trkpt>
      <trkpt lat="51.957510000" lon="5.575080000">
        <ele>29.000</ele>
      </trkpt>
      <trkpt lat="51.957500000" lon="5.574970000">
        <ele>29.000</ele>
      </trkpt>
      <trkpt lat="51.957490000" lon="5.574850000">
        <ele>29.000</ele>
      </trkpt>
      <trkpt lat="51.957480000" lon="5.574740000">
        <ele>29.000</ele>
      </trkpt>
      <trkpt lat="51.957450000" lon="5.574570000">
        <ele>29.000</ele>
      </trkpt>
      <trkpt lat="51.957440000" lon="5.574460000">
        <ele>29.000</ele>
      </trkpt>
      <trkpt lat="51.957400000" lon="5.574230000">
        <ele>29.000</ele>
      </trkpt>
      <trkpt lat="51.957370000" lon="5.574050000">
        <ele>29.000</ele>
      </trkpt>
      <trkpt lat="51.957340000" lon="5.573830000">
        <ele>29.000</ele>
      </trkpt>
      <trkpt lat="51.957320000" lon="5.573650000">
        <ele>29.000</ele>
      </trkpt>
      <trkpt lat="51.957310000" lon="5.573480000">
        <ele>29.000</ele>
      </trkpt>
      <trkpt lat="51.957300000" lon="5.572890000">
        <ele>28.000</ele>
      </trkpt>
      <trkpt lat="51.957290000" lon="5.572200000">
        <ele>28.000</ele>
      </trkpt>
      <trkpt lat="51.957290000" lon="5.572160000">
        <ele>28.000</ele>
      </trkpt>
      <trkpt lat="51.957290000" lon="5.571970000">
        <ele>28.000</ele>
      </trkpt>
      <trkpt lat="51.957280000" lon="5.571740000">
        <ele>27.000</ele>
      </trkpt>
      <trkpt lat="51.957280000" lon="5.571510000">
        <ele>27.000</ele>
      </trkpt>
      <trkpt lat="51.957260000" lon="5.571170000">
        <ele>27.000</ele>
      </trkpt>
      <trkpt lat="51.957250000" lon="5.570830000">
        <ele>26.000</ele>
      </trkpt>
      <trkpt lat="51.957240000" lon="5.570650000">
        <ele>26.000</ele>
      </trkpt>
      <trkpt lat="51.957240000" lon="5.570590000">
        <ele>25.000</ele>
      </trkpt>
      <trkpt lat="51.957240000" lon="5.570520000">
        <ele>25.000</ele>
      </trkpt>
      <trkpt lat="51.957240000" lon="5.570440000">
        <ele>25.000</ele>
      </trkpt>
      <trkpt lat="51.957240000" lon="5.570410000">
        <ele>25.000</ele>
      </trkpt>
      <trkpt lat="51.957250000" lon="5.570310000">
        <ele>25.000</ele>
      </trkpt>
      <trkpt lat="51.957270000" lon="5.570050000">
        <ele>24.000</ele>
      </trkpt>
      <trkpt lat="51.957270000" lon="5.570050000">
        <ele>24.000</ele>
      </trkpt>
      <trkpt lat="51.957270000" lon="5.570060000">
        <ele>24.000</ele>
      </trkpt>
      <trkpt lat="51.957280000" lon="5.570060000">
        <ele>24.000</ele>
      </trkpt>
      <trkpt lat="51.957290000" lon="5.570060000">
        <ele>24.000</ele>
      </trkpt>
      <trkpt lat="51.957300000" lon="5.570060000">
        <ele>24.000</ele>
      </trkpt>
      <trkpt lat="51.957310000" lon="5.570060000">
        <ele>24.000</ele>
      </trkpt>
      <trkpt lat="51.957320000" lon="5.570060000">
        <ele>24.000</ele>
      </trkpt>
      <trkpt lat="51.957330000" lon="5.570060000">
        <ele>24.000</ele>
      </trkpt>
      <trkpt lat="51.957330000" lon="5.570050000">
        <ele>24.000</ele>
      </trkpt>
      <trkpt lat="51.957340000" lon="5.570050000">
        <ele>24.000</ele>
      </trkpt>
      <trkpt lat="51.957350000" lon="5.570040000">
        <ele>24.000</ele>
      </trkpt>
      <trkpt lat="51.957360000" lon="5.570030000">
        <ele>24.000</ele>
      </trkpt>
      <trkpt lat="51.957370000" lon="5.570020000">
        <ele>24.000</ele>
      </trkpt>
      <trkpt lat="51.957370000" lon="5.570010000">
        <ele>24.000</ele>
      </trkpt>
      <trkpt lat="51.957380000" lon="5.570000000">
        <ele>23.000</ele>
      </trkpt>
      <trkpt lat="51.957380000" lon="5.569990000">
        <ele>23.000</ele>
      </trkpt>
      <trkpt lat="51.957390000" lon="5.569980000">
        <ele>23.000</ele>
      </trkpt>
      <trkpt lat="51.957390000" lon="5.569970000">
        <ele>23.000</ele>
      </trkpt>
      <trkpt lat="51.957400000" lon="5.569960000">
        <ele>23.000</ele>
      </trkpt>
      <trkpt lat="51.957400000" lon="5.569950000">
        <ele>23.000</ele>
      </trkpt>
      <trkpt lat="51.957400000" lon="5.569940000">
        <ele>23.000</ele>
      </trkpt>
      <trkpt lat="51.957400000" lon="5.569930000">
        <ele>23.000</ele>
      </trkpt>
      <trkpt lat="51.957400000" lon="5.569920000">
        <ele>23.000</ele>
      </trkpt>
      <trkpt lat="51.957400000" lon="5.569910000">
        <ele>23.000</ele>
      </trkpt>
      <trkpt lat="51.957410000" lon="5.569900000">
        <ele>23.000</ele>
      </trkpt>
      <trkpt lat="51.957410000" lon="5.569890000">
        <ele>23.000</ele>
      </trkpt>
      <trkpt lat="51.957410000" lon="5.569880000">
        <ele>23.000</ele>
      </trkpt>
      <trkpt lat="51.957410000" lon="5.569870000">
        <ele>23.000</ele>
      </trkpt>
      <trkpt lat="51.957400000" lon="5.569860000">
        <ele>23.000</ele>
      </trkpt>
      <trkpt lat="51.957400000" lon="5.569850000">
        <ele>23.000</ele>
      </trkpt>
      <trkpt lat="51.957400000" lon="5.569840000">
        <ele>23.000</ele>
      </trkpt>
      <trkpt lat="51.957400000" lon="5.569830000">
        <ele>23.000</ele>
      </trkpt>
      <trkpt lat="51.957400000" lon="5.569820000">
        <ele>23.000</ele>
      </trkpt>
      <trkpt lat="51.957400000" lon="5.569810000">
        <ele>23.000</ele>
      </trkpt>
      <trkpt lat="51.957390000" lon="5.569810000">
        <ele>23.000</ele>
      </trkpt>
      <trkpt lat="51.957390000" lon="5.569800000">
        <ele>23.000</ele>
      </trkpt>
      <trkpt lat="51.957390000" lon="5.569790000">
        <ele>23.000</ele>
      </trkpt>
      <trkpt lat="51.957380000" lon="5.569780000">
        <ele>23.000</ele>
      </trkpt>
      <trkpt lat="51.957380000" lon="5.569770000">
        <ele>23.000</ele>
      </trkpt>
      <trkpt lat="51.957370000" lon="5.569770000">
        <ele>23.000</ele>
      </trkpt>
      <trkpt lat="51.957370000" lon="5.569760000">
        <ele>23.000</ele>
      </trkpt>
      <trkpt lat="51.957370000" lon="5.569750000">
        <ele>23.000</ele>
      </trkpt>
      <trkpt lat="51.957360000" lon="5.569750000">
        <ele>23.000</ele>
      </trkpt>
      <trkpt lat="51.957360000" lon="5.569740000">
        <ele>23.000</ele>
      </trkpt>
      <trkpt lat="51.957350000" lon="5.569740000">
        <ele>23.000</ele>
      </trkpt>
      <trkpt lat="51.957350000" lon="5.569730000">
        <ele>23.000</ele>
      </trkpt>
      <trkpt lat="51.957340000" lon="5.569730000">
        <ele>23.000</ele>
      </trkpt>
      <trkpt lat="51.957340000" lon="5.569720000">
        <ele>23.000</ele>
      </trkpt>
      <trkpt lat="51.957330000" lon="5.569720000">
        <ele>23.000</ele>
      </trkpt>
      <trkpt lat="51.957320000" lon="5.569720000">
        <ele>23.000</ele>
      </trkpt>
      <trkpt lat="51.957310000" lon="5.569720000">
        <ele>23.000</ele>
      </trkpt>
      <trkpt lat="51.957310000" lon="5.569710000">
        <ele>23.000</ele>
      </trkpt>
      <trkpt lat="51.957300000" lon="5.569710000">
        <ele>23.000</ele>
      </trkpt>
      <trkpt lat="51.957290000" lon="5.569710000">
        <ele>23.000</ele>
      </trkpt>
      <trkpt lat="51.957280000" lon="5.569720000">
        <ele>23.000</ele>
      </trkpt>
      <trkpt lat="51.957270000" lon="5.569720000">
        <ele>23.000</ele>
      </trkpt>
      <trkpt lat="51.957260000" lon="5.569720000">
        <ele>23.000</ele>
      </trkpt>
      <trkpt lat="51.957260000" lon="5.569730000">
        <ele>23.000</ele>
      </trkpt>
      <trkpt lat="51.957250000" lon="5.569730000">
        <ele>23.000</ele>
      </trkpt>
      <trkpt lat="51.957250000" lon="5.569740000">
        <ele>23.000</ele>
      </trkpt>
      <trkpt lat="51.957240000" lon="5.569740000">
        <ele>23.000</ele>
      </trkpt>
      <trkpt lat="51.957220000" lon="5.569670000">
        <ele>23.000</ele>
      </trkpt>
      <trkpt lat="51.957210000" lon="5.569640000">
        <ele>23.000</ele>
      </trkpt>
      <trkpt lat="51.957190000" lon="5.569550000">
        <ele>23.000</ele>
      </trkpt>
      <trkpt lat="51.957190000" lon="5.569490000">
        <ele>23.000</ele>
      </trkpt>
      <trkpt lat="51.957180000" lon="5.569420000">
        <ele>23.000</ele>
      </trkpt>
      <trkpt lat="51.957180000" lon="5.569380000">
        <ele>23.000</ele>
      </trkpt>
      <trkpt lat="51.957180000" lon="5.569220000">
        <ele>23.000</ele>
      </trkpt>
      <trkpt lat="51.957200000" lon="5.568940000">
        <ele>23.000</ele>
      </trkpt>
      <trkpt lat="51.957210000" lon="5.568820000">
        <ele>23.000</ele>
      </trkpt>
      <trkpt lat="51.957220000" lon="5.568680000">
        <ele>23.000</ele>
      </trkpt>
      <trkpt lat="51.957240000" lon="5.568570000">
        <ele>23.000</ele>
      </trkpt>
      <trkpt lat="51.957260000" lon="5.568520000">
        <ele>23.000</ele>
      </trkpt>
      <trkpt lat="51.957280000" lon="5.568490000">
        <ele>23.000</ele>
      </trkpt>
      <trkpt lat="51.957290000" lon="5.568400000">
        <ele>23.000</ele>
      </trkpt>
      <trkpt lat="51.957430000" lon="5.567760000">
        <ele>23.000</ele>
      </trkpt>
      <trkpt lat="51.957490000" lon="5.567490000">
        <ele>23.000</ele>
      </trkpt>
      <trkpt lat="51.957630000" lon="5.566950000">
        <ele>23.000</ele>
      </trkpt>
      <trkpt lat="51.957700000" lon="5.566680000">
        <ele>22.000</ele>
      </trkpt>
      <trkpt lat="51.957750000" lon="5.566480000">
        <ele>22.000</ele>
      </trkpt>
      <trkpt lat="51.957840000" lon="5.566140000">
        <ele>22.000</ele>
      </trkpt>
      <trkpt lat="51.957860000" lon="5.566050000">
        <ele>21.000</ele>
      </trkpt>
      <trkpt lat="51.957870000" lon="5.565970000">
        <ele>21.000</ele>
      </trkpt>
      <trkpt lat="51.957890000" lon="5.565830000">
        <ele>21.000</ele>
      </trkpt>
      <trkpt lat="51.957900000" lon="5.565670000">
        <ele>21.000</ele>
      </trkpt>
      <trkpt lat="51.957910000" lon="5.565530000">
        <ele>20.000</ele>
      </trkpt>
      <trkpt lat="51.957910000" lon="5.565290000">
        <ele>20.000</ele>
      </trkpt>
      <trkpt lat="51.957920000" lon="5.565040000">
        <ele>20.000</ele>
      </trkpt>
      <trkpt lat="51.957920000" lon="5.564950000">
        <ele>20.000</ele>
      </trkpt>
      <trkpt lat="51.957910000" lon="5.564880000">
        <ele>19.000</ele>
      </trkpt>
      <trkpt lat="51.957890000" lon="5.564630000">
        <ele>19.000</ele>
      </trkpt>
      <trkpt lat="51.957880000" lon="5.564410000">
        <ele>19.000</ele>
      </trkpt>
      <trkpt lat="51.957880000" lon="5.564260000">
        <ele>18.000</ele>
      </trkpt>
      <trkpt lat="51.957870000" lon="5.564050000">
        <ele>18.000</ele>
      </trkpt>
      <trkpt lat="51.957880000" lon="5.563930000">
        <ele>18.000</ele>
      </trkpt>
      <trkpt lat="51.957890000" lon="5.563820000">
        <ele>18.000</ele>
      </trkpt>
      <trkpt lat="51.957910000" lon="5.563740000">
        <ele>18.000</ele>
      </trkpt>
      <trkpt lat="51.957970000" lon="5.563370000">
        <ele>17.000</ele>
      </trkpt>
      <trkpt lat="51.957990000" lon="5.563250000">
        <ele>17.000</ele>
      </trkpt>
      <trkpt lat="51.958080000" lon="5.562880000">
        <ele>17.000</ele>
      </trkpt>
      <trkpt lat="51.958080000" lon="5.562790000">
        <ele>17.000</ele>
      </trkpt>
      <trkpt lat="51.958110000" lon="5.562660000">
        <ele>16.000</ele>
      </trkpt>
      <trkpt lat="51.958190000" lon="5.562390000">
        <ele>16.000</ele>
      </trkpt>
      <trkpt lat="51.958240000" lon="5.562240000">
        <ele>16.000</ele>
      </trkpt>
      <trkpt lat="51.958290000" lon="5.562110000">
        <ele>16.000</ele>
      </trkpt>
      <trkpt lat="51.958360000" lon="5.561970000">
        <ele>16.000</ele>
      </trkpt>
      <trkpt lat="51.958450000" lon="5.561780000">
        <ele>15.000</ele>
      </trkpt>
      <trkpt lat="51.958520000" lon="5.561640000">
        <ele>15.000</ele>
      </trkpt>
      <trkpt lat="51.958600000" lon="5.561500000">
        <ele>15.000</ele>
      </trkpt>
      <trkpt lat="51.958670000" lon="5.561370000">
        <ele>15.000</ele>
      </trkpt>
      <trkpt lat="51.958780000" lon="5.561200000">
        <ele>15.000</ele>
      </trkpt>
      <trkpt lat="51.958870000" lon="5.561060000">
        <ele>15.000</ele>
      </trkpt>
      <trkpt lat="51.958880000" lon="5.561050000">
        <ele>15.000</ele>
      </trkpt>
      <trkpt lat="51.958960000" lon="5.560930000">
        <ele>15.000</ele>
      </trkpt>
      <trkpt lat="51.958970000" lon="5.560910000">
        <ele>15.000</ele>
      </trkpt>
      <trkpt lat="51.959060000" lon="5.560800000">
        <ele>15.000</ele>
      </trkpt>
      <trkpt lat="51.959130000" lon="5.560690000">
        <ele>15.000</ele>
      </trkpt>
      <trkpt lat="51.959220000" lon="5.560560000">
        <ele>15.000</ele>
      </trkpt>
      <trkpt lat="51.959310000" lon="5.560480000">
        <ele>15.000</ele>
      </trkpt>
      <trkpt lat="51.959370000" lon="5.560400000">
        <ele>15.000</ele>
      </trkpt>
      <trkpt lat="51.959440000" lon="5.560330000">
        <ele>15.000</ele>
      </trkpt>
      <trkpt lat="51.959500000" lon="5.560290000">
        <ele>15.000</ele>
      </trkpt>
      <trkpt lat="51.959630000" lon="5.560230000">
        <ele>16.000</ele>
      </trkpt>
      <trkpt lat="51.959630000" lon="5.560230000">
        <ele>16.000</ele>
      </trkpt>
      <trkpt lat="51.959630000" lon="5.560240000">
        <ele>16.000</ele>
      </trkpt>
      <trkpt lat="51.959640000" lon="5.560250000">
        <ele>16.000</ele>
      </trkpt>
      <trkpt lat="51.959640000" lon="5.560260000">
        <ele>16.000</ele>
      </trkpt>
      <trkpt lat="51.959650000" lon="5.560260000">
        <ele>16.000</ele>
      </trkpt>
      <trkpt lat="51.959650000" lon="5.560270000">
        <ele>16.000</ele>
      </trkpt>
      <trkpt lat="51.959660000" lon="5.560280000">
        <ele>16.000</ele>
      </trkpt>
      <trkpt lat="51.959670000" lon="5.560290000">
        <ele>16.000</ele>
      </trkpt>
      <trkpt lat="51.959680000" lon="5.560290000">
        <ele>16.000</ele>
      </trkpt>
      <trkpt lat="51.959690000" lon="5.560290000">
        <ele>16.000</ele>
      </trkpt>
      <trkpt lat="51.959690000" lon="5.560300000">
        <ele>16.000</ele>
      </trkpt>
      <trkpt lat="51.959700000" lon="5.560300000">
        <ele>16.000</ele>
      </trkpt>
      <trkpt lat="51.959710000" lon="5.560300000">
        <ele>16.000</ele>
      </trkpt>
      <trkpt lat="51.959720000" lon="5.560300000">
        <ele>16.000</ele>
      </trkpt>
      <trkpt lat="51.959730000" lon="5.560300000">
        <ele>16.000</ele>
      </trkpt>
      <trkpt lat="51.959740000" lon="5.560300000">
        <ele>16.000</ele>
      </trkpt>
      <trkpt lat="51.959750000" lon="5.560290000">
        <ele>16.000</ele>
      </trkpt>
      <trkpt lat="51.959760000" lon="5.560290000">
        <ele>16.000</ele>
      </trkpt>
      <trkpt lat="51.959760000" lon="5.560280000">
        <ele>16.000</ele>
      </trkpt>
      <trkpt lat="51.959770000" lon="5.560280000">
        <ele>16.000</ele>
      </trkpt>
      <trkpt lat="51.959780000" lon="5.560270000">
        <ele>16.000</ele>
      </trkpt>
      <trkpt lat="51.959780000" lon="5.560260000">
        <ele>16.000</ele>
      </trkpt>
      <trkpt lat="51.959790000" lon="5.560250000">
        <ele>16.000</ele>
      </trkpt>
      <trkpt lat="51.959800000" lon="5.560240000">
        <ele>16.000</ele>
      </trkpt>
      <trkpt lat="51.959800000" lon="5.560230000">
        <ele>16.000</ele>
      </trkpt>
      <trkpt lat="51.959810000" lon="5.560220000">
        <ele>16.000</ele>
      </trkpt>
      <trkpt lat="51.959810000" lon="5.560210000">
        <ele>16.000</ele>
      </trkpt>
      <trkpt lat="51.959810000" lon="5.560200000">
        <ele>16.000</ele>
      </trkpt>
      <trkpt lat="51.959820000" lon="5.560190000">
        <ele>16.000</ele>
      </trkpt>
      <trkpt lat="51.959820000" lon="5.560180000">
        <ele>16.000</ele>
      </trkpt>
      <trkpt lat="51.959820000" lon="5.560170000">
        <ele>16.000</ele>
      </trkpt>
      <trkpt lat="51.959820000" lon="5.560160000">
        <ele>16.000</ele>
      </trkpt>
      <trkpt lat="51.959820000" lon="5.560150000">
        <ele>16.000</ele>
      </trkpt>
      <trkpt lat="51.959830000" lon="5.560140000">
        <ele>16.000</ele>
      </trkpt>
      <trkpt lat="51.959830000" lon="5.560130000">
        <ele>16.000</ele>
      </trkpt>
      <trkpt lat="51.959830000" lon="5.560120000">
        <ele>16.000</ele>
      </trkpt>
      <trkpt lat="51.959830000" lon="5.560110000">
        <ele>16.000</ele>
      </trkpt>
      <trkpt lat="51.959830000" lon="5.560100000">
        <ele>16.000</ele>
      </trkpt>
      <trkpt lat="51.959820000" lon="5.560090000">
        <ele>16.000</ele>
      </trkpt>
      <trkpt lat="51.959820000" lon="5.560080000">
        <ele>16.000</ele>
      </trkpt>
      <trkpt lat="51.959820000" lon="5.560070000">
        <ele>16.000</ele>
      </trkpt>
      <trkpt lat="51.959820000" lon="5.560060000">
        <ele>16.000</ele>
      </trkpt>
      <trkpt lat="51.959820000" lon="5.560050000">
        <ele>16.000</ele>
      </trkpt>
      <trkpt lat="51.959820000" lon="5.560040000">
        <ele>16.000</ele>
      </trkpt>
      <trkpt lat="51.959810000" lon="5.560030000">
        <ele>16.000</ele>
      </trkpt>
      <trkpt lat="51.959820000" lon="5.559950000">
        <ele>16.000</ele>
      </trkpt>
      <trkpt lat="51.959840000" lon="5.559900000">
        <ele>16.000</ele>
      </trkpt>
      <trkpt lat="51.959870000" lon="5.559820000">
        <ele>16.000</ele>
      </trkpt>
      <trkpt lat="51.959910000" lon="5.559760000">
        <ele>16.000</ele>
      </trkpt>
      <trkpt lat="51.960040000" lon="5.559590000">
        <ele>16.000</ele>
      </trkpt>
      <trkpt lat="51.960160000" lon="5.559450000">
        <ele>16.000</ele>
      </trkpt>
      <trkpt lat="51.960240000" lon="5.559320000">
        <ele>17.000</ele>
      </trkpt>
      <trkpt lat="51.960310000" lon="5.559240000">
        <ele>17.000</ele>
      </trkpt>
      <trkpt lat="51.960390000" lon="5.559140000">
        <ele>17.000</ele>
      </trkpt>
      <trkpt lat="51.960480000" lon="5.559030000">
        <ele>17.000</ele>
      </trkpt>
      <trkpt lat="51.960660000" lon="5.558780000">
        <ele>17.000</ele>
      </trkpt>
      <trkpt lat="51.960790000" lon="5.558590000">
        <ele>17.000</ele>
      </trkpt>
      <trkpt lat="51.960910000" lon="5.558400000">
        <ele>17.000</ele>
      </trkpt>
      <trkpt lat="51.960980000" lon="5.558280000">
        <ele>18.000</ele>
      </trkpt>
      <trkpt lat="51.961050000" lon="5.558170000">
        <ele>18.000</ele>
      </trkpt>
      <trkpt lat="51.961110000" lon="5.558050000">
        <ele>18.000</ele>
      </trkpt>
      <trkpt lat="51.961170000" lon="5.557930000">
        <ele>18.000</ele>
      </trkpt>
      <trkpt lat="51.961300000" lon="5.557650000">
        <ele>18.000</ele>
      </trkpt>
      <trkpt lat="51.961370000" lon="5.557500000">
        <ele>18.000</ele>
      </trkpt>
      <trkpt lat="51.961430000" lon="5.557360000">
        <ele>18.000</ele>
      </trkpt>
      <trkpt lat="51.961500000" lon="5.557220000">
        <ele>19.000</ele>
      </trkpt>
      <trkpt lat="51.961560000" lon="5.557080000">
        <ele>19.000</ele>
      </trkpt>
      <trkpt lat="51.961630000" lon="5.556920000">
        <ele>19.000</ele>
      </trkpt>
      <trkpt lat="51.961780000" lon="5.556570000">
        <ele>19.000</ele>
      </trkpt>
      <trkpt lat="51.961830000" lon="5.556480000">
        <ele>20.000</ele>
      </trkpt>
      <trkpt lat="51.961860000" lon="5.556400000">
        <ele>20.000</ele>
      </trkpt>
      <trkpt lat="51.961930000" lon="5.556260000">
        <ele>20.000</ele>
      </trkpt>
      <trkpt lat="51.961990000" lon="5.556120000">
        <ele>20.000</ele>
      </trkpt>
      <trkpt lat="51.961990000" lon="5.556110000">
        <ele>20.000</ele>
      </trkpt>
      <trkpt lat="51.962050000" lon="5.555970000">
        <ele>21.000</ele>
      </trkpt>
      <trkpt lat="51.962180000" lon="5.555680000">
        <ele>21.000</ele>
      </trkpt>
      <trkpt lat="51.962280000" lon="5.555450000">
        <ele>21.000</ele>
      </trkpt>
      <trkpt lat="51.962370000" lon="5.555260000">
        <ele>22.000</ele>
      </trkpt>
      <trkpt lat="51.962460000" lon="5.555040000">
        <ele>22.000</ele>
      </trkpt>
      <trkpt lat="51.962560000" lon="5.554810000">
        <ele>22.000</ele>
      </trkpt>
      <trkpt lat="51.962610000" lon="5.554700000">
        <ele>22.000</ele>
      </trkpt>
      <trkpt lat="51.962700000" lon="5.554480000">
        <ele>22.000</ele>
      </trkpt>
      <trkpt lat="51.962880000" lon="5.554090000">
        <ele>22.000</ele>
      </trkpt>
      <trkpt lat="51.962970000" lon="5.553890000">
        <ele>22.000</ele>
      </trkpt>
      <trkpt lat="51.963040000" lon="5.553720000">
        <ele>21.000</ele>
      </trkpt>
      <trkpt lat="51.963160000" lon="5.553470000">
        <ele>21.000</ele>
      </trkpt>
      <trkpt lat="51.963250000" lon="5.553260000">
        <ele>21.000</ele>
      </trkpt>
      <trkpt lat="51.963360000" lon="5.553050000">
        <ele>21.000</ele>
      </trkpt>
      <trkpt lat="51.963430000" lon="5.552890000">
        <ele>20.000</ele>
      </trkpt>
      <trkpt lat="51.963480000" lon="5.552760000">
        <ele>20.000</ele>
      </trkpt>
      <trkpt lat="51.963530000" lon="5.552630000">
        <ele>20.000</ele>
      </trkpt>
      <trkpt lat="51.963570000" lon="5.552550000">
        <ele>20.000</ele>
      </trkpt>
      <trkpt lat="51.963600000" lon="5.552450000">
        <ele>20.000</ele>
      </trkpt>
      <trkpt lat="51.963620000" lon="5.552370000">
        <ele>19.000</ele>
      </trkpt>
      <trkpt lat="51.963660000" lon="5.552240000">
        <ele>19.000</ele>
      </trkpt>
      <trkpt lat="51.963680000" lon="5.552120000">
        <ele>19.000</ele>
      </trkpt>
      <trkpt lat="51.963700000" lon="5.552030000">
        <ele>19.000</ele>
      </trkpt>
      <trkpt lat="51.963710000" lon="5.551960000">
        <ele>19.000</ele>
      </trkpt>
      <trkpt lat="51.963750000" lon="5.551720000">
        <ele>19.000</ele>
      </trkpt>
      <trkpt lat="51.963810000" lon="5.551410000">
        <ele>19.000</ele>
      </trkpt>
      <trkpt lat="51.963840000" lon="5.551190000">
        <ele>18.000</ele>
      </trkpt>
      <trkpt lat="51.963870000" lon="5.551050000">
        <ele>18.000</ele>
      </trkpt>
      <trkpt lat="51.963900000" lon="5.550890000">
        <ele>18.000</ele>
      </trkpt>
      <trkpt lat="51.963940000" lon="5.550750000">
        <ele>18.000</ele>
      </trkpt>
      <trkpt lat="51.963980000" lon="5.550640000">
        <ele>18.000</ele>
      </trkpt>
      <trkpt lat="51.964060000" lon="5.550410000">
        <ele>17.000</ele>
      </trkpt>
      <trkpt lat="51.964120000" lon="5.550270000">
        <ele>17.000</ele>
      </trkpt>
      <trkpt lat="51.964180000" lon="5.550150000">
        <ele>17.000</ele>
      </trkpt>
      <trkpt lat="51.964280000" lon="5.549940000">
        <ele>17.000</ele>
      </trkpt>
      <trkpt lat="51.964370000" lon="5.549780000">
        <ele>17.000</ele>
      </trkpt>
      <trkpt lat="51.964400000" lon="5.549730000">
        <ele>17.000</ele>
      </trkpt>
      <trkpt lat="51.964520000" lon="5.549520000">
        <ele>17.000</ele>
      </trkpt>
      <trkpt lat="51.964670000" lon="5.549270000">
        <ele>17.000</ele>
      </trkpt>
      <trkpt lat="51.964780000" lon="5.549080000">
        <ele>17.000</ele>
      </trkpt>
      <trkpt lat="51.964930000" lon="5.548850000">
        <ele>17.000</ele>
      </trkpt>
      <trkpt lat="51.964990000" lon="5.548750000">
        <ele>17.000</ele>
      </trkpt>
      <trkpt lat="51.965020000" lon="5.548700000">
        <ele>17.000</ele>
      </trkpt>
      <trkpt lat="51.965110000" lon="5.548540000">
        <ele>17.000</ele>
      </trkpt>
      <trkpt lat="51.965120000" lon="5.548530000">
        <ele>17.000</ele>
      </trkpt>
      <trkpt lat="51.965160000" lon="5.548460000">
        <ele>17.000</ele>
      </trkpt>
      <trkpt lat="51.965420000" lon="5.548000000">
        <ele>17.000</ele>
      </trkpt>
      <trkpt lat="51.965430000" lon="5.548000000">
        <ele>17.000</ele>
      </trkpt>
      <trkpt lat="51.965540000" lon="5.547800000">
        <ele>17.000</ele>
      </trkpt>
      <trkpt lat="51.965610000" lon="5.547670000">
        <ele>17.000</ele>
      </trkpt>
      <trkpt lat="51.965660000" lon="5.547580000">
        <ele>17.000</ele>
      </trkpt>
      <trkpt lat="51.965900000" lon="5.547150000">
        <ele>17.000</ele>
      </trkpt>
      <trkpt lat="51.965970000" lon="5.547030000">
        <ele>16.000</ele>
      </trkpt>
      <trkpt lat="51.966050000" lon="5.546900000">
        <ele>16.000</ele>
      </trkpt>
      <trkpt lat="51.966190000" lon="5.546640000">
        <ele>16.000</ele>
      </trkpt>
      <trkpt lat="51.966220000" lon="5.546600000">
        <ele>15.000</ele>
      </trkpt>
      <trkpt lat="51.966310000" lon="5.546420000">
        <ele>15.000</ele>
      </trkpt>
      <trkpt lat="51.966400000" lon="5.546240000">
        <ele>15.000</ele>
      </trkpt>
      <trkpt lat="51.966510000" lon="5.546010000">
        <ele>14.000</ele>
      </trkpt>
      <trkpt lat="51.966610000" lon="5.545750000">
        <ele>14.000</ele>
      </trkpt>
      <trkpt lat="51.966740000" lon="5.545430000">
        <ele>13.000</ele>
      </trkpt>
      <trkpt lat="51.966750000" lon="5.545430000">
        <ele>13.000</ele>
      </trkpt>
      <trkpt lat="51.966830000" lon="5.545230000">
        <ele>13.000</ele>
      </trkpt>
      <trkpt lat="51.967040000" lon="5.544710000">
        <ele>13.000</ele>
      </trkpt>
      <trkpt lat="51.967220000" lon="5.544270000">
        <ele>12.000</ele>
      </trkpt>
      <trkpt lat="51.967250000" lon="5.544200000">
        <ele>12.000</ele>
      </trkpt>
      <trkpt lat="51.967460000" lon="5.543700000">
        <ele>12.000</ele>
      </trkpt>
      <trkpt lat="51.967670000" lon="5.543170000">
        <ele>11.000</ele>
      </trkpt>
      <trkpt lat="51.967840000" lon="5.542770000">
        <ele>11.000</ele>
      </trkpt>
      <trkpt lat="51.967850000" lon="5.542740000">
        <ele>11.000</ele>
      </trkpt>
      <trkpt lat="51.967950000" lon="5.542500000">
        <ele>11.000</ele>
      </trkpt>
      <trkpt lat="51.968010000" lon="5.542350000">
        <ele>11.000</ele>
      </trkpt>
      <trkpt lat="51.968120000" lon="5.542090000">
        <ele>10.000</ele>
      </trkpt>
      <trkpt lat="51.968190000" lon="5.541930000">
        <ele>10.000</ele>
      </trkpt>
      <trkpt lat="51.968260000" lon="5.541760000">
        <ele>10.000</ele>
      </trkpt>
      <trkpt lat="51.968330000" lon="5.541590000">
        <ele>10.000</ele>
      </trkpt>
      <trkpt lat="51.968400000" lon="5.541410000">
        <ele>10.000</ele>
      </trkpt>
      <trkpt lat="51.968440000" lon="5.541310000">
        <ele>10.000</ele>
      </trkpt>
      <trkpt lat="51.968510000" lon="5.541140000">
        <ele>9.000</ele>
      </trkpt>
      <trkpt lat="51.968560000" lon="5.541000000">
        <ele>9.000</ele>
      </trkpt>
      <trkpt lat="51.968610000" lon="5.540810000">
        <ele>9.000</ele>
      </trkpt>
      <trkpt lat="51.968720000" lon="5.540380000">
        <ele>9.000</ele>
      </trkpt>
      <trkpt lat="51.968750000" lon="5.540300000">
        <ele>9.000</ele>
      </trkpt>
      <trkpt lat="51.968800000" lon="5.540180000">
        <ele>9.000</ele>
      </trkpt>
      <trkpt lat="51.968850000" lon="5.540040000">
        <ele>9.000</ele>
      </trkpt>
      <trkpt lat="51.968960000" lon="5.539820000">
        <ele>9.000</ele>
      </trkpt>
      <trkpt lat="51.968960000" lon="5.539820000">
        <ele>9.000</ele>
      </trkpt>
      <trkpt lat="51.968970000" lon="5.539830000">
        <ele>8.000</ele>
      </trkpt>
      <trkpt lat="51.968980000" lon="5.539840000">
        <ele>8.000</ele>
      </trkpt>
      <trkpt lat="51.968990000" lon="5.539850000">
        <ele>8.000</ele>
      </trkpt>
      <trkpt lat="51.969000000" lon="5.539850000">
        <ele>8.000</ele>
      </trkpt>
      <trkpt lat="51.969010000" lon="5.539860000">
        <ele>8.000</ele>
      </trkpt>
      <trkpt lat="51.969020000" lon="5.539860000">
        <ele>8.000</ele>
      </trkpt>
      <trkpt lat="51.969030000" lon="5.539860000">
        <ele>8.000</ele>
      </trkpt>
      <trkpt lat="51.969040000" lon="5.539860000">
        <ele>8.000</ele>
      </trkpt>
      <trkpt lat="51.969050000" lon="5.539860000">
        <ele>8.000</ele>
      </trkpt>
      <trkpt lat="51.969060000" lon="5.539860000">
        <ele>8.000</ele>
      </trkpt>
      <trkpt lat="51.969080000" lon="5.539860000">
        <ele>8.000</ele>
      </trkpt>
      <trkpt lat="51.969090000" lon="5.539850000">
        <ele>8.000</ele>
      </trkpt>
      <trkpt lat="51.969110000" lon="5.539850000">
        <ele>8.000</ele>
      </trkpt>
      <trkpt lat="51.969120000" lon="5.539840000">
        <ele>8.000</ele>
      </trkpt>
      <trkpt lat="51.969120000" lon="5.539830000">
        <ele>8.000</ele>
      </trkpt>
      <trkpt lat="51.969130000" lon="5.539820000">
        <ele>8.000</ele>
      </trkpt>
      <trkpt lat="51.969140000" lon="5.539810000">
        <ele>8.000</ele>
      </trkpt>
      <trkpt lat="51.969150000" lon="5.539800000">
        <ele>8.000</ele>
      </trkpt>
      <trkpt lat="51.969160000" lon="5.539790000">
        <ele>8.000</ele>
      </trkpt>
      <trkpt lat="51.969170000" lon="5.539780000">
        <ele>8.000</ele>
      </trkpt>
      <trkpt lat="51.969170000" lon="5.539760000">
        <ele>8.000</ele>
      </trkpt>
      <trkpt lat="51.969180000" lon="5.539750000">
        <ele>8.000</ele>
      </trkpt>
      <trkpt lat="51.969190000" lon="5.539730000">
        <ele>8.000</ele>
      </trkpt>
      <trkpt lat="51.969190000" lon="5.539720000">
        <ele>8.000</ele>
      </trkpt>
      <trkpt lat="51.969200000" lon="5.539700000">
        <ele>8.000</ele>
      </trkpt>
      <trkpt lat="51.969200000" lon="5.539680000">
        <ele>8.000</ele>
      </trkpt>
      <trkpt lat="51.969200000" lon="5.539660000">
        <ele>8.000</ele>
      </trkpt>
      <trkpt lat="51.969200000" lon="5.539640000">
        <ele>8.000</ele>
      </trkpt>
      <trkpt lat="51.969210000" lon="5.539620000">
        <ele>8.000</ele>
      </trkpt>
      <trkpt lat="51.969210000" lon="5.539610000">
        <ele>8.000</ele>
      </trkpt>
      <trkpt lat="51.969210000" lon="5.539590000">
        <ele>8.000</ele>
      </trkpt>
      <trkpt lat="51.969200000" lon="5.539570000">
        <ele>8.000</ele>
      </trkpt>
      <trkpt lat="51.969200000" lon="5.539550000">
        <ele>8.000</ele>
      </trkpt>
      <trkpt lat="51.969200000" lon="5.539540000">
        <ele>8.000</ele>
      </trkpt>
      <trkpt lat="51.969200000" lon="5.539520000">
        <ele>8.000</ele>
      </trkpt>
      <trkpt lat="51.969190000" lon="5.539500000">
        <ele>8.000</ele>
      </trkpt>
      <trkpt lat="51.969190000" lon="5.539490000">
        <ele>8.000</ele>
      </trkpt>
      <trkpt lat="51.969180000" lon="5.539470000">
        <ele>8.000</ele>
      </trkpt>
      <trkpt lat="51.969170000" lon="5.539460000">
        <ele>8.000</ele>
      </trkpt>
      <trkpt lat="51.969170000" lon="5.539440000">
        <ele>8.000</ele>
      </trkpt>
      <trkpt lat="51.969160000" lon="5.539430000">
        <ele>8.000</ele>
      </trkpt>
      <trkpt lat="51.969150000" lon="5.539420000">
        <ele>8.000</ele>
      </trkpt>
      <trkpt lat="51.969140000" lon="5.539410000">
        <ele>8.000</ele>
      </trkpt>
      <trkpt lat="51.969130000" lon="5.539400000">
        <ele>8.000</ele>
      </trkpt>
      <trkpt lat="51.969130000" lon="5.539390000">
        <ele>8.000</ele>
      </trkpt>
      <trkpt lat="51.969120000" lon="5.539380000">
        <ele>8.000</ele>
      </trkpt>
      <trkpt lat="51.969110000" lon="5.539370000">
        <ele>8.000</ele>
      </trkpt>
      <trkpt lat="51.969100000" lon="5.539370000">
        <ele>8.000</ele>
      </trkpt>
      <trkpt lat="51.969080000" lon="5.539360000">
        <ele>8.000</ele>
      </trkpt>
      <trkpt lat="51.969070000" lon="5.539360000">
        <ele>8.000</ele>
      </trkpt>
      <trkpt lat="51.969060000" lon="5.539360000">
        <ele>8.000</ele>
      </trkpt>
      <trkpt lat="51.969050000" lon="5.539360000">
        <ele>8.000</ele>
      </trkpt>
      <trkpt lat="51.969200000" lon="5.538480000">
        <ele>8.000</ele>
      </trkpt>
      <trkpt lat="51.969230000" lon="5.538340000">
        <ele>8.000</ele>
      </trkpt>
      <trkpt lat="51.969490000" lon="5.537190000">
        <ele>8.000</ele>
      </trkpt>
      <trkpt lat="51.969540000" lon="5.536960000">
        <ele>8.000</ele>
      </trkpt>
      <trkpt lat="51.969660000" lon="5.536370000">
        <ele>8.000</ele>
      </trkpt>
      <trkpt lat="51.969780000" lon="5.535850000">
        <ele>7.000</ele>
      </trkpt>
      <trkpt lat="51.969900000" lon="5.535340000">
        <ele>7.000</ele>
      </trkpt>
      <trkpt lat="51.969980000" lon="5.535020000">
        <ele>7.000</ele>
      </trkpt>
      <trkpt lat="51.970070000" lon="5.534570000">
        <ele>7.000</ele>
      </trkpt>
      <trkpt lat="51.970170000" lon="5.534170000">
        <ele>7.000</ele>
      </trkpt>
      <trkpt lat="51.970220000" lon="5.533960000">
        <ele>7.000</ele>
      </trkpt>
      <trkpt lat="51.970270000" lon="5.533770000">
        <ele>7.000</ele>
      </trkpt>
      <trkpt lat="51.970340000" lon="5.533550000">
        <ele>7.000</ele>
      </trkpt>
      <trkpt lat="51.970420000" lon="5.533310000">
        <ele>7.000</ele>
      </trkpt>
      <trkpt lat="51.970490000" lon="5.533140000">
        <ele>7.000</ele>
      </trkpt>
      <trkpt lat="51.970550000" lon="5.533000000">
        <ele>7.000</ele>
      </trkpt>
      <trkpt lat="51.970610000" lon="5.532890000">
        <ele>7.000</ele>
      </trkpt>
      <trkpt lat="51.970760000" lon="5.532600000">
        <ele>7.000</ele>
      </trkpt>
      <trkpt lat="51.971060000" lon="5.532070000">
        <ele>8.000</ele>
      </trkpt>
      <trkpt lat="51.971230000" lon="5.531710000">
        <ele>8.000</ele>
      </trkpt>
      <trkpt lat="51.971400000" lon="5.531350000">
        <ele>8.000</ele>
      </trkpt>
      <trkpt lat="51.971620000" lon="5.530810000">
        <ele>8.000</ele>
      </trkpt>
      <trkpt lat="51.971960000" lon="5.530190000">
        <ele>9.000</ele>
      </trkpt>
      <trkpt lat="51.972100000" lon="5.529950000">
        <ele>9.000</ele>
      </trkpt>
      <trkpt lat="51.972240000" lon="5.529750000">
        <ele>9.000</ele>
      </trkpt>
      <trkpt lat="51.972400000" lon="5.529530000">
        <ele>9.000</ele>
      </trkpt>
      <trkpt lat="51.972590000" lon="5.529360000">
        <ele>9.000</ele>
      </trkpt>
      <trkpt lat="51.972810000" lon="5.529150000">
        <ele>9.000</ele>
      </trkpt>
      <trkpt lat="51.973160000" lon="5.528720000">
        <ele>9.000</ele>
      </trkpt>
      <trkpt lat="51.973310000" lon="5.528530000">
        <ele>9.000</ele>
      </trkpt>
      <trkpt lat="51.973440000" lon="5.528370000">
        <ele>9.000</ele>
      </trkpt>
      <trkpt lat="51.973610000" lon="5.528200000">
        <ele>9.000</ele>
      </trkpt>
      <trkpt lat="51.973770000" lon="5.528040000">
        <ele>9.000</ele>
      </trkpt>
      <trkpt lat="51.974460000" lon="5.527390000">
        <ele>9.000</ele>
      </trkpt>
      <trkpt lat="51.975150000" lon="5.526770000">
        <ele>9.000</ele>
      </trkpt>
      <trkpt lat="51.975150000" lon="5.526770000">
        <ele>9.000</ele>
      </trkpt>
      <trkpt lat="51.975730000" lon="5.526240000">
        <ele>9.000</ele>
      </trkpt>
      <trkpt lat="51.976210000" lon="5.525790000">
        <ele>10.000</ele>
      </trkpt>
      <trkpt lat="51.976220000" lon="5.525800000">
        <ele>10.000</ele>
      </trkpt>
      <trkpt lat="51.976220000" lon="5.525810000">
        <ele>10.000</ele>
      </trkpt>
      <trkpt lat="51.976230000" lon="5.525820000">
        <ele>10.000</ele>
      </trkpt>
      <trkpt lat="51.976230000" lon="5.525830000">
        <ele>10.000</ele>
      </trkpt>
      <trkpt lat="51.976240000" lon="5.525840000">
        <ele>10.000</ele>
      </trkpt>
      <trkpt lat="51.976240000" lon="5.525850000">
        <ele>10.000</ele>
      </trkpt>
      <trkpt lat="51.976250000" lon="5.525860000">
        <ele>10.000</ele>
      </trkpt>
      <trkpt lat="51.976250000" lon="5.525870000">
        <ele>10.000</ele>
      </trkpt>
      <trkpt lat="51.976260000" lon="5.525870000">
        <ele>10.000</ele>
      </trkpt>
      <trkpt lat="51.976270000" lon="5.525880000">
        <ele>10.000</ele>
      </trkpt>
      <trkpt lat="51.976280000" lon="5.525890000">
        <ele>10.000</ele>
      </trkpt>
      <trkpt lat="51.976290000" lon="5.525890000">
        <ele>10.000</ele>
      </trkpt>
      <trkpt lat="51.976290000" lon="5.525900000">
        <ele>10.000</ele>
      </trkpt>
      <trkpt lat="51.976300000" lon="5.525900000">
        <ele>10.000</ele>
      </trkpt>
      <trkpt lat="51.976310000" lon="5.525900000">
        <ele>10.000</ele>
      </trkpt>
      <trkpt lat="51.976320000" lon="5.525900000">
        <ele>10.000</ele>
      </trkpt>
      <trkpt lat="51.976330000" lon="5.525900000">
        <ele>10.000</ele>
      </trkpt>
      <trkpt lat="51.976340000" lon="5.525900000">
        <ele>10.000</ele>
      </trkpt>
      <trkpt lat="51.976350000" lon="5.525900000">
        <ele>10.000</ele>
      </trkpt>
      <trkpt lat="51.976360000" lon="5.525900000">
        <ele>10.000</ele>
      </trkpt>
      <trkpt lat="51.976370000" lon="5.525890000">
        <ele>10.000</ele>
      </trkpt>
      <trkpt lat="51.976380000" lon="5.525880000">
        <ele>10.000</ele>
      </trkpt>
      <trkpt lat="51.976390000" lon="5.525880000">
        <ele>10.000</ele>
      </trkpt>
      <trkpt lat="51.976390000" lon="5.525870000">
        <ele>10.000</ele>
      </trkpt>
      <trkpt lat="51.976400000" lon="5.525870000">
        <ele>10.000</ele>
      </trkpt>
      <trkpt lat="51.976410000" lon="5.525860000">
        <ele>10.000</ele>
      </trkpt>
      <trkpt lat="51.976420000" lon="5.525850000">
        <ele>10.000</ele>
      </trkpt>
      <trkpt lat="51.976420000" lon="5.525840000">
        <ele>10.000</ele>
      </trkpt>
      <trkpt lat="51.976430000" lon="5.525830000">
        <ele>10.000</ele>
      </trkpt>
      <trkpt lat="51.976430000" lon="5.525820000">
        <ele>10.000</ele>
      </trkpt>
      <trkpt lat="51.976440000" lon="5.525810000">
        <ele>10.000</ele>
      </trkpt>
      <trkpt lat="51.976440000" lon="5.525800000">
        <ele>10.000</ele>
      </trkpt>
      <trkpt lat="51.976440000" lon="5.525790000">
        <ele>10.000</ele>
      </trkpt>
      <trkpt lat="51.976450000" lon="5.525780000">
        <ele>10.000</ele>
      </trkpt>
      <trkpt lat="51.976450000" lon="5.525770000">
        <ele>10.000</ele>
      </trkpt>
      <trkpt lat="51.976450000" lon="5.525760000">
        <ele>10.000</ele>
      </trkpt>
      <trkpt lat="51.976450000" lon="5.525740000">
        <ele>10.000</ele>
      </trkpt>
      <trkpt lat="51.976450000" lon="5.525730000">
        <ele>10.000</ele>
      </trkpt>
      <trkpt lat="51.976460000" lon="5.525720000">
        <ele>10.000</ele>
      </trkpt>
      <trkpt lat="51.976460000" lon="5.525710000">
        <ele>10.000</ele>
      </trkpt>
      <trkpt lat="51.976460000" lon="5.525700000">
        <ele>10.000</ele>
      </trkpt>
      <trkpt lat="51.976460000" lon="5.525680000">
        <ele>10.000</ele>
      </trkpt>
      <trkpt lat="51.976460000" lon="5.525670000">
        <ele>10.000</ele>
      </trkpt>
      <trkpt lat="51.976460000" lon="5.525660000">
        <ele>10.000</ele>
      </trkpt>
      <trkpt lat="51.976450000" lon="5.525650000">
        <ele>10.000</ele>
      </trkpt>
      <trkpt lat="51.976450000" lon="5.525640000">
        <ele>10.000</ele>
      </trkpt>
      <trkpt lat="51.976450000" lon="5.525620000">
        <ele>10.000</ele>
      </trkpt>
      <trkpt lat="51.976450000" lon="5.525610000">
        <ele>10.000</ele>
      </trkpt>
      <trkpt lat="51.976440000" lon="5.525600000">
        <ele>10.000</ele>
      </trkpt>
      <trkpt lat="51.976580000" lon="5.525430000">
        <ele>10.000</ele>
      </trkpt>
      <trkpt lat="51.976700000" lon="5.525310000">
        <ele>10.000</ele>
      </trkpt>
      <trkpt lat="51.976800000" lon="5.525200000">
        <ele>10.000</ele>
      </trkpt>
      <trkpt lat="51.976930000" lon="5.525050000">
        <ele>10.000</ele>
      </trkpt>
      <trkpt lat="51.977040000" lon="5.524910000">
        <ele>10.000</ele>
      </trkpt>
      <trkpt lat="51.977070000" lon="5.524860000">
        <ele>10.000</ele>
      </trkpt>
      <trkpt lat="51.977110000" lon="5.524800000">
        <ele>10.000</ele>
      </trkpt>
      <trkpt lat="51.977270000" lon="5.524580000">
        <ele>10.000</ele>
      </trkpt>
      <trkpt lat="51.977370000" lon="5.524420000">
        <ele>10.000</ele>
      </trkpt>
      <trkpt lat="51.977440000" lon="5.524290000">
        <ele>10.000</ele>
      </trkpt>
      <trkpt lat="51.977560000" lon="5.524090000">
        <ele>10.000</ele>
      </trkpt>
      <trkpt lat="51.977670000" lon="5.523890000">
        <ele>10.000</ele>
      </trkpt>
      <trkpt lat="51.977740000" lon="5.523760000">
        <ele>10.000</ele>
      </trkpt>
      <trkpt lat="51.977910000" lon="5.523450000">
        <ele>10.000</ele>
      </trkpt>
      <trkpt lat="51.978020000" lon="5.523240000">
        <ele>10.000</ele>
      </trkpt>
      <trkpt lat="51.978090000" lon="5.523090000">
        <ele>10.000</ele>
      </trkpt>
      <trkpt lat="51.978130000" lon="5.523000000">
        <ele>10.000</ele>
      </trkpt>
      <trkpt lat="51.978170000" lon="5.522910000">
        <ele>10.000</ele>
      </trkpt>
      <trkpt lat="51.978210000" lon="5.522800000">
        <ele>10.000</ele>
      </trkpt>
      <trkpt lat="51.978240000" lon="5.522730000">
        <ele>10.000</ele>
      </trkpt>
      <trkpt lat="51.978270000" lon="5.522640000">
        <ele>10.000</ele>
      </trkpt>
      <trkpt lat="51.978340000" lon="5.522430000">
        <ele>10.000</ele>
      </trkpt>
      <trkpt lat="51.978780000" lon="5.521040000">
        <ele>10.000</ele>
      </trkpt>
      <trkpt lat="51.979100000" lon="5.519990000">
        <ele>11.000</ele>
      </trkpt>
      <trkpt lat="51.979190000" lon="5.519730000">
        <ele>11.000</ele>
      </trkpt>
      <trkpt lat="51.979290000" lon="5.519460000">
        <ele>11.000</ele>
      </trkpt>
      <trkpt lat="51.979340000" lon="5.519320000">
        <ele>11.000</ele>
      </trkpt>
      <trkpt lat="51.979370000" lon="5.519240000">
        <ele>11.000</ele>
      </trkpt>
      <trkpt lat="51.979410000" lon="5.519060000">
        <ele>11.000</ele>
      </trkpt>
      <trkpt lat="51.979430000" lon="5.518990000">
        <ele>11.000</ele>
      </trkpt>
      <trkpt lat="51.979440000" lon="5.518920000">
        <ele>11.000</ele>
      </trkpt>
      <trkpt lat="51.979470000" lon="5.518820000">
        <ele>11.000</ele>
      </trkpt>
      <trkpt lat="51.979550000" lon="5.518580000">
        <ele>11.000</ele>
      </trkpt>
      <trkpt lat="51.979550000" lon="5.518570000">
        <ele>11.000</ele>
      </trkpt>
      <trkpt lat="51.979610000" lon="5.518380000">
        <ele>11.000</ele>
      </trkpt>
      <trkpt lat="51.979740000" lon="5.517950000">
        <ele>12.000</ele>
      </trkpt>
      <trkpt lat="51.979920000" lon="5.517360000">
        <ele>12.000</ele>
      </trkpt>
      <trkpt lat="51.980040000" lon="5.516970000">
        <ele>12.000</ele>
      </trkpt>
      <trkpt lat="51.980160000" lon="5.516530000">
        <ele>13.000</ele>
      </trkpt>
      <trkpt lat="51.980290000" lon="5.516060000">
        <ele>13.000</ele>
      </trkpt>
      <trkpt lat="51.980350000" lon="5.515820000">
        <ele>13.000</ele>
      </trkpt>
      <trkpt lat="51.980510000" lon="5.515250000">
        <ele>14.000</ele>
      </trkpt>
      <trkpt lat="51.980590000" lon="5.514930000">
        <ele>14.000</ele>
      </trkpt>
      <trkpt lat="51.980700000" lon="5.514530000">
        <ele>14.000</ele>
      </trkpt>
      <trkpt lat="51.980900000" lon="5.513790000">
        <ele>14.000</ele>
      </trkpt>
      <trkpt lat="51.981130000" lon="5.512920000">
        <ele>14.000</ele>
      </trkpt>
      <trkpt lat="51.981330000" lon="5.512190000">
        <ele>14.000</ele>
      </trkpt>
      <trkpt lat="51.981420000" lon="5.511870000">
        <ele>14.000</ele>
      </trkpt>
      <trkpt lat="51.981490000" lon="5.511610000">
        <ele>14.000</ele>
      </trkpt>
      <trkpt lat="51.981700000" lon="5.510840000">
        <ele>14.000</ele>
      </trkpt>
      <trkpt lat="51.981780000" lon="5.510560000">
        <ele>14.000</ele>
      </trkpt>
      <trkpt lat="51.981920000" lon="5.509980000">
        <ele>14.000</ele>
      </trkpt>
      <trkpt lat="51.982020000" lon="5.509460000">
        <ele>14.000</ele>
      </trkpt>
      <trkpt lat="51.982080000" lon="5.509110000">
        <ele>14.000</ele>
      </trkpt>
      <trkpt lat="51.982130000" lon="5.508800000">
        <ele>14.000</ele>
      </trkpt>
      <trkpt lat="51.982220000" lon="5.508230000">
        <ele>14.000</ele>
      </trkpt>
      <trkpt lat="51.982250000" lon="5.508070000">
        <ele>14.000</ele>
      </trkpt>
      <trkpt lat="51.982250000" lon="5.508060000">
        <ele>14.000</ele>
      </trkpt>
      <trkpt lat="51.982270000" lon="5.507890000">
        <ele>14.000</ele>
      </trkpt>
      <trkpt lat="51.982310000" lon="5.507570000">
        <ele>14.000</ele>
      </trkpt>
      <trkpt lat="51.982350000" lon="5.507330000">
        <ele>14.000</ele>
      </trkpt>
      <trkpt lat="51.982420000" lon="5.506890000">
        <ele>14.000</ele>
      </trkpt>
      <trkpt lat="51.982450000" lon="5.506780000">
        <ele>14.000</ele>
      </trkpt>
      <trkpt lat="51.982510000" lon="5.506370000">
        <ele>14.000</ele>
      </trkpt>
      <trkpt lat="51.982520000" lon="5.506370000">
        <ele>14.000</ele>
      </trkpt>
      <trkpt lat="51.982530000" lon="5.506370000">
        <ele>14.000</ele>
      </trkpt>
      <trkpt lat="51.982540000" lon="5.506360000">
        <ele>14.000</ele>
      </trkpt>
      <trkpt lat="51.982550000" lon="5.506360000">
        <ele>14.000</ele>
      </trkpt>
      <trkpt lat="51.982550000" lon="5.506350000">
        <ele>14.000</ele>
      </trkpt>
      <trkpt lat="51.982560000" lon="5.506350000">
        <ele>14.000</ele>
      </trkpt>
      <trkpt lat="51.982560000" lon="5.506340000">
        <ele>14.000</ele>
      </trkpt>
      <trkpt lat="51.982570000" lon="5.506340000">
        <ele>14.000</ele>
      </trkpt>
      <trkpt lat="51.982570000" lon="5.506330000">
        <ele>14.000</ele>
      </trkpt>
      <trkpt lat="51.982580000" lon="5.506320000">
        <ele>14.000</ele>
      </trkpt>
      <trkpt lat="51.982580000" lon="5.506310000">
        <ele>14.000</ele>
      </trkpt>
      <trkpt lat="51.982590000" lon="5.506310000">
        <ele>14.000</ele>
      </trkpt>
      <trkpt lat="51.982590000" lon="5.506300000">
        <ele>14.000</ele>
      </trkpt>
      <trkpt lat="51.982590000" lon="5.506290000">
        <ele>14.000</ele>
      </trkpt>
      <trkpt lat="51.982600000" lon="5.506280000">
        <ele>14.000</ele>
      </trkpt>
      <trkpt lat="51.982600000" lon="5.506270000">
        <ele>14.000</ele>
      </trkpt>
      <trkpt lat="51.982600000" lon="5.506260000">
        <ele>14.000</ele>
      </trkpt>
      <trkpt lat="51.982610000" lon="5.506260000">
        <ele>14.000</ele>
      </trkpt>
      <trkpt lat="51.982610000" lon="5.506250000">
        <ele>14.000</ele>
      </trkpt>
      <trkpt lat="51.982610000" lon="5.506240000">
        <ele>14.000</ele>
      </trkpt>
      <trkpt lat="51.982610000" lon="5.506230000">
        <ele>14.000</ele>
      </trkpt>
      <trkpt lat="51.982610000" lon="5.506220000">
        <ele>14.000</ele>
      </trkpt>
      <trkpt lat="51.982620000" lon="5.506210000">
        <ele>14.000</ele>
      </trkpt>
      <trkpt lat="51.982620000" lon="5.506200000">
        <ele>14.000</ele>
      </trkpt>
      <trkpt lat="51.982620000" lon="5.506190000">
        <ele>14.000</ele>
      </trkpt>
      <trkpt lat="51.982620000" lon="5.506180000">
        <ele>14.000</ele>
      </trkpt>
      <trkpt lat="51.982620000" lon="5.506170000">
        <ele>14.000</ele>
      </trkpt>
      <trkpt lat="51.982620000" lon="5.506160000">
        <ele>14.000</ele>
      </trkpt>
      <trkpt lat="51.982620000" lon="5.506150000">
        <ele>14.000</ele>
      </trkpt>
      <trkpt lat="51.982610000" lon="5.506140000">
        <ele>14.000</ele>
      </trkpt>
      <trkpt lat="51.982610000" lon="5.506130000">
        <ele>14.000</ele>
      </trkpt>
      <trkpt lat="51.982610000" lon="5.506120000">
        <ele>14.000</ele>
      </trkpt>
      <trkpt lat="51.982610000" lon="5.506110000">
        <ele>14.000</ele>
      </trkpt>
      <trkpt lat="51.982610000" lon="5.506100000">
        <ele>14.000</ele>
      </trkpt>
      <trkpt lat="51.982600000" lon="5.506090000">
        <ele>14.000</ele>
      </trkpt>
      <trkpt lat="51.982600000" lon="5.506080000">
        <ele>14.000</ele>
      </trkpt>
      <trkpt lat="51.982600000" lon="5.506070000">
        <ele>14.000</ele>
      </trkpt>
      <trkpt lat="51.982590000" lon="5.506070000">
        <ele>14.000</ele>
      </trkpt>
      <trkpt lat="51.982590000" lon="5.506060000">
        <ele>14.000</ele>
      </trkpt>
      <trkpt lat="51.982580000" lon="5.506050000">
        <ele>14.000</ele>
      </trkpt>
      <trkpt lat="51.982570000" lon="5.506040000">
        <ele>14.000</ele>
      </trkpt>
      <trkpt lat="51.982570000" lon="5.506030000">
        <ele>14.000</ele>
      </trkpt>
      <trkpt lat="51.982560000" lon="5.506030000">
        <ele>14.000</ele>
      </trkpt>
      <trkpt lat="51.982640000" lon="5.505590000">
        <ele>14.000</ele>
      </trkpt>
      <trkpt lat="51.982640000" lon="5.505440000">
        <ele>14.000</ele>
      </trkpt>
      <trkpt lat="51.982730000" lon="5.504920000">
        <ele>14.000</ele>
      </trkpt>
      <trkpt lat="51.982810000" lon="5.504460000">
        <ele>14.000</ele>
      </trkpt>
      <trkpt lat="51.982890000" lon="5.504040000">
        <ele>14.000</ele>
      </trkpt>
      <trkpt lat="51.982970000" lon="5.503680000">
        <ele>14.000</ele>
      </trkpt>
      <trkpt lat="51.983090000" lon="5.503070000">
        <ele>13.000</ele>
      </trkpt>
      <trkpt lat="51.983180000" lon="5.502700000">
        <ele>13.000</ele>
      </trkpt>
      <trkpt lat="51.983250000" lon="5.502380000">
        <ele>13.000</ele>
      </trkpt>
      <trkpt lat="51.983340000" lon="5.502030000">
        <ele>13.000</ele>
      </trkpt>
      <trkpt lat="51.983410000" lon="5.501800000">
        <ele>13.000</ele>
      </trkpt>
      <trkpt lat="51.983450000" lon="5.501670000">
        <ele>12.000</ele>
      </trkpt>
      <trkpt lat="51.983490000" lon="5.501560000">
        <ele>12.000</ele>
      </trkpt>
      <trkpt lat="51.983570000" lon="5.501330000">
        <ele>12.000</ele>
      </trkpt>
      <trkpt lat="51.983810000" lon="5.500670000">
        <ele>12.000</ele>
      </trkpt>
      <trkpt lat="51.983850000" lon="5.500530000">
        <ele>12.000</ele>
      </trkpt>
      <trkpt lat="51.983910000" lon="5.500350000">
        <ele>12.000</ele>
      </trkpt>
      <trkpt lat="51.983940000" lon="5.500250000">
        <ele>12.000</ele>
      </trkpt>
      <trkpt lat="51.983970000" lon="5.500130000">
        <ele>11.000</ele>
      </trkpt>
      <trkpt lat="51.984000000" lon="5.500000000">
        <ele>11.000</ele>
      </trkpt>
      <trkpt lat="51.984010000" lon="5.499900000">
        <ele>11.000</ele>
      </trkpt>
      <trkpt lat="51.984090000" lon="5.499500000">
        <ele>11.000</ele>
      </trkpt>
      <trkpt lat="51.984110000" lon="5.499390000">
        <ele>11.000</ele>
      </trkpt>
      <trkpt lat="51.984110000" lon="5.499360000">
        <ele>11.000</ele>
      </trkpt>
      <trkpt lat="51.984150000" lon="5.499110000">
        <ele>11.000</ele>
      </trkpt>
      <trkpt lat="51.984190000" lon="5.498630000">
        <ele>11.000</ele>
      </trkpt>
      <trkpt lat="51.984230000" lon="5.498170000">
        <ele>11.000</ele>
      </trkpt>
      <trkpt lat="51.984250000" lon="5.497940000">
        <ele>11.000</ele>
      </trkpt>
      <trkpt lat="51.984260000" lon="5.497770000">
        <ele>11.000</ele>
      </trkpt>
      <trkpt lat="51.984280000" lon="5.497640000">
        <ele>11.000</ele>
      </trkpt>
      <trkpt lat="51.984280000" lon="5.497610000">
        <ele>11.000</ele>
      </trkpt>
      <trkpt lat="51.984320000" lon="5.497400000">
        <ele>11.000</ele>
      </trkpt>
      <trkpt lat="51.984390000" lon="5.497060000">
        <ele>11.000</ele>
      </trkpt>
      <trkpt lat="51.984470000" lon="5.496720000">
        <ele>11.000</ele>
      </trkpt>
      <trkpt lat="51.984550000" lon="5.496370000">
        <ele>11.000</ele>
      </trkpt>
      <trkpt lat="51.984650000" lon="5.495950000">
        <ele>11.000</ele>
      </trkpt>
      <trkpt lat="51.984670000" lon="5.495890000">
        <ele>11.000</ele>
      </trkpt>
      <trkpt lat="51.984710000" lon="5.495680000">
        <ele>11.000</ele>
      </trkpt>
      <trkpt lat="51.984780000" lon="5.495400000">
        <ele>11.000</ele>
      </trkpt>
      <trkpt lat="51.985160000" lon="5.493790000">
        <ele>11.000</ele>
      </trkpt>
      <trkpt lat="51.985240000" lon="5.493430000">
        <ele>10.000</ele>
      </trkpt>
      <trkpt lat="51.985330000" lon="5.493020000">
        <ele>10.000</ele>
      </trkpt>
      <trkpt lat="51.985560000" lon="5.492030000">
        <ele>10.000</ele>
      </trkpt>
      <trkpt lat="51.985690000" lon="5.491510000">
        <ele>10.000</ele>
      </trkpt>
      <trkpt lat="51.985790000" lon="5.491090000">
        <ele>9.000</ele>
      </trkpt>
      <trkpt lat="51.985790000" lon="5.491070000">
        <ele>9.000</ele>
      </trkpt>
      <trkpt lat="51.985790000" lon="5.491070000">
        <ele>9.000</ele>
      </trkpt>
      <trkpt lat="51.985890000" lon="5.490610000">
        <ele>9.000</ele>
      </trkpt>
      <trkpt lat="51.986180000" lon="5.489490000">
        <ele>9.000</ele>
      </trkpt>
      <trkpt lat="51.986340000" lon="5.488840000">
        <ele>9.000</ele>
      </trkpt>
      <trkpt lat="51.986480000" lon="5.488340000">
        <ele>9.000</ele>
      </trkpt>
      <trkpt lat="51.986600000" lon="5.487860000">
        <ele>9.000</ele>
      </trkpt>
      <trkpt lat="51.986720000" lon="5.487440000">
        <ele>9.000</ele>
      </trkpt>
      <trkpt lat="51.986780000" lon="5.487260000">
        <ele>9.000</ele>
      </trkpt>
      <trkpt lat="51.986820000" lon="5.487160000">
        <ele>9.000</ele>
      </trkpt>
      <trkpt lat="51.986850000" lon="5.487070000">
        <ele>9.000</ele>
      </trkpt>
      <trkpt lat="51.986930000" lon="5.486920000">
        <ele>9.000</ele>
      </trkpt>
      <trkpt lat="51.986970000" lon="5.486830000">
        <ele>9.000</ele>
      </trkpt>
      <trkpt lat="51.987060000" lon="5.486580000">
        <ele>9.000</ele>
      </trkpt>
      <trkpt lat="51.987190000" lon="5.486270000">
        <ele>9.000</ele>
      </trkpt>
      <trkpt lat="51.987230000" lon="5.486190000">
        <ele>9.000</ele>
      </trkpt>
      <trkpt lat="51.987270000" lon="5.486080000">
        <ele>9.000</ele>
      </trkpt>
      <trkpt lat="51.987300000" lon="5.486010000">
        <ele>9.000</ele>
      </trkpt>
      <trkpt lat="51.987320000" lon="5.485950000">
        <ele>9.000</ele>
      </trkpt>
      <trkpt lat="51.987380000" lon="5.485740000">
        <ele>9.000</ele>
      </trkpt>
      <trkpt lat="51.987440000" lon="5.485520000">
        <ele>9.000</ele>
      </trkpt>
      <trkpt lat="51.987500000" lon="5.485300000">
        <ele>9.000</ele>
      </trkpt>
      <trkpt lat="51.987570000" lon="5.485020000">
        <ele>9.000</ele>
      </trkpt>
      <trkpt lat="51.987620000" lon="5.484800000">
        <ele>10.000</ele>
      </trkpt>
      <trkpt lat="51.987660000" lon="5.484630000">
        <ele>10.000</ele>
      </trkpt>
      <trkpt lat="51.987730000" lon="5.484400000">
        <ele>10.000</ele>
      </trkpt>
      <trkpt lat="51.987810000" lon="5.484190000">
        <ele>10.000</ele>
      </trkpt>
      <trkpt lat="51.987820000" lon="5.484170000">
        <ele>10.000</ele>
      </trkpt>
      <trkpt lat="51.987870000" lon="5.484050000">
        <ele>10.000</ele>
      </trkpt>
      <trkpt lat="51.987920000" lon="5.483950000">
        <ele>10.000</ele>
      </trkpt>
      <trkpt lat="51.987990000" lon="5.483840000">
        <ele>10.000</ele>
      </trkpt>
      <trkpt lat="51.988060000" lon="5.483740000">
        <ele>10.000</ele>
      </trkpt>
      <trkpt lat="51.988170000" lon="5.483580000">
        <ele>10.000</ele>
      </trkpt>
      <trkpt lat="51.988600000" lon="5.483110000">
        <ele>10.000</ele>
      </trkpt>
      <trkpt lat="51.989030000" lon="5.482640000">
        <ele>10.000</ele>
      </trkpt>
      <trkpt lat="51.989510000" lon="5.482110000">
        <ele>10.000</ele>
      </trkpt>
      <trkpt lat="51.989660000" lon="5.481960000">
        <ele>11.000</ele>
      </trkpt>
      <trkpt lat="51.990530000" lon="5.481010000">
        <ele>11.000</ele>
      </trkpt>
      <trkpt lat="51.990620000" lon="5.480910000">
        <ele>11.000</ele>
      </trkpt>
      <trkpt lat="51.990940000" lon="5.480560000">
        <ele>12.000</ele>
      </trkpt>
      <trkpt lat="51.990980000" lon="5.480520000">
        <ele>12.000</ele>
      </trkpt>
      <trkpt lat="51.991160000" lon="5.480330000">
        <ele>12.000</ele>
      </trkpt>
      <trkpt lat="51.991550000" lon="5.479920000">
        <ele>13.000</ele>
      </trkpt>
      <trkpt lat="51.991730000" lon="5.479700000">
        <ele>13.000</ele>
      </trkpt>
      <trkpt lat="51.991750000" lon="5.479670000">
        <ele>13.000</ele>
      </trkpt>
      <trkpt lat="51.992080000" lon="5.479320000">
        <ele>14.000</ele>
      </trkpt>
      <trkpt lat="51.993050000" lon="5.478260000">
        <ele>14.000</ele>
      </trkpt>
      <trkpt lat="51.993310000" lon="5.477970000">
        <ele>15.000</ele>
      </trkpt>
      <trkpt lat="51.993460000" lon="5.477810000">
        <ele>15.000</ele>
      </trkpt>
      <trkpt lat="51.993850000" lon="5.477390000">
        <ele>16.000</ele>
      </trkpt>
      <trkpt lat="51.994810000" lon="5.476340000">
        <ele>15.000</ele>
      </trkpt>
      <trkpt lat="51.994940000" lon="5.476200000">
        <ele>14.000</ele>
      </trkpt>
      <trkpt lat="51.995180000" lon="5.475940000">
        <ele>14.000</ele>
      </trkpt>
      <trkpt lat="51.995410000" lon="5.475700000">
        <ele>13.000</ele>
      </trkpt>
      <trkpt lat="51.995700000" lon="5.475380000">
        <ele>12.000</ele>
      </trkpt>
      <trkpt lat="51.995720000" lon="5.475360000">
        <ele>12.000</ele>
      </trkpt>
      <trkpt lat="51.995850000" lon="5.475230000">
        <ele>12.000</ele>
      </trkpt>
      <trkpt lat="51.996050000" lon="5.475010000">
        <ele>12.000</ele>
      </trkpt>
      <trkpt lat="51.996220000" lon="5.474820000">
        <ele>12.000</ele>
      </trkpt>
      <trkpt lat="51.996360000" lon="5.474640000">
        <ele>12.000</ele>
      </trkpt>
      <trkpt lat="51.996420000" lon="5.474570000">
        <ele>12.000</ele>
      </trkpt>
      <trkpt lat="51.996500000" lon="5.474460000">
        <ele>12.000</ele>
      </trkpt>
      <trkpt lat="51.996730000" lon="5.474150000">
        <ele>12.000</ele>
      </trkpt>
      <trkpt lat="51.996990000" lon="5.473760000">
        <ele>12.000</ele>
      </trkpt>
      <trkpt lat="51.997330000" lon="5.473170000">
        <ele>13.000</ele>
      </trkpt>
      <trkpt lat="51.997480000" lon="5.472900000">
        <ele>13.000</ele>
      </trkpt>
      <trkpt lat="51.997660000" lon="5.472690000">
        <ele>13.000</ele>
      </trkpt>
      <trkpt lat="51.997670000" lon="5.472700000">
        <ele>14.000</ele>
      </trkpt>
      <trkpt lat="51.997680000" lon="5.472710000">
        <ele>14.000</ele>
      </trkpt>
      <trkpt lat="51.997690000" lon="5.472710000">
        <ele>14.000</ele>
      </trkpt>
      <trkpt lat="51.997700000" lon="5.472710000">
        <ele>14.000</ele>
      </trkpt>
      <trkpt lat="51.997720000" lon="5.472720000">
        <ele>14.000</ele>
      </trkpt>
      <trkpt lat="51.997730000" lon="5.472720000">
        <ele>14.000</ele>
      </trkpt>
      <trkpt lat="51.997740000" lon="5.472720000">
        <ele>14.000</ele>
      </trkpt>
      <trkpt lat="51.997750000" lon="5.472710000">
        <ele>14.000</ele>
      </trkpt>
      <trkpt lat="51.997760000" lon="5.472710000">
        <ele>14.000</ele>
      </trkpt>
      <trkpt lat="51.997790000" lon="5.472690000">
        <ele>14.000</ele>
      </trkpt>
      <trkpt lat="51.997810000" lon="5.472680000">
        <ele>14.000</ele>
      </trkpt>
      <trkpt lat="51.997830000" lon="5.472650000">
        <ele>14.000</ele>
      </trkpt>
      <trkpt lat="51.997840000" lon="5.472640000">
        <ele>14.000</ele>
      </trkpt>
      <trkpt lat="51.997840000" lon="5.472620000">
        <ele>14.000</ele>
      </trkpt>
      <trkpt lat="51.997850000" lon="5.472610000">
        <ele>14.000</ele>
      </trkpt>
      <trkpt lat="51.997860000" lon="5.472590000">
        <ele>14.000</ele>
      </trkpt>
      <trkpt lat="51.997860000" lon="5.472570000">
        <ele>14.000</ele>
      </trkpt>
      <trkpt lat="51.997860000" lon="5.472550000">
        <ele>14.000</ele>
      </trkpt>
      <trkpt lat="51.997870000" lon="5.472530000">
        <ele>14.000</ele>
      </trkpt>
      <trkpt lat="51.997870000" lon="5.472510000">
        <ele>14.000</ele>
      </trkpt>
      <trkpt lat="51.997870000" lon="5.472490000">
        <ele>14.000</ele>
      </trkpt>
      <trkpt lat="51.997870000" lon="5.472470000">
        <ele>14.000</ele>
      </trkpt>
      <trkpt lat="51.997870000" lon="5.472450000">
        <ele>15.000</ele>
      </trkpt>
      <trkpt lat="51.997870000" lon="5.472430000">
        <ele>15.000</ele>
      </trkpt>
      <trkpt lat="51.997870000" lon="5.472410000">
        <ele>15.000</ele>
      </trkpt>
      <trkpt lat="51.997860000" lon="5.472390000">
        <ele>15.000</ele>
      </trkpt>
      <trkpt lat="51.997860000" lon="5.472370000">
        <ele>15.000</ele>
      </trkpt>
      <trkpt lat="51.997850000" lon="5.472350000">
        <ele>15.000</ele>
      </trkpt>
      <trkpt lat="51.997850000" lon="5.472340000">
        <ele>15.000</ele>
      </trkpt>
      <trkpt lat="51.997840000" lon="5.472320000">
        <ele>15.000</ele>
      </trkpt>
      <trkpt lat="51.997830000" lon="5.472300000">
        <ele>15.000</ele>
      </trkpt>
      <trkpt lat="51.997910000" lon="5.472190000">
        <ele>15.000</ele>
      </trkpt>
      <trkpt lat="51.997980000" lon="5.472100000">
        <ele>15.000</ele>
      </trkpt>
      <trkpt lat="51.998180000" lon="5.471760000">
        <ele>15.000</ele>
      </trkpt>
      <trkpt lat="51.998510000" lon="5.471190000">
        <ele>15.000</ele>
      </trkpt>
      <trkpt lat="51.998630000" lon="5.470950000">
        <ele>15.000</ele>
      </trkpt>
      <trkpt lat="51.998760000" lon="5.470670000">
        <ele>16.000</ele>
      </trkpt>
      <trkpt lat="51.998860000" lon="5.470380000">
        <ele>16.000</ele>
      </trkpt>
      <trkpt lat="51.998900000" lon="5.470260000">
        <ele>16.000</ele>
      </trkpt>
      <trkpt lat="51.998930000" lon="5.470140000">
        <ele>16.000</ele>
      </trkpt>
      <trkpt lat="51.998960000" lon="5.470020000">
        <ele>16.000</ele>
      </trkpt>
      <trkpt lat="51.999020000" lon="5.469760000">
        <ele>16.000</ele>
      </trkpt>
      <trkpt lat="51.999120000" lon="5.469230000">
        <ele>16.000</ele>
      </trkpt>
      <trkpt lat="51.999180000" lon="5.468910000">
        <ele>16.000</ele>
      </trkpt>
      <trkpt lat="51.999240000" lon="5.468590000">
        <ele>16.000</ele>
      </trkpt>
      <trkpt lat="51.999300000" lon="5.468310000">
        <ele>16.000</ele>
      </trkpt>
      <trkpt lat="51.999350000" lon="5.468020000">
        <ele>16.000</ele>
      </trkpt>
      <trkpt lat="51.999470000" lon="5.467210000">
        <ele>16.000</ele>
      </trkpt>
      <trkpt lat="51.999570000" lon="5.466760000">
        <ele>16.000</ele>
      </trkpt>
      <trkpt lat="51.999610000" lon="5.466570000">
        <ele>16.000</ele>
      </trkpt>
      <trkpt lat="51.999630000" lon="5.466390000">
        <ele>16.000</ele>
      </trkpt>
      <trkpt lat="51.999650000" lon="5.466260000">
        <ele>16.000</ele>
      </trkpt>
      <trkpt lat="51.999680000" lon="5.466070000">
        <ele>16.000</ele>
      </trkpt>
      <trkpt lat="51.999850000" lon="5.465190000">
        <ele>16.000</ele>
      </trkpt>
      <trkpt lat="52.000040000" lon="5.464250000">
        <ele>16.000</ele>
      </trkpt>
      <trkpt lat="52.000060000" lon="5.464030000">
        <ele>17.000</ele>
      </trkpt>
      <trkpt lat="52.000090000" lon="5.463810000">
        <ele>17.000</ele>
      </trkpt>
      <trkpt lat="52.000200000" lon="5.462850000">
        <ele>18.000</ele>
      </trkpt>
      <trkpt lat="52.000310000" lon="5.461890000">
        <ele>18.000</ele>
      </trkpt>
      <trkpt lat="52.000340000" lon="5.461550000">
        <ele>18.000</ele>
      </trkpt>
      <trkpt lat="52.000380000" lon="5.461210000">
        <ele>18.000</ele>
      </trkpt>
      <trkpt lat="52.000450000" lon="5.460740000">
        <ele>18.000</ele>
      </trkpt>
      <trkpt lat="52.000510000" lon="5.460270000">
        <ele>18.000</ele>
      </trkpt>
      <trkpt lat="52.000510000" lon="5.460270000">
        <ele>18.000</ele>
      </trkpt>
      <trkpt lat="52.000520000" lon="5.460270000">
        <ele>18.000</ele>
      </trkpt>
      <trkpt lat="52.000530000" lon="5.460260000">
        <ele>18.000</ele>
      </trkpt>
      <trkpt lat="52.000540000" lon="5.460260000">
        <ele>18.000</ele>
      </trkpt>
      <trkpt lat="52.000550000" lon="5.460250000">
        <ele>18.000</ele>
      </trkpt>
      <trkpt lat="52.000560000" lon="5.460240000">
        <ele>18.000</ele>
      </trkpt>
      <trkpt lat="52.000570000" lon="5.460240000">
        <ele>18.000</ele>
      </trkpt>
      <trkpt lat="52.000570000" lon="5.460230000">
        <ele>18.000</ele>
      </trkpt>
      <trkpt lat="52.000580000" lon="5.460220000">
        <ele>18.000</ele>
      </trkpt>
      <trkpt lat="52.000590000" lon="5.460200000">
        <ele>18.000</ele>
      </trkpt>
      <trkpt lat="52.000690000" lon="5.460280000">
        <ele>18.000</ele>
      </trkpt>
      <trkpt lat="52.000700000" lon="5.460290000">
        <ele>18.000</ele>
      </trkpt>
      <trkpt lat="52.000710000" lon="5.460290000">
        <ele>18.000</ele>
      </trkpt>
      <trkpt lat="52.000720000" lon="5.460290000">
        <ele>18.000</ele>
      </trkpt>
      <trkpt lat="52.000740000" lon="5.460280000">
        <ele>18.000</ele>
      </trkpt>
      <trkpt lat="52.000770000" lon="5.460310000">
        <ele>18.000</ele>
      </trkpt>
      <trkpt lat="52.000790000" lon="5.460330000">
        <ele>18.000</ele>
      </trkpt>
      <trkpt lat="52.001050000" lon="5.460540000">
        <ele>18.000</ele>
      </trkpt>
      <trkpt lat="52.001310000" lon="5.460740000">
        <ele>18.000</ele>
      </trkpt>
      <trkpt lat="52.001560000" lon="5.460930000">
        <ele>18.000</ele>
      </trkpt>
      <trkpt lat="52.001810000" lon="5.461110000">
        <ele>19.000</ele>
      </trkpt>
      <trkpt lat="52.002160000" lon="5.461400000">
        <ele>19.000</ele>
      </trkpt>
      <trkpt lat="52.002510000" lon="5.461690000">
        <ele>20.000</ele>
      </trkpt>
      <trkpt lat="52.002700000" lon="5.461870000">
        <ele>20.000</ele>
      </trkpt>
      <trkpt lat="52.002890000" lon="5.462050000">
        <ele>20.000</ele>
      </trkpt>
      <trkpt lat="52.002940000" lon="5.462100000">
        <ele>21.000</ele>
      </trkpt>
      <trkpt lat="52.003000000" lon="5.462150000">
        <ele>21.000</ele>
      </trkpt>
      <trkpt lat="52.003280000" lon="5.462440000">
        <ele>21.000</ele>
      </trkpt>
      <trkpt lat="52.003330000" lon="5.462490000">
        <ele>21.000</ele>
      </trkpt>
      <trkpt lat="52.003570000" lon="5.462730000">
        <ele>22.000</ele>
      </trkpt>
      <trkpt lat="52.003730000" lon="5.462880000">
        <ele>22.000</ele>
      </trkpt>
      <trkpt lat="52.003890000" lon="5.463040000">
        <ele>22.000</ele>
      </trkpt>
      <trkpt lat="52.004030000" lon="5.463200000">
        <ele>23.000</ele>
      </trkpt>
      <trkpt lat="52.004180000" lon="5.463350000">
        <ele>23.000</ele>
      </trkpt>
      <trkpt lat="52.004530000" lon="5.463780000">
        <ele>24.000</ele>
      </trkpt>
      <trkpt lat="52.004750000" lon="5.464040000">
        <ele>24.000</ele>
      </trkpt>
      <trkpt lat="52.004930000" lon="5.464260000">
        <ele>25.000</ele>
      </trkpt>
      <trkpt lat="52.005170000" lon="5.464560000">
        <ele>26.000</ele>
      </trkpt>
      <trkpt lat="52.005560000" lon="5.465090000">
        <ele>27.000</ele>
      </trkpt>
      <trkpt lat="52.005690000" lon="5.465310000">
        <ele>28.000</ele>
      </trkpt>
      <trkpt lat="52.005830000" lon="5.465530000">
        <ele>29.000</ele>
      </trkpt>
      <trkpt lat="52.005970000" lon="5.465760000">
        <ele>30.000</ele>
      </trkpt>
      <trkpt lat="52.006110000" lon="5.465980000">
        <ele>30.000</ele>
      </trkpt>
      <trkpt lat="52.006190000" lon="5.466140000">
        <ele>31.000</ele>
      </trkpt>
      <trkpt lat="52.006270000" lon="5.466300000">
        <ele>32.000</ele>
      </trkpt>
      <trkpt lat="52.006320000" lon="5.466400000">
        <ele>33.000</ele>
      </trkpt>
      <trkpt lat="52.006380000" lon="5.466510000">
        <ele>33.000</ele>
      </trkpt>
      <trkpt lat="52.006380000" lon="5.466510000">
        <ele>34.000</ele>
      </trkpt>
      <trkpt lat="52.006430000" lon="5.466600000">
        <ele>34.000</ele>
      </trkpt>
      <trkpt lat="52.006460000" lon="5.466650000">
        <ele>34.000</ele>
      </trkpt>
      <trkpt lat="52.006970000" lon="5.467600000">
        <ele>36.000</ele>
      </trkpt>
      <trkpt lat="52.007230000" lon="5.468010000">
        <ele>37.000</ele>
      </trkpt>
      <trkpt lat="52.007300000" lon="5.468130000">
        <ele>38.000</ele>
      </trkpt>
      <trkpt lat="52.007360000" lon="5.468210000">
        <ele>39.000</ele>
      </trkpt>
      <trkpt lat="52.007790000" lon="5.468790000">
        <ele>40.000</ele>
      </trkpt>
      <trkpt lat="52.008050000" lon="5.469090000">
        <ele>41.000</ele>
      </trkpt>
      <trkpt lat="52.008110000" lon="5.469160000">
        <ele>42.000</ele>
      </trkpt>
      <trkpt lat="52.008280000" lon="5.469260000">
        <ele>43.000</ele>
      </trkpt>
      <trkpt lat="52.008820000" lon="5.469470000">
        <ele>44.000</ele>
      </trkpt>
      <trkpt lat="52.009510000" lon="5.469810000">
        <ele>47.000</ele>
      </trkpt>
      <trkpt lat="52.009680000" lon="5.469890000">
        <ele>49.000</ele>
      </trkpt>
      <trkpt lat="52.009830000" lon="5.469970000">
        <ele>51.000</ele>
      </trkpt>
      <trkpt lat="52.010030000" lon="5.470060000">
        <ele>53.000</ele>
      </trkpt>
      <trkpt lat="52.010200000" lon="5.470150000">
        <ele>55.000</ele>
      </trkpt>
      <trkpt lat="52.010370000" lon="5.470230000">
        <ele>57.000</ele>
      </trkpt>
      <trkpt lat="52.010550000" lon="5.470320000">
        <ele>58.000</ele>
      </trkpt>
      <trkpt lat="52.010840000" lon="5.470470000">
        <ele>59.000</ele>
      </trkpt>
      <trkpt lat="52.011060000" lon="5.470550000">
        <ele>59.000</ele>
      </trkpt>
      <trkpt lat="52.011090000" lon="5.470560000">
        <ele>58.000</ele>
      </trkpt>
      <trkpt lat="52.011270000" lon="5.470630000">
        <ele>58.000</ele>
      </trkpt>
      <trkpt lat="52.011320000" lon="5.470650000">
        <ele>58.000</ele>
      </trkpt>
      <trkpt lat="52.011660000" lon="5.470810000">
        <ele>57.000</ele>
      </trkpt>
      <trkpt lat="52.011840000" lon="5.470890000">
        <ele>56.000</ele>
      </trkpt>
      <trkpt lat="52.012010000" lon="5.470960000">
        <ele>55.000</ele>
      </trkpt>
      <trkpt lat="52.012180000" lon="5.471040000">
        <ele>54.000</ele>
      </trkpt>
      <trkpt lat="52.012530000" lon="5.471200000">
        <ele>52.000</ele>
      </trkpt>
      <trkpt lat="52.012820000" lon="5.471330000">
        <ele>52.000</ele>
      </trkpt>
      <trkpt lat="52.012880000" lon="5.471350000">
        <ele>52.000</ele>
      </trkpt>
      <trkpt lat="52.012910000" lon="5.471370000">
        <ele>53.000</ele>
      </trkpt>
      <trkpt lat="52.012940000" lon="5.471380000">
        <ele>53.000</ele>
      </trkpt>
      <trkpt lat="52.012960000" lon="5.471390000">
        <ele>53.000</ele>
      </trkpt>
      <trkpt lat="52.013800000" lon="5.471780000">
        <ele>56.000</ele>
      </trkpt>
      <trkpt lat="52.013970000" lon="5.471860000">
        <ele>58.000</ele>
      </trkpt>
      <trkpt lat="52.014150000" lon="5.471930000">
        <ele>61.000</ele>
      </trkpt>
      <trkpt lat="52.014320000" lon="5.472010000">
        <ele>63.000</ele>
      </trkpt>
      <trkpt lat="52.014470000" lon="5.472080000">
        <ele>64.000</ele>
      </trkpt>
      <trkpt lat="52.014490000" lon="5.472090000">
        <ele>65.000</ele>
      </trkpt>
      <trkpt lat="52.014660000" lon="5.472200000">
        <ele>66.000</ele>
      </trkpt>
      <trkpt lat="52.014830000" lon="5.472300000">
        <ele>66.000</ele>
      </trkpt>
      <trkpt lat="52.015000000" lon="5.472400000">
        <ele>67.000</ele>
      </trkpt>
      <trkpt lat="52.015170000" lon="5.472500000">
        <ele>68.000</ele>
      </trkpt>
      <trkpt lat="52.015540000" lon="5.472730000">
        <ele>68.000</ele>
      </trkpt>
      <trkpt lat="52.015650000" lon="5.472790000">
        <ele>69.000</ele>
      </trkpt>
      <trkpt lat="52.015680000" lon="5.472820000">
        <ele>69.000</ele>
      </trkpt>
      <trkpt lat="52.015700000" lon="5.472840000">
        <ele>69.000</ele>
      </trkpt>
      <trkpt lat="52.016710000" lon="5.473470000">
        <ele>70.000</ele>
      </trkpt>
      <trkpt lat="52.016880000" lon="5.473580000">
        <ele>71.000</ele>
      </trkpt>
      <trkpt lat="52.016880000" lon="5.473580000">
        <ele>72.000</ele>
      </trkpt>
      <trkpt lat="52.017770000" lon="5.474130000">
        <ele>72.000</ele>
      </trkpt>
      <trkpt lat="52.018360000" lon="5.474630000">
        <ele>72.000</ele>
      </trkpt>
      <trkpt lat="52.019260000" lon="5.475390000">
        <ele>71.000</ele>
      </trkpt>
      <trkpt lat="52.019370000" lon="5.475500000">
        <ele>71.000</ele>
      </trkpt>
      <trkpt lat="52.019490000" lon="5.475600000">
        <ele>70.000</ele>
      </trkpt>
      <trkpt lat="52.019600000" lon="5.475690000">
        <ele>70.000</ele>
      </trkpt>
      <trkpt lat="52.019760000" lon="5.475820000">
        <ele>70.000</ele>
      </trkpt>
      <trkpt lat="52.019780000" lon="5.475840000">
        <ele>69.000</ele>
      </trkpt>
      <trkpt lat="52.020080000" lon="5.476080000">
        <ele>69.000</ele>
      </trkpt>
      <trkpt lat="52.020330000" lon="5.476320000">
        <ele>69.000</ele>
      </trkpt>
      <trkpt lat="52.020520000" lon="5.476580000">
        <ele>68.000</ele>
      </trkpt>
      <trkpt lat="52.020580000" lon="5.476660000">
        <ele>68.000</ele>
      </trkpt>
      <trkpt lat="52.020650000" lon="5.476770000">
        <ele>68.000</ele>
      </trkpt>
      <trkpt lat="52.020720000" lon="5.476870000">
        <ele>68.000</ele>
      </trkpt>
      <trkpt lat="52.020780000" lon="5.476980000">
        <ele>68.000</ele>
      </trkpt>
      <trkpt lat="52.020910000" lon="5.477190000">
        <ele>67.000</ele>
      </trkpt>
      <trkpt lat="52.021030000" lon="5.477400000">
        <ele>67.000</ele>
      </trkpt>
      <trkpt lat="52.021160000" lon="5.477610000">
        <ele>67.000</ele>
      </trkpt>
      <trkpt lat="52.021280000" lon="5.477820000">
        <ele>67.000</ele>
      </trkpt>
      <trkpt lat="52.021410000" lon="5.478020000">
        <ele>66.000</ele>
      </trkpt>
      <trkpt lat="52.021540000" lon="5.478230000">
        <ele>66.000</ele>
      </trkpt>
      <trkpt lat="52.021540000" lon="5.478240000">
        <ele>66.000</ele>
      </trkpt>
      <trkpt lat="52.021730000" lon="5.478590000">
        <ele>66.000</ele>
      </trkpt>
      <trkpt lat="52.021780000" lon="5.478650000">
        <ele>66.000</ele>
      </trkpt>
      <trkpt lat="52.021930000" lon="5.478820000">
        <ele>66.000</ele>
      </trkpt>
      <trkpt lat="52.021940000" lon="5.478830000">
        <ele>66.000</ele>
      </trkpt>
      <trkpt lat="52.022050000" lon="5.478940000">
        <ele>66.000</ele>
      </trkpt>
      <trkpt lat="52.022080000" lon="5.478970000">
        <ele>66.000</ele>
      </trkpt>
      <trkpt lat="52.022240000" lon="5.479120000">
        <ele>66.000</ele>
      </trkpt>
      <trkpt lat="52.022300000" lon="5.479180000">
        <ele>66.000</ele>
      </trkpt>
      <trkpt lat="52.022400000" lon="5.479250000">
        <ele>66.000</ele>
      </trkpt>
      <trkpt lat="52.023060000" lon="5.479710000">
        <ele>66.000</ele>
      </trkpt>
      <trkpt lat="52.023130000" lon="5.479760000">
        <ele>66.000</ele>
      </trkpt>
      <trkpt lat="52.023220000" lon="5.479840000">
        <ele>66.000</ele>
      </trkpt>
      <trkpt lat="52.023380000" lon="5.479990000">
        <ele>65.000</ele>
      </trkpt>
      <trkpt lat="52.023450000" lon="5.480050000">
        <ele>64.000</ele>
      </trkpt>
      <trkpt lat="52.023520000" lon="5.480160000">
        <ele>63.000</ele>
      </trkpt>
      <trkpt lat="52.023600000" lon="5.480270000">
        <ele>62.000</ele>
      </trkpt>
      <trkpt lat="52.023880000" lon="5.480820000">
        <ele>61.000</ele>
      </trkpt>
      <trkpt lat="52.024000000" lon="5.481040000">
        <ele>59.000</ele>
      </trkpt>
      <trkpt lat="52.024110000" lon="5.481260000">
        <ele>57.000</ele>
      </trkpt>
      <trkpt lat="52.024230000" lon="5.481480000">
        <ele>56.000</ele>
      </trkpt>
      <trkpt lat="52.024580000" lon="5.482150000">
        <ele>53.000</ele>
      </trkpt>
      <trkpt lat="52.024790000" lon="5.482550000">
        <ele>51.000</ele>
      </trkpt>
      <trkpt lat="52.024920000" lon="5.482750000">
        <ele>49.000</ele>
      </trkpt>
      <trkpt lat="52.025050000" lon="5.482950000">
        <ele>47.000</ele>
      </trkpt>
      <trkpt lat="52.025080000" lon="5.483000000">
        <ele>47.000</ele>
      </trkpt>
      <trkpt lat="52.025190000" lon="5.483130000">
        <ele>46.000</ele>
      </trkpt>
      <trkpt lat="52.025280000" lon="5.483250000">
        <ele>45.000</ele>
      </trkpt>
      <trkpt lat="52.025330000" lon="5.483300000">
        <ele>44.000</ele>
      </trkpt>
      <trkpt lat="52.025550000" lon="5.483500000">
        <ele>44.000</ele>
      </trkpt>
      <trkpt lat="52.025810000" lon="5.483710000">
        <ele>43.000</ele>
      </trkpt>
      <trkpt lat="52.025940000" lon="5.483820000">
        <ele>42.000</ele>
      </trkpt>
      <trkpt lat="52.025970000" lon="5.483840000">
        <ele>41.000</ele>
      </trkpt>
      <trkpt lat="52.026140000" lon="5.483950000">
        <ele>41.000</ele>
      </trkpt>
      <trkpt lat="52.026310000" lon="5.484060000">
        <ele>40.000</ele>
      </trkpt>
      <trkpt lat="52.026470000" lon="5.484170000">
        <ele>39.000</ele>
      </trkpt>
      <trkpt lat="52.026870000" lon="5.484430000">
        <ele>38.000</ele>
      </trkpt>
      <trkpt lat="52.026970000" lon="5.484510000">
        <ele>36.000</ele>
      </trkpt>
      <trkpt lat="52.027270000" lon="5.484780000">
        <ele>35.000</ele>
      </trkpt>
      <trkpt lat="52.027680000" lon="5.485150000">
        <ele>33.000</ele>
      </trkpt>
      <trkpt lat="52.028170000" lon="5.485500000">
        <ele>30.000</ele>
      </trkpt>
      <trkpt lat="52.028220000" lon="5.485540000">
        <ele>29.000</ele>
      </trkpt>
      <trkpt lat="52.028330000" lon="5.485620000">
        <ele>27.000</ele>
      </trkpt>
      <trkpt lat="52.028500000" lon="5.485730000">
        <ele>26.000</ele>
      </trkpt>
      <trkpt lat="52.028670000" lon="5.485850000">
        <ele>26.000</ele>
      </trkpt>
      <trkpt lat="52.029270000" lon="5.486270000">
        <ele>24.000</ele>
      </trkpt>
      <trkpt lat="52.029480000" lon="5.486460000">
        <ele>23.000</ele>
      </trkpt>
      <trkpt lat="52.029490000" lon="5.486470000">
        <ele>23.000</ele>
      </trkpt>
      <trkpt lat="52.029630000" lon="5.486630000">
        <ele>22.000</ele>
      </trkpt>
      <trkpt lat="52.029950000" lon="5.487100000">
        <ele>21.000</ele>
      </trkpt>
      <trkpt lat="52.030010000" lon="5.487220000">
        <ele>21.000</ele>
      </trkpt>
      <trkpt lat="52.030090000" lon="5.487340000">
        <ele>20.000</ele>
      </trkpt>
      <trkpt lat="52.030190000" lon="5.487460000">
        <ele>20.000</ele>
      </trkpt>
      <trkpt lat="52.030350000" lon="5.487630000">
        <ele>19.000</ele>
      </trkpt>
      <trkpt lat="52.030370000" lon="5.487640000">
        <ele>19.000</ele>
      </trkpt>
      <trkpt lat="52.030620000" lon="5.487870000">
        <ele>19.000</ele>
      </trkpt>
      <trkpt lat="52.030980000" lon="5.488130000">
        <ele>18.000</ele>
      </trkpt>
      <trkpt lat="52.031020000" lon="5.488170000">
        <ele>18.000</ele>
      </trkpt>
      <trkpt lat="52.031050000" lon="5.488200000">
        <ele>18.000</ele>
      </trkpt>
      <trkpt lat="52.031150000" lon="5.488290000">
        <ele>18.000</ele>
      </trkpt>
      <trkpt lat="52.031270000" lon="5.488390000">
        <ele>17.000</ele>
      </trkpt>
      <trkpt lat="52.031360000" lon="5.488470000">
        <ele>17.000</ele>
      </trkpt>
      <trkpt lat="52.031460000" lon="5.488550000">
        <ele>17.000</ele>
      </trkpt>
      <trkpt lat="52.031550000" lon="5.488610000">
        <ele>17.000</ele>
      </trkpt>
      <trkpt lat="52.031620000" lon="5.488670000">
        <ele>17.000</ele>
      </trkpt>
      <trkpt lat="52.031690000" lon="5.488720000">
        <ele>17.000</ele>
      </trkpt>
      <trkpt lat="52.031700000" lon="5.488720000">
        <ele>16.000</ele>
      </trkpt>
      <trkpt lat="52.031750000" lon="5.488750000">
        <ele>16.000</ele>
      </trkpt>
      <trkpt lat="52.031810000" lon="5.488780000">
        <ele>16.000</ele>
      </trkpt>
      <trkpt lat="52.031870000" lon="5.488800000">
        <ele>16.000</ele>
      </trkpt>
      <trkpt lat="52.032140000" lon="5.488880000">
        <ele>16.000</ele>
      </trkpt>
      <trkpt lat="52.032800000" lon="5.489090000">
        <ele>15.000</ele>
      </trkpt>
      <trkpt lat="52.032920000" lon="5.489150000">
        <ele>15.000</ele>
      </trkpt>
      <trkpt lat="52.033040000" lon="5.489210000">
        <ele>14.000</ele>
      </trkpt>
      <trkpt lat="52.033110000" lon="5.489240000">
        <ele>14.000</ele>
      </trkpt>
      <trkpt lat="52.033380000" lon="5.489350000">
        <ele>13.000</ele>
      </trkpt>
      <trkpt lat="52.033440000" lon="5.489370000">
        <ele>13.000</ele>
      </trkpt>
      <trkpt lat="52.033500000" lon="5.489390000">
        <ele>13.000</ele>
      </trkpt>
      <trkpt lat="52.033680000" lon="5.489460000">
        <ele>13.000</ele>
      </trkpt>
      <trkpt lat="52.033830000" lon="5.489500000">
        <ele>12.000</ele>
      </trkpt>
      <trkpt lat="52.033950000" lon="5.489530000">
        <ele>12.000</ele>
      </trkpt>
      <trkpt lat="52.034330000" lon="5.489580000">
        <ele>12.000</ele>
      </trkpt>
      <trkpt lat="52.034480000" lon="5.489600000">
        <ele>12.000</ele>
      </trkpt>
      <trkpt lat="52.034510000" lon="5.489600000">
        <ele>12.000</ele>
      </trkpt>
      <trkpt lat="52.034740000" lon="5.489610000">
        <ele>11.000</ele>
      </trkpt>
      <trkpt lat="52.034870000" lon="5.489640000">
        <ele>11.000</ele>
      </trkpt>
      <trkpt lat="52.034930000" lon="5.489660000">
        <ele>11.000</ele>
      </trkpt>
      <trkpt lat="52.035010000" lon="5.489690000">
        <ele>11.000</ele>
      </trkpt>
      <trkpt lat="52.035090000" lon="5.489750000">
        <ele>11.000</ele>
      </trkpt>
      <trkpt lat="52.035170000" lon="5.489820000">
        <ele>11.000</ele>
      </trkpt>
      <trkpt lat="52.035200000" lon="5.489850000">
        <ele>11.000</ele>
      </trkpt>
      <trkpt lat="52.035260000" lon="5.489920000">
        <ele>11.000</ele>
      </trkpt>
      <trkpt lat="52.035340000" lon="5.490030000">
        <ele>10.000</ele>
      </trkpt>
      <trkpt lat="52.035470000" lon="5.490230000">
        <ele>10.000</ele>
      </trkpt>
      <trkpt lat="52.035610000" lon="5.490420000">
        <ele>10.000</ele>
      </trkpt>
      <trkpt lat="52.035880000" lon="5.490820000">
        <ele>10.000</ele>
      </trkpt>
      <trkpt lat="52.036280000" lon="5.491270000">
        <ele>10.000</ele>
      </trkpt>
      <trkpt lat="52.036690000" lon="5.491650000">
        <ele>9.000</ele>
      </trkpt>
      <trkpt lat="52.036960000" lon="5.491850000">
        <ele>9.000</ele>
      </trkpt>
      <trkpt lat="52.037040000" lon="5.491910000">
        <ele>9.000</ele>
      </trkpt>
      <trkpt lat="52.037170000" lon="5.492000000">
        <ele>8.000</ele>
      </trkpt>
      <trkpt lat="52.037390000" lon="5.492130000">
        <ele>8.000</ele>
      </trkpt>
      <trkpt lat="52.037560000" lon="5.492190000">
        <ele>8.000</ele>
      </trkpt>
      <trkpt lat="52.037750000" lon="5.492230000">
        <ele>8.000</ele>
      </trkpt>
      <trkpt lat="52.037910000" lon="5.492250000">
        <ele>8.000</ele>
      </trkpt>
      <trkpt lat="52.038000000" lon="5.492270000">
        <ele>7.000</ele>
      </trkpt>
      <trkpt lat="52.038140000" lon="5.492270000">
        <ele>7.000</ele>
      </trkpt>
      <trkpt lat="52.038210000" lon="5.492250000">
        <ele>7.000</ele>
      </trkpt>
      <trkpt lat="52.038360000" lon="5.492230000">
        <ele>7.000</ele>
      </trkpt>
      <trkpt lat="52.038540000" lon="5.492180000">
        <ele>7.000</ele>
      </trkpt>
      <trkpt lat="52.039420000" lon="5.491830000">
        <ele>7.000</ele>
      </trkpt>
      <trkpt lat="52.039860000" lon="5.491650000">
        <ele>7.000</ele>
      </trkpt>
      <trkpt lat="52.040240000" lon="5.491510000">
        <ele>7.000</ele>
      </trkpt>
      <trkpt lat="52.040500000" lon="5.491410000">
        <ele>7.000</ele>
      </trkpt>
      <trkpt lat="52.040510000" lon="5.491410000">
        <ele>7.000</ele>
      </trkpt>
      <trkpt lat="52.040570000" lon="5.491380000">
        <ele>7.000</ele>
      </trkpt>
      <trkpt lat="52.040870000" lon="5.491270000">
        <ele>6.000</ele>
      </trkpt>
      <trkpt lat="52.040870000" lon="5.491270000">
        <ele>6.000</ele>
      </trkpt>
      <trkpt lat="52.041010000" lon="5.491210000">
        <ele>6.000</ele>
      </trkpt>
      <trkpt lat="52.041220000" lon="5.491120000">
        <ele>6.000</ele>
      </trkpt>
      <trkpt lat="52.041320000" lon="5.491090000">
        <ele>6.000</ele>
      </trkpt>
      <trkpt lat="52.041400000" lon="5.491060000">
        <ele>6.000</ele>
      </trkpt>
      <trkpt lat="52.041750000" lon="5.490930000">
        <ele>6.000</ele>
      </trkpt>
      <trkpt lat="52.041770000" lon="5.490920000">
        <ele>6.000</ele>
      </trkpt>
      <trkpt lat="52.041920000" lon="5.490860000">
        <ele>6.000</ele>
      </trkpt>
      <trkpt lat="52.042100000" lon="5.490790000">
        <ele>6.000</ele>
      </trkpt>
      <trkpt lat="52.042150000" lon="5.490760000">
        <ele>6.000</ele>
      </trkpt>
      <trkpt lat="52.042560000" lon="5.490600000">
        <ele>6.000</ele>
      </trkpt>
      <trkpt lat="52.042670000" lon="5.490560000">
        <ele>6.000</ele>
      </trkpt>
      <trkpt lat="52.042700000" lon="5.490550000">
        <ele>6.000</ele>
      </trkpt>
      <trkpt lat="52.042830000" lon="5.490490000">
        <ele>5.000</ele>
      </trkpt>
      <trkpt lat="52.042980000" lon="5.490440000">
        <ele>5.000</ele>
      </trkpt>
      <trkpt lat="52.043110000" lon="5.490390000">
        <ele>5.000</ele>
      </trkpt>
      <trkpt lat="52.043240000" lon="5.490350000">
        <ele>5.000</ele>
      </trkpt>
      <trkpt lat="52.043320000" lon="5.490340000">
        <ele>5.000</ele>
      </trkpt>
      <trkpt lat="52.043380000" lon="5.490320000">
        <ele>5.000</ele>
      </trkpt>
      <trkpt lat="52.043450000" lon="5.490320000">
        <ele>5.000</ele>
      </trkpt>
      <trkpt lat="52.043510000" lon="5.490320000">
        <ele>5.000</ele>
      </trkpt>
      <trkpt lat="52.043560000" lon="5.490310000">
        <ele>5.000</ele>
      </trkpt>
      <trkpt lat="52.043620000" lon="5.490320000">
        <ele>5.000</ele>
      </trkpt>
      <trkpt lat="52.043660000" lon="5.490320000">
        <ele>5.000</ele>
      </trkpt>
      <trkpt lat="52.043710000" lon="5.490320000">
        <ele>5.000</ele>
      </trkpt>
      <trkpt lat="52.043770000" lon="5.490330000">
        <ele>5.000</ele>
      </trkpt>
      <trkpt lat="52.043850000" lon="5.490340000">
        <ele>5.000</ele>
      </trkpt>
      <trkpt lat="52.044740000" lon="5.490500000">
        <ele>5.000</ele>
      </trkpt>
      <trkpt lat="52.044920000" lon="5.490530000">
        <ele>5.000</ele>
      </trkpt>
      <trkpt lat="52.045050000" lon="5.490550000">
        <ele>5.000</ele>
      </trkpt>
      <trkpt lat="52.046170000" lon="5.490750000">
        <ele>5.000</ele>
      </trkpt>
      <trkpt lat="52.046800000" lon="5.490860000">
        <ele>5.000</ele>
      </trkpt>
      <trkpt lat="52.047040000" lon="5.490910000">
        <ele>5.000</ele>
      </trkpt>
      <trkpt lat="52.047200000" lon="5.490940000">
        <ele>4.000</ele>
      </trkpt>
      <trkpt lat="52.047330000" lon="5.490960000">
        <ele>4.000</ele>
      </trkpt>
      <trkpt lat="52.047370000" lon="5.490960000">
        <ele>4.000</ele>
      </trkpt>
      <trkpt lat="52.047510000" lon="5.490990000">
        <ele>4.000</ele>
      </trkpt>
      <trkpt lat="52.047530000" lon="5.490990000">
        <ele>4.000</ele>
      </trkpt>
      <trkpt lat="52.047850000" lon="5.491050000">
        <ele>4.000</ele>
      </trkpt>
      <trkpt lat="52.047920000" lon="5.491060000">
        <ele>4.000</ele>
      </trkpt>
      <trkpt lat="52.048070000" lon="5.491090000">
        <ele>4.000</ele>
      </trkpt>
      <trkpt lat="52.048170000" lon="5.491110000">
        <ele>4.000</ele>
      </trkpt>
      <trkpt lat="52.048250000" lon="5.491120000">
        <ele>4.000</ele>
      </trkpt>
      <trkpt lat="52.048320000" lon="5.491130000">
        <ele>4.000</ele>
      </trkpt>
      <trkpt lat="52.048500000" lon="5.491160000">
        <ele>4.000</ele>
      </trkpt>
      <trkpt lat="52.048580000" lon="5.491170000">
        <ele>4.000</ele>
      </trkpt>
      <trkpt lat="52.048840000" lon="5.491210000">
        <ele>4.000</ele>
      </trkpt>
      <trkpt lat="52.048890000" lon="5.491220000">
        <ele>4.000</ele>
      </trkpt>
      <trkpt lat="52.048940000" lon="5.491230000">
        <ele>4.000</ele>
      </trkpt>
      <trkpt lat="52.049660000" lon="5.491350000">
        <ele>4.000</ele>
      </trkpt>
      <trkpt lat="52.049780000" lon="5.491370000">
        <ele>4.000</ele>
      </trkpt>
      <trkpt lat="52.049840000" lon="5.491380000">
        <ele>4.000</ele>
      </trkpt>
      <trkpt lat="52.050020000" lon="5.491410000">
        <ele>4.000</ele>
      </trkpt>
      <trkpt lat="52.050190000" lon="5.491440000">
        <ele>4.000</ele>
      </trkpt>
      <trkpt lat="52.050610000" lon="5.491510000">
        <ele>4.000</ele>
      </trkpt>
      <trkpt lat="52.051060000" lon="5.491580000">
        <ele>4.000</ele>
      </trkpt>
      <trkpt lat="52.051070000" lon="5.491580000">
        <ele>4.000</ele>
      </trkpt>
      <trkpt lat="52.051110000" lon="5.491580000">
        <ele>4.000</ele>
      </trkpt>
      <trkpt lat="52.051410000" lon="5.491620000">
        <ele>4.000</ele>
      </trkpt>
      <trkpt lat="52.051580000" lon="5.491640000">
        <ele>4.000</ele>
      </trkpt>
      <trkpt lat="52.051760000" lon="5.491670000">
        <ele>4.000</ele>
      </trkpt>
      <trkpt lat="52.052110000" lon="5.491730000">
        <ele>4.000</ele>
      </trkpt>
      <trkpt lat="52.052290000" lon="5.491760000">
        <ele>4.000</ele>
      </trkpt>
      <trkpt lat="52.053010000" lon="5.491890000">
        <ele>4.000</ele>
      </trkpt>
      <trkpt lat="52.053190000" lon="5.491920000">
        <ele>4.000</ele>
      </trkpt>
      <trkpt lat="52.054080000" lon="5.492080000">
        <ele>4.000</ele>
      </trkpt>
      <trkpt lat="52.054260000" lon="5.492110000">
        <ele>4.000</ele>
      </trkpt>
      <trkpt lat="52.054620000" lon="5.492170000">
        <ele>4.000</ele>
      </trkpt>
      <trkpt lat="52.055690000" lon="5.492360000">
        <ele>4.000</ele>
      </trkpt>
      <trkpt lat="52.055870000" lon="5.492390000">
        <ele>4.000</ele>
      </trkpt>
      <trkpt lat="52.056410000" lon="5.492490000">
        <ele>4.000</ele>
      </trkpt>
      <trkpt lat="52.056580000" lon="5.492520000">
        <ele>4.000</ele>
      </trkpt>
      <trkpt lat="52.056740000" lon="5.492550000">
        <ele>4.000</ele>
      </trkpt>
      <trkpt lat="52.056760000" lon="5.492550000">
        <ele>4.000</ele>
      </trkpt>
      <trkpt lat="52.056820000" lon="5.492570000">
        <ele>5.000</ele>
      </trkpt>
      <trkpt lat="52.056910000" lon="5.492620000">
        <ele>5.000</ele>
      </trkpt>
      <trkpt lat="52.056960000" lon="5.492680000">
        <ele>5.000</ele>
      </trkpt>
      <trkpt lat="52.057040000" lon="5.492770000">
        <ele>5.000</ele>
      </trkpt>
      <trkpt lat="52.057110000" lon="5.492930000">
        <ele>5.000</ele>
      </trkpt>
      <trkpt lat="52.057140000" lon="5.493010000">
        <ele>5.000</ele>
      </trkpt>
      <trkpt lat="52.057150000" lon="5.493070000">
        <ele>5.000</ele>
      </trkpt>
      <trkpt lat="52.057170000" lon="5.493160000">
        <ele>5.000</ele>
      </trkpt>
      <trkpt lat="52.057180000" lon="5.493240000">
        <ele>5.000</ele>
      </trkpt>
      <trkpt lat="52.057190000" lon="5.493390000">
        <ele>5.000</ele>
      </trkpt>
      <trkpt lat="52.057190000" lon="5.493510000">
        <ele>5.000</ele>
      </trkpt>
      <trkpt lat="52.057170000" lon="5.493750000">
        <ele>5.000</ele>
      </trkpt>
      <trkpt lat="52.057150000" lon="5.494030000">
        <ele>5.000</ele>
      </trkpt>
      <trkpt lat="52.057030000" lon="5.495070000">
        <ele>5.000</ele>
      </trkpt>
      <trkpt lat="52.057030000" lon="5.495190000">
        <ele>5.000</ele>
      </trkpt>
      <trkpt lat="52.057010000" lon="5.495320000">
        <ele>5.000</ele>
      </trkpt>
      <trkpt lat="52.057010000" lon="5.495510000">
        <ele>5.000</ele>
      </trkpt>
      <trkpt lat="52.057010000" lon="5.495710000">
        <ele>5.000</ele>
      </trkpt>
      <trkpt lat="52.057020000" lon="5.496080000">
        <ele>5.000</ele>
      </trkpt>
      <trkpt lat="52.057070000" lon="5.497030000">
        <ele>5.000</ele>
      </trkpt>
      <trkpt lat="52.057080000" lon="5.497200000">
        <ele>5.000</ele>
      </trkpt>
      <trkpt lat="52.057080000" lon="5.497370000">
        <ele>5.000</ele>
      </trkpt>
      <trkpt lat="52.057080000" lon="5.497550000">
        <ele>5.000</ele>
      </trkpt>
      <trkpt lat="52.057070000" lon="5.497640000">
        <ele>5.000</ele>
      </trkpt>
      <trkpt lat="52.057070000" lon="5.497700000">
        <ele>5.000</ele>
      </trkpt>
      <trkpt lat="52.057060000" lon="5.497790000">
        <ele>5.000</ele>
      </trkpt>
      <trkpt lat="52.057030000" lon="5.498130000">
        <ele>5.000</ele>
      </trkpt>
      <trkpt lat="52.056970000" lon="5.498550000">
        <ele>5.000</ele>
      </trkpt>
      <trkpt lat="52.056920000" lon="5.499000000">
        <ele>5.000</ele>
      </trkpt>
      <trkpt lat="52.056890000" lon="5.499170000">
        <ele>5.000</ele>
      </trkpt>
      <trkpt lat="52.056880000" lon="5.499240000">
        <ele>5.000</ele>
      </trkpt>
      <trkpt lat="52.056870000" lon="5.499320000">
        <ele>5.000</ele>
      </trkpt>
      <trkpt lat="52.056870000" lon="5.499390000">
        <ele>5.000</ele>
      </trkpt>
      <trkpt lat="52.056860000" lon="5.499470000">
        <ele>5.000</ele>
      </trkpt>
      <trkpt lat="52.056860000" lon="5.499540000">
        <ele>5.000</ele>
      </trkpt>
      <trkpt lat="52.056860000" lon="5.499610000">
        <ele>5.000</ele>
      </trkpt>
      <trkpt lat="52.056860000" lon="5.499740000">
        <ele>5.000</ele>
      </trkpt>
      <trkpt lat="52.056870000" lon="5.499780000">
        <ele>5.000</ele>
      </trkpt>
      <trkpt lat="52.056870000" lon="5.499830000">
        <ele>5.000</ele>
      </trkpt>
      <trkpt lat="52.056890000" lon="5.499910000">
        <ele>5.000</ele>
      </trkpt>
      <trkpt lat="52.056890000" lon="5.499910000">
        <ele>5.000</ele>
      </trkpt>
      <trkpt lat="52.056910000" lon="5.499990000">
        <ele>5.000</ele>
      </trkpt>
      <trkpt lat="52.056950000" lon="5.500100000">
        <ele>5.000</ele>
      </trkpt>
      <trkpt lat="52.056990000" lon="5.500170000">
        <ele>5.000</ele>
      </trkpt>
      <trkpt lat="52.057020000" lon="5.500230000">
        <ele>5.000</ele>
      </trkpt>
      <trkpt lat="52.057080000" lon="5.500320000">
        <ele>5.000</ele>
      </trkpt>
      <trkpt lat="52.057140000" lon="5.500380000">
        <ele>5.000</ele>
      </trkpt>
      <trkpt lat="52.057210000" lon="5.500430000">
        <ele>5.000</ele>
      </trkpt>
      <trkpt lat="52.057280000" lon="5.500480000">
        <ele>5.000</ele>
      </trkpt>
      <trkpt lat="52.057340000" lon="5.500500000">
        <ele>5.000</ele>
      </trkpt>
      <trkpt lat="52.057410000" lon="5.500520000">
        <ele>5.000</ele>
      </trkpt>
      <trkpt lat="52.057550000" lon="5.500520000">
        <ele>5.000</ele>
      </trkpt>
      <trkpt lat="52.058120000" lon="5.500500000">
        <ele>5.000</ele>
      </trkpt>
      <trkpt lat="52.058170000" lon="5.500500000">
        <ele>5.000</ele>
      </trkpt>
      <trkpt lat="52.058300000" lon="5.500500000">
        <ele>5.000</ele>
      </trkpt>
      <trkpt lat="52.058340000" lon="5.500490000">
        <ele>5.000</ele>
      </trkpt>
      <trkpt lat="52.058760000" lon="5.500480000">
        <ele>5.000</ele>
      </trkpt>
      <trkpt lat="52.059040000" lon="5.500450000">
        <ele>4.000</ele>
      </trkpt>
      <trkpt lat="52.059190000" lon="5.500430000">
        <ele>4.000</ele>
      </trkpt>
      <trkpt lat="52.059270000" lon="5.500410000">
        <ele>4.000</ele>
      </trkpt>
      <trkpt lat="52.059310000" lon="5.500400000">
        <ele>4.000</ele>
      </trkpt>
      <trkpt lat="52.059430000" lon="5.500370000">
        <ele>4.000</ele>
      </trkpt>
      <trkpt lat="52.059490000" lon="5.500360000">
        <ele>4.000</ele>
      </trkpt>
      <trkpt lat="52.059630000" lon="5.500330000">
        <ele>4.000</ele>
      </trkpt>
      <trkpt lat="52.059830000" lon="5.500280000">
        <ele>4.000</ele>
      </trkpt>
      <trkpt lat="52.060210000" lon="5.500200000">
        <ele>4.000</ele>
      </trkpt>
      <trkpt lat="52.060910000" lon="5.500060000">
        <ele>4.000</ele>
      </trkpt>
      <trkpt lat="52.061280000" lon="5.499990000">
        <ele>4.000</ele>
      </trkpt>
      <trkpt lat="52.062170000" lon="5.499840000">
        <ele>4.000</ele>
      </trkpt>
      <trkpt lat="52.062500000" lon="5.499780000">
        <ele>4.000</ele>
      </trkpt>
      <trkpt lat="52.063170000" lon="5.499660000">
        <ele>4.000</ele>
      </trkpt>
      <trkpt lat="52.063520000" lon="5.499620000">
        <ele>4.000</ele>
      </trkpt>
      <trkpt lat="52.063600000" lon="5.499600000">
        <ele>5.000</ele>
      </trkpt>
      <trkpt lat="52.063770000" lon="5.499580000">
        <ele>5.000</ele>
      </trkpt>
      <trkpt lat="52.064030000" lon="5.499530000">
        <ele>5.000</ele>
      </trkpt>
      <trkpt lat="52.064320000" lon="5.499480000">
        <ele>5.000</ele>
      </trkpt>
      <trkpt lat="52.064500000" lon="5.499440000">
        <ele>5.000</ele>
      </trkpt>
      <trkpt lat="52.064560000" lon="5.499430000">
        <ele>6.000</ele>
      </trkpt>
      <trkpt lat="52.064630000" lon="5.499430000">
        <ele>6.000</ele>
      </trkpt>
      <trkpt lat="52.064690000" lon="5.499430000">
        <ele>6.000</ele>
      </trkpt>
      <trkpt lat="52.064780000" lon="5.499420000">
        <ele>6.000</ele>
      </trkpt>
      <trkpt lat="52.064790000" lon="5.499420000">
        <ele>6.000</ele>
      </trkpt>
      <trkpt lat="52.064790000" lon="5.499420000">
        <ele>6.000</ele>
      </trkpt>
      <trkpt lat="52.064920000" lon="5.499430000">
        <ele>6.000</ele>
      </trkpt>
      <trkpt lat="52.065120000" lon="5.499450000">
        <ele>6.000</ele>
      </trkpt>
      <trkpt lat="52.065280000" lon="5.499480000">
        <ele>6.000</ele>
      </trkpt>
      <trkpt lat="52.065390000" lon="5.499500000">
        <ele>6.000</ele>
      </trkpt>
      <trkpt lat="52.065570000" lon="5.499540000">
        <ele>6.000</ele>
      </trkpt>
      <trkpt lat="52.065720000" lon="5.499580000">
        <ele>6.000</ele>
      </trkpt>
      <trkpt lat="52.066190000" lon="5.499700000">
        <ele>6.000</ele>
      </trkpt>
      <trkpt lat="52.066520000" lon="5.499790000">
        <ele>6.000</ele>
      </trkpt>
      <trkpt lat="52.066640000" lon="5.499820000">
        <ele>6.000</ele>
      </trkpt>
      <trkpt lat="52.066720000" lon="5.499840000">
        <ele>6.000</ele>
      </trkpt>
      <trkpt lat="52.066790000" lon="5.499850000">
        <ele>6.000</ele>
      </trkpt>
      <trkpt lat="52.066810000" lon="5.499860000">
        <ele>6.000</ele>
      </trkpt>
      <trkpt lat="52.066850000" lon="5.499870000">
        <ele>6.000</ele>
      </trkpt>
      <trkpt lat="52.066930000" lon="5.499890000">
        <ele>6.000</ele>
      </trkpt>
      <trkpt lat="52.066990000" lon="5.499890000">
        <ele>6.000</ele>
      </trkpt>
      <trkpt lat="52.067070000" lon="5.499900000">
        <ele>6.000</ele>
      </trkpt>
      <trkpt lat="52.067170000" lon="5.499890000">
        <ele>6.000</ele>
      </trkpt>
      <trkpt lat="52.067190000" lon="5.499890000">
        <ele>6.000</ele>
      </trkpt>
      <trkpt lat="52.067300000" lon="5.499880000">
        <ele>6.000</ele>
      </trkpt>
      <trkpt lat="52.067390000" lon="5.499870000">
        <ele>6.000</ele>
      </trkpt>
      <trkpt lat="52.067530000" lon="5.499840000">
        <ele>6.000</ele>
      </trkpt>
      <trkpt lat="52.067640000" lon="5.499790000">
        <ele>6.000</ele>
      </trkpt>
      <trkpt lat="52.067700000" lon="5.499760000">
        <ele>6.000</ele>
      </trkpt>
      <trkpt lat="52.068390000" lon="5.499430000">
        <ele>6.000</ele>
      </trkpt>
      <trkpt lat="52.069200000" lon="5.499020000">
        <ele>5.000</ele>
      </trkpt>
      <trkpt lat="52.069450000" lon="5.498900000">
        <ele>5.000</ele>
      </trkpt>
      <trkpt lat="52.069530000" lon="5.498860000">
        <ele>5.000</ele>
      </trkpt>
      <trkpt lat="52.069630000" lon="5.498830000">
        <ele>5.000</ele>
      </trkpt>
      <trkpt lat="52.069740000" lon="5.498810000">
        <ele>5.000</ele>
      </trkpt>
      <trkpt lat="52.069810000" lon="5.498790000">
        <ele>5.000</ele>
      </trkpt>
      <trkpt lat="52.069880000" lon="5.498790000">
        <ele>5.000</ele>
      </trkpt>
      <trkpt lat="52.069990000" lon="5.498800000">
        <ele>5.000</ele>
      </trkpt>
      <trkpt lat="52.070120000" lon="5.498810000">
        <ele>5.000</ele>
      </trkpt>
      <trkpt lat="52.070420000" lon="5.498900000">
        <ele>5.000</ele>
      </trkpt>
      <trkpt lat="52.070460000" lon="5.498920000">
        <ele>5.000</ele>
      </trkpt>
      <trkpt lat="52.070530000" lon="5.498970000">
        <ele>5.000</ele>
      </trkpt>
      <trkpt lat="52.070670000" lon="5.499060000">
        <ele>5.000</ele>
      </trkpt>
      <trkpt lat="52.070880000" lon="5.499250000">
        <ele>5.000</ele>
      </trkpt>
      <trkpt lat="52.071020000" lon="5.499380000">
        <ele>5.000</ele>
      </trkpt>
      <trkpt lat="52.071270000" lon="5.499680000">
        <ele>5.000</ele>
      </trkpt>
      <trkpt lat="52.071660000" lon="5.500140000">
        <ele>5.000</ele>
      </trkpt>
      <trkpt lat="52.072300000" lon="5.500870000">
        <ele>5.000</ele>
      </trkpt>
      <trkpt lat="52.072440000" lon="5.501020000">
        <ele>5.000</ele>
      </trkpt>
      <trkpt lat="52.072790000" lon="5.501450000">
        <ele>5.000</ele>
      </trkpt>
      <trkpt lat="52.072840000" lon="5.501510000">
        <ele>5.000</ele>
      </trkpt>
      <trkpt lat="52.072890000" lon="5.501560000">
        <ele>5.000</ele>
      </trkpt>
      <trkpt lat="52.073130000" lon="5.501780000">
        <ele>5.000</ele>
      </trkpt>
      <trkpt lat="52.073140000" lon="5.501790000">
        <ele>5.000</ele>
      </trkpt>
      <trkpt lat="52.073260000" lon="5.501870000">
        <ele>5.000</ele>
      </trkpt>
      <trkpt lat="52.073320000" lon="5.501910000">
        <ele>5.000</ele>
      </trkpt>
      <trkpt lat="52.073440000" lon="5.501980000">
        <ele>5.000</ele>
      </trkpt>
      <trkpt lat="52.073610000" lon="5.502040000">
        <ele>5.000</ele>
      </trkpt>
      <trkpt lat="52.073670000" lon="5.502050000">
        <ele>5.000</ele>
      </trkpt>
      <trkpt lat="52.073930000" lon="5.502050000">
        <ele>5.000</ele>
      </trkpt>
      <trkpt lat="52.073980000" lon="5.502030000">
        <ele>5.000</ele>
      </trkpt>
      <trkpt lat="52.074340000" lon="5.501860000">
        <ele>5.000</ele>
      </trkpt>
      <trkpt lat="52.074390000" lon="5.501830000">
        <ele>5.000</ele>
      </trkpt>
      <trkpt lat="52.074760000" lon="5.501580000">
        <ele>5.000</ele>
      </trkpt>
      <trkpt lat="52.075800000" lon="5.500880000">
        <ele>5.000</ele>
      </trkpt>
      <trkpt lat="52.076570000" lon="5.500360000">
        <ele>5.000</ele>
      </trkpt>
      <trkpt lat="52.076860000" lon="5.500190000">
        <ele>5.000</ele>
      </trkpt>
      <trkpt lat="52.077200000" lon="5.499950000">
        <ele>5.000</ele>
      </trkpt>
      <trkpt lat="52.077270000" lon="5.499900000">
        <ele>5.000</ele>
      </trkpt>
      <trkpt lat="52.077330000" lon="5.499850000">
        <ele>5.000</ele>
      </trkpt>
      <trkpt lat="52.077450000" lon="5.499690000">
        <ele>5.000</ele>
      </trkpt>
      <trkpt lat="52.077490000" lon="5.499650000">
        <ele>5.000</ele>
      </trkpt>
      <trkpt lat="52.077570000" lon="5.499580000">
        <ele>5.000</ele>
      </trkpt>
      <trkpt lat="52.077640000" lon="5.499530000">
        <ele>5.000</ele>
      </trkpt>
      <trkpt lat="52.077640000" lon="5.499530000">
        <ele>5.000</ele>
      </trkpt>
      <trkpt lat="52.077650000" lon="5.499530000">
        <ele>5.000</ele>
      </trkpt>
      <trkpt lat="52.077650000" lon="5.499540000">
        <ele>5.000</ele>
      </trkpt>
      <trkpt lat="52.077650000" lon="5.499550000">
        <ele>5.000</ele>
      </trkpt>
      <trkpt lat="52.077650000" lon="5.499560000">
        <ele>5.000</ele>
      </trkpt>
      <trkpt lat="52.077660000" lon="5.499560000">
        <ele>5.000</ele>
      </trkpt>
      <trkpt lat="52.077660000" lon="5.499570000">
        <ele>5.000</ele>
      </trkpt>
      <trkpt lat="52.077660000" lon="5.499580000">
        <ele>5.000</ele>
      </trkpt>
      <trkpt lat="52.077670000" lon="5.499580000">
        <ele>5.000</ele>
      </trkpt>
      <trkpt lat="52.077670000" lon="5.499590000">
        <ele>5.000</ele>
      </trkpt>
      <trkpt lat="52.077680000" lon="5.499590000">
        <ele>5.000</ele>
      </trkpt>
      <trkpt lat="52.077690000" lon="5.499600000">
        <ele>5.000</ele>
      </trkpt>
      <trkpt lat="52.077700000" lon="5.499600000">
        <ele>5.000</ele>
      </trkpt>
      <trkpt lat="52.077700000" lon="5.499610000">
        <ele>5.000</ele>
      </trkpt>
      <trkpt lat="52.077710000" lon="5.499610000">
        <ele>5.000</ele>
      </trkpt>
      <trkpt lat="52.077720000" lon="5.499610000">
        <ele>5.000</ele>
      </trkpt>
      <trkpt lat="52.077730000" lon="5.499610000">
        <ele>5.000</ele>
      </trkpt>
      <trkpt lat="52.077730000" lon="5.499600000">
        <ele>5.000</ele>
      </trkpt>
      <trkpt lat="52.077740000" lon="5.499600000">
        <ele>5.000</ele>
      </trkpt>
      <trkpt lat="52.077750000" lon="5.499600000">
        <ele>5.000</ele>
      </trkpt>
      <trkpt lat="52.077750000" lon="5.499590000">
        <ele>5.000</ele>
      </trkpt>
      <trkpt lat="52.077760000" lon="5.499590000">
        <ele>5.000</ele>
      </trkpt>
      <trkpt lat="52.077760000" lon="5.499580000">
        <ele>5.000</ele>
      </trkpt>
      <trkpt lat="52.077770000" lon="5.499580000">
        <ele>5.000</ele>
      </trkpt>
      <trkpt lat="52.077770000" lon="5.499570000">
        <ele>5.000</ele>
      </trkpt>
      <trkpt lat="52.077780000" lon="5.499560000">
        <ele>5.000</ele>
      </trkpt>
      <trkpt lat="52.077780000" lon="5.499550000">
        <ele>5.000</ele>
      </trkpt>
      <trkpt lat="52.077780000" lon="5.499540000">
        <ele>5.000</ele>
      </trkpt>
      <trkpt lat="52.077790000" lon="5.499540000">
        <ele>5.000</ele>
      </trkpt>
      <trkpt lat="52.077790000" lon="5.499530000">
        <ele>5.000</ele>
      </trkpt>
      <trkpt lat="52.077940000" lon="5.499600000">
        <ele>5.000</ele>
      </trkpt>
      <trkpt lat="52.078160000" lon="5.499690000">
        <ele>5.000</ele>
      </trkpt>
      <trkpt lat="52.078220000" lon="5.499730000">
        <ele>5.000</ele>
      </trkpt>
      <trkpt lat="52.078250000" lon="5.499740000">
        <ele>5.000</ele>
      </trkpt>
      <trkpt lat="52.078460000" lon="5.499840000">
        <ele>5.000</ele>
      </trkpt>
      <trkpt lat="52.078480000" lon="5.499860000">
        <ele>5.000</ele>
      </trkpt>
      <trkpt lat="52.078640000" lon="5.500010000">
        <ele>5.000</ele>
      </trkpt>
      <trkpt lat="52.078860000" lon="5.500220000">
        <ele>5.000</ele>
      </trkpt>
      <trkpt lat="52.078920000" lon="5.500290000">
        <ele>5.000</ele>
      </trkpt>
      <trkpt lat="52.078960000" lon="5.500330000">
        <ele>5.000</ele>
      </trkpt>
      <trkpt lat="52.079350000" lon="5.500860000">
        <ele>5.000</ele>
      </trkpt>
      <trkpt lat="52.079570000" lon="5.501340000">
        <ele>5.000</ele>
      </trkpt>
      <trkpt lat="52.079680000" lon="5.501620000">
        <ele>5.000</ele>
      </trkpt>
      <trkpt lat="52.079760000" lon="5.501810000">
        <ele>5.000</ele>
      </trkpt>
      <trkpt lat="52.079800000" lon="5.501990000">
        <ele>5.000</ele>
      </trkpt>
      <trkpt lat="52.079930000" lon="5.502450000">
        <ele>5.000</ele>
      </trkpt>
      <trkpt lat="52.079990000" lon="5.502810000">
        <ele>5.000</ele>
      </trkpt>
      <trkpt lat="52.079990000" lon="5.502860000">
        <ele>5.000</ele>
      </trkpt>
      <trkpt lat="52.079980000" lon="5.502930000">
        <ele>5.000</ele>
      </trkpt>
      <trkpt lat="52.079980000" lon="5.502930000">
        <ele>5.000</ele>
      </trkpt>
      <trkpt lat="52.079970000" lon="5.502940000">
        <ele>5.000</ele>
      </trkpt>
      <trkpt lat="52.079960000" lon="5.502960000">
        <ele>5.000</ele>
      </trkpt>
      <trkpt lat="52.079960000" lon="5.502970000">
        <ele>5.000</ele>
      </trkpt>
      <trkpt lat="52.079950000" lon="5.502980000">
        <ele>5.000</ele>
      </trkpt>
      <trkpt lat="52.079950000" lon="5.503000000">
        <ele>5.000</ele>
      </trkpt>
      <trkpt lat="52.079950000" lon="5.503010000">
        <ele>5.000</ele>
      </trkpt>
      <trkpt lat="52.079940000" lon="5.503020000">
        <ele>5.000</ele>
      </trkpt>
      <trkpt lat="52.079940000" lon="5.503050000">
        <ele>5.000</ele>
      </trkpt>
      <trkpt lat="52.079940000" lon="5.503060000">
        <ele>5.000</ele>
      </trkpt>
      <trkpt lat="52.079940000" lon="5.503070000">
        <ele>5.000</ele>
      </trkpt>
      <trkpt lat="52.079940000" lon="5.503090000">
        <ele>5.000</ele>
      </trkpt>
      <trkpt lat="52.079940000" lon="5.503100000">
        <ele>5.000</ele>
      </trkpt>
      <trkpt lat="52.079940000" lon="5.503110000">
        <ele>5.000</ele>
      </trkpt>
      <trkpt lat="52.079940000" lon="5.503130000">
        <ele>5.000</ele>
      </trkpt>
      <trkpt lat="52.079940000" lon="5.503140000">
        <ele>5.000</ele>
      </trkpt>
      <trkpt lat="52.079940000" lon="5.503150000">
        <ele>5.000</ele>
      </trkpt>
      <trkpt lat="52.079950000" lon="5.503170000">
        <ele>5.000</ele>
      </trkpt>
      <trkpt lat="52.079950000" lon="5.503180000">
        <ele>5.000</ele>
      </trkpt>
      <trkpt lat="52.079950000" lon="5.503200000">
        <ele>5.000</ele>
      </trkpt>
      <trkpt lat="52.079960000" lon="5.503210000">
        <ele>5.000</ele>
      </trkpt>
      <trkpt lat="52.079960000" lon="5.503220000">
        <ele>5.000</ele>
      </trkpt>
      <trkpt lat="52.079970000" lon="5.503230000">
        <ele>5.000</ele>
      </trkpt>
      <trkpt lat="52.079980000" lon="5.503250000">
        <ele>5.000</ele>
      </trkpt>
      <trkpt lat="52.079980000" lon="5.503260000">
        <ele>5.000</ele>
      </trkpt>
      <trkpt lat="52.079990000" lon="5.503270000">
        <ele>5.000</ele>
      </trkpt>
      <trkpt lat="52.080000000" lon="5.503280000">
        <ele>5.000</ele>
      </trkpt>
      <trkpt lat="52.080000000" lon="5.503290000">
        <ele>5.000</ele>
      </trkpt>
      <trkpt lat="52.080010000" lon="5.503300000">
        <ele>5.000</ele>
      </trkpt>
      <trkpt lat="52.080020000" lon="5.503300000">
        <ele>5.000</ele>
      </trkpt>
      <trkpt lat="52.080030000" lon="5.503310000">
        <ele>5.000</ele>
      </trkpt>
      <trkpt lat="52.080040000" lon="5.503320000">
        <ele>5.000</ele>
      </trkpt>
      <trkpt lat="52.080050000" lon="5.503320000">
        <ele>5.000</ele>
      </trkpt>
      <trkpt lat="52.080060000" lon="5.503320000">
        <ele>5.000</ele>
      </trkpt>
      <trkpt lat="52.080070000" lon="5.503330000">
        <ele>5.000</ele>
      </trkpt>
      <trkpt lat="52.080080000" lon="5.503330000">
        <ele>5.000</ele>
      </trkpt>
      <trkpt lat="52.080090000" lon="5.503330000">
        <ele>5.000</ele>
      </trkpt>
      <trkpt lat="52.080100000" lon="5.503330000">
        <ele>5.000</ele>
      </trkpt>
      <trkpt lat="52.080110000" lon="5.503320000">
        <ele>5.000</ele>
      </trkpt>
      <trkpt lat="52.080120000" lon="5.503320000">
        <ele>5.000</ele>
      </trkpt>
      <trkpt lat="52.080130000" lon="5.503310000">
        <ele>5.000</ele>
      </trkpt>
      <trkpt lat="52.080140000" lon="5.503310000">
        <ele>5.000</ele>
      </trkpt>
      <trkpt lat="52.080150000" lon="5.503300000">
        <ele>5.000</ele>
      </trkpt>
      <trkpt lat="52.080160000" lon="5.503300000">
        <ele>5.000</ele>
      </trkpt>
      <trkpt lat="52.080170000" lon="5.503290000">
        <ele>5.000</ele>
      </trkpt>
      <trkpt lat="52.080170000" lon="5.503280000">
        <ele>5.000</ele>
      </trkpt>
      <trkpt lat="52.080180000" lon="5.503270000">
        <ele>5.000</ele>
      </trkpt>
      <trkpt lat="52.080190000" lon="5.503260000">
        <ele>5.000</ele>
      </trkpt>
      <trkpt lat="52.080200000" lon="5.503250000">
        <ele>5.000</ele>
      </trkpt>
      <trkpt lat="52.080200000" lon="5.503230000">
        <ele>5.000</ele>
      </trkpt>
      <trkpt lat="52.080210000" lon="5.503220000">
        <ele>5.000</ele>
      </trkpt>
      <trkpt lat="52.080210000" lon="5.503210000">
        <ele>5.000</ele>
      </trkpt>
      <trkpt lat="52.080220000" lon="5.503190000">
        <ele>5.000</ele>
      </trkpt>
      <trkpt lat="52.080220000" lon="5.503180000">
        <ele>5.000</ele>
      </trkpt>
      <trkpt lat="52.080220000" lon="5.503170000">
        <ele>5.000</ele>
      </trkpt>
      <trkpt lat="52.080230000" lon="5.503150000">
        <ele>5.000</ele>
      </trkpt>
      <trkpt lat="52.080230000" lon="5.503140000">
        <ele>5.000</ele>
      </trkpt>
      <trkpt lat="52.080230000" lon="5.503120000">
        <ele>5.000</ele>
      </trkpt>
      <trkpt lat="52.080230000" lon="5.503100000">
        <ele>5.000</ele>
      </trkpt>
      <trkpt lat="52.080230000" lon="5.503090000">
        <ele>5.000</ele>
      </trkpt>
      <trkpt lat="52.080230000" lon="5.503070000">
        <ele>5.000</ele>
      </trkpt>
      <trkpt lat="52.080230000" lon="5.503060000">
        <ele>5.000</ele>
      </trkpt>
      <trkpt lat="52.080230000" lon="5.503040000">
        <ele>5.000</ele>
      </trkpt>
      <trkpt lat="52.080230000" lon="5.503030000">
        <ele>5.000</ele>
      </trkpt>
      <trkpt lat="52.080220000" lon="5.503010000">
        <ele>5.000</ele>
      </trkpt>
      <trkpt lat="52.080220000" lon="5.503000000">
        <ele>5.000</ele>
      </trkpt>
      <trkpt lat="52.080210000" lon="5.502980000">
        <ele>5.000</ele>
      </trkpt>
      <trkpt lat="52.080640000" lon="5.502680000">
        <ele>5.000</ele>
      </trkpt>
      <trkpt lat="52.080710000" lon="5.502600000">
        <ele>5.000</ele>
      </trkpt>
      <trkpt lat="52.080970000" lon="5.502430000">
        <ele>5.000</ele>
      </trkpt>
      <trkpt lat="52.081840000" lon="5.501880000">
        <ele>5.000</ele>
      </trkpt>
      <trkpt lat="52.082050000" lon="5.501750000">
        <ele>5.000</ele>
      </trkpt>
      <trkpt lat="52.083080000" lon="5.501110000">
        <ele>5.000</ele>
      </trkpt>
      <trkpt lat="52.083290000" lon="5.500970000">
        <ele>5.000</ele>
      </trkpt>
      <trkpt lat="52.083410000" lon="5.500870000">
        <ele>5.000</ele>
      </trkpt>
      <trkpt lat="52.083580000" lon="5.500740000">
        <ele>5.000</ele>
      </trkpt>
      <trkpt lat="52.083660000" lon="5.500660000">
        <ele>5.000</ele>
      </trkpt>
      <trkpt lat="52.083900000" lon="5.500440000">
        <ele>5.000</ele>
      </trkpt>
      <trkpt lat="52.084150000" lon="5.500160000">
        <ele>5.000</ele>
      </trkpt>
      <trkpt lat="52.084300000" lon="5.499960000">
        <ele>5.000</ele>
      </trkpt>
      <trkpt lat="52.084410000" lon="5.499830000">
        <ele>5.000</ele>
      </trkpt>
      <trkpt lat="52.084630000" lon="5.499510000">
        <ele>5.000</ele>
      </trkpt>
      <trkpt lat="52.084820000" lon="5.499180000">
        <ele>5.000</ele>
      </trkpt>
      <trkpt lat="52.084940000" lon="5.498940000">
        <ele>5.000</ele>
      </trkpt>
      <trkpt lat="52.085040000" lon="5.498760000">
        <ele>5.000</ele>
      </trkpt>
      <trkpt lat="52.085170000" lon="5.498480000">
        <ele>5.000</ele>
      </trkpt>
      <trkpt lat="52.085190000" lon="5.498420000">
        <ele>5.000</ele>
      </trkpt>
      <trkpt lat="52.085380000" lon="5.497940000">
        <ele>5.000</ele>
      </trkpt>
      <trkpt lat="52.085450000" lon="5.497730000">
        <ele>5.000</ele>
      </trkpt>
      <trkpt lat="52.085520000" lon="5.497530000">
        <ele>5.000</ele>
      </trkpt>
      <trkpt lat="52.085580000" lon="5.497310000">
        <ele>5.000</ele>
      </trkpt>
      <trkpt lat="52.085600000" lon="5.497210000">
        <ele>5.000</ele>
      </trkpt>
      <trkpt lat="52.085650000" lon="5.497050000">
        <ele>5.000</ele>
      </trkpt>
      <trkpt lat="52.085720000" lon="5.496710000">
        <ele>5.000</ele>
      </trkpt>
      <trkpt lat="52.085770000" lon="5.496470000">
        <ele>5.000</ele>
      </trkpt>
      <trkpt lat="52.085770000" lon="5.496470000">
        <ele>5.000</ele>
      </trkpt>
      <trkpt lat="52.085770000" lon="5.496460000">
        <ele>5.000</ele>
      </trkpt>
      <trkpt lat="52.085790000" lon="5.496380000">
        <ele>5.000</ele>
      </trkpt>
      <trkpt lat="52.085820000" lon="5.496190000">
        <ele>5.000</ele>
      </trkpt>
      <trkpt lat="52.085860000" lon="5.495940000">
        <ele>5.000</ele>
      </trkpt>
      <trkpt lat="52.085890000" lon="5.495750000">
        <ele>5.000</ele>
      </trkpt>
      <trkpt lat="52.085920000" lon="5.495470000">
        <ele>5.000</ele>
      </trkpt>
      <trkpt lat="52.085950000" lon="5.495130000">
        <ele>5.000</ele>
      </trkpt>
      <trkpt lat="52.085980000" lon="5.494580000">
        <ele>5.000</ele>
      </trkpt>
      <trkpt lat="52.086010000" lon="5.494490000">
        <ele>5.000</ele>
      </trkpt>
      <trkpt lat="52.086040000" lon="5.493950000">
        <ele>5.000</ele>
      </trkpt>
      <trkpt lat="52.086080000" lon="5.493160000">
        <ele>5.000</ele>
      </trkpt>
      <trkpt lat="52.086090000" lon="5.493020000">
        <ele>5.000</ele>
      </trkpt>
      <trkpt lat="52.086140000" lon="5.492140000">
        <ele>5.000</ele>
      </trkpt>
      <trkpt lat="52.086160000" lon="5.491500000">
        <ele>5.000</ele>
      </trkpt>
      <trkpt lat="52.086170000" lon="5.491360000">
        <ele>5.000</ele>
      </trkpt>
      <trkpt lat="52.086230000" lon="5.490150000">
        <ele>5.000</ele>
      </trkpt>
      <trkpt lat="52.086250000" lon="5.489330000">
        <ele>5.000</ele>
      </trkpt>
      <trkpt lat="52.086300000" lon="5.488070000">
        <ele>5.000</ele>
      </trkpt>
      <trkpt lat="52.086310000" lon="5.487730000">
        <ele>5.000</ele>
      </trkpt>
      <trkpt lat="52.086340000" lon="5.487070000">
        <ele>5.000</ele>
      </trkpt>
      <trkpt lat="52.086360000" lon="5.486380000">
        <ele>5.000</ele>
      </trkpt>
      <trkpt lat="52.086410000" lon="5.484960000">
        <ele>5.000</ele>
      </trkpt>
      <trkpt lat="52.086400000" lon="5.484750000">
        <ele>5.000</ele>
      </trkpt>
      <trkpt lat="52.086410000" lon="5.484410000">
        <ele>6.000</ele>
      </trkpt>
      <trkpt lat="52.086410000" lon="5.484140000">
        <ele>6.000</ele>
      </trkpt>
      <trkpt lat="52.086470000" lon="5.481840000">
        <ele>6.000</ele>
      </trkpt>
      <trkpt lat="52.086480000" lon="5.481060000">
        <ele>5.000</ele>
      </trkpt>
      <trkpt lat="52.086500000" lon="5.479280000">
        <ele>5.000</ele>
      </trkpt>
      <trkpt lat="52.086520000" lon="5.479140000">
        <ele>5.000</ele>
      </trkpt>
      <trkpt lat="52.086520000" lon="5.478820000">
        <ele>5.000</ele>
      </trkpt>
      <trkpt lat="52.086530000" lon="5.478090000">
        <ele>5.000</ele>
      </trkpt>
      <trkpt lat="52.086530000" lon="5.477270000">
        <ele>5.000</ele>
      </trkpt>
      <trkpt lat="52.086540000" lon="5.477060000">
        <ele>5.000</ele>
      </trkpt>
      <trkpt lat="52.086550000" lon="5.477050000">
        <ele>5.000</ele>
      </trkpt>
      <trkpt lat="52.086570000" lon="5.477040000">
        <ele>5.000</ele>
      </trkpt>
      <trkpt lat="52.086580000" lon="5.477030000">
        <ele>5.000</ele>
      </trkpt>
      <trkpt lat="52.086600000" lon="5.477010000">
        <ele>5.000</ele>
      </trkpt>
      <trkpt lat="52.086610000" lon="5.476980000">
        <ele>5.000</ele>
      </trkpt>
      <trkpt lat="52.086620000" lon="5.476950000">
        <ele>5.000</ele>
      </trkpt>
      <trkpt lat="52.086630000" lon="5.476930000">
        <ele>5.000</ele>
      </trkpt>
      <trkpt lat="52.086640000" lon="5.476900000">
        <ele>5.000</ele>
      </trkpt>
      <trkpt lat="52.086640000" lon="5.476870000">
        <ele>5.000</ele>
      </trkpt>
      <trkpt lat="52.086640000" lon="5.476840000">
        <ele>5.000</ele>
      </trkpt>
      <trkpt lat="52.086640000" lon="5.476810000">
        <ele>5.000</ele>
      </trkpt>
      <trkpt lat="52.086640000" lon="5.476780000">
        <ele>5.000</ele>
      </trkpt>
      <trkpt lat="52.086630000" lon="5.476750000">
        <ele>5.000</ele>
      </trkpt>
      <trkpt lat="52.086620000" lon="5.476720000">
        <ele>5.000</ele>
      </trkpt>
      <trkpt lat="52.086610000" lon="5.476700000">
        <ele>5.000</ele>
      </trkpt>
      <trkpt lat="52.086590000" lon="5.476670000">
        <ele>5.000</ele>
      </trkpt>
      <trkpt lat="52.086550000" lon="5.476640000">
        <ele>5.000</ele>
      </trkpt>
      <trkpt lat="52.086540000" lon="5.476400000">
        <ele>5.000</ele>
      </trkpt>
      <trkpt lat="52.086530000" lon="5.475960000">
        <ele>5.000</ele>
      </trkpt>
      <trkpt lat="52.086520000" lon="5.475670000">
        <ele>5.000</ele>
      </trkpt>
      <trkpt lat="52.086510000" lon="5.475090000">
        <ele>5.000</ele>
      </trkpt>
      <trkpt lat="52.086490000" lon="5.474790000">
        <ele>5.000</ele>
      </trkpt>
      <trkpt lat="52.086470000" lon="5.474150000">
        <ele>4.000</ele>
      </trkpt>
      <trkpt lat="52.086430000" lon="5.472880000">
        <ele>4.000</ele>
      </trkpt>
      <trkpt lat="52.086370000" lon="5.471940000">
        <ele>3.000</ele>
      </trkpt>
      <trkpt lat="52.086320000" lon="5.471310000">
        <ele>3.000</ele>
      </trkpt>
      <trkpt lat="52.086320000" lon="5.471290000">
        <ele>2.000</ele>
      </trkpt>
      <trkpt lat="52.086260000" lon="5.470610000">
        <ele>3.000</ele>
      </trkpt>
      <trkpt lat="52.086240000" lon="5.470420000">
        <ele>3.000</ele>
      </trkpt>
      <trkpt lat="52.086200000" lon="5.470130000">
        <ele>3.000</ele>
      </trkpt>
      <trkpt lat="52.086160000" lon="5.469850000">
        <ele>3.000</ele>
      </trkpt>
      <trkpt lat="52.086120000" lon="5.469650000">
        <ele>3.000</ele>
      </trkpt>
      <trkpt lat="52.086110000" lon="5.469570000">
        <ele>4.000</ele>
      </trkpt>
      <trkpt lat="52.086090000" lon="5.469470000">
        <ele>4.000</ele>
      </trkpt>
      <trkpt lat="52.086040000" lon="5.469230000">
        <ele>4.000</ele>
      </trkpt>
      <trkpt lat="52.085990000" lon="5.469020000">
        <ele>4.000</ele>
      </trkpt>
      <trkpt lat="52.085970000" lon="5.468960000">
        <ele>4.000</ele>
      </trkpt>
      <trkpt lat="52.085900000" lon="5.468740000">
        <ele>4.000</ele>
      </trkpt>
      <trkpt lat="52.085830000" lon="5.468510000">
        <ele>4.000</ele>
      </trkpt>
      <trkpt lat="52.085710000" lon="5.468220000">
        <ele>4.000</ele>
      </trkpt>
      <trkpt lat="52.085670000" lon="5.468120000">
        <ele>4.000</ele>
      </trkpt>
      <trkpt lat="52.085500000" lon="5.467760000">
        <ele>4.000</ele>
      </trkpt>
      <trkpt lat="52.085360000" lon="5.467490000">
        <ele>4.000</ele>
      </trkpt>
      <trkpt lat="52.085270000" lon="5.467350000">
        <ele>4.000</ele>
      </trkpt>
      <trkpt lat="52.085050000" lon="5.467010000">
        <ele>4.000</ele>
      </trkpt>
      <trkpt lat="52.084800000" lon="5.466660000">
        <ele>4.000</ele>
      </trkpt>
      <trkpt lat="52.084600000" lon="5.466370000">
        <ele>4.000</ele>
      </trkpt>
      <trkpt lat="52.084490000" lon="5.466220000">
        <ele>4.000</ele>
      </trkpt>
      <trkpt lat="52.083840000" lon="5.465300000">
        <ele>4.000</ele>
      </trkpt>
      <trkpt lat="52.083620000" lon="5.464990000">
        <ele>4.000</ele>
      </trkpt>
      <trkpt lat="52.083190000" lon="5.464390000">
        <ele>3.000</ele>
      </trkpt>
      <trkpt lat="52.082870000" lon="5.463930000">
        <ele>3.000</ele>
      </trkpt>
      <trkpt lat="52.082740000" lon="5.463720000">
        <ele>3.000</ele>
      </trkpt>
      <trkpt lat="52.082680000" lon="5.463600000">
        <ele>3.000</ele>
      </trkpt>
      <trkpt lat="52.082630000" lon="5.463520000">
        <ele>3.000</ele>
      </trkpt>
      <trkpt lat="52.082610000" lon="5.463430000">
        <ele>3.000</ele>
      </trkpt>
      <trkpt lat="52.082550000" lon="5.463280000">
        <ele>3.000</ele>
      </trkpt>
      <trkpt lat="52.082480000" lon="5.463100000">
        <ele>3.000</ele>
      </trkpt>
      <trkpt lat="52.082430000" lon="5.462960000">
        <ele>4.000</ele>
      </trkpt>
      <trkpt lat="52.082400000" lon="5.462830000">
        <ele>4.000</ele>
      </trkpt>
      <trkpt lat="52.082390000" lon="5.462690000">
        <ele>4.000</ele>
      </trkpt>
      <trkpt lat="52.082390000" lon="5.462680000">
        <ele>4.000</ele>
      </trkpt>
      <trkpt lat="52.082390000" lon="5.462670000">
        <ele>4.000</ele>
      </trkpt>
      <trkpt lat="52.082390000" lon="5.462660000">
        <ele>4.000</ele>
      </trkpt>
      <trkpt lat="52.082400000" lon="5.462660000">
        <ele>4.000</ele>
      </trkpt>
      <trkpt lat="52.082400000" lon="5.462650000">
        <ele>4.000</ele>
      </trkpt>
      <trkpt lat="52.082400000" lon="5.462640000">
        <ele>4.000</ele>
      </trkpt>
      <trkpt lat="52.082400000" lon="5.462630000">
        <ele>4.000</ele>
      </trkpt>
      <trkpt lat="52.082400000" lon="5.462620000">
        <ele>4.000</ele>
      </trkpt>
      <trkpt lat="52.082400000" lon="5.462610000">
        <ele>4.000</ele>
      </trkpt>
      <trkpt lat="52.082400000" lon="5.462600000">
        <ele>4.000</ele>
      </trkpt>
      <trkpt lat="52.082400000" lon="5.462590000">
        <ele>4.000</ele>
      </trkpt>
      <trkpt lat="52.082400000" lon="5.462580000">
        <ele>4.000</ele>
      </trkpt>
      <trkpt lat="52.082400000" lon="5.462570000">
        <ele>4.000</ele>
      </trkpt>
      <trkpt lat="52.082400000" lon="5.462560000">
        <ele>4.000</ele>
      </trkpt>
      <trkpt lat="52.082400000" lon="5.462550000">
        <ele>4.000</ele>
      </trkpt>
      <trkpt lat="52.082400000" lon="5.462540000">
        <ele>4.000</ele>
      </trkpt>
      <trkpt lat="52.082390000" lon="5.462540000">
        <ele>4.000</ele>
      </trkpt>
      <trkpt lat="52.082390000" lon="5.462530000">
        <ele>4.000</ele>
      </trkpt>
      <trkpt lat="52.082390000" lon="5.462520000">
        <ele>4.000</ele>
      </trkpt>
      <trkpt lat="52.082380000" lon="5.462510000">
        <ele>4.000</ele>
      </trkpt>
      <trkpt lat="52.082380000" lon="5.462500000">
        <ele>4.000</ele>
      </trkpt>
      <trkpt lat="52.082380000" lon="5.462490000">
        <ele>4.000</ele>
      </trkpt>
      <trkpt lat="52.082370000" lon="5.462490000">
        <ele>4.000</ele>
      </trkpt>
      <trkpt lat="52.082370000" lon="5.462480000">
        <ele>4.000</ele>
      </trkpt>
      <trkpt lat="52.082360000" lon="5.462480000">
        <ele>4.000</ele>
      </trkpt>
      <trkpt lat="52.082360000" lon="5.462470000">
        <ele>4.000</ele>
      </trkpt>
      <trkpt lat="52.082350000" lon="5.462470000">
        <ele>4.000</ele>
      </trkpt>
      <trkpt lat="52.082350000" lon="5.462460000">
        <ele>4.000</ele>
      </trkpt>
      <trkpt lat="52.082340000" lon="5.462460000">
        <ele>4.000</ele>
      </trkpt>
      <trkpt lat="52.082340000" lon="5.462450000">
        <ele>4.000</ele>
      </trkpt>
      <trkpt lat="52.082330000" lon="5.462450000">
        <ele>4.000</ele>
      </trkpt>
      <trkpt lat="52.082320000" lon="5.462450000">
        <ele>4.000</ele>
      </trkpt>
      <trkpt lat="52.082320000" lon="5.462440000">
        <ele>4.000</ele>
      </trkpt>
      <trkpt lat="52.082310000" lon="5.462440000">
        <ele>4.000</ele>
      </trkpt>
      <trkpt lat="52.082270000" lon="5.462330000">
        <ele>4.000</ele>
      </trkpt>
      <trkpt lat="52.082240000" lon="5.462170000">
        <ele>4.000</ele>
      </trkpt>
      <trkpt lat="52.082200000" lon="5.461980000">
        <ele>4.000</ele>
      </trkpt>
      <trkpt lat="52.082190000" lon="5.461880000">
        <ele>4.000</ele>
      </trkpt>
      <trkpt lat="52.082160000" lon="5.461760000">
        <ele>4.000</ele>
      </trkpt>
      <trkpt lat="52.082120000" lon="5.461450000">
        <ele>4.000</ele>
      </trkpt>
      <trkpt lat="52.082000000" lon="5.460360000">
        <ele>4.000</ele>
      </trkpt>
      <trkpt lat="52.081940000" lon="5.459910000">
        <ele>4.000</ele>
      </trkpt>
      <trkpt lat="52.081710000" lon="5.457890000">
        <ele>4.000</ele>
      </trkpt>
      <trkpt lat="52.081590000" lon="5.456930000">
        <ele>4.000</ele>
      </trkpt>
      <trkpt lat="52.081580000" lon="5.456760000">
        <ele>4.000</ele>
      </trkpt>
      <trkpt lat="52.081550000" lon="5.456620000">
        <ele>4.000</ele>
      </trkpt>
      <trkpt lat="52.081490000" lon="5.456210000">
        <ele>4.000</ele>
      </trkpt>
      <trkpt lat="52.081120000" lon="5.454270000">
        <ele>4.000</ele>
      </trkpt>
      <trkpt lat="52.081050000" lon="5.453910000">
        <ele>4.000</ele>
      </trkpt>
      <trkpt lat="52.081050000" lon="5.453880000">
        <ele>4.000</ele>
      </trkpt>
      <trkpt lat="52.080870000" lon="5.452930000">
        <ele>4.000</ele>
      </trkpt>
      <trkpt lat="52.080860000" lon="5.452910000">
        <ele>4.000</ele>
      </trkpt>
      <trkpt lat="52.080790000" lon="5.452510000">
        <ele>4.000</ele>
      </trkpt>
      <trkpt lat="52.080740000" lon="5.452250000">
        <ele>4.000</ele>
      </trkpt>
      <trkpt lat="52.080710000" lon="5.452090000">
        <ele>4.000</ele>
      </trkpt>
      <trkpt lat="52.080710000" lon="5.452070000">
        <ele>4.000</ele>
      </trkpt>
      <trkpt lat="52.080700000" lon="5.452000000">
        <ele>4.000</ele>
      </trkpt>
      <trkpt lat="52.080690000" lon="5.451910000">
        <ele>4.000</ele>
      </trkpt>
      <trkpt lat="52.080680000" lon="5.451820000">
        <ele>4.000</ele>
      </trkpt>
      <trkpt lat="52.080680000" lon="5.451770000">
        <ele>4.000</ele>
      </trkpt>
      <trkpt lat="52.080670000" lon="5.451680000">
        <ele>4.000</ele>
      </trkpt>
      <trkpt lat="52.080660000" lon="5.451390000">
        <ele>4.000</ele>
      </trkpt>
      <trkpt lat="52.080640000" lon="5.451170000">
        <ele>4.000</ele>
      </trkpt>
      <trkpt lat="52.080610000" lon="5.450910000">
        <ele>4.000</ele>
      </trkpt>
      <trkpt lat="52.080620000" lon="5.450910000">
        <ele>4.000</ele>
      </trkpt>
      <trkpt lat="52.080620000" lon="5.450900000">
        <ele>4.000</ele>
      </trkpt>
      <trkpt lat="52.080630000" lon="5.450900000">
        <ele>4.000</ele>
      </trkpt>
      <trkpt lat="52.080640000" lon="5.450890000">
        <ele>4.000</ele>
      </trkpt>
      <trkpt lat="52.080650000" lon="5.450880000">
        <ele>4.000</ele>
      </trkpt>
      <trkpt lat="52.080650000" lon="5.450870000">
        <ele>4.000</ele>
      </trkpt>
      <trkpt lat="52.080660000" lon="5.450870000">
        <ele>4.000</ele>
      </trkpt>
      <trkpt lat="52.080660000" lon="5.450860000">
        <ele>4.000</ele>
      </trkpt>
      <trkpt lat="52.080660000" lon="5.450850000">
        <ele>4.000</ele>
      </trkpt>
      <trkpt lat="52.080670000" lon="5.450850000">
        <ele>4.000</ele>
      </trkpt>
      <trkpt lat="52.080670000" lon="5.450840000">
        <ele>4.000</ele>
      </trkpt>
      <trkpt lat="52.080670000" lon="5.450830000">
        <ele>4.000</ele>
      </trkpt>
      <trkpt lat="52.080670000" lon="5.450820000">
        <ele>4.000</ele>
      </trkpt>
      <trkpt lat="52.080670000" lon="5.450810000">
        <ele>4.000</ele>
      </trkpt>
      <trkpt lat="52.080680000" lon="5.450800000">
        <ele>4.000</ele>
      </trkpt>
      <trkpt lat="52.080680000" lon="5.450790000">
        <ele>4.000</ele>
      </trkpt>
      <trkpt lat="52.080680000" lon="5.450780000">
        <ele>4.000</ele>
      </trkpt>
      <trkpt lat="52.080680000" lon="5.450770000">
        <ele>4.000</ele>
      </trkpt>
      <trkpt lat="52.080680000" lon="5.450760000">
        <ele>4.000</ele>
      </trkpt>
      <trkpt lat="52.080680000" lon="5.450750000">
        <ele>4.000</ele>
      </trkpt>
      <trkpt lat="52.080680000" lon="5.450740000">
        <ele>4.000</ele>
      </trkpt>
      <trkpt lat="52.080670000" lon="5.450740000">
        <ele>4.000</ele>
      </trkpt>
      <trkpt lat="52.080670000" lon="5.450730000">
        <ele>4.000</ele>
      </trkpt>
      <trkpt lat="52.080670000" lon="5.450720000">
        <ele>4.000</ele>
      </trkpt>
      <trkpt lat="52.080670000" lon="5.450710000">
        <ele>4.000</ele>
      </trkpt>
      <trkpt lat="52.080670000" lon="5.450700000">
        <ele>4.000</ele>
      </trkpt>
      <trkpt lat="52.080660000" lon="5.450700000">
        <ele>4.000</ele>
      </trkpt>
      <trkpt lat="52.080660000" lon="5.450690000">
        <ele>4.000</ele>
      </trkpt>
      <trkpt lat="52.080660000" lon="5.450680000">
        <ele>4.000</ele>
      </trkpt>
      <trkpt lat="52.080650000" lon="5.450670000">
        <ele>4.000</ele>
      </trkpt>
      <trkpt lat="52.080650000" lon="5.450660000">
        <ele>4.000</ele>
      </trkpt>
      <trkpt lat="52.080640000" lon="5.450660000">
        <ele>4.000</ele>
      </trkpt>
      <trkpt lat="52.080640000" lon="5.450650000">
        <ele>4.000</ele>
      </trkpt>
      <trkpt lat="52.080630000" lon="5.450650000">
        <ele>4.000</ele>
      </trkpt>
      <trkpt lat="52.080630000" lon="5.450640000">
        <ele>4.000</ele>
      </trkpt>
      <trkpt lat="52.080620000" lon="5.450640000">
        <ele>4.000</ele>
      </trkpt>
      <trkpt lat="52.080610000" lon="5.450640000">
        <ele>4.000</ele>
      </trkpt>
      <trkpt lat="52.080610000" lon="5.450630000">
        <ele>4.000</ele>
      </trkpt>
      <trkpt lat="52.080600000" lon="5.450630000">
        <ele>4.000</ele>
      </trkpt>
      <trkpt lat="52.080590000" lon="5.450630000">
        <ele>4.000</ele>
      </trkpt>
      <trkpt lat="52.080580000" lon="5.450630000">
        <ele>4.000</ele>
      </trkpt>
      <trkpt lat="52.080570000" lon="5.450630000">
        <ele>4.000</ele>
      </trkpt>
      <trkpt lat="52.080560000" lon="5.450640000">
        <ele>4.000</ele>
      </trkpt>
      <trkpt lat="52.080540000" lon="5.450540000">
        <ele>4.000</ele>
      </trkpt>
      <trkpt lat="52.080500000" lon="5.450410000">
        <ele>4.000</ele>
      </trkpt>
      <trkpt lat="52.080470000" lon="5.450330000">
        <ele>4.000</ele>
      </trkpt>
      <trkpt lat="52.080410000" lon="5.450140000">
        <ele>4.000</ele>
      </trkpt>
      <trkpt lat="52.080340000" lon="5.449940000">
        <ele>4.000</ele>
      </trkpt>
      <trkpt lat="52.080280000" lon="5.449730000">
        <ele>4.000</ele>
      </trkpt>
      <trkpt lat="52.080260000" lon="5.449670000">
        <ele>4.000</ele>
      </trkpt>
      <trkpt lat="52.080190000" lon="5.449320000">
        <ele>4.000</ele>
      </trkpt>
      <trkpt lat="52.080110000" lon="5.448850000">
        <ele>4.000</ele>
      </trkpt>
      <trkpt lat="52.080030000" lon="5.448460000">
        <ele>4.000</ele>
      </trkpt>
      <trkpt lat="52.080010000" lon="5.448350000">
        <ele>4.000</ele>
      </trkpt>
      <trkpt lat="52.079930000" lon="5.447900000">
        <ele>4.000</ele>
      </trkpt>
      <trkpt lat="52.079890000" lon="5.447690000">
        <ele>4.000</ele>
      </trkpt>
      <trkpt lat="52.079810000" lon="5.447300000">
        <ele>4.000</ele>
      </trkpt>
      <trkpt lat="52.079590000" lon="5.446100000">
        <ele>4.000</ele>
      </trkpt>
      <trkpt lat="52.079430000" lon="5.445260000">
        <ele>4.000</ele>
      </trkpt>
      <trkpt lat="52.079300000" lon="5.444560000">
        <ele>4.000</ele>
      </trkpt>
      <trkpt lat="52.079070000" lon="5.443250000">
        <ele>4.000</ele>
      </trkpt>
      <trkpt lat="52.079030000" lon="5.442800000">
        <ele>4.000</ele>
      </trkpt>
      <trkpt lat="52.079010000" lon="5.442370000">
        <ele>4.000</ele>
      </trkpt>
      <trkpt lat="52.079030000" lon="5.442110000">
        <ele>4.000</ele>
      </trkpt>
      <trkpt lat="52.079070000" lon="5.441510000">
        <ele>4.000</ele>
      </trkpt>
      <trkpt lat="52.079070000" lon="5.441320000">
        <ele>4.000</ele>
      </trkpt>
      <trkpt lat="52.079070000" lon="5.441080000">
        <ele>4.000</ele>
      </trkpt>
      <trkpt lat="52.079070000" lon="5.440950000">
        <ele>4.000</ele>
      </trkpt>
      <trkpt lat="52.079070000" lon="5.440840000">
        <ele>4.000</ele>
      </trkpt>
      <trkpt lat="52.079060000" lon="5.440790000">
        <ele>4.000</ele>
      </trkpt>
      <trkpt lat="52.079050000" lon="5.440400000">
        <ele>4.000</ele>
      </trkpt>
      <trkpt lat="52.079050000" lon="5.440100000">
        <ele>4.000</ele>
      </trkpt>
      <trkpt lat="52.079040000" lon="5.439900000">
        <ele>4.000</ele>
      </trkpt>
      <trkpt lat="52.079040000" lon="5.439810000">
        <ele>4.000</ele>
      </trkpt>
      <trkpt lat="52.079030000" lon="5.439100000">
        <ele>4.000</ele>
      </trkpt>
      <trkpt lat="52.079010000" lon="5.438770000">
        <ele>4.000</ele>
      </trkpt>
      <trkpt lat="52.078970000" lon="5.438350000">
        <ele>4.000</ele>
      </trkpt>
      <trkpt lat="52.078970000" lon="5.438200000">
        <ele>4.000</ele>
      </trkpt>
      <trkpt lat="52.078960000" lon="5.438090000">
        <ele>4.000</ele>
      </trkpt>
      <trkpt lat="52.078960000" lon="5.438040000">
        <ele>4.000</ele>
      </trkpt>
      <trkpt lat="52.078940000" lon="5.437880000">
        <ele>4.000</ele>
      </trkpt>
      <trkpt lat="52.078920000" lon="5.437770000">
        <ele>4.000</ele>
      </trkpt>
      <trkpt lat="52.078880000" lon="5.437560000">
        <ele>4.000</ele>
      </trkpt>
      <trkpt lat="52.078850000" lon="5.437450000">
        <ele>4.000</ele>
      </trkpt>
      <trkpt lat="52.078820000" lon="5.437340000">
        <ele>4.000</ele>
      </trkpt>
      <trkpt lat="52.078750000" lon="5.437160000">
        <ele>4.000</ele>
      </trkpt>
      <trkpt lat="52.078680000" lon="5.436980000">
        <ele>4.000</ele>
      </trkpt>
      <trkpt lat="52.078550000" lon="5.436710000">
        <ele>4.000</ele>
      </trkpt>
      <trkpt lat="52.078420000" lon="5.436450000">
        <ele>4.000</ele>
      </trkpt>
      <trkpt lat="52.078190000" lon="5.436000000">
        <ele>4.000</ele>
      </trkpt>
      <trkpt lat="52.077790000" lon="5.435250000">
        <ele>3.000</ele>
      </trkpt>
      <trkpt lat="52.077750000" lon="5.435170000">
        <ele>3.000</ele>
      </trkpt>
      <trkpt lat="52.077390000" lon="5.434480000">
        <ele>3.000</ele>
      </trkpt>
      <trkpt lat="52.077040000" lon="5.433820000">
        <ele>3.000</ele>
      </trkpt>
      <trkpt lat="52.076450000" lon="5.432710000">
        <ele>2.000</ele>
      </trkpt>
      <trkpt lat="52.075670000" lon="5.431220000">
        <ele>2.000</ele>
      </trkpt>
      <trkpt lat="52.075520000" lon="5.430940000">
        <ele>2.000</ele>
      </trkpt>
      <trkpt lat="52.075340000" lon="5.430610000">
        <ele>2.000</ele>
      </trkpt>
      <trkpt lat="52.075250000" lon="5.430440000">
        <ele>2.000</ele>
      </trkpt>
      <trkpt lat="52.075110000" lon="5.430150000">
        <ele>2.000</ele>
      </trkpt>
      <trkpt lat="52.074980000" lon="5.429860000">
        <ele>2.000</ele>
      </trkpt>
      <trkpt lat="52.074930000" lon="5.429740000">
        <ele>2.000</ele>
      </trkpt>
      <trkpt lat="52.074860000" lon="5.429550000">
        <ele>2.000</ele>
      </trkpt>
      <trkpt lat="52.074810000" lon="5.429400000">
        <ele>2.000</ele>
      </trkpt>
      <trkpt lat="52.074760000" lon="5.429220000">
        <ele>2.000</ele>
      </trkpt>
      <trkpt lat="52.074690000" lon="5.428970000">
        <ele>2.000</ele>
      </trkpt>
      <trkpt lat="52.074640000" lon="5.428730000">
        <ele>2.000</ele>
      </trkpt>
      <trkpt lat="52.074600000" lon="5.428490000">
        <ele>2.000</ele>
      </trkpt>
      <trkpt lat="52.074580000" lon="5.428380000">
        <ele>2.000</ele>
      </trkpt>
      <trkpt lat="52.074570000" lon="5.428290000">
        <ele>2.000</ele>
      </trkpt>
      <trkpt lat="52.074560000" lon="5.428170000">
        <ele>2.000</ele>
      </trkpt>
      <trkpt lat="52.074540000" lon="5.428030000">
        <ele>2.000</ele>
      </trkpt>
      <trkpt lat="52.074530000" lon="5.427890000">
        <ele>2.000</ele>
      </trkpt>
      <trkpt lat="52.074520000" lon="5.427770000">
        <ele>2.000</ele>
      </trkpt>
      <trkpt lat="52.074520000" lon="5.427660000">
        <ele>2.000</ele>
      </trkpt>
      <trkpt lat="52.074520000" lon="5.427660000">
        <ele>2.000</ele>
      </trkpt>
      <trkpt lat="52.074520000" lon="5.427520000">
        <ele>2.000</ele>
      </trkpt>
      <trkpt lat="52.074520000" lon="5.427360000">
        <ele>2.000</ele>
      </trkpt>
      <trkpt lat="52.074520000" lon="5.427270000">
        <ele>2.000</ele>
      </trkpt>
      <trkpt lat="52.074540000" lon="5.427120000">
        <ele>2.000</ele>
      </trkpt>
      <trkpt lat="52.074560000" lon="5.426930000">
        <ele>2.000</ele>
      </trkpt>
      <trkpt lat="52.074590000" lon="5.426590000">
        <ele>2.000</ele>
      </trkpt>
      <trkpt lat="52.074640000" lon="5.426170000">
        <ele>2.000</ele>
      </trkpt>
      <trkpt lat="52.074650000" lon="5.426050000">
        <ele>2.000</ele>
      </trkpt>
      <trkpt lat="52.074720000" lon="5.425580000">
        <ele>2.000</ele>
      </trkpt>
      <trkpt lat="52.074740000" lon="5.425380000">
        <ele>2.000</ele>
      </trkpt>
      <trkpt lat="52.074760000" lon="5.425230000">
        <ele>2.000</ele>
      </trkpt>
      <trkpt lat="52.074780000" lon="5.425130000">
        <ele>2.000</ele>
      </trkpt>
      <trkpt lat="52.074800000" lon="5.424970000">
        <ele>2.000</ele>
      </trkpt>
      <trkpt lat="52.074810000" lon="5.424890000">
        <ele>2.000</ele>
      </trkpt>
      <trkpt lat="52.074830000" lon="5.424790000">
        <ele>1.000</ele>
      </trkpt>
      <trkpt lat="52.074950000" lon="5.423820000">
        <ele>1.000</ele>
      </trkpt>
      <trkpt lat="52.074990000" lon="5.423470000">
        <ele>1.000</ele>
      </trkpt>
      <trkpt lat="52.074980000" lon="5.423360000">
        <ele>1.000</ele>
      </trkpt>
      <trkpt lat="52.075790000" lon="5.417740000">
        <ele>1.000</ele>
      </trkpt>
      <trkpt lat="52.075820000" lon="5.417600000">
        <ele>1.000</ele>
      </trkpt>
      <trkpt lat="52.075870000" lon="5.417250000">
        <ele>1.000</ele>
      </trkpt>
      <trkpt lat="52.075970000" lon="5.416530000">
        <ele>1.000</ele>
      </trkpt>
      <trkpt lat="52.075980000" lon="5.416450000">
        <ele>1.000</ele>
      </trkpt>
      <trkpt lat="52.076110000" lon="5.415580000">
        <ele>1.000</ele>
      </trkpt>
      <trkpt lat="52.076120000" lon="5.415470000">
        <ele>1.000</ele>
      </trkpt>
      <trkpt lat="52.076280000" lon="5.414380000">
        <ele>1.000</ele>
      </trkpt>
      <trkpt lat="52.076280000" lon="5.414240000">
        <ele>1.000</ele>
      </trkpt>
      <trkpt lat="52.076290000" lon="5.414140000">
        <ele>1.000</ele>
      </trkpt>
      <trkpt lat="52.076320000" lon="5.413990000">
        <ele>1.000</ele>
      </trkpt>
      <trkpt lat="52.076480000" lon="5.412830000">
        <ele>2.000</ele>
      </trkpt>
      <trkpt lat="52.076520000" lon="5.412700000">
        <ele>2.000</ele>
      </trkpt>
      <trkpt lat="52.076610000" lon="5.412190000">
        <ele>2.000</ele>
      </trkpt>
      <trkpt lat="52.076620000" lon="5.412120000">
        <ele>2.000</ele>
      </trkpt>
      <trkpt lat="52.076630000" lon="5.412050000">
        <ele>2.000</ele>
      </trkpt>
      <trkpt lat="52.076630000" lon="5.412050000">
        <ele>2.000</ele>
      </trkpt>
      <trkpt lat="52.076660000" lon="5.412060000">
        <ele>2.000</ele>
      </trkpt>
      <trkpt lat="52.076690000" lon="5.412050000">
        <ele>2.000</ele>
      </trkpt>
      <trkpt lat="52.076720000" lon="5.412040000">
        <ele>2.000</ele>
      </trkpt>
      <trkpt lat="52.076740000" lon="5.412030000">
        <ele>2.000</ele>
      </trkpt>
      <trkpt lat="52.076770000" lon="5.412010000">
        <ele>2.000</ele>
      </trkpt>
      <trkpt lat="52.076790000" lon="5.411980000">
        <ele>2.000</ele>
      </trkpt>
      <trkpt lat="52.076820000" lon="5.411960000">
        <ele>2.000</ele>
      </trkpt>
      <trkpt lat="52.076840000" lon="5.411920000">
        <ele>2.000</ele>
      </trkpt>
      <trkpt lat="52.076850000" lon="5.411890000">
        <ele>2.000</ele>
      </trkpt>
      <trkpt lat="52.076880000" lon="5.411830000">
        <ele>2.000</ele>
      </trkpt>
      <trkpt lat="52.076880000" lon="5.411820000">
        <ele>2.000</ele>
      </trkpt>
      <trkpt lat="52.076880000" lon="5.411800000">
        <ele>2.000</ele>
      </trkpt>
      <trkpt lat="52.076890000" lon="5.411780000">
        <ele>2.000</ele>
      </trkpt>
      <trkpt lat="52.076890000" lon="5.411770000">
        <ele>2.000</ele>
      </trkpt>
      <trkpt lat="52.076900000" lon="5.411750000">
        <ele>2.000</ele>
      </trkpt>
      <trkpt lat="52.076900000" lon="5.411730000">
        <ele>2.000</ele>
      </trkpt>
      <trkpt lat="52.076900000" lon="5.411710000">
        <ele>2.000</ele>
      </trkpt>
      <trkpt lat="52.076900000" lon="5.411700000">
        <ele>2.000</ele>
      </trkpt>
      <trkpt lat="52.076900000" lon="5.411640000">
        <ele>2.000</ele>
      </trkpt>
      <trkpt lat="52.076900000" lon="5.411600000">
        <ele>2.000</ele>
      </trkpt>
      <trkpt lat="52.076900000" lon="5.411550000">
        <ele>2.000</ele>
      </trkpt>
      <trkpt lat="52.076890000" lon="5.411510000">
        <ele>2.000</ele>
      </trkpt>
      <trkpt lat="52.076880000" lon="5.411470000">
        <ele>2.000</ele>
      </trkpt>
      <trkpt lat="52.076870000" lon="5.411430000">
        <ele>2.000</ele>
      </trkpt>
      <trkpt lat="52.076850000" lon="5.411390000">
        <ele>2.000</ele>
      </trkpt>
      <trkpt lat="52.076830000" lon="5.411350000">
        <ele>2.000</ele>
      </trkpt>
      <trkpt lat="52.076810000" lon="5.411320000">
        <ele>2.000</ele>
      </trkpt>
      <trkpt lat="52.076790000" lon="5.411300000">
        <ele>2.000</ele>
      </trkpt>
      <trkpt lat="52.076760000" lon="5.411270000">
        <ele>2.000</ele>
      </trkpt>
      <trkpt lat="52.076740000" lon="5.411260000">
        <ele>2.000</ele>
      </trkpt>
      <trkpt lat="52.076820000" lon="5.410540000">
        <ele>2.000</ele>
      </trkpt>
      <trkpt lat="52.076820000" lon="5.410440000">
        <ele>2.000</ele>
      </trkpt>
      <trkpt lat="52.077080000" lon="5.408670000">
        <ele>2.000</ele>
      </trkpt>
      <trkpt lat="52.077140000" lon="5.408300000">
        <ele>2.000</ele>
      </trkpt>
      <trkpt lat="52.077190000" lon="5.408010000">
        <ele>2.000</ele>
      </trkpt>
      <trkpt lat="52.077250000" lon="5.407790000">
        <ele>2.000</ele>
      </trkpt>
      <trkpt lat="52.077280000" lon="5.407670000">
        <ele>2.000</ele>
      </trkpt>
      <trkpt lat="52.077290000" lon="5.407630000">
        <ele>2.000</ele>
      </trkpt>
      <trkpt lat="52.077330000" lon="5.407510000">
        <ele>2.000</ele>
      </trkpt>
      <trkpt lat="52.077430000" lon="5.407220000">
        <ele>2.000</ele>
      </trkpt>
      <trkpt lat="52.077510000" lon="5.407000000">
        <ele>2.000</ele>
      </trkpt>
      <trkpt lat="52.077610000" lon="5.406780000">
        <ele>2.000</ele>
      </trkpt>
      <trkpt lat="52.077750000" lon="5.406530000">
        <ele>2.000</ele>
      </trkpt>
      <trkpt lat="52.077830000" lon="5.406400000">
        <ele>2.000</ele>
      </trkpt>
      <trkpt lat="52.077920000" lon="5.406260000">
        <ele>2.000</ele>
      </trkpt>
      <trkpt lat="52.078020000" lon="5.406110000">
        <ele>2.000</ele>
      </trkpt>
      <trkpt lat="52.078110000" lon="5.406000000">
        <ele>2.000</ele>
      </trkpt>
      <trkpt lat="52.078200000" lon="5.405900000">
        <ele>2.000</ele>
      </trkpt>
      <trkpt lat="52.078280000" lon="5.405810000">
        <ele>2.000</ele>
      </trkpt>
      <trkpt lat="52.078330000" lon="5.405760000">
        <ele>2.000</ele>
      </trkpt>
      <trkpt lat="52.078400000" lon="5.405700000">
        <ele>2.000</ele>
      </trkpt>
      <trkpt lat="52.078480000" lon="5.405620000">
        <ele>2.000</ele>
      </trkpt>
      <trkpt lat="52.078620000" lon="5.405520000">
        <ele>2.000</ele>
      </trkpt>
      <trkpt lat="52.078750000" lon="5.405410000">
        <ele>2.000</ele>
      </trkpt>
      <trkpt lat="52.078890000" lon="5.405370000">
        <ele>2.000</ele>
      </trkpt>
      <trkpt lat="52.078950000" lon="5.405340000">
        <ele>2.000</ele>
      </trkpt>
      <trkpt lat="52.079040000" lon="5.405300000">
        <ele>2.000</ele>
      </trkpt>
      <trkpt lat="52.079140000" lon="5.405250000">
        <ele>2.000</ele>
      </trkpt>
      <trkpt lat="52.079560000" lon="5.405100000">
        <ele>2.000</ele>
      </trkpt>
      <trkpt lat="52.079630000" lon="5.405070000">
        <ele>2.000</ele>
      </trkpt>
      <trkpt lat="52.079890000" lon="5.404990000">
        <ele>2.000</ele>
      </trkpt>
      <trkpt lat="52.080070000" lon="5.404930000">
        <ele>2.000</ele>
      </trkpt>
      <trkpt lat="52.080110000" lon="5.404920000">
        <ele>2.000</ele>
      </trkpt>
      <trkpt lat="52.080160000" lon="5.404910000">
        <ele>2.000</ele>
      </trkpt>
      <trkpt lat="52.080190000" lon="5.404890000">
        <ele>2.000</ele>
      </trkpt>
      <trkpt lat="52.080430000" lon="5.404810000">
        <ele>2.000</ele>
      </trkpt>
      <trkpt lat="52.080760000" lon="5.404690000">
        <ele>2.000</ele>
      </trkpt>
      <trkpt lat="52.080870000" lon="5.404640000">
        <ele>2.000</ele>
      </trkpt>
      <trkpt lat="52.081010000" lon="5.404550000">
        <ele>2.000</ele>
      </trkpt>
      <trkpt lat="52.081170000" lon="5.404440000">
        <ele>2.000</ele>
      </trkpt>
      <trkpt lat="52.081320000" lon="5.404350000">
        <ele>2.000</ele>
      </trkpt>
      <trkpt lat="52.081480000" lon="5.404250000">
        <ele>2.000</ele>
      </trkpt>
      <trkpt lat="52.081640000" lon="5.404150000">
        <ele>2.000</ele>
      </trkpt>
      <trkpt lat="52.081640000" lon="5.404150000">
        <ele>2.000</ele>
      </trkpt>
      <trkpt lat="52.081650000" lon="5.404160000">
        <ele>2.000</ele>
      </trkpt>
      <trkpt lat="52.081650000" lon="5.404170000">
        <ele>2.000</ele>
      </trkpt>
      <trkpt lat="52.081660000" lon="5.404180000">
        <ele>2.000</ele>
      </trkpt>
      <trkpt lat="52.081670000" lon="5.404190000">
        <ele>2.000</ele>
      </trkpt>
      <trkpt lat="52.081670000" lon="5.404200000">
        <ele>2.000</ele>
      </trkpt>
      <trkpt lat="52.081680000" lon="5.404200000">
        <ele>2.000</ele>
      </trkpt>
      <trkpt lat="52.081690000" lon="5.404210000">
        <ele>2.000</ele>
      </trkpt>
      <trkpt lat="52.081700000" lon="5.404210000">
        <ele>2.000</ele>
      </trkpt>
      <trkpt lat="52.081710000" lon="5.404220000">
        <ele>2.000</ele>
      </trkpt>
      <trkpt lat="52.081720000" lon="5.404220000">
        <ele>2.000</ele>
      </trkpt>
      <trkpt lat="52.081730000" lon="5.404230000">
        <ele>2.000</ele>
      </trkpt>
      <trkpt lat="52.081740000" lon="5.404230000">
        <ele>2.000</ele>
      </trkpt>
      <trkpt lat="52.081750000" lon="5.404230000">
        <ele>2.000</ele>
      </trkpt>
      <trkpt lat="52.081760000" lon="5.404230000">
        <ele>2.000</ele>
      </trkpt>
      <trkpt lat="52.081780000" lon="5.404220000">
        <ele>2.000</ele>
      </trkpt>
      <trkpt lat="52.081790000" lon="5.404210000">
        <ele>2.000</ele>
      </trkpt>
      <trkpt lat="52.081800000" lon="5.404210000">
        <ele>2.000</ele>
      </trkpt>
      <trkpt lat="52.081810000" lon="5.404200000">
        <ele>2.000</ele>
      </trkpt>
      <trkpt lat="52.081810000" lon="5.404190000">
        <ele>2.000</ele>
      </trkpt>
      <trkpt lat="52.081820000" lon="5.404190000">
        <ele>2.000</ele>
      </trkpt>
      <trkpt lat="52.081830000" lon="5.404180000">
        <ele>2.000</ele>
      </trkpt>
      <trkpt lat="52.081840000" lon="5.404170000">
        <ele>2.000</ele>
      </trkpt>
      <trkpt lat="52.081840000" lon="5.404160000">
        <ele>2.000</ele>
      </trkpt>
      <trkpt lat="52.081850000" lon="5.404150000">
        <ele>2.000</ele>
      </trkpt>
      <trkpt lat="52.081850000" lon="5.404140000">
        <ele>2.000</ele>
      </trkpt>
      <trkpt lat="52.081860000" lon="5.404130000">
        <ele>2.000</ele>
      </trkpt>
      <trkpt lat="52.081860000" lon="5.404110000">
        <ele>2.000</ele>
      </trkpt>
      <trkpt lat="52.081870000" lon="5.404100000">
        <ele>2.000</ele>
      </trkpt>
      <trkpt lat="52.081870000" lon="5.404090000">
        <ele>2.000</ele>
      </trkpt>
      <trkpt lat="52.081870000" lon="5.404080000">
        <ele>2.000</ele>
      </trkpt>
      <trkpt lat="52.081880000" lon="5.404060000">
        <ele>2.000</ele>
      </trkpt>
      <trkpt lat="52.081880000" lon="5.404050000">
        <ele>2.000</ele>
      </trkpt>
      <trkpt lat="52.081880000" lon="5.404030000">
        <ele>2.000</ele>
      </trkpt>
      <trkpt lat="52.081880000" lon="5.404020000">
        <ele>2.000</ele>
      </trkpt>
      <trkpt lat="52.081880000" lon="5.404010000">
        <ele>2.000</ele>
      </trkpt>
      <trkpt lat="52.081880000" lon="5.403990000">
        <ele>2.000</ele>
      </trkpt>
      <trkpt lat="52.081880000" lon="5.403980000">
        <ele>2.000</ele>
      </trkpt>
      <trkpt lat="52.081880000" lon="5.403960000">
        <ele>2.000</ele>
      </trkpt>
      <trkpt lat="52.081880000" lon="5.403950000">
        <ele>2.000</ele>
      </trkpt>
      <trkpt lat="52.081880000" lon="5.403940000">
        <ele>2.000</ele>
      </trkpt>
      <trkpt lat="52.081870000" lon="5.403920000">
        <ele>2.000</ele>
      </trkpt>
      <trkpt lat="52.081870000" lon="5.403910000">
        <ele>2.000</ele>
      </trkpt>
      <trkpt lat="52.081870000" lon="5.403900000">
        <ele>2.000</ele>
      </trkpt>
      <trkpt lat="52.081860000" lon="5.403890000">
        <ele>2.000</ele>
      </trkpt>
      <trkpt lat="52.081860000" lon="5.403870000">
        <ele>2.000</ele>
      </trkpt>
      <trkpt lat="52.081850000" lon="5.403860000">
        <ele>2.000</ele>
      </trkpt>
      <trkpt lat="52.081840000" lon="5.403840000">
        <ele>2.000</ele>
      </trkpt>
      <trkpt lat="52.081900000" lon="5.403680000">
        <ele>2.000</ele>
      </trkpt>
      <trkpt lat="52.081940000" lon="5.403570000">
        <ele>2.000</ele>
      </trkpt>
      <trkpt lat="52.081990000" lon="5.403450000">
        <ele>2.000</ele>
      </trkpt>
      <trkpt lat="52.082010000" lon="5.403410000">
        <ele>2.000</ele>
      </trkpt>
      <trkpt lat="52.082030000" lon="5.403290000">
        <ele>2.000</ele>
      </trkpt>
      <trkpt lat="52.082050000" lon="5.403240000">
        <ele>2.000</ele>
      </trkpt>
      <trkpt lat="52.082090000" lon="5.403150000">
        <ele>2.000</ele>
      </trkpt>
      <trkpt lat="52.082140000" lon="5.403040000">
        <ele>2.000</ele>
      </trkpt>
      <trkpt lat="52.082170000" lon="5.402970000">
        <ele>2.000</ele>
      </trkpt>
      <trkpt lat="52.082220000" lon="5.402840000">
        <ele>2.000</ele>
      </trkpt>
      <trkpt lat="52.082320000" lon="5.402570000">
        <ele>2.000</ele>
      </trkpt>
      <trkpt lat="52.082350000" lon="5.402470000">
        <ele>2.000</ele>
      </trkpt>
      <trkpt lat="52.082400000" lon="5.402330000">
        <ele>2.000</ele>
      </trkpt>
      <trkpt lat="52.082430000" lon="5.402230000">
        <ele>2.000</ele>
      </trkpt>
      <trkpt lat="52.082580000" lon="5.401790000">
        <ele>2.000</ele>
      </trkpt>
      <trkpt lat="52.082710000" lon="5.401380000">
        <ele>2.000</ele>
      </trkpt>
      <trkpt lat="52.082800000" lon="5.401100000">
        <ele>2.000</ele>
      </trkpt>
      <trkpt lat="52.082910000" lon="5.400760000">
        <ele>2.000</ele>
      </trkpt>
      <trkpt lat="52.083040000" lon="5.400280000">
        <ele>2.000</ele>
      </trkpt>
      <trkpt lat="52.083160000" lon="5.399760000">
        <ele>2.000</ele>
      </trkpt>
      <trkpt lat="52.083170000" lon="5.399740000">
        <ele>2.000</ele>
      </trkpt>
      <trkpt lat="52.083250000" lon="5.399310000">
        <ele>2.000</ele>
      </trkpt>
      <trkpt lat="52.083310000" lon="5.399000000">
        <ele>2.000</ele>
      </trkpt>
      <trkpt lat="52.083380000" lon="5.398510000">
        <ele>2.000</ele>
      </trkpt>
      <trkpt lat="52.083410000" lon="5.398190000">
        <ele>2.000</ele>
      </trkpt>
      <trkpt lat="52.083430000" lon="5.397790000">
        <ele>2.000</ele>
      </trkpt>
      <trkpt lat="52.083460000" lon="5.397300000">
        <ele>2.000</ele>
      </trkpt>
      <trkpt lat="52.083470000" lon="5.396780000">
        <ele>2.000</ele>
      </trkpt>
      <trkpt lat="52.083470000" lon="5.396720000">
        <ele>2.000</ele>
      </trkpt>
      <trkpt lat="52.083430000" lon="5.395630000">
        <ele>2.000</ele>
      </trkpt>
      <trkpt lat="52.083420000" lon="5.395200000">
        <ele>2.000</ele>
      </trkpt>
      <trkpt lat="52.083420000" lon="5.394970000">
        <ele>2.000</ele>
      </trkpt>
      <trkpt lat="52.083430000" lon="5.394760000">
        <ele>2.000</ele>
      </trkpt>
      <trkpt lat="52.083440000" lon="5.394630000">
        <ele>2.000</ele>
      </trkpt>
      <trkpt lat="52.083460000" lon="5.394320000">
        <ele>2.000</ele>
      </trkpt>
      <trkpt lat="52.083490000" lon="5.394130000">
        <ele>2.000</ele>
      </trkpt>
      <trkpt lat="52.083550000" lon="5.393590000">
        <ele>2.000</ele>
      </trkpt>
      <trkpt lat="52.083590000" lon="5.393310000">
        <ele>2.000</ele>
      </trkpt>
      <trkpt lat="52.083640000" lon="5.392940000">
        <ele>2.000</ele>
      </trkpt>
      <trkpt lat="52.083690000" lon="5.392570000">
        <ele>2.000</ele>
      </trkpt>
      <trkpt lat="52.083720000" lon="5.392350000">
        <ele>3.000</ele>
      </trkpt>
      <trkpt lat="52.083740000" lon="5.392130000">
        <ele>3.000</ele>
      </trkpt>
      <trkpt lat="52.083760000" lon="5.391880000">
        <ele>3.000</ele>
      </trkpt>
      <trkpt lat="52.083780000" lon="5.391530000">
        <ele>3.000</ele>
      </trkpt>
      <trkpt lat="52.083800000" lon="5.391060000">
        <ele>3.000</ele>
      </trkpt>
      <trkpt lat="52.083800000" lon="5.390770000">
        <ele>3.000</ele>
      </trkpt>
      <trkpt lat="52.083800000" lon="5.390320000">
        <ele>3.000</ele>
      </trkpt>
      <trkpt lat="52.083780000" lon="5.389770000">
        <ele>3.000</ele>
      </trkpt>
      <trkpt lat="52.083760000" lon="5.389350000">
        <ele>3.000</ele>
      </trkpt>
      <trkpt lat="52.083680000" lon="5.388470000">
        <ele>4.000</ele>
      </trkpt>
      <trkpt lat="52.083610000" lon="5.387590000">
        <ele>4.000</ele>
      </trkpt>
      <trkpt lat="52.083540000" lon="5.386820000">
        <ele>5.000</ele>
      </trkpt>
      <trkpt lat="52.083470000" lon="5.386050000">
        <ele>5.000</ele>
      </trkpt>
      <trkpt lat="52.083430000" lon="5.385520000">
        <ele>6.000</ele>
      </trkpt>
      <trkpt lat="52.083380000" lon="5.384990000">
        <ele>6.000</ele>
      </trkpt>
      <trkpt lat="52.083380000" lon="5.384930000">
        <ele>6.000</ele>
      </trkpt>
      <trkpt lat="52.083300000" lon="5.384140000">
        <ele>6.000</ele>
      </trkpt>
      <trkpt lat="52.083300000" lon="5.384080000">
        <ele>6.000</ele>
      </trkpt>
      <trkpt lat="52.083310000" lon="5.383960000">
        <ele>6.000</ele>
      </trkpt>
      <trkpt lat="52.083280000" lon="5.383570000">
        <ele>6.000</ele>
      </trkpt>
      <trkpt lat="52.083250000" lon="5.382970000">
        <ele>6.000</ele>
      </trkpt>
      <trkpt lat="52.083230000" lon="5.382740000">
        <ele>7.000</ele>
      </trkpt>
      <trkpt lat="52.083230000" lon="5.382640000">
        <ele>7.000</ele>
      </trkpt>
      <trkpt lat="52.083220000" lon="5.382380000">
        <ele>7.000</ele>
      </trkpt>
      <trkpt lat="52.083200000" lon="5.381760000">
        <ele>7.000</ele>
      </trkpt>
      <trkpt lat="52.083190000" lon="5.381390000">
        <ele>7.000</ele>
      </trkpt>
      <trkpt lat="52.083190000" lon="5.381310000">
        <ele>7.000</ele>
      </trkpt>
      <trkpt lat="52.083190000" lon="5.381220000">
        <ele>7.000</ele>
      </trkpt>
      <trkpt lat="52.083190000" lon="5.380260000">
        <ele>8.000</ele>
      </trkpt>
      <trkpt lat="52.083190000" lon="5.379810000">
        <ele>8.000</ele>
      </trkpt>
      <trkpt lat="52.083200000" lon="5.379500000">
        <ele>8.000</ele>
      </trkpt>
      <trkpt lat="52.083210000" lon="5.379140000">
        <ele>8.000</ele>
      </trkpt>
      <trkpt lat="52.083200000" lon="5.378900000">
        <ele>9.000</ele>
      </trkpt>
      <trkpt lat="52.083200000" lon="5.378730000">
        <ele>9.000</ele>
      </trkpt>
      <trkpt lat="52.083390000" lon="5.374560000">
        <ele>9.000</ele>
      </trkpt>
      <trkpt lat="52.083420000" lon="5.373950000">
        <ele>10.000</ele>
      </trkpt>
      <trkpt lat="52.083530000" lon="5.371350000">
        <ele>14.000</ele>
      </trkpt>
      <trkpt lat="52.083580000" lon="5.370030000">
        <ele>16.000</ele>
      </trkpt>
      <trkpt lat="52.083600000" lon="5.369740000">
        <ele>17.000</ele>
      </trkpt>
      <trkpt lat="52.083610000" lon="5.369450000">
        <ele>17.000</ele>
      </trkpt>
      <trkpt lat="52.083660000" lon="5.368280000">
        <ele>17.000</ele>
      </trkpt>
      <trkpt lat="52.083670000" lon="5.367990000">
        <ele>17.000</ele>
      </trkpt>
      <trkpt lat="52.083680000" lon="5.367700000">
        <ele>16.000</ele>
      </trkpt>
      <trkpt lat="52.083700000" lon="5.367410000">
        <ele>16.000</ele>
      </trkpt>
      <trkpt lat="52.083700000" lon="5.367280000">
        <ele>16.000</ele>
      </trkpt>
      <trkpt lat="52.083720000" lon="5.366730000">
        <ele>16.000</ele>
      </trkpt>
      <trkpt lat="52.083720000" lon="5.366730000">
        <ele>15.000</ele>
      </trkpt>
      <trkpt lat="52.083730000" lon="5.366320000">
        <ele>15.000</ele>
      </trkpt>
      <trkpt lat="52.083740000" lon="5.366140000">
        <ele>15.000</ele>
      </trkpt>
      <trkpt lat="52.083740000" lon="5.366140000">
        <ele>15.000</ele>
      </trkpt>
      <trkpt lat="52.083730000" lon="5.366000000">
        <ele>15.000</ele>
      </trkpt>
      <trkpt lat="52.083730000" lon="5.365770000">
        <ele>14.000</ele>
      </trkpt>
      <trkpt lat="52.083780000" lon="5.364310000">
        <ele>14.000</ele>
      </trkpt>
      <trkpt lat="52.083790000" lon="5.364090000">
        <ele>13.000</ele>
      </trkpt>
      <trkpt lat="52.083800000" lon="5.363790000">
        <ele>13.000</ele>
      </trkpt>
      <trkpt lat="52.083840000" lon="5.362920000">
        <ele>13.000</ele>
      </trkpt>
      <trkpt lat="52.083840000" lon="5.362910000">
        <ele>12.000</ele>
      </trkpt>
      <trkpt lat="52.083860000" lon="5.362340000">
        <ele>12.000</ele>
      </trkpt>
      <trkpt lat="52.083870000" lon="5.362250000">
        <ele>12.000</ele>
      </trkpt>
      <trkpt lat="52.083890000" lon="5.361640000">
        <ele>11.000</ele>
      </trkpt>
      <trkpt lat="52.083900000" lon="5.360910000">
        <ele>11.000</ele>
      </trkpt>
      <trkpt lat="52.083910000" lon="5.360420000">
        <ele>11.000</ele>
      </trkpt>
      <trkpt lat="52.083910000" lon="5.360420000">
        <ele>11.000</ele>
      </trkpt>
      <trkpt lat="52.083880000" lon="5.360330000">
        <ele>11.000</ele>
      </trkpt>
      <trkpt lat="52.083840000" lon="5.360270000">
        <ele>11.000</ele>
      </trkpt>
      <trkpt lat="52.083730000" lon="5.360150000">
        <ele>11.000</ele>
      </trkpt>
      <trkpt lat="52.083410000" lon="5.360150000">
        <ele>11.000</ele>
      </trkpt>
      <trkpt lat="52.083410000" lon="5.360150000">
        <ele>11.000</ele>
      </trkpt>
      <trkpt lat="52.082700000" lon="5.360130000">
        <ele>11.000</ele>
      </trkpt>
      <trkpt lat="52.082610000" lon="5.360120000">
        <ele>12.000</ele>
      </trkpt>
      <trkpt lat="52.082300000" lon="5.360110000">
        <ele>12.000</ele>
      </trkpt>
      <trkpt lat="52.081900000" lon="5.360120000">
        <ele>12.000</ele>
      </trkpt>
      <trkpt lat="52.081010000" lon="5.360180000">
        <ele>12.000</ele>
      </trkpt>
      <trkpt lat="52.080840000" lon="5.360180000">
        <ele>12.000</ele>
      </trkpt>
      <trkpt lat="52.080710000" lon="5.360150000">
        <ele>12.000</ele>
      </trkpt>
      <trkpt lat="52.080680000" lon="5.360150000">
        <ele>12.000</ele>
      </trkpt>
      <trkpt lat="52.080640000" lon="5.360160000">
        <ele>12.000</ele>
      </trkpt>
      <trkpt lat="52.080610000" lon="5.360170000">
        <ele>12.000</ele>
      </trkpt>
      <trkpt lat="52.080590000" lon="5.360170000">
        <ele>12.000</ele>
      </trkpt>
      <trkpt lat="52.080340000" lon="5.360200000">
        <ele>12.000</ele>
      </trkpt>
      <trkpt lat="52.080180000" lon="5.360220000">
        <ele>13.000</ele>
      </trkpt>
      <trkpt lat="52.080030000" lon="5.360220000">
        <ele>13.000</ele>
      </trkpt>
      <trkpt lat="52.079880000" lon="5.360230000">
        <ele>13.000</ele>
      </trkpt>
      <trkpt lat="52.079680000" lon="5.360240000">
        <ele>13.000</ele>
      </trkpt>
      <trkpt lat="52.079680000" lon="5.360240000">
        <ele>13.000</ele>
      </trkpt>
      <trkpt lat="52.079490000" lon="5.360250000">
        <ele>13.000</ele>
      </trkpt>
      <trkpt lat="52.079300000" lon="5.360260000">
        <ele>13.000</ele>
      </trkpt>
      <trkpt lat="52.079270000" lon="5.360260000">
        <ele>13.000</ele>
      </trkpt>
      <trkpt lat="52.079020000" lon="5.360280000">
        <ele>14.000</ele>
      </trkpt>
      <trkpt lat="52.078820000" lon="5.360280000">
        <ele>14.000</ele>
      </trkpt>
      <trkpt lat="52.078770000" lon="5.360280000">
        <ele>14.000</ele>
      </trkpt>
      <trkpt lat="52.078690000" lon="5.360280000">
        <ele>14.000</ele>
      </trkpt>
      <trkpt lat="52.078550000" lon="5.360270000">
        <ele>14.000</ele>
      </trkpt>
      <trkpt lat="52.078360000" lon="5.360240000">
        <ele>14.000</ele>
      </trkpt>
      <trkpt lat="52.078150000" lon="5.360210000">
        <ele>14.000</ele>
      </trkpt>
      <trkpt lat="52.077980000" lon="5.360160000">
        <ele>14.000</ele>
      </trkpt>
      <trkpt lat="52.077730000" lon="5.360080000">
        <ele>14.000</ele>
      </trkpt>
      <trkpt lat="52.077460000" lon="5.359980000">
        <ele>14.000</ele>
      </trkpt>
      <trkpt lat="52.077100000" lon="5.359860000">
        <ele>14.000</ele>
      </trkpt>
      <trkpt lat="52.076580000" lon="5.359680000">
        <ele>14.000</ele>
      </trkpt>
      <trkpt lat="52.076410000" lon="5.359620000">
        <ele>14.000</ele>
      </trkpt>
      <trkpt lat="52.075350000" lon="5.359270000">
        <ele>14.000</ele>
      </trkpt>
      <trkpt lat="52.075000000" lon="5.359150000">
        <ele>14.000</ele>
      </trkpt>
      <trkpt lat="52.074810000" lon="5.359080000">
        <ele>14.000</ele>
      </trkpt>
      <trkpt lat="52.074130000" lon="5.358890000">
        <ele>13.000</ele>
      </trkpt>
      <trkpt lat="52.073940000" lon="5.358860000">
        <ele>13.000</ele>
      </trkpt>
      <trkpt lat="52.073580000" lon="5.358800000">
        <ele>13.000</ele>
      </trkpt>
      <trkpt lat="52.073430000" lon="5.358770000">
        <ele>13.000</ele>
      </trkpt>
      <trkpt lat="52.073310000" lon="5.358740000">
        <ele>13.000</ele>
      </trkpt>
      <trkpt lat="52.073240000" lon="5.358730000">
        <ele>13.000</ele>
      </trkpt>
      <trkpt lat="52.073120000" lon="5.358700000">
        <ele>13.000</ele>
      </trkpt>
      <trkpt lat="52.072970000" lon="5.358660000">
        <ele>13.000</ele>
      </trkpt>
      <trkpt lat="52.072810000" lon="5.358610000">
        <ele>13.000</ele>
      </trkpt>
      <trkpt lat="52.072660000" lon="5.358550000">
        <ele>13.000</ele>
      </trkpt>
      <trkpt lat="52.072470000" lon="5.358460000">
        <ele>13.000</ele>
      </trkpt>
      <trkpt lat="52.072020000" lon="5.358230000">
        <ele>13.000</ele>
      </trkpt>
      <trkpt lat="52.071700000" lon="5.358050000">
        <ele>13.000</ele>
      </trkpt>
      <trkpt lat="52.071110000" lon="5.357770000">
        <ele>13.000</ele>
      </trkpt>
      <trkpt lat="52.070780000" lon="5.357600000">
        <ele>13.000</ele>
      </trkpt>
      <trkpt lat="52.070500000" lon="5.357480000">
        <ele>13.000</ele>
      </trkpt>
      <trkpt lat="52.070340000" lon="5.357410000">
        <ele>13.000</ele>
      </trkpt>
      <trkpt lat="52.070250000" lon="5.357350000">
        <ele>13.000</ele>
      </trkpt>
      <trkpt lat="52.070140000" lon="5.357320000">
        <ele>13.000</ele>
      </trkpt>
      <trkpt lat="52.070000000" lon="5.357280000">
        <ele>13.000</ele>
      </trkpt>
      <trkpt lat="52.069850000" lon="5.357230000">
        <ele>12.000</ele>
      </trkpt>
      <trkpt lat="52.069710000" lon="5.357200000">
        <ele>12.000</ele>
      </trkpt>
      <trkpt lat="52.069490000" lon="5.357170000">
        <ele>12.000</ele>
      </trkpt>
      <trkpt lat="52.069380000" lon="5.357150000">
        <ele>12.000</ele>
      </trkpt>
      <trkpt lat="52.069160000" lon="5.357130000">
        <ele>12.000</ele>
      </trkpt>
      <trkpt lat="52.068850000" lon="5.357110000">
        <ele>12.000</ele>
      </trkpt>
      <trkpt lat="52.068510000" lon="5.357100000">
        <ele>11.000</ele>
      </trkpt>
      <trkpt lat="52.068130000" lon="5.357110000">
        <ele>11.000</ele>
      </trkpt>
      <trkpt lat="52.067680000" lon="5.357120000">
        <ele>11.000</ele>
      </trkpt>
      <trkpt lat="52.067610000" lon="5.357120000">
        <ele>10.000</ele>
      </trkpt>
      <trkpt lat="52.067140000" lon="5.357140000">
        <ele>10.000</ele>
      </trkpt>
      <trkpt lat="52.066840000" lon="5.357150000">
        <ele>10.000</ele>
      </trkpt>
      <trkpt lat="52.066220000" lon="5.357130000">
        <ele>10.000</ele>
      </trkpt>
      <trkpt lat="52.066040000" lon="5.357120000">
        <ele>10.000</ele>
      </trkpt>
      <trkpt lat="52.065860000" lon="5.357090000">
        <ele>10.000</ele>
      </trkpt>
      <trkpt lat="52.065560000" lon="5.357080000">
        <ele>10.000</ele>
      </trkpt>
      <trkpt lat="52.065460000" lon="5.357080000">
        <ele>10.000</ele>
      </trkpt>
      <trkpt lat="52.065360000" lon="5.357080000">
        <ele>10.000</ele>
      </trkpt>
      <trkpt lat="52.065280000" lon="5.357080000">
        <ele>10.000</ele>
      </trkpt>
      <trkpt lat="52.065210000" lon="5.357080000">
        <ele>10.000</ele>
      </trkpt>
      <trkpt lat="52.064900000" lon="5.357080000">
        <ele>10.000</ele>
      </trkpt>
      <trkpt lat="52.064760000" lon="5.357080000">
        <ele>10.000</ele>
      </trkpt>
      <trkpt lat="52.064590000" lon="5.357070000">
        <ele>10.000</ele>
      </trkpt>
      <trkpt lat="52.064400000" lon="5.357050000">
        <ele>10.000</ele>
      </trkpt>
      <trkpt lat="52.064320000" lon="5.357030000">
        <ele>11.000</ele>
      </trkpt>
      <trkpt lat="52.064130000" lon="5.356980000">
        <ele>11.000</ele>
      </trkpt>
      <trkpt lat="52.063910000" lon="5.356880000">
        <ele>11.000</ele>
      </trkpt>
      <trkpt lat="52.063800000" lon="5.356820000">
        <ele>11.000</ele>
      </trkpt>
      <trkpt lat="52.063690000" lon="5.356750000">
        <ele>12.000</ele>
      </trkpt>
      <trkpt lat="52.063570000" lon="5.356660000">
        <ele>12.000</ele>
      </trkpt>
      <trkpt lat="52.063450000" lon="5.356570000">
        <ele>12.000</ele>
      </trkpt>
      <trkpt lat="52.063290000" lon="5.356430000">
        <ele>12.000</ele>
      </trkpt>
      <trkpt lat="52.063210000" lon="5.356360000">
        <ele>13.000</ele>
      </trkpt>
      <trkpt lat="52.063060000" lon="5.356210000">
        <ele>13.000</ele>
      </trkpt>
      <trkpt lat="52.063020000" lon="5.356180000">
        <ele>13.000</ele>
      </trkpt>
      <trkpt lat="52.062910000" lon="5.356050000">
        <ele>14.000</ele>
      </trkpt>
      <trkpt lat="52.062840000" lon="5.355990000">
        <ele>14.000</ele>
      </trkpt>
      <trkpt lat="52.062760000" lon="5.355890000">
        <ele>14.000</ele>
      </trkpt>
      <trkpt lat="52.062610000" lon="5.355720000">
        <ele>14.000</ele>
      </trkpt>
      <trkpt lat="52.062540000" lon="5.355630000">
        <ele>15.000</ele>
      </trkpt>
      <trkpt lat="52.062460000" lon="5.355550000">
        <ele>15.000</ele>
      </trkpt>
      <trkpt lat="52.062200000" lon="5.355240000">
        <ele>15.000</ele>
      </trkpt>
      <trkpt lat="52.062170000" lon="5.355210000">
        <ele>16.000</ele>
      </trkpt>
      <trkpt lat="52.062100000" lon="5.355130000">
        <ele>16.000</ele>
      </trkpt>
      <trkpt lat="52.062020000" lon="5.355050000">
        <ele>16.000</ele>
      </trkpt>
      <trkpt lat="52.061990000" lon="5.355010000">
        <ele>17.000</ele>
      </trkpt>
      <trkpt lat="52.061860000" lon="5.354900000">
        <ele>17.000</ele>
      </trkpt>
      <trkpt lat="52.061760000" lon="5.354810000">
        <ele>17.000</ele>
      </trkpt>
      <trkpt lat="52.061620000" lon="5.354690000">
        <ele>18.000</ele>
      </trkpt>
      <trkpt lat="52.061540000" lon="5.354640000">
        <ele>19.000</ele>
      </trkpt>
      <trkpt lat="52.061470000" lon="5.354590000">
        <ele>20.000</ele>
      </trkpt>
      <trkpt lat="52.061320000" lon="5.354490000">
        <ele>21.000</ele>
      </trkpt>
      <trkpt lat="52.061310000" lon="5.354490000">
        <ele>22.000</ele>
      </trkpt>
      <trkpt lat="52.061260000" lon="5.354490000">
        <ele>22.000</ele>
      </trkpt>
      <trkpt lat="52.061110000" lon="5.354390000">
        <ele>23.000</ele>
      </trkpt>
      <trkpt lat="52.061040000" lon="5.354360000">
        <ele>24.000</ele>
      </trkpt>
      <trkpt lat="52.060960000" lon="5.354320000">
        <ele>25.000</ele>
      </trkpt>
      <trkpt lat="52.060190000" lon="5.354020000">
        <ele>27.000</ele>
      </trkpt>
      <trkpt lat="52.060050000" lon="5.353960000">
        <ele>30.000</ele>
      </trkpt>
      <trkpt lat="52.060020000" lon="5.353950000">
        <ele>31.000</ele>
      </trkpt>
      <trkpt lat="52.059840000" lon="5.353880000">
        <ele>33.000</ele>
      </trkpt>
      <trkpt lat="52.059670000" lon="5.353810000">
        <ele>33.000</ele>
      </trkpt>
      <trkpt lat="52.059430000" lon="5.353710000">
        <ele>34.000</ele>
      </trkpt>
      <trkpt lat="52.059360000" lon="5.353680000">
        <ele>35.000</ele>
      </trkpt>
      <trkpt lat="52.059140000" lon="5.353600000">
        <ele>35.000</ele>
      </trkpt>
      <trkpt lat="52.059020000" lon="5.353550000">
        <ele>36.000</ele>
      </trkpt>
      <trkpt lat="52.058620000" lon="5.353390000">
        <ele>36.000</ele>
      </trkpt>
      <trkpt lat="52.057230000" lon="5.352840000">
        <ele>38.000</ele>
      </trkpt>
      <trkpt lat="52.056690000" lon="5.352630000">
        <ele>40.000</ele>
      </trkpt>
      <trkpt lat="52.056520000" lon="5.352560000">
        <ele>41.000</ele>
      </trkpt>
      <trkpt lat="52.056170000" lon="5.352420000">
        <ele>43.000</ele>
      </trkpt>
      <trkpt lat="52.056000000" lon="5.352350000">
        <ele>44.000</ele>
      </trkpt>
      <trkpt lat="52.055820000" lon="5.352280000">
        <ele>46.000</ele>
      </trkpt>
      <trkpt lat="52.055210000" lon="5.352040000">
        <ele>48.000</ele>
      </trkpt>
      <trkpt lat="52.055090000" lon="5.351990000">
        <ele>49.000</ele>
      </trkpt>
      <trkpt lat="52.055040000" lon="5.351970000">
        <ele>50.000</ele>
      </trkpt>
      <trkpt lat="52.054340000" lon="5.351690000">
        <ele>51.000</ele>
      </trkpt>
      <trkpt lat="52.053920000" lon="5.351520000">
        <ele>53.000</ele>
      </trkpt>
      <trkpt lat="52.053740000" lon="5.351450000">
        <ele>54.000</ele>
      </trkpt>
      <trkpt lat="52.053650000" lon="5.351410000">
        <ele>55.000</ele>
      </trkpt>
      <trkpt lat="52.053220000" lon="5.351240000">
        <ele>56.000</ele>
      </trkpt>
      <trkpt lat="52.052960000" lon="5.351130000">
        <ele>56.000</ele>
      </trkpt>
      <trkpt lat="52.052820000" lon="5.351080000">
        <ele>57.000</ele>
      </trkpt>
      <trkpt lat="52.052690000" lon="5.351030000">
        <ele>57.000</ele>
      </trkpt>
      <trkpt lat="52.052560000" lon="5.350980000">
        <ele>57.000</ele>
      </trkpt>
      <trkpt lat="52.052420000" lon="5.350930000">
        <ele>57.000</ele>
      </trkpt>
      <trkpt lat="52.052220000" lon="5.350860000">
        <ele>57.000</ele>
      </trkpt>
      <trkpt lat="52.052160000" lon="5.350830000">
        <ele>57.000</ele>
      </trkpt>
      <trkpt lat="52.051980000" lon="5.350770000">
        <ele>57.000</ele>
      </trkpt>
      <trkpt lat="52.051980000" lon="5.350760000">
        <ele>57.000</ele>
      </trkpt>
      <trkpt lat="52.051700000" lon="5.350650000">
        <ele>57.000</ele>
      </trkpt>
      <trkpt lat="52.051630000" lon="5.350630000">
        <ele>57.000</ele>
      </trkpt>
      <trkpt lat="52.051460000" lon="5.350560000">
        <ele>57.000</ele>
      </trkpt>
      <trkpt lat="52.051340000" lon="5.350520000">
        <ele>56.000</ele>
      </trkpt>
      <trkpt lat="52.051260000" lon="5.350490000">
        <ele>56.000</ele>
      </trkpt>
      <trkpt lat="52.050750000" lon="5.350290000">
        <ele>54.000</ele>
      </trkpt>
      <trkpt lat="52.050120000" lon="5.350050000">
        <ele>52.000</ele>
      </trkpt>
      <trkpt lat="52.049610000" lon="5.349870000">
        <ele>49.000</ele>
      </trkpt>
      <trkpt lat="52.049520000" lon="5.349820000">
        <ele>47.000</ele>
      </trkpt>
      <trkpt lat="52.049350000" lon="5.349760000">
        <ele>47.000</ele>
      </trkpt>
      <trkpt lat="52.049230000" lon="5.349710000">
        <ele>46.000</ele>
      </trkpt>
      <trkpt lat="52.049060000" lon="5.349650000">
        <ele>47.000</ele>
      </trkpt>
      <trkpt lat="52.048880000" lon="5.349580000">
        <ele>47.000</ele>
      </trkpt>
      <trkpt lat="52.048370000" lon="5.349390000">
        <ele>49.000</ele>
      </trkpt>
      <trkpt lat="52.048360000" lon="5.349380000">
        <ele>50.000</ele>
      </trkpt>
      <trkpt lat="52.048180000" lon="5.349310000">
        <ele>51.000</ele>
      </trkpt>
      <trkpt lat="52.048150000" lon="5.349300000">
        <ele>52.000</ele>
      </trkpt>
      <trkpt lat="52.048010000" lon="5.349250000">
        <ele>52.000</ele>
      </trkpt>
      <trkpt lat="52.047970000" lon="5.349240000">
        <ele>53.000</ele>
      </trkpt>
      <trkpt lat="52.047790000" lon="5.349160000">
        <ele>54.000</ele>
      </trkpt>
      <trkpt lat="52.047490000" lon="5.349020000">
        <ele>54.000</ele>
      </trkpt>
      <trkpt lat="52.047450000" lon="5.349010000">
        <ele>53.000</ele>
      </trkpt>
      <trkpt lat="52.047310000" lon="5.348940000">
        <ele>53.000</ele>
      </trkpt>
      <trkpt lat="52.047280000" lon="5.348930000">
        <ele>52.000</ele>
      </trkpt>
      <trkpt lat="52.047110000" lon="5.348860000">
        <ele>51.000</ele>
      </trkpt>
      <trkpt lat="52.047000000" lon="5.348810000">
        <ele>51.000</ele>
      </trkpt>
      <trkpt lat="52.046720000" lon="5.348700000">
        <ele>49.000</ele>
      </trkpt>
      <trkpt lat="52.046390000" lon="5.348490000">
        <ele>47.000</ele>
      </trkpt>
      <trkpt lat="52.046220000" lon="5.348380000">
        <ele>46.000</ele>
      </trkpt>
      <trkpt lat="52.045770000" lon="5.348100000">
        <ele>43.000</ele>
      </trkpt>
      <trkpt lat="52.045460000" lon="5.347910000">
        <ele>41.000</ele>
      </trkpt>
      <trkpt lat="52.045020000" lon="5.347640000">
        <ele>39.000</ele>
      </trkpt>
      <trkpt lat="52.044790000" lon="5.347500000">
        <ele>37.000</ele>
      </trkpt>
      <trkpt lat="52.044620000" lon="5.347410000">
        <ele>36.000</ele>
      </trkpt>
      <trkpt lat="52.044450000" lon="5.347320000">
        <ele>34.000</ele>
      </trkpt>
      <trkpt lat="52.044370000" lon="5.347290000">
        <ele>33.000</ele>
      </trkpt>
      <trkpt lat="52.044280000" lon="5.347260000">
        <ele>32.000</ele>
      </trkpt>
      <trkpt lat="52.043610000" lon="5.347020000">
        <ele>31.000</ele>
      </trkpt>
      <trkpt lat="52.042930000" lon="5.346780000">
        <ele>29.000</ele>
      </trkpt>
      <trkpt lat="52.042860000" lon="5.346770000">
        <ele>28.000</ele>
      </trkpt>
      <trkpt lat="52.042780000" lon="5.346750000">
        <ele>27.000</ele>
      </trkpt>
      <trkpt lat="52.042170000" lon="5.346620000">
        <ele>26.000</ele>
      </trkpt>
      <trkpt lat="52.041560000" lon="5.346500000">
        <ele>25.000</ele>
      </trkpt>
      <trkpt lat="52.041230000" lon="5.346420000">
        <ele>24.000</ele>
      </trkpt>
      <trkpt lat="52.040900000" lon="5.346350000">
        <ele>22.000</ele>
      </trkpt>
      <trkpt lat="52.040710000" lon="5.346310000">
        <ele>21.000</ele>
      </trkpt>
      <trkpt lat="52.040510000" lon="5.346280000">
        <ele>20.000</ele>
      </trkpt>
      <trkpt lat="52.040100000" lon="5.346190000">
        <ele>19.000</ele>
      </trkpt>
      <trkpt lat="52.040030000" lon="5.346170000">
        <ele>18.000</ele>
      </trkpt>
      <trkpt lat="52.039560000" lon="5.346070000">
        <ele>17.000</ele>
      </trkpt>
      <trkpt lat="52.039000000" lon="5.345920000">
        <ele>16.000</ele>
      </trkpt>
      <trkpt lat="52.038940000" lon="5.345900000">
        <ele>15.000</ele>
      </trkpt>
      <trkpt lat="52.038880000" lon="5.345890000">
        <ele>14.000</ele>
      </trkpt>
      <trkpt lat="52.038430000" lon="5.345790000">
        <ele>14.000</ele>
      </trkpt>
      <trkpt lat="52.037970000" lon="5.345700000">
        <ele>13.000</ele>
      </trkpt>
      <trkpt lat="52.037720000" lon="5.345620000">
        <ele>13.000</ele>
      </trkpt>
      <trkpt lat="52.037540000" lon="5.345560000">
        <ele>12.000</ele>
      </trkpt>
      <trkpt lat="52.037540000" lon="5.345560000">
        <ele>12.000</ele>
      </trkpt>
      <trkpt lat="52.037470000" lon="5.345540000">
        <ele>12.000</ele>
      </trkpt>
      <trkpt lat="52.037230000" lon="5.345480000">
        <ele>12.000</ele>
      </trkpt>
      <trkpt lat="52.036990000" lon="5.345430000">
        <ele>11.000</ele>
      </trkpt>
      <trkpt lat="52.036500000" lon="5.345390000">
        <ele>11.000</ele>
      </trkpt>
      <trkpt lat="52.036350000" lon="5.345390000">
        <ele>11.000</ele>
      </trkpt>
      <trkpt lat="52.036180000" lon="5.345400000">
        <ele>11.000</ele>
      </trkpt>
      <trkpt lat="52.035970000" lon="5.345410000">
        <ele>11.000</ele>
      </trkpt>
      <trkpt lat="52.035290000" lon="5.345500000">
        <ele>11.000</ele>
      </trkpt>
      <trkpt lat="52.035250000" lon="5.345510000">
        <ele>11.000</ele>
      </trkpt>
      <trkpt lat="52.035220000" lon="5.345520000">
        <ele>11.000</ele>
      </trkpt>
      <trkpt lat="52.035120000" lon="5.345560000">
        <ele>10.000</ele>
      </trkpt>
      <trkpt lat="52.035020000" lon="5.345600000">
        <ele>10.000</ele>
      </trkpt>
      <trkpt lat="52.034930000" lon="5.345630000">
        <ele>10.000</ele>
      </trkpt>
      <trkpt lat="52.034610000" lon="5.345630000">
        <ele>10.000</ele>
      </trkpt>
      <trkpt lat="52.034510000" lon="5.345630000">
        <ele>10.000</ele>
      </trkpt>
      <trkpt lat="52.034410000" lon="5.345640000">
        <ele>9.000</ele>
      </trkpt>
      <trkpt lat="52.034250000" lon="5.345640000">
        <ele>9.000</ele>
      </trkpt>
      <trkpt lat="52.034090000" lon="5.345640000">
        <ele>9.000</ele>
      </trkpt>
      <trkpt lat="52.033990000" lon="5.345660000">
        <ele>9.000</ele>
      </trkpt>
      <trkpt lat="52.033780000" lon="5.345740000">
        <ele>9.000</ele>
      </trkpt>
      <trkpt lat="52.033580000" lon="5.345800000">
        <ele>8.000</ele>
      </trkpt>
      <trkpt lat="52.033430000" lon="5.345810000">
        <ele>8.000</ele>
      </trkpt>
      <trkpt lat="52.033430000" lon="5.345810000">
        <ele>8.000</ele>
      </trkpt>
      <trkpt lat="52.033630000" lon="5.344980000">
        <ele>8.000</ele>
      </trkpt>
      <trkpt lat="52.033700000" lon="5.344630000">
        <ele>8.000</ele>
      </trkpt>
      <trkpt lat="52.033840000" lon="5.343950000">
        <ele>8.000</ele>
      </trkpt>
      <trkpt lat="52.033910000" lon="5.343610000">
        <ele>8.000</ele>
      </trkpt>
      <trkpt lat="52.033970000" lon="5.343330000">
        <ele>8.000</ele>
      </trkpt>
      <trkpt lat="52.034020000" lon="5.343080000">
        <ele>8.000</ele>
      </trkpt>
      <trkpt lat="52.034080000" lon="5.342810000">
        <ele>8.000</ele>
      </trkpt>
      <trkpt lat="52.034180000" lon="5.342360000">
        <ele>8.000</ele>
      </trkpt>
      <trkpt lat="52.034210000" lon="5.342170000">
        <ele>8.000</ele>
      </trkpt>
      <trkpt lat="52.034420000" lon="5.341130000">
        <ele>8.000</ele>
      </trkpt>
      <trkpt lat="52.034520000" lon="5.340590000">
        <ele>8.000</ele>
      </trkpt>
      <trkpt lat="52.034620000" lon="5.340050000">
        <ele>8.000</ele>
      </trkpt>
      <trkpt lat="52.034650000" lon="5.339910000">
        <ele>8.000</ele>
      </trkpt>
      <trkpt lat="52.034680000" lon="5.339770000">
        <ele>8.000</ele>
      </trkpt>
      <trkpt lat="52.034710000" lon="5.339630000">
        <ele>8.000</ele>
      </trkpt>
      <trkpt lat="52.034740000" lon="5.339500000">
        <ele>9.000</ele>
      </trkpt>
      <trkpt lat="52.034830000" lon="5.339070000">
        <ele>9.000</ele>
      </trkpt>
      <trkpt lat="52.034920000" lon="5.338650000">
        <ele>9.000</ele>
      </trkpt>
      <trkpt lat="52.035010000" lon="5.338120000">
        <ele>9.000</ele>
      </trkpt>
      <trkpt lat="52.035090000" lon="5.337590000">
        <ele>9.000</ele>
      </trkpt>
      <trkpt lat="52.035130000" lon="5.337320000">
        <ele>9.000</ele>
      </trkpt>
      <trkpt lat="52.035160000" lon="5.337110000">
        <ele>9.000</ele>
      </trkpt>
      <trkpt lat="52.035180000" lon="5.336890000">
        <ele>9.000</ele>
      </trkpt>
      <trkpt lat="52.035250000" lon="5.335720000">
        <ele>9.000</ele>
      </trkpt>
      <trkpt lat="52.035290000" lon="5.335170000">
        <ele>9.000</ele>
      </trkpt>
      <trkpt lat="52.035310000" lon="5.334870000">
        <ele>9.000</ele>
      </trkpt>
      <trkpt lat="52.035390000" lon="5.334130000">
        <ele>8.000</ele>
      </trkpt>
      <trkpt lat="52.035400000" lon="5.334070000">
        <ele>8.000</ele>
      </trkpt>
      <trkpt lat="52.035410000" lon="5.334010000">
        <ele>8.000</ele>
      </trkpt>
      <trkpt lat="52.035460000" lon="5.333700000">
        <ele>8.000</ele>
      </trkpt>
      <trkpt lat="52.035700000" lon="5.332050000">
        <ele>7.000</ele>
      </trkpt>
      <trkpt lat="52.035720000" lon="5.331720000">
        <ele>7.000</ele>
      </trkpt>
      <trkpt lat="52.035720000" lon="5.331440000">
        <ele>7.000</ele>
      </trkpt>
      <trkpt lat="52.035720000" lon="5.331360000">
        <ele>7.000</ele>
      </trkpt>
      <trkpt lat="52.035730000" lon="5.331100000">
        <ele>7.000</ele>
      </trkpt>
      <trkpt lat="52.035730000" lon="5.330930000">
        <ele>7.000</ele>
      </trkpt>
      <trkpt lat="52.035740000" lon="5.330100000">
        <ele>7.000</ele>
      </trkpt>
      <trkpt lat="52.035760000" lon="5.329020000">
        <ele>7.000</ele>
      </trkpt>
      <trkpt lat="52.035760000" lon="5.328470000">
        <ele>7.000</ele>
      </trkpt>
      <trkpt lat="52.035760000" lon="5.328150000">
        <ele>7.000</ele>
      </trkpt>
      <trkpt lat="52.035760000" lon="5.327850000">
        <ele>7.000</ele>
      </trkpt>
      <trkpt lat="52.035750000" lon="5.327400000">
        <ele>7.000</ele>
      </trkpt>
      <trkpt lat="52.035750000" lon="5.326910000">
        <ele>7.000</ele>
      </trkpt>
      <trkpt lat="52.035750000" lon="5.326830000">
        <ele>7.000</ele>
      </trkpt>
      <trkpt lat="52.035750000" lon="5.326740000">
        <ele>7.000</ele>
      </trkpt>
      <trkpt lat="52.035770000" lon="5.326100000">
        <ele>7.000</ele>
      </trkpt>
      <trkpt lat="52.035790000" lon="5.325590000">
        <ele>7.000</ele>
      </trkpt>
      <trkpt lat="52.035810000" lon="5.325270000">
        <ele>7.000</ele>
      </trkpt>
      <trkpt lat="52.035820000" lon="5.325070000">
        <ele>7.000</ele>
      </trkpt>
      <trkpt lat="52.035830000" lon="5.324990000">
        <ele>7.000</ele>
      </trkpt>
      <trkpt lat="52.035840000" lon="5.324930000">
        <ele>7.000</ele>
      </trkpt>
      <trkpt lat="52.035870000" lon="5.324620000">
        <ele>7.000</ele>
      </trkpt>
      <trkpt lat="52.035900000" lon="5.324370000">
        <ele>7.000</ele>
      </trkpt>
      <trkpt lat="52.035900000" lon="5.324330000">
        <ele>7.000</ele>
      </trkpt>
      <trkpt lat="52.035900000" lon="5.324320000">
        <ele>7.000</ele>
      </trkpt>
      <trkpt lat="52.035900000" lon="5.324310000">
        <ele>7.000</ele>
      </trkpt>
      <trkpt lat="52.035890000" lon="5.324280000">
        <ele>7.000</ele>
      </trkpt>
      <trkpt lat="52.035900000" lon="5.324160000">
        <ele>7.000</ele>
      </trkpt>
      <trkpt lat="52.036050000" lon="5.323160000">
        <ele>7.000</ele>
      </trkpt>
      <trkpt lat="52.036110000" lon="5.322640000">
        <ele>7.000</ele>
      </trkpt>
      <trkpt lat="52.036220000" lon="5.321870000">
        <ele>7.000</ele>
      </trkpt>
      <trkpt lat="52.036280000" lon="5.321550000">
        <ele>6.000</ele>
      </trkpt>
      <trkpt lat="52.036290000" lon="5.321530000">
        <ele>6.000</ele>
      </trkpt>
      <trkpt lat="52.036300000" lon="5.321510000">
        <ele>6.000</ele>
      </trkpt>
      <trkpt lat="52.036310000" lon="5.321480000">
        <ele>6.000</ele>
      </trkpt>
      <trkpt lat="52.036350000" lon="5.321280000">
        <ele>6.000</ele>
      </trkpt>
      <trkpt lat="52.036380000" lon="5.321140000">
        <ele>6.000</ele>
      </trkpt>
      <trkpt lat="52.036690000" lon="5.319690000">
        <ele>6.000</ele>
      </trkpt>
      <trkpt lat="52.036770000" lon="5.319370000">
        <ele>6.000</ele>
      </trkpt>
      <trkpt lat="52.036930000" lon="5.318680000">
        <ele>5.000</ele>
      </trkpt>
      <trkpt lat="52.037030000" lon="5.318290000">
        <ele>5.000</ele>
      </trkpt>
      <trkpt lat="52.037230000" lon="5.317570000">
        <ele>5.000</ele>
      </trkpt>
      <trkpt lat="52.037270000" lon="5.317400000">
        <ele>5.000</ele>
      </trkpt>
      <trkpt lat="52.037350000" lon="5.317080000">
        <ele>5.000</ele>
      </trkpt>
      <trkpt lat="52.037600000" lon="5.316110000">
        <ele>5.000</ele>
      </trkpt>
      <trkpt lat="52.037650000" lon="5.315910000">
        <ele>5.000</ele>
      </trkpt>
      <trkpt lat="52.037660000" lon="5.315800000">
        <ele>5.000</ele>
      </trkpt>
      <trkpt lat="52.038130000" lon="5.313870000">
        <ele>5.000</ele>
      </trkpt>
      <trkpt lat="52.038250000" lon="5.313360000">
        <ele>5.000</ele>
      </trkpt>
      <trkpt lat="52.038290000" lon="5.313220000">
        <ele>6.000</ele>
      </trkpt>
      <trkpt lat="52.038330000" lon="5.313070000">
        <ele>6.000</ele>
      </trkpt>
      <trkpt lat="52.038390000" lon="5.312800000">
        <ele>6.000</ele>
      </trkpt>
      <trkpt lat="52.038440000" lon="5.312660000">
        <ele>6.000</ele>
      </trkpt>
      <trkpt lat="52.038530000" lon="5.312400000">
        <ele>6.000</ele>
      </trkpt>
      <trkpt lat="52.038650000" lon="5.312120000">
        <ele>6.000</ele>
      </trkpt>
      <trkpt lat="52.038710000" lon="5.311990000">
        <ele>6.000</ele>
      </trkpt>
      <trkpt lat="52.038880000" lon="5.311670000">
        <ele>6.000</ele>
      </trkpt>
      <trkpt lat="52.039040000" lon="5.311410000">
        <ele>6.000</ele>
      </trkpt>
      <trkpt lat="52.039220000" lon="5.311100000">
        <ele>6.000</ele>
      </trkpt>
      <trkpt lat="52.040010000" lon="5.309780000">
        <ele>6.000</ele>
      </trkpt>
      <trkpt lat="52.040200000" lon="5.309460000">
        <ele>6.000</ele>
      </trkpt>
      <trkpt lat="52.040310000" lon="5.309240000">
        <ele>6.000</ele>
      </trkpt>
      <trkpt lat="52.040420000" lon="5.309010000">
        <ele>6.000</ele>
      </trkpt>
      <trkpt lat="52.040890000" lon="5.307940000">
        <ele>6.000</ele>
      </trkpt>
      <trkpt lat="52.040990000" lon="5.307760000">
        <ele>6.000</ele>
      </trkpt>
      <trkpt lat="52.041160000" lon="5.307360000">
        <ele>6.000</ele>
      </trkpt>
      <trkpt lat="52.041260000" lon="5.307140000">
        <ele>5.000</ele>
      </trkpt>
      <trkpt lat="52.041520000" lon="5.306560000">
        <ele>5.000</ele>
      </trkpt>
      <trkpt lat="52.041570000" lon="5.306420000">
        <ele>5.000</ele>
      </trkpt>
      <trkpt lat="52.041620000" lon="5.306320000">
        <ele>5.000</ele>
      </trkpt>
      <trkpt lat="52.042190000" lon="5.305060000">
        <ele>5.000</ele>
      </trkpt>
      <trkpt lat="52.042240000" lon="5.304990000">
        <ele>5.000</ele>
      </trkpt>
      <trkpt lat="52.042310000" lon="5.304840000">
        <ele>5.000</ele>
      </trkpt>
      <trkpt lat="52.042460000" lon="5.304520000">
        <ele>5.000</ele>
      </trkpt>
      <trkpt lat="52.042820000" lon="5.303760000">
        <ele>5.000</ele>
      </trkpt>
      <trkpt lat="52.043180000" lon="5.303010000">
        <ele>5.000</ele>
      </trkpt>
      <trkpt lat="52.043230000" lon="5.302860000">
        <ele>5.000</ele>
      </trkpt>
      <trkpt lat="52.043270000" lon="5.302800000">
        <ele>5.000</ele>
      </trkpt>
      <trkpt lat="52.043300000" lon="5.302740000">
        <ele>5.000</ele>
      </trkpt>
      <trkpt lat="52.043430000" lon="5.302490000">
        <ele>5.000</ele>
      </trkpt>
      <trkpt lat="52.043570000" lon="5.302240000">
        <ele>5.000</ele>
      </trkpt>
      <trkpt lat="52.043720000" lon="5.302010000">
        <ele>5.000</ele>
      </trkpt>
      <trkpt lat="52.044010000" lon="5.301650000">
        <ele>5.000</ele>
      </trkpt>
      <trkpt lat="52.044180000" lon="5.301450000">
        <ele>5.000</ele>
      </trkpt>
      <trkpt lat="52.044480000" lon="5.301110000">
        <ele>5.000</ele>
      </trkpt>
      <trkpt lat="52.044640000" lon="5.300940000">
        <ele>5.000</ele>
      </trkpt>
      <trkpt lat="52.044920000" lon="5.300620000">
        <ele>5.000</ele>
      </trkpt>
      <trkpt lat="52.045100000" lon="5.300390000">
        <ele>5.000</ele>
      </trkpt>
      <trkpt lat="52.045170000" lon="5.300290000">
        <ele>5.000</ele>
      </trkpt>
      <trkpt lat="52.045250000" lon="5.300160000">
        <ele>5.000</ele>
      </trkpt>
      <trkpt lat="52.045360000" lon="5.299970000">
        <ele>5.000</ele>
      </trkpt>
      <trkpt lat="52.045670000" lon="5.299370000">
        <ele>5.000</ele>
      </trkpt>
      <trkpt lat="52.045750000" lon="5.299210000">
        <ele>5.000</ele>
      </trkpt>
      <trkpt lat="52.045750000" lon="5.299210000">
        <ele>5.000</ele>
      </trkpt>
      <trkpt lat="52.045910000" lon="5.298860000">
        <ele>5.000</ele>
      </trkpt>
      <trkpt lat="52.046540000" lon="5.297560000">
        <ele>5.000</ele>
      </trkpt>
      <trkpt lat="52.046780000" lon="5.297050000">
        <ele>5.000</ele>
      </trkpt>
      <trkpt lat="52.047160000" lon="5.296230000">
        <ele>5.000</ele>
      </trkpt>
      <trkpt lat="52.047230000" lon="5.296080000">
        <ele>5.000</ele>
      </trkpt>
      <trkpt lat="52.047510000" lon="5.295450000">
        <ele>5.000</ele>
      </trkpt>
      <trkpt lat="52.047680000" lon="5.295050000">
        <ele>5.000</ele>
      </trkpt>
      <trkpt lat="52.047750000" lon="5.294950000">
        <ele>5.000</ele>
      </trkpt>
      <trkpt lat="52.047820000" lon="5.294820000">
        <ele>5.000</ele>
      </trkpt>
      <trkpt lat="52.047940000" lon="5.294570000">
        <ele>5.000</ele>
      </trkpt>
      <trkpt lat="52.047940000" lon="5.294570000">
        <ele>5.000</ele>
      </trkpt>
      <trkpt lat="52.047950000" lon="5.294580000">
        <ele>5.000</ele>
      </trkpt>
      <trkpt lat="52.047960000" lon="5.294580000">
        <ele>5.000</ele>
      </trkpt>
      <trkpt lat="52.047970000" lon="5.294580000">
        <ele>5.000</ele>
      </trkpt>
      <trkpt lat="52.047980000" lon="5.294580000">
        <ele>5.000</ele>
      </trkpt>
      <trkpt lat="52.047990000" lon="5.294580000">
        <ele>5.000</ele>
      </trkpt>
      <trkpt lat="52.048000000" lon="5.294580000">
        <ele>5.000</ele>
      </trkpt>
      <trkpt lat="52.048010000" lon="5.294570000">
        <ele>5.000</ele>
      </trkpt>
      <trkpt lat="52.048020000" lon="5.294560000">
        <ele>5.000</ele>
      </trkpt>
      <trkpt lat="52.048140000" lon="5.294790000">
        <ele>5.000</ele>
      </trkpt>
      <trkpt lat="52.048230000" lon="5.294910000">
        <ele>5.000</ele>
      </trkpt>
      <trkpt lat="52.048280000" lon="5.294910000">
        <ele>5.000</ele>
      </trkpt>
      <trkpt lat="52.048610000" lon="5.295470000">
        <ele>6.000</ele>
      </trkpt>
      <trkpt lat="52.048950000" lon="5.296030000">
        <ele>6.000</ele>
      </trkpt>
      <trkpt lat="52.049300000" lon="5.296620000">
        <ele>7.000</ele>
      </trkpt>
      <trkpt lat="52.049660000" lon="5.297210000">
        <ele>7.000</ele>
      </trkpt>
      <trkpt lat="52.049780000" lon="5.297380000">
        <ele>7.000</ele>
      </trkpt>
      <trkpt lat="52.049890000" lon="5.297550000">
        <ele>7.000</ele>
      </trkpt>
      <trkpt lat="52.050030000" lon="5.297680000">
        <ele>7.000</ele>
      </trkpt>
      <trkpt lat="52.050060000" lon="5.297700000">
        <ele>7.000</ele>
      </trkpt>
      <trkpt lat="52.050100000" lon="5.297700000">
        <ele>7.000</ele>
      </trkpt>
      <trkpt lat="52.050250000" lon="5.297700000">
        <ele>7.000</ele>
      </trkpt>
      <trkpt lat="52.050790000" lon="5.297780000">
        <ele>7.000</ele>
      </trkpt>
      <trkpt lat="52.050910000" lon="5.297790000">
        <ele>7.000</ele>
      </trkpt>
      <trkpt lat="52.051130000" lon="5.297820000">
        <ele>8.000</ele>
      </trkpt>
      <trkpt lat="52.051410000" lon="5.297900000">
        <ele>8.000</ele>
      </trkpt>
      <trkpt lat="52.051790000" lon="5.298070000">
        <ele>8.000</ele>
      </trkpt>
      <trkpt lat="52.052190000" lon="5.298490000">
        <ele>8.000</ele>
      </trkpt>
      <trkpt lat="52.052620000" lon="5.299310000">
        <ele>8.000</ele>
      </trkpt>
      <trkpt lat="52.052880000" lon="5.299780000">
        <ele>8.000</ele>
      </trkpt>
      <trkpt lat="52.052880000" lon="5.299780000">
        <ele>8.000</ele>
      </trkpt>
      <trkpt lat="52.053040000" lon="5.300070000">
        <ele>8.000</ele>
      </trkpt>
      <trkpt lat="52.053660000" lon="5.301030000">
        <ele>8.000</ele>
      </trkpt>
      <trkpt lat="52.053690000" lon="5.301080000">
        <ele>8.000</ele>
      </trkpt>
      <trkpt lat="52.053850000" lon="5.301320000">
        <ele>8.000</ele>
      </trkpt>
      <trkpt lat="52.054050000" lon="5.301600000">
        <ele>8.000</ele>
      </trkpt>
      <trkpt lat="52.054420000" lon="5.302140000">
        <ele>8.000</ele>
      </trkpt>
      <trkpt lat="52.054660000" lon="5.302480000">
        <ele>8.000</ele>
      </trkpt>
      <trkpt lat="52.054720000" lon="5.302570000">
        <ele>8.000</ele>
      </trkpt>
      <trkpt lat="52.054810000" lon="5.302660000">
        <ele>8.000</ele>
      </trkpt>
      <trkpt lat="52.054810000" lon="5.302660000">
        <ele>8.000</ele>
      </trkpt>
      <trkpt lat="52.055150000" lon="5.301600000">
        <ele>8.000</ele>
      </trkpt>
      <trkpt lat="52.055480000" lon="5.300540000">
        <ele>8.000</ele>
      </trkpt>
      <trkpt lat="52.055690000" lon="5.299940000">
        <ele>7.000</ele>
      </trkpt>
      <trkpt lat="52.055900000" lon="5.299350000">
        <ele>7.000</ele>
      </trkpt>
      <trkpt lat="52.055920000" lon="5.299300000">
        <ele>7.000</ele>
      </trkpt>
      <trkpt lat="52.055930000" lon="5.299250000">
        <ele>7.000</ele>
      </trkpt>
      <trkpt lat="52.055950000" lon="5.299180000">
        <ele>7.000</ele>
      </trkpt>
      <trkpt lat="52.055960000" lon="5.299120000">
        <ele>7.000</ele>
      </trkpt>
      <trkpt lat="52.056020000" lon="5.299080000">
        <ele>7.000</ele>
      </trkpt>
      <trkpt lat="52.056050000" lon="5.299040000">
        <ele>7.000</ele>
      </trkpt>
      <trkpt lat="52.056170000" lon="5.298680000">
        <ele>7.000</ele>
      </trkpt>
      <trkpt lat="52.056350000" lon="5.298170000">
        <ele>7.000</ele>
      </trkpt>
      <trkpt lat="52.056530000" lon="5.297660000">
        <ele>7.000</ele>
      </trkpt>
      <trkpt lat="52.056620000" lon="5.297380000">
        <ele>7.000</ele>
      </trkpt>
      <trkpt lat="52.056700000" lon="5.297120000">
        <ele>7.000</ele>
      </trkpt>
      <trkpt lat="52.056870000" lon="5.296620000">
        <ele>7.000</ele>
      </trkpt>
      <trkpt lat="52.057040000" lon="5.296090000">
        <ele>7.000</ele>
      </trkpt>
      <trkpt lat="52.057120000" lon="5.295830000">
        <ele>7.000</ele>
      </trkpt>
      <trkpt lat="52.057210000" lon="5.295570000">
        <ele>7.000</ele>
      </trkpt>
      <trkpt lat="52.057210000" lon="5.295570000">
        <ele>7.000</ele>
      </trkpt>
      <trkpt lat="52.057310000" lon="5.295810000">
        <ele>7.000</ele>
      </trkpt>
      <trkpt lat="52.057340000" lon="5.295890000">
        <ele>7.000</ele>
      </trkpt>
      <trkpt lat="52.057410000" lon="5.296050000">
        <ele>7.000</ele>
      </trkpt>
      <trkpt lat="52.057480000" lon="5.296200000">
        <ele>7.000</ele>
      </trkpt>
      <trkpt lat="52.057680000" lon="5.296720000">
        <ele>8.000</ele>
      </trkpt>
      <trkpt lat="52.057880000" lon="5.297230000">
        <ele>8.000</ele>
      </trkpt>
      <trkpt lat="52.058030000" lon="5.297600000">
        <ele>8.000</ele>
      </trkpt>
      <trkpt lat="52.058180000" lon="5.297970000">
        <ele>8.000</ele>
      </trkpt>
      <trkpt lat="52.058340000" lon="5.298340000">
        <ele>8.000</ele>
      </trkpt>
      <trkpt lat="52.058490000" lon="5.298720000">
        <ele>8.000</ele>
      </trkpt>
      <trkpt lat="52.058790000" lon="5.299420000">
        <ele>8.000</ele>
      </trkpt>
      <trkpt lat="52.059080000" lon="5.300120000">
        <ele>8.000</ele>
      </trkpt>
      <trkpt lat="52.059190000" lon="5.300420000">
        <ele>8.000</ele>
      </trkpt>
      <trkpt lat="52.059310000" lon="5.300720000">
        <ele>8.000</ele>
      </trkpt>
      <trkpt lat="52.059650000" lon="5.301500000">
        <ele>8.000</ele>
      </trkpt>
      <trkpt lat="52.059980000" lon="5.302280000">
        <ele>8.000</ele>
      </trkpt>
      <trkpt lat="52.060070000" lon="5.302490000">
        <ele>8.000</ele>
      </trkpt>
      <trkpt lat="52.060150000" lon="5.302700000">
        <ele>9.000</ele>
      </trkpt>
      <trkpt lat="52.060250000" lon="5.303130000">
        <ele>9.000</ele>
      </trkpt>
      <trkpt lat="52.060310000" lon="5.303510000">
        <ele>10.000</ele>
      </trkpt>
      <trkpt lat="52.060330000" lon="5.303670000">
        <ele>10.000</ele>
      </trkpt>
      <trkpt lat="52.060330000" lon="5.303670000">
        <ele>10.000</ele>
      </trkpt>
      <trkpt lat="52.060340000" lon="5.303730000">
        <ele>10.000</ele>
      </trkpt>
      <trkpt lat="52.060390000" lon="5.304020000">
        <ele>11.000</ele>
      </trkpt>
      <trkpt lat="52.060440000" lon="5.304290000">
        <ele>11.000</ele>
      </trkpt>
      <trkpt lat="52.060440000" lon="5.304310000">
        <ele>11.000</ele>
      </trkpt>
      <trkpt lat="52.060490000" lon="5.304620000">
        <ele>11.000</ele>
      </trkpt>
      <trkpt lat="52.060550000" lon="5.304920000">
        <ele>12.000</ele>
      </trkpt>
      <trkpt lat="52.060570000" lon="5.305050000">
        <ele>12.000</ele>
      </trkpt>
      <trkpt lat="52.060590000" lon="5.305180000">
        <ele>13.000</ele>
      </trkpt>
      <trkpt lat="52.060620000" lon="5.305380000">
        <ele>13.000</ele>
      </trkpt>
      <trkpt lat="52.060660000" lon="5.305590000">
        <ele>13.000</ele>
      </trkpt>
      <trkpt lat="52.060690000" lon="5.305780000">
        <ele>14.000</ele>
      </trkpt>
      <trkpt lat="52.060720000" lon="5.305970000">
        <ele>14.000</ele>
      </trkpt>
      <trkpt lat="52.060780000" lon="5.306320000">
        <ele>15.000</ele>
      </trkpt>
      <trkpt lat="52.060840000" lon="5.306670000">
        <ele>15.000</ele>
      </trkpt>
      <trkpt lat="52.060870000" lon="5.306840000">
        <ele>16.000</ele>
      </trkpt>
      <trkpt lat="52.060900000" lon="5.307010000">
        <ele>16.000</ele>
      </trkpt>
      <trkpt lat="52.060940000" lon="5.307210000">
        <ele>17.000</ele>
      </trkpt>
      <trkpt lat="52.060980000" lon="5.307410000">
        <ele>17.000</ele>
      </trkpt>
      <trkpt lat="52.061030000" lon="5.307650000">
        <ele>17.000</ele>
      </trkpt>
      <trkpt lat="52.061100000" lon="5.308020000">
        <ele>17.000</ele>
      </trkpt>
      <trkpt lat="52.061140000" lon="5.308120000">
        <ele>17.000</ele>
      </trkpt>
      <trkpt lat="52.061150000" lon="5.308150000">
        <ele>17.000</ele>
      </trkpt>
      <trkpt lat="52.061210000" lon="5.308280000">
        <ele>17.000</ele>
      </trkpt>
      <trkpt lat="52.061310000" lon="5.308490000">
        <ele>17.000</ele>
      </trkpt>
      <trkpt lat="52.061400000" lon="5.308700000">
        <ele>17.000</ele>
      </trkpt>
      <trkpt lat="52.061430000" lon="5.308750000">
        <ele>17.000</ele>
      </trkpt>
      <trkpt lat="52.061450000" lon="5.308800000">
        <ele>17.000</ele>
      </trkpt>
      <trkpt lat="52.061560000" lon="5.309020000">
        <ele>17.000</ele>
      </trkpt>
      <trkpt lat="52.061800000" lon="5.309400000">
        <ele>17.000</ele>
      </trkpt>
      <trkpt lat="52.061800000" lon="5.309410000">
        <ele>17.000</ele>
      </trkpt>
      <trkpt lat="52.062090000" lon="5.309720000">
        <ele>17.000</ele>
      </trkpt>
      <trkpt lat="52.062140000" lon="5.309760000">
        <ele>17.000</ele>
      </trkpt>
      <trkpt lat="52.062490000" lon="5.310110000">
        <ele>17.000</ele>
      </trkpt>
      <trkpt lat="52.062830000" lon="5.310460000">
        <ele>17.000</ele>
      </trkpt>
      <trkpt lat="52.062870000" lon="5.310490000">
        <ele>16.000</ele>
      </trkpt>
      <trkpt lat="52.062910000" lon="5.310520000">
        <ele>16.000</ele>
      </trkpt>
      <trkpt lat="52.063060000" lon="5.310670000">
        <ele>16.000</ele>
      </trkpt>
      <trkpt lat="52.063130000" lon="5.310730000">
        <ele>16.000</ele>
      </trkpt>
      <trkpt lat="52.063220000" lon="5.310820000">
        <ele>15.000</ele>
      </trkpt>
      <trkpt lat="52.063340000" lon="5.310950000">
        <ele>15.000</ele>
      </trkpt>
      <trkpt lat="52.063470000" lon="5.311080000">
        <ele>15.000</ele>
      </trkpt>
      <trkpt lat="52.063920000" lon="5.311540000">
        <ele>14.000</ele>
      </trkpt>
      <trkpt lat="52.064380000" lon="5.311990000">
        <ele>15.000</ele>
      </trkpt>
      <trkpt lat="52.064570000" lon="5.312220000">
        <ele>15.000</ele>
      </trkpt>
      <trkpt lat="52.064590000" lon="5.312260000">
        <ele>15.000</ele>
      </trkpt>
      <trkpt lat="52.064690000" lon="5.312530000">
        <ele>16.000</ele>
      </trkpt>
      <trkpt lat="52.064700000" lon="5.312580000">
        <ele>16.000</ele>
      </trkpt>
      <trkpt lat="52.064710000" lon="5.312630000">
        <ele>16.000</ele>
      </trkpt>
      <trkpt lat="52.064740000" lon="5.312790000">
        <ele>16.000</ele>
      </trkpt>
      <trkpt lat="52.064760000" lon="5.312960000">
        <ele>16.000</ele>
      </trkpt>
      <trkpt lat="52.064770000" lon="5.313320000">
        <ele>17.000</ele>
      </trkpt>
      <trkpt lat="52.064780000" lon="5.313550000">
        <ele>17.000</ele>
      </trkpt>
      <trkpt lat="52.064780000" lon="5.313680000">
        <ele>18.000</ele>
      </trkpt>
      <trkpt lat="52.064780000" lon="5.313850000">
        <ele>18.000</ele>
      </trkpt>
      <trkpt lat="52.064780000" lon="5.314140000">
        <ele>18.000</ele>
      </trkpt>
      <trkpt lat="52.064780000" lon="5.314320000">
        <ele>18.000</ele>
      </trkpt>
      <trkpt lat="52.064790000" lon="5.314450000">
        <ele>17.000</ele>
      </trkpt>
      <trkpt lat="52.064800000" lon="5.314560000">
        <ele>17.000</ele>
      </trkpt>
      <trkpt lat="52.064810000" lon="5.314720000">
        <ele>17.000</ele>
      </trkpt>
      <trkpt lat="52.064820000" lon="5.314850000">
        <ele>16.000</ele>
      </trkpt>
      <trkpt lat="52.064860000" lon="5.314980000">
        <ele>16.000</ele>
      </trkpt>
      <trkpt lat="52.064870000" lon="5.315000000">
        <ele>16.000</ele>
      </trkpt>
      <trkpt lat="52.064900000" lon="5.315080000">
        <ele>15.000</ele>
      </trkpt>
      <trkpt lat="52.064970000" lon="5.315160000">
        <ele>15.000</ele>
      </trkpt>
      <trkpt lat="52.065040000" lon="5.315210000">
        <ele>15.000</ele>
      </trkpt>
      <trkpt lat="52.065110000" lon="5.315240000">
        <ele>14.000</ele>
      </trkpt>
      <trkpt lat="52.065120000" lon="5.315240000">
        <ele>14.000</ele>
      </trkpt>
      <trkpt lat="52.065170000" lon="5.315250000">
        <ele>14.000</ele>
      </trkpt>
      <trkpt lat="52.065310000" lon="5.315240000">
        <ele>14.000</ele>
      </trkpt>
      <trkpt lat="52.065350000" lon="5.315230000">
        <ele>13.000</ele>
      </trkpt>
      <trkpt lat="52.065410000" lon="5.315230000">
        <ele>13.000</ele>
      </trkpt>
      <trkpt lat="52.065510000" lon="5.315220000">
        <ele>13.000</ele>
      </trkpt>
      <trkpt lat="52.065610000" lon="5.315220000">
        <ele>12.000</ele>
      </trkpt>
      <trkpt lat="52.065720000" lon="5.315220000">
        <ele>12.000</ele>
      </trkpt>
      <trkpt lat="52.065870000" lon="5.315210000">
        <ele>11.000</ele>
      </trkpt>
      <trkpt lat="52.065880000" lon="5.315210000">
        <ele>11.000</ele>
      </trkpt>
      <trkpt lat="52.066050000" lon="5.315210000">
        <ele>11.000</ele>
      </trkpt>
      <trkpt lat="52.066100000" lon="5.315210000">
        <ele>10.000</ele>
      </trkpt>
      <trkpt lat="52.066230000" lon="5.315240000">
        <ele>10.000</ele>
      </trkpt>
      <trkpt lat="52.066250000" lon="5.315240000">
        <ele>10.000</ele>
      </trkpt>
      <trkpt lat="52.066390000" lon="5.315300000">
        <ele>10.000</ele>
      </trkpt>
      <trkpt lat="52.066480000" lon="5.315370000">
        <ele>10.000</ele>
      </trkpt>
      <trkpt lat="52.066580000" lon="5.315450000">
        <ele>10.000</ele>
      </trkpt>
      <trkpt lat="52.066690000" lon="5.315570000">
        <ele>11.000</ele>
      </trkpt>
      <trkpt lat="52.066760000" lon="5.315640000">
        <ele>11.000</ele>
      </trkpt>
      <trkpt lat="52.066880000" lon="5.315760000">
        <ele>11.000</ele>
      </trkpt>
      <trkpt lat="52.067020000" lon="5.315900000">
        <ele>11.000</ele>
      </trkpt>
      <trkpt lat="52.067040000" lon="5.315920000">
        <ele>11.000</ele>
      </trkpt>
      <trkpt lat="52.067120000" lon="5.316000000">
        <ele>12.000</ele>
      </trkpt>
      <trkpt lat="52.067200000" lon="5.316080000">
        <ele>12.000</ele>
      </trkpt>
      <trkpt lat="52.067240000" lon="5.316120000">
        <ele>12.000</ele>
      </trkpt>
      <trkpt lat="52.067340000" lon="5.316210000">
        <ele>12.000</ele>
      </trkpt>
      <trkpt lat="52.067720000" lon="5.316710000">
        <ele>13.000</ele>
      </trkpt>
      <trkpt lat="52.067760000" lon="5.316760000">
        <ele>13.000</ele>
      </trkpt>
      <trkpt lat="52.068040000" lon="5.317130000">
        <ele>14.000</ele>
      </trkpt>
      <trkpt lat="52.068120000" lon="5.317230000">
        <ele>15.000</ele>
      </trkpt>
      <trkpt lat="52.068190000" lon="5.317300000">
        <ele>16.000</ele>
      </trkpt>
      <trkpt lat="52.068340000" lon="5.317470000">
        <ele>17.000</ele>
      </trkpt>
      <trkpt lat="52.068440000" lon="5.317580000">
        <ele>18.000</ele>
      </trkpt>
      <trkpt lat="52.068490000" lon="5.317630000">
        <ele>19.000</ele>
      </trkpt>
      <trkpt lat="52.068950000" lon="5.318140000">
        <ele>21.000</ele>
      </trkpt>
      <trkpt lat="52.069230000" lon="5.318440000">
        <ele>23.000</ele>
      </trkpt>
      <trkpt lat="52.069380000" lon="5.318600000">
        <ele>24.000</ele>
      </trkpt>
      <trkpt lat="52.069540000" lon="5.318760000">
        <ele>24.000</ele>
      </trkpt>
      <trkpt lat="52.069690000" lon="5.318920000">
        <ele>24.000</ele>
      </trkpt>
      <trkpt lat="52.069840000" lon="5.319080000">
        <ele>24.000</ele>
      </trkpt>
      <trkpt lat="52.069870000" lon="5.319110000">
        <ele>24.000</ele>
      </trkpt>
      <trkpt lat="52.069980000" lon="5.319250000">
        <ele>23.000</ele>
      </trkpt>
      <trkpt lat="52.070090000" lon="5.319380000">
        <ele>23.000</ele>
      </trkpt>
      <trkpt lat="52.070120000" lon="5.319430000">
        <ele>23.000</ele>
      </trkpt>
      <trkpt lat="52.070220000" lon="5.319590000">
        <ele>22.000</ele>
      </trkpt>
      <trkpt lat="52.070250000" lon="5.319640000">
        <ele>22.000</ele>
      </trkpt>
      <trkpt lat="52.070330000" lon="5.319770000">
        <ele>22.000</ele>
      </trkpt>
      <trkpt lat="52.070440000" lon="5.319900000">
        <ele>21.000</ele>
      </trkpt>
      <trkpt lat="52.070570000" lon="5.320000000">
        <ele>21.000</ele>
      </trkpt>
      <trkpt lat="52.070620000" lon="5.320020000">
        <ele>20.000</ele>
      </trkpt>
      <trkpt lat="52.070900000" lon="5.320150000">
        <ele>20.000</ele>
      </trkpt>
      <trkpt lat="52.070970000" lon="5.320170000">
        <ele>19.000</ele>
      </trkpt>
      <trkpt lat="52.071150000" lon="5.320230000">
        <ele>19.000</ele>
      </trkpt>
      <trkpt lat="52.071440000" lon="5.320330000">
        <ele>19.000</ele>
      </trkpt>
      <trkpt lat="52.071680000" lon="5.320400000">
        <ele>20.000</ele>
      </trkpt>
      <trkpt lat="52.071850000" lon="5.320450000">
        <ele>20.000</ele>
      </trkpt>
      <trkpt lat="52.072290000" lon="5.320580000">
        <ele>20.000</ele>
      </trkpt>
      <trkpt lat="52.072290000" lon="5.320580000">
        <ele>21.000</ele>
      </trkpt>
      <trkpt lat="52.072860000" lon="5.320770000">
        <ele>21.000</ele>
      </trkpt>
      <trkpt lat="52.073390000" lon="5.320980000">
        <ele>22.000</ele>
      </trkpt>
      <trkpt lat="52.073460000" lon="5.321010000">
        <ele>22.000</ele>
      </trkpt>
      <trkpt lat="52.073530000" lon="5.321040000">
        <ele>22.000</ele>
      </trkpt>
      <trkpt lat="52.074390000" lon="5.321470000">
        <ele>22.000</ele>
      </trkpt>
      <trkpt lat="52.074620000" lon="5.321590000">
        <ele>22.000</ele>
      </trkpt>
      <trkpt lat="52.075420000" lon="5.322000000">
        <ele>22.000</ele>
      </trkpt>
      <trkpt lat="52.075590000" lon="5.322090000">
        <ele>22.000</ele>
      </trkpt>
      <trkpt lat="52.075920000" lon="5.322260000">
        <ele>22.000</ele>
      </trkpt>
      <trkpt lat="52.076480000" lon="5.322570000">
        <ele>22.000</ele>
      </trkpt>
      <trkpt lat="52.076650000" lon="5.322670000">
        <ele>23.000</ele>
      </trkpt>
      <trkpt lat="52.076680000" lon="5.322680000">
        <ele>23.000</ele>
      </trkpt>
      <trkpt lat="52.077080000" lon="5.322890000">
        <ele>23.000</ele>
      </trkpt>
      <trkpt lat="52.077180000" lon="5.322960000">
        <ele>23.000</ele>
      </trkpt>
      <trkpt lat="52.077310000" lon="5.323100000">
        <ele>23.000</ele>
      </trkpt>
      <trkpt lat="52.077340000" lon="5.323140000">
        <ele>24.000</ele>
      </trkpt>
      <trkpt lat="52.077500000" lon="5.323320000">
        <ele>24.000</ele>
      </trkpt>
      <trkpt lat="52.077570000" lon="5.323380000">
        <ele>24.000</ele>
      </trkpt>
      <trkpt lat="52.077950000" lon="5.323810000">
        <ele>24.000</ele>
      </trkpt>
      <trkpt lat="52.078250000" lon="5.324130000">
        <ele>25.000</ele>
      </trkpt>
      <trkpt lat="52.078360000" lon="5.324250000">
        <ele>25.000</ele>
      </trkpt>
      <trkpt lat="52.078550000" lon="5.324470000">
        <ele>26.000</ele>
      </trkpt>
      <trkpt lat="52.078840000" lon="5.324800000">
        <ele>27.000</ele>
      </trkpt>
      <trkpt lat="52.078840000" lon="5.324800000">
        <ele>27.000</ele>
      </trkpt>
      <trkpt lat="52.078890000" lon="5.324870000">
        <ele>28.000</ele>
      </trkpt>
      <trkpt lat="52.078950000" lon="5.324930000">
        <ele>28.000</ele>
      </trkpt>
      <trkpt lat="52.079290000" lon="5.325340000">
        <ele>29.000</ele>
      </trkpt>
      <trkpt lat="52.079530000" lon="5.325620000">
        <ele>30.000</ele>
      </trkpt>
      <trkpt lat="52.079630000" lon="5.325750000">
        <ele>31.000</ele>
      </trkpt>
      <trkpt lat="52.079710000" lon="5.325840000">
        <ele>31.000</ele>
      </trkpt>
      <trkpt lat="52.079860000" lon="5.326010000">
        <ele>32.000</ele>
      </trkpt>
      <trkpt lat="52.080070000" lon="5.326260000">
        <ele>32.000</ele>
      </trkpt>
      <trkpt lat="52.080090000" lon="5.326280000">
        <ele>32.000</ele>
      </trkpt>
      <trkpt lat="52.080150000" lon="5.326350000">
        <ele>33.000</ele>
      </trkpt>
      <trkpt lat="52.080300000" lon="5.326510000">
        <ele>33.000</ele>
      </trkpt>
      <trkpt lat="52.080370000" lon="5.326580000">
        <ele>33.000</ele>
      </trkpt>
      <trkpt lat="52.080420000" lon="5.326640000">
        <ele>33.000</ele>
      </trkpt>
      <trkpt lat="52.080450000" lon="5.326670000">
        <ele>33.000</ele>
      </trkpt>
      <trkpt lat="52.080520000" lon="5.326740000">
        <ele>33.000</ele>
      </trkpt>
      <trkpt lat="52.080820000" lon="5.327050000">
        <ele>34.000</ele>
      </trkpt>
      <trkpt lat="52.080910000" lon="5.327140000">
        <ele>34.000</ele>
      </trkpt>
      <trkpt lat="52.080930000" lon="5.327160000">
        <ele>34.000</ele>
      </trkpt>
      <trkpt lat="52.080980000" lon="5.327210000">
        <ele>34.000</ele>
      </trkpt>
      <trkpt lat="52.081030000" lon="5.327260000">
        <ele>34.000</ele>
      </trkpt>
      <trkpt lat="52.081060000" lon="5.327290000">
        <ele>34.000</ele>
      </trkpt>
      <trkpt lat="52.081130000" lon="5.327350000">
        <ele>34.000</ele>
      </trkpt>
      <trkpt lat="52.081220000" lon="5.327440000">
        <ele>34.000</ele>
      </trkpt>
      <trkpt lat="52.081290000" lon="5.327500000">
        <ele>34.000</ele>
      </trkpt>
      <trkpt lat="52.081520000" lon="5.327710000">
        <ele>35.000</ele>
      </trkpt>
      <trkpt lat="52.081540000" lon="5.327720000">
        <ele>35.000</ele>
      </trkpt>
      <trkpt lat="52.081570000" lon="5.327740000">
        <ele>35.000</ele>
      </trkpt>
      <trkpt lat="52.082060000" lon="5.328050000">
        <ele>36.000</ele>
      </trkpt>
      <trkpt lat="52.082380000" lon="5.328220000">
        <ele>36.000</ele>
      </trkpt>
      <trkpt lat="52.082450000" lon="5.328260000">
        <ele>37.000</ele>
      </trkpt>
      <trkpt lat="52.082620000" lon="5.328350000">
        <ele>38.000</ele>
      </trkpt>
      <trkpt lat="52.082770000" lon="5.328430000">
        <ele>38.000</ele>
      </trkpt>
      <trkpt lat="52.082970000" lon="5.328520000">
        <ele>38.000</ele>
      </trkpt>
      <trkpt lat="52.083290000" lon="5.328680000">
        <ele>38.000</ele>
      </trkpt>
      <trkpt lat="52.083310000" lon="5.328690000">
        <ele>38.000</ele>
      </trkpt>
      <trkpt lat="52.083630000" lon="5.328850000">
        <ele>38.000</ele>
      </trkpt>
      <trkpt lat="52.083640000" lon="5.328850000">
        <ele>37.000</ele>
      </trkpt>
      <trkpt lat="52.083660000" lon="5.328860000">
        <ele>37.000</ele>
      </trkpt>
      <trkpt lat="52.083800000" lon="5.328950000">
        <ele>37.000</ele>
      </trkpt>
      <trkpt lat="52.083830000" lon="5.328960000">
        <ele>36.000</ele>
      </trkpt>
      <trkpt lat="52.083970000" lon="5.329040000">
        <ele>36.000</ele>
      </trkpt>
      <trkpt lat="52.084000000" lon="5.329060000">
        <ele>36.000</ele>
      </trkpt>
      <trkpt lat="52.084060000" lon="5.329100000">
        <ele>35.000</ele>
      </trkpt>
      <trkpt lat="52.084160000" lon="5.329180000">
        <ele>35.000</ele>
      </trkpt>
      <trkpt lat="52.084300000" lon="5.329290000">
        <ele>35.000</ele>
      </trkpt>
      <trkpt lat="52.084320000" lon="5.329310000">
        <ele>34.000</ele>
      </trkpt>
      <trkpt lat="52.084620000" lon="5.329550000">
        <ele>34.000</ele>
      </trkpt>
      <trkpt lat="52.084640000" lon="5.329570000">
        <ele>33.000</ele>
      </trkpt>
      <trkpt lat="52.084780000" lon="5.329690000">
        <ele>33.000</ele>
      </trkpt>
      <trkpt lat="52.084800000" lon="5.329700000">
        <ele>32.000</ele>
      </trkpt>
      <trkpt lat="52.084820000" lon="5.329720000">
        <ele>32.000</ele>
      </trkpt>
      <trkpt lat="52.084960000" lon="5.329820000">
        <ele>32.000</ele>
      </trkpt>
      <trkpt lat="52.084970000" lon="5.329820000">
        <ele>32.000</ele>
      </trkpt>
      <trkpt lat="52.085110000" lon="5.329920000">
        <ele>32.000</ele>
      </trkpt>
      <trkpt lat="52.085510000" lon="5.330150000">
        <ele>32.000</ele>
      </trkpt>
      <trkpt lat="52.085620000" lon="5.330210000">
        <ele>32.000</ele>
      </trkpt>
      <trkpt lat="52.085910000" lon="5.330380000">
        <ele>32.000</ele>
      </trkpt>
      <trkpt lat="52.086320000" lon="5.330680000">
        <ele>33.000</ele>
      </trkpt>
      <trkpt lat="52.086400000" lon="5.330710000">
        <ele>33.000</ele>
      </trkpt>
      <trkpt lat="52.086530000" lon="5.330740000">
        <ele>33.000</ele>
      </trkpt>
      <trkpt lat="52.086580000" lon="5.330750000">
        <ele>33.000</ele>
      </trkpt>
      <trkpt lat="52.086760000" lon="5.330790000">
        <ele>33.000</ele>
      </trkpt>
      <trkpt lat="52.086860000" lon="5.330810000">
        <ele>33.000</ele>
      </trkpt>
      <trkpt lat="52.087120000" lon="5.330840000">
        <ele>33.000</ele>
      </trkpt>
      <trkpt lat="52.087180000" lon="5.330840000">
        <ele>33.000</ele>
      </trkpt>
      <trkpt lat="52.087250000" lon="5.330850000">
        <ele>32.000</ele>
      </trkpt>
      <trkpt lat="52.087250000" lon="5.330850000">
        <ele>32.000</ele>
      </trkpt>
      <trkpt lat="52.087230000" lon="5.331750000">
        <ele>32.000</ele>
      </trkpt>
      <trkpt lat="52.087220000" lon="5.332040000">
        <ele>31.000</ele>
      </trkpt>
      <trkpt lat="52.087200000" lon="5.332740000">
        <ele>31.000</ele>
      </trkpt>
      <trkpt lat="52.087210000" lon="5.333150000">
        <ele>30.000</ele>
      </trkpt>
      <trkpt lat="52.087190000" lon="5.333530000">
        <ele>31.000</ele>
      </trkpt>
      <trkpt lat="52.087150000" lon="5.335260000">
        <ele>31.000</ele>
      </trkpt>
      <trkpt lat="52.087150000" lon="5.335330000">
        <ele>32.000</ele>
      </trkpt>
      <trkpt lat="52.087120000" lon="5.336430000">
        <ele>33.000</ele>
      </trkpt>
      <trkpt lat="52.087100000" lon="5.336550000">
        <ele>33.000</ele>
      </trkpt>
      <trkpt lat="52.087100000" lon="5.336640000">
        <ele>34.000</ele>
      </trkpt>
      <trkpt lat="52.087080000" lon="5.336960000">
        <ele>34.000</ele>
      </trkpt>
      <trkpt lat="52.087050000" lon="5.337230000">
        <ele>35.000</ele>
      </trkpt>
      <trkpt lat="52.087020000" lon="5.337480000">
        <ele>35.000</ele>
      </trkpt>
      <trkpt lat="52.086980000" lon="5.337740000">
        <ele>36.000</ele>
      </trkpt>
      <trkpt lat="52.086970000" lon="5.337830000">
        <ele>36.000</ele>
      </trkpt>
      <trkpt lat="52.086900000" lon="5.338210000">
        <ele>37.000</ele>
      </trkpt>
      <trkpt lat="52.086810000" lon="5.338570000">
        <ele>37.000</ele>
      </trkpt>
      <trkpt lat="52.086740000" lon="5.338810000">
        <ele>38.000</ele>
      </trkpt>
      <trkpt lat="52.086690000" lon="5.338980000">
        <ele>38.000</ele>
      </trkpt>
      <trkpt lat="52.086410000" lon="5.339880000">
        <ele>39.000</ele>
      </trkpt>
      <trkpt lat="52.086250000" lon="5.340400000">
        <ele>41.000</ele>
      </trkpt>
      <trkpt lat="52.086200000" lon="5.340580000">
        <ele>42.000</ele>
      </trkpt>
      <trkpt lat="52.086040000" lon="5.341080000">
        <ele>44.000</ele>
      </trkpt>
      <trkpt lat="52.085860000" lon="5.341590000">
        <ele>47.000</ele>
      </trkpt>
      <trkpt lat="52.085690000" lon="5.342100000">
        <ele>50.000</ele>
      </trkpt>
      <trkpt lat="52.085560000" lon="5.342480000">
        <ele>53.000</ele>
      </trkpt>
      <trkpt lat="52.085560000" lon="5.342480000">
        <ele>55.000</ele>
      </trkpt>
      <trkpt lat="52.085510000" lon="5.342610000">
        <ele>56.000</ele>
      </trkpt>
      <trkpt lat="52.085420000" lon="5.342870000">
        <ele>56.000</ele>
      </trkpt>
      <trkpt lat="52.085340000" lon="5.343120000">
        <ele>56.000</ele>
      </trkpt>
      <trkpt lat="52.085250000" lon="5.343380000">
        <ele>56.000</ele>
      </trkpt>
      <trkpt lat="52.085160000" lon="5.343630000">
        <ele>55.000</ele>
      </trkpt>
      <trkpt lat="52.085150000" lon="5.343660000">
        <ele>55.000</ele>
      </trkpt>
      <trkpt lat="52.084870000" lon="5.344530000">
        <ele>53.000</ele>
      </trkpt>
      <trkpt lat="52.084830000" lon="5.344680000">
        <ele>52.000</ele>
      </trkpt>
      <trkpt lat="52.084760000" lon="5.344940000">
        <ele>51.000</ele>
      </trkpt>
      <trkpt lat="52.084740000" lon="5.345020000">
        <ele>50.000</ele>
      </trkpt>
      <trkpt lat="52.084660000" lon="5.345440000">
        <ele>49.000</ele>
      </trkpt>
      <trkpt lat="52.084650000" lon="5.345500000">
        <ele>48.000</ele>
      </trkpt>
      <trkpt lat="52.084620000" lon="5.345790000">
        <ele>47.000</ele>
      </trkpt>
      <trkpt lat="52.084610000" lon="5.345820000">
        <ele>47.000</ele>
      </trkpt>
      <trkpt lat="52.084570000" lon="5.346290000">
        <ele>46.000</ele>
      </trkpt>
      <trkpt lat="52.084560000" lon="5.346660000">
        <ele>45.000</ele>
      </trkpt>
      <trkpt lat="52.084540000" lon="5.346950000">
        <ele>44.000</ele>
      </trkpt>
      <trkpt lat="52.084510000" lon="5.347720000">
        <ele>43.000</ele>
      </trkpt>
      <trkpt lat="52.084500000" lon="5.348070000">
        <ele>42.000</ele>
      </trkpt>
      <trkpt lat="52.084480000" lon="5.348580000">
        <ele>41.000</ele>
      </trkpt>
      <trkpt lat="52.084460000" lon="5.349080000">
        <ele>40.000</ele>
      </trkpt>
      <trkpt lat="52.084400000" lon="5.350430000">
        <ele>38.000</ele>
      </trkpt>
      <trkpt lat="52.084370000" lon="5.351010000">
        <ele>36.000</ele>
      </trkpt>
      <trkpt lat="52.084360000" lon="5.351310000">
        <ele>34.000</ele>
      </trkpt>
      <trkpt lat="52.084340000" lon="5.351560000">
        <ele>33.000</ele>
      </trkpt>
      <trkpt lat="52.084340000" lon="5.351600000">
        <ele>32.000</ele>
      </trkpt>
      <trkpt lat="52.084310000" lon="5.352230000">
        <ele>31.000</ele>
      </trkpt>
      <trkpt lat="52.084280000" lon="5.353350000">
        <ele>29.000</ele>
      </trkpt>
      <trkpt lat="52.084220000" lon="5.354670000">
        <ele>27.000</ele>
      </trkpt>
      <trkpt lat="52.084200000" lon="5.355210000">
        <ele>24.000</ele>
      </trkpt>
      <trkpt lat="52.084180000" lon="5.355650000">
        <ele>23.000</ele>
      </trkpt>
      <trkpt lat="52.084170000" lon="5.356000000">
        <ele>21.000</ele>
      </trkpt>
      <trkpt lat="52.084170000" lon="5.356000000">
        <ele>20.000</ele>
      </trkpt>
      <trkpt lat="52.084160000" lon="5.356090000">
        <ele>20.000</ele>
      </trkpt>
      <trkpt lat="52.084140000" lon="5.356670000">
        <ele>19.000</ele>
      </trkpt>
      <trkpt lat="52.084130000" lon="5.356970000">
        <ele>18.000</ele>
      </trkpt>
      <trkpt lat="52.084110000" lon="5.357260000">
        <ele>17.000</ele>
      </trkpt>
      <trkpt lat="52.084100000" lon="5.357580000">
        <ele>17.000</ele>
      </trkpt>
      <trkpt lat="52.084080000" lon="5.357900000">
        <ele>16.000</ele>
      </trkpt>
      <trkpt lat="52.084090000" lon="5.358020000">
        <ele>15.000</ele>
      </trkpt>
      <trkpt lat="52.084080000" lon="5.358620000">
        <ele>15.000</ele>
      </trkpt>
      <trkpt lat="52.084080000" lon="5.358980000">
        <ele>14.000</ele>
      </trkpt>
      <trkpt lat="52.084070000" lon="5.359780000">
        <ele>14.000</ele>
      </trkpt>
      <trkpt lat="52.084130000" lon="5.359890000">
        <ele>13.000</ele>
      </trkpt>
      <trkpt lat="52.084240000" lon="5.360040000">
        <ele>13.000</ele>
      </trkpt>
      <trkpt lat="52.084240000" lon="5.360040000">
        <ele>13.000</ele>
      </trkpt>
      <trkpt lat="52.085100000" lon="5.360220000">
        <ele>12.000</ele>
      </trkpt>
      <trkpt lat="52.085300000" lon="5.360270000">
        <ele>11.000</ele>
      </trkpt>
      <trkpt lat="52.085380000" lon="5.360300000">
        <ele>11.000</ele>
      </trkpt>
      <trkpt lat="52.085520000" lon="5.360340000">
        <ele>11.000</ele>
      </trkpt>
      <trkpt lat="52.085790000" lon="5.360430000">
        <ele>11.000</ele>
      </trkpt>
      <trkpt lat="52.085980000" lon="5.360520000">
        <ele>11.000</ele>
      </trkpt>
      <trkpt lat="52.086080000" lon="5.360570000">
        <ele>11.000</ele>
      </trkpt>
      <trkpt lat="52.086290000" lon="5.360680000">
        <ele>11.000</ele>
      </trkpt>
      <trkpt lat="52.086360000" lon="5.360720000">
        <ele>11.000</ele>
      </trkpt>
      <trkpt lat="52.086360000" lon="5.360720000">
        <ele>11.000</ele>
      </trkpt>
      <trkpt lat="52.086460000" lon="5.360780000">
        <ele>11.000</ele>
      </trkpt>
      <trkpt lat="52.086980000" lon="5.361070000">
        <ele>11.000</ele>
      </trkpt>
      <trkpt lat="52.087540000" lon="5.361340000">
        <ele>11.000</ele>
      </trkpt>
      <trkpt lat="52.087660000" lon="5.361410000">
        <ele>11.000</ele>
      </trkpt>
      <trkpt lat="52.087700000" lon="5.361440000">
        <ele>11.000</ele>
      </trkpt>
      <trkpt lat="52.087740000" lon="5.361450000">
        <ele>11.000</ele>
      </trkpt>
      <trkpt lat="52.087870000" lon="5.361490000">
        <ele>11.000</ele>
      </trkpt>
      <trkpt lat="52.087870000" lon="5.361490000">
        <ele>11.000</ele>
      </trkpt>
      <trkpt lat="52.087970000" lon="5.361520000">
        <ele>11.000</ele>
      </trkpt>
      <trkpt lat="52.088050000" lon="5.361540000">
        <ele>11.000</ele>
      </trkpt>
      <trkpt lat="52.088210000" lon="5.361570000">
        <ele>11.000</ele>
      </trkpt>
      <trkpt lat="52.088330000" lon="5.361590000">
        <ele>11.000</ele>
      </trkpt>
      <trkpt lat="52.088730000" lon="5.361620000">
        <ele>11.000</ele>
      </trkpt>
      <trkpt lat="52.088780000" lon="5.361650000">
        <ele>11.000</ele>
      </trkpt>
      <trkpt lat="52.089860000" lon="5.361680000">
        <ele>11.000</ele>
      </trkpt>
      <trkpt lat="52.090180000" lon="5.361680000">
        <ele>11.000</ele>
      </trkpt>
      <trkpt lat="52.090570000" lon="5.361710000">
        <ele>11.000</ele>
      </trkpt>
      <trkpt lat="52.090870000" lon="5.361730000">
        <ele>11.000</ele>
      </trkpt>
      <trkpt lat="52.090980000" lon="5.361750000">
        <ele>11.000</ele>
      </trkpt>
      <trkpt lat="52.091200000" lon="5.361780000">
        <ele>11.000</ele>
      </trkpt>
      <trkpt lat="52.091290000" lon="5.361790000">
        <ele>11.000</ele>
      </trkpt>
      <trkpt lat="52.091570000" lon="5.361840000">
        <ele>11.000</ele>
      </trkpt>
      <trkpt lat="52.091830000" lon="5.361890000">
        <ele>11.000</ele>
      </trkpt>
      <trkpt lat="52.092080000" lon="5.361950000">
        <ele>11.000</ele>
      </trkpt>
      <trkpt lat="52.092260000" lon="5.361980000">
        <ele>11.000</ele>
      </trkpt>
      <trkpt lat="52.092510000" lon="5.362050000">
        <ele>11.000</ele>
      </trkpt>
      <trkpt lat="52.092540000" lon="5.362050000">
        <ele>11.000</ele>
      </trkpt>
      <trkpt lat="52.092680000" lon="5.362090000">
        <ele>11.000</ele>
      </trkpt>
      <trkpt lat="52.092790000" lon="5.362110000">
        <ele>11.000</ele>
      </trkpt>
      <trkpt lat="52.093030000" lon="5.362150000">
        <ele>11.000</ele>
      </trkpt>
      <trkpt lat="52.093240000" lon="5.362170000">
        <ele>11.000</ele>
      </trkpt>
      <trkpt lat="52.093490000" lon="5.362190000">
        <ele>11.000</ele>
      </trkpt>
      <trkpt lat="52.093580000" lon="5.362200000">
        <ele>11.000</ele>
      </trkpt>
      <trkpt lat="52.093670000" lon="5.362210000">
        <ele>11.000</ele>
      </trkpt>
      <trkpt lat="52.093870000" lon="5.362220000">
        <ele>11.000</ele>
      </trkpt>
      <trkpt lat="52.094100000" lon="5.362210000">
        <ele>11.000</ele>
      </trkpt>
      <trkpt lat="52.094300000" lon="5.362180000">
        <ele>11.000</ele>
      </trkpt>
      <trkpt lat="52.094490000" lon="5.362160000">
        <ele>11.000</ele>
      </trkpt>
      <trkpt lat="52.094670000" lon="5.362140000">
        <ele>11.000</ele>
      </trkpt>
      <trkpt lat="52.094850000" lon="5.362120000">
        <ele>11.000</ele>
      </trkpt>
      <trkpt lat="52.095050000" lon="5.362090000">
        <ele>11.000</ele>
      </trkpt>
      <trkpt lat="52.095210000" lon="5.362070000">
        <ele>11.000</ele>
      </trkpt>
      <trkpt lat="52.095340000" lon="5.362060000">
        <ele>11.000</ele>
      </trkpt>
      <trkpt lat="52.095570000" lon="5.362040000">
        <ele>11.000</ele>
      </trkpt>
      <trkpt lat="52.095730000" lon="5.362040000">
        <ele>11.000</ele>
      </trkpt>
      <trkpt lat="52.095760000" lon="5.362040000">
        <ele>11.000</ele>
      </trkpt>
      <trkpt lat="52.096060000" lon="5.362050000">
        <ele>11.000</ele>
      </trkpt>
      <trkpt lat="52.096120000" lon="5.362030000">
        <ele>11.000</ele>
      </trkpt>
      <trkpt lat="52.096520000" lon="5.362080000">
        <ele>11.000</ele>
      </trkpt>
      <trkpt lat="52.096930000" lon="5.362130000">
        <ele>11.000</ele>
      </trkpt>
      <trkpt lat="52.097440000" lon="5.362200000">
        <ele>11.000</ele>
      </trkpt>
      <trkpt lat="52.097980000" lon="5.362270000">
        <ele>11.000</ele>
      </trkpt>
      <trkpt lat="52.098440000" lon="5.362310000">
        <ele>11.000</ele>
      </trkpt>
      <trkpt lat="52.098710000" lon="5.362340000">
        <ele>11.000</ele>
      </trkpt>
      <trkpt lat="52.099000000" lon="5.362370000">
        <ele>11.000</ele>
      </trkpt>
      <trkpt lat="52.099100000" lon="5.362380000">
        <ele>11.000</ele>
      </trkpt>
      <trkpt lat="52.100700000" lon="5.362530000">
        <ele>11.000</ele>
      </trkpt>
      <trkpt lat="52.101620000" lon="5.362610000">
        <ele>11.000</ele>
      </trkpt>
      <trkpt lat="52.101870000" lon="5.362620000">
        <ele>11.000</ele>
      </trkpt>
      <trkpt lat="52.102250000" lon="5.362630000">
        <ele>11.000</ele>
      </trkpt>
      <trkpt lat="52.102370000" lon="5.362620000">
        <ele>11.000</ele>
      </trkpt>
      <trkpt lat="52.102590000" lon="5.362610000">
        <ele>11.000</ele>
      </trkpt>
      <trkpt lat="52.102740000" lon="5.362590000">
        <ele>11.000</ele>
      </trkpt>
      <trkpt lat="52.102750000" lon="5.362590000">
        <ele>11.000</ele>
      </trkpt>
      <trkpt lat="52.102940000" lon="5.362560000">
        <ele>10.000</ele>
      </trkpt>
      <trkpt lat="52.102980000" lon="5.362550000">
        <ele>10.000</ele>
      </trkpt>
      <trkpt lat="52.103370000" lon="5.362470000">
        <ele>10.000</ele>
      </trkpt>
      <trkpt lat="52.103720000" lon="5.362370000">
        <ele>10.000</ele>
      </trkpt>
      <trkpt lat="52.104820000" lon="5.362040000">
        <ele>10.000</ele>
      </trkpt>
      <trkpt lat="52.105880000" lon="5.361730000">
        <ele>10.000</ele>
      </trkpt>
      <trkpt lat="52.106410000" lon="5.361570000">
        <ele>10.000</ele>
      </trkpt>
      <trkpt lat="52.107120000" lon="5.361360000">
        <ele>10.000</ele>
      </trkpt>
      <trkpt lat="52.108000000" lon="5.361100000">
        <ele>10.000</ele>
      </trkpt>
      <trkpt lat="52.108360000" lon="5.360990000">
        <ele>10.000</ele>
      </trkpt>
      <trkpt lat="52.110300000" lon="5.360410000">
        <ele>10.000</ele>
      </trkpt>
      <trkpt lat="52.110540000" lon="5.360340000">
        <ele>10.000</ele>
      </trkpt>
      <trkpt lat="52.110620000" lon="5.360310000">
        <ele>10.000</ele>
      </trkpt>
      <trkpt lat="52.110840000" lon="5.360260000">
        <ele>10.000</ele>
      </trkpt>
      <trkpt lat="52.111180000" lon="5.360200000">
        <ele>10.000</ele>
      </trkpt>
      <trkpt lat="52.111320000" lon="5.360190000">
        <ele>10.000</ele>
      </trkpt>
      <trkpt lat="52.111400000" lon="5.360190000">
        <ele>10.000</ele>
      </trkpt>
      <trkpt lat="52.111470000" lon="5.360200000">
        <ele>10.000</ele>
      </trkpt>
      <trkpt lat="52.111730000" lon="5.360220000">
        <ele>10.000</ele>
      </trkpt>
      <trkpt lat="52.111910000" lon="5.360260000">
        <ele>10.000</ele>
      </trkpt>
      <trkpt lat="52.111990000" lon="5.360280000">
        <ele>10.000</ele>
      </trkpt>
      <trkpt lat="52.112280000" lon="5.360390000">
        <ele>10.000</ele>
      </trkpt>
      <trkpt lat="52.112410000" lon="5.360450000">
        <ele>10.000</ele>
      </trkpt>
      <trkpt lat="52.112510000" lon="5.360500000">
        <ele>10.000</ele>
      </trkpt>
      <trkpt lat="52.112720000" lon="5.360590000">
        <ele>10.000</ele>
      </trkpt>
      <trkpt lat="52.112910000" lon="5.360680000">
        <ele>10.000</ele>
      </trkpt>
      <trkpt lat="52.113420000" lon="5.360920000">
        <ele>10.000</ele>
      </trkpt>
      <trkpt lat="52.113730000" lon="5.361060000">
        <ele>9.000</ele>
      </trkpt>
      <trkpt lat="52.113750000" lon="5.361070000">
        <ele>9.000</ele>
      </trkpt>
      <trkpt lat="52.113900000" lon="5.361140000">
        <ele>9.000</ele>
      </trkpt>
      <trkpt lat="52.114030000" lon="5.361200000">
        <ele>9.000</ele>
      </trkpt>
      <trkpt lat="52.114300000" lon="5.361330000">
        <ele>9.000</ele>
      </trkpt>
      <trkpt lat="52.114730000" lon="5.361530000">
        <ele>9.000</ele>
      </trkpt>
      <trkpt lat="52.114960000" lon="5.361640000">
        <ele>9.000</ele>
      </trkpt>
      <trkpt lat="52.115400000" lon="5.361840000">
        <ele>9.000</ele>
      </trkpt>
      <trkpt lat="52.115820000" lon="5.362030000">
        <ele>9.000</ele>
      </trkpt>
      <trkpt lat="52.116010000" lon="5.362110000">
        <ele>9.000</ele>
      </trkpt>
      <trkpt lat="52.116090000" lon="5.362140000">
        <ele>9.000</ele>
      </trkpt>
      <trkpt lat="52.116170000" lon="5.362170000">
        <ele>10.000</ele>
      </trkpt>
      <trkpt lat="52.116440000" lon="5.362260000">
        <ele>10.000</ele>
      </trkpt>
      <trkpt lat="52.116590000" lon="5.362310000">
        <ele>10.000</ele>
      </trkpt>
      <trkpt lat="52.116720000" lon="5.362340000">
        <ele>10.000</ele>
      </trkpt>
      <trkpt lat="52.116880000" lon="5.362390000">
        <ele>10.000</ele>
      </trkpt>
      <trkpt lat="52.116980000" lon="5.362410000">
        <ele>10.000</ele>
      </trkpt>
      <trkpt lat="52.117150000" lon="5.362450000">
        <ele>10.000</ele>
      </trkpt>
      <trkpt lat="52.117330000" lon="5.362480000">
        <ele>10.000</ele>
      </trkpt>
      <trkpt lat="52.117480000" lon="5.362500000">
        <ele>10.000</ele>
      </trkpt>
      <trkpt lat="52.117620000" lon="5.362520000">
        <ele>10.000</ele>
      </trkpt>
      <trkpt lat="52.117760000" lon="5.362560000">
        <ele>10.000</ele>
      </trkpt>
      <trkpt lat="52.117800000" lon="5.362570000">
        <ele>11.000</ele>
      </trkpt>
      <trkpt lat="52.118120000" lon="5.362590000">
        <ele>11.000</ele>
      </trkpt>
      <trkpt lat="52.118210000" lon="5.362600000">
        <ele>11.000</ele>
      </trkpt>
      <trkpt lat="52.118570000" lon="5.362610000">
        <ele>11.000</ele>
      </trkpt>
      <trkpt lat="52.118800000" lon="5.362620000">
        <ele>11.000</ele>
      </trkpt>
      <trkpt lat="52.119060000" lon="5.362620000">
        <ele>12.000</ele>
      </trkpt>
      <trkpt lat="52.119490000" lon="5.362620000">
        <ele>12.000</ele>
      </trkpt>
      <trkpt lat="52.119850000" lon="5.362640000">
        <ele>12.000</ele>
      </trkpt>
      <trkpt lat="52.120180000" lon="5.362650000">
        <ele>12.000</ele>
      </trkpt>
      <trkpt lat="52.120290000" lon="5.362660000">
        <ele>12.000</ele>
      </trkpt>
      <trkpt lat="52.120400000" lon="5.362670000">
        <ele>12.000</ele>
      </trkpt>
      <trkpt lat="52.120540000" lon="5.362700000">
        <ele>12.000</ele>
      </trkpt>
      <trkpt lat="52.120750000" lon="5.362740000">
        <ele>12.000</ele>
      </trkpt>
      <trkpt lat="52.120750000" lon="5.362740000">
        <ele>12.000</ele>
      </trkpt>
      <trkpt lat="52.120760000" lon="5.362830000">
        <ele>12.000</ele>
      </trkpt>
      <trkpt lat="52.120750000" lon="5.362920000">
        <ele>12.000</ele>
      </trkpt>
      <trkpt lat="52.120750000" lon="5.362920000">
        <ele>12.000</ele>
      </trkpt>
      <trkpt lat="52.120700000" lon="5.362900000">
        <ele>12.000</ele>
      </trkpt>
      <trkpt lat="52.120670000" lon="5.362900000">
        <ele>12.000</ele>
      </trkpt>
      <trkpt lat="52.120600000" lon="5.362890000">
        <ele>12.000</ele>
      </trkpt>
      <trkpt lat="52.120480000" lon="5.362860000">
        <ele>12.000</ele>
      </trkpt>
      <trkpt lat="52.119530000" lon="5.362750000">
        <ele>13.000</ele>
      </trkpt>
      <trkpt lat="52.119400000" lon="5.362730000">
        <ele>13.000</ele>
      </trkpt>
      <trkpt lat="52.119060000" lon="5.362730000">
        <ele>14.000</ele>
      </trkpt>
      <trkpt lat="52.118900000" lon="5.362730000">
        <ele>14.000</ele>
      </trkpt>
      <trkpt lat="52.118900000" lon="5.362730000">
        <ele>14.000</ele>
      </trkpt>
      <trkpt lat="52.119060000" lon="5.362730000">
        <ele>14.000</ele>
      </trkpt>
      <trkpt lat="52.119400000" lon="5.362730000">
        <ele>14.000</ele>
      </trkpt>
      <trkpt lat="52.119530000" lon="5.362750000">
        <ele>14.000</ele>
      </trkpt>
      <trkpt lat="52.120480000" lon="5.362860000">
        <ele>13.000</ele>
      </trkpt>
      <trkpt lat="52.120600000" lon="5.362890000">
        <ele>13.000</ele>
      </trkpt>
      <trkpt lat="52.120670000" lon="5.362900000">
        <ele>12.000</ele>
      </trkpt>
      <trkpt lat="52.120700000" lon="5.362900000">
        <ele>12.000</ele>
      </trkpt>
      <trkpt lat="52.120750000" lon="5.362920000">
        <ele>12.000</ele>
      </trkpt>
      <trkpt lat="52.120750000" lon="5.362920000">
        <ele>12.000</ele>
      </trkpt>
      <trkpt lat="52.120760000" lon="5.362830000">
        <ele>12.000</ele>
      </trkpt>
      <trkpt lat="52.120760000" lon="5.362830000">
        <ele>11.000</ele>
      </trkpt>
      <trkpt lat="52.120800000" lon="5.362760000">
        <ele>11.000</ele>
      </trkpt>
      <trkpt lat="52.121040000" lon="5.362870000">
        <ele>11.000</ele>
      </trkpt>
      <trkpt lat="52.121560000" lon="5.363080000">
        <ele>11.000</ele>
      </trkpt>
      <trkpt lat="52.122800000" lon="5.363590000">
        <ele>11.000</ele>
      </trkpt>
      <trkpt lat="52.123070000" lon="5.363680000">
        <ele>11.000</ele>
      </trkpt>
      <trkpt lat="52.123340000" lon="5.363770000">
        <ele>11.000</ele>
      </trkpt>
      <trkpt lat="52.123420000" lon="5.363800000">
        <ele>10.000</ele>
      </trkpt>
      <trkpt lat="52.124140000" lon="5.364050000">
        <ele>10.000</ele>
      </trkpt>
      <trkpt lat="52.125040000" lon="5.364350000">
        <ele>10.000</ele>
      </trkpt>
      <trkpt lat="52.125420000" lon="5.364470000">
        <ele>10.000</ele>
      </trkpt>
      <trkpt lat="52.125470000" lon="5.364490000">
        <ele>10.000</ele>
      </trkpt>
      <trkpt lat="52.125510000" lon="5.364510000">
        <ele>10.000</ele>
      </trkpt>
      <trkpt lat="52.125610000" lon="5.364550000">
        <ele>10.000</ele>
      </trkpt>
      <trkpt lat="52.125700000" lon="5.364590000">
        <ele>10.000</ele>
      </trkpt>
      <trkpt lat="52.125790000" lon="5.364650000">
        <ele>10.000</ele>
      </trkpt>
      <trkpt lat="52.125900000" lon="5.364710000">
        <ele>10.000</ele>
      </trkpt>
      <trkpt lat="52.126020000" lon="5.364790000">
        <ele>10.000</ele>
      </trkpt>
      <trkpt lat="52.126130000" lon="5.364870000">
        <ele>10.000</ele>
      </trkpt>
      <trkpt lat="52.126210000" lon="5.364940000">
        <ele>10.000</ele>
      </trkpt>
      <trkpt lat="52.126250000" lon="5.364980000">
        <ele>10.000</ele>
      </trkpt>
      <trkpt lat="52.126430000" lon="5.365160000">
        <ele>10.000</ele>
      </trkpt>
      <trkpt lat="52.126540000" lon="5.365270000">
        <ele>10.000</ele>
      </trkpt>
      <trkpt lat="52.126550000" lon="5.365280000">
        <ele>10.000</ele>
      </trkpt>
      <trkpt lat="52.126750000" lon="5.365490000">
        <ele>10.000</ele>
      </trkpt>
      <trkpt lat="52.126770000" lon="5.365510000">
        <ele>10.000</ele>
      </trkpt>
      <trkpt lat="52.126970000" lon="5.365710000">
        <ele>11.000</ele>
      </trkpt>
      <trkpt lat="52.127150000" lon="5.365890000">
        <ele>11.000</ele>
      </trkpt>
      <trkpt lat="52.127260000" lon="5.366000000">
        <ele>11.000</ele>
      </trkpt>
      <trkpt lat="52.127410000" lon="5.366170000">
        <ele>11.000</ele>
      </trkpt>
      <trkpt lat="52.127690000" lon="5.366510000">
        <ele>11.000</ele>
      </trkpt>
      <trkpt lat="52.127840000" lon="5.366670000">
        <ele>11.000</ele>
      </trkpt>
      <trkpt lat="52.128250000" lon="5.367120000">
        <ele>12.000</ele>
      </trkpt>
      <trkpt lat="52.128410000" lon="5.367280000">
        <ele>12.000</ele>
      </trkpt>
      <trkpt lat="52.128530000" lon="5.367400000">
        <ele>12.000</ele>
      </trkpt>
      <trkpt lat="52.128650000" lon="5.367530000">
        <ele>12.000</ele>
      </trkpt>
      <trkpt lat="52.128980000" lon="5.367890000">
        <ele>12.000</ele>
      </trkpt>
      <trkpt lat="52.129100000" lon="5.368020000">
        <ele>12.000</ele>
      </trkpt>
      <trkpt lat="52.129550000" lon="5.368510000">
        <ele>11.000</ele>
      </trkpt>
      <trkpt lat="52.129820000" lon="5.368810000">
        <ele>11.000</ele>
      </trkpt>
      <trkpt lat="52.129920000" lon="5.368920000">
        <ele>11.000</ele>
      </trkpt>
      <trkpt lat="52.130030000" lon="5.369040000">
        <ele>11.000</ele>
      </trkpt>
      <trkpt lat="52.130150000" lon="5.369140000">
        <ele>11.000</ele>
      </trkpt>
      <trkpt lat="52.130470000" lon="5.369440000">
        <ele>11.000</ele>
      </trkpt>
      <trkpt lat="52.130720000" lon="5.369660000">
        <ele>11.000</ele>
      </trkpt>
      <trkpt lat="52.130830000" lon="5.369770000">
        <ele>11.000</ele>
      </trkpt>
      <trkpt lat="52.130900000" lon="5.369830000">
        <ele>11.000</ele>
      </trkpt>
      <trkpt lat="52.130990000" lon="5.369910000">
        <ele>11.000</ele>
      </trkpt>
      <trkpt lat="52.131040000" lon="5.369970000">
        <ele>11.000</ele>
      </trkpt>
      <trkpt lat="52.131090000" lon="5.370020000">
        <ele>11.000</ele>
      </trkpt>
      <trkpt lat="52.131170000" lon="5.370110000">
        <ele>11.000</ele>
      </trkpt>
      <trkpt lat="52.131230000" lon="5.370180000">
        <ele>11.000</ele>
      </trkpt>
      <trkpt lat="52.131310000" lon="5.370280000">
        <ele>11.000</ele>
      </trkpt>
      <trkpt lat="52.131360000" lon="5.370340000">
        <ele>11.000</ele>
      </trkpt>
      <trkpt lat="52.131400000" lon="5.370400000">
        <ele>10.000</ele>
      </trkpt>
      <trkpt lat="52.131440000" lon="5.370460000">
        <ele>10.000</ele>
      </trkpt>
      <trkpt lat="52.131500000" lon="5.370540000">
        <ele>10.000</ele>
      </trkpt>
      <trkpt lat="52.131540000" lon="5.370610000">
        <ele>10.000</ele>
      </trkpt>
      <trkpt lat="52.131590000" lon="5.370690000">
        <ele>10.000</ele>
      </trkpt>
      <trkpt lat="52.131640000" lon="5.370790000">
        <ele>10.000</ele>
      </trkpt>
      <trkpt lat="52.131690000" lon="5.370890000">
        <ele>10.000</ele>
      </trkpt>
      <trkpt lat="52.131750000" lon="5.371000000">
        <ele>10.000</ele>
      </trkpt>
      <trkpt lat="52.131820000" lon="5.371160000">
        <ele>10.000</ele>
      </trkpt>
      <trkpt lat="52.131930000" lon="5.371410000">
        <ele>9.000</ele>
      </trkpt>
      <trkpt lat="52.132020000" lon="5.371610000">
        <ele>9.000</ele>
      </trkpt>
      <trkpt lat="52.132120000" lon="5.371820000">
        <ele>9.000</ele>
      </trkpt>
      <trkpt lat="52.132370000" lon="5.372390000">
        <ele>9.000</ele>
      </trkpt>
      <trkpt lat="52.132420000" lon="5.372520000">
        <ele>8.000</ele>
      </trkpt>
      <trkpt lat="52.132470000" lon="5.372630000">
        <ele>8.000</ele>
      </trkpt>
      <trkpt lat="52.132540000" lon="5.372760000">
        <ele>8.000</ele>
      </trkpt>
      <trkpt lat="52.132700000" lon="5.373080000">
        <ele>8.000</ele>
      </trkpt>
      <trkpt lat="52.132750000" lon="5.373170000">
        <ele>8.000</ele>
      </trkpt>
      <trkpt lat="52.132890000" lon="5.373390000">
        <ele>8.000</ele>
      </trkpt>
      <trkpt lat="52.132950000" lon="5.373490000">
        <ele>8.000</ele>
      </trkpt>
      <trkpt lat="52.133270000" lon="5.373910000">
        <ele>8.000</ele>
      </trkpt>
      <trkpt lat="52.133500000" lon="5.374210000">
        <ele>8.000</ele>
      </trkpt>
      <trkpt lat="52.133500000" lon="5.374210000">
        <ele>9.000</ele>
      </trkpt>
      <trkpt lat="52.133640000" lon="5.374360000">
        <ele>9.000</ele>
      </trkpt>
      <trkpt lat="52.133790000" lon="5.374470000">
        <ele>9.000</ele>
      </trkpt>
      <trkpt lat="52.134030000" lon="5.374620000">
        <ele>9.000</ele>
      </trkpt>
      <trkpt lat="52.134130000" lon="5.374630000">
        <ele>9.000</ele>
      </trkpt>
      <trkpt lat="52.134460000" lon="5.374730000">
        <ele>9.000</ele>
      </trkpt>
      <trkpt lat="52.134800000" lon="5.374850000">
        <ele>9.000</ele>
      </trkpt>
      <trkpt lat="52.134920000" lon="5.374890000">
        <ele>9.000</ele>
      </trkpt>
      <trkpt lat="52.135040000" lon="5.374940000">
        <ele>9.000</ele>
      </trkpt>
      <trkpt lat="52.135560000" lon="5.375170000">
        <ele>9.000</ele>
      </trkpt>
      <trkpt lat="52.135830000" lon="5.375330000">
        <ele>9.000</ele>
      </trkpt>
      <trkpt lat="52.136070000" lon="5.375490000">
        <ele>10.000</ele>
      </trkpt>
      <trkpt lat="52.136410000" lon="5.375750000">
        <ele>10.000</ele>
      </trkpt>
      <trkpt lat="52.136670000" lon="5.375970000">
        <ele>10.000</ele>
      </trkpt>
      <trkpt lat="52.136760000" lon="5.376060000">
        <ele>10.000</ele>
      </trkpt>
      <trkpt lat="52.137210000" lon="5.376270000">
        <ele>10.000</ele>
      </trkpt>
      <trkpt lat="52.137750000" lon="5.376540000">
        <ele>10.000</ele>
      </trkpt>
      <trkpt lat="52.137860000" lon="5.376600000">
        <ele>10.000</ele>
      </trkpt>
      <trkpt lat="52.138000000" lon="5.376670000">
        <ele>10.000</ele>
      </trkpt>
      <trkpt lat="52.138240000" lon="5.376770000">
        <ele>10.000</ele>
      </trkpt>
      <trkpt lat="52.138310000" lon="5.376810000">
        <ele>10.000</ele>
      </trkpt>
      <trkpt lat="52.138500000" lon="5.376900000">
        <ele>10.000</ele>
      </trkpt>
      <trkpt lat="52.138680000" lon="5.376960000">
        <ele>10.000</ele>
      </trkpt>
      <trkpt lat="52.138810000" lon="5.377000000">
        <ele>10.000</ele>
      </trkpt>
      <trkpt lat="52.139300000" lon="5.377160000">
        <ele>9.000</ele>
      </trkpt>
      <trkpt lat="52.139390000" lon="5.377190000">
        <ele>9.000</ele>
      </trkpt>
      <trkpt lat="52.139460000" lon="5.377220000">
        <ele>9.000</ele>
      </trkpt>
      <trkpt lat="52.139520000" lon="5.377240000">
        <ele>9.000</ele>
      </trkpt>
      <trkpt lat="52.139580000" lon="5.377270000">
        <ele>9.000</ele>
      </trkpt>
      <trkpt lat="52.139580000" lon="5.377270000">
        <ele>9.000</ele>
      </trkpt>
      <trkpt lat="52.139580000" lon="5.377280000">
        <ele>9.000</ele>
      </trkpt>
      <trkpt lat="52.139580000" lon="5.377290000">
        <ele>9.000</ele>
      </trkpt>
      <trkpt lat="52.139580000" lon="5.377300000">
        <ele>9.000</ele>
      </trkpt>
      <trkpt lat="52.139580000" lon="5.377310000">
        <ele>9.000</ele>
      </trkpt>
      <trkpt lat="52.139580000" lon="5.377320000">
        <ele>9.000</ele>
      </trkpt>
      <trkpt lat="52.139580000" lon="5.377330000">
        <ele>9.000</ele>
      </trkpt>
      <trkpt lat="52.139580000" lon="5.377340000">
        <ele>9.000</ele>
      </trkpt>
      <trkpt lat="52.139580000" lon="5.377350000">
        <ele>9.000</ele>
      </trkpt>
      <trkpt lat="52.139580000" lon="5.377360000">
        <ele>9.000</ele>
      </trkpt>
      <trkpt lat="52.139580000" lon="5.377370000">
        <ele>9.000</ele>
      </trkpt>
      <trkpt lat="52.139580000" lon="5.377380000">
        <ele>9.000</ele>
      </trkpt>
      <trkpt lat="52.139590000" lon="5.377390000">
        <ele>9.000</ele>
      </trkpt>
      <trkpt lat="52.139590000" lon="5.377400000">
        <ele>9.000</ele>
      </trkpt>
      <trkpt lat="52.139590000" lon="5.377410000">
        <ele>9.000</ele>
      </trkpt>
      <trkpt lat="52.139600000" lon="5.377420000">
        <ele>9.000</ele>
      </trkpt>
      <trkpt lat="52.139600000" lon="5.377430000">
        <ele>9.000</ele>
      </trkpt>
      <trkpt lat="52.139600000" lon="5.377440000">
        <ele>9.000</ele>
      </trkpt>
      <trkpt lat="52.139610000" lon="5.377440000">
        <ele>9.000</ele>
      </trkpt>
      <trkpt lat="52.139610000" lon="5.377450000">
        <ele>9.000</ele>
      </trkpt>
      <trkpt lat="52.139620000" lon="5.377460000">
        <ele>9.000</ele>
      </trkpt>
      <trkpt lat="52.139630000" lon="5.377470000">
        <ele>9.000</ele>
      </trkpt>
      <trkpt lat="52.139640000" lon="5.377480000">
        <ele>9.000</ele>
      </trkpt>
      <trkpt lat="52.139650000" lon="5.377480000">
        <ele>9.000</ele>
      </trkpt>
      <trkpt lat="52.139650000" lon="5.377490000">
        <ele>9.000</ele>
      </trkpt>
      <trkpt lat="52.139660000" lon="5.377490000">
        <ele>9.000</ele>
      </trkpt>
      <trkpt lat="52.139670000" lon="5.377490000">
        <ele>9.000</ele>
      </trkpt>
      <trkpt lat="52.139680000" lon="5.377500000">
        <ele>9.000</ele>
      </trkpt>
      <trkpt lat="52.139690000" lon="5.377500000">
        <ele>9.000</ele>
      </trkpt>
      <trkpt lat="52.139700000" lon="5.377490000">
        <ele>9.000</ele>
      </trkpt>
      <trkpt lat="52.139710000" lon="5.377490000">
        <ele>9.000</ele>
      </trkpt>
      <trkpt lat="52.139720000" lon="5.377490000">
        <ele>9.000</ele>
      </trkpt>
      <trkpt lat="52.139730000" lon="5.377480000">
        <ele>9.000</ele>
      </trkpt>
      <trkpt lat="52.139740000" lon="5.377480000">
        <ele>9.000</ele>
      </trkpt>
      <trkpt lat="52.139740000" lon="5.377470000">
        <ele>9.000</ele>
      </trkpt>
      <trkpt lat="52.139750000" lon="5.377470000">
        <ele>9.000</ele>
      </trkpt>
      <trkpt lat="52.139750000" lon="5.377460000">
        <ele>9.000</ele>
      </trkpt>
      <trkpt lat="52.139760000" lon="5.377460000">
        <ele>9.000</ele>
      </trkpt>
      <trkpt lat="52.139760000" lon="5.377450000">
        <ele>9.000</ele>
      </trkpt>
      <trkpt lat="52.139770000" lon="5.377440000">
        <ele>9.000</ele>
      </trkpt>
      <trkpt lat="52.139780000" lon="5.377430000">
        <ele>9.000</ele>
      </trkpt>
      <trkpt lat="52.139780000" lon="5.377420000">
        <ele>9.000</ele>
      </trkpt>
      <trkpt lat="52.139790000" lon="5.377410000">
        <ele>9.000</ele>
      </trkpt>
      <trkpt lat="52.139790000" lon="5.377400000">
        <ele>9.000</ele>
      </trkpt>
      <trkpt lat="52.139790000" lon="5.377390000">
        <ele>9.000</ele>
      </trkpt>
      <trkpt lat="52.139790000" lon="5.377380000">
        <ele>9.000</ele>
      </trkpt>
      <trkpt lat="52.139800000" lon="5.377370000">
        <ele>9.000</ele>
      </trkpt>
      <trkpt lat="52.139800000" lon="5.377360000">
        <ele>9.000</ele>
      </trkpt>
      <trkpt lat="52.139800000" lon="5.377350000">
        <ele>9.000</ele>
      </trkpt>
      <trkpt lat="52.139800000" lon="5.377340000">
        <ele>9.000</ele>
      </trkpt>
      <trkpt lat="52.139800000" lon="5.377330000">
        <ele>9.000</ele>
      </trkpt>
      <trkpt lat="52.139800000" lon="5.377320000">
        <ele>9.000</ele>
      </trkpt>
      <trkpt lat="52.139800000" lon="5.377310000">
        <ele>9.000</ele>
      </trkpt>
      <trkpt lat="52.139800000" lon="5.377300000">
        <ele>9.000</ele>
      </trkpt>
      <trkpt lat="52.139800000" lon="5.377290000">
        <ele>9.000</ele>
      </trkpt>
      <trkpt lat="52.139870000" lon="5.377240000">
        <ele>9.000</ele>
      </trkpt>
      <trkpt lat="52.139930000" lon="5.377190000">
        <ele>9.000</ele>
      </trkpt>
      <trkpt lat="52.140040000" lon="5.377110000">
        <ele>9.000</ele>
      </trkpt>
      <trkpt lat="52.140060000" lon="5.377080000">
        <ele>10.000</ele>
      </trkpt>
      <trkpt lat="52.140080000" lon="5.377030000">
        <ele>10.000</ele>
      </trkpt>
      <trkpt lat="52.140200000" lon="5.376550000">
        <ele>10.000</ele>
      </trkpt>
      <trkpt lat="52.140300000" lon="5.376300000">
        <ele>10.000</ele>
      </trkpt>
      <trkpt lat="52.140330000" lon="5.376230000">
        <ele>10.000</ele>
      </trkpt>
      <trkpt lat="52.140370000" lon="5.376160000">
        <ele>10.000</ele>
      </trkpt>
      <trkpt lat="52.140480000" lon="5.375970000">
        <ele>11.000</ele>
      </trkpt>
      <trkpt lat="52.140480000" lon="5.375970000">
        <ele>11.000</ele>
      </trkpt>
      <trkpt lat="52.140530000" lon="5.375880000">
        <ele>11.000</ele>
      </trkpt>
      <trkpt lat="52.140580000" lon="5.375790000">
        <ele>11.000</ele>
      </trkpt>
      <trkpt lat="52.140660000" lon="5.375570000">
        <ele>11.000</ele>
      </trkpt>
      <trkpt lat="52.140750000" lon="5.375340000">
        <ele>12.000</ele>
      </trkpt>
      <trkpt lat="52.140810000" lon="5.375140000">
        <ele>12.000</ele>
      </trkpt>
      <trkpt lat="52.140950000" lon="5.374710000">
        <ele>13.000</ele>
      </trkpt>
      <trkpt lat="52.141160000" lon="5.373980000">
        <ele>15.000</ele>
      </trkpt>
      <trkpt lat="52.141370000" lon="5.373260000">
        <ele>17.000</ele>
      </trkpt>
      <trkpt lat="52.141590000" lon="5.372470000">
        <ele>19.000</ele>
      </trkpt>
      <trkpt lat="52.141590000" lon="5.372470000">
        <ele>20.000</ele>
      </trkpt>
      <trkpt lat="52.141590000" lon="5.372460000">
        <ele>21.000</ele>
      </trkpt>
      <trkpt lat="52.141680000" lon="5.372130000">
        <ele>23.000</ele>
      </trkpt>
      <trkpt lat="52.141880000" lon="5.371380000">
        <ele>24.000</ele>
      </trkpt>
      <trkpt lat="52.141980000" lon="5.371000000">
        <ele>26.000</ele>
      </trkpt>
      <trkpt lat="52.142000000" lon="5.370930000">
        <ele>27.000</ele>
      </trkpt>
      <trkpt lat="52.142020000" lon="5.370870000">
        <ele>28.000</ele>
      </trkpt>
      <trkpt lat="52.142190000" lon="5.370290000">
        <ele>30.000</ele>
      </trkpt>
      <trkpt lat="52.142340000" lon="5.369790000">
        <ele>31.000</ele>
      </trkpt>
      <trkpt lat="52.142440000" lon="5.369460000">
        <ele>33.000</ele>
      </trkpt>
      <trkpt lat="52.142550000" lon="5.369130000">
        <ele>34.000</ele>
      </trkpt>
      <trkpt lat="52.142630000" lon="5.369010000">
        <ele>35.000</ele>
      </trkpt>
      <trkpt lat="52.142740000" lon="5.368810000">
        <ele>36.000</ele>
      </trkpt>
      <trkpt lat="52.142890000" lon="5.368570000">
        <ele>37.000</ele>
      </trkpt>
      <trkpt lat="52.142950000" lon="5.368490000">
        <ele>37.000</ele>
      </trkpt>
      <trkpt lat="52.143060000" lon="5.368350000">
        <ele>38.000</ele>
      </trkpt>
      <trkpt lat="52.143070000" lon="5.368340000">
        <ele>39.000</ele>
      </trkpt>
      <trkpt lat="52.143210000" lon="5.368200000">
        <ele>39.000</ele>
      </trkpt>
      <trkpt lat="52.143340000" lon="5.368110000">
        <ele>40.000</ele>
      </trkpt>
      <trkpt lat="52.143360000" lon="5.368090000">
        <ele>40.000</ele>
      </trkpt>
      <trkpt lat="52.143370000" lon="5.368090000">
        <ele>40.000</ele>
      </trkpt>
      <trkpt lat="52.143500000" lon="5.368000000">
        <ele>41.000</ele>
      </trkpt>
      <trkpt lat="52.143560000" lon="5.367960000">
        <ele>41.000</ele>
      </trkpt>
      <trkpt lat="52.143740000" lon="5.367910000">
        <ele>42.000</ele>
      </trkpt>
      <trkpt lat="52.143860000" lon="5.367860000">
        <ele>42.000</ele>
      </trkpt>
      <trkpt lat="52.143980000" lon="5.367840000">
        <ele>42.000</ele>
      </trkpt>
      <trkpt lat="52.144060000" lon="5.367840000">
        <ele>42.000</ele>
      </trkpt>
      <trkpt lat="52.144090000" lon="5.367840000">
        <ele>43.000</ele>
      </trkpt>
      <trkpt lat="52.144280000" lon="5.367860000">
        <ele>43.000</ele>
      </trkpt>
      <trkpt lat="52.144510000" lon="5.367910000">
        <ele>43.000</ele>
      </trkpt>
      <trkpt lat="52.144540000" lon="5.367820000">
        <ele>43.000</ele>
      </trkpt>
      <trkpt lat="52.144570000" lon="5.367740000">
        <ele>43.000</ele>
      </trkpt>
      <trkpt lat="52.144640000" lon="5.367630000">
        <ele>43.000</ele>
      </trkpt>
      <trkpt lat="52.144700000" lon="5.367520000">
        <ele>43.000</ele>
      </trkpt>
      <trkpt lat="52.144700000" lon="5.367520000">
        <ele>43.000</ele>
      </trkpt>
      <trkpt lat="52.144490000" lon="5.367130000">
        <ele>43.000</ele>
      </trkpt>
      <trkpt lat="52.144280000" lon="5.366740000">
        <ele>44.000</ele>
      </trkpt>
      <trkpt lat="52.143900000" lon="5.366120000">
        <ele>44.000</ele>
      </trkpt>
      <trkpt lat="52.143900000" lon="5.366110000">
        <ele>44.000</ele>
      </trkpt>
      <trkpt lat="52.143510000" lon="5.365490000">
        <ele>44.000</ele>
      </trkpt>
      <trkpt lat="52.143000000" lon="5.364580000">
        <ele>44.000</ele>
      </trkpt>
      <trkpt lat="52.142890000" lon="5.364350000">
        <ele>44.000</ele>
      </trkpt>
      <trkpt lat="52.142860000" lon="5.364280000">
        <ele>44.000</ele>
      </trkpt>
      <trkpt lat="52.142690000" lon="5.363860000">
        <ele>44.000</ele>
      </trkpt>
      <trkpt lat="52.142660000" lon="5.363790000">
        <ele>44.000</ele>
      </trkpt>
      <trkpt lat="52.142630000" lon="5.363710000">
        <ele>44.000</ele>
      </trkpt>
      <trkpt lat="52.142490000" lon="5.363420000">
        <ele>43.000</ele>
      </trkpt>
      <trkpt lat="52.142320000" lon="5.362980000">
        <ele>43.000</ele>
      </trkpt>
      <trkpt lat="52.142070000" lon="5.362200000">
        <ele>43.000</ele>
      </trkpt>
      <trkpt lat="52.142080000" lon="5.362070000">
        <ele>43.000</ele>
      </trkpt>
      <trkpt lat="52.142000000" lon="5.361760000">
        <ele>42.000</ele>
      </trkpt>
      <trkpt lat="52.141910000" lon="5.361450000">
        <ele>42.000</ele>
      </trkpt>
      <trkpt lat="52.141880000" lon="5.361340000">
        <ele>42.000</ele>
      </trkpt>
      <trkpt lat="52.141880000" lon="5.361300000">
        <ele>42.000</ele>
      </trkpt>
      <trkpt lat="52.141810000" lon="5.361050000">
        <ele>42.000</ele>
      </trkpt>
      <trkpt lat="52.141700000" lon="5.360640000">
        <ele>41.000</ele>
      </trkpt>
      <trkpt lat="52.141650000" lon="5.360470000">
        <ele>41.000</ele>
      </trkpt>
      <trkpt lat="52.141570000" lon="5.360160000">
        <ele>41.000</ele>
      </trkpt>
      <trkpt lat="52.141490000" lon="5.359830000">
        <ele>41.000</ele>
      </trkpt>
      <trkpt lat="52.141460000" lon="5.359710000">
        <ele>40.000</ele>
      </trkpt>
      <trkpt lat="52.141430000" lon="5.359570000">
        <ele>40.000</ele>
      </trkpt>
      <trkpt lat="52.141390000" lon="5.359450000">
        <ele>40.000</ele>
      </trkpt>
      <trkpt lat="52.141260000" lon="5.359070000">
        <ele>39.000</ele>
      </trkpt>
      <trkpt lat="52.141150000" lon="5.358770000">
        <ele>39.000</ele>
      </trkpt>
      <trkpt lat="52.141150000" lon="5.358770000">
        <ele>39.000</ele>
      </trkpt>
      <trkpt lat="52.141160000" lon="5.358750000">
        <ele>39.000</ele>
      </trkpt>
      <trkpt lat="52.141160000" lon="5.358730000">
        <ele>38.000</ele>
      </trkpt>
      <trkpt lat="52.141170000" lon="5.358710000">
        <ele>38.000</ele>
      </trkpt>
      <trkpt lat="52.141170000" lon="5.358690000">
        <ele>38.000</ele>
      </trkpt>
      <trkpt lat="52.141180000" lon="5.358660000">
        <ele>38.000</ele>
      </trkpt>
      <trkpt lat="52.141180000" lon="5.358640000">
        <ele>38.000</ele>
      </trkpt>
      <trkpt lat="52.141180000" lon="5.358620000">
        <ele>38.000</ele>
      </trkpt>
      <trkpt lat="52.141180000" lon="5.358600000">
        <ele>38.000</ele>
      </trkpt>
      <trkpt lat="52.141180000" lon="5.358570000">
        <ele>38.000</ele>
      </trkpt>
      <trkpt lat="52.141180000" lon="5.358550000">
        <ele>38.000</ele>
      </trkpt>
      <trkpt lat="52.141180000" lon="5.358530000">
        <ele>38.000</ele>
      </trkpt>
      <trkpt lat="52.141170000" lon="5.358500000">
        <ele>38.000</ele>
      </trkpt>
      <trkpt lat="52.141270000" lon="5.358260000">
        <ele>38.000</ele>
      </trkpt>
      <trkpt lat="52.141290000" lon="5.358190000">
        <ele>38.000</ele>
      </trkpt>
      <trkpt lat="52.141390000" lon="5.358010000">
        <ele>38.000</ele>
      </trkpt>
      <trkpt lat="52.141470000" lon="5.357830000">
        <ele>37.000</ele>
      </trkpt>
      <trkpt lat="52.141510000" lon="5.357760000">
        <ele>37.000</ele>
      </trkpt>
      <trkpt lat="52.141560000" lon="5.357610000">
        <ele>37.000</ele>
      </trkpt>
      <trkpt lat="52.141570000" lon="5.357600000">
        <ele>37.000</ele>
      </trkpt>
      <trkpt lat="52.141590000" lon="5.357550000">
        <ele>37.000</ele>
      </trkpt>
      <trkpt lat="52.141620000" lon="5.357440000">
        <ele>37.000</ele>
      </trkpt>
      <trkpt lat="52.141650000" lon="5.357330000">
        <ele>37.000</ele>
      </trkpt>
      <trkpt lat="52.141660000" lon="5.357270000">
        <ele>37.000</ele>
      </trkpt>
      <trkpt lat="52.141680000" lon="5.357220000">
        <ele>37.000</ele>
      </trkpt>
      <trkpt lat="52.141690000" lon="5.357160000">
        <ele>37.000</ele>
      </trkpt>
      <trkpt lat="52.141700000" lon="5.357110000">
        <ele>37.000</ele>
      </trkpt>
      <trkpt lat="52.141710000" lon="5.357050000">
        <ele>37.000</ele>
      </trkpt>
      <trkpt lat="52.141710000" lon="5.356990000">
        <ele>37.000</ele>
      </trkpt>
      <trkpt lat="52.141720000" lon="5.356930000">
        <ele>37.000</ele>
      </trkpt>
      <trkpt lat="52.141730000" lon="5.356880000">
        <ele>36.000</ele>
      </trkpt>
      <trkpt lat="52.141730000" lon="5.356810000">
        <ele>36.000</ele>
      </trkpt>
      <trkpt lat="52.141740000" lon="5.356760000">
        <ele>36.000</ele>
      </trkpt>
      <trkpt lat="52.141740000" lon="5.356700000">
        <ele>36.000</ele>
      </trkpt>
      <trkpt lat="52.141740000" lon="5.356650000">
        <ele>36.000</ele>
      </trkpt>
      <trkpt lat="52.141750000" lon="5.356610000">
        <ele>36.000</ele>
      </trkpt>
      <trkpt lat="52.141750000" lon="5.356540000">
        <ele>36.000</ele>
      </trkpt>
      <trkpt lat="52.141750000" lon="5.356480000">
        <ele>36.000</ele>
      </trkpt>
      <trkpt lat="52.141740000" lon="5.356420000">
        <ele>36.000</ele>
      </trkpt>
      <trkpt lat="52.141740000" lon="5.356370000">
        <ele>36.000</ele>
      </trkpt>
      <trkpt lat="52.141740000" lon="5.356310000">
        <ele>36.000</ele>
      </trkpt>
      <trkpt lat="52.141740000" lon="5.356250000">
        <ele>36.000</ele>
      </trkpt>
      <trkpt lat="52.141730000" lon="5.356190000">
        <ele>36.000</ele>
      </trkpt>
      <trkpt lat="52.141730000" lon="5.356130000">
        <ele>36.000</ele>
      </trkpt>
      <trkpt lat="52.141720000" lon="5.356080000">
        <ele>36.000</ele>
      </trkpt>
      <trkpt lat="52.141710000" lon="5.356020000">
        <ele>36.000</ele>
      </trkpt>
      <trkpt lat="52.141700000" lon="5.355950000">
        <ele>36.000</ele>
      </trkpt>
      <trkpt lat="52.141690000" lon="5.355880000">
        <ele>36.000</ele>
      </trkpt>
      <trkpt lat="52.141670000" lon="5.355800000">
        <ele>36.000</ele>
      </trkpt>
      <trkpt lat="52.141660000" lon="5.355750000">
        <ele>36.000</ele>
      </trkpt>
      <trkpt lat="52.141660000" lon="5.355730000">
        <ele>36.000</ele>
      </trkpt>
      <trkpt lat="52.141630000" lon="5.355620000">
        <ele>36.000</ele>
      </trkpt>
      <trkpt lat="52.141620000" lon="5.355570000">
        <ele>36.000</ele>
      </trkpt>
      <trkpt lat="52.141600000" lon="5.355520000">
        <ele>36.000</ele>
      </trkpt>
      <trkpt lat="52.141580000" lon="5.355460000">
        <ele>36.000</ele>
      </trkpt>
      <trkpt lat="52.141550000" lon="5.355380000">
        <ele>36.000</ele>
      </trkpt>
      <trkpt lat="52.141520000" lon="5.355300000">
        <ele>36.000</ele>
      </trkpt>
      <trkpt lat="52.141490000" lon="5.355210000">
        <ele>36.000</ele>
      </trkpt>
      <trkpt lat="52.141460000" lon="5.355160000">
        <ele>36.000</ele>
      </trkpt>
      <trkpt lat="52.141380000" lon="5.355000000">
        <ele>36.000</ele>
      </trkpt>
      <trkpt lat="52.141300000" lon="5.354870000">
        <ele>36.000</ele>
      </trkpt>
      <trkpt lat="52.141240000" lon="5.354800000">
        <ele>36.000</ele>
      </trkpt>
      <trkpt lat="52.141220000" lon="5.354770000">
        <ele>36.000</ele>
      </trkpt>
      <trkpt lat="52.141200000" lon="5.354740000">
        <ele>36.000</ele>
      </trkpt>
      <trkpt lat="52.141170000" lon="5.354700000">
        <ele>36.000</ele>
      </trkpt>
      <trkpt lat="52.141080000" lon="5.354590000">
        <ele>36.000</ele>
      </trkpt>
      <trkpt lat="52.141010000" lon="5.354510000">
        <ele>36.000</ele>
      </trkpt>
      <trkpt lat="52.140990000" lon="5.354490000">
        <ele>36.000</ele>
      </trkpt>
      <trkpt lat="52.140930000" lon="5.354430000">
        <ele>36.000</ele>
      </trkpt>
      <trkpt lat="52.140870000" lon="5.354360000">
        <ele>36.000</ele>
      </trkpt>
      <trkpt lat="52.140820000" lon="5.354320000">
        <ele>36.000</ele>
      </trkpt>
      <trkpt lat="52.140800000" lon="5.354300000">
        <ele>36.000</ele>
      </trkpt>
      <trkpt lat="52.140770000" lon="5.354270000">
        <ele>36.000</ele>
      </trkpt>
      <trkpt lat="52.140680000" lon="5.354190000">
        <ele>36.000</ele>
      </trkpt>
      <trkpt lat="52.140610000" lon="5.354130000">
        <ele>36.000</ele>
      </trkpt>
      <trkpt lat="52.140580000" lon="5.354110000">
        <ele>36.000</ele>
      </trkpt>
      <trkpt lat="52.140510000" lon="5.354060000">
        <ele>36.000</ele>
      </trkpt>
      <trkpt lat="52.140420000" lon="5.354000000">
        <ele>36.000</ele>
      </trkpt>
      <trkpt lat="52.140350000" lon="5.353950000">
        <ele>36.000</ele>
      </trkpt>
      <trkpt lat="52.140320000" lon="5.353930000">
        <ele>36.000</ele>
      </trkpt>
      <trkpt lat="52.140250000" lon="5.353890000">
        <ele>36.000</ele>
      </trkpt>
      <trkpt lat="52.140160000" lon="5.353840000">
        <ele>36.000</ele>
      </trkpt>
      <trkpt lat="52.140080000" lon="5.353800000">
        <ele>36.000</ele>
      </trkpt>
      <trkpt lat="52.140020000" lon="5.353770000">
        <ele>36.000</ele>
      </trkpt>
      <trkpt lat="52.139980000" lon="5.353760000">
        <ele>36.000</ele>
      </trkpt>
      <trkpt lat="52.139940000" lon="5.353740000">
        <ele>36.000</ele>
      </trkpt>
      <trkpt lat="52.139840000" lon="5.353710000">
        <ele>36.000</ele>
      </trkpt>
      <trkpt lat="52.139810000" lon="5.353700000">
        <ele>36.000</ele>
      </trkpt>
      <trkpt lat="52.139770000" lon="5.353690000">
        <ele>36.000</ele>
      </trkpt>
      <trkpt lat="52.139750000" lon="5.353680000">
        <ele>36.000</ele>
      </trkpt>
      <trkpt lat="52.139710000" lon="5.353680000">
        <ele>37.000</ele>
      </trkpt>
      <trkpt lat="52.139700000" lon="5.353680000">
        <ele>37.000</ele>
      </trkpt>
      <trkpt lat="52.139680000" lon="5.353680000">
        <ele>37.000</ele>
      </trkpt>
      <trkpt lat="52.139670000" lon="5.353680000">
        <ele>37.000</ele>
      </trkpt>
      <trkpt lat="52.139660000" lon="5.353680000">
        <ele>37.000</ele>
      </trkpt>
      <trkpt lat="52.139630000" lon="5.353680000">
        <ele>37.000</ele>
      </trkpt>
      <trkpt lat="52.139610000" lon="5.353690000">
        <ele>37.000</ele>
      </trkpt>
      <trkpt lat="52.139540000" lon="5.353700000">
        <ele>37.000</ele>
      </trkpt>
      <trkpt lat="52.139480000" lon="5.353640000">
        <ele>37.000</ele>
      </trkpt>
      <trkpt lat="52.139450000" lon="5.353610000">
        <ele>37.000</ele>
      </trkpt>
      <trkpt lat="52.139430000" lon="5.353590000">
        <ele>37.000</ele>
      </trkpt>
      <trkpt lat="52.139380000" lon="5.353550000">
        <ele>37.000</ele>
      </trkpt>
      <trkpt lat="52.139380000" lon="5.353550000">
        <ele>38.000</ele>
      </trkpt>
      <trkpt lat="52.139370000" lon="5.353470000">
        <ele>38.000</ele>
      </trkpt>
      <trkpt lat="52.139270000" lon="5.352600000">
        <ele>38.000</ele>
      </trkpt>
      <trkpt lat="52.139260000" lon="5.352490000">
        <ele>39.000</ele>
      </trkpt>
      <trkpt lat="52.139240000" lon="5.352360000">
        <ele>39.000</ele>
      </trkpt>
      <trkpt lat="52.139220000" lon="5.352210000">
        <ele>39.000</ele>
      </trkpt>
      <trkpt lat="52.139170000" lon="5.351920000">
        <ele>40.000</ele>
      </trkpt>
      <trkpt lat="52.139140000" lon="5.351750000">
        <ele>40.000</ele>
      </trkpt>
      <trkpt lat="52.139120000" lon="5.351620000">
        <ele>40.000</ele>
      </trkpt>
      <trkpt lat="52.139090000" lon="5.351460000">
        <ele>41.000</ele>
      </trkpt>
      <trkpt lat="52.139030000" lon="5.351170000">
        <ele>41.000</ele>
      </trkpt>
      <trkpt lat="52.139010000" lon="5.351090000">
        <ele>41.000</ele>
      </trkpt>
      <trkpt lat="52.138990000" lon="5.351010000">
        <ele>41.000</ele>
      </trkpt>
      <trkpt lat="52.138860000" lon="5.350510000">
        <ele>42.000</ele>
      </trkpt>
      <trkpt lat="52.138820000" lon="5.350360000">
        <ele>42.000</ele>
      </trkpt>
      <trkpt lat="52.138820000" lon="5.350330000">
        <ele>42.000</ele>
      </trkpt>
      <trkpt lat="52.138810000" lon="5.350310000">
        <ele>42.000</ele>
      </trkpt>
      <trkpt lat="52.138800000" lon="5.350300000">
        <ele>42.000</ele>
      </trkpt>
      <trkpt lat="52.138800000" lon="5.350280000">
        <ele>42.000</ele>
      </trkpt>
      <trkpt lat="52.138790000" lon="5.350270000">
        <ele>43.000</ele>
      </trkpt>
      <trkpt lat="52.138780000" lon="5.350250000">
        <ele>43.000</ele>
      </trkpt>
      <trkpt lat="52.138760000" lon="5.350200000">
        <ele>43.000</ele>
      </trkpt>
      <trkpt lat="52.138750000" lon="5.350150000">
        <ele>43.000</ele>
      </trkpt>
      <trkpt lat="52.138710000" lon="5.350010000">
        <ele>43.000</ele>
      </trkpt>
      <trkpt lat="52.138580000" lon="5.349540000">
        <ele>43.000</ele>
      </trkpt>
      <trkpt lat="52.138390000" lon="5.348840000">
        <ele>44.000</ele>
      </trkpt>
      <trkpt lat="52.138310000" lon="5.348540000">
        <ele>44.000</ele>
      </trkpt>
      <trkpt lat="52.138070000" lon="5.347670000">
        <ele>43.000</ele>
      </trkpt>
      <trkpt lat="52.138040000" lon="5.347580000">
        <ele>43.000</ele>
      </trkpt>
      <trkpt lat="52.138020000" lon="5.347480000">
        <ele>43.000</ele>
      </trkpt>
      <trkpt lat="52.137990000" lon="5.347380000">
        <ele>43.000</ele>
      </trkpt>
      <trkpt lat="52.137970000" lon="5.347320000">
        <ele>43.000</ele>
      </trkpt>
      <trkpt lat="52.137870000" lon="5.346960000">
        <ele>42.000</ele>
      </trkpt>
      <trkpt lat="52.137270000" lon="5.344750000">
        <ele>41.000</ele>
      </trkpt>
      <trkpt lat="52.137100000" lon="5.344150000">
        <ele>40.000</ele>
      </trkpt>
      <trkpt lat="52.136890000" lon="5.343380000">
        <ele>39.000</ele>
      </trkpt>
      <trkpt lat="52.136640000" lon="5.342480000">
        <ele>38.000</ele>
      </trkpt>
      <trkpt lat="52.136480000" lon="5.341890000">
        <ele>37.000</ele>
      </trkpt>
      <trkpt lat="52.136390000" lon="5.341550000">
        <ele>37.000</ele>
      </trkpt>
      <trkpt lat="52.136260000" lon="5.341100000">
        <ele>37.000</ele>
      </trkpt>
      <trkpt lat="52.136220000" lon="5.340950000">
        <ele>37.000</ele>
      </trkpt>
      <trkpt lat="52.136160000" lon="5.340720000">
        <ele>37.000</ele>
      </trkpt>
      <trkpt lat="52.136160000" lon="5.340720000">
        <ele>37.000</ele>
      </trkpt>
      <trkpt lat="52.136080000" lon="5.340440000">
        <ele>37.000</ele>
      </trkpt>
      <trkpt lat="52.135990000" lon="5.340110000">
        <ele>38.000</ele>
      </trkpt>
      <trkpt lat="52.135940000" lon="5.339910000">
        <ele>38.000</ele>
      </trkpt>
      <trkpt lat="52.135910000" lon="5.339780000">
        <ele>38.000</ele>
      </trkpt>
      <trkpt lat="52.135880000" lon="5.339660000">
        <ele>39.000</ele>
      </trkpt>
      <trkpt lat="52.135690000" lon="5.338960000">
        <ele>39.000</ele>
      </trkpt>
      <trkpt lat="52.135580000" lon="5.338590000">
        <ele>40.000</ele>
      </trkpt>
      <trkpt lat="52.135220000" lon="5.337300000">
        <ele>39.000</ele>
      </trkpt>
      <trkpt lat="52.135190000" lon="5.337190000">
        <ele>39.000</ele>
      </trkpt>
      <trkpt lat="52.135130000" lon="5.336970000">
        <ele>39.000</ele>
      </trkpt>
      <trkpt lat="52.135070000" lon="5.336760000">
        <ele>39.000</ele>
      </trkpt>
      <trkpt lat="52.134990000" lon="5.336480000">
        <ele>38.000</ele>
      </trkpt>
      <trkpt lat="52.134920000" lon="5.336220000">
        <ele>38.000</ele>
      </trkpt>
      <trkpt lat="52.134820000" lon="5.335870000">
        <ele>38.000</ele>
      </trkpt>
      <trkpt lat="52.134640000" lon="5.335180000">
        <ele>37.000</ele>
      </trkpt>
      <trkpt lat="52.134620000" lon="5.335130000">
        <ele>37.000</ele>
      </trkpt>
      <trkpt lat="52.134460000" lon="5.334520000">
        <ele>37.000</ele>
      </trkpt>
      <trkpt lat="52.134410000" lon="5.334350000">
        <ele>36.000</ele>
      </trkpt>
      <trkpt lat="52.134100000" lon="5.333200000">
        <ele>36.000</ele>
      </trkpt>
      <trkpt lat="52.133780000" lon="5.332040000">
        <ele>35.000</ele>
      </trkpt>
      <trkpt lat="52.133710000" lon="5.331770000">
        <ele>35.000</ele>
      </trkpt>
      <trkpt lat="52.133530000" lon="5.331100000">
        <ele>34.000</ele>
      </trkpt>
      <trkpt lat="52.133450000" lon="5.330800000">
        <ele>34.000</ele>
      </trkpt>
      <trkpt lat="52.133360000" lon="5.330460000">
        <ele>34.000</ele>
      </trkpt>
      <trkpt lat="52.133190000" lon="5.329830000">
        <ele>34.000</ele>
      </trkpt>
      <trkpt lat="52.133030000" lon="5.329210000">
        <ele>33.000</ele>
      </trkpt>
      <trkpt lat="52.132970000" lon="5.329000000">
        <ele>33.000</ele>
      </trkpt>
      <trkpt lat="52.132910000" lon="5.328790000">
        <ele>32.000</ele>
      </trkpt>
      <trkpt lat="52.132860000" lon="5.328620000">
        <ele>32.000</ele>
      </trkpt>
      <trkpt lat="52.132810000" lon="5.328440000">
        <ele>32.000</ele>
      </trkpt>
      <trkpt lat="52.132780000" lon="5.328350000">
        <ele>32.000</ele>
      </trkpt>
      <trkpt lat="52.132710000" lon="5.328090000">
        <ele>32.000</ele>
      </trkpt>
      <trkpt lat="52.132650000" lon="5.327880000">
        <ele>31.000</ele>
      </trkpt>
      <trkpt lat="52.132550000" lon="5.327500000">
        <ele>31.000</ele>
      </trkpt>
      <trkpt lat="52.132370000" lon="5.326820000">
        <ele>31.000</ele>
      </trkpt>
      <trkpt lat="52.132140000" lon="5.325990000">
        <ele>31.000</ele>
      </trkpt>
      <trkpt lat="52.131910000" lon="5.325160000">
        <ele>31.000</ele>
      </trkpt>
      <trkpt lat="52.131890000" lon="5.325090000">
        <ele>31.000</ele>
      </trkpt>
      <trkpt lat="52.131870000" lon="5.325010000">
        <ele>31.000</ele>
      </trkpt>
      <trkpt lat="52.131670000" lon="5.324260000">
        <ele>31.000</ele>
      </trkpt>
      <trkpt lat="52.131530000" lon="5.323750000">
        <ele>31.000</ele>
      </trkpt>
      <trkpt lat="52.131520000" lon="5.323710000">
        <ele>31.000</ele>
      </trkpt>
      <trkpt lat="52.131520000" lon="5.323690000">
        <ele>31.000</ele>
      </trkpt>
      <trkpt lat="52.131520000" lon="5.323650000">
        <ele>31.000</ele>
      </trkpt>
      <trkpt lat="52.131510000" lon="5.323620000">
        <ele>31.000</ele>
      </trkpt>
      <trkpt lat="52.131500000" lon="5.323570000">
        <ele>31.000</ele>
      </trkpt>
      <trkpt lat="52.131470000" lon="5.323440000">
        <ele>31.000</ele>
      </trkpt>
      <trkpt lat="52.131220000" lon="5.322480000">
        <ele>31.000</ele>
      </trkpt>
      <trkpt lat="52.130980000" lon="5.321580000">
        <ele>31.000</ele>
      </trkpt>
      <trkpt lat="52.130790000" lon="5.320870000">
        <ele>32.000</ele>
      </trkpt>
      <trkpt lat="52.130490000" lon="5.319850000">
        <ele>32.000</ele>
      </trkpt>
      <trkpt lat="52.130480000" lon="5.319820000">
        <ele>32.000</ele>
      </trkpt>
      <trkpt lat="52.130470000" lon="5.319790000">
        <ele>32.000</ele>
      </trkpt>
      <trkpt lat="52.130460000" lon="5.319760000">
        <ele>32.000</ele>
      </trkpt>
      <trkpt lat="52.130450000" lon="5.319730000">
        <ele>32.000</ele>
      </trkpt>
      <trkpt lat="52.130420000" lon="5.319690000">
        <ele>32.000</ele>
      </trkpt>
      <trkpt lat="52.130260000" lon="5.319090000">
        <ele>32.000</ele>
      </trkpt>
      <trkpt lat="52.130060000" lon="5.318340000">
        <ele>31.000</ele>
      </trkpt>
      <trkpt lat="52.129950000" lon="5.317930000">
        <ele>31.000</ele>
      </trkpt>
      <trkpt lat="52.129840000" lon="5.317540000">
        <ele>31.000</ele>
      </trkpt>
      <trkpt lat="52.129440000" lon="5.316070000">
        <ele>31.000</ele>
      </trkpt>
      <trkpt lat="52.129150000" lon="5.314980000">
        <ele>30.000</ele>
      </trkpt>
      <trkpt lat="52.129070000" lon="5.314720000">
        <ele>30.000</ele>
      </trkpt>
      <trkpt lat="52.129020000" lon="5.314500000">
        <ele>30.000</ele>
      </trkpt>
      <trkpt lat="52.128850000" lon="5.313890000">
        <ele>30.000</ele>
      </trkpt>
      <trkpt lat="52.128840000" lon="5.313840000">
        <ele>29.000</ele>
      </trkpt>
      <trkpt lat="52.128760000" lon="5.313540000">
        <ele>29.000</ele>
      </trkpt>
      <trkpt lat="52.128680000" lon="5.313240000">
        <ele>29.000</ele>
      </trkpt>
      <trkpt lat="52.128550000" lon="5.312770000">
        <ele>29.000</ele>
      </trkpt>
      <trkpt lat="52.128380000" lon="5.312150000">
        <ele>29.000</ele>
      </trkpt>
      <trkpt lat="52.128130000" lon="5.311230000">
        <ele>29.000</ele>
      </trkpt>
      <trkpt lat="52.128010000" lon="5.310810000">
        <ele>29.000</ele>
      </trkpt>
      <trkpt lat="52.127510000" lon="5.308970000">
        <ele>29.000</ele>
      </trkpt>
      <trkpt lat="52.127320000" lon="5.308270000">
        <ele>29.000</ele>
      </trkpt>
      <trkpt lat="52.127210000" lon="5.307880000">
        <ele>29.000</ele>
      </trkpt>
      <trkpt lat="52.127060000" lon="5.307330000">
        <ele>29.000</ele>
      </trkpt>
      <trkpt lat="52.126830000" lon="5.306460000">
        <ele>28.000</ele>
      </trkpt>
      <trkpt lat="52.126730000" lon="5.306090000">
        <ele>28.000</ele>
      </trkpt>
      <trkpt lat="52.126730000" lon="5.306010000">
        <ele>28.000</ele>
      </trkpt>
      <trkpt lat="52.126720000" lon="5.305970000">
        <ele>28.000</ele>
      </trkpt>
      <trkpt lat="52.126720000" lon="5.305940000">
        <ele>28.000</ele>
      </trkpt>
      <trkpt lat="52.126710000" lon="5.305920000">
        <ele>28.000</ele>
      </trkpt>
      <trkpt lat="52.126690000" lon="5.305820000">
        <ele>27.000</ele>
      </trkpt>
      <trkpt lat="52.126630000" lon="5.305560000">
        <ele>27.000</ele>
      </trkpt>
      <trkpt lat="52.126480000" lon="5.304920000">
        <ele>27.000</ele>
      </trkpt>
      <trkpt lat="52.126330000" lon="5.304230000">
        <ele>26.000</ele>
      </trkpt>
      <trkpt lat="52.126300000" lon="5.304080000">
        <ele>26.000</ele>
      </trkpt>
      <trkpt lat="52.126100000" lon="5.303290000">
        <ele>26.000</ele>
      </trkpt>
      <trkpt lat="52.126000000" lon="5.302950000">
        <ele>25.000</ele>
      </trkpt>
      <trkpt lat="52.126000000" lon="5.302950000">
        <ele>25.000</ele>
      </trkpt>
      <trkpt lat="52.126000000" lon="5.302820000">
        <ele>25.000</ele>
      </trkpt>
      <trkpt lat="52.126010000" lon="5.302690000">
        <ele>25.000</ele>
      </trkpt>
      <trkpt lat="52.126010000" lon="5.302600000">
        <ele>25.000</ele>
      </trkpt>
      <trkpt lat="52.126020000" lon="5.302480000">
        <ele>26.000</ele>
      </trkpt>
      <trkpt lat="52.126080000" lon="5.302440000">
        <ele>26.000</ele>
      </trkpt>
      <trkpt lat="52.126210000" lon="5.302300000">
        <ele>26.000</ele>
      </trkpt>
      <trkpt lat="52.126280000" lon="5.302240000">
        <ele>26.000</ele>
      </trkpt>
      <trkpt lat="52.126330000" lon="5.302150000">
        <ele>26.000</ele>
      </trkpt>
      <trkpt lat="52.126540000" lon="5.301980000">
        <ele>27.000</ele>
      </trkpt>
      <trkpt lat="52.127740000" lon="5.301130000">
        <ele>28.000</ele>
      </trkpt>
      <trkpt lat="52.128050000" lon="5.300830000">
        <ele>29.000</ele>
      </trkpt>
      <trkpt lat="52.128380000" lon="5.300450000">
        <ele>29.000</ele>
      </trkpt>
      <trkpt lat="52.128590000" lon="5.300130000">
        <ele>29.000</ele>
      </trkpt>
      <trkpt lat="52.129240000" lon="5.299130000">
        <ele>29.000</ele>
      </trkpt>
      <trkpt lat="52.130090000" lon="5.297840000">
        <ele>29.000</ele>
      </trkpt>
      <trkpt lat="52.130160000" lon="5.297730000">
        <ele>29.000</ele>
      </trkpt>
      <trkpt lat="52.130350000" lon="5.297450000">
        <ele>29.000</ele>
      </trkpt>
      <trkpt lat="52.130450000" lon="5.297300000">
        <ele>29.000</ele>
      </trkpt>
      <trkpt lat="52.130620000" lon="5.297050000">
        <ele>29.000</ele>
      </trkpt>
      <trkpt lat="52.130680000" lon="5.296960000">
        <ele>30.000</ele>
      </trkpt>
      <trkpt lat="52.130680000" lon="5.296960000">
        <ele>30.000</ele>
      </trkpt>
      <trkpt lat="52.130760000" lon="5.296830000">
        <ele>30.000</ele>
      </trkpt>
      <trkpt lat="52.130850000" lon="5.296650000">
        <ele>30.000</ele>
      </trkpt>
      <trkpt lat="52.130920000" lon="5.296500000">
        <ele>30.000</ele>
      </trkpt>
      <trkpt lat="52.130970000" lon="5.296370000">
        <ele>30.000</ele>
      </trkpt>
      <trkpt lat="52.131000000" lon="5.296300000">
        <ele>30.000</ele>
      </trkpt>
      <trkpt lat="52.131080000" lon="5.296120000">
        <ele>30.000</ele>
      </trkpt>
      <trkpt lat="52.131100000" lon="5.296070000">
        <ele>30.000</ele>
      </trkpt>
      <trkpt lat="52.131130000" lon="5.295980000">
        <ele>30.000</ele>
      </trkpt>
      <trkpt lat="52.131180000" lon="5.295800000">
        <ele>30.000</ele>
      </trkpt>
      <trkpt lat="52.131180000" lon="5.295770000">
        <ele>30.000</ele>
      </trkpt>
      <trkpt lat="52.131260000" lon="5.295420000">
        <ele>30.000</ele>
      </trkpt>
      <trkpt lat="52.131320000" lon="5.295150000">
        <ele>30.000</ele>
      </trkpt>
      <trkpt lat="52.131420000" lon="5.294650000">
        <ele>30.000</ele>
      </trkpt>
      <trkpt lat="52.131440000" lon="5.294560000">
        <ele>30.000</ele>
      </trkpt>
      <trkpt lat="52.131580000" lon="5.293830000">
        <ele>30.000</ele>
      </trkpt>
      <trkpt lat="52.131660000" lon="5.293400000">
        <ele>31.000</ele>
      </trkpt>
      <trkpt lat="52.131700000" lon="5.293180000">
        <ele>31.000</ele>
      </trkpt>
      <trkpt lat="52.131730000" lon="5.292960000">
        <ele>31.000</ele>
      </trkpt>
      <trkpt lat="52.131790000" lon="5.292580000">
        <ele>31.000</ele>
      </trkpt>
      <trkpt lat="52.131890000" lon="5.292200000">
        <ele>32.000</ele>
      </trkpt>
      <trkpt lat="52.131890000" lon="5.292200000">
        <ele>32.000</ele>
      </trkpt>
      <trkpt lat="52.131910000" lon="5.292120000">
        <ele>32.000</ele>
      </trkpt>
      <trkpt lat="52.131960000" lon="5.291990000">
        <ele>33.000</ele>
      </trkpt>
      <trkpt lat="52.132050000" lon="5.291750000">
        <ele>33.000</ele>
      </trkpt>
      <trkpt lat="52.132200000" lon="5.291480000">
        <ele>33.000</ele>
      </trkpt>
      <trkpt lat="52.132400000" lon="5.291230000">
        <ele>34.000</ele>
      </trkpt>
      <trkpt lat="52.132460000" lon="5.291170000">
        <ele>34.000</ele>
      </trkpt>
      <trkpt lat="52.132610000" lon="5.291030000">
        <ele>34.000</ele>
      </trkpt>
      <trkpt lat="52.132770000" lon="5.290930000">
        <ele>34.000</ele>
      </trkpt>
      <trkpt lat="52.132790000" lon="5.290920000">
        <ele>34.000</ele>
      </trkpt>
      <trkpt lat="52.132950000" lon="5.290880000">
        <ele>34.000</ele>
      </trkpt>
      <trkpt lat="52.133140000" lon="5.290870000">
        <ele>34.000</ele>
      </trkpt>
      <trkpt lat="52.133380000" lon="5.290870000">
        <ele>34.000</ele>
      </trkpt>
      <trkpt lat="52.133500000" lon="5.290870000">
        <ele>34.000</ele>
      </trkpt>
      <trkpt lat="52.133730000" lon="5.290880000">
        <ele>34.000</ele>
      </trkpt>
      <trkpt lat="52.134360000" lon="5.290940000">
        <ele>34.000</ele>
      </trkpt>
      <trkpt lat="52.134980000" lon="5.290890000">
        <ele>33.000</ele>
      </trkpt>
      <trkpt lat="52.135070000" lon="5.290870000">
        <ele>33.000</ele>
      </trkpt>
      <trkpt lat="52.135180000" lon="5.290850000">
        <ele>32.000</ele>
      </trkpt>
      <trkpt lat="52.135710000" lon="5.290730000">
        <ele>31.000</ele>
      </trkpt>
      <trkpt lat="52.136060000" lon="5.290650000">
        <ele>29.000</ele>
      </trkpt>
      <trkpt lat="52.136400000" lon="5.290570000">
        <ele>28.000</ele>
      </trkpt>
      <trkpt lat="52.136400000" lon="5.290570000">
        <ele>27.000</ele>
      </trkpt>
      <trkpt lat="52.136370000" lon="5.290230000">
        <ele>26.000</ele>
      </trkpt>
      <trkpt lat="52.136350000" lon="5.290170000">
        <ele>26.000</ele>
      </trkpt>
      <trkpt lat="52.136320000" lon="5.290140000">
        <ele>26.000</ele>
      </trkpt>
      <trkpt lat="52.136260000" lon="5.290080000">
        <ele>27.000</ele>
      </trkpt>
      <trkpt lat="52.136260000" lon="5.290070000">
        <ele>27.000</ele>
      </trkpt>
      <trkpt lat="52.136090000" lon="5.289980000">
        <ele>27.000</ele>
      </trkpt>
      <trkpt lat="52.135920000" lon="5.289880000">
        <ele>28.000</ele>
      </trkpt>
      <trkpt lat="52.135670000" lon="5.289740000">
        <ele>29.000</ele>
      </trkpt>
      <trkpt lat="52.135670000" lon="5.289740000">
        <ele>30.000</ele>
      </trkpt>
      <trkpt lat="52.135580000" lon="5.289690000">
        <ele>31.000</ele>
      </trkpt>
      <trkpt lat="52.135240000" lon="5.289490000">
        <ele>32.000</ele>
      </trkpt>
      <trkpt lat="52.134850000" lon="5.289270000">
        <ele>34.000</ele>
      </trkpt>
      <trkpt lat="52.134170000" lon="5.288900000">
        <ele>36.000</ele>
      </trkpt>
      <trkpt lat="52.133830000" lon="5.288710000">
        <ele>37.000</ele>
      </trkpt>
      <trkpt lat="52.133660000" lon="5.288610000">
        <ele>38.000</ele>
      </trkpt>
      <trkpt lat="52.133490000" lon="5.288520000">
        <ele>39.000</ele>
      </trkpt>
      <trkpt lat="52.133320000" lon="5.288430000">
        <ele>39.000</ele>
      </trkpt>
      <trkpt lat="52.133190000" lon="5.288350000">
        <ele>40.000</ele>
      </trkpt>
      <trkpt lat="52.133150000" lon="5.288350000">
        <ele>40.000</ele>
      </trkpt>
      <trkpt lat="52.132890000" lon="5.288300000">
        <ele>41.000</ele>
      </trkpt>
      <trkpt lat="52.132530000" lon="5.288230000">
        <ele>40.000</ele>
      </trkpt>
      <trkpt lat="52.132350000" lon="5.288190000">
        <ele>39.000</ele>
      </trkpt>
      <trkpt lat="52.132170000" lon="5.288160000">
        <ele>38.000</ele>
      </trkpt>
      <trkpt lat="52.131300000" lon="5.287990000">
        <ele>35.000</ele>
      </trkpt>
      <trkpt lat="52.131280000" lon="5.287990000">
        <ele>34.000</ele>
      </trkpt>
      <trkpt lat="52.131100000" lon="5.287950000">
        <ele>32.000</ele>
      </trkpt>
      <trkpt lat="52.130920000" lon="5.287910000">
        <ele>31.000</ele>
      </trkpt>
      <trkpt lat="52.130840000" lon="5.287890000">
        <ele>30.000</ele>
      </trkpt>
      <trkpt lat="52.130740000" lon="5.287860000">
        <ele>29.000</ele>
      </trkpt>
      <trkpt lat="52.130710000" lon="5.287850000">
        <ele>28.000</ele>
      </trkpt>
      <trkpt lat="52.130570000" lon="5.287790000">
        <ele>28.000</ele>
      </trkpt>
      <trkpt lat="52.130540000" lon="5.287780000">
        <ele>27.000</ele>
      </trkpt>
      <trkpt lat="52.130520000" lon="5.287760000">
        <ele>27.000</ele>
      </trkpt>
      <trkpt lat="52.130520000" lon="5.287760000">
        <ele>27.000</ele>
      </trkpt>
      <trkpt lat="52.130410000" lon="5.287690000">
        <ele>27.000</ele>
      </trkpt>
      <trkpt lat="52.130320000" lon="5.287620000">
        <ele>26.000</ele>
      </trkpt>
      <trkpt lat="52.130120000" lon="5.287420000">
        <ele>26.000</ele>
      </trkpt>
      <trkpt lat="52.130080000" lon="5.287400000">
        <ele>25.000</ele>
      </trkpt>
      <trkpt lat="52.130080000" lon="5.287400000">
        <ele>25.000</ele>
      </trkpt>
      <trkpt lat="52.130070000" lon="5.287330000">
        <ele>25.000</ele>
      </trkpt>
      <trkpt lat="52.130070000" lon="5.287260000">
        <ele>25.000</ele>
      </trkpt>
      <trkpt lat="52.130070000" lon="5.287260000">
        <ele>25.000</ele>
      </trkpt>
      <trkpt lat="52.130040000" lon="5.287270000">
        <ele>24.000</ele>
      </trkpt>
      <trkpt lat="52.130020000" lon="5.287280000">
        <ele>24.000</ele>
      </trkpt>
      <trkpt lat="52.130010000" lon="5.287270000">
        <ele>24.000</ele>
      </trkpt>
      <trkpt lat="52.130000000" lon="5.287270000">
        <ele>24.000</ele>
      </trkpt>
      <trkpt lat="52.129750000" lon="5.287020000">
        <ele>24.000</ele>
      </trkpt>
      <trkpt lat="52.129630000" lon="5.286900000">
        <ele>23.000</ele>
      </trkpt>
      <trkpt lat="52.128680000" lon="5.285930000">
        <ele>22.000</ele>
      </trkpt>
      <trkpt lat="52.128560000" lon="5.285810000">
        <ele>21.000</ele>
      </trkpt>
      <trkpt lat="52.128530000" lon="5.285770000">
        <ele>20.000</ele>
      </trkpt>
      <trkpt lat="52.128530000" lon="5.285770000">
        <ele>19.000</ele>
      </trkpt>
      <trkpt lat="52.128210000" lon="5.285600000">
        <ele>19.000</ele>
      </trkpt>
      <trkpt lat="52.128210000" lon="5.285600000">
        <ele>19.000</ele>
      </trkpt>
      <trkpt lat="52.127780000" lon="5.285570000">
        <ele>18.000</ele>
      </trkpt>
      <trkpt lat="52.127780000" lon="5.285570000">
        <ele>18.000</ele>
      </trkpt>
      <trkpt lat="52.127450000" lon="5.285330000">
        <ele>18.000</ele>
      </trkpt>
      <trkpt lat="52.127450000" lon="5.285330000">
        <ele>17.000</ele>
      </trkpt>
      <trkpt lat="52.127280000" lon="5.285000000">
        <ele>17.000</ele>
      </trkpt>
      <trkpt lat="52.127280000" lon="5.285000000">
        <ele>17.000</ele>
      </trkpt>
      <trkpt lat="52.127210000" lon="5.284480000">
        <ele>17.000</ele>
      </trkpt>
      <trkpt lat="52.127210000" lon="5.284480000">
        <ele>17.000</ele>
      </trkpt>
      <trkpt lat="52.127440000" lon="5.261350000">
        <ele>14.000</ele>
      </trkpt>
      <trkpt lat="52.127440000" lon="5.261350000">
        <ele>13.000</ele>
      </trkpt>
      <trkpt lat="52.127490000" lon="5.257450000">
        <ele>11.000</ele>
      </trkpt>
      <trkpt lat="52.127490000" lon="5.257450000">
        <ele>10.000</ele>
      </trkpt>
      <trkpt lat="52.127380000" lon="5.257290000">
        <ele>10.000</ele>
      </trkpt>
      <trkpt lat="52.127380000" lon="5.257290000">
        <ele>9.000</ele>
      </trkpt>
      <trkpt lat="52.127160000" lon="5.257140000">
        <ele>9.000</ele>
      </trkpt>
      <trkpt lat="52.127160000" lon="5.257140000">
        <ele>9.000</ele>
      </trkpt>
      <trkpt lat="52.126810000" lon="5.257070000">
        <ele>9.000</ele>
      </trkpt>
      <trkpt lat="52.126810000" lon="5.257070000">
        <ele>9.000</ele>
      </trkpt>
      <trkpt lat="52.126770000" lon="5.257000000">
        <ele>9.000</ele>
      </trkpt>
      <trkpt lat="52.126770000" lon="5.257000000">
        <ele>9.000</ele>
      </trkpt>
      <trkpt lat="52.126800000" lon="5.256600000">
        <ele>9.000</ele>
      </trkpt>
      <trkpt lat="52.126800000" lon="5.256600000">
        <ele>10.000</ele>
      </trkpt>
      <trkpt lat="52.126780000" lon="5.256260000">
        <ele>10.000</ele>
      </trkpt>
      <trkpt lat="52.126780000" lon="5.256260000">
        <ele>10.000</ele>
      </trkpt>
      <trkpt lat="52.126660000" lon="5.256080000">
        <ele>10.000</ele>
      </trkpt>
      <trkpt lat="52.126660000" lon="5.256080000">
        <ele>10.000</ele>
      </trkpt>
      <trkpt lat="52.126540000" lon="5.256040000">
        <ele>10.000</ele>
      </trkpt>
      <trkpt lat="52.126540000" lon="5.256040000">
        <ele>10.000</ele>
      </trkpt>
      <trkpt lat="52.126390000" lon="5.256100000">
        <ele>10.000</ele>
      </trkpt>
      <trkpt lat="52.126390000" lon="5.256100000">
        <ele>10.000</ele>
      </trkpt>
      <trkpt lat="52.126290000" lon="5.256160000">
        <ele>10.000</ele>
      </trkpt>
      <trkpt lat="52.126290000" lon="5.256160000">
        <ele>10.000</ele>
      </trkpt>
      <trkpt lat="52.126220000" lon="5.256200000">
        <ele>10.000</ele>
      </trkpt>
      <trkpt lat="52.125060000" lon="5.256980000">
        <ele>11.000</ele>
      </trkpt>
      <trkpt lat="52.124690000" lon="5.257220000">
        <ele>11.000</ele>
      </trkpt>
      <trkpt lat="52.124190000" lon="5.257560000">
        <ele>12.000</ele>
      </trkpt>
      <trkpt lat="52.123360000" lon="5.258120000">
        <ele>11.000</ele>
      </trkpt>
      <trkpt lat="52.122780000" lon="5.258510000">
        <ele>11.000</ele>
      </trkpt>
      <trkpt lat="52.122580000" lon="5.258630000">
        <ele>11.000</ele>
      </trkpt>
      <trkpt lat="52.122500000" lon="5.258710000">
        <ele>10.000</ele>
      </trkpt>
      <trkpt lat="52.122400000" lon="5.258800000">
        <ele>10.000</ele>
      </trkpt>
      <trkpt lat="52.122380000" lon="5.258830000">
        <ele>10.000</ele>
      </trkpt>
      <trkpt lat="52.122330000" lon="5.258910000">
        <ele>10.000</ele>
      </trkpt>
      <trkpt lat="52.122140000" lon="5.259200000">
        <ele>10.000</ele>
      </trkpt>
      <trkpt lat="52.122040000" lon="5.259360000">
        <ele>10.000</ele>
      </trkpt>
      <trkpt lat="52.121890000" lon="5.259560000">
        <ele>10.000</ele>
      </trkpt>
      <trkpt lat="52.121780000" lon="5.259660000">
        <ele>10.000</ele>
      </trkpt>
      <trkpt lat="52.121710000" lon="5.259710000">
        <ele>10.000</ele>
      </trkpt>
      <trkpt lat="52.120930000" lon="5.260290000">
        <ele>11.000</ele>
      </trkpt>
      <trkpt lat="52.120930000" lon="5.260290000">
        <ele>11.000</ele>
      </trkpt>
      <trkpt lat="52.120800000" lon="5.259780000">
        <ele>11.000</ele>
      </trkpt>
      <trkpt lat="52.120520000" lon="5.258700000">
        <ele>11.000</ele>
      </trkpt>
      <trkpt lat="52.120050000" lon="5.256800000">
        <ele>11.000</ele>
      </trkpt>
      <trkpt lat="52.119940000" lon="5.256430000">
        <ele>11.000</ele>
      </trkpt>
      <trkpt lat="52.119920000" lon="5.256400000">
        <ele>11.000</ele>
      </trkpt>
      <trkpt lat="52.119890000" lon="5.256370000">
        <ele>11.000</ele>
      </trkpt>
      <trkpt lat="52.119840000" lon="5.256340000">
        <ele>11.000</ele>
      </trkpt>
      <trkpt lat="52.119800000" lon="5.256330000">
        <ele>11.000</ele>
      </trkpt>
      <trkpt lat="52.119760000" lon="5.256340000">
        <ele>11.000</ele>
      </trkpt>
      <trkpt lat="52.119190000" lon="5.256730000">
        <ele>11.000</ele>
      </trkpt>
      <trkpt lat="52.119120000" lon="5.256770000">
        <ele>11.000</ele>
      </trkpt>
      <trkpt lat="52.118910000" lon="5.256920000">
        <ele>11.000</ele>
      </trkpt>
      <trkpt lat="52.118690000" lon="5.257060000">
        <ele>11.000</ele>
      </trkpt>
      <trkpt lat="52.118580000" lon="5.257130000">
        <ele>11.000</ele>
      </trkpt>
      <trkpt lat="52.118530000" lon="5.257150000">
        <ele>11.000</ele>
      </trkpt>
      <trkpt lat="52.118480000" lon="5.257160000">
        <ele>11.000</ele>
      </trkpt>
      <trkpt lat="52.118450000" lon="5.257160000">
        <ele>12.000</ele>
      </trkpt>
      <trkpt lat="52.118410000" lon="5.257150000">
        <ele>12.000</ele>
      </trkpt>
      <trkpt lat="52.118370000" lon="5.257120000">
        <ele>12.000</ele>
      </trkpt>
      <trkpt lat="52.118340000" lon="5.257090000">
        <ele>12.000</ele>
      </trkpt>
      <trkpt lat="52.118310000" lon="5.257020000">
        <ele>12.000</ele>
      </trkpt>
      <trkpt lat="52.118260000" lon="5.256880000">
        <ele>12.000</ele>
      </trkpt>
      <trkpt lat="52.118230000" lon="5.256750000">
        <ele>12.000</ele>
      </trkpt>
      <trkpt lat="52.118230000" lon="5.256750000">
        <ele>12.000</ele>
      </trkpt>
      <trkpt lat="52.118220000" lon="5.256700000">
        <ele>12.000</ele>
      </trkpt>
      <trkpt lat="52.118200000" lon="5.256640000">
        <ele>12.000</ele>
      </trkpt>
      <trkpt lat="52.118130000" lon="5.256420000">
        <ele>12.000</ele>
      </trkpt>
      <trkpt lat="52.118130000" lon="5.256420000">
        <ele>12.000</ele>
      </trkpt>
      <trkpt lat="52.117920000" lon="5.256680000">
        <ele>12.000</ele>
      </trkpt>
      <trkpt lat="52.117900000" lon="5.256710000">
        <ele>12.000</ele>
      </trkpt>
      <trkpt lat="52.117890000" lon="5.256720000">
        <ele>12.000</ele>
      </trkpt>
      <trkpt lat="52.117850000" lon="5.256750000">
        <ele>12.000</ele>
      </trkpt>
      <trkpt lat="52.117810000" lon="5.256770000">
        <ele>12.000</ele>
      </trkpt>
      <trkpt lat="52.117580000" lon="5.256900000">
        <ele>12.000</ele>
      </trkpt>
      <trkpt lat="52.116970000" lon="5.257310000">
        <ele>12.000</ele>
      </trkpt>
      <trkpt lat="52.116920000" lon="5.257350000">
        <ele>12.000</ele>
      </trkpt>
      <trkpt lat="52.116760000" lon="5.257450000">
        <ele>12.000</ele>
      </trkpt>
      <trkpt lat="52.116760000" lon="5.257450000">
        <ele>12.000</ele>
      </trkpt>
      <trkpt lat="52.116580000" lon="5.257570000">
        <ele>12.000</ele>
      </trkpt>
      <trkpt lat="52.116080000" lon="5.257900000">
        <ele>12.000</ele>
      </trkpt>
      <trkpt lat="52.115870000" lon="5.258040000">
        <ele>12.000</ele>
      </trkpt>
      <trkpt lat="52.115750000" lon="5.258120000">
        <ele>12.000</ele>
      </trkpt>
      <trkpt lat="52.115640000" lon="5.258190000">
        <ele>12.000</ele>
      </trkpt>
      <trkpt lat="52.115530000" lon="5.258260000">
        <ele>12.000</ele>
      </trkpt>
      <trkpt lat="52.115200000" lon="5.258470000">
        <ele>12.000</ele>
      </trkpt>
      <trkpt lat="52.114730000" lon="5.258760000">
        <ele>12.000</ele>
      </trkpt>
      <trkpt lat="52.114710000" lon="5.258780000">
        <ele>11.000</ele>
      </trkpt>
      <trkpt lat="52.114700000" lon="5.258780000">
        <ele>11.000</ele>
      </trkpt>
      <trkpt lat="52.114700000" lon="5.258790000">
        <ele>11.000</ele>
      </trkpt>
      <trkpt lat="52.114690000" lon="5.258800000">
        <ele>11.000</ele>
      </trkpt>
      <trkpt lat="52.114690000" lon="5.258820000">
        <ele>11.000</ele>
      </trkpt>
      <trkpt lat="52.114680000" lon="5.258850000">
        <ele>11.000</ele>
      </trkpt>
      <trkpt lat="52.114680000" lon="5.258870000">
        <ele>11.000</ele>
      </trkpt>
      <trkpt lat="52.114690000" lon="5.258950000">
        <ele>11.000</ele>
      </trkpt>
      <trkpt lat="52.114690000" lon="5.258950000">
        <ele>11.000</ele>
      </trkpt>
      <trkpt lat="52.114560000" lon="5.259040000">
        <ele>11.000</ele>
      </trkpt>
      <trkpt lat="52.114420000" lon="5.259090000">
        <ele>11.000</ele>
      </trkpt>
      <trkpt lat="52.114270000" lon="5.259180000">
        <ele>11.000</ele>
      </trkpt>
      <trkpt lat="52.114270000" lon="5.259180000">
        <ele>11.000</ele>
      </trkpt>
      <trkpt lat="52.114190000" lon="5.259180000">
        <ele>11.000</ele>
      </trkpt>
      <trkpt lat="52.114180000" lon="5.259180000">
        <ele>11.000</ele>
      </trkpt>
      <trkpt lat="52.114150000" lon="5.259190000">
        <ele>11.000</ele>
      </trkpt>
      <trkpt lat="52.114130000" lon="5.259190000">
        <ele>11.000</ele>
      </trkpt>
      <trkpt lat="52.114120000" lon="5.259190000">
        <ele>11.000</ele>
      </trkpt>
      <trkpt lat="52.114100000" lon="5.259180000">
        <ele>11.000</ele>
      </trkpt>
      <trkpt lat="52.114080000" lon="5.259160000">
        <ele>11.000</ele>
      </trkpt>
      <trkpt lat="52.114060000" lon="5.259140000">
        <ele>11.000</ele>
      </trkpt>
      <trkpt lat="52.114000000" lon="5.259040000">
        <ele>11.000</ele>
      </trkpt>
      <trkpt lat="52.113470000" lon="5.257120000">
        <ele>10.000</ele>
      </trkpt>
      <trkpt lat="52.113080000" lon="5.255700000">
        <ele>10.000</ele>
      </trkpt>
      <trkpt lat="52.112820000" lon="5.254780000">
        <ele>9.000</ele>
      </trkpt>
      <trkpt lat="52.112740000" lon="5.254500000">
        <ele>9.000</ele>
      </trkpt>
      <trkpt lat="52.112640000" lon="5.254150000">
        <ele>9.000</ele>
      </trkpt>
      <trkpt lat="52.112530000" lon="5.253730000">
        <ele>9.000</ele>
      </trkpt>
      <trkpt lat="52.112410000" lon="5.253290000">
        <ele>9.000</ele>
      </trkpt>
      <trkpt lat="52.112190000" lon="5.252490000">
        <ele>9.000</ele>
      </trkpt>
      <trkpt lat="52.112100000" lon="5.252170000">
        <ele>9.000</ele>
      </trkpt>
      <trkpt lat="52.112030000" lon="5.251920000">
        <ele>9.000</ele>
      </trkpt>
      <trkpt lat="52.111970000" lon="5.251670000">
        <ele>9.000</ele>
      </trkpt>
      <trkpt lat="52.111710000" lon="5.250780000">
        <ele>9.000</ele>
      </trkpt>
      <trkpt lat="52.111560000" lon="5.250300000">
        <ele>8.000</ele>
      </trkpt>
      <trkpt lat="52.111460000" lon="5.249980000">
        <ele>8.000</ele>
      </trkpt>
      <trkpt lat="52.111320000" lon="5.249490000">
        <ele>8.000</ele>
      </trkpt>
      <trkpt lat="52.111120000" lon="5.248850000">
        <ele>8.000</ele>
      </trkpt>
      <trkpt lat="52.110910000" lon="5.248160000">
        <ele>8.000</ele>
      </trkpt>
      <trkpt lat="52.110740000" lon="5.247570000">
        <ele>8.000</ele>
      </trkpt>
      <trkpt lat="52.110520000" lon="5.246760000">
        <ele>8.000</ele>
      </trkpt>
      <trkpt lat="52.110240000" lon="5.245780000">
        <ele>7.000</ele>
      </trkpt>
      <trkpt lat="52.110200000" lon="5.245620000">
        <ele>7.000</ele>
      </trkpt>
      <trkpt lat="52.109830000" lon="5.244280000">
        <ele>7.000</ele>
      </trkpt>
      <trkpt lat="52.109640000" lon="5.243590000">
        <ele>7.000</ele>
      </trkpt>
      <trkpt lat="52.109040000" lon="5.241430000">
        <ele>7.000</ele>
      </trkpt>
      <trkpt lat="52.108480000" lon="5.239390000">
        <ele>7.000</ele>
      </trkpt>
      <trkpt lat="52.108380000" lon="5.238990000">
        <ele>7.000</ele>
      </trkpt>
      <trkpt lat="52.108370000" lon="5.238970000">
        <ele>7.000</ele>
      </trkpt>
      <trkpt lat="52.108240000" lon="5.238440000">
        <ele>7.000</ele>
      </trkpt>
      <trkpt lat="52.108190000" lon="5.238220000">
        <ele>7.000</ele>
      </trkpt>
      <trkpt lat="52.108030000" lon="5.237490000">
        <ele>7.000</ele>
      </trkpt>
      <trkpt lat="52.107970000" lon="5.237170000">
        <ele>7.000</ele>
      </trkpt>
      <trkpt lat="52.107910000" lon="5.236820000">
        <ele>7.000</ele>
      </trkpt>
      <trkpt lat="52.107880000" lon="5.236610000">
        <ele>7.000</ele>
      </trkpt>
      <trkpt lat="52.107820000" lon="5.236210000">
        <ele>7.000</ele>
      </trkpt>
      <trkpt lat="52.107760000" lon="5.235680000">
        <ele>7.000</ele>
      </trkpt>
      <trkpt lat="52.107720000" lon="5.235150000">
        <ele>7.000</ele>
      </trkpt>
      <trkpt lat="52.107660000" lon="5.234420000">
        <ele>7.000</ele>
      </trkpt>
      <trkpt lat="52.107600000" lon="5.233600000">
        <ele>7.000</ele>
      </trkpt>
      <trkpt lat="52.107570000" lon="5.233250000">
        <ele>7.000</ele>
      </trkpt>
      <trkpt lat="52.107480000" lon="5.232140000">
        <ele>6.000</ele>
      </trkpt>
      <trkpt lat="52.107460000" lon="5.231890000">
        <ele>6.000</ele>
      </trkpt>
      <trkpt lat="52.107340000" lon="5.230580000">
        <ele>6.000</ele>
      </trkpt>
      <trkpt lat="52.107210000" lon="5.229170000">
        <ele>7.000</ele>
      </trkpt>
      <trkpt lat="52.107170000" lon="5.228800000">
        <ele>7.000</ele>
      </trkpt>
      <trkpt lat="52.107080000" lon="5.227960000">
        <ele>7.000</ele>
      </trkpt>
      <trkpt lat="52.107070000" lon="5.227800000">
        <ele>7.000</ele>
      </trkpt>
      <trkpt lat="52.106990000" lon="5.227070000">
        <ele>7.000</ele>
      </trkpt>
      <trkpt lat="52.106850000" lon="5.225740000">
        <ele>7.000</ele>
      </trkpt>
      <trkpt lat="52.106670000" lon="5.224050000">
        <ele>6.000</ele>
      </trkpt>
      <trkpt lat="52.106670000" lon="5.224010000">
        <ele>6.000</ele>
      </trkpt>
      <trkpt lat="52.106640000" lon="5.223760000">
        <ele>6.000</ele>
      </trkpt>
      <trkpt lat="52.106640000" lon="5.223720000">
        <ele>6.000</ele>
      </trkpt>
      <trkpt lat="52.106520000" lon="5.222560000">
        <ele>6.000</ele>
      </trkpt>
      <trkpt lat="52.106410000" lon="5.221590000">
        <ele>6.000</ele>
      </trkpt>
      <trkpt lat="52.106360000" lon="5.221120000">
        <ele>6.000</ele>
      </trkpt>
      <trkpt lat="52.106290000" lon="5.220510000">
        <ele>6.000</ele>
      </trkpt>
      <trkpt lat="52.106190000" lon="5.219430000">
        <ele>6.000</ele>
      </trkpt>
      <trkpt lat="52.106190000" lon="5.219420000">
        <ele>6.000</ele>
      </trkpt>
      <trkpt lat="52.106050000" lon="5.218240000">
        <ele>6.000</ele>
      </trkpt>
      <trkpt lat="52.105990000" lon="5.217820000">
        <ele>6.000</ele>
      </trkpt>
      <trkpt lat="52.105970000" lon="5.217710000">
        <ele>6.000</ele>
      </trkpt>
      <trkpt lat="52.105950000" lon="5.217540000">
        <ele>6.000</ele>
      </trkpt>
      <trkpt lat="52.105840000" lon="5.216900000">
        <ele>6.000</ele>
      </trkpt>
      <trkpt lat="52.105750000" lon="5.216450000">
        <ele>6.000</ele>
      </trkpt>
      <trkpt lat="52.105630000" lon="5.215900000">
        <ele>6.000</ele>
      </trkpt>
      <trkpt lat="52.105570000" lon="5.215650000">
        <ele>6.000</ele>
      </trkpt>
      <trkpt lat="52.105520000" lon="5.215450000">
        <ele>6.000</ele>
      </trkpt>
      <trkpt lat="52.105460000" lon="5.215230000">
        <ele>6.000</ele>
      </trkpt>
      <trkpt lat="52.105360000" lon="5.214880000">
        <ele>6.000</ele>
      </trkpt>
      <trkpt lat="52.105180000" lon="5.214290000">
        <ele>6.000</ele>
      </trkpt>
      <trkpt lat="52.104920000" lon="5.213490000">
        <ele>6.000</ele>
      </trkpt>
      <trkpt lat="52.104630000" lon="5.212700000">
        <ele>6.000</ele>
      </trkpt>
      <trkpt lat="52.104390000" lon="5.212120000">
        <ele>5.000</ele>
      </trkpt>
      <trkpt lat="52.104280000" lon="5.211840000">
        <ele>5.000</ele>
      </trkpt>
      <trkpt lat="52.104030000" lon="5.211280000">
        <ele>5.000</ele>
      </trkpt>
      <trkpt lat="52.104000000" lon="5.211190000">
        <ele>5.000</ele>
      </trkpt>
      <trkpt lat="52.103610000" lon="5.210280000">
        <ele>5.000</ele>
      </trkpt>
      <trkpt lat="52.103180000" lon="5.209280000">
        <ele>5.000</ele>
      </trkpt>
      <trkpt lat="52.103050000" lon="5.208990000">
        <ele>5.000</ele>
      </trkpt>
      <trkpt lat="52.102730000" lon="5.208260000">
        <ele>5.000</ele>
      </trkpt>
      <trkpt lat="52.102530000" lon="5.207800000">
        <ele>5.000</ele>
      </trkpt>
      <trkpt lat="52.102510000" lon="5.207750000">
        <ele>5.000</ele>
      </trkpt>
      <trkpt lat="52.102370000" lon="5.207400000">
        <ele>5.000</ele>
      </trkpt>
      <trkpt lat="52.101790000" lon="5.206020000">
        <ele>5.000</ele>
      </trkpt>
      <trkpt lat="52.101600000" lon="5.205550000">
        <ele>5.000</ele>
      </trkpt>
      <trkpt lat="52.101600000" lon="5.205540000">
        <ele>5.000</ele>
      </trkpt>
      <trkpt lat="52.101570000" lon="5.205480000">
        <ele>5.000</ele>
      </trkpt>
      <trkpt lat="52.101560000" lon="5.205450000">
        <ele>5.000</ele>
      </trkpt>
      <trkpt lat="52.101550000" lon="5.205430000">
        <ele>5.000</ele>
      </trkpt>
      <trkpt lat="52.101530000" lon="5.205380000">
        <ele>5.000</ele>
      </trkpt>
      <trkpt lat="52.101520000" lon="5.205320000">
        <ele>5.000</ele>
      </trkpt>
      <trkpt lat="52.101520000" lon="5.205260000">
        <ele>5.000</ele>
      </trkpt>
      <trkpt lat="52.101520000" lon="5.205140000">
        <ele>5.000</ele>
      </trkpt>
      <trkpt lat="52.101590000" lon="5.205010000">
        <ele>5.000</ele>
      </trkpt>
      <trkpt lat="52.101620000" lon="5.204920000">
        <ele>5.000</ele>
      </trkpt>
      <trkpt lat="52.101660000" lon="5.204830000">
        <ele>5.000</ele>
      </trkpt>
      <trkpt lat="52.101840000" lon="5.204430000">
        <ele>5.000</ele>
      </trkpt>
      <trkpt lat="52.102150000" lon="5.203620000">
        <ele>5.000</ele>
      </trkpt>
      <trkpt lat="52.102250000" lon="5.203350000">
        <ele>5.000</ele>
      </trkpt>
      <trkpt lat="52.102380000" lon="5.202970000">
        <ele>5.000</ele>
      </trkpt>
      <trkpt lat="52.102430000" lon="5.202800000">
        <ele>5.000</ele>
      </trkpt>
      <trkpt lat="52.102490000" lon="5.202590000">
        <ele>5.000</ele>
      </trkpt>
      <trkpt lat="52.102540000" lon="5.202400000">
        <ele>5.000</ele>
      </trkpt>
      <trkpt lat="52.102620000" lon="5.202040000">
        <ele>5.000</ele>
      </trkpt>
      <trkpt lat="52.102670000" lon="5.201820000">
        <ele>5.000</ele>
      </trkpt>
      <trkpt lat="52.102710000" lon="5.201550000">
        <ele>5.000</ele>
      </trkpt>
      <trkpt lat="52.102760000" lon="5.201200000">
        <ele>5.000</ele>
      </trkpt>
      <trkpt lat="52.102780000" lon="5.201060000">
        <ele>5.000</ele>
      </trkpt>
      <trkpt lat="52.102820000" lon="5.200730000">
        <ele>5.000</ele>
      </trkpt>
      <trkpt lat="52.102850000" lon="5.200400000">
        <ele>5.000</ele>
      </trkpt>
      <trkpt lat="52.102870000" lon="5.200100000">
        <ele>5.000</ele>
      </trkpt>
      <trkpt lat="52.102880000" lon="5.199910000">
        <ele>5.000</ele>
      </trkpt>
      <trkpt lat="52.102890000" lon="5.199710000">
        <ele>4.000</ele>
      </trkpt>
      <trkpt lat="52.102890000" lon="5.199420000">
        <ele>4.000</ele>
      </trkpt>
      <trkpt lat="52.102890000" lon="5.199420000">
        <ele>4.000</ele>
      </trkpt>
      <trkpt lat="52.102890000" lon="5.199400000">
        <ele>4.000</ele>
      </trkpt>
      <trkpt lat="52.102880000" lon="5.198860000">
        <ele>4.000</ele>
      </trkpt>
      <trkpt lat="52.102880000" lon="5.198770000">
        <ele>4.000</ele>
      </trkpt>
      <trkpt lat="52.102860000" lon="5.198400000">
        <ele>4.000</ele>
      </trkpt>
      <trkpt lat="52.102840000" lon="5.198070000">
        <ele>4.000</ele>
      </trkpt>
      <trkpt lat="52.102830000" lon="5.197920000">
        <ele>4.000</ele>
      </trkpt>
      <trkpt lat="52.102790000" lon="5.197450000">
        <ele>4.000</ele>
      </trkpt>
      <trkpt lat="52.102720000" lon="5.196770000">
        <ele>4.000</ele>
      </trkpt>
      <trkpt lat="52.102600000" lon="5.195650000">
        <ele>4.000</ele>
      </trkpt>
      <trkpt lat="52.102530000" lon="5.194970000">
        <ele>4.000</ele>
      </trkpt>
      <trkpt lat="52.102390000" lon="5.193520000">
        <ele>4.000</ele>
      </trkpt>
      <trkpt lat="52.102340000" lon="5.193040000">
        <ele>4.000</ele>
      </trkpt>
      <trkpt lat="52.102300000" lon="5.192670000">
        <ele>4.000</ele>
      </trkpt>
      <trkpt lat="52.102260000" lon="5.192180000">
        <ele>4.000</ele>
      </trkpt>
      <trkpt lat="52.102230000" lon="5.191670000">
        <ele>4.000</ele>
      </trkpt>
      <trkpt lat="52.102210000" lon="5.191440000">
        <ele>4.000</ele>
      </trkpt>
      <trkpt lat="52.102210000" lon="5.191240000">
        <ele>4.000</ele>
      </trkpt>
      <trkpt lat="52.102200000" lon="5.191100000">
        <ele>4.000</ele>
      </trkpt>
      <trkpt lat="52.102200000" lon="5.190680000">
        <ele>4.000</ele>
      </trkpt>
      <trkpt lat="52.102220000" lon="5.189440000">
        <ele>4.000</ele>
      </trkpt>
      <trkpt lat="52.102230000" lon="5.189330000">
        <ele>3.000</ele>
      </trkpt>
      <trkpt lat="52.102270000" lon="5.188680000">
        <ele>3.000</ele>
      </trkpt>
      <trkpt lat="52.102290000" lon="5.188530000">
        <ele>3.000</ele>
      </trkpt>
      <trkpt lat="52.102320000" lon="5.188100000">
        <ele>3.000</ele>
      </trkpt>
      <trkpt lat="52.102340000" lon="5.187920000">
        <ele>3.000</ele>
      </trkpt>
      <trkpt lat="52.102390000" lon="5.187530000">
        <ele>3.000</ele>
      </trkpt>
      <trkpt lat="52.102550000" lon="5.186290000">
        <ele>3.000</ele>
      </trkpt>
      <trkpt lat="52.102570000" lon="5.186180000">
        <ele>3.000</ele>
      </trkpt>
      <trkpt lat="52.102580000" lon="5.186020000">
        <ele>3.000</ele>
      </trkpt>
      <trkpt lat="52.102590000" lon="5.185870000">
        <ele>3.000</ele>
      </trkpt>
      <trkpt lat="52.102620000" lon="5.185700000">
        <ele>3.000</ele>
      </trkpt>
      <trkpt lat="52.102650000" lon="5.185440000">
        <ele>3.000</ele>
      </trkpt>
      <trkpt lat="52.102940000" lon="5.183380000">
        <ele>3.000</ele>
      </trkpt>
      <trkpt lat="52.102960000" lon="5.183210000">
        <ele>3.000</ele>
      </trkpt>
      <trkpt lat="52.103010000" lon="5.182830000">
        <ele>3.000</ele>
      </trkpt>
      <trkpt lat="52.103080000" lon="5.182240000">
        <ele>3.000</ele>
      </trkpt>
      <trkpt lat="52.103120000" lon="5.181890000">
        <ele>3.000</ele>
      </trkpt>
      <trkpt lat="52.103140000" lon="5.181760000">
        <ele>3.000</ele>
      </trkpt>
      <trkpt lat="52.103180000" lon="5.181420000">
        <ele>3.000</ele>
      </trkpt>
      <trkpt lat="52.103200000" lon="5.181230000">
        <ele>3.000</ele>
      </trkpt>
      <trkpt lat="52.103220000" lon="5.181050000">
        <ele>3.000</ele>
      </trkpt>
      <trkpt lat="52.103250000" lon="5.180730000">
        <ele>3.000</ele>
      </trkpt>
      <trkpt lat="52.103270000" lon="5.180410000">
        <ele>3.000</ele>
      </trkpt>
      <trkpt lat="52.103290000" lon="5.180240000">
        <ele>3.000</ele>
      </trkpt>
      <trkpt lat="52.103300000" lon="5.180060000">
        <ele>3.000</ele>
      </trkpt>
      <trkpt lat="52.103300000" lon="5.179900000">
        <ele>3.000</ele>
      </trkpt>
      <trkpt lat="52.103310000" lon="5.179710000">
        <ele>3.000</ele>
      </trkpt>
      <trkpt lat="52.103320000" lon="5.179050000">
        <ele>3.000</ele>
      </trkpt>
      <trkpt lat="52.103290000" lon="5.178440000">
        <ele>3.000</ele>
      </trkpt>
      <trkpt lat="52.103290000" lon="5.178390000">
        <ele>3.000</ele>
      </trkpt>
      <trkpt lat="52.103260000" lon="5.177930000">
        <ele>3.000</ele>
      </trkpt>
      <trkpt lat="52.103240000" lon="5.177670000">
        <ele>3.000</ele>
      </trkpt>
      <trkpt lat="52.103220000" lon="5.177450000">
        <ele>3.000</ele>
      </trkpt>
      <trkpt lat="52.103190000" lon="5.177190000">
        <ele>3.000</ele>
      </trkpt>
      <trkpt lat="52.103170000" lon="5.177030000">
        <ele>3.000</ele>
      </trkpt>
      <trkpt lat="52.103090000" lon="5.176220000">
        <ele>3.000</ele>
      </trkpt>
      <trkpt lat="52.103020000" lon="5.175930000">
        <ele>3.000</ele>
      </trkpt>
      <trkpt lat="52.102870000" lon="5.175270000">
        <ele>3.000</ele>
      </trkpt>
      <trkpt lat="52.102730000" lon="5.174660000">
        <ele>3.000</ele>
      </trkpt>
      <trkpt lat="52.102640000" lon="5.174240000">
        <ele>3.000</ele>
      </trkpt>
      <trkpt lat="52.102370000" lon="5.172930000">
        <ele>3.000</ele>
      </trkpt>
      <trkpt lat="52.102300000" lon="5.172610000">
        <ele>3.000</ele>
      </trkpt>
      <trkpt lat="52.102240000" lon="5.172330000">
        <ele>3.000</ele>
      </trkpt>
      <trkpt lat="52.102200000" lon="5.172150000">
        <ele>3.000</ele>
      </trkpt>
      <trkpt lat="52.102160000" lon="5.171990000">
        <ele>3.000</ele>
      </trkpt>
      <trkpt lat="52.102110000" lon="5.171790000">
        <ele>3.000</ele>
      </trkpt>
      <trkpt lat="52.102010000" lon="5.171420000">
        <ele>3.000</ele>
      </trkpt>
      <trkpt lat="52.101970000" lon="5.171250000">
        <ele>3.000</ele>
      </trkpt>
      <trkpt lat="52.101920000" lon="5.171070000">
        <ele>3.000</ele>
      </trkpt>
      <trkpt lat="52.101890000" lon="5.170950000">
        <ele>3.000</ele>
      </trkpt>
      <trkpt lat="52.101850000" lon="5.170830000">
        <ele>3.000</ele>
      </trkpt>
      <trkpt lat="52.101820000" lon="5.170710000">
        <ele>3.000</ele>
      </trkpt>
      <trkpt lat="52.101790000" lon="5.170600000">
        <ele>3.000</ele>
      </trkpt>
      <trkpt lat="52.101750000" lon="5.170460000">
        <ele>3.000</ele>
      </trkpt>
      <trkpt lat="52.101710000" lon="5.170310000">
        <ele>3.000</ele>
      </trkpt>
      <trkpt lat="52.101650000" lon="5.170120000">
        <ele>3.000</ele>
      </trkpt>
      <trkpt lat="52.101600000" lon="5.169920000">
        <ele>3.000</ele>
      </trkpt>
      <trkpt lat="52.101470000" lon="5.169430000">
        <ele>3.000</ele>
      </trkpt>
      <trkpt lat="52.101340000" lon="5.168940000">
        <ele>3.000</ele>
      </trkpt>
      <trkpt lat="52.101240000" lon="5.168530000">
        <ele>3.000</ele>
      </trkpt>
      <trkpt lat="52.101200000" lon="5.168370000">
        <ele>3.000</ele>
      </trkpt>
      <trkpt lat="52.101010000" lon="5.167520000">
        <ele>3.000</ele>
      </trkpt>
      <trkpt lat="52.100760000" lon="5.166460000">
        <ele>3.000</ele>
      </trkpt>
      <trkpt lat="52.100690000" lon="5.166160000">
        <ele>3.000</ele>
      </trkpt>
      <trkpt lat="52.100310000" lon="5.164560000">
        <ele>3.000</ele>
      </trkpt>
      <trkpt lat="52.100230000" lon="5.164240000">
        <ele>2.000</ele>
      </trkpt>
      <trkpt lat="52.100090000" lon="5.163620000">
        <ele>2.000</ele>
      </trkpt>
      <trkpt lat="52.099990000" lon="5.163180000">
        <ele>2.000</ele>
      </trkpt>
      <trkpt lat="52.099860000" lon="5.162640000">
        <ele>2.000</ele>
      </trkpt>
      <trkpt lat="52.099760000" lon="5.162210000">
        <ele>2.000</ele>
      </trkpt>
      <trkpt lat="52.099690000" lon="5.161940000">
        <ele>2.000</ele>
      </trkpt>
      <trkpt lat="52.099630000" lon="5.161680000">
        <ele>2.000</ele>
      </trkpt>
      <trkpt lat="52.099600000" lon="5.161560000">
        <ele>2.000</ele>
      </trkpt>
      <trkpt lat="52.099540000" lon="5.161300000">
        <ele>2.000</ele>
      </trkpt>
      <trkpt lat="52.099280000" lon="5.160160000">
        <ele>2.000</ele>
      </trkpt>
      <trkpt lat="52.099250000" lon="5.160040000">
        <ele>2.000</ele>
      </trkpt>
      <trkpt lat="52.099160000" lon="5.159610000">
        <ele>2.000</ele>
      </trkpt>
      <trkpt lat="52.099050000" lon="5.159100000">
        <ele>2.000</ele>
      </trkpt>
      <trkpt lat="52.098940000" lon="5.158580000">
        <ele>2.000</ele>
      </trkpt>
      <trkpt lat="52.098880000" lon="5.158280000">
        <ele>2.000</ele>
      </trkpt>
      <trkpt lat="52.098780000" lon="5.157820000">
        <ele>2.000</ele>
      </trkpt>
      <trkpt lat="52.098680000" lon="5.157360000">
        <ele>2.000</ele>
      </trkpt>
      <trkpt lat="52.098550000" lon="5.156730000">
        <ele>2.000</ele>
      </trkpt>
      <trkpt lat="52.098360000" lon="5.155800000">
        <ele>3.000</ele>
      </trkpt>
      <trkpt lat="52.098300000" lon="5.155490000">
        <ele>3.000</ele>
      </trkpt>
      <trkpt lat="52.098200000" lon="5.154960000">
        <ele>3.000</ele>
      </trkpt>
      <trkpt lat="52.098080000" lon="5.154330000">
        <ele>3.000</ele>
      </trkpt>
      <trkpt lat="52.098060000" lon="5.154220000">
        <ele>3.000</ele>
      </trkpt>
      <trkpt lat="52.098010000" lon="5.153930000">
        <ele>3.000</ele>
      </trkpt>
      <trkpt lat="52.097920000" lon="5.153510000">
        <ele>3.000</ele>
      </trkpt>
      <trkpt lat="52.097750000" lon="5.152670000">
        <ele>3.000</ele>
      </trkpt>
      <trkpt lat="52.097640000" lon="5.152110000">
        <ele>3.000</ele>
      </trkpt>
      <trkpt lat="52.097590000" lon="5.151830000">
        <ele>2.000</ele>
      </trkpt>
      <trkpt lat="52.097400000" lon="5.150880000">
        <ele>2.000</ele>
      </trkpt>
      <trkpt lat="52.097240000" lon="5.150040000">
        <ele>2.000</ele>
      </trkpt>
      <trkpt lat="52.097180000" lon="5.149720000">
        <ele>2.000</ele>
      </trkpt>
      <trkpt lat="52.097120000" lon="5.149360000">
        <ele>2.000</ele>
      </trkpt>
      <trkpt lat="52.097030000" lon="5.148890000">
        <ele>2.000</ele>
      </trkpt>
      <trkpt lat="52.096960000" lon="5.148420000">
        <ele>2.000</ele>
      </trkpt>
      <trkpt lat="52.096900000" lon="5.148070000">
        <ele>2.000</ele>
      </trkpt>
      <trkpt lat="52.096740000" lon="5.147120000">
        <ele>3.000</ele>
      </trkpt>
      <trkpt lat="52.096710000" lon="5.146920000">
        <ele>3.000</ele>
      </trkpt>
      <trkpt lat="52.096650000" lon="5.146540000">
        <ele>3.000</ele>
      </trkpt>
      <trkpt lat="52.096480000" lon="5.145460000">
        <ele>3.000</ele>
      </trkpt>
      <trkpt lat="52.096430000" lon="5.145210000">
        <ele>3.000</ele>
      </trkpt>
      <trkpt lat="52.096430000" lon="5.145180000">
        <ele>3.000</ele>
      </trkpt>
      <trkpt lat="52.096400000" lon="5.145020000">
        <ele>3.000</ele>
      </trkpt>
      <trkpt lat="52.096390000" lon="5.144950000">
        <ele>3.000</ele>
      </trkpt>
      <trkpt lat="52.096380000" lon="5.144890000">
        <ele>3.000</ele>
      </trkpt>
      <trkpt lat="52.096380000" lon="5.144790000">
        <ele>3.000</ele>
      </trkpt>
      <trkpt lat="52.096380000" lon="5.144700000">
        <ele>3.000</ele>
      </trkpt>
      <trkpt lat="52.096400000" lon="5.144600000">
        <ele>3.000</ele>
      </trkpt>
      <trkpt lat="52.096430000" lon="5.144380000">
        <ele>3.000</ele>
      </trkpt>
      <trkpt lat="52.096430000" lon="5.144380000">
        <ele>3.000</ele>
      </trkpt>
      <trkpt lat="52.096440000" lon="5.144370000">
        <ele>3.000</ele>
      </trkpt>
      <trkpt lat="52.096450000" lon="5.144350000">
        <ele>3.000</ele>
      </trkpt>
      <trkpt lat="52.096450000" lon="5.144340000">
        <ele>3.000</ele>
      </trkpt>
      <trkpt lat="52.096460000" lon="5.144330000">
        <ele>3.000</ele>
      </trkpt>
      <trkpt lat="52.096470000" lon="5.144310000">
        <ele>3.000</ele>
      </trkpt>
      <trkpt lat="52.096480000" lon="5.144300000">
        <ele>3.000</ele>
      </trkpt>
      <trkpt lat="52.096490000" lon="5.144280000">
        <ele>3.000</ele>
      </trkpt>
      <trkpt lat="52.096490000" lon="5.144270000">
        <ele>3.000</ele>
      </trkpt>
      <trkpt lat="52.096500000" lon="5.144250000">
        <ele>3.000</ele>
      </trkpt>
      <trkpt lat="52.096510000" lon="5.144230000">
        <ele>3.000</ele>
      </trkpt>
      <trkpt lat="52.096520000" lon="5.144210000">
        <ele>3.000</ele>
      </trkpt>
      <trkpt lat="52.096530000" lon="5.144190000">
        <ele>3.000</ele>
      </trkpt>
      <trkpt lat="52.096540000" lon="5.144170000">
        <ele>3.000</ele>
      </trkpt>
      <trkpt lat="52.096540000" lon="5.144150000">
        <ele>3.000</ele>
      </trkpt>
      <trkpt lat="52.096550000" lon="5.144120000">
        <ele>3.000</ele>
      </trkpt>
      <trkpt lat="52.096550000" lon="5.144100000">
        <ele>3.000</ele>
      </trkpt>
      <trkpt lat="52.096660000" lon="5.143960000">
        <ele>3.000</ele>
      </trkpt>
      <trkpt lat="52.096690000" lon="5.143920000">
        <ele>3.000</ele>
      </trkpt>
      <trkpt lat="52.096720000" lon="5.143890000">
        <ele>3.000</ele>
      </trkpt>
      <trkpt lat="52.096750000" lon="5.143860000">
        <ele>3.000</ele>
      </trkpt>
      <trkpt lat="52.096780000" lon="5.143830000">
        <ele>3.000</ele>
      </trkpt>
      <trkpt lat="52.096810000" lon="5.143800000">
        <ele>3.000</ele>
      </trkpt>
      <trkpt lat="52.096850000" lon="5.143770000">
        <ele>3.000</ele>
      </trkpt>
      <trkpt lat="52.096900000" lon="5.143730000">
        <ele>3.000</ele>
      </trkpt>
      <trkpt lat="52.096970000" lon="5.143700000">
        <ele>3.000</ele>
      </trkpt>
      <trkpt lat="52.097010000" lon="5.143680000">
        <ele>3.000</ele>
      </trkpt>
      <trkpt lat="52.097090000" lon="5.143660000">
        <ele>3.000</ele>
      </trkpt>
      <trkpt lat="52.097100000" lon="5.143650000">
        <ele>3.000</ele>
      </trkpt>
      <trkpt lat="52.097340000" lon="5.143550000">
        <ele>3.000</ele>
      </trkpt>
      <trkpt lat="52.097450000" lon="5.143510000">
        <ele>3.000</ele>
      </trkpt>
      <trkpt lat="52.097450000" lon="5.143510000">
        <ele>3.000</ele>
      </trkpt>
      <trkpt lat="52.097490000" lon="5.143490000">
        <ele>3.000</ele>
      </trkpt>
      <trkpt lat="52.097720000" lon="5.143400000">
        <ele>3.000</ele>
      </trkpt>
      <trkpt lat="52.098180000" lon="5.143260000">
        <ele>3.000</ele>
      </trkpt>
      <trkpt lat="52.098500000" lon="5.143190000">
        <ele>3.000</ele>
      </trkpt>
      <trkpt lat="52.099010000" lon="5.143100000">
        <ele>3.000</ele>
      </trkpt>
      <trkpt lat="52.099040000" lon="5.143100000">
        <ele>3.000</ele>
      </trkpt>
      <trkpt lat="52.099110000" lon="5.143090000">
        <ele>3.000</ele>
      </trkpt>
      <trkpt lat="52.099180000" lon="5.143090000">
        <ele>3.000</ele>
      </trkpt>
      <trkpt lat="52.099330000" lon="5.143080000">
        <ele>3.000</ele>
      </trkpt>
      <trkpt lat="52.099400000" lon="5.143070000">
        <ele>3.000</ele>
      </trkpt>
      <trkpt lat="52.099440000" lon="5.143070000">
        <ele>3.000</ele>
      </trkpt>
      <trkpt lat="52.099470000" lon="5.143070000">
        <ele>3.000</ele>
      </trkpt>
      <trkpt lat="52.099550000" lon="5.143070000">
        <ele>3.000</ele>
      </trkpt>
      <trkpt lat="52.099690000" lon="5.143070000">
        <ele>3.000</ele>
      </trkpt>
      <trkpt lat="52.099760000" lon="5.143070000">
        <ele>3.000</ele>
      </trkpt>
      <trkpt lat="52.099830000" lon="5.143080000">
        <ele>3.000</ele>
      </trkpt>
      <trkpt lat="52.100010000" lon="5.143090000">
        <ele>3.000</ele>
      </trkpt>
      <trkpt lat="52.100230000" lon="5.143110000">
        <ele>3.000</ele>
      </trkpt>
      <trkpt lat="52.100330000" lon="5.143120000">
        <ele>3.000</ele>
      </trkpt>
      <trkpt lat="52.100440000" lon="5.143140000">
        <ele>3.000</ele>
      </trkpt>
      <trkpt lat="52.100620000" lon="5.143160000">
        <ele>3.000</ele>
      </trkpt>
      <trkpt lat="52.100790000" lon="5.143190000">
        <ele>3.000</ele>
      </trkpt>
      <trkpt lat="52.100940000" lon="5.143200000">
        <ele>3.000</ele>
      </trkpt>
      <trkpt lat="52.101120000" lon="5.143220000">
        <ele>3.000</ele>
      </trkpt>
      <trkpt lat="52.101270000" lon="5.143250000">
        <ele>3.000</ele>
      </trkpt>
      <trkpt lat="52.101500000" lon="5.143280000">
        <ele>3.000</ele>
      </trkpt>
      <trkpt lat="52.101540000" lon="5.143280000">
        <ele>2.000</ele>
      </trkpt>
      <trkpt lat="52.101690000" lon="5.143310000">
        <ele>2.000</ele>
      </trkpt>
      <trkpt lat="52.101790000" lon="5.143340000">
        <ele>2.000</ele>
      </trkpt>
      <trkpt lat="52.101810000" lon="5.143360000">
        <ele>2.000</ele>
      </trkpt>
      <trkpt lat="52.101830000" lon="5.143370000">
        <ele>2.000</ele>
      </trkpt>
      <trkpt lat="52.101860000" lon="5.143400000">
        <ele>2.000</ele>
      </trkpt>
      <trkpt lat="52.101890000" lon="5.143430000">
        <ele>2.000</ele>
      </trkpt>
      <trkpt lat="52.101980000" lon="5.143520000">
        <ele>2.000</ele>
      </trkpt>
      <trkpt lat="52.101980000" lon="5.143520000">
        <ele>2.000</ele>
      </trkpt>
      <trkpt lat="52.102010000" lon="5.143640000">
        <ele>2.000</ele>
      </trkpt>
      <trkpt lat="52.102020000" lon="5.143660000">
        <ele>2.000</ele>
      </trkpt>
      <trkpt lat="52.102050000" lon="5.143730000">
        <ele>2.000</ele>
      </trkpt>
      <trkpt lat="52.102100000" lon="5.143810000">
        <ele>2.000</ele>
      </trkpt>
      <trkpt lat="52.102200000" lon="5.143890000">
        <ele>2.000</ele>
      </trkpt>
      <trkpt lat="52.102280000" lon="5.143930000">
        <ele>2.000</ele>
      </trkpt>
      <trkpt lat="52.102370000" lon="5.143940000">
        <ele>2.000</ele>
      </trkpt>
      <trkpt lat="52.102470000" lon="5.143920000">
        <ele>2.000</ele>
      </trkpt>
      <trkpt lat="52.102540000" lon="5.143860000">
        <ele>2.000</ele>
      </trkpt>
      <trkpt lat="52.102560000" lon="5.143830000">
        <ele>2.000</ele>
      </trkpt>
      <trkpt lat="52.102610000" lon="5.143750000">
        <ele>2.000</ele>
      </trkpt>
      <trkpt lat="52.102650000" lon="5.143650000">
        <ele>2.000</ele>
      </trkpt>
      <trkpt lat="52.102700000" lon="5.143480000">
        <ele>2.000</ele>
      </trkpt>
      <trkpt lat="52.102720000" lon="5.143310000">
        <ele>2.000</ele>
      </trkpt>
      <trkpt lat="52.102710000" lon="5.143270000">
        <ele>2.000</ele>
      </trkpt>
      <trkpt lat="52.102710000" lon="5.143180000">
        <ele>2.000</ele>
      </trkpt>
      <trkpt lat="52.102700000" lon="5.143100000">
        <ele>2.000</ele>
      </trkpt>
      <trkpt lat="52.102690000" lon="5.143040000">
        <ele>2.000</ele>
      </trkpt>
      <trkpt lat="52.102660000" lon="5.142970000">
        <ele>2.000</ele>
      </trkpt>
      <trkpt lat="52.102620000" lon="5.142880000">
        <ele>2.000</ele>
      </trkpt>
      <trkpt lat="52.102580000" lon="5.142820000">
        <ele>2.000</ele>
      </trkpt>
      <trkpt lat="52.102520000" lon="5.142780000">
        <ele>2.000</ele>
      </trkpt>
      <trkpt lat="52.102500000" lon="5.142640000">
        <ele>2.000</ele>
      </trkpt>
      <trkpt lat="52.102490000" lon="5.142500000">
        <ele>2.000</ele>
      </trkpt>
      <trkpt lat="52.102490000" lon="5.142120000">
        <ele>2.000</ele>
      </trkpt>
      <trkpt lat="52.102490000" lon="5.141730000">
        <ele>2.000</ele>
      </trkpt>
      <trkpt lat="52.102530000" lon="5.141130000">
        <ele>2.000</ele>
      </trkpt>
      <trkpt lat="52.102570000" lon="5.140440000">
        <ele>2.000</ele>
      </trkpt>
      <trkpt lat="52.102570000" lon="5.140430000">
        <ele>2.000</ele>
      </trkpt>
      <trkpt lat="52.102570000" lon="5.140390000">
        <ele>2.000</ele>
      </trkpt>
      <trkpt lat="52.102570000" lon="5.140280000">
        <ele>2.000</ele>
      </trkpt>
      <trkpt lat="52.102570000" lon="5.140280000">
        <ele>2.000</ele>
      </trkpt>
      <trkpt lat="52.102630000" lon="5.139260000">
        <ele>2.000</ele>
      </trkpt>
      <trkpt lat="52.102640000" lon="5.139090000">
        <ele>2.000</ele>
      </trkpt>
      <trkpt lat="52.102680000" lon="5.138170000">
        <ele>2.000</ele>
      </trkpt>
      <trkpt lat="52.102690000" lon="5.137940000">
        <ele>2.000</ele>
      </trkpt>
      <trkpt lat="52.102700000" lon="5.137730000">
        <ele>2.000</ele>
      </trkpt>
      <trkpt lat="52.102700000" lon="5.137550000">
        <ele>2.000</ele>
      </trkpt>
      <trkpt lat="52.102730000" lon="5.136780000">
        <ele>2.000</ele>
      </trkpt>
      <trkpt lat="52.102730000" lon="5.136720000">
        <ele>2.000</ele>
      </trkpt>
      <trkpt lat="52.102740000" lon="5.136560000">
        <ele>2.000</ele>
      </trkpt>
      <trkpt lat="52.102770000" lon="5.136050000">
        <ele>2.000</ele>
      </trkpt>
      <trkpt lat="52.102850000" lon="5.135020000">
        <ele>2.000</ele>
      </trkpt>
      <trkpt lat="52.102880000" lon="5.134700000">
        <ele>2.000</ele>
      </trkpt>
      <trkpt lat="52.103000000" lon="5.133620000">
        <ele>2.000</ele>
      </trkpt>
      <trkpt lat="52.103030000" lon="5.133450000">
        <ele>2.000</ele>
      </trkpt>
      <trkpt lat="52.103210000" lon="5.132330000">
        <ele>2.000</ele>
      </trkpt>
      <trkpt lat="52.103230000" lon="5.132240000">
        <ele>2.000</ele>
      </trkpt>
      <trkpt lat="52.103280000" lon="5.132010000">
        <ele>2.000</ele>
      </trkpt>
      <trkpt lat="52.103420000" lon="5.131460000">
        <ele>2.000</ele>
      </trkpt>
      <trkpt lat="52.103520000" lon="5.131130000">
        <ele>2.000</ele>
      </trkpt>
      <trkpt lat="52.103540000" lon="5.131070000">
        <ele>2.000</ele>
      </trkpt>
      <trkpt lat="52.103570000" lon="5.131010000">
        <ele>2.000</ele>
      </trkpt>
      <trkpt lat="52.103570000" lon="5.131010000">
        <ele>2.000</ele>
      </trkpt>
      <trkpt lat="52.103620000" lon="5.130990000">
        <ele>2.000</ele>
      </trkpt>
      <trkpt lat="52.103660000" lon="5.130960000">
        <ele>2.000</ele>
      </trkpt>
      <trkpt lat="52.103710000" lon="5.130900000">
        <ele>2.000</ele>
      </trkpt>
      <trkpt lat="52.103740000" lon="5.130850000">
        <ele>2.000</ele>
      </trkpt>
      <trkpt lat="52.103760000" lon="5.130820000">
        <ele>2.000</ele>
      </trkpt>
      <trkpt lat="52.103780000" lon="5.130780000">
        <ele>2.000</ele>
      </trkpt>
      <trkpt lat="52.103800000" lon="5.130710000">
        <ele>2.000</ele>
      </trkpt>
      <trkpt lat="52.103820000" lon="5.130650000">
        <ele>2.000</ele>
      </trkpt>
      <trkpt lat="52.103830000" lon="5.130590000">
        <ele>2.000</ele>
      </trkpt>
      <trkpt lat="52.103840000" lon="5.130520000">
        <ele>2.000</ele>
      </trkpt>
      <trkpt lat="52.103850000" lon="5.130460000">
        <ele>2.000</ele>
      </trkpt>
      <trkpt lat="52.103840000" lon="5.130390000">
        <ele>2.000</ele>
      </trkpt>
      <trkpt lat="52.103820000" lon="5.130330000">
        <ele>2.000</ele>
      </trkpt>
      <trkpt lat="52.103800000" lon="5.130270000">
        <ele>2.000</ele>
      </trkpt>
      <trkpt lat="52.103780000" lon="5.130200000">
        <ele>2.000</ele>
      </trkpt>
      <trkpt lat="52.103750000" lon="5.130140000">
        <ele>2.000</ele>
      </trkpt>
      <trkpt lat="52.103730000" lon="5.130090000">
        <ele>2.000</ele>
      </trkpt>
      <trkpt lat="52.103700000" lon="5.130060000">
        <ele>2.000</ele>
      </trkpt>
      <trkpt lat="52.103650000" lon="5.130040000">
        <ele>2.000</ele>
      </trkpt>
      <trkpt lat="52.103610000" lon="5.130030000">
        <ele>2.000</ele>
      </trkpt>
      <trkpt lat="52.103560000" lon="5.130030000">
        <ele>2.000</ele>
      </trkpt>
      <trkpt lat="52.103530000" lon="5.130040000">
        <ele>2.000</ele>
      </trkpt>
      <trkpt lat="52.103500000" lon="5.130040000">
        <ele>2.000</ele>
      </trkpt>
      <trkpt lat="52.103480000" lon="5.130080000">
        <ele>2.000</ele>
      </trkpt>
      <trkpt lat="52.103470000" lon="5.130130000">
        <ele>2.000</ele>
      </trkpt>
      <trkpt lat="52.103450000" lon="5.130170000">
        <ele>2.000</ele>
      </trkpt>
      <trkpt lat="52.103430000" lon="5.130220000">
        <ele>2.000</ele>
      </trkpt>
      <trkpt lat="52.103420000" lon="5.130270000">
        <ele>2.000</ele>
      </trkpt>
      <trkpt lat="52.103400000" lon="5.130310000">
        <ele>2.000</ele>
      </trkpt>
      <trkpt lat="52.103380000" lon="5.130410000">
        <ele>2.000</ele>
      </trkpt>
      <trkpt lat="52.103340000" lon="5.130400000">
        <ele>2.000</ele>
      </trkpt>
      <trkpt lat="52.103310000" lon="5.130390000">
        <ele>2.000</ele>
      </trkpt>
      <trkpt lat="52.103290000" lon="5.130380000">
        <ele>2.000</ele>
      </trkpt>
      <trkpt lat="52.102900000" lon="5.130220000">
        <ele>2.000</ele>
      </trkpt>
      <trkpt lat="52.102560000" lon="5.130050000">
        <ele>2.000</ele>
      </trkpt>
      <trkpt lat="52.102160000" lon="5.129850000">
        <ele>2.000</ele>
      </trkpt>
      <trkpt lat="52.102070000" lon="5.129810000">
        <ele>2.000</ele>
      </trkpt>
      <trkpt lat="52.101880000" lon="5.129720000">
        <ele>2.000</ele>
      </trkpt>
      <trkpt lat="52.101830000" lon="5.129720000">
        <ele>2.000</ele>
      </trkpt>
      <trkpt lat="52.101760000" lon="5.129690000">
        <ele>2.000</ele>
      </trkpt>
      <trkpt lat="52.101120000" lon="5.129460000">
        <ele>2.000</ele>
      </trkpt>
      <trkpt lat="52.101060000" lon="5.129430000">
        <ele>2.000</ele>
      </trkpt>
      <trkpt lat="52.101000000" lon="5.129410000">
        <ele>2.000</ele>
      </trkpt>
      <trkpt lat="52.100970000" lon="5.129360000">
        <ele>2.000</ele>
      </trkpt>
      <trkpt lat="52.100890000" lon="5.129330000">
        <ele>3.000</ele>
      </trkpt>
      <trkpt lat="52.100630000" lon="5.129230000">
        <ele>3.000</ele>
      </trkpt>
      <trkpt lat="52.100520000" lon="5.129190000">
        <ele>3.000</ele>
      </trkpt>
      <trkpt lat="52.100370000" lon="5.129140000">
        <ele>3.000</ele>
      </trkpt>
      <trkpt lat="52.100360000" lon="5.129130000">
        <ele>3.000</ele>
      </trkpt>
      <trkpt lat="52.100300000" lon="5.129110000">
        <ele>3.000</ele>
      </trkpt>
      <trkpt lat="52.100110000" lon="5.129010000">
        <ele>3.000</ele>
      </trkpt>
      <trkpt lat="52.100060000" lon="5.129000000">
        <ele>3.000</ele>
      </trkpt>
      <trkpt lat="52.100050000" lon="5.129000000">
        <ele>3.000</ele>
      </trkpt>
      <trkpt lat="52.100000000" lon="5.129000000">
        <ele>3.000</ele>
      </trkpt>
      <trkpt lat="52.099950000" lon="5.129000000">
        <ele>3.000</ele>
      </trkpt>
      <trkpt lat="52.099620000" lon="5.129030000">
        <ele>3.000</ele>
      </trkpt>
      <trkpt lat="52.099540000" lon="5.129040000">
        <ele>3.000</ele>
      </trkpt>
      <trkpt lat="52.099270000" lon="5.129070000">
        <ele>3.000</ele>
      </trkpt>
      <trkpt lat="52.099220000" lon="5.129070000">
        <ele>3.000</ele>
      </trkpt>
      <trkpt lat="52.099000000" lon="5.129100000">
        <ele>3.000</ele>
      </trkpt>
      <trkpt lat="52.098940000" lon="5.129110000">
        <ele>3.000</ele>
      </trkpt>
      <trkpt lat="52.098870000" lon="5.129170000">
        <ele>3.000</ele>
      </trkpt>
      <trkpt lat="52.098770000" lon="5.129190000">
        <ele>3.000</ele>
      </trkpt>
      <trkpt lat="52.098580000" lon="5.129220000">
        <ele>3.000</ele>
      </trkpt>
      <trkpt lat="52.098500000" lon="5.129220000">
        <ele>3.000</ele>
      </trkpt>
      <trkpt lat="52.098470000" lon="5.129220000">
        <ele>3.000</ele>
      </trkpt>
      <trkpt lat="52.098430000" lon="5.129200000">
        <ele>3.000</ele>
      </trkpt>
      <trkpt lat="52.098350000" lon="5.129150000">
        <ele>3.000</ele>
      </trkpt>
      <trkpt lat="52.098320000" lon="5.129120000">
        <ele>3.000</ele>
      </trkpt>
      <trkpt lat="52.098280000" lon="5.129070000">
        <ele>3.000</ele>
      </trkpt>
      <trkpt lat="52.098280000" lon="5.129070000">
        <ele>3.000</ele>
      </trkpt>
      <trkpt lat="52.098260000" lon="5.129030000">
        <ele>2.000</ele>
      </trkpt>
      <trkpt lat="52.098240000" lon="5.129010000">
        <ele>2.000</ele>
      </trkpt>
      <trkpt lat="52.098220000" lon="5.128960000">
        <ele>2.000</ele>
      </trkpt>
      <trkpt lat="52.098210000" lon="5.128900000">
        <ele>2.000</ele>
      </trkpt>
      <trkpt lat="52.098200000" lon="5.128880000">
        <ele>2.000</ele>
      </trkpt>
      <trkpt lat="52.098200000" lon="5.128840000">
        <ele>2.000</ele>
      </trkpt>
      <trkpt lat="52.098190000" lon="5.128770000">
        <ele>2.000</ele>
      </trkpt>
      <trkpt lat="52.098190000" lon="5.128740000">
        <ele>2.000</ele>
      </trkpt>
      <trkpt lat="52.098170000" lon="5.128550000">
        <ele>2.000</ele>
      </trkpt>
      <trkpt lat="52.098150000" lon="5.128500000">
        <ele>2.000</ele>
      </trkpt>
      <trkpt lat="52.098110000" lon="5.128050000">
        <ele>2.000</ele>
      </trkpt>
      <trkpt lat="52.098080000" lon="5.127610000">
        <ele>2.000</ele>
      </trkpt>
      <trkpt lat="52.098060000" lon="5.127470000">
        <ele>2.000</ele>
      </trkpt>
      <trkpt lat="52.098060000" lon="5.127390000">
        <ele>2.000</ele>
      </trkpt>
      <trkpt lat="52.098050000" lon="5.127340000">
        <ele>2.000</ele>
      </trkpt>
      <trkpt lat="52.098030000" lon="5.127300000">
        <ele>2.000</ele>
      </trkpt>
      <trkpt lat="52.098020000" lon="5.127270000">
        <ele>2.000</ele>
      </trkpt>
      <trkpt lat="52.097990000" lon="5.127240000">
        <ele>2.000</ele>
      </trkpt>
      <trkpt lat="52.097990000" lon="5.127240000">
        <ele>2.000</ele>
      </trkpt>
      <trkpt lat="52.097960000" lon="5.127230000">
        <ele>2.000</ele>
      </trkpt>
      <trkpt lat="52.097940000" lon="5.127220000">
        <ele>2.000</ele>
      </trkpt>
      <trkpt lat="52.097920000" lon="5.127220000">
        <ele>2.000</ele>
      </trkpt>
      <trkpt lat="52.097880000" lon="5.127230000">
        <ele>2.000</ele>
      </trkpt>
      <trkpt lat="52.097850000" lon="5.127240000">
        <ele>2.000</ele>
      </trkpt>
      <trkpt lat="52.097780000" lon="5.127250000">
        <ele>2.000</ele>
      </trkpt>
      <trkpt lat="52.097720000" lon="5.127270000">
        <ele>2.000</ele>
      </trkpt>
      <trkpt lat="52.097680000" lon="5.127270000">
        <ele>2.000</ele>
      </trkpt>
      <trkpt lat="52.097640000" lon="5.127270000">
        <ele>2.000</ele>
      </trkpt>
      <trkpt lat="52.097550000" lon="5.127240000">
        <ele>2.000</ele>
      </trkpt>
      <trkpt lat="52.097470000" lon="5.127210000">
        <ele>2.000</ele>
      </trkpt>
      <trkpt lat="52.097360000" lon="5.127160000">
        <ele>2.000</ele>
      </trkpt>
      <trkpt lat="52.097260000" lon="5.127100000">
        <ele>2.000</ele>
      </trkpt>
      <trkpt lat="52.096730000" lon="5.126850000">
        <ele>3.000</ele>
      </trkpt>
      <trkpt lat="52.096440000" lon="5.126690000">
        <ele>3.000</ele>
      </trkpt>
      <trkpt lat="52.096250000" lon="5.126580000">
        <ele>3.000</ele>
      </trkpt>
      <trkpt lat="52.096250000" lon="5.126580000">
        <ele>3.000</ele>
      </trkpt>
      <trkpt lat="52.096170000" lon="5.126530000">
        <ele>3.000</ele>
      </trkpt>
      <trkpt lat="52.096130000" lon="5.126510000">
        <ele>3.000</ele>
      </trkpt>
      <trkpt lat="52.096010000" lon="5.126470000">
        <ele>3.000</ele>
      </trkpt>
      <trkpt lat="52.095840000" lon="5.126450000">
        <ele>3.000</ele>
      </trkpt>
      <trkpt lat="52.095610000" lon="5.126450000">
        <ele>3.000</ele>
      </trkpt>
      <trkpt lat="52.095400000" lon="5.126480000">
        <ele>3.000</ele>
      </trkpt>
      <trkpt lat="52.095050000" lon="5.126540000">
        <ele>3.000</ele>
      </trkpt>
      <trkpt lat="52.095050000" lon="5.126540000">
        <ele>3.000</ele>
      </trkpt>
      <trkpt lat="52.095080000" lon="5.126910000">
        <ele>3.000</ele>
      </trkpt>
      <trkpt lat="52.095110000" lon="5.127270000">
        <ele>3.000</ele>
      </trkpt>
      <trkpt lat="52.095150000" lon="5.127960000">
        <ele>3.000</ele>
      </trkpt>
      <trkpt lat="52.095170000" lon="5.128290000">
        <ele>3.000</ele>
      </trkpt>
      <trkpt lat="52.095170000" lon="5.128290000">
        <ele>3.000</ele>
      </trkpt>
      <trkpt lat="52.095190000" lon="5.128640000">
        <ele>3.000</ele>
      </trkpt>
      <trkpt lat="52.095190000" lon="5.128960000">
        <ele>3.000</ele>
      </trkpt>
      <trkpt lat="52.095200000" lon="5.129280000">
        <ele>3.000</ele>
      </trkpt>
      <trkpt lat="52.095200000" lon="5.129320000">
        <ele>4.000</ele>
      </trkpt>
      <trkpt lat="52.095210000" lon="5.129350000">
        <ele>4.000</ele>
      </trkpt>
      <trkpt lat="52.095230000" lon="5.129710000">
        <ele>4.000</ele>
      </trkpt>
      <trkpt lat="52.095260000" lon="5.130070000">
        <ele>4.000</ele>
      </trkpt>
      <trkpt lat="52.095260000" lon="5.130310000">
        <ele>4.000</ele>
      </trkpt>
      <trkpt lat="52.095270000" lon="5.130560000">
        <ele>4.000</ele>
      </trkpt>
      <trkpt lat="52.095270000" lon="5.130560000">
        <ele>4.000</ele>
      </trkpt>
      <trkpt lat="52.095290000" lon="5.130610000">
        <ele>4.000</ele>
      </trkpt>
      <trkpt lat="52.095300000" lon="5.130660000">
        <ele>4.000</ele>
      </trkpt>
      <trkpt lat="52.095320000" lon="5.130740000">
        <ele>4.000</ele>
      </trkpt>
      <trkpt lat="52.095350000" lon="5.130890000">
        <ele>4.000</ele>
      </trkpt>
      <trkpt lat="52.095360000" lon="5.130960000">
        <ele>4.000</ele>
      </trkpt>
      <trkpt lat="52.095380000" lon="5.131080000">
        <ele>4.000</ele>
      </trkpt>
      <trkpt lat="52.095390000" lon="5.131140000">
        <ele>4.000</ele>
      </trkpt>
      <trkpt lat="52.095390000" lon="5.131200000">
        <ele>4.000</ele>
      </trkpt>
      <trkpt lat="52.095400000" lon="5.131270000">
        <ele>4.000</ele>
      </trkpt>
      <trkpt lat="52.095410000" lon="5.131470000">
        <ele>4.000</ele>
      </trkpt>
      <trkpt lat="52.095430000" lon="5.131690000">
        <ele>4.000</ele>
      </trkpt>
      <trkpt lat="52.095450000" lon="5.132270000">
        <ele>4.000</ele>
      </trkpt>
      <trkpt lat="52.095470000" lon="5.132850000">
        <ele>3.000</ele>
      </trkpt>
      <trkpt lat="52.095490000" lon="5.133340000">
        <ele>3.000</ele>
      </trkpt>
      <trkpt lat="52.095510000" lon="5.133830000">
        <ele>3.000</ele>
      </trkpt>
      <trkpt lat="52.095530000" lon="5.134210000">
        <ele>3.000</ele>
      </trkpt>
      <trkpt lat="52.095540000" lon="5.134600000">
        <ele>3.000</ele>
      </trkpt>
      <trkpt lat="52.095570000" lon="5.135030000">
        <ele>3.000</ele>
      </trkpt>
      <trkpt lat="52.095590000" lon="5.135460000">
        <ele>3.000</ele>
      </trkpt>
      <trkpt lat="52.095620000" lon="5.136210000">
        <ele>4.000</ele>
      </trkpt>
      <trkpt lat="52.095660000" lon="5.136970000">
        <ele>4.000</ele>
      </trkpt>
      <trkpt lat="52.095670000" lon="5.137210000">
        <ele>4.000</ele>
      </trkpt>
      <trkpt lat="52.095670000" lon="5.137230000">
        <ele>4.000</ele>
      </trkpt>
      <trkpt lat="52.095690000" lon="5.137450000">
        <ele>4.000</ele>
      </trkpt>
      <trkpt lat="52.095690000" lon="5.137990000">
        <ele>4.000</ele>
      </trkpt>
      <trkpt lat="52.095700000" lon="5.138530000">
        <ele>4.000</ele>
      </trkpt>
      <trkpt lat="52.095670000" lon="5.138950000">
        <ele>4.000</ele>
      </trkpt>
      <trkpt lat="52.095670000" lon="5.139000000">
        <ele>4.000</ele>
      </trkpt>
      <trkpt lat="52.095670000" lon="5.139070000">
        <ele>4.000</ele>
      </trkpt>
      <trkpt lat="52.095660000" lon="5.139150000">
        <ele>4.000</ele>
      </trkpt>
      <trkpt lat="52.095660000" lon="5.139170000">
        <ele>4.000</ele>
      </trkpt>
      <trkpt lat="52.095650000" lon="5.139380000">
        <ele>4.000</ele>
      </trkpt>
      <trkpt lat="52.095620000" lon="5.140030000">
        <ele>4.000</ele>
      </trkpt>
      <trkpt lat="52.095600000" lon="5.140730000">
        <ele>4.000</ele>
      </trkpt>
      <trkpt lat="52.095610000" lon="5.140970000">
        <ele>4.000</ele>
      </trkpt>
      <trkpt lat="52.095610000" lon="5.140970000">
        <ele>4.000</ele>
      </trkpt>
      <trkpt lat="52.095610000" lon="5.141150000">
        <ele>4.000</ele>
      </trkpt>
      <trkpt lat="52.095610000" lon="5.141150000">
        <ele>4.000</ele>
      </trkpt>
      <trkpt lat="52.095580000" lon="5.141680000">
        <ele>4.000</ele>
      </trkpt>
      <trkpt lat="52.095580000" lon="5.141680000">
        <ele>4.000</ele>
      </trkpt>
      <trkpt lat="52.095590000" lon="5.141950000">
        <ele>4.000</ele>
      </trkpt>
      <trkpt lat="52.095580000" lon="5.141960000">
        <ele>4.000</ele>
      </trkpt>
      <trkpt lat="52.095730000" lon="5.142560000">
        <ele>4.000</ele>
      </trkpt>
      <trkpt lat="52.095750000" lon="5.142620000">
        <ele>4.000</ele>
      </trkpt>
      <trkpt lat="52.095750000" lon="5.142630000">
        <ele>4.000</ele>
      </trkpt>
      <trkpt lat="52.095800000" lon="5.142850000">
        <ele>4.000</ele>
      </trkpt>
      <trkpt lat="52.095820000" lon="5.142980000">
        <ele>4.000</ele>
      </trkpt>
      <trkpt lat="52.095840000" lon="5.143090000">
        <ele>4.000</ele>
      </trkpt>
      <trkpt lat="52.095860000" lon="5.143190000">
        <ele>4.000</ele>
      </trkpt>
      <trkpt lat="52.095860000" lon="5.143320000">
        <ele>4.000</ele>
      </trkpt>
      <trkpt lat="52.095860000" lon="5.143400000">
        <ele>4.000</ele>
      </trkpt>
      <trkpt lat="52.095860000" lon="5.143470000">
        <ele>4.000</ele>
      </trkpt>
      <trkpt lat="52.095870000" lon="5.143540000">
        <ele>4.000</ele>
      </trkpt>
      <trkpt lat="52.095910000" lon="5.143680000">
        <ele>4.000</ele>
      </trkpt>
      <trkpt lat="52.095910000" lon="5.143680000">
        <ele>4.000</ele>
      </trkpt>
      <trkpt lat="52.095900000" lon="5.143690000">
        <ele>4.000</ele>
      </trkpt>
      <trkpt lat="52.095900000" lon="5.143700000">
        <ele>4.000</ele>
      </trkpt>
      <trkpt lat="52.095900000" lon="5.143710000">
        <ele>4.000</ele>
      </trkpt>
      <trkpt lat="52.095900000" lon="5.143720000">
        <ele>4.000</ele>
      </trkpt>
      <trkpt lat="52.095900000" lon="5.143730000">
        <ele>4.000</ele>
      </trkpt>
      <trkpt lat="52.095890000" lon="5.143740000">
        <ele>4.000</ele>
      </trkpt>
      <trkpt lat="52.095890000" lon="5.143750000">
        <ele>4.000</ele>
      </trkpt>
      <trkpt lat="52.095710000" lon="5.143920000">
        <ele>4.000</ele>
      </trkpt>
      <trkpt lat="52.095600000" lon="5.144020000">
        <ele>4.000</ele>
      </trkpt>
      <trkpt lat="52.095540000" lon="5.144060000">
        <ele>4.000</ele>
      </trkpt>
      <trkpt lat="52.095500000" lon="5.144080000">
        <ele>4.000</ele>
      </trkpt>
      <trkpt lat="52.095470000" lon="5.144100000">
        <ele>4.000</ele>
      </trkpt>
      <trkpt lat="52.095430000" lon="5.144110000">
        <ele>4.000</ele>
      </trkpt>
      <trkpt lat="52.095360000" lon="5.144140000">
        <ele>4.000</ele>
      </trkpt>
      <trkpt lat="52.095260000" lon="5.144180000">
        <ele>4.000</ele>
      </trkpt>
      <trkpt lat="52.095120000" lon="5.144240000">
        <ele>4.000</ele>
      </trkpt>
      <trkpt lat="52.095100000" lon="5.144250000">
        <ele>4.000</ele>
      </trkpt>
      <trkpt lat="52.094980000" lon="5.144300000">
        <ele>4.000</ele>
      </trkpt>
      <trkpt lat="52.094800000" lon="5.144370000">
        <ele>4.000</ele>
      </trkpt>
      <trkpt lat="52.094800000" lon="5.144370000">
        <ele>4.000</ele>
      </trkpt>
      <trkpt lat="52.094770000" lon="5.144390000">
        <ele>4.000</ele>
      </trkpt>
      <trkpt lat="52.094580000" lon="5.144470000">
        <ele>4.000</ele>
      </trkpt>
      <trkpt lat="52.094460000" lon="5.144520000">
        <ele>4.000</ele>
      </trkpt>
      <trkpt lat="52.094110000" lon="5.144670000">
        <ele>4.000</ele>
      </trkpt>
      <trkpt lat="52.094090000" lon="5.144680000">
        <ele>4.000</ele>
      </trkpt>
      <trkpt lat="52.093800000" lon="5.144800000">
        <ele>4.000</ele>
      </trkpt>
      <trkpt lat="52.093030000" lon="5.145130000">
        <ele>4.000</ele>
      </trkpt>
      <trkpt lat="52.092990000" lon="5.145150000">
        <ele>4.000</ele>
      </trkpt>
      <trkpt lat="52.092520000" lon="5.145340000">
        <ele>4.000</ele>
      </trkpt>
      <trkpt lat="52.092270000" lon="5.145440000">
        <ele>4.000</ele>
      </trkpt>
      <trkpt lat="52.092040000" lon="5.145540000">
        <ele>4.000</ele>
      </trkpt>
      <trkpt lat="52.091830000" lon="5.145630000">
        <ele>4.000</ele>
      </trkpt>
      <trkpt lat="52.091230000" lon="5.145880000">
        <ele>4.000</ele>
      </trkpt>
      <trkpt lat="52.091020000" lon="5.145970000">
        <ele>3.000</ele>
      </trkpt>
      <trkpt lat="52.091020000" lon="5.145970000">
        <ele>3.000</ele>
      </trkpt>
      <trkpt lat="52.090950000" lon="5.146000000">
        <ele>3.000</ele>
      </trkpt>
      <trkpt lat="52.091000000" lon="5.146220000">
        <ele>3.000</ele>
      </trkpt>
      <trkpt lat="52.091040000" lon="5.146470000">
        <ele>3.000</ele>
      </trkpt>
      <trkpt lat="52.091050000" lon="5.146540000">
        <ele>3.000</ele>
      </trkpt>
      <trkpt lat="52.091230000" lon="5.147300000">
        <ele>3.000</ele>
      </trkpt>
      <trkpt lat="52.091410000" lon="5.148030000">
        <ele>3.000</ele>
      </trkpt>
      <trkpt lat="52.091470000" lon="5.148290000">
        <ele>3.000</ele>
      </trkpt>
      <trkpt lat="52.091470000" lon="5.148290000">
        <ele>3.000</ele>
      </trkpt>
      <trkpt lat="52.091500000" lon="5.148400000">
        <ele>3.000</ele>
      </trkpt>
      <trkpt lat="52.091590000" lon="5.148760000">
        <ele>3.000</ele>
      </trkpt>
      <trkpt lat="52.091600000" lon="5.148820000">
        <ele>3.000</ele>
      </trkpt>
      <trkpt lat="52.091810000" lon="5.149640000">
        <ele>3.000</ele>
      </trkpt>
      <trkpt lat="52.091850000" lon="5.149800000">
        <ele>3.000</ele>
      </trkpt>
      <trkpt lat="52.091890000" lon="5.149960000">
        <ele>3.000</ele>
      </trkpt>
      <trkpt lat="52.091990000" lon="5.150370000">
        <ele>3.000</ele>
      </trkpt>
      <trkpt lat="52.092010000" lon="5.150440000">
        <ele>3.000</ele>
      </trkpt>
      <trkpt lat="52.092120000" lon="5.150940000">
        <ele>3.000</ele>
      </trkpt>
      <trkpt lat="52.092150000" lon="5.151050000">
        <ele>3.000</ele>
      </trkpt>
      <trkpt lat="52.092170000" lon="5.151160000">
        <ele>3.000</ele>
      </trkpt>
      <trkpt lat="52.092240000" lon="5.151440000">
        <ele>3.000</ele>
      </trkpt>
      <trkpt lat="52.092260000" lon="5.151590000">
        <ele>3.000</ele>
      </trkpt>
      <trkpt lat="52.092280000" lon="5.151700000">
        <ele>3.000</ele>
      </trkpt>
      <trkpt lat="52.092280000" lon="5.151800000">
        <ele>3.000</ele>
      </trkpt>
      <trkpt lat="52.092280000" lon="5.151890000">
        <ele>3.000</ele>
      </trkpt>
      <trkpt lat="52.092280000" lon="5.151890000">
        <ele>3.000</ele>
      </trkpt>
      <trkpt lat="52.092270000" lon="5.152030000">
        <ele>3.000</ele>
      </trkpt>
      <trkpt lat="52.092250000" lon="5.152200000">
        <ele>3.000</ele>
      </trkpt>
      <trkpt lat="52.092210000" lon="5.152380000">
        <ele>3.000</ele>
      </trkpt>
      <trkpt lat="52.092160000" lon="5.152530000">
        <ele>3.000</ele>
      </trkpt>
      <trkpt lat="52.092080000" lon="5.152690000">
        <ele>3.000</ele>
      </trkpt>
      <trkpt lat="52.092000000" lon="5.152800000">
        <ele>3.000</ele>
      </trkpt>
      <trkpt lat="52.091790000" lon="5.153020000">
        <ele>3.000</ele>
      </trkpt>
      <trkpt lat="52.091370000" lon="5.153280000">
        <ele>3.000</ele>
      </trkpt>
      <trkpt lat="52.091240000" lon="5.153360000">
        <ele>3.000</ele>
      </trkpt>
      <trkpt lat="52.091070000" lon="5.153470000">
        <ele>3.000</ele>
      </trkpt>
      <trkpt lat="52.091070000" lon="5.153470000">
        <ele>3.000</ele>
      </trkpt>
      <trkpt lat="52.090700000" lon="5.153700000">
        <ele>3.000</ele>
      </trkpt>
      <trkpt lat="52.090540000" lon="5.153800000">
        <ele>3.000</ele>
      </trkpt>
      <trkpt lat="52.090440000" lon="5.153860000">
        <ele>3.000</ele>
      </trkpt>
      <trkpt lat="52.090370000" lon="5.153910000">
        <ele>3.000</ele>
      </trkpt>
      <trkpt lat="52.090230000" lon="5.154000000">
        <ele>3.000</ele>
      </trkpt>
      <trkpt lat="52.090110000" lon="5.154080000">
        <ele>3.000</ele>
      </trkpt>
      <trkpt lat="52.089620000" lon="5.154400000">
        <ele>3.000</ele>
      </trkpt>
      <trkpt lat="52.089430000" lon="5.154550000">
        <ele>3.000</ele>
      </trkpt>
      <trkpt lat="52.089340000" lon="5.154620000">
        <ele>3.000</ele>
      </trkpt>
      <trkpt lat="52.089170000" lon="5.154800000">
        <ele>3.000</ele>
      </trkpt>
      <trkpt lat="52.089130000" lon="5.154850000">
        <ele>3.000</ele>
      </trkpt>
      <trkpt lat="52.089050000" lon="5.154940000">
        <ele>3.000</ele>
      </trkpt>
      <trkpt lat="52.088860000" lon="5.155230000">
        <ele>3.000</ele>
      </trkpt>
      <trkpt lat="52.088560000" lon="5.155760000">
        <ele>3.000</ele>
      </trkpt>
      <trkpt lat="52.088420000" lon="5.156010000">
        <ele>3.000</ele>
      </trkpt>
      <trkpt lat="52.088250000" lon="5.156320000">
        <ele>3.000</ele>
      </trkpt>
      <trkpt lat="52.088020000" lon="5.156730000">
        <ele>3.000</ele>
      </trkpt>
      <trkpt lat="52.087980000" lon="5.156800000">
        <ele>3.000</ele>
      </trkpt>
      <trkpt lat="52.087950000" lon="5.156860000">
        <ele>2.000</ele>
      </trkpt>
      <trkpt lat="52.087860000" lon="5.157030000">
        <ele>2.000</ele>
      </trkpt>
      <trkpt lat="52.087770000" lon="5.157210000">
        <ele>2.000</ele>
      </trkpt>
      <trkpt lat="52.087690000" lon="5.157330000">
        <ele>2.000</ele>
      </trkpt>
      <trkpt lat="52.087480000" lon="5.157720000">
        <ele>2.000</ele>
      </trkpt>
      <trkpt lat="52.087360000" lon="5.157940000">
        <ele>2.000</ele>
      </trkpt>
      <trkpt lat="52.087250000" lon="5.158150000">
        <ele>2.000</ele>
      </trkpt>
      <trkpt lat="52.087180000" lon="5.158300000">
        <ele>2.000</ele>
      </trkpt>
      <trkpt lat="52.087120000" lon="5.158440000">
        <ele>2.000</ele>
      </trkpt>
      <trkpt lat="52.086880000" lon="5.158870000">
        <ele>2.000</ele>
      </trkpt>
      <trkpt lat="52.086640000" lon="5.159310000">
        <ele>2.000</ele>
      </trkpt>
      <trkpt lat="52.086580000" lon="5.159430000">
        <ele>2.000</ele>
      </trkpt>
      <trkpt lat="52.086400000" lon="5.159800000">
        <ele>2.000</ele>
      </trkpt>
      <trkpt lat="52.086350000" lon="5.159940000">
        <ele>2.000</ele>
      </trkpt>
      <trkpt lat="52.086310000" lon="5.160070000">
        <ele>2.000</ele>
      </trkpt>
      <trkpt lat="52.086290000" lon="5.160170000">
        <ele>2.000</ele>
      </trkpt>
      <trkpt lat="52.086260000" lon="5.160370000">
        <ele>2.000</ele>
      </trkpt>
      <trkpt lat="52.086240000" lon="5.160470000">
        <ele>2.000</ele>
      </trkpt>
      <trkpt lat="52.086230000" lon="5.160570000">
        <ele>2.000</ele>
      </trkpt>
      <trkpt lat="52.086230000" lon="5.160670000">
        <ele>2.000</ele>
      </trkpt>
      <trkpt lat="52.086220000" lon="5.160870000">
        <ele>2.000</ele>
      </trkpt>
      <trkpt lat="52.086220000" lon="5.161070000">
        <ele>2.000</ele>
      </trkpt>
      <trkpt lat="52.086210000" lon="5.161760000">
        <ele>2.000</ele>
      </trkpt>
      <trkpt lat="52.086210000" lon="5.162020000">
        <ele>2.000</ele>
      </trkpt>
      <trkpt lat="52.086210000" lon="5.162290000">
        <ele>2.000</ele>
      </trkpt>
      <trkpt lat="52.086210000" lon="5.162480000">
        <ele>2.000</ele>
      </trkpt>
      <trkpt lat="52.086210000" lon="5.162490000">
        <ele>2.000</ele>
      </trkpt>
      <trkpt lat="52.086210000" lon="5.162800000">
        <ele>2.000</ele>
      </trkpt>
      <trkpt lat="52.086210000" lon="5.162810000">
        <ele>2.000</ele>
      </trkpt>
      <trkpt lat="52.086210000" lon="5.162820000">
        <ele>2.000</ele>
      </trkpt>
      <trkpt lat="52.086210000" lon="5.163410000">
        <ele>2.000</ele>
      </trkpt>
      <trkpt lat="52.086210000" lon="5.163500000">
        <ele>2.000</ele>
      </trkpt>
      <trkpt lat="52.086210000" lon="5.163500000">
        <ele>2.000</ele>
      </trkpt>
      <trkpt lat="52.086210000" lon="5.163580000">
        <ele>2.000</ele>
      </trkpt>
      <trkpt lat="52.086210000" lon="5.163630000">
        <ele>2.000</ele>
      </trkpt>
      <trkpt lat="52.086210000" lon="5.163680000">
        <ele>2.000</ele>
      </trkpt>
      <trkpt lat="52.086220000" lon="5.165620000">
        <ele>2.000</ele>
      </trkpt>
      <trkpt lat="52.086220000" lon="5.165700000">
        <ele>2.000</ele>
      </trkpt>
      <trkpt lat="52.086220000" lon="5.165700000">
        <ele>2.000</ele>
      </trkpt>
      <trkpt lat="52.086210000" lon="5.166260000">
        <ele>2.000</ele>
      </trkpt>
    </trkseg>
  </trk>
</gpx>
