<?xml version="1.0" encoding="UTF-8"?>
<gpx version="1.0" creator="GPSBabel - https://www.gpsbabel.org" xmlns="http://www.topografix.com/GPX/1/0">
  <time>2024-05-08T13:24:02.820Z</time>
  <bounds minlat="42.958400000" minlon="-3.810050000" maxlat="43.235160000" maxlon="-3.439710000"/>
  <trk>
    <trkseg>
      <trkpt lat="42.958400000" lon="-3.555830000">
        <ele>602.000</ele>
      </trkpt>
      <trkpt lat="42.958750000" lon="-3.555490000">
        <ele>601.000</ele>
      </trkpt>
      <trkpt lat="42.959580000" lon="-3.554730000">
        <ele>601.000</ele>
      </trkpt>
      <trkpt lat="42.959870000" lon="-3.554410000">
        <ele>600.000</ele>
      </trkpt>
      <trkpt lat="42.960120000" lon="-3.554090000">
        <ele>599.000</ele>
      </trkpt>
      <trkpt lat="42.960610000" lon="-3.553270000">
        <ele>598.000</ele>
      </trkpt>
      <trkpt lat="42.961460000" lon="-3.551720000">
        <ele>596.000</ele>
      </trkpt>
      <trkpt lat="42.961620000" lon="-3.551420000">
        <ele>595.000</ele>
      </trkpt>
      <trkpt lat="42.961640000" lon="-3.551380000">
        <ele>594.000</ele>
      </trkpt>
      <trkpt lat="42.961970000" lon="-3.550780000">
        <ele>593.000</ele>
      </trkpt>
      <trkpt lat="42.962110000" lon="-3.550530000">
        <ele>592.000</ele>
      </trkpt>
      <trkpt lat="42.962270000" lon="-3.550120000">
        <ele>591.000</ele>
      </trkpt>
      <trkpt lat="42.962340000" lon="-3.549880000">
        <ele>591.000</ele>
      </trkpt>
      <trkpt lat="42.962540000" lon="-3.548850000">
        <ele>590.000</ele>
      </trkpt>
      <trkpt lat="42.962600000" lon="-3.548560000">
        <ele>589.000</ele>
      </trkpt>
      <trkpt lat="42.962740000" lon="-3.548250000">
        <ele>589.000</ele>
      </trkpt>
      <trkpt lat="42.962930000" lon="-3.547990000">
        <ele>588.000</ele>
      </trkpt>
      <trkpt lat="42.963230000" lon="-3.547760000">
        <ele>588.000</ele>
      </trkpt>
      <trkpt lat="42.963520000" lon="-3.547680000">
        <ele>587.000</ele>
      </trkpt>
      <trkpt lat="42.963790000" lon="-3.547710000">
        <ele>587.000</ele>
      </trkpt>
      <trkpt lat="42.963930000" lon="-3.547740000">
        <ele>586.000</ele>
      </trkpt>
      <trkpt lat="42.964430000" lon="-3.547950000">
        <ele>586.000</ele>
      </trkpt>
      <trkpt lat="42.964720000" lon="-3.548010000">
        <ele>586.000</ele>
      </trkpt>
      <trkpt lat="42.964900000" lon="-3.548020000">
        <ele>586.000</ele>
      </trkpt>
      <trkpt lat="42.965060000" lon="-3.547990000">
        <ele>586.000</ele>
      </trkpt>
      <trkpt lat="42.965270000" lon="-3.547900000">
        <ele>586.000</ele>
      </trkpt>
      <trkpt lat="42.965400000" lon="-3.547810000">
        <ele>586.000</ele>
      </trkpt>
      <trkpt lat="42.965620000" lon="-3.547590000">
        <ele>586.000</ele>
      </trkpt>
      <trkpt lat="42.966010000" lon="-3.547290000">
        <ele>586.000</ele>
      </trkpt>
      <trkpt lat="42.966440000" lon="-3.547010000">
        <ele>586.000</ele>
      </trkpt>
      <trkpt lat="42.968110000" lon="-3.545930000">
        <ele>586.000</ele>
      </trkpt>
      <trkpt lat="42.968590000" lon="-3.545610000">
        <ele>587.000</ele>
      </trkpt>
      <trkpt lat="42.968820000" lon="-3.545470000">
        <ele>588.000</ele>
      </trkpt>
      <trkpt lat="42.969190000" lon="-3.545230000">
        <ele>589.000</ele>
      </trkpt>
      <trkpt lat="42.969320000" lon="-3.545150000">
        <ele>590.000</ele>
      </trkpt>
      <trkpt lat="42.970690000" lon="-3.544280000">
        <ele>592.000</ele>
      </trkpt>
      <trkpt lat="42.970790000" lon="-3.544220000">
        <ele>593.000</ele>
      </trkpt>
      <trkpt lat="42.971560000" lon="-3.543740000">
        <ele>595.000</ele>
      </trkpt>
      <trkpt lat="42.972480000" lon="-3.543180000">
        <ele>598.000</ele>
      </trkpt>
      <trkpt lat="42.973140000" lon="-3.542770000">
        <ele>601.000</ele>
      </trkpt>
      <trkpt lat="42.974920000" lon="-3.541690000">
        <ele>606.000</ele>
      </trkpt>
      <trkpt lat="42.978340000" lon="-3.539570000">
        <ele>623.000</ele>
      </trkpt>
      <trkpt lat="42.979290000" lon="-3.538980000">
        <ele>638.000</ele>
      </trkpt>
      <trkpt lat="42.979290000" lon="-3.538980000">
        <ele>647.000</ele>
      </trkpt>
      <trkpt lat="42.979430000" lon="-3.538890000">
        <ele>654.000</ele>
      </trkpt>
      <trkpt lat="42.979830000" lon="-3.538620000">
        <ele>661.000</ele>
      </trkpt>
      <trkpt lat="42.981330000" lon="-3.537200000">
        <ele>671.000</ele>
      </trkpt>
      <trkpt lat="42.981500000" lon="-3.537110000">
        <ele>678.000</ele>
      </trkpt>
      <trkpt lat="42.981680000" lon="-3.537090000">
        <ele>684.000</ele>
      </trkpt>
      <trkpt lat="42.981820000" lon="-3.537100000">
        <ele>688.000</ele>
      </trkpt>
      <trkpt lat="42.981970000" lon="-3.537160000">
        <ele>691.000</ele>
      </trkpt>
      <trkpt lat="42.982230000" lon="-3.537320000">
        <ele>694.000</ele>
      </trkpt>
      <trkpt lat="42.982380000" lon="-3.537380000">
        <ele>696.000</ele>
      </trkpt>
      <trkpt lat="42.982520000" lon="-3.537380000">
        <ele>698.000</ele>
      </trkpt>
      <trkpt lat="42.982690000" lon="-3.537310000">
        <ele>700.000</ele>
      </trkpt>
      <trkpt lat="42.982840000" lon="-3.537190000">
        <ele>701.000</ele>
      </trkpt>
      <trkpt lat="42.983590000" lon="-3.536350000">
        <ele>705.000</ele>
      </trkpt>
      <trkpt lat="42.984060000" lon="-3.535660000">
        <ele>710.000</ele>
      </trkpt>
      <trkpt lat="42.984210000" lon="-3.535520000">
        <ele>714.000</ele>
      </trkpt>
      <trkpt lat="42.984400000" lon="-3.535390000">
        <ele>718.000</ele>
      </trkpt>
      <trkpt lat="42.984740000" lon="-3.535210000">
        <ele>721.000</ele>
      </trkpt>
      <trkpt lat="42.985020000" lon="-3.534900000">
        <ele>725.000</ele>
      </trkpt>
      <trkpt lat="42.985360000" lon="-3.534350000">
        <ele>729.000</ele>
      </trkpt>
      <trkpt lat="42.985540000" lon="-3.534150000">
        <ele>733.000</ele>
      </trkpt>
      <trkpt lat="42.985740000" lon="-3.534020000">
        <ele>736.000</ele>
      </trkpt>
      <trkpt lat="42.985940000" lon="-3.534000000">
        <ele>739.000</ele>
      </trkpt>
      <trkpt lat="42.986450000" lon="-3.534050000">
        <ele>743.000</ele>
      </trkpt>
      <trkpt lat="42.986670000" lon="-3.534030000">
        <ele>746.000</ele>
      </trkpt>
      <trkpt lat="42.986830000" lon="-3.533990000">
        <ele>748.000</ele>
      </trkpt>
      <trkpt lat="42.987010000" lon="-3.533900000">
        <ele>750.000</ele>
      </trkpt>
      <trkpt lat="42.987180000" lon="-3.533790000">
        <ele>751.000</ele>
      </trkpt>
      <trkpt lat="42.987620000" lon="-3.533370000">
        <ele>753.000</ele>
      </trkpt>
      <trkpt lat="42.987810000" lon="-3.533210000">
        <ele>754.000</ele>
      </trkpt>
      <trkpt lat="42.988060000" lon="-3.533050000">
        <ele>755.000</ele>
      </trkpt>
      <trkpt lat="42.988340000" lon="-3.532930000">
        <ele>756.000</ele>
      </trkpt>
      <trkpt lat="42.988770000" lon="-3.532830000">
        <ele>757.000</ele>
      </trkpt>
      <trkpt lat="42.988880000" lon="-3.532790000">
        <ele>757.000</ele>
      </trkpt>
      <trkpt lat="42.989060000" lon="-3.532680000">
        <ele>758.000</ele>
      </trkpt>
      <trkpt lat="42.989160000" lon="-3.532600000">
        <ele>758.000</ele>
      </trkpt>
      <trkpt lat="42.989330000" lon="-3.532430000">
        <ele>758.000</ele>
      </trkpt>
      <trkpt lat="42.989500000" lon="-3.532180000">
        <ele>759.000</ele>
      </trkpt>
      <trkpt lat="42.989700000" lon="-3.531920000">
        <ele>759.000</ele>
      </trkpt>
      <trkpt lat="42.990010000" lon="-3.531630000">
        <ele>760.000</ele>
      </trkpt>
      <trkpt lat="42.990180000" lon="-3.531520000">
        <ele>760.000</ele>
      </trkpt>
      <trkpt lat="42.990370000" lon="-3.531430000">
        <ele>760.000</ele>
      </trkpt>
      <trkpt lat="42.990450000" lon="-3.531420000">
        <ele>761.000</ele>
      </trkpt>
      <trkpt lat="42.990910000" lon="-3.531430000">
        <ele>761.000</ele>
      </trkpt>
      <trkpt lat="42.991050000" lon="-3.531400000">
        <ele>761.000</ele>
      </trkpt>
      <trkpt lat="42.991200000" lon="-3.531320000">
        <ele>762.000</ele>
      </trkpt>
      <trkpt lat="42.991620000" lon="-3.530910000">
        <ele>762.000</ele>
      </trkpt>
      <trkpt lat="42.991780000" lon="-3.530830000">
        <ele>763.000</ele>
      </trkpt>
      <trkpt lat="42.991950000" lon="-3.530800000">
        <ele>763.000</ele>
      </trkpt>
      <trkpt lat="42.992160000" lon="-3.530830000">
        <ele>764.000</ele>
      </trkpt>
      <trkpt lat="42.992320000" lon="-3.530910000">
        <ele>766.000</ele>
      </trkpt>
      <trkpt lat="42.992700000" lon="-3.531180000">
        <ele>767.000</ele>
      </trkpt>
      <trkpt lat="42.992970000" lon="-3.531290000">
        <ele>769.000</ele>
      </trkpt>
      <trkpt lat="42.993110000" lon="-3.531310000">
        <ele>771.000</ele>
      </trkpt>
      <trkpt lat="42.993370000" lon="-3.531310000">
        <ele>773.000</ele>
      </trkpt>
      <trkpt lat="42.993520000" lon="-3.531280000">
        <ele>774.000</ele>
      </trkpt>
      <trkpt lat="42.993600000" lon="-3.531240000">
        <ele>775.000</ele>
      </trkpt>
      <trkpt lat="42.993690000" lon="-3.531180000">
        <ele>776.000</ele>
      </trkpt>
      <trkpt lat="42.993830000" lon="-3.531040000">
        <ele>777.000</ele>
      </trkpt>
      <trkpt lat="42.993950000" lon="-3.530840000">
        <ele>777.000</ele>
      </trkpt>
      <trkpt lat="42.994010000" lon="-3.530650000">
        <ele>778.000</ele>
      </trkpt>
      <trkpt lat="42.994260000" lon="-3.529540000">
        <ele>779.000</ele>
      </trkpt>
      <trkpt lat="42.994410000" lon="-3.528910000">
        <ele>780.000</ele>
      </trkpt>
      <trkpt lat="42.994530000" lon="-3.528600000">
        <ele>779.000</ele>
      </trkpt>
      <trkpt lat="42.994670000" lon="-3.528370000">
        <ele>778.000</ele>
      </trkpt>
      <trkpt lat="42.994770000" lon="-3.528270000">
        <ele>777.000</ele>
      </trkpt>
      <trkpt lat="42.995250000" lon="-3.527790000">
        <ele>774.000</ele>
      </trkpt>
      <trkpt lat="42.995360000" lon="-3.527600000">
        <ele>772.000</ele>
      </trkpt>
      <trkpt lat="42.995470000" lon="-3.527340000">
        <ele>769.000</ele>
      </trkpt>
      <trkpt lat="42.995510000" lon="-3.527090000">
        <ele>767.000</ele>
      </trkpt>
      <trkpt lat="42.995580000" lon="-3.526330000">
        <ele>763.000</ele>
      </trkpt>
      <trkpt lat="42.995660000" lon="-3.525750000">
        <ele>759.000</ele>
      </trkpt>
      <trkpt lat="42.995740000" lon="-3.525410000">
        <ele>755.000</ele>
      </trkpt>
      <trkpt lat="42.996180000" lon="-3.524160000">
        <ele>750.000</ele>
      </trkpt>
      <trkpt lat="42.996270000" lon="-3.523780000">
        <ele>745.000</ele>
      </trkpt>
      <trkpt lat="42.996320000" lon="-3.523380000">
        <ele>741.000</ele>
      </trkpt>
      <trkpt lat="42.996370000" lon="-3.523000000">
        <ele>738.000</ele>
      </trkpt>
      <trkpt lat="42.996450000" lon="-3.522600000">
        <ele>736.000</ele>
      </trkpt>
      <trkpt lat="42.996540000" lon="-3.522290000">
        <ele>733.000</ele>
      </trkpt>
      <trkpt lat="42.996650000" lon="-3.521980000">
        <ele>731.000</ele>
      </trkpt>
      <trkpt lat="42.997030000" lon="-3.521180000">
        <ele>729.000</ele>
      </trkpt>
      <trkpt lat="42.997150000" lon="-3.520810000">
        <ele>727.000</ele>
      </trkpt>
      <trkpt lat="42.997180000" lon="-3.520630000">
        <ele>727.000</ele>
      </trkpt>
      <trkpt lat="42.997190000" lon="-3.520410000">
        <ele>726.000</ele>
      </trkpt>
      <trkpt lat="42.997200000" lon="-3.519460000">
        <ele>727.000</ele>
      </trkpt>
      <trkpt lat="42.997220000" lon="-3.519260000">
        <ele>727.000</ele>
      </trkpt>
      <trkpt lat="42.997370000" lon="-3.518790000">
        <ele>728.000</ele>
      </trkpt>
      <trkpt lat="42.997590000" lon="-3.518230000">
        <ele>728.000</ele>
      </trkpt>
      <trkpt lat="42.997690000" lon="-3.518040000">
        <ele>728.000</ele>
      </trkpt>
      <trkpt lat="42.997820000" lon="-3.517900000">
        <ele>728.000</ele>
      </trkpt>
      <trkpt lat="42.997960000" lon="-3.517800000">
        <ele>727.000</ele>
      </trkpt>
      <trkpt lat="42.998100000" lon="-3.517750000">
        <ele>727.000</ele>
      </trkpt>
      <trkpt lat="42.998300000" lon="-3.517730000">
        <ele>727.000</ele>
      </trkpt>
      <trkpt lat="42.998560000" lon="-3.517740000">
        <ele>726.000</ele>
      </trkpt>
      <trkpt lat="42.999060000" lon="-3.517810000">
        <ele>725.000</ele>
      </trkpt>
      <trkpt lat="42.999450000" lon="-3.517900000">
        <ele>724.000</ele>
      </trkpt>
      <trkpt lat="42.999980000" lon="-3.518090000">
        <ele>722.000</ele>
      </trkpt>
      <trkpt lat="43.001220000" lon="-3.518640000">
        <ele>718.000</ele>
      </trkpt>
      <trkpt lat="43.002750000" lon="-3.519300000">
        <ele>711.000</ele>
      </trkpt>
      <trkpt lat="43.003130000" lon="-3.519460000">
        <ele>705.000</ele>
      </trkpt>
      <trkpt lat="43.003530000" lon="-3.519650000">
        <ele>700.000</ele>
      </trkpt>
      <trkpt lat="43.003970000" lon="-3.519790000">
        <ele>696.000</ele>
      </trkpt>
      <trkpt lat="43.004190000" lon="-3.519850000">
        <ele>692.000</ele>
      </trkpt>
      <trkpt lat="43.004360000" lon="-3.519880000">
        <ele>689.000</ele>
      </trkpt>
      <trkpt lat="43.004590000" lon="-3.519910000">
        <ele>687.000</ele>
      </trkpt>
      <trkpt lat="43.005030000" lon="-3.519920000">
        <ele>684.000</ele>
      </trkpt>
      <trkpt lat="43.005470000" lon="-3.519910000">
        <ele>681.000</ele>
      </trkpt>
      <trkpt lat="43.005720000" lon="-3.519910000">
        <ele>679.000</ele>
      </trkpt>
      <trkpt lat="43.005980000" lon="-3.519900000">
        <ele>676.000</ele>
      </trkpt>
      <trkpt lat="43.006490000" lon="-3.519890000">
        <ele>674.000</ele>
      </trkpt>
      <trkpt lat="43.006650000" lon="-3.519890000">
        <ele>671.000</ele>
      </trkpt>
      <trkpt lat="43.006710000" lon="-3.519890000">
        <ele>670.000</ele>
      </trkpt>
      <trkpt lat="43.006990000" lon="-3.519880000">
        <ele>668.000</ele>
      </trkpt>
      <trkpt lat="43.007130000" lon="-3.519880000">
        <ele>667.000</ele>
      </trkpt>
      <trkpt lat="43.007440000" lon="-3.519880000">
        <ele>666.000</ele>
      </trkpt>
      <trkpt lat="43.007560000" lon="-3.519870000">
        <ele>665.000</ele>
      </trkpt>
      <trkpt lat="43.008360000" lon="-3.519860000">
        <ele>663.000</ele>
      </trkpt>
      <trkpt lat="43.008700000" lon="-3.519840000">
        <ele>662.000</ele>
      </trkpt>
      <trkpt lat="43.008850000" lon="-3.519800000">
        <ele>661.000</ele>
      </trkpt>
      <trkpt lat="43.008990000" lon="-3.519760000">
        <ele>661.000</ele>
      </trkpt>
      <trkpt lat="43.009090000" lon="-3.519740000">
        <ele>661.000</ele>
      </trkpt>
      <trkpt lat="43.009310000" lon="-3.519620000">
        <ele>661.000</ele>
      </trkpt>
      <trkpt lat="43.009540000" lon="-3.519460000">
        <ele>661.000</ele>
      </trkpt>
      <trkpt lat="43.009800000" lon="-3.519210000">
        <ele>661.000</ele>
      </trkpt>
      <trkpt lat="43.010400000" lon="-3.518510000">
        <ele>662.000</ele>
      </trkpt>
      <trkpt lat="43.014380000" lon="-3.513920000">
        <ele>661.000</ele>
      </trkpt>
      <trkpt lat="43.015040000" lon="-3.513140000">
        <ele>662.000</ele>
      </trkpt>
      <trkpt lat="43.016470000" lon="-3.511540000">
        <ele>665.000</ele>
      </trkpt>
      <trkpt lat="43.016670000" lon="-3.511340000">
        <ele>668.000</ele>
      </trkpt>
      <trkpt lat="43.017100000" lon="-3.511020000">
        <ele>671.000</ele>
      </trkpt>
      <trkpt lat="43.017370000" lon="-3.510850000">
        <ele>673.000</ele>
      </trkpt>
      <trkpt lat="43.017890000" lon="-3.510610000">
        <ele>676.000</ele>
      </trkpt>
      <trkpt lat="43.018180000" lon="-3.510520000">
        <ele>678.000</ele>
      </trkpt>
      <trkpt lat="43.018780000" lon="-3.510400000">
        <ele>680.000</ele>
      </trkpt>
      <trkpt lat="43.019370000" lon="-3.510390000">
        <ele>683.000</ele>
      </trkpt>
      <trkpt lat="43.020170000" lon="-3.510450000">
        <ele>685.000</ele>
      </trkpt>
      <trkpt lat="43.020360000" lon="-3.510450000">
        <ele>687.000</ele>
      </trkpt>
      <trkpt lat="43.020460000" lon="-3.510450000">
        <ele>688.000</ele>
      </trkpt>
      <trkpt lat="43.020730000" lon="-3.510370000">
        <ele>690.000</ele>
      </trkpt>
      <trkpt lat="43.020890000" lon="-3.510280000">
        <ele>690.000</ele>
      </trkpt>
      <trkpt lat="43.021040000" lon="-3.510170000">
        <ele>691.000</ele>
      </trkpt>
      <trkpt lat="43.021190000" lon="-3.510010000">
        <ele>692.000</ele>
      </trkpt>
      <trkpt lat="43.021440000" lon="-3.509670000">
        <ele>692.000</ele>
      </trkpt>
      <trkpt lat="43.021530000" lon="-3.509540000">
        <ele>693.000</ele>
      </trkpt>
      <trkpt lat="43.021760000" lon="-3.509190000">
        <ele>693.000</ele>
      </trkpt>
      <trkpt lat="43.022170000" lon="-3.508560000">
        <ele>694.000</ele>
      </trkpt>
      <trkpt lat="43.022350000" lon="-3.508290000">
        <ele>694.000</ele>
      </trkpt>
      <trkpt lat="43.022410000" lon="-3.508200000">
        <ele>695.000</ele>
      </trkpt>
      <trkpt lat="43.023020000" lon="-3.509290000">
        <ele>695.000</ele>
      </trkpt>
      <trkpt lat="43.023130000" lon="-3.509430000">
        <ele>696.000</ele>
      </trkpt>
      <trkpt lat="43.025420000" lon="-3.511530000">
        <ele>695.000</ele>
      </trkpt>
      <trkpt lat="43.025750000" lon="-3.511780000">
        <ele>696.000</ele>
      </trkpt>
      <trkpt lat="43.026700000" lon="-3.512260000">
        <ele>697.000</ele>
      </trkpt>
      <trkpt lat="43.026890000" lon="-3.512320000">
        <ele>699.000</ele>
      </trkpt>
      <trkpt lat="43.027080000" lon="-3.512310000">
        <ele>700.000</ele>
      </trkpt>
      <trkpt lat="43.027210000" lon="-3.512270000">
        <ele>701.000</ele>
      </trkpt>
      <trkpt lat="43.027330000" lon="-3.512290000">
        <ele>702.000</ele>
      </trkpt>
      <trkpt lat="43.027410000" lon="-3.512360000">
        <ele>703.000</ele>
      </trkpt>
      <trkpt lat="43.027440000" lon="-3.512410000">
        <ele>704.000</ele>
      </trkpt>
      <trkpt lat="43.027920000" lon="-3.513460000">
        <ele>706.000</ele>
      </trkpt>
      <trkpt lat="43.028050000" lon="-3.513700000">
        <ele>708.000</ele>
      </trkpt>
      <trkpt lat="43.028150000" lon="-3.513810000">
        <ele>709.000</ele>
      </trkpt>
      <trkpt lat="43.028360000" lon="-3.513990000">
        <ele>711.000</ele>
      </trkpt>
      <trkpt lat="43.028940000" lon="-3.514450000">
        <ele>713.000</ele>
      </trkpt>
      <trkpt lat="43.029010000" lon="-3.514550000">
        <ele>715.000</ele>
      </trkpt>
      <trkpt lat="43.029070000" lon="-3.514700000">
        <ele>716.000</ele>
      </trkpt>
      <trkpt lat="43.029130000" lon="-3.515140000">
        <ele>718.000</ele>
      </trkpt>
      <trkpt lat="43.029170000" lon="-3.515350000">
        <ele>719.000</ele>
      </trkpt>
      <trkpt lat="43.029280000" lon="-3.515440000">
        <ele>721.000</ele>
      </trkpt>
      <trkpt lat="43.029420000" lon="-3.515480000">
        <ele>722.000</ele>
      </trkpt>
      <trkpt lat="43.030120000" lon="-3.515560000">
        <ele>724.000</ele>
      </trkpt>
      <trkpt lat="43.030380000" lon="-3.515640000">
        <ele>726.000</ele>
      </trkpt>
      <trkpt lat="43.030610000" lon="-3.515720000">
        <ele>728.000</ele>
      </trkpt>
      <trkpt lat="43.030710000" lon="-3.515730000">
        <ele>730.000</ele>
      </trkpt>
      <trkpt lat="43.030870000" lon="-3.515670000">
        <ele>731.000</ele>
      </trkpt>
      <trkpt lat="43.030990000" lon="-3.515660000">
        <ele>732.000</ele>
      </trkpt>
      <trkpt lat="43.031100000" lon="-3.515670000">
        <ele>733.000</ele>
      </trkpt>
      <trkpt lat="43.031230000" lon="-3.515730000">
        <ele>735.000</ele>
      </trkpt>
      <trkpt lat="43.031320000" lon="-3.515740000">
        <ele>735.000</ele>
      </trkpt>
      <trkpt lat="43.031370000" lon="-3.515740000">
        <ele>736.000</ele>
      </trkpt>
      <trkpt lat="43.031460000" lon="-3.515790000">
        <ele>737.000</ele>
      </trkpt>
      <trkpt lat="43.031510000" lon="-3.515840000">
        <ele>738.000</ele>
      </trkpt>
      <trkpt lat="43.031710000" lon="-3.516120000">
        <ele>739.000</ele>
      </trkpt>
      <trkpt lat="43.031810000" lon="-3.516220000">
        <ele>740.000</ele>
      </trkpt>
      <trkpt lat="43.031970000" lon="-3.516330000">
        <ele>741.000</ele>
      </trkpt>
      <trkpt lat="43.032060000" lon="-3.516340000">
        <ele>742.000</ele>
      </trkpt>
      <trkpt lat="43.032240000" lon="-3.516340000">
        <ele>742.000</ele>
      </trkpt>
      <trkpt lat="43.032720000" lon="-3.516210000">
        <ele>743.000</ele>
      </trkpt>
      <trkpt lat="43.032720000" lon="-3.516210000">
        <ele>744.000</ele>
      </trkpt>
      <trkpt lat="43.032790000" lon="-3.516190000">
        <ele>745.000</ele>
      </trkpt>
      <trkpt lat="43.032900000" lon="-3.516200000">
        <ele>745.000</ele>
      </trkpt>
      <trkpt lat="43.032980000" lon="-3.516240000">
        <ele>745.000</ele>
      </trkpt>
      <trkpt lat="43.033070000" lon="-3.516330000">
        <ele>746.000</ele>
      </trkpt>
      <trkpt lat="43.033370000" lon="-3.516770000">
        <ele>747.000</ele>
      </trkpt>
      <trkpt lat="43.033480000" lon="-3.516880000">
        <ele>747.000</ele>
      </trkpt>
      <trkpt lat="43.033570000" lon="-3.516940000">
        <ele>748.000</ele>
      </trkpt>
      <trkpt lat="43.033870000" lon="-3.517030000">
        <ele>748.000</ele>
      </trkpt>
      <trkpt lat="43.034000000" lon="-3.517090000">
        <ele>749.000</ele>
      </trkpt>
      <trkpt lat="43.034080000" lon="-3.517160000">
        <ele>749.000</ele>
      </trkpt>
      <trkpt lat="43.034160000" lon="-3.517260000">
        <ele>750.000</ele>
      </trkpt>
      <trkpt lat="43.034240000" lon="-3.517400000">
        <ele>750.000</ele>
      </trkpt>
      <trkpt lat="43.034320000" lon="-3.517720000">
        <ele>750.000</ele>
      </trkpt>
      <trkpt lat="43.034370000" lon="-3.517830000">
        <ele>751.000</ele>
      </trkpt>
      <trkpt lat="43.034520000" lon="-3.517920000">
        <ele>751.000</ele>
      </trkpt>
      <trkpt lat="43.034660000" lon="-3.517910000">
        <ele>751.000</ele>
      </trkpt>
      <trkpt lat="43.035120000" lon="-3.517700000">
        <ele>752.000</ele>
      </trkpt>
      <trkpt lat="43.035250000" lon="-3.517680000">
        <ele>752.000</ele>
      </trkpt>
      <trkpt lat="43.035350000" lon="-3.517700000">
        <ele>753.000</ele>
      </trkpt>
      <trkpt lat="43.035470000" lon="-3.517740000">
        <ele>753.000</ele>
      </trkpt>
      <trkpt lat="43.037790000" lon="-3.518940000">
        <ele>757.000</ele>
      </trkpt>
      <trkpt lat="43.037960000" lon="-3.519010000">
        <ele>760.000</ele>
      </trkpt>
      <trkpt lat="43.038220000" lon="-3.519050000">
        <ele>762.000</ele>
      </trkpt>
      <trkpt lat="43.040520000" lon="-3.519130000">
        <ele>763.000</ele>
      </trkpt>
      <trkpt lat="43.040670000" lon="-3.519150000">
        <ele>764.000</ele>
      </trkpt>
      <trkpt lat="43.040870000" lon="-3.519230000">
        <ele>765.000</ele>
      </trkpt>
      <trkpt lat="43.041500000" lon="-3.519740000">
        <ele>766.000</ele>
      </trkpt>
      <trkpt lat="43.041690000" lon="-3.519870000">
        <ele>767.000</ele>
      </trkpt>
      <trkpt lat="43.041840000" lon="-3.519930000">
        <ele>767.000</ele>
      </trkpt>
      <trkpt lat="43.042010000" lon="-3.519950000">
        <ele>768.000</ele>
      </trkpt>
      <trkpt lat="43.042280000" lon="-3.520040000">
        <ele>768.000</ele>
      </trkpt>
      <trkpt lat="43.043620000" lon="-3.520970000">
        <ele>770.000</ele>
      </trkpt>
      <trkpt lat="43.043900000" lon="-3.521190000">
        <ele>771.000</ele>
      </trkpt>
      <trkpt lat="43.044500000" lon="-3.521600000">
        <ele>772.000</ele>
      </trkpt>
      <trkpt lat="43.045350000" lon="-3.522190000">
        <ele>772.000</ele>
      </trkpt>
      <trkpt lat="43.045530000" lon="-3.522290000">
        <ele>772.000</ele>
      </trkpt>
      <trkpt lat="43.045750000" lon="-3.522370000">
        <ele>771.000</ele>
      </trkpt>
      <trkpt lat="43.045880000" lon="-3.522420000">
        <ele>771.000</ele>
      </trkpt>
      <trkpt lat="43.046460000" lon="-3.522820000">
        <ele>771.000</ele>
      </trkpt>
      <trkpt lat="43.046630000" lon="-3.522950000">
        <ele>771.000</ele>
      </trkpt>
      <trkpt lat="43.046890000" lon="-3.523190000">
        <ele>770.000</ele>
      </trkpt>
      <trkpt lat="43.048280000" lon="-3.524030000">
        <ele>769.000</ele>
      </trkpt>
      <trkpt lat="43.048440000" lon="-3.524150000">
        <ele>768.000</ele>
      </trkpt>
      <trkpt lat="43.048590000" lon="-3.524320000">
        <ele>767.000</ele>
      </trkpt>
      <trkpt lat="43.049240000" lon="-3.525090000">
        <ele>765.000</ele>
      </trkpt>
      <trkpt lat="43.049240000" lon="-3.525090000">
        <ele>763.000</ele>
      </trkpt>
      <trkpt lat="43.049350000" lon="-3.525230000">
        <ele>762.000</ele>
      </trkpt>
      <trkpt lat="43.049540000" lon="-3.525390000">
        <ele>760.000</ele>
      </trkpt>
      <trkpt lat="43.049930000" lon="-3.525600000">
        <ele>758.000</ele>
      </trkpt>
      <trkpt lat="43.050100000" lon="-3.525610000">
        <ele>756.000</ele>
      </trkpt>
      <trkpt lat="43.050840000" lon="-3.525400000">
        <ele>753.000</ele>
      </trkpt>
      <trkpt lat="43.050980000" lon="-3.525390000">
        <ele>751.000</ele>
      </trkpt>
      <trkpt lat="43.051090000" lon="-3.525410000">
        <ele>749.000</ele>
      </trkpt>
      <trkpt lat="43.051270000" lon="-3.525500000">
        <ele>747.000</ele>
      </trkpt>
      <trkpt lat="43.052180000" lon="-3.526050000">
        <ele>743.000</ele>
      </trkpt>
      <trkpt lat="43.053080000" lon="-3.526490000">
        <ele>738.000</ele>
      </trkpt>
      <trkpt lat="43.053620000" lon="-3.526810000">
        <ele>734.000</ele>
      </trkpt>
      <trkpt lat="43.053810000" lon="-3.526900000">
        <ele>731.000</ele>
      </trkpt>
      <trkpt lat="43.054240000" lon="-3.526990000">
        <ele>728.000</ele>
      </trkpt>
      <trkpt lat="43.055270000" lon="-3.527070000">
        <ele>725.000</ele>
      </trkpt>
      <trkpt lat="43.055460000" lon="-3.527130000">
        <ele>723.000</ele>
      </trkpt>
      <trkpt lat="43.055600000" lon="-3.527220000">
        <ele>721.000</ele>
      </trkpt>
      <trkpt lat="43.055760000" lon="-3.527370000">
        <ele>720.000</ele>
      </trkpt>
      <trkpt lat="43.055980000" lon="-3.527730000">
        <ele>718.000</ele>
      </trkpt>
      <trkpt lat="43.056050000" lon="-3.527820000">
        <ele>717.000</ele>
      </trkpt>
      <trkpt lat="43.056710000" lon="-3.528290000">
        <ele>717.000</ele>
      </trkpt>
      <trkpt lat="43.057450000" lon="-3.528800000">
        <ele>716.000</ele>
      </trkpt>
      <trkpt lat="43.057820000" lon="-3.528940000">
        <ele>716.000</ele>
      </trkpt>
      <trkpt lat="43.059120000" lon="-3.529350000">
        <ele>718.000</ele>
      </trkpt>
      <trkpt lat="43.060380000" lon="-3.529520000">
        <ele>720.000</ele>
      </trkpt>
      <trkpt lat="43.060540000" lon="-3.529550000">
        <ele>722.000</ele>
      </trkpt>
      <trkpt lat="43.060680000" lon="-3.529610000">
        <ele>723.000</ele>
      </trkpt>
      <trkpt lat="43.060760000" lon="-3.529670000">
        <ele>724.000</ele>
      </trkpt>
      <trkpt lat="43.060840000" lon="-3.529820000">
        <ele>724.000</ele>
      </trkpt>
      <trkpt lat="43.061190000" lon="-3.530600000">
        <ele>724.000</ele>
      </trkpt>
      <trkpt lat="43.061270000" lon="-3.530740000">
        <ele>724.000</ele>
      </trkpt>
      <trkpt lat="43.061450000" lon="-3.530880000">
        <ele>723.000</ele>
      </trkpt>
      <trkpt lat="43.061640000" lon="-3.530990000">
        <ele>723.000</ele>
      </trkpt>
      <trkpt lat="43.061760000" lon="-3.531030000">
        <ele>723.000</ele>
      </trkpt>
      <trkpt lat="43.061910000" lon="-3.531030000">
        <ele>723.000</ele>
      </trkpt>
      <trkpt lat="43.062590000" lon="-3.530930000">
        <ele>722.000</ele>
      </trkpt>
      <trkpt lat="43.062710000" lon="-3.530970000">
        <ele>722.000</ele>
      </trkpt>
      <trkpt lat="43.062760000" lon="-3.531060000">
        <ele>722.000</ele>
      </trkpt>
      <trkpt lat="43.062780000" lon="-3.531220000">
        <ele>722.000</ele>
      </trkpt>
      <trkpt lat="43.062810000" lon="-3.531950000">
        <ele>721.000</ele>
      </trkpt>
      <trkpt lat="43.062840000" lon="-3.532270000">
        <ele>721.000</ele>
      </trkpt>
      <trkpt lat="43.062910000" lon="-3.532410000">
        <ele>721.000</ele>
      </trkpt>
      <trkpt lat="43.063190000" lon="-3.532610000">
        <ele>721.000</ele>
      </trkpt>
      <trkpt lat="43.063310000" lon="-3.532690000">
        <ele>722.000</ele>
      </trkpt>
      <trkpt lat="43.063910000" lon="-3.533310000">
        <ele>723.000</ele>
      </trkpt>
      <trkpt lat="43.064270000" lon="-3.533780000">
        <ele>725.000</ele>
      </trkpt>
      <trkpt lat="43.065590000" lon="-3.535740000">
        <ele>727.000</ele>
      </trkpt>
      <trkpt lat="43.066560000" lon="-3.537150000">
        <ele>728.000</ele>
      </trkpt>
      <trkpt lat="43.066800000" lon="-3.537460000">
        <ele>728.000</ele>
      </trkpt>
      <trkpt lat="43.066920000" lon="-3.537610000">
        <ele>728.000</ele>
      </trkpt>
      <trkpt lat="43.066970000" lon="-3.537660000">
        <ele>728.000</ele>
      </trkpt>
      <trkpt lat="43.067280000" lon="-3.537950000">
        <ele>728.000</ele>
      </trkpt>
      <trkpt lat="43.067430000" lon="-3.538060000">
        <ele>728.000</ele>
      </trkpt>
      <trkpt lat="43.067630000" lon="-3.538130000">
        <ele>728.000</ele>
      </trkpt>
      <trkpt lat="43.068510000" lon="-3.538350000">
        <ele>728.000</ele>
      </trkpt>
      <trkpt lat="43.068730000" lon="-3.538430000">
        <ele>728.000</ele>
      </trkpt>
      <trkpt lat="43.069210000" lon="-3.538870000">
        <ele>729.000</ele>
      </trkpt>
      <trkpt lat="43.069610000" lon="-3.539260000">
        <ele>730.000</ele>
      </trkpt>
      <trkpt lat="43.070300000" lon="-3.540150000">
        <ele>732.000</ele>
      </trkpt>
      <trkpt lat="43.070430000" lon="-3.540300000">
        <ele>733.000</ele>
      </trkpt>
      <trkpt lat="43.070430000" lon="-3.540300000">
        <ele>734.000</ele>
      </trkpt>
      <trkpt lat="43.070460000" lon="-3.540330000">
        <ele>735.000</ele>
      </trkpt>
      <trkpt lat="43.070600000" lon="-3.540460000">
        <ele>735.000</ele>
      </trkpt>
      <trkpt lat="43.072050000" lon="-3.541280000">
        <ele>737.000</ele>
      </trkpt>
      <trkpt lat="43.072410000" lon="-3.541490000">
        <ele>738.000</ele>
      </trkpt>
      <trkpt lat="43.073050000" lon="-3.541830000">
        <ele>740.000</ele>
      </trkpt>
      <trkpt lat="43.073100000" lon="-3.541860000">
        <ele>741.000</ele>
      </trkpt>
      <trkpt lat="43.073160000" lon="-3.541900000">
        <ele>742.000</ele>
      </trkpt>
      <trkpt lat="43.073490000" lon="-3.542120000">
        <ele>743.000</ele>
      </trkpt>
      <trkpt lat="43.073810000" lon="-3.542420000">
        <ele>744.000</ele>
      </trkpt>
      <trkpt lat="43.074000000" lon="-3.542620000">
        <ele>745.000</ele>
      </trkpt>
      <trkpt lat="43.074040000" lon="-3.542710000">
        <ele>746.000</ele>
      </trkpt>
      <trkpt lat="43.074060000" lon="-3.542740000">
        <ele>746.000</ele>
      </trkpt>
      <trkpt lat="43.074320000" lon="-3.543340000">
        <ele>747.000</ele>
      </trkpt>
      <trkpt lat="43.074440000" lon="-3.543650000">
        <ele>748.000</ele>
      </trkpt>
      <trkpt lat="43.074520000" lon="-3.543930000">
        <ele>748.000</ele>
      </trkpt>
      <trkpt lat="43.074760000" lon="-3.544470000">
        <ele>749.000</ele>
      </trkpt>
      <trkpt lat="43.075050000" lon="-3.545050000">
        <ele>750.000</ele>
      </trkpt>
      <trkpt lat="43.075270000" lon="-3.545440000">
        <ele>750.000</ele>
      </trkpt>
      <trkpt lat="43.075420000" lon="-3.545650000">
        <ele>751.000</ele>
      </trkpt>
      <trkpt lat="43.075470000" lon="-3.545740000">
        <ele>751.000</ele>
      </trkpt>
      <trkpt lat="43.075670000" lon="-3.546160000">
        <ele>751.000</ele>
      </trkpt>
      <trkpt lat="43.075650000" lon="-3.546270000">
        <ele>751.000</ele>
      </trkpt>
      <trkpt lat="43.075570000" lon="-3.547150000">
        <ele>750.000</ele>
      </trkpt>
      <trkpt lat="43.075400000" lon="-3.547940000">
        <ele>750.000</ele>
      </trkpt>
      <trkpt lat="43.075390000" lon="-3.548210000">
        <ele>750.000</ele>
      </trkpt>
      <trkpt lat="43.075390000" lon="-3.548360000">
        <ele>750.000</ele>
      </trkpt>
      <trkpt lat="43.075430000" lon="-3.548570000">
        <ele>750.000</ele>
      </trkpt>
      <trkpt lat="43.075560000" lon="-3.549070000">
        <ele>751.000</ele>
      </trkpt>
      <trkpt lat="43.075590000" lon="-3.549180000">
        <ele>751.000</ele>
      </trkpt>
      <trkpt lat="43.075610000" lon="-3.549270000">
        <ele>752.000</ele>
      </trkpt>
      <trkpt lat="43.075670000" lon="-3.549480000">
        <ele>752.000</ele>
      </trkpt>
      <trkpt lat="43.075720000" lon="-3.549630000">
        <ele>752.000</ele>
      </trkpt>
      <trkpt lat="43.075780000" lon="-3.549850000">
        <ele>753.000</ele>
      </trkpt>
      <trkpt lat="43.075820000" lon="-3.549990000">
        <ele>753.000</ele>
      </trkpt>
      <trkpt lat="43.076130000" lon="-3.551080000">
        <ele>754.000</ele>
      </trkpt>
      <trkpt lat="43.076240000" lon="-3.551580000">
        <ele>755.000</ele>
      </trkpt>
      <trkpt lat="43.076250000" lon="-3.551740000">
        <ele>755.000</ele>
      </trkpt>
      <trkpt lat="43.076280000" lon="-3.551850000">
        <ele>755.000</ele>
      </trkpt>
      <trkpt lat="43.076340000" lon="-3.551940000">
        <ele>755.000</ele>
      </trkpt>
      <trkpt lat="43.076390000" lon="-3.551970000">
        <ele>755.000</ele>
      </trkpt>
      <trkpt lat="43.076500000" lon="-3.552020000">
        <ele>755.000</ele>
      </trkpt>
      <trkpt lat="43.076880000" lon="-3.552100000">
        <ele>755.000</ele>
      </trkpt>
      <trkpt lat="43.076950000" lon="-3.552110000">
        <ele>754.000</ele>
      </trkpt>
      <trkpt lat="43.077550000" lon="-3.552250000">
        <ele>754.000</ele>
      </trkpt>
      <trkpt lat="43.078080000" lon="-3.552370000">
        <ele>754.000</ele>
      </trkpt>
      <trkpt lat="43.078230000" lon="-3.552440000">
        <ele>754.000</ele>
      </trkpt>
      <trkpt lat="43.078330000" lon="-3.552510000">
        <ele>754.000</ele>
      </trkpt>
      <trkpt lat="43.078440000" lon="-3.552650000">
        <ele>754.000</ele>
      </trkpt>
      <trkpt lat="43.078970000" lon="-3.553550000">
        <ele>754.000</ele>
      </trkpt>
      <trkpt lat="43.079170000" lon="-3.553860000">
        <ele>754.000</ele>
      </trkpt>
      <trkpt lat="43.079300000" lon="-3.554150000">
        <ele>754.000</ele>
      </trkpt>
      <trkpt lat="43.079340000" lon="-3.554230000">
        <ele>754.000</ele>
      </trkpt>
      <trkpt lat="43.079420000" lon="-3.554440000">
        <ele>753.000</ele>
      </trkpt>
      <trkpt lat="43.079550000" lon="-3.554680000">
        <ele>753.000</ele>
      </trkpt>
      <trkpt lat="43.079660000" lon="-3.554890000">
        <ele>752.000</ele>
      </trkpt>
      <trkpt lat="43.080270000" lon="-3.555490000">
        <ele>751.000</ele>
      </trkpt>
      <trkpt lat="43.080300000" lon="-3.555520000">
        <ele>750.000</ele>
      </trkpt>
      <trkpt lat="43.080390000" lon="-3.555620000">
        <ele>750.000</ele>
      </trkpt>
      <trkpt lat="43.081040000" lon="-3.556260000">
        <ele>749.000</ele>
      </trkpt>
      <trkpt lat="43.081300000" lon="-3.556430000">
        <ele>748.000</ele>
      </trkpt>
      <trkpt lat="43.082330000" lon="-3.556810000">
        <ele>747.000</ele>
      </trkpt>
      <trkpt lat="43.084110000" lon="-3.557430000">
        <ele>748.000</ele>
      </trkpt>
      <trkpt lat="43.084300000" lon="-3.557450000">
        <ele>749.000</ele>
      </trkpt>
      <trkpt lat="43.084480000" lon="-3.557410000">
        <ele>749.000</ele>
      </trkpt>
      <trkpt lat="43.085020000" lon="-3.557220000">
        <ele>750.000</ele>
      </trkpt>
      <trkpt lat="43.085180000" lon="-3.557180000">
        <ele>751.000</ele>
      </trkpt>
      <trkpt lat="43.085350000" lon="-3.557160000">
        <ele>752.000</ele>
      </trkpt>
      <trkpt lat="43.085500000" lon="-3.557160000">
        <ele>753.000</ele>
      </trkpt>
      <trkpt lat="43.085860000" lon="-3.557150000">
        <ele>754.000</ele>
      </trkpt>
      <trkpt lat="43.086190000" lon="-3.557030000">
        <ele>755.000</ele>
      </trkpt>
      <trkpt lat="43.087190000" lon="-3.556530000">
        <ele>757.000</ele>
      </trkpt>
      <trkpt lat="43.087370000" lon="-3.556460000">
        <ele>758.000</ele>
      </trkpt>
      <trkpt lat="43.087570000" lon="-3.556440000">
        <ele>760.000</ele>
      </trkpt>
      <trkpt lat="43.087720000" lon="-3.556470000">
        <ele>761.000</ele>
      </trkpt>
      <trkpt lat="43.087960000" lon="-3.556610000">
        <ele>762.000</ele>
      </trkpt>
      <trkpt lat="43.088550000" lon="-3.557060000">
        <ele>763.000</ele>
      </trkpt>
      <trkpt lat="43.088790000" lon="-3.557200000">
        <ele>764.000</ele>
      </trkpt>
      <trkpt lat="43.089200000" lon="-3.557360000">
        <ele>765.000</ele>
      </trkpt>
      <trkpt lat="43.089330000" lon="-3.557450000">
        <ele>766.000</ele>
      </trkpt>
      <trkpt lat="43.089480000" lon="-3.557590000">
        <ele>766.000</ele>
      </trkpt>
      <trkpt lat="43.090290000" lon="-3.558550000">
        <ele>767.000</ele>
      </trkpt>
      <trkpt lat="43.093410000" lon="-3.561830000">
        <ele>768.000</ele>
      </trkpt>
      <trkpt lat="43.094450000" lon="-3.562960000">
        <ele>770.000</ele>
      </trkpt>
      <trkpt lat="43.094650000" lon="-3.563130000">
        <ele>771.000</ele>
      </trkpt>
      <trkpt lat="43.096390000" lon="-3.564080000">
        <ele>774.000</ele>
      </trkpt>
      <trkpt lat="43.096600000" lon="-3.564170000">
        <ele>776.000</ele>
      </trkpt>
      <trkpt lat="43.096890000" lon="-3.564240000">
        <ele>778.000</ele>
      </trkpt>
      <trkpt lat="43.096990000" lon="-3.564260000">
        <ele>779.000</ele>
      </trkpt>
      <trkpt lat="43.097080000" lon="-3.564330000">
        <ele>780.000</ele>
      </trkpt>
      <trkpt lat="43.097180000" lon="-3.564450000">
        <ele>780.000</ele>
      </trkpt>
      <trkpt lat="43.097290000" lon="-3.564610000">
        <ele>780.000</ele>
      </trkpt>
      <trkpt lat="43.097370000" lon="-3.564770000">
        <ele>781.000</ele>
      </trkpt>
      <trkpt lat="43.097600000" lon="-3.565400000">
        <ele>781.000</ele>
      </trkpt>
      <trkpt lat="43.097660000" lon="-3.565590000">
        <ele>781.000</ele>
      </trkpt>
      <trkpt lat="43.097870000" lon="-3.566080000">
        <ele>781.000</ele>
      </trkpt>
      <trkpt lat="43.097980000" lon="-3.566260000">
        <ele>781.000</ele>
      </trkpt>
      <trkpt lat="43.098820000" lon="-3.567470000">
        <ele>780.000</ele>
      </trkpt>
      <trkpt lat="43.099080000" lon="-3.567840000">
        <ele>781.000</ele>
      </trkpt>
      <trkpt lat="43.099500000" lon="-3.568370000">
        <ele>781.000</ele>
      </trkpt>
      <trkpt lat="43.099840000" lon="-3.568740000">
        <ele>782.000</ele>
      </trkpt>
      <trkpt lat="43.101110000" lon="-3.569900000">
        <ele>784.000</ele>
      </trkpt>
      <trkpt lat="43.101240000" lon="-3.570040000">
        <ele>785.000</ele>
      </trkpt>
      <trkpt lat="43.101600000" lon="-3.570510000">
        <ele>786.000</ele>
      </trkpt>
      <trkpt lat="43.101770000" lon="-3.570660000">
        <ele>787.000</ele>
      </trkpt>
      <trkpt lat="43.102150000" lon="-3.570910000">
        <ele>787.000</ele>
      </trkpt>
      <trkpt lat="43.102650000" lon="-3.571350000">
        <ele>788.000</ele>
      </trkpt>
      <trkpt lat="43.102880000" lon="-3.571530000">
        <ele>788.000</ele>
      </trkpt>
      <trkpt lat="43.103280000" lon="-3.571690000">
        <ele>788.000</ele>
      </trkpt>
      <trkpt lat="43.103530000" lon="-3.571710000">
        <ele>788.000</ele>
      </trkpt>
      <trkpt lat="43.103760000" lon="-3.571760000">
        <ele>787.000</ele>
      </trkpt>
      <trkpt lat="43.103960000" lon="-3.571860000">
        <ele>787.000</ele>
      </trkpt>
      <trkpt lat="43.104190000" lon="-3.572060000">
        <ele>787.000</ele>
      </trkpt>
      <trkpt lat="43.106990000" lon="-3.574600000">
        <ele>785.000</ele>
      </trkpt>
      <trkpt lat="43.111060000" lon="-3.578290000">
        <ele>786.000</ele>
      </trkpt>
      <trkpt lat="43.111640000" lon="-3.578820000">
        <ele>786.000</ele>
      </trkpt>
      <trkpt lat="43.111640000" lon="-3.578820000">
        <ele>787.000</ele>
      </trkpt>
      <trkpt lat="43.114860000" lon="-3.581750000">
        <ele>790.000</ele>
      </trkpt>
      <trkpt lat="43.115030000" lon="-3.581880000">
        <ele>792.000</ele>
      </trkpt>
      <trkpt lat="43.115180000" lon="-3.581970000">
        <ele>793.000</ele>
      </trkpt>
      <trkpt lat="43.115350000" lon="-3.582040000">
        <ele>795.000</ele>
      </trkpt>
      <trkpt lat="43.116340000" lon="-3.582320000">
        <ele>796.000</ele>
      </trkpt>
      <trkpt lat="43.116430000" lon="-3.582370000">
        <ele>798.000</ele>
      </trkpt>
      <trkpt lat="43.116560000" lon="-3.582540000">
        <ele>799.000</ele>
      </trkpt>
      <trkpt lat="43.116660000" lon="-3.582700000">
        <ele>799.000</ele>
      </trkpt>
      <trkpt lat="43.116750000" lon="-3.582860000">
        <ele>800.000</ele>
      </trkpt>
      <trkpt lat="43.116900000" lon="-3.583050000">
        <ele>801.000</ele>
      </trkpt>
      <trkpt lat="43.117170000" lon="-3.583360000">
        <ele>802.000</ele>
      </trkpt>
      <trkpt lat="43.117540000" lon="-3.583770000">
        <ele>803.000</ele>
      </trkpt>
      <trkpt lat="43.117640000" lon="-3.583920000">
        <ele>803.000</ele>
      </trkpt>
      <trkpt lat="43.117730000" lon="-3.584080000">
        <ele>804.000</ele>
      </trkpt>
      <trkpt lat="43.118010000" lon="-3.584690000">
        <ele>805.000</ele>
      </trkpt>
      <trkpt lat="43.118040000" lon="-3.584840000">
        <ele>805.000</ele>
      </trkpt>
      <trkpt lat="43.118010000" lon="-3.584930000">
        <ele>806.000</ele>
      </trkpt>
      <trkpt lat="43.117700000" lon="-3.585300000">
        <ele>805.000</ele>
      </trkpt>
      <trkpt lat="43.117620000" lon="-3.585450000">
        <ele>805.000</ele>
      </trkpt>
      <trkpt lat="43.117610000" lon="-3.585640000">
        <ele>805.000</ele>
      </trkpt>
      <trkpt lat="43.117710000" lon="-3.586810000">
        <ele>804.000</ele>
      </trkpt>
      <trkpt lat="43.117740000" lon="-3.587370000">
        <ele>803.000</ele>
      </trkpt>
      <trkpt lat="43.117720000" lon="-3.587550000">
        <ele>803.000</ele>
      </trkpt>
      <trkpt lat="43.117640000" lon="-3.588000000">
        <ele>803.000</ele>
      </trkpt>
      <trkpt lat="43.117510000" lon="-3.588810000">
        <ele>804.000</ele>
      </trkpt>
      <trkpt lat="43.117490000" lon="-3.588970000">
        <ele>805.000</ele>
      </trkpt>
      <trkpt lat="43.117520000" lon="-3.589230000">
        <ele>805.000</ele>
      </trkpt>
      <trkpt lat="43.117710000" lon="-3.589840000">
        <ele>806.000</ele>
      </trkpt>
      <trkpt lat="43.117740000" lon="-3.589950000">
        <ele>807.000</ele>
      </trkpt>
      <trkpt lat="43.117790000" lon="-3.590120000">
        <ele>808.000</ele>
      </trkpt>
      <trkpt lat="43.117820000" lon="-3.590310000">
        <ele>809.000</ele>
      </trkpt>
      <trkpt lat="43.117830000" lon="-3.590430000">
        <ele>809.000</ele>
      </trkpt>
      <trkpt lat="43.117800000" lon="-3.591210000">
        <ele>810.000</ele>
      </trkpt>
      <trkpt lat="43.117800000" lon="-3.591520000">
        <ele>811.000</ele>
      </trkpt>
      <trkpt lat="43.117820000" lon="-3.591870000">
        <ele>812.000</ele>
      </trkpt>
      <trkpt lat="43.117850000" lon="-3.592160000">
        <ele>813.000</ele>
      </trkpt>
      <trkpt lat="43.117920000" lon="-3.592750000">
        <ele>813.000</ele>
      </trkpt>
      <trkpt lat="43.118080000" lon="-3.593940000">
        <ele>814.000</ele>
      </trkpt>
      <trkpt lat="43.118100000" lon="-3.594080000">
        <ele>815.000</ele>
      </trkpt>
      <trkpt lat="43.118140000" lon="-3.594330000">
        <ele>815.000</ele>
      </trkpt>
      <trkpt lat="43.118170000" lon="-3.594700000">
        <ele>815.000</ele>
      </trkpt>
      <trkpt lat="43.118160000" lon="-3.594870000">
        <ele>816.000</ele>
      </trkpt>
      <trkpt lat="43.118000000" lon="-3.596530000">
        <ele>818.000</ele>
      </trkpt>
      <trkpt lat="43.117970000" lon="-3.597070000">
        <ele>821.000</ele>
      </trkpt>
      <trkpt lat="43.117990000" lon="-3.597350000">
        <ele>823.000</ele>
      </trkpt>
      <trkpt lat="43.118040000" lon="-3.597600000">
        <ele>825.000</ele>
      </trkpt>
      <trkpt lat="43.118130000" lon="-3.598330000">
        <ele>827.000</ele>
      </trkpt>
      <trkpt lat="43.118180000" lon="-3.598470000">
        <ele>829.000</ele>
      </trkpt>
      <trkpt lat="43.118240000" lon="-3.598570000">
        <ele>830.000</ele>
      </trkpt>
      <trkpt lat="43.118310000" lon="-3.598630000">
        <ele>831.000</ele>
      </trkpt>
      <trkpt lat="43.118460000" lon="-3.598670000">
        <ele>832.000</ele>
      </trkpt>
      <trkpt lat="43.119870000" lon="-3.598880000">
        <ele>835.000</ele>
      </trkpt>
      <trkpt lat="43.120080000" lon="-3.598950000">
        <ele>837.000</ele>
      </trkpt>
      <trkpt lat="43.120230000" lon="-3.599080000">
        <ele>838.000</ele>
      </trkpt>
      <trkpt lat="43.120360000" lon="-3.599350000">
        <ele>840.000</ele>
      </trkpt>
      <trkpt lat="43.120790000" lon="-3.600710000">
        <ele>842.000</ele>
      </trkpt>
      <trkpt lat="43.121250000" lon="-3.601470000">
        <ele>843.000</ele>
      </trkpt>
      <trkpt lat="43.121310000" lon="-3.601650000">
        <ele>844.000</ele>
      </trkpt>
      <trkpt lat="43.121370000" lon="-3.601950000">
        <ele>845.000</ele>
      </trkpt>
      <trkpt lat="43.121560000" lon="-3.602570000">
        <ele>846.000</ele>
      </trkpt>
      <trkpt lat="43.121650000" lon="-3.602940000">
        <ele>848.000</ele>
      </trkpt>
      <trkpt lat="43.121740000" lon="-3.603440000">
        <ele>849.000</ele>
      </trkpt>
      <trkpt lat="43.121810000" lon="-3.604190000">
        <ele>851.000</ele>
      </trkpt>
      <trkpt lat="43.121870000" lon="-3.604630000">
        <ele>852.000</ele>
      </trkpt>
      <trkpt lat="43.122040000" lon="-3.605200000">
        <ele>853.000</ele>
      </trkpt>
      <trkpt lat="43.122180000" lon="-3.605470000">
        <ele>854.000</ele>
      </trkpt>
      <trkpt lat="43.122350000" lon="-3.605680000">
        <ele>854.000</ele>
      </trkpt>
      <trkpt lat="43.122880000" lon="-3.606170000">
        <ele>854.000</ele>
      </trkpt>
      <trkpt lat="43.123200000" lon="-3.606420000">
        <ele>854.000</ele>
      </trkpt>
      <trkpt lat="43.123610000" lon="-3.606660000">
        <ele>854.000</ele>
      </trkpt>
      <trkpt lat="43.123890000" lon="-3.606790000">
        <ele>855.000</ele>
      </trkpt>
      <trkpt lat="43.123970000" lon="-3.606840000">
        <ele>855.000</ele>
      </trkpt>
      <trkpt lat="43.124070000" lon="-3.606960000">
        <ele>855.000</ele>
      </trkpt>
      <trkpt lat="43.124160000" lon="-3.607100000">
        <ele>855.000</ele>
      </trkpt>
      <trkpt lat="43.124720000" lon="-3.608610000">
        <ele>857.000</ele>
      </trkpt>
      <trkpt lat="43.124800000" lon="-3.608850000">
        <ele>858.000</ele>
      </trkpt>
      <trkpt lat="43.124840000" lon="-3.609040000">
        <ele>859.000</ele>
      </trkpt>
      <trkpt lat="43.124970000" lon="-3.609830000">
        <ele>862.000</ele>
      </trkpt>
      <trkpt lat="43.124980000" lon="-3.610210000">
        <ele>864.000</ele>
      </trkpt>
      <trkpt lat="43.125050000" lon="-3.610950000">
        <ele>867.000</ele>
      </trkpt>
      <trkpt lat="43.125090000" lon="-3.611970000">
        <ele>871.000</ele>
      </trkpt>
      <trkpt lat="43.125070000" lon="-3.612190000">
        <ele>874.000</ele>
      </trkpt>
      <trkpt lat="43.125040000" lon="-3.612360000">
        <ele>875.000</ele>
      </trkpt>
      <trkpt lat="43.124880000" lon="-3.613090000">
        <ele>877.000</ele>
      </trkpt>
      <trkpt lat="43.124820000" lon="-3.613730000">
        <ele>879.000</ele>
      </trkpt>
      <trkpt lat="43.124830000" lon="-3.613990000">
        <ele>880.000</ele>
      </trkpt>
      <trkpt lat="43.124870000" lon="-3.614190000">
        <ele>882.000</ele>
      </trkpt>
      <trkpt lat="43.125120000" lon="-3.615380000">
        <ele>883.000</ele>
      </trkpt>
      <trkpt lat="43.125150000" lon="-3.616210000">
        <ele>885.000</ele>
      </trkpt>
      <trkpt lat="43.125140000" lon="-3.616580000">
        <ele>887.000</ele>
      </trkpt>
      <trkpt lat="43.125120000" lon="-3.616760000">
        <ele>889.000</ele>
      </trkpt>
      <trkpt lat="43.125090000" lon="-3.616900000">
        <ele>890.000</ele>
      </trkpt>
      <trkpt lat="43.125010000" lon="-3.617090000">
        <ele>891.000</ele>
      </trkpt>
      <trkpt lat="43.124940000" lon="-3.617660000">
        <ele>893.000</ele>
      </trkpt>
      <trkpt lat="43.124730000" lon="-3.618880000">
        <ele>895.000</ele>
      </trkpt>
      <trkpt lat="43.124680000" lon="-3.619090000">
        <ele>897.000</ele>
      </trkpt>
      <trkpt lat="43.124570000" lon="-3.619380000">
        <ele>899.000</ele>
      </trkpt>
      <trkpt lat="43.124500000" lon="-3.619660000">
        <ele>901.000</ele>
      </trkpt>
      <trkpt lat="43.124440000" lon="-3.620120000">
        <ele>902.000</ele>
      </trkpt>
      <trkpt lat="43.124340000" lon="-3.620670000">
        <ele>904.000</ele>
      </trkpt>
      <trkpt lat="43.124340000" lon="-3.620860000">
        <ele>905.000</ele>
      </trkpt>
      <trkpt lat="43.124370000" lon="-3.621210000">
        <ele>907.000</ele>
      </trkpt>
      <trkpt lat="43.124310000" lon="-3.621400000">
        <ele>908.000</ele>
      </trkpt>
      <trkpt lat="43.123950000" lon="-3.621700000">
        <ele>910.000</ele>
      </trkpt>
      <trkpt lat="43.123850000" lon="-3.621740000">
        <ele>911.000</ele>
      </trkpt>
      <trkpt lat="43.123270000" lon="-3.621780000">
        <ele>913.000</ele>
      </trkpt>
      <trkpt lat="43.123150000" lon="-3.621820000">
        <ele>915.000</ele>
      </trkpt>
      <trkpt lat="43.123090000" lon="-3.621920000">
        <ele>916.000</ele>
      </trkpt>
      <trkpt lat="43.123080000" lon="-3.622000000">
        <ele>917.000</ele>
      </trkpt>
      <trkpt lat="43.123080000" lon="-3.622070000">
        <ele>918.000</ele>
      </trkpt>
      <trkpt lat="43.123100000" lon="-3.622180000">
        <ele>919.000</ele>
      </trkpt>
      <trkpt lat="43.123290000" lon="-3.622640000">
        <ele>920.000</ele>
      </trkpt>
      <trkpt lat="43.123560000" lon="-3.623680000">
        <ele>922.000</ele>
      </trkpt>
      <trkpt lat="43.123770000" lon="-3.624430000">
        <ele>925.000</ele>
      </trkpt>
      <trkpt lat="43.123950000" lon="-3.625000000">
        <ele>928.000</ele>
      </trkpt>
      <trkpt lat="43.124220000" lon="-3.625910000">
        <ele>930.000</ele>
      </trkpt>
      <trkpt lat="43.124250000" lon="-3.626070000">
        <ele>932.000</ele>
      </trkpt>
      <trkpt lat="43.124260000" lon="-3.626150000">
        <ele>933.000</ele>
      </trkpt>
      <trkpt lat="43.124160000" lon="-3.627890000">
        <ele>935.000</ele>
      </trkpt>
      <trkpt lat="43.124200000" lon="-3.628060000">
        <ele>936.000</ele>
      </trkpt>
      <trkpt lat="43.124280000" lon="-3.628310000">
        <ele>937.000</ele>
      </trkpt>
      <trkpt lat="43.124320000" lon="-3.628460000">
        <ele>938.000</ele>
      </trkpt>
      <trkpt lat="43.124370000" lon="-3.628870000">
        <ele>939.000</ele>
      </trkpt>
      <trkpt lat="43.124400000" lon="-3.629040000">
        <ele>940.000</ele>
      </trkpt>
      <trkpt lat="43.124400000" lon="-3.629040000">
        <ele>940.000</ele>
      </trkpt>
      <trkpt lat="43.124450000" lon="-3.629340000">
        <ele>941.000</ele>
      </trkpt>
      <trkpt lat="43.124460000" lon="-3.629630000">
        <ele>942.000</ele>
      </trkpt>
      <trkpt lat="43.124420000" lon="-3.630020000">
        <ele>942.000</ele>
      </trkpt>
      <trkpt lat="43.124410000" lon="-3.630390000">
        <ele>943.000</ele>
      </trkpt>
      <trkpt lat="43.124430000" lon="-3.630620000">
        <ele>944.000</ele>
      </trkpt>
      <trkpt lat="43.124490000" lon="-3.631060000">
        <ele>944.000</ele>
      </trkpt>
      <trkpt lat="43.124490000" lon="-3.631890000">
        <ele>945.000</ele>
      </trkpt>
      <trkpt lat="43.124520000" lon="-3.632230000">
        <ele>945.000</ele>
      </trkpt>
      <trkpt lat="43.124750000" lon="-3.633690000">
        <ele>946.000</ele>
      </trkpt>
      <trkpt lat="43.124790000" lon="-3.634110000">
        <ele>947.000</ele>
      </trkpt>
      <trkpt lat="43.124800000" lon="-3.634380000">
        <ele>948.000</ele>
      </trkpt>
      <trkpt lat="43.124860000" lon="-3.634570000">
        <ele>949.000</ele>
      </trkpt>
      <trkpt lat="43.125100000" lon="-3.635050000">
        <ele>950.000</ele>
      </trkpt>
      <trkpt lat="43.125190000" lon="-3.635290000">
        <ele>951.000</ele>
      </trkpt>
      <trkpt lat="43.125260000" lon="-3.635550000">
        <ele>952.000</ele>
      </trkpt>
      <trkpt lat="43.125310000" lon="-3.635830000">
        <ele>952.000</ele>
      </trkpt>
      <trkpt lat="43.125340000" lon="-3.636080000">
        <ele>953.000</ele>
      </trkpt>
      <trkpt lat="43.125340000" lon="-3.636280000">
        <ele>954.000</ele>
      </trkpt>
      <trkpt lat="43.125260000" lon="-3.636470000">
        <ele>955.000</ele>
      </trkpt>
      <trkpt lat="43.125160000" lon="-3.636630000">
        <ele>956.000</ele>
      </trkpt>
      <trkpt lat="43.124490000" lon="-3.637240000">
        <ele>959.000</ele>
      </trkpt>
      <trkpt lat="43.124370000" lon="-3.637440000">
        <ele>962.000</ele>
      </trkpt>
      <trkpt lat="43.124210000" lon="-3.637950000">
        <ele>965.000</ele>
      </trkpt>
      <trkpt lat="43.123950000" lon="-3.638550000">
        <ele>967.000</ele>
      </trkpt>
      <trkpt lat="43.123180000" lon="-3.640150000">
        <ele>969.000</ele>
      </trkpt>
      <trkpt lat="43.122930000" lon="-3.640870000">
        <ele>971.000</ele>
      </trkpt>
      <trkpt lat="43.122780000" lon="-3.641210000">
        <ele>972.000</ele>
      </trkpt>
      <trkpt lat="43.121870000" lon="-3.642600000">
        <ele>973.000</ele>
      </trkpt>
      <trkpt lat="43.121870000" lon="-3.642600000">
        <ele>973.000</ele>
      </trkpt>
      <trkpt lat="43.121830000" lon="-3.642660000">
        <ele>974.000</ele>
      </trkpt>
      <trkpt lat="43.121210000" lon="-3.643520000">
        <ele>974.000</ele>
      </trkpt>
      <trkpt lat="43.121010000" lon="-3.643850000">
        <ele>974.000</ele>
      </trkpt>
      <trkpt lat="43.120880000" lon="-3.644180000">
        <ele>974.000</ele>
      </trkpt>
      <trkpt lat="43.120720000" lon="-3.644730000">
        <ele>974.000</ele>
      </trkpt>
      <trkpt lat="43.120380000" lon="-3.646030000">
        <ele>976.000</ele>
      </trkpt>
      <trkpt lat="43.119900000" lon="-3.647890000">
        <ele>979.000</ele>
      </trkpt>
      <trkpt lat="43.119820000" lon="-3.648090000">
        <ele>981.000</ele>
      </trkpt>
      <trkpt lat="43.119630000" lon="-3.648430000">
        <ele>982.000</ele>
      </trkpt>
      <trkpt lat="43.119610000" lon="-3.648570000">
        <ele>984.000</ele>
      </trkpt>
      <trkpt lat="43.119630000" lon="-3.648680000">
        <ele>985.000</ele>
      </trkpt>
      <trkpt lat="43.119710000" lon="-3.648880000">
        <ele>985.000</ele>
      </trkpt>
      <trkpt lat="43.120000000" lon="-3.649680000">
        <ele>986.000</ele>
      </trkpt>
      <trkpt lat="43.120100000" lon="-3.649980000">
        <ele>987.000</ele>
      </trkpt>
      <trkpt lat="43.120380000" lon="-3.652870000">
        <ele>990.000</ele>
      </trkpt>
      <trkpt lat="43.120390000" lon="-3.653150000">
        <ele>992.000</ele>
      </trkpt>
      <trkpt lat="43.120320000" lon="-3.653600000">
        <ele>993.000</ele>
      </trkpt>
      <trkpt lat="43.119820000" lon="-3.656230000">
        <ele>994.000</ele>
      </trkpt>
      <trkpt lat="43.119350000" lon="-3.659340000">
        <ele>996.000</ele>
      </trkpt>
      <trkpt lat="43.119160000" lon="-3.661640000">
        <ele>998.000</ele>
      </trkpt>
      <trkpt lat="43.119080000" lon="-3.662430000">
        <ele>1000.000</ele>
      </trkpt>
      <trkpt lat="43.118870000" lon="-3.663350000">
        <ele>1001.000</ele>
      </trkpt>
      <trkpt lat="43.118110000" lon="-3.666760000">
        <ele>1004.000</ele>
      </trkpt>
      <trkpt lat="43.118110000" lon="-3.666760000">
        <ele>1005.000</ele>
      </trkpt>
      <trkpt lat="43.117090000" lon="-3.671340000">
        <ele>1009.000</ele>
      </trkpt>
      <trkpt lat="43.116970000" lon="-3.671660000">
        <ele>1011.000</ele>
      </trkpt>
      <trkpt lat="43.116750000" lon="-3.672000000">
        <ele>1012.000</ele>
      </trkpt>
      <trkpt lat="43.115380000" lon="-3.673750000">
        <ele>1013.000</ele>
      </trkpt>
      <trkpt lat="43.115300000" lon="-3.673870000">
        <ele>1014.000</ele>
      </trkpt>
      <trkpt lat="43.115080000" lon="-3.674140000">
        <ele>1014.000</ele>
      </trkpt>
      <trkpt lat="43.112940000" lon="-3.676880000">
        <ele>1016.000</ele>
      </trkpt>
      <trkpt lat="43.112510000" lon="-3.677630000">
        <ele>1018.000</ele>
      </trkpt>
      <trkpt lat="43.112340000" lon="-3.677900000">
        <ele>1019.000</ele>
      </trkpt>
      <trkpt lat="43.112250000" lon="-3.678060000">
        <ele>1020.000</ele>
      </trkpt>
      <trkpt lat="43.111670000" lon="-3.679080000">
        <ele>1022.000</ele>
      </trkpt>
      <trkpt lat="43.111350000" lon="-3.679640000">
        <ele>1023.000</ele>
      </trkpt>
      <trkpt lat="43.111140000" lon="-3.679940000">
        <ele>1025.000</ele>
      </trkpt>
      <trkpt lat="43.110960000" lon="-3.680120000">
        <ele>1026.000</ele>
      </trkpt>
      <trkpt lat="43.110910000" lon="-3.680200000">
        <ele>1028.000</ele>
      </trkpt>
      <trkpt lat="43.110850000" lon="-3.680280000">
        <ele>1028.000</ele>
      </trkpt>
      <trkpt lat="43.110800000" lon="-3.680380000">
        <ele>1029.000</ele>
      </trkpt>
      <trkpt lat="43.110320000" lon="-3.681390000">
        <ele>1031.000</ele>
      </trkpt>
      <trkpt lat="43.110130000" lon="-3.681840000">
        <ele>1033.000</ele>
      </trkpt>
      <trkpt lat="43.109390000" lon="-3.684270000">
        <ele>1037.000</ele>
      </trkpt>
      <trkpt lat="43.109390000" lon="-3.684450000">
        <ele>1040.000</ele>
      </trkpt>
      <trkpt lat="43.109620000" lon="-3.686010000">
        <ele>1042.000</ele>
      </trkpt>
      <trkpt lat="43.109680000" lon="-3.686520000">
        <ele>1044.000</ele>
      </trkpt>
      <trkpt lat="43.109710000" lon="-3.687550000">
        <ele>1046.000</ele>
      </trkpt>
      <trkpt lat="43.109690000" lon="-3.688340000">
        <ele>1046.000</ele>
      </trkpt>
      <trkpt lat="43.109650000" lon="-3.688590000">
        <ele>1046.000</ele>
      </trkpt>
      <trkpt lat="43.109240000" lon="-3.690060000">
        <ele>1045.000</ele>
      </trkpt>
      <trkpt lat="43.109170000" lon="-3.690170000">
        <ele>1045.000</ele>
      </trkpt>
      <trkpt lat="43.109060000" lon="-3.690250000">
        <ele>1045.000</ele>
      </trkpt>
      <trkpt lat="43.108930000" lon="-3.690230000">
        <ele>1046.000</ele>
      </trkpt>
      <trkpt lat="43.108650000" lon="-3.690120000">
        <ele>1047.000</ele>
      </trkpt>
      <trkpt lat="43.108020000" lon="-3.689870000">
        <ele>1051.000</ele>
      </trkpt>
      <trkpt lat="43.107880000" lon="-3.689870000">
        <ele>1053.000</ele>
      </trkpt>
      <trkpt lat="43.107800000" lon="-3.689960000">
        <ele>1055.000</ele>
      </trkpt>
      <trkpt lat="43.107780000" lon="-3.690020000">
        <ele>1057.000</ele>
      </trkpt>
      <trkpt lat="43.107750000" lon="-3.690160000">
        <ele>1058.000</ele>
      </trkpt>
      <trkpt lat="43.107740000" lon="-3.690330000">
        <ele>1060.000</ele>
      </trkpt>
      <trkpt lat="43.107750000" lon="-3.690460000">
        <ele>1061.000</ele>
      </trkpt>
      <trkpt lat="43.107950000" lon="-3.691370000">
        <ele>1062.000</ele>
      </trkpt>
      <trkpt lat="43.108020000" lon="-3.691540000">
        <ele>1063.000</ele>
      </trkpt>
      <trkpt lat="43.108100000" lon="-3.691640000">
        <ele>1064.000</ele>
      </trkpt>
      <trkpt lat="43.108270000" lon="-3.691780000">
        <ele>1065.000</ele>
      </trkpt>
      <trkpt lat="43.108530000" lon="-3.692030000">
        <ele>1066.000</ele>
      </trkpt>
      <trkpt lat="43.108660000" lon="-3.692140000">
        <ele>1067.000</ele>
      </trkpt>
      <trkpt lat="43.109010000" lon="-3.692470000">
        <ele>1068.000</ele>
      </trkpt>
      <trkpt lat="43.109750000" lon="-3.693270000">
        <ele>1071.000</ele>
      </trkpt>
      <trkpt lat="43.109810000" lon="-3.693320000">
        <ele>1074.000</ele>
      </trkpt>
      <trkpt lat="43.109920000" lon="-3.693340000">
        <ele>1075.000</ele>
      </trkpt>
      <trkpt lat="43.109970000" lon="-3.693320000">
        <ele>1077.000</ele>
      </trkpt>
      <trkpt lat="43.110050000" lon="-3.693220000">
        <ele>1078.000</ele>
      </trkpt>
      <trkpt lat="43.110180000" lon="-3.693180000">
        <ele>1080.000</ele>
      </trkpt>
      <trkpt lat="43.110900000" lon="-3.693010000">
        <ele>1083.000</ele>
      </trkpt>
      <trkpt lat="43.111090000" lon="-3.693010000">
        <ele>1085.000</ele>
      </trkpt>
      <trkpt lat="43.111450000" lon="-3.693150000">
        <ele>1086.000</ele>
      </trkpt>
      <trkpt lat="43.111830000" lon="-3.693360000">
        <ele>1087.000</ele>
      </trkpt>
      <trkpt lat="43.111990000" lon="-3.693510000">
        <ele>1088.000</ele>
      </trkpt>
      <trkpt lat="43.112260000" lon="-3.693890000">
        <ele>1089.000</ele>
      </trkpt>
      <trkpt lat="43.112340000" lon="-3.694050000">
        <ele>1089.000</ele>
      </trkpt>
      <trkpt lat="43.112390000" lon="-3.694220000">
        <ele>1090.000</ele>
      </trkpt>
      <trkpt lat="43.112510000" lon="-3.694810000">
        <ele>1091.000</ele>
      </trkpt>
      <trkpt lat="43.113350000" lon="-3.699030000">
        <ele>1099.000</ele>
      </trkpt>
      <trkpt lat="43.113370000" lon="-3.699240000">
        <ele>1104.000</ele>
      </trkpt>
      <trkpt lat="43.113390000" lon="-3.699520000">
        <ele>1109.000</ele>
      </trkpt>
      <trkpt lat="43.113310000" lon="-3.700260000">
        <ele>1113.000</ele>
      </trkpt>
      <trkpt lat="43.113320000" lon="-3.700400000">
        <ele>1117.000</ele>
      </trkpt>
      <trkpt lat="43.113380000" lon="-3.700550000">
        <ele>1119.000</ele>
      </trkpt>
      <trkpt lat="43.114420000" lon="-3.701500000">
        <ele>1125.000</ele>
      </trkpt>
      <trkpt lat="43.114570000" lon="-3.701630000">
        <ele>1129.000</ele>
      </trkpt>
      <trkpt lat="43.115610000" lon="-3.702350000">
        <ele>1133.000</ele>
      </trkpt>
      <trkpt lat="43.115610000" lon="-3.702350000">
        <ele>1136.000</ele>
      </trkpt>
      <trkpt lat="43.115880000" lon="-3.702540000">
        <ele>1139.000</ele>
      </trkpt>
      <trkpt lat="43.116090000" lon="-3.702590000">
        <ele>1141.000</ele>
      </trkpt>
      <trkpt lat="43.117480000" lon="-3.702670000">
        <ele>1144.000</ele>
      </trkpt>
      <trkpt lat="43.117690000" lon="-3.702680000">
        <ele>1146.000</ele>
      </trkpt>
      <trkpt lat="43.117830000" lon="-3.702720000">
        <ele>1148.000</ele>
      </trkpt>
      <trkpt lat="43.117890000" lon="-3.702770000">
        <ele>1149.000</ele>
      </trkpt>
      <trkpt lat="43.117940000" lon="-3.702840000">
        <ele>1149.000</ele>
      </trkpt>
      <trkpt lat="43.118010000" lon="-3.703020000">
        <ele>1149.000</ele>
      </trkpt>
      <trkpt lat="43.118030000" lon="-3.703190000">
        <ele>1148.000</ele>
      </trkpt>
      <trkpt lat="43.118000000" lon="-3.703400000">
        <ele>1146.000</ele>
      </trkpt>
      <trkpt lat="43.117750000" lon="-3.704040000">
        <ele>1141.000</ele>
      </trkpt>
      <trkpt lat="43.117320000" lon="-3.705130000">
        <ele>1133.000</ele>
      </trkpt>
      <trkpt lat="43.117200000" lon="-3.705350000">
        <ele>1126.000</ele>
      </trkpt>
      <trkpt lat="43.117040000" lon="-3.705550000">
        <ele>1120.000</ele>
      </trkpt>
      <trkpt lat="43.116750000" lon="-3.705810000">
        <ele>1114.000</ele>
      </trkpt>
      <trkpt lat="43.116710000" lon="-3.705900000">
        <ele>1109.000</ele>
      </trkpt>
      <trkpt lat="43.116700000" lon="-3.705960000">
        <ele>1106.000</ele>
      </trkpt>
      <trkpt lat="43.116740000" lon="-3.706190000">
        <ele>1103.000</ele>
      </trkpt>
      <trkpt lat="43.116930000" lon="-3.706800000">
        <ele>1097.000</ele>
      </trkpt>
      <trkpt lat="43.116990000" lon="-3.707120000">
        <ele>1093.000</ele>
      </trkpt>
      <trkpt lat="43.117000000" lon="-3.707590000">
        <ele>1087.000</ele>
      </trkpt>
      <trkpt lat="43.116950000" lon="-3.708990000">
        <ele>1080.000</ele>
      </trkpt>
      <trkpt lat="43.117040000" lon="-3.710580000">
        <ele>1071.000</ele>
      </trkpt>
      <trkpt lat="43.117080000" lon="-3.710950000">
        <ele>1065.000</ele>
      </trkpt>
      <trkpt lat="43.117290000" lon="-3.712210000">
        <ele>1060.000</ele>
      </trkpt>
      <trkpt lat="43.117570000" lon="-3.714050000">
        <ele>1054.000</ele>
      </trkpt>
      <trkpt lat="43.117590000" lon="-3.714120000">
        <ele>1051.000</ele>
      </trkpt>
      <trkpt lat="43.117630000" lon="-3.714170000">
        <ele>1048.000</ele>
      </trkpt>
      <trkpt lat="43.117680000" lon="-3.714200000">
        <ele>1046.000</ele>
      </trkpt>
      <trkpt lat="43.117750000" lon="-3.714190000">
        <ele>1045.000</ele>
      </trkpt>
      <trkpt lat="43.117800000" lon="-3.714110000">
        <ele>1044.000</ele>
      </trkpt>
      <trkpt lat="43.117810000" lon="-3.713960000">
        <ele>1043.000</ele>
      </trkpt>
      <trkpt lat="43.117530000" lon="-3.710940000">
        <ele>1039.000</ele>
      </trkpt>
      <trkpt lat="43.117500000" lon="-3.710350000">
        <ele>1036.000</ele>
      </trkpt>
      <trkpt lat="43.117510000" lon="-3.710040000">
        <ele>1034.000</ele>
      </trkpt>
      <trkpt lat="43.117530000" lon="-3.709810000">
        <ele>1032.000</ele>
      </trkpt>
      <trkpt lat="43.117600000" lon="-3.709470000">
        <ele>1031.000</ele>
      </trkpt>
      <trkpt lat="43.118080000" lon="-3.707900000">
        <ele>1029.000</ele>
      </trkpt>
      <trkpt lat="43.118130000" lon="-3.707710000">
        <ele>1029.000</ele>
      </trkpt>
      <trkpt lat="43.118140000" lon="-3.707570000">
        <ele>1029.000</ele>
      </trkpt>
      <trkpt lat="43.118150000" lon="-3.707340000">
        <ele>1030.000</ele>
      </trkpt>
      <trkpt lat="43.118210000" lon="-3.707200000">
        <ele>1032.000</ele>
      </trkpt>
      <trkpt lat="43.118260000" lon="-3.707150000">
        <ele>1034.000</ele>
      </trkpt>
      <trkpt lat="43.118390000" lon="-3.707130000">
        <ele>1035.000</ele>
      </trkpt>
      <trkpt lat="43.119170000" lon="-3.707520000">
        <ele>1042.000</ele>
      </trkpt>
      <trkpt lat="43.119350000" lon="-3.707650000">
        <ele>1047.000</ele>
      </trkpt>
      <trkpt lat="43.119690000" lon="-3.707940000">
        <ele>1053.000</ele>
      </trkpt>
      <trkpt lat="43.120540000" lon="-3.708760000">
        <ele>1053.000</ele>
      </trkpt>
      <trkpt lat="43.120730000" lon="-3.708910000">
        <ele>1052.000</ele>
      </trkpt>
      <trkpt lat="43.122250000" lon="-3.709810000">
        <ele>1044.000</ele>
      </trkpt>
      <trkpt lat="43.122790000" lon="-3.709950000">
        <ele>1041.000</ele>
      </trkpt>
      <trkpt lat="43.122890000" lon="-3.710010000">
        <ele>1038.000</ele>
      </trkpt>
      <trkpt lat="43.122940000" lon="-3.710080000">
        <ele>1037.000</ele>
      </trkpt>
      <trkpt lat="43.123000000" lon="-3.710230000">
        <ele>1036.000</ele>
      </trkpt>
      <trkpt lat="43.123350000" lon="-3.711640000">
        <ele>1037.000</ele>
      </trkpt>
      <trkpt lat="43.123420000" lon="-3.711860000">
        <ele>1037.000</ele>
      </trkpt>
      <trkpt lat="43.123690000" lon="-3.712530000">
        <ele>1033.000</ele>
      </trkpt>
      <trkpt lat="43.123880000" lon="-3.712860000">
        <ele>1028.000</ele>
      </trkpt>
      <trkpt lat="43.124020000" lon="-3.713040000">
        <ele>1024.000</ele>
      </trkpt>
      <trkpt lat="43.124160000" lon="-3.713170000">
        <ele>1020.000</ele>
      </trkpt>
      <trkpt lat="43.124270000" lon="-3.713200000">
        <ele>1016.000</ele>
      </trkpt>
      <trkpt lat="43.124680000" lon="-3.713280000">
        <ele>1011.000</ele>
      </trkpt>
      <trkpt lat="43.124920000" lon="-3.713380000">
        <ele>1008.000</ele>
      </trkpt>
      <trkpt lat="43.125130000" lon="-3.713490000">
        <ele>1008.000</ele>
      </trkpt>
      <trkpt lat="43.125730000" lon="-3.713960000">
        <ele>1010.000</ele>
      </trkpt>
      <trkpt lat="43.125890000" lon="-3.714130000">
        <ele>1012.000</ele>
      </trkpt>
      <trkpt lat="43.125980000" lon="-3.714260000">
        <ele>1014.000</ele>
      </trkpt>
      <trkpt lat="43.126160000" lon="-3.714620000">
        <ele>1017.000</ele>
      </trkpt>
      <trkpt lat="43.126190000" lon="-3.714760000">
        <ele>1018.000</ele>
      </trkpt>
      <trkpt lat="43.126300000" lon="-3.715560000">
        <ele>1017.000</ele>
      </trkpt>
      <trkpt lat="43.126360000" lon="-3.715880000">
        <ele>1014.000</ele>
      </trkpt>
      <trkpt lat="43.126500000" lon="-3.716310000">
        <ele>1011.000</ele>
      </trkpt>
      <trkpt lat="43.126570000" lon="-3.716470000">
        <ele>1008.000</ele>
      </trkpt>
      <trkpt lat="43.126700000" lon="-3.716690000">
        <ele>1005.000</ele>
      </trkpt>
      <trkpt lat="43.126920000" lon="-3.717000000">
        <ele>1002.000</ele>
      </trkpt>
      <trkpt lat="43.127340000" lon="-3.717480000">
        <ele>997.000</ele>
      </trkpt>
      <trkpt lat="43.127540000" lon="-3.717690000">
        <ele>993.000</ele>
      </trkpt>
      <trkpt lat="43.127990000" lon="-3.718060000">
        <ele>988.000</ele>
      </trkpt>
      <trkpt lat="43.128330000" lon="-3.718590000">
        <ele>982.000</ele>
      </trkpt>
      <trkpt lat="43.128650000" lon="-3.718990000">
        <ele>975.000</ele>
      </trkpt>
      <trkpt lat="43.128970000" lon="-3.719320000">
        <ele>967.000</ele>
      </trkpt>
      <trkpt lat="43.129080000" lon="-3.719390000">
        <ele>961.000</ele>
      </trkpt>
      <trkpt lat="43.129360000" lon="-3.719510000">
        <ele>955.000</ele>
      </trkpt>
      <trkpt lat="43.129420000" lon="-3.719570000">
        <ele>950.000</ele>
      </trkpt>
      <trkpt lat="43.129440000" lon="-3.719660000">
        <ele>947.000</ele>
      </trkpt>
      <trkpt lat="43.129400000" lon="-3.719780000">
        <ele>944.000</ele>
      </trkpt>
      <trkpt lat="43.129370000" lon="-3.719800000">
        <ele>941.000</ele>
      </trkpt>
      <trkpt lat="43.129310000" lon="-3.719820000">
        <ele>939.000</ele>
      </trkpt>
      <trkpt lat="43.129220000" lon="-3.719780000">
        <ele>937.000</ele>
      </trkpt>
      <trkpt lat="43.128800000" lon="-3.719470000">
        <ele>932.000</ele>
      </trkpt>
      <trkpt lat="43.128600000" lon="-3.719270000">
        <ele>930.000</ele>
      </trkpt>
      <trkpt lat="43.128260000" lon="-3.718890000">
        <ele>929.000</ele>
      </trkpt>
      <trkpt lat="43.127940000" lon="-3.718440000">
        <ele>929.000</ele>
      </trkpt>
      <trkpt lat="43.127840000" lon="-3.718350000">
        <ele>930.000</ele>
      </trkpt>
      <trkpt lat="43.127740000" lon="-3.718310000">
        <ele>931.000</ele>
      </trkpt>
      <trkpt lat="43.127280000" lon="-3.718290000">
        <ele>932.000</ele>
      </trkpt>
      <trkpt lat="43.127150000" lon="-3.718250000">
        <ele>934.000</ele>
      </trkpt>
      <trkpt lat="43.127010000" lon="-3.718150000">
        <ele>935.000</ele>
      </trkpt>
      <trkpt lat="43.126260000" lon="-3.717480000">
        <ele>937.000</ele>
      </trkpt>
      <trkpt lat="43.126110000" lon="-3.717310000">
        <ele>939.000</ele>
      </trkpt>
      <trkpt lat="43.125880000" lon="-3.716960000">
        <ele>941.000</ele>
      </trkpt>
      <trkpt lat="43.125390000" lon="-3.715950000">
        <ele>944.000</ele>
      </trkpt>
      <trkpt lat="43.125130000" lon="-3.715440000">
        <ele>942.000</ele>
      </trkpt>
      <trkpt lat="43.125010000" lon="-3.715290000">
        <ele>939.000</ele>
      </trkpt>
      <trkpt lat="43.124900000" lon="-3.715200000">
        <ele>936.000</ele>
      </trkpt>
      <trkpt lat="43.124690000" lon="-3.715090000">
        <ele>932.000</ele>
      </trkpt>
      <trkpt lat="43.124040000" lon="-3.714800000">
        <ele>924.000</ele>
      </trkpt>
      <trkpt lat="43.123890000" lon="-3.714760000">
        <ele>917.000</ele>
      </trkpt>
      <trkpt lat="43.123720000" lon="-3.714770000">
        <ele>911.000</ele>
      </trkpt>
      <trkpt lat="43.123210000" lon="-3.714920000">
        <ele>906.000</ele>
      </trkpt>
      <trkpt lat="43.122930000" lon="-3.714970000">
        <ele>902.000</ele>
      </trkpt>
      <trkpt lat="43.122580000" lon="-3.715010000">
        <ele>899.000</ele>
      </trkpt>
      <trkpt lat="43.122370000" lon="-3.714970000">
        <ele>895.000</ele>
      </trkpt>
      <trkpt lat="43.122190000" lon="-3.714840000">
        <ele>893.000</ele>
      </trkpt>
      <trkpt lat="43.122120000" lon="-3.714740000">
        <ele>891.000</ele>
      </trkpt>
      <trkpt lat="43.121940000" lon="-3.714440000">
        <ele>888.000</ele>
      </trkpt>
      <trkpt lat="43.121850000" lon="-3.714310000">
        <ele>886.000</ele>
      </trkpt>
      <trkpt lat="43.121440000" lon="-3.713940000">
        <ele>884.000</ele>
      </trkpt>
      <trkpt lat="43.121140000" lon="-3.713630000">
        <ele>880.000</ele>
      </trkpt>
      <trkpt lat="43.121030000" lon="-3.713560000">
        <ele>878.000</ele>
      </trkpt>
      <trkpt lat="43.120860000" lon="-3.713570000">
        <ele>876.000</ele>
      </trkpt>
      <trkpt lat="43.120800000" lon="-3.713580000">
        <ele>874.000</ele>
      </trkpt>
      <trkpt lat="43.120670000" lon="-3.713660000">
        <ele>873.000</ele>
      </trkpt>
      <trkpt lat="43.120610000" lon="-3.713770000">
        <ele>871.000</ele>
      </trkpt>
      <trkpt lat="43.120590000" lon="-3.713840000">
        <ele>870.000</ele>
      </trkpt>
      <trkpt lat="43.120590000" lon="-3.713970000">
        <ele>869.000</ele>
      </trkpt>
      <trkpt lat="43.120650000" lon="-3.714150000">
        <ele>867.000</ele>
      </trkpt>
      <trkpt lat="43.121480000" lon="-3.716010000">
        <ele>856.000</ele>
      </trkpt>
      <trkpt lat="43.121550000" lon="-3.716090000">
        <ele>849.000</ele>
      </trkpt>
      <trkpt lat="43.121830000" lon="-3.716310000">
        <ele>840.000</ele>
      </trkpt>
      <trkpt lat="43.121940000" lon="-3.716440000">
        <ele>833.000</ele>
      </trkpt>
      <trkpt lat="43.122230000" lon="-3.716920000">
        <ele>824.000</ele>
      </trkpt>
      <trkpt lat="43.122280000" lon="-3.717060000">
        <ele>817.000</ele>
      </trkpt>
      <trkpt lat="43.122290000" lon="-3.717170000">
        <ele>811.000</ele>
      </trkpt>
      <trkpt lat="43.122290000" lon="-3.717290000">
        <ele>806.000</ele>
      </trkpt>
      <trkpt lat="43.122110000" lon="-3.717950000">
        <ele>798.000</ele>
      </trkpt>
      <trkpt lat="43.122100000" lon="-3.718160000">
        <ele>793.000</ele>
      </trkpt>
      <trkpt lat="43.122170000" lon="-3.718450000">
        <ele>790.000</ele>
      </trkpt>
      <trkpt lat="43.122520000" lon="-3.719530000">
        <ele>790.000</ele>
      </trkpt>
      <trkpt lat="43.122520000" lon="-3.719530000">
        <ele>790.000</ele>
      </trkpt>
      <trkpt lat="43.122540000" lon="-3.719610000">
        <ele>790.000</ele>
      </trkpt>
      <trkpt lat="43.122590000" lon="-3.719820000">
        <ele>791.000</ele>
      </trkpt>
      <trkpt lat="43.122610000" lon="-3.720140000">
        <ele>792.000</ele>
      </trkpt>
      <trkpt lat="43.122630000" lon="-3.720260000">
        <ele>792.000</ele>
      </trkpt>
      <trkpt lat="43.122670000" lon="-3.720320000">
        <ele>793.000</ele>
      </trkpt>
      <trkpt lat="43.122860000" lon="-3.720470000">
        <ele>792.000</ele>
      </trkpt>
      <trkpt lat="43.123080000" lon="-3.720710000">
        <ele>790.000</ele>
      </trkpt>
      <trkpt lat="43.123200000" lon="-3.720900000">
        <ele>788.000</ele>
      </trkpt>
      <trkpt lat="43.123360000" lon="-3.721250000">
        <ele>785.000</ele>
      </trkpt>
      <trkpt lat="43.123470000" lon="-3.721610000">
        <ele>782.000</ele>
      </trkpt>
      <trkpt lat="43.123550000" lon="-3.722160000">
        <ele>777.000</ele>
      </trkpt>
      <trkpt lat="43.123580000" lon="-3.722270000">
        <ele>774.000</ele>
      </trkpt>
      <trkpt lat="43.123870000" lon="-3.722980000">
        <ele>768.000</ele>
      </trkpt>
      <trkpt lat="43.124390000" lon="-3.724330000">
        <ele>769.000</ele>
      </trkpt>
      <trkpt lat="43.124710000" lon="-3.724920000">
        <ele>772.000</ele>
      </trkpt>
      <trkpt lat="43.124830000" lon="-3.725170000">
        <ele>774.000</ele>
      </trkpt>
      <trkpt lat="43.124910000" lon="-3.725430000">
        <ele>775.000</ele>
      </trkpt>
      <trkpt lat="43.125060000" lon="-3.726210000">
        <ele>774.000</ele>
      </trkpt>
      <trkpt lat="43.125130000" lon="-3.726420000">
        <ele>773.000</ele>
      </trkpt>
      <trkpt lat="43.125210000" lon="-3.726520000">
        <ele>772.000</ele>
      </trkpt>
      <trkpt lat="43.125340000" lon="-3.726610000">
        <ele>771.000</ele>
      </trkpt>
      <trkpt lat="43.126800000" lon="-3.727090000">
        <ele>765.000</ele>
      </trkpt>
      <trkpt lat="43.126900000" lon="-3.727160000">
        <ele>762.000</ele>
      </trkpt>
      <trkpt lat="43.127120000" lon="-3.727470000">
        <ele>760.000</ele>
      </trkpt>
      <trkpt lat="43.127270000" lon="-3.727630000">
        <ele>758.000</ele>
      </trkpt>
      <trkpt lat="43.127630000" lon="-3.727920000">
        <ele>758.000</ele>
      </trkpt>
      <trkpt lat="43.127810000" lon="-3.728020000">
        <ele>757.000</ele>
      </trkpt>
      <trkpt lat="43.127950000" lon="-3.728040000">
        <ele>757.000</ele>
      </trkpt>
      <trkpt lat="43.128450000" lon="-3.728030000">
        <ele>757.000</ele>
      </trkpt>
      <trkpt lat="43.128920000" lon="-3.727910000">
        <ele>755.000</ele>
      </trkpt>
      <trkpt lat="43.129000000" lon="-3.727930000">
        <ele>754.000</ele>
      </trkpt>
      <trkpt lat="43.129220000" lon="-3.728040000">
        <ele>752.000</ele>
      </trkpt>
      <trkpt lat="43.129590000" lon="-3.728100000">
        <ele>749.000</ele>
      </trkpt>
      <trkpt lat="43.129800000" lon="-3.728220000">
        <ele>746.000</ele>
      </trkpt>
      <trkpt lat="43.129850000" lon="-3.728220000">
        <ele>744.000</ele>
      </trkpt>
      <trkpt lat="43.129880000" lon="-3.728150000">
        <ele>743.000</ele>
      </trkpt>
      <trkpt lat="43.129860000" lon="-3.728050000">
        <ele>741.000</ele>
      </trkpt>
      <trkpt lat="43.129810000" lon="-3.728010000">
        <ele>740.000</ele>
      </trkpt>
      <trkpt lat="43.129380000" lon="-3.727850000">
        <ele>738.000</ele>
      </trkpt>
      <trkpt lat="43.129130000" lon="-3.727730000">
        <ele>735.000</ele>
      </trkpt>
      <trkpt lat="43.128790000" lon="-3.727510000">
        <ele>733.000</ele>
      </trkpt>
      <trkpt lat="43.128190000" lon="-3.727090000">
        <ele>731.000</ele>
      </trkpt>
      <trkpt lat="43.127940000" lon="-3.726830000">
        <ele>729.000</ele>
      </trkpt>
      <trkpt lat="43.127390000" lon="-3.726210000">
        <ele>727.000</ele>
      </trkpt>
      <trkpt lat="43.127230000" lon="-3.725960000">
        <ele>724.000</ele>
      </trkpt>
      <trkpt lat="43.126770000" lon="-3.725060000">
        <ele>718.000</ele>
      </trkpt>
      <trkpt lat="43.126700000" lon="-3.724870000">
        <ele>713.000</ele>
      </trkpt>
      <trkpt lat="43.126690000" lon="-3.724720000">
        <ele>710.000</ele>
      </trkpt>
      <trkpt lat="43.126630000" lon="-3.723270000">
        <ele>702.000</ele>
      </trkpt>
      <trkpt lat="43.126600000" lon="-3.723100000">
        <ele>697.000</ele>
      </trkpt>
      <trkpt lat="43.126550000" lon="-3.722940000">
        <ele>694.000</ele>
      </trkpt>
      <trkpt lat="43.126350000" lon="-3.722610000">
        <ele>692.000</ele>
      </trkpt>
      <trkpt lat="43.126260000" lon="-3.722480000">
        <ele>691.000</ele>
      </trkpt>
      <trkpt lat="43.126130000" lon="-3.722340000">
        <ele>691.000</ele>
      </trkpt>
      <trkpt lat="43.125960000" lon="-3.722250000">
        <ele>691.000</ele>
      </trkpt>
      <trkpt lat="43.125500000" lon="-3.722080000">
        <ele>692.000</ele>
      </trkpt>
      <trkpt lat="43.125450000" lon="-3.722040000">
        <ele>693.000</ele>
      </trkpt>
      <trkpt lat="43.125400000" lon="-3.721950000">
        <ele>693.000</ele>
      </trkpt>
      <trkpt lat="43.125370000" lon="-3.721650000">
        <ele>694.000</ele>
      </trkpt>
      <trkpt lat="43.125380000" lon="-3.721540000">
        <ele>695.000</ele>
      </trkpt>
      <trkpt lat="43.125400000" lon="-3.721460000">
        <ele>695.000</ele>
      </trkpt>
      <trkpt lat="43.125460000" lon="-3.721390000">
        <ele>696.000</ele>
      </trkpt>
      <trkpt lat="43.125560000" lon="-3.721340000">
        <ele>697.000</ele>
      </trkpt>
      <trkpt lat="43.125780000" lon="-3.721310000">
        <ele>698.000</ele>
      </trkpt>
      <trkpt lat="43.126010000" lon="-3.721370000">
        <ele>700.000</ele>
      </trkpt>
      <trkpt lat="43.126260000" lon="-3.721540000">
        <ele>702.000</ele>
      </trkpt>
      <trkpt lat="43.126520000" lon="-3.721830000">
        <ele>704.000</ele>
      </trkpt>
      <trkpt lat="43.126810000" lon="-3.722110000">
        <ele>707.000</ele>
      </trkpt>
      <trkpt lat="43.127090000" lon="-3.722350000">
        <ele>710.000</ele>
      </trkpt>
      <trkpt lat="43.127270000" lon="-3.722480000">
        <ele>710.000</ele>
      </trkpt>
      <trkpt lat="43.127500000" lon="-3.722630000">
        <ele>709.000</ele>
      </trkpt>
      <trkpt lat="43.127710000" lon="-3.722730000">
        <ele>707.000</ele>
      </trkpt>
      <trkpt lat="43.128180000" lon="-3.722830000">
        <ele>703.000</ele>
      </trkpt>
      <trkpt lat="43.128320000" lon="-3.722890000">
        <ele>699.000</ele>
      </trkpt>
      <trkpt lat="43.128510000" lon="-3.723020000">
        <ele>695.000</ele>
      </trkpt>
      <trkpt lat="43.128860000" lon="-3.723320000">
        <ele>690.000</ele>
      </trkpt>
      <trkpt lat="43.128980000" lon="-3.723380000">
        <ele>686.000</ele>
      </trkpt>
      <trkpt lat="43.129260000" lon="-3.723430000">
        <ele>683.000</ele>
      </trkpt>
      <trkpt lat="43.129550000" lon="-3.723430000">
        <ele>680.000</ele>
      </trkpt>
      <trkpt lat="43.130580000" lon="-3.723130000">
        <ele>675.000</ele>
      </trkpt>
      <trkpt lat="43.130650000" lon="-3.723080000">
        <ele>671.000</ele>
      </trkpt>
      <trkpt lat="43.130850000" lon="-3.722920000">
        <ele>669.000</ele>
      </trkpt>
      <trkpt lat="43.130940000" lon="-3.722900000">
        <ele>668.000</ele>
      </trkpt>
      <trkpt lat="43.131240000" lon="-3.723020000">
        <ele>668.000</ele>
      </trkpt>
      <trkpt lat="43.132600000" lon="-3.723430000">
        <ele>669.000</ele>
      </trkpt>
      <trkpt lat="43.132820000" lon="-3.723510000">
        <ele>671.000</ele>
      </trkpt>
      <trkpt lat="43.133120000" lon="-3.723700000">
        <ele>672.000</ele>
      </trkpt>
      <trkpt lat="43.133700000" lon="-3.724220000">
        <ele>674.000</ele>
      </trkpt>
      <trkpt lat="43.133900000" lon="-3.724440000">
        <ele>676.000</ele>
      </trkpt>
      <trkpt lat="43.134710000" lon="-3.725530000">
        <ele>679.000</ele>
      </trkpt>
      <trkpt lat="43.135310000" lon="-3.726520000">
        <ele>679.000</ele>
      </trkpt>
      <trkpt lat="43.135960000" lon="-3.727480000">
        <ele>678.000</ele>
      </trkpt>
      <trkpt lat="43.136200000" lon="-3.727960000">
        <ele>677.000</ele>
      </trkpt>
      <trkpt lat="43.136900000" lon="-3.729520000">
        <ele>679.000</ele>
      </trkpt>
      <trkpt lat="43.137000000" lon="-3.729780000">
        <ele>680.000</ele>
      </trkpt>
      <trkpt lat="43.137030000" lon="-3.729920000">
        <ele>680.000</ele>
      </trkpt>
      <trkpt lat="43.137060000" lon="-3.730950000">
        <ele>678.000</ele>
      </trkpt>
      <trkpt lat="43.137070000" lon="-3.732490000">
        <ele>671.000</ele>
      </trkpt>
      <trkpt lat="43.137060000" lon="-3.733260000">
        <ele>666.000</ele>
      </trkpt>
      <trkpt lat="43.136860000" lon="-3.735060000">
        <ele>659.000</ele>
      </trkpt>
      <trkpt lat="43.136790000" lon="-3.736320000">
        <ele>653.000</ele>
      </trkpt>
      <trkpt lat="43.136790000" lon="-3.736880000">
        <ele>647.000</ele>
      </trkpt>
      <trkpt lat="43.136820000" lon="-3.738630000">
        <ele>640.000</ele>
      </trkpt>
      <trkpt lat="43.136840000" lon="-3.738950000">
        <ele>635.000</ele>
      </trkpt>
      <trkpt lat="43.136920000" lon="-3.739540000">
        <ele>631.000</ele>
      </trkpt>
      <trkpt lat="43.136980000" lon="-3.739750000">
        <ele>628.000</ele>
      </trkpt>
      <trkpt lat="43.137130000" lon="-3.740190000">
        <ele>625.000</ele>
      </trkpt>
      <trkpt lat="43.137120000" lon="-3.740320000">
        <ele>623.000</ele>
      </trkpt>
      <trkpt lat="43.137020000" lon="-3.740760000">
        <ele>621.000</ele>
      </trkpt>
      <trkpt lat="43.136990000" lon="-3.741110000">
        <ele>619.000</ele>
      </trkpt>
      <trkpt lat="43.137010000" lon="-3.741530000">
        <ele>617.000</ele>
      </trkpt>
      <trkpt lat="43.137140000" lon="-3.742890000">
        <ele>613.000</ele>
      </trkpt>
      <trkpt lat="43.137320000" lon="-3.744150000">
        <ele>607.000</ele>
      </trkpt>
      <trkpt lat="43.137650000" lon="-3.745880000">
        <ele>600.000</ele>
      </trkpt>
      <trkpt lat="43.137660000" lon="-3.746010000">
        <ele>596.000</ele>
      </trkpt>
      <trkpt lat="43.137650000" lon="-3.746120000">
        <ele>593.000</ele>
      </trkpt>
      <trkpt lat="43.137320000" lon="-3.746890000">
        <ele>589.000</ele>
      </trkpt>
      <trkpt lat="43.137240000" lon="-3.747110000">
        <ele>586.000</ele>
      </trkpt>
      <trkpt lat="43.136860000" lon="-3.749030000">
        <ele>576.000</ele>
      </trkpt>
      <trkpt lat="43.136810000" lon="-3.749120000">
        <ele>569.000</ele>
      </trkpt>
      <trkpt lat="43.136550000" lon="-3.749380000">
        <ele>562.000</ele>
      </trkpt>
      <trkpt lat="43.136410000" lon="-3.749630000">
        <ele>559.000</ele>
      </trkpt>
      <trkpt lat="43.136300000" lon="-3.749890000">
        <ele>556.000</ele>
      </trkpt>
      <trkpt lat="43.136060000" lon="-3.750730000">
        <ele>556.000</ele>
      </trkpt>
      <trkpt lat="43.136000000" lon="-3.751080000">
        <ele>556.000</ele>
      </trkpt>
      <trkpt lat="43.135980000" lon="-3.751440000">
        <ele>556.000</ele>
      </trkpt>
      <trkpt lat="43.135990000" lon="-3.751880000">
        <ele>557.000</ele>
      </trkpt>
      <trkpt lat="43.136040000" lon="-3.752270000">
        <ele>556.000</ele>
      </trkpt>
      <trkpt lat="43.136160000" lon="-3.752840000">
        <ele>554.000</ele>
      </trkpt>
      <trkpt lat="43.136290000" lon="-3.753220000">
        <ele>551.000</ele>
      </trkpt>
      <trkpt lat="43.136460000" lon="-3.753830000">
        <ele>547.000</ele>
      </trkpt>
      <trkpt lat="43.136800000" lon="-3.754850000">
        <ele>541.000</ele>
      </trkpt>
      <trkpt lat="43.136880000" lon="-3.755000000">
        <ele>537.000</ele>
      </trkpt>
      <trkpt lat="43.137140000" lon="-3.755280000">
        <ele>534.000</ele>
      </trkpt>
      <trkpt lat="43.137450000" lon="-3.755710000">
        <ele>530.000</ele>
      </trkpt>
      <trkpt lat="43.137510000" lon="-3.755860000">
        <ele>528.000</ele>
      </trkpt>
      <trkpt lat="43.137540000" lon="-3.756060000">
        <ele>526.000</ele>
      </trkpt>
      <trkpt lat="43.137590000" lon="-3.756230000">
        <ele>524.000</ele>
      </trkpt>
      <trkpt lat="43.137630000" lon="-3.756300000">
        <ele>523.000</ele>
      </trkpt>
      <trkpt lat="43.137830000" lon="-3.756540000">
        <ele>522.000</ele>
      </trkpt>
      <trkpt lat="43.137910000" lon="-3.756660000">
        <ele>520.000</ele>
      </trkpt>
      <trkpt lat="43.137950000" lon="-3.756780000">
        <ele>519.000</ele>
      </trkpt>
      <trkpt lat="43.138080000" lon="-3.757380000">
        <ele>516.000</ele>
      </trkpt>
      <trkpt lat="43.138150000" lon="-3.757630000">
        <ele>512.000</ele>
      </trkpt>
      <trkpt lat="43.138480000" lon="-3.758540000">
        <ele>506.000</ele>
      </trkpt>
      <trkpt lat="43.138700000" lon="-3.759070000">
        <ele>498.000</ele>
      </trkpt>
      <trkpt lat="43.138880000" lon="-3.759370000">
        <ele>493.000</ele>
      </trkpt>
      <trkpt lat="43.139360000" lon="-3.760080000">
        <ele>490.000</ele>
      </trkpt>
      <trkpt lat="43.139490000" lon="-3.760300000">
        <ele>488.000</ele>
      </trkpt>
      <trkpt lat="43.139940000" lon="-3.761360000">
        <ele>486.000</ele>
      </trkpt>
      <trkpt lat="43.140660000" lon="-3.762920000">
        <ele>485.000</ele>
      </trkpt>
      <trkpt lat="43.140790000" lon="-3.763120000">
        <ele>484.000</ele>
      </trkpt>
      <trkpt lat="43.141340000" lon="-3.763860000">
        <ele>484.000</ele>
      </trkpt>
      <trkpt lat="43.141450000" lon="-3.764050000">
        <ele>482.000</ele>
      </trkpt>
      <trkpt lat="43.141520000" lon="-3.764230000">
        <ele>480.000</ele>
      </trkpt>
      <trkpt lat="43.141570000" lon="-3.764470000">
        <ele>478.000</ele>
      </trkpt>
      <trkpt lat="43.141650000" lon="-3.764700000">
        <ele>475.000</ele>
      </trkpt>
      <trkpt lat="43.142040000" lon="-3.765530000">
        <ele>469.000</ele>
      </trkpt>
      <trkpt lat="43.142200000" lon="-3.765860000">
        <ele>464.000</ele>
      </trkpt>
      <trkpt lat="43.142420000" lon="-3.766350000">
        <ele>457.000</ele>
      </trkpt>
      <trkpt lat="43.142890000" lon="-3.767770000">
        <ele>455.000</ele>
      </trkpt>
      <trkpt lat="43.142990000" lon="-3.767960000">
        <ele>453.000</ele>
      </trkpt>
      <trkpt lat="43.143110000" lon="-3.768120000">
        <ele>452.000</ele>
      </trkpt>
      <trkpt lat="43.143270000" lon="-3.768350000">
        <ele>452.000</ele>
      </trkpt>
      <trkpt lat="43.143430000" lon="-3.768730000">
        <ele>453.000</ele>
      </trkpt>
      <trkpt lat="43.143700000" lon="-3.769420000">
        <ele>449.000</ele>
      </trkpt>
      <trkpt lat="43.143850000" lon="-3.769800000">
        <ele>445.000</ele>
      </trkpt>
      <trkpt lat="43.144380000" lon="-3.770900000">
        <ele>435.000</ele>
      </trkpt>
      <trkpt lat="43.144570000" lon="-3.771230000">
        <ele>428.000</ele>
      </trkpt>
      <trkpt lat="43.144650000" lon="-3.771310000">
        <ele>424.000</ele>
      </trkpt>
      <trkpt lat="43.144820000" lon="-3.771430000">
        <ele>420.000</ele>
      </trkpt>
      <trkpt lat="43.144910000" lon="-3.771470000">
        <ele>417.000</ele>
      </trkpt>
      <trkpt lat="43.145310000" lon="-3.771540000">
        <ele>415.000</ele>
      </trkpt>
      <trkpt lat="43.145400000" lon="-3.771570000">
        <ele>413.000</ele>
      </trkpt>
      <trkpt lat="43.145570000" lon="-3.771680000">
        <ele>411.000</ele>
      </trkpt>
      <trkpt lat="43.146870000" lon="-3.772890000">
        <ele>407.000</ele>
      </trkpt>
      <trkpt lat="43.146870000" lon="-3.772890000">
        <ele>404.000</ele>
      </trkpt>
      <trkpt lat="43.147430000" lon="-3.773410000">
        <ele>402.000</ele>
      </trkpt>
      <trkpt lat="43.147610000" lon="-3.773550000">
        <ele>401.000</ele>
      </trkpt>
      <trkpt lat="43.147680000" lon="-3.773580000">
        <ele>400.000</ele>
      </trkpt>
      <trkpt lat="43.147810000" lon="-3.773590000">
        <ele>400.000</ele>
      </trkpt>
      <trkpt lat="43.148020000" lon="-3.773490000">
        <ele>400.000</ele>
      </trkpt>
      <trkpt lat="43.148090000" lon="-3.773450000">
        <ele>400.000</ele>
      </trkpt>
      <trkpt lat="43.148120000" lon="-3.773440000">
        <ele>400.000</ele>
      </trkpt>
      <trkpt lat="43.148220000" lon="-3.773410000">
        <ele>400.000</ele>
      </trkpt>
      <trkpt lat="43.148310000" lon="-3.773400000">
        <ele>400.000</ele>
      </trkpt>
      <trkpt lat="43.148470000" lon="-3.773450000">
        <ele>400.000</ele>
      </trkpt>
      <trkpt lat="43.149300000" lon="-3.774040000">
        <ele>401.000</ele>
      </trkpt>
      <trkpt lat="43.149740000" lon="-3.774340000">
        <ele>402.000</ele>
      </trkpt>
      <trkpt lat="43.150050000" lon="-3.774530000">
        <ele>402.000</ele>
      </trkpt>
      <trkpt lat="43.150230000" lon="-3.774670000">
        <ele>403.000</ele>
      </trkpt>
      <trkpt lat="43.150370000" lon="-3.774860000">
        <ele>403.000</ele>
      </trkpt>
      <trkpt lat="43.151390000" lon="-3.776890000">
        <ele>404.000</ele>
      </trkpt>
      <trkpt lat="43.151390000" lon="-3.776890000">
        <ele>404.000</ele>
      </trkpt>
      <trkpt lat="43.151730000" lon="-3.777580000">
        <ele>402.000</ele>
      </trkpt>
      <trkpt lat="43.151870000" lon="-3.777820000">
        <ele>399.000</ele>
      </trkpt>
      <trkpt lat="43.152310000" lon="-3.778440000">
        <ele>395.000</ele>
      </trkpt>
      <trkpt lat="43.152540000" lon="-3.778750000">
        <ele>390.000</ele>
      </trkpt>
      <trkpt lat="43.152680000" lon="-3.778960000">
        <ele>386.000</ele>
      </trkpt>
      <trkpt lat="43.154330000" lon="-3.781240000">
        <ele>376.000</ele>
      </trkpt>
      <trkpt lat="43.154530000" lon="-3.781520000">
        <ele>369.000</ele>
      </trkpt>
      <trkpt lat="43.154570000" lon="-3.781570000">
        <ele>364.000</ele>
      </trkpt>
      <trkpt lat="43.154850000" lon="-3.781960000">
        <ele>360.000</ele>
      </trkpt>
      <trkpt lat="43.155470000" lon="-3.782820000">
        <ele>357.000</ele>
      </trkpt>
      <trkpt lat="43.155750000" lon="-3.783200000">
        <ele>354.000</ele>
      </trkpt>
      <trkpt lat="43.155860000" lon="-3.783280000">
        <ele>352.000</ele>
      </trkpt>
      <trkpt lat="43.156000000" lon="-3.783310000">
        <ele>351.000</ele>
      </trkpt>
      <trkpt lat="43.156030000" lon="-3.783310000">
        <ele>351.000</ele>
      </trkpt>
      <trkpt lat="43.156130000" lon="-3.783300000">
        <ele>350.000</ele>
      </trkpt>
      <trkpt lat="43.156460000" lon="-3.783280000">
        <ele>350.000</ele>
      </trkpt>
      <trkpt lat="43.156890000" lon="-3.783140000">
        <ele>351.000</ele>
      </trkpt>
      <trkpt lat="43.157080000" lon="-3.783100000">
        <ele>351.000</ele>
      </trkpt>
      <trkpt lat="43.157210000" lon="-3.783120000">
        <ele>352.000</ele>
      </trkpt>
      <trkpt lat="43.157380000" lon="-3.783210000">
        <ele>352.000</ele>
      </trkpt>
      <trkpt lat="43.157530000" lon="-3.783250000">
        <ele>353.000</ele>
      </trkpt>
      <trkpt lat="43.157990000" lon="-3.783280000">
        <ele>353.000</ele>
      </trkpt>
      <trkpt lat="43.158080000" lon="-3.783260000">
        <ele>353.000</ele>
      </trkpt>
      <trkpt lat="43.158180000" lon="-3.783170000">
        <ele>353.000</ele>
      </trkpt>
      <trkpt lat="43.158280000" lon="-3.783030000">
        <ele>353.000</ele>
      </trkpt>
      <trkpt lat="43.158430000" lon="-3.782640000">
        <ele>353.000</ele>
      </trkpt>
      <trkpt lat="43.158560000" lon="-3.782330000">
        <ele>353.000</ele>
      </trkpt>
      <trkpt lat="43.158640000" lon="-3.782250000">
        <ele>353.000</ele>
      </trkpt>
      <trkpt lat="43.158790000" lon="-3.782260000">
        <ele>353.000</ele>
      </trkpt>
      <trkpt lat="43.159350000" lon="-3.782400000">
        <ele>353.000</ele>
      </trkpt>
      <trkpt lat="43.159460000" lon="-3.782460000">
        <ele>353.000</ele>
      </trkpt>
      <trkpt lat="43.159540000" lon="-3.782590000">
        <ele>352.000</ele>
      </trkpt>
      <trkpt lat="43.159570000" lon="-3.782680000">
        <ele>352.000</ele>
      </trkpt>
      <trkpt lat="43.159600000" lon="-3.782820000">
        <ele>352.000</ele>
      </trkpt>
      <trkpt lat="43.159600000" lon="-3.783250000">
        <ele>351.000</ele>
      </trkpt>
      <trkpt lat="43.159590000" lon="-3.783460000">
        <ele>351.000</ele>
      </trkpt>
      <trkpt lat="43.159500000" lon="-3.783940000">
        <ele>350.000</ele>
      </trkpt>
      <trkpt lat="43.159490000" lon="-3.784310000">
        <ele>350.000</ele>
      </trkpt>
      <trkpt lat="43.159510000" lon="-3.784470000">
        <ele>349.000</ele>
      </trkpt>
      <trkpt lat="43.159830000" lon="-3.785100000">
        <ele>348.000</ele>
      </trkpt>
      <trkpt lat="43.159930000" lon="-3.785340000">
        <ele>350.000</ele>
      </trkpt>
      <trkpt lat="43.159970000" lon="-3.785420000">
        <ele>353.000</ele>
      </trkpt>
      <trkpt lat="43.160040000" lon="-3.785490000">
        <ele>355.000</ele>
      </trkpt>
      <trkpt lat="43.160170000" lon="-3.785520000">
        <ele>358.000</ele>
      </trkpt>
      <trkpt lat="43.160340000" lon="-3.785460000">
        <ele>363.000</ele>
      </trkpt>
      <trkpt lat="43.160500000" lon="-3.785320000">
        <ele>368.000</ele>
      </trkpt>
      <trkpt lat="43.160990000" lon="-3.784670000">
        <ele>381.000</ele>
      </trkpt>
      <trkpt lat="43.161050000" lon="-3.784660000">
        <ele>389.000</ele>
      </trkpt>
      <trkpt lat="43.161080000" lon="-3.784680000">
        <ele>396.000</ele>
      </trkpt>
      <trkpt lat="43.161100000" lon="-3.784710000">
        <ele>400.000</ele>
      </trkpt>
      <trkpt lat="43.161130000" lon="-3.784790000">
        <ele>404.000</ele>
      </trkpt>
      <trkpt lat="43.161120000" lon="-3.784910000">
        <ele>408.000</ele>
      </trkpt>
      <trkpt lat="43.161040000" lon="-3.785440000">
        <ele>410.000</ele>
      </trkpt>
      <trkpt lat="43.160990000" lon="-3.785590000">
        <ele>410.000</ele>
      </trkpt>
      <trkpt lat="43.160830000" lon="-3.786010000">
        <ele>410.000</ele>
      </trkpt>
      <trkpt lat="43.160790000" lon="-3.786180000">
        <ele>409.000</ele>
      </trkpt>
      <trkpt lat="43.160760000" lon="-3.786430000">
        <ele>408.000</ele>
      </trkpt>
      <trkpt lat="43.160720000" lon="-3.787180000">
        <ele>406.000</ele>
      </trkpt>
      <trkpt lat="43.160870000" lon="-3.787910000">
        <ele>404.000</ele>
      </trkpt>
      <trkpt lat="43.160910000" lon="-3.788610000">
        <ele>403.000</ele>
      </trkpt>
      <trkpt lat="43.160940000" lon="-3.788780000">
        <ele>402.000</ele>
      </trkpt>
      <trkpt lat="43.161050000" lon="-3.789340000">
        <ele>402.000</ele>
      </trkpt>
      <trkpt lat="43.161060000" lon="-3.790010000">
        <ele>403.000</ele>
      </trkpt>
      <trkpt lat="43.161090000" lon="-3.790270000">
        <ele>404.000</ele>
      </trkpt>
      <trkpt lat="43.161200000" lon="-3.790680000">
        <ele>405.000</ele>
      </trkpt>
      <trkpt lat="43.161390000" lon="-3.791130000">
        <ele>406.000</ele>
      </trkpt>
      <trkpt lat="43.161560000" lon="-3.791460000">
        <ele>409.000</ele>
      </trkpt>
      <trkpt lat="43.161710000" lon="-3.791630000">
        <ele>410.000</ele>
      </trkpt>
      <trkpt lat="43.161820000" lon="-3.791700000">
        <ele>412.000</ele>
      </trkpt>
      <trkpt lat="43.162280000" lon="-3.791890000">
        <ele>415.000</ele>
      </trkpt>
      <trkpt lat="43.162420000" lon="-3.791980000">
        <ele>417.000</ele>
      </trkpt>
      <trkpt lat="43.162560000" lon="-3.792110000">
        <ele>419.000</ele>
      </trkpt>
      <trkpt lat="43.162760000" lon="-3.792380000">
        <ele>421.000</ele>
      </trkpt>
      <trkpt lat="43.163230000" lon="-3.793080000">
        <ele>425.000</ele>
      </trkpt>
      <trkpt lat="43.163330000" lon="-3.793280000">
        <ele>429.000</ele>
      </trkpt>
      <trkpt lat="43.163360000" lon="-3.793470000">
        <ele>431.000</ele>
      </trkpt>
      <trkpt lat="43.163360000" lon="-3.794230000">
        <ele>435.000</ele>
      </trkpt>
      <trkpt lat="43.163380000" lon="-3.794320000">
        <ele>438.000</ele>
      </trkpt>
      <trkpt lat="43.163440000" lon="-3.794390000">
        <ele>441.000</ele>
      </trkpt>
      <trkpt lat="43.163490000" lon="-3.794410000">
        <ele>442.000</ele>
      </trkpt>
      <trkpt lat="43.163550000" lon="-3.794390000">
        <ele>444.000</ele>
      </trkpt>
      <trkpt lat="43.163610000" lon="-3.794320000">
        <ele>445.000</ele>
      </trkpt>
      <trkpt lat="43.163630000" lon="-3.794230000">
        <ele>446.000</ele>
      </trkpt>
      <trkpt lat="43.163650000" lon="-3.793760000">
        <ele>449.000</ele>
      </trkpt>
      <trkpt lat="43.163750000" lon="-3.793120000">
        <ele>452.000</ele>
      </trkpt>
      <trkpt lat="43.163750000" lon="-3.792840000">
        <ele>456.000</ele>
      </trkpt>
      <trkpt lat="43.163750000" lon="-3.792010000">
        <ele>461.000</ele>
      </trkpt>
      <trkpt lat="43.163630000" lon="-3.791100000">
        <ele>467.000</ele>
      </trkpt>
      <trkpt lat="43.163620000" lon="-3.790870000">
        <ele>472.000</ele>
      </trkpt>
      <trkpt lat="43.163640000" lon="-3.790210000">
        <ele>476.000</ele>
      </trkpt>
      <trkpt lat="43.163600000" lon="-3.789910000">
        <ele>479.000</ele>
      </trkpt>
      <trkpt lat="43.163430000" lon="-3.789340000">
        <ele>482.000</ele>
      </trkpt>
      <trkpt lat="43.163290000" lon="-3.788680000">
        <ele>484.000</ele>
      </trkpt>
      <trkpt lat="43.163160000" lon="-3.787630000">
        <ele>486.000</ele>
      </trkpt>
      <trkpt lat="43.163150000" lon="-3.787450000">
        <ele>487.000</ele>
      </trkpt>
      <trkpt lat="43.163160000" lon="-3.787350000">
        <ele>487.000</ele>
      </trkpt>
      <trkpt lat="43.163200000" lon="-3.787210000">
        <ele>487.000</ele>
      </trkpt>
      <trkpt lat="43.163270000" lon="-3.787120000">
        <ele>488.000</ele>
      </trkpt>
      <trkpt lat="43.163600000" lon="-3.786790000">
        <ele>487.000</ele>
      </trkpt>
      <trkpt lat="43.164070000" lon="-3.786250000">
        <ele>487.000</ele>
      </trkpt>
      <trkpt lat="43.164200000" lon="-3.786140000">
        <ele>487.000</ele>
      </trkpt>
      <trkpt lat="43.164580000" lon="-3.785890000">
        <ele>489.000</ele>
      </trkpt>
      <trkpt lat="43.164580000" lon="-3.785890000">
        <ele>490.000</ele>
      </trkpt>
      <trkpt lat="43.164750000" lon="-3.785780000">
        <ele>492.000</ele>
      </trkpt>
      <trkpt lat="43.165100000" lon="-3.785590000">
        <ele>494.000</ele>
      </trkpt>
      <trkpt lat="43.165260000" lon="-3.785450000">
        <ele>496.000</ele>
      </trkpt>
      <trkpt lat="43.165560000" lon="-3.784690000">
        <ele>499.000</ele>
      </trkpt>
      <trkpt lat="43.165950000" lon="-3.783830000">
        <ele>503.000</ele>
      </trkpt>
      <trkpt lat="43.166210000" lon="-3.783340000">
        <ele>507.000</ele>
      </trkpt>
      <trkpt lat="43.166340000" lon="-3.783150000">
        <ele>510.000</ele>
      </trkpt>
      <trkpt lat="43.166520000" lon="-3.782990000">
        <ele>512.000</ele>
      </trkpt>
      <trkpt lat="43.166690000" lon="-3.782880000">
        <ele>514.000</ele>
      </trkpt>
      <trkpt lat="43.166850000" lon="-3.782820000">
        <ele>516.000</ele>
      </trkpt>
      <trkpt lat="43.166980000" lon="-3.782810000">
        <ele>518.000</ele>
      </trkpt>
      <trkpt lat="43.167130000" lon="-3.782790000">
        <ele>520.000</ele>
      </trkpt>
      <trkpt lat="43.167180000" lon="-3.782760000">
        <ele>522.000</ele>
      </trkpt>
      <trkpt lat="43.167210000" lon="-3.782710000">
        <ele>524.000</ele>
      </trkpt>
      <trkpt lat="43.167240000" lon="-3.782530000">
        <ele>526.000</ele>
      </trkpt>
      <trkpt lat="43.167220000" lon="-3.782160000">
        <ele>529.000</ele>
      </trkpt>
      <trkpt lat="43.167250000" lon="-3.781990000">
        <ele>532.000</ele>
      </trkpt>
      <trkpt lat="43.167330000" lon="-3.781860000">
        <ele>535.000</ele>
      </trkpt>
      <trkpt lat="43.167540000" lon="-3.781720000">
        <ele>538.000</ele>
      </trkpt>
      <trkpt lat="43.167610000" lon="-3.781630000">
        <ele>541.000</ele>
      </trkpt>
      <trkpt lat="43.167750000" lon="-3.781190000">
        <ele>545.000</ele>
      </trkpt>
      <trkpt lat="43.167880000" lon="-3.780930000">
        <ele>550.000</ele>
      </trkpt>
      <trkpt lat="43.167900000" lon="-3.780830000">
        <ele>552.000</ele>
      </trkpt>
      <trkpt lat="43.167900000" lon="-3.780700000">
        <ele>554.000</ele>
      </trkpt>
      <trkpt lat="43.167860000" lon="-3.780620000">
        <ele>554.000</ele>
      </trkpt>
      <trkpt lat="43.167770000" lon="-3.780560000">
        <ele>554.000</ele>
      </trkpt>
      <trkpt lat="43.167690000" lon="-3.780560000">
        <ele>554.000</ele>
      </trkpt>
      <trkpt lat="43.167500000" lon="-3.780630000">
        <ele>553.000</ele>
      </trkpt>
      <trkpt lat="43.167390000" lon="-3.780640000">
        <ele>551.000</ele>
      </trkpt>
      <trkpt lat="43.167270000" lon="-3.780640000">
        <ele>550.000</ele>
      </trkpt>
      <trkpt lat="43.167140000" lon="-3.780610000">
        <ele>548.000</ele>
      </trkpt>
      <trkpt lat="43.166940000" lon="-3.780510000">
        <ele>546.000</ele>
      </trkpt>
      <trkpt lat="43.166340000" lon="-3.780110000">
        <ele>542.000</ele>
      </trkpt>
      <trkpt lat="43.166240000" lon="-3.780010000">
        <ele>539.000</ele>
      </trkpt>
      <trkpt lat="43.166180000" lon="-3.779890000">
        <ele>538.000</ele>
      </trkpt>
      <trkpt lat="43.166160000" lon="-3.779770000">
        <ele>536.000</ele>
      </trkpt>
      <trkpt lat="43.166160000" lon="-3.779440000">
        <ele>536.000</ele>
      </trkpt>
      <trkpt lat="43.166110000" lon="-3.779260000">
        <ele>535.000</ele>
      </trkpt>
      <trkpt lat="43.165900000" lon="-3.778840000">
        <ele>535.000</ele>
      </trkpt>
      <trkpt lat="43.165820000" lon="-3.778710000">
        <ele>536.000</ele>
      </trkpt>
      <trkpt lat="43.165610000" lon="-3.778530000">
        <ele>536.000</ele>
      </trkpt>
      <trkpt lat="43.165420000" lon="-3.778410000">
        <ele>536.000</ele>
      </trkpt>
      <trkpt lat="43.165280000" lon="-3.778400000">
        <ele>536.000</ele>
      </trkpt>
      <trkpt lat="43.164990000" lon="-3.778450000">
        <ele>537.000</ele>
      </trkpt>
      <trkpt lat="43.164910000" lon="-3.778410000">
        <ele>538.000</ele>
      </trkpt>
      <trkpt lat="43.164860000" lon="-3.778360000">
        <ele>538.000</ele>
      </trkpt>
      <trkpt lat="43.164820000" lon="-3.778270000">
        <ele>540.000</ele>
      </trkpt>
      <trkpt lat="43.164800000" lon="-3.778120000">
        <ele>541.000</ele>
      </trkpt>
      <trkpt lat="43.164810000" lon="-3.778020000">
        <ele>542.000</ele>
      </trkpt>
      <trkpt lat="43.164840000" lon="-3.777920000">
        <ele>544.000</ele>
      </trkpt>
      <trkpt lat="43.165000000" lon="-3.777590000">
        <ele>547.000</ele>
      </trkpt>
      <trkpt lat="43.165520000" lon="-3.776600000">
        <ele>554.000</ele>
      </trkpt>
      <trkpt lat="43.165630000" lon="-3.776310000">
        <ele>561.000</ele>
      </trkpt>
      <trkpt lat="43.166000000" lon="-3.775050000">
        <ele>565.000</ele>
      </trkpt>
      <trkpt lat="43.166080000" lon="-3.774850000">
        <ele>569.000</ele>
      </trkpt>
      <trkpt lat="43.166160000" lon="-3.774720000">
        <ele>571.000</ele>
      </trkpt>
      <trkpt lat="43.166250000" lon="-3.774620000">
        <ele>573.000</ele>
      </trkpt>
      <trkpt lat="43.166400000" lon="-3.774510000">
        <ele>574.000</ele>
      </trkpt>
      <trkpt lat="43.166930000" lon="-3.774190000">
        <ele>575.000</ele>
      </trkpt>
      <trkpt lat="43.167160000" lon="-3.774100000">
        <ele>577.000</ele>
      </trkpt>
      <trkpt lat="43.167270000" lon="-3.774140000">
        <ele>579.000</ele>
      </trkpt>
      <trkpt lat="43.167310000" lon="-3.774170000">
        <ele>581.000</ele>
      </trkpt>
      <trkpt lat="43.167360000" lon="-3.774270000">
        <ele>583.000</ele>
      </trkpt>
      <trkpt lat="43.167390000" lon="-3.774390000">
        <ele>584.000</ele>
      </trkpt>
      <trkpt lat="43.167390000" lon="-3.774550000">
        <ele>586.000</ele>
      </trkpt>
      <trkpt lat="43.167320000" lon="-3.774840000">
        <ele>588.000</ele>
      </trkpt>
      <trkpt lat="43.167040000" lon="-3.775730000">
        <ele>594.000</ele>
      </trkpt>
      <trkpt lat="43.166840000" lon="-3.776480000">
        <ele>601.000</ele>
      </trkpt>
      <trkpt lat="43.166820000" lon="-3.776740000">
        <ele>605.000</ele>
      </trkpt>
      <trkpt lat="43.166890000" lon="-3.777320000">
        <ele>608.000</ele>
      </trkpt>
      <trkpt lat="43.166860000" lon="-3.777530000">
        <ele>610.000</ele>
      </trkpt>
      <trkpt lat="43.166800000" lon="-3.777800000">
        <ele>612.000</ele>
      </trkpt>
      <trkpt lat="43.166820000" lon="-3.777980000">
        <ele>612.000</ele>
      </trkpt>
      <trkpt lat="43.166890000" lon="-3.778090000">
        <ele>613.000</ele>
      </trkpt>
      <trkpt lat="43.166970000" lon="-3.778170000">
        <ele>613.000</ele>
      </trkpt>
      <trkpt lat="43.168620000" lon="-3.779200000">
        <ele>613.000</ele>
      </trkpt>
      <trkpt lat="43.169110000" lon="-3.779430000">
        <ele>615.000</ele>
      </trkpt>
      <trkpt lat="43.169220000" lon="-3.779550000">
        <ele>616.000</ele>
      </trkpt>
      <trkpt lat="43.169290000" lon="-3.779620000">
        <ele>617.000</ele>
      </trkpt>
      <trkpt lat="43.169290000" lon="-3.779620000">
        <ele>617.000</ele>
      </trkpt>
      <trkpt lat="43.169600000" lon="-3.779990000">
        <ele>619.000</ele>
      </trkpt>
      <trkpt lat="43.169690000" lon="-3.780120000">
        <ele>620.000</ele>
      </trkpt>
      <trkpt lat="43.169770000" lon="-3.780290000">
        <ele>621.000</ele>
      </trkpt>
      <trkpt lat="43.169820000" lon="-3.780450000">
        <ele>622.000</ele>
      </trkpt>
      <trkpt lat="43.169870000" lon="-3.780660000">
        <ele>623.000</ele>
      </trkpt>
      <trkpt lat="43.170040000" lon="-3.781750000">
        <ele>625.000</ele>
      </trkpt>
      <trkpt lat="43.170110000" lon="-3.781940000">
        <ele>628.000</ele>
      </trkpt>
      <trkpt lat="43.170360000" lon="-3.782470000">
        <ele>631.000</ele>
      </trkpt>
      <trkpt lat="43.170400000" lon="-3.782610000">
        <ele>634.000</ele>
      </trkpt>
      <trkpt lat="43.170410000" lon="-3.782740000">
        <ele>636.000</ele>
      </trkpt>
      <trkpt lat="43.170390000" lon="-3.783000000">
        <ele>639.000</ele>
      </trkpt>
      <trkpt lat="43.170320000" lon="-3.783590000">
        <ele>642.000</ele>
      </trkpt>
      <trkpt lat="43.170310000" lon="-3.783810000">
        <ele>645.000</ele>
      </trkpt>
      <trkpt lat="43.170330000" lon="-3.784030000">
        <ele>648.000</ele>
      </trkpt>
      <trkpt lat="43.170490000" lon="-3.784940000">
        <ele>652.000</ele>
      </trkpt>
      <trkpt lat="43.170510000" lon="-3.785290000">
        <ele>655.000</ele>
      </trkpt>
      <trkpt lat="43.170410000" lon="-3.786810000">
        <ele>658.000</ele>
      </trkpt>
      <trkpt lat="43.170180000" lon="-3.787920000">
        <ele>661.000</ele>
      </trkpt>
      <trkpt lat="43.170160000" lon="-3.788240000">
        <ele>661.000</ele>
      </trkpt>
      <trkpt lat="43.170140000" lon="-3.788810000">
        <ele>658.000</ele>
      </trkpt>
      <trkpt lat="43.170140000" lon="-3.789360000">
        <ele>654.000</ele>
      </trkpt>
      <trkpt lat="43.170180000" lon="-3.789510000">
        <ele>650.000</ele>
      </trkpt>
      <trkpt lat="43.170230000" lon="-3.789630000">
        <ele>647.000</ele>
      </trkpt>
      <trkpt lat="43.170290000" lon="-3.789710000">
        <ele>644.000</ele>
      </trkpt>
      <trkpt lat="43.170370000" lon="-3.789760000">
        <ele>642.000</ele>
      </trkpt>
      <trkpt lat="43.170410000" lon="-3.789770000">
        <ele>640.000</ele>
      </trkpt>
      <trkpt lat="43.170540000" lon="-3.789760000">
        <ele>638.000</ele>
      </trkpt>
      <trkpt lat="43.170720000" lon="-3.789660000">
        <ele>636.000</ele>
      </trkpt>
      <trkpt lat="43.172110000" lon="-3.788900000">
        <ele>651.000</ele>
      </trkpt>
      <trkpt lat="43.172230000" lon="-3.788870000">
        <ele>663.000</ele>
      </trkpt>
      <trkpt lat="43.172320000" lon="-3.788890000">
        <ele>671.000</ele>
      </trkpt>
      <trkpt lat="43.172410000" lon="-3.788940000">
        <ele>678.000</ele>
      </trkpt>
      <trkpt lat="43.172540000" lon="-3.789050000">
        <ele>683.000</ele>
      </trkpt>
      <trkpt lat="43.172640000" lon="-3.789210000">
        <ele>687.000</ele>
      </trkpt>
      <trkpt lat="43.172890000" lon="-3.789790000">
        <ele>690.000</ele>
      </trkpt>
      <trkpt lat="43.173050000" lon="-3.789990000">
        <ele>693.000</ele>
      </trkpt>
      <trkpt lat="43.173390000" lon="-3.790330000">
        <ele>695.000</ele>
      </trkpt>
      <trkpt lat="43.173510000" lon="-3.790490000">
        <ele>697.000</ele>
      </trkpt>
      <trkpt lat="43.173630000" lon="-3.790720000">
        <ele>699.000</ele>
      </trkpt>
      <trkpt lat="43.173760000" lon="-3.791050000">
        <ele>701.000</ele>
      </trkpt>
      <trkpt lat="43.173880000" lon="-3.791240000">
        <ele>702.000</ele>
      </trkpt>
      <trkpt lat="43.173970000" lon="-3.791330000">
        <ele>703.000</ele>
      </trkpt>
      <trkpt lat="43.174060000" lon="-3.791390000">
        <ele>704.000</ele>
      </trkpt>
      <trkpt lat="43.174470000" lon="-3.791500000">
        <ele>705.000</ele>
      </trkpt>
      <trkpt lat="43.174530000" lon="-3.791550000">
        <ele>706.000</ele>
      </trkpt>
      <trkpt lat="43.174600000" lon="-3.791650000">
        <ele>707.000</ele>
      </trkpt>
      <trkpt lat="43.174670000" lon="-3.791870000">
        <ele>708.000</ele>
      </trkpt>
      <trkpt lat="43.174710000" lon="-3.792150000">
        <ele>709.000</ele>
      </trkpt>
      <trkpt lat="43.174710000" lon="-3.792920000">
        <ele>710.000</ele>
      </trkpt>
      <trkpt lat="43.174740000" lon="-3.793090000">
        <ele>712.000</ele>
      </trkpt>
      <trkpt lat="43.174800000" lon="-3.793240000">
        <ele>712.000</ele>
      </trkpt>
      <trkpt lat="43.174970000" lon="-3.793540000">
        <ele>713.000</ele>
      </trkpt>
      <trkpt lat="43.175330000" lon="-3.794100000">
        <ele>714.000</ele>
      </trkpt>
      <trkpt lat="43.175730000" lon="-3.794940000">
        <ele>715.000</ele>
      </trkpt>
      <trkpt lat="43.176020000" lon="-3.795460000">
        <ele>713.000</ele>
      </trkpt>
      <trkpt lat="43.176350000" lon="-3.795990000">
        <ele>708.000</ele>
      </trkpt>
      <trkpt lat="43.176350000" lon="-3.795990000">
        <ele>705.000</ele>
      </trkpt>
      <trkpt lat="43.176520000" lon="-3.796270000">
        <ele>702.000</ele>
      </trkpt>
      <trkpt lat="43.176730000" lon="-3.796580000">
        <ele>698.000</ele>
      </trkpt>
      <trkpt lat="43.176880000" lon="-3.796770000">
        <ele>694.000</ele>
      </trkpt>
      <trkpt lat="43.177320000" lon="-3.797130000">
        <ele>688.000</ele>
      </trkpt>
      <trkpt lat="43.177390000" lon="-3.797180000">
        <ele>685.000</ele>
      </trkpt>
      <trkpt lat="43.177740000" lon="-3.797470000">
        <ele>680.000</ele>
      </trkpt>
      <trkpt lat="43.177940000" lon="-3.797670000">
        <ele>676.000</ele>
      </trkpt>
      <trkpt lat="43.178330000" lon="-3.798120000">
        <ele>671.000</ele>
      </trkpt>
      <trkpt lat="43.178780000" lon="-3.798380000">
        <ele>666.000</ele>
      </trkpt>
      <trkpt lat="43.178910000" lon="-3.798520000">
        <ele>662.000</ele>
      </trkpt>
      <trkpt lat="43.178970000" lon="-3.798620000">
        <ele>659.000</ele>
      </trkpt>
      <trkpt lat="43.179020000" lon="-3.798800000">
        <ele>657.000</ele>
      </trkpt>
      <trkpt lat="43.179030000" lon="-3.799010000">
        <ele>655.000</ele>
      </trkpt>
      <trkpt lat="43.179010000" lon="-3.799500000">
        <ele>653.000</ele>
      </trkpt>
      <trkpt lat="43.179030000" lon="-3.799600000">
        <ele>651.000</ele>
      </trkpt>
      <trkpt lat="43.179080000" lon="-3.799730000">
        <ele>650.000</ele>
      </trkpt>
      <trkpt lat="43.179130000" lon="-3.799800000">
        <ele>649.000</ele>
      </trkpt>
      <trkpt lat="43.179190000" lon="-3.799830000">
        <ele>649.000</ele>
      </trkpt>
      <trkpt lat="43.179560000" lon="-3.799940000">
        <ele>647.000</ele>
      </trkpt>
      <trkpt lat="43.179760000" lon="-3.800020000">
        <ele>646.000</ele>
      </trkpt>
      <trkpt lat="43.179900000" lon="-3.800110000">
        <ele>645.000</ele>
      </trkpt>
      <trkpt lat="43.179990000" lon="-3.800190000">
        <ele>645.000</ele>
      </trkpt>
      <trkpt lat="43.180040000" lon="-3.800260000">
        <ele>645.000</ele>
      </trkpt>
      <trkpt lat="43.180090000" lon="-3.800380000">
        <ele>646.000</ele>
      </trkpt>
      <trkpt lat="43.180170000" lon="-3.800810000">
        <ele>648.000</ele>
      </trkpt>
      <trkpt lat="43.180210000" lon="-3.800930000">
        <ele>650.000</ele>
      </trkpt>
      <trkpt lat="43.180280000" lon="-3.801080000">
        <ele>652.000</ele>
      </trkpt>
      <trkpt lat="43.180380000" lon="-3.801190000">
        <ele>654.000</ele>
      </trkpt>
      <trkpt lat="43.180600000" lon="-3.801350000">
        <ele>657.000</ele>
      </trkpt>
      <trkpt lat="43.180830000" lon="-3.801630000">
        <ele>661.000</ele>
      </trkpt>
      <trkpt lat="43.180900000" lon="-3.801700000">
        <ele>664.000</ele>
      </trkpt>
      <trkpt lat="43.181090000" lon="-3.801730000">
        <ele>667.000</ele>
      </trkpt>
      <trkpt lat="43.181480000" lon="-3.801740000">
        <ele>671.000</ele>
      </trkpt>
      <trkpt lat="43.181660000" lon="-3.801720000">
        <ele>673.000</ele>
      </trkpt>
      <trkpt lat="43.181820000" lon="-3.801640000">
        <ele>673.000</ele>
      </trkpt>
      <trkpt lat="43.181960000" lon="-3.801530000">
        <ele>673.000</ele>
      </trkpt>
      <trkpt lat="43.182040000" lon="-3.801430000">
        <ele>671.000</ele>
      </trkpt>
      <trkpt lat="43.182150000" lon="-3.801240000">
        <ele>670.000</ele>
      </trkpt>
      <trkpt lat="43.182360000" lon="-3.800820000">
        <ele>667.000</ele>
      </trkpt>
      <trkpt lat="43.182500000" lon="-3.800630000">
        <ele>663.000</ele>
      </trkpt>
      <trkpt lat="43.182610000" lon="-3.800530000">
        <ele>661.000</ele>
      </trkpt>
      <trkpt lat="43.183020000" lon="-3.800260000">
        <ele>656.000</ele>
      </trkpt>
      <trkpt lat="43.183140000" lon="-3.800210000">
        <ele>653.000</ele>
      </trkpt>
      <trkpt lat="43.183230000" lon="-3.800190000">
        <ele>650.000</ele>
      </trkpt>
      <trkpt lat="43.183470000" lon="-3.800210000">
        <ele>647.000</ele>
      </trkpt>
      <trkpt lat="43.184290000" lon="-3.800440000">
        <ele>641.000</ele>
      </trkpt>
      <trkpt lat="43.184610000" lon="-3.800560000">
        <ele>636.000</ele>
      </trkpt>
      <trkpt lat="43.185000000" lon="-3.800760000">
        <ele>630.000</ele>
      </trkpt>
      <trkpt lat="43.185260000" lon="-3.800920000">
        <ele>626.000</ele>
      </trkpt>
      <trkpt lat="43.185400000" lon="-3.801040000">
        <ele>623.000</ele>
      </trkpt>
      <trkpt lat="43.185520000" lon="-3.801190000">
        <ele>620.000</ele>
      </trkpt>
      <trkpt lat="43.185600000" lon="-3.801350000">
        <ele>618.000</ele>
      </trkpt>
      <trkpt lat="43.185640000" lon="-3.801480000">
        <ele>616.000</ele>
      </trkpt>
      <trkpt lat="43.185670000" lon="-3.801660000">
        <ele>614.000</ele>
      </trkpt>
      <trkpt lat="43.185680000" lon="-3.801860000">
        <ele>613.000</ele>
      </trkpt>
      <trkpt lat="43.185610000" lon="-3.802260000">
        <ele>611.000</ele>
      </trkpt>
      <trkpt lat="43.185400000" lon="-3.803080000">
        <ele>608.000</ele>
      </trkpt>
      <trkpt lat="43.185370000" lon="-3.803360000">
        <ele>606.000</ele>
      </trkpt>
      <trkpt lat="43.185360000" lon="-3.803650000">
        <ele>604.000</ele>
      </trkpt>
      <trkpt lat="43.185380000" lon="-3.803870000">
        <ele>602.000</ele>
      </trkpt>
      <trkpt lat="43.185430000" lon="-3.804080000">
        <ele>600.000</ele>
      </trkpt>
      <trkpt lat="43.185710000" lon="-3.804790000">
        <ele>597.000</ele>
      </trkpt>
      <trkpt lat="43.185770000" lon="-3.804990000">
        <ele>595.000</ele>
      </trkpt>
      <trkpt lat="43.185800000" lon="-3.805220000">
        <ele>593.000</ele>
      </trkpt>
      <trkpt lat="43.185780000" lon="-3.805320000">
        <ele>591.000</ele>
      </trkpt>
      <trkpt lat="43.185750000" lon="-3.805410000">
        <ele>590.000</ele>
      </trkpt>
      <trkpt lat="43.185670000" lon="-3.805530000">
        <ele>589.000</ele>
      </trkpt>
      <trkpt lat="43.185530000" lon="-3.805640000">
        <ele>589.000</ele>
      </trkpt>
      <trkpt lat="43.185320000" lon="-3.805760000">
        <ele>590.000</ele>
      </trkpt>
      <trkpt lat="43.185050000" lon="-3.805850000">
        <ele>591.000</ele>
      </trkpt>
      <trkpt lat="43.184740000" lon="-3.805870000">
        <ele>592.000</ele>
      </trkpt>
      <trkpt lat="43.183670000" lon="-3.805730000">
        <ele>596.000</ele>
      </trkpt>
      <trkpt lat="43.183410000" lon="-3.805730000">
        <ele>596.000</ele>
      </trkpt>
      <trkpt lat="43.183070000" lon="-3.805790000">
        <ele>594.000</ele>
      </trkpt>
      <trkpt lat="43.183010000" lon="-3.805830000">
        <ele>593.000</ele>
      </trkpt>
      <trkpt lat="43.182970000" lon="-3.805930000">
        <ele>591.000</ele>
      </trkpt>
      <trkpt lat="43.182970000" lon="-3.806040000">
        <ele>590.000</ele>
      </trkpt>
      <trkpt lat="43.182990000" lon="-3.806150000">
        <ele>588.000</ele>
      </trkpt>
      <trkpt lat="43.183070000" lon="-3.806270000">
        <ele>586.000</ele>
      </trkpt>
      <trkpt lat="43.183380000" lon="-3.806460000">
        <ele>583.000</ele>
      </trkpt>
      <trkpt lat="43.183560000" lon="-3.806630000">
        <ele>579.000</ele>
      </trkpt>
      <trkpt lat="43.183670000" lon="-3.806790000">
        <ele>575.000</ele>
      </trkpt>
      <trkpt lat="43.184160000" lon="-3.807610000">
        <ele>568.000</ele>
      </trkpt>
      <trkpt lat="43.184470000" lon="-3.808080000">
        <ele>563.000</ele>
      </trkpt>
      <trkpt lat="43.184920000" lon="-3.808630000">
        <ele>558.000</ele>
      </trkpt>
      <trkpt lat="43.185460000" lon="-3.809140000">
        <ele>554.000</ele>
      </trkpt>
      <trkpt lat="43.185570000" lon="-3.809270000">
        <ele>551.000</ele>
      </trkpt>
      <trkpt lat="43.185640000" lon="-3.809390000">
        <ele>549.000</ele>
      </trkpt>
      <trkpt lat="43.185680000" lon="-3.809510000">
        <ele>547.000</ele>
      </trkpt>
      <trkpt lat="43.185700000" lon="-3.809600000">
        <ele>546.000</ele>
      </trkpt>
      <trkpt lat="43.185710000" lon="-3.809920000">
        <ele>545.000</ele>
      </trkpt>
      <trkpt lat="43.185730000" lon="-3.809980000">
        <ele>544.000</ele>
      </trkpt>
      <trkpt lat="43.185770000" lon="-3.810020000">
        <ele>543.000</ele>
      </trkpt>
      <trkpt lat="43.185820000" lon="-3.810050000">
        <ele>543.000</ele>
      </trkpt>
      <trkpt lat="43.185870000" lon="-3.810040000">
        <ele>542.000</ele>
      </trkpt>
      <trkpt lat="43.185930000" lon="-3.809990000">
        <ele>542.000</ele>
      </trkpt>
      <trkpt lat="43.185960000" lon="-3.809930000">
        <ele>541.000</ele>
      </trkpt>
      <trkpt lat="43.185960000" lon="-3.809760000">
        <ele>541.000</ele>
      </trkpt>
      <trkpt lat="43.185900000" lon="-3.809510000">
        <ele>540.000</ele>
      </trkpt>
      <trkpt lat="43.185770000" lon="-3.809220000">
        <ele>539.000</ele>
      </trkpt>
      <trkpt lat="43.185410000" lon="-3.808740000">
        <ele>537.000</ele>
      </trkpt>
      <trkpt lat="43.184870000" lon="-3.807810000">
        <ele>537.000</ele>
      </trkpt>
      <trkpt lat="43.184830000" lon="-3.807650000">
        <ele>538.000</ele>
      </trkpt>
      <trkpt lat="43.184840000" lon="-3.807580000">
        <ele>538.000</ele>
      </trkpt>
      <trkpt lat="43.184880000" lon="-3.807510000">
        <ele>539.000</ele>
      </trkpt>
      <trkpt lat="43.184940000" lon="-3.807460000">
        <ele>539.000</ele>
      </trkpt>
      <trkpt lat="43.185020000" lon="-3.807440000">
        <ele>539.000</ele>
      </trkpt>
      <trkpt lat="43.185670000" lon="-3.807600000">
        <ele>541.000</ele>
      </trkpt>
      <trkpt lat="43.186080000" lon="-3.807620000">
        <ele>540.000</ele>
      </trkpt>
      <trkpt lat="43.186480000" lon="-3.807590000">
        <ele>538.000</ele>
      </trkpt>
      <trkpt lat="43.186930000" lon="-3.807540000">
        <ele>535.000</ele>
      </trkpt>
      <trkpt lat="43.187280000" lon="-3.807470000">
        <ele>531.000</ele>
      </trkpt>
      <trkpt lat="43.187490000" lon="-3.807360000">
        <ele>528.000</ele>
      </trkpt>
      <trkpt lat="43.187720000" lon="-3.807160000">
        <ele>525.000</ele>
      </trkpt>
      <trkpt lat="43.187830000" lon="-3.807000000">
        <ele>522.000</ele>
      </trkpt>
      <trkpt lat="43.187930000" lon="-3.806820000">
        <ele>520.000</ele>
      </trkpt>
      <trkpt lat="43.188280000" lon="-3.805950000">
        <ele>515.000</ele>
      </trkpt>
      <trkpt lat="43.188400000" lon="-3.805530000">
        <ele>511.000</ele>
      </trkpt>
      <trkpt lat="43.188430000" lon="-3.805330000">
        <ele>508.000</ele>
      </trkpt>
      <trkpt lat="43.188440000" lon="-3.804790000">
        <ele>506.000</ele>
      </trkpt>
      <trkpt lat="43.188480000" lon="-3.804580000">
        <ele>505.000</ele>
      </trkpt>
      <trkpt lat="43.188580000" lon="-3.804410000">
        <ele>504.000</ele>
      </trkpt>
      <trkpt lat="43.188820000" lon="-3.804180000">
        <ele>504.000</ele>
      </trkpt>
      <trkpt lat="43.189170000" lon="-3.803890000">
        <ele>504.000</ele>
      </trkpt>
      <trkpt lat="43.189300000" lon="-3.803840000">
        <ele>504.000</ele>
      </trkpt>
      <trkpt lat="43.189500000" lon="-3.803800000">
        <ele>504.000</ele>
      </trkpt>
      <trkpt lat="43.189880000" lon="-3.803780000">
        <ele>505.000</ele>
      </trkpt>
      <trkpt lat="43.190050000" lon="-3.803800000">
        <ele>504.000</ele>
      </trkpt>
      <trkpt lat="43.190600000" lon="-3.803920000">
        <ele>502.000</ele>
      </trkpt>
      <trkpt lat="43.190770000" lon="-3.803930000">
        <ele>501.000</ele>
      </trkpt>
      <trkpt lat="43.190930000" lon="-3.803900000">
        <ele>499.000</ele>
      </trkpt>
      <trkpt lat="43.191070000" lon="-3.803850000">
        <ele>497.000</ele>
      </trkpt>
      <trkpt lat="43.191200000" lon="-3.803770000">
        <ele>496.000</ele>
      </trkpt>
      <trkpt lat="43.191810000" lon="-3.803240000">
        <ele>492.000</ele>
      </trkpt>
      <trkpt lat="43.192010000" lon="-3.803110000">
        <ele>490.000</ele>
      </trkpt>
      <trkpt lat="43.192120000" lon="-3.803060000">
        <ele>488.000</ele>
      </trkpt>
      <trkpt lat="43.192260000" lon="-3.803030000">
        <ele>487.000</ele>
      </trkpt>
      <trkpt lat="43.192510000" lon="-3.803060000">
        <ele>485.000</ele>
      </trkpt>
      <trkpt lat="43.192790000" lon="-3.803160000">
        <ele>484.000</ele>
      </trkpt>
      <trkpt lat="43.192990000" lon="-3.803280000">
        <ele>483.000</ele>
      </trkpt>
      <trkpt lat="43.193510000" lon="-3.803700000">
        <ele>482.000</ele>
      </trkpt>
      <trkpt lat="43.194140000" lon="-3.804240000">
        <ele>479.000</ele>
      </trkpt>
      <trkpt lat="43.194320000" lon="-3.804460000">
        <ele>477.000</ele>
      </trkpt>
      <trkpt lat="43.194900000" lon="-3.805500000">
        <ele>473.000</ele>
      </trkpt>
      <trkpt lat="43.195290000" lon="-3.806090000">
        <ele>468.000</ele>
      </trkpt>
      <trkpt lat="43.195380000" lon="-3.806150000">
        <ele>464.000</ele>
      </trkpt>
      <trkpt lat="43.195470000" lon="-3.806150000">
        <ele>461.000</ele>
      </trkpt>
      <trkpt lat="43.195520000" lon="-3.806120000">
        <ele>459.000</ele>
      </trkpt>
      <trkpt lat="43.195570000" lon="-3.806040000">
        <ele>458.000</ele>
      </trkpt>
      <trkpt lat="43.195590000" lon="-3.805960000">
        <ele>456.000</ele>
      </trkpt>
      <trkpt lat="43.195590000" lon="-3.805820000">
        <ele>455.000</ele>
      </trkpt>
      <trkpt lat="43.195400000" lon="-3.804860000">
        <ele>452.000</ele>
      </trkpt>
      <trkpt lat="43.195240000" lon="-3.803900000">
        <ele>447.000</ele>
      </trkpt>
      <trkpt lat="43.195150000" lon="-3.803600000">
        <ele>443.000</ele>
      </trkpt>
      <trkpt lat="43.195070000" lon="-3.803390000">
        <ele>440.000</ele>
      </trkpt>
      <trkpt lat="43.194830000" lon="-3.802870000">
        <ele>437.000</ele>
      </trkpt>
      <trkpt lat="43.194720000" lon="-3.802680000">
        <ele>435.000</ele>
      </trkpt>
      <trkpt lat="43.194580000" lon="-3.802470000">
        <ele>434.000</ele>
      </trkpt>
      <trkpt lat="43.193960000" lon="-3.801730000">
        <ele>431.000</ele>
      </trkpt>
      <trkpt lat="43.193430000" lon="-3.801320000">
        <ele>428.000</ele>
      </trkpt>
      <trkpt lat="43.193320000" lon="-3.801270000">
        <ele>425.000</ele>
      </trkpt>
      <trkpt lat="43.193060000" lon="-3.801240000">
        <ele>423.000</ele>
      </trkpt>
      <trkpt lat="43.192860000" lon="-3.801140000">
        <ele>420.000</ele>
      </trkpt>
      <trkpt lat="43.192680000" lon="-3.800990000">
        <ele>418.000</ele>
      </trkpt>
      <trkpt lat="43.192590000" lon="-3.800870000">
        <ele>416.000</ele>
      </trkpt>
      <trkpt lat="43.192270000" lon="-3.800260000">
        <ele>413.000</ele>
      </trkpt>
      <trkpt lat="43.192160000" lon="-3.800140000">
        <ele>411.000</ele>
      </trkpt>
      <trkpt lat="43.191950000" lon="-3.799960000">
        <ele>409.000</ele>
      </trkpt>
      <trkpt lat="43.191850000" lon="-3.799830000">
        <ele>408.000</ele>
      </trkpt>
      <trkpt lat="43.191540000" lon="-3.799290000">
        <ele>407.000</ele>
      </trkpt>
      <trkpt lat="43.191270000" lon="-3.798890000">
        <ele>405.000</ele>
      </trkpt>
      <trkpt lat="43.191160000" lon="-3.798690000">
        <ele>404.000</ele>
      </trkpt>
      <trkpt lat="43.191060000" lon="-3.798380000">
        <ele>403.000</ele>
      </trkpt>
      <trkpt lat="43.191030000" lon="-3.798110000">
        <ele>402.000</ele>
      </trkpt>
      <trkpt lat="43.191060000" lon="-3.797810000">
        <ele>401.000</ele>
      </trkpt>
      <trkpt lat="43.191130000" lon="-3.797700000">
        <ele>400.000</ele>
      </trkpt>
      <trkpt lat="43.191190000" lon="-3.797660000">
        <ele>399.000</ele>
      </trkpt>
      <trkpt lat="43.191240000" lon="-3.797650000">
        <ele>398.000</ele>
      </trkpt>
      <trkpt lat="43.191300000" lon="-3.797680000">
        <ele>398.000</ele>
      </trkpt>
      <trkpt lat="43.191370000" lon="-3.797760000">
        <ele>397.000</ele>
      </trkpt>
      <trkpt lat="43.191430000" lon="-3.797940000">
        <ele>397.000</ele>
      </trkpt>
      <trkpt lat="43.191520000" lon="-3.798550000">
        <ele>395.000</ele>
      </trkpt>
      <trkpt lat="43.191580000" lon="-3.798720000">
        <ele>394.000</ele>
      </trkpt>
      <trkpt lat="43.191630000" lon="-3.798810000">
        <ele>394.000</ele>
      </trkpt>
      <trkpt lat="43.192280000" lon="-3.799520000">
        <ele>392.000</ele>
      </trkpt>
      <trkpt lat="43.192370000" lon="-3.799590000">
        <ele>390.000</ele>
      </trkpt>
      <trkpt lat="43.192570000" lon="-3.799700000">
        <ele>387.000</ele>
      </trkpt>
      <trkpt lat="43.192790000" lon="-3.799760000">
        <ele>384.000</ele>
      </trkpt>
      <trkpt lat="43.192930000" lon="-3.799780000">
        <ele>382.000</ele>
      </trkpt>
      <trkpt lat="43.193210000" lon="-3.799750000">
        <ele>378.000</ele>
      </trkpt>
      <trkpt lat="43.193680000" lon="-3.799610000">
        <ele>373.000</ele>
      </trkpt>
      <trkpt lat="43.193870000" lon="-3.799630000">
        <ele>369.000</ele>
      </trkpt>
      <trkpt lat="43.194130000" lon="-3.799760000">
        <ele>364.000</ele>
      </trkpt>
      <trkpt lat="43.194330000" lon="-3.799890000">
        <ele>360.000</ele>
      </trkpt>
      <trkpt lat="43.194910000" lon="-3.800350000">
        <ele>354.000</ele>
      </trkpt>
      <trkpt lat="43.195320000" lon="-3.800640000">
        <ele>347.000</ele>
      </trkpt>
      <trkpt lat="43.195600000" lon="-3.800900000">
        <ele>341.000</ele>
      </trkpt>
      <trkpt lat="43.195780000" lon="-3.801090000">
        <ele>336.000</ele>
      </trkpt>
      <trkpt lat="43.195950000" lon="-3.801320000">
        <ele>332.000</ele>
      </trkpt>
      <trkpt lat="43.196060000" lon="-3.801550000">
        <ele>329.000</ele>
      </trkpt>
      <trkpt lat="43.196220000" lon="-3.802000000">
        <ele>325.000</ele>
      </trkpt>
      <trkpt lat="43.196310000" lon="-3.802140000">
        <ele>323.000</ele>
      </trkpt>
      <trkpt lat="43.196910000" lon="-3.802680000">
        <ele>319.000</ele>
      </trkpt>
      <trkpt lat="43.197170000" lon="-3.802950000">
        <ele>316.000</ele>
      </trkpt>
      <trkpt lat="43.197600000" lon="-3.803400000">
        <ele>313.000</ele>
      </trkpt>
      <trkpt lat="43.197910000" lon="-3.803780000">
        <ele>311.000</ele>
      </trkpt>
      <trkpt lat="43.198210000" lon="-3.804080000">
        <ele>309.000</ele>
      </trkpt>
      <trkpt lat="43.198440000" lon="-3.804350000">
        <ele>307.000</ele>
      </trkpt>
      <trkpt lat="43.198600000" lon="-3.804610000">
        <ele>305.000</ele>
      </trkpt>
      <trkpt lat="43.198710000" lon="-3.804810000">
        <ele>304.000</ele>
      </trkpt>
      <trkpt lat="43.198710000" lon="-3.804810000">
        <ele>303.000</ele>
      </trkpt>
      <trkpt lat="43.198860000" lon="-3.805090000">
        <ele>302.000</ele>
      </trkpt>
      <trkpt lat="43.199160000" lon="-3.805840000">
        <ele>301.000</ele>
      </trkpt>
      <trkpt lat="43.199290000" lon="-3.806080000">
        <ele>300.000</ele>
      </trkpt>
      <trkpt lat="43.199390000" lon="-3.806210000">
        <ele>299.000</ele>
      </trkpt>
      <trkpt lat="43.199510000" lon="-3.806300000">
        <ele>298.000</ele>
      </trkpt>
      <trkpt lat="43.199970000" lon="-3.806580000">
        <ele>296.000</ele>
      </trkpt>
      <trkpt lat="43.200280000" lon="-3.806880000">
        <ele>295.000</ele>
      </trkpt>
      <trkpt lat="43.200690000" lon="-3.807200000">
        <ele>292.000</ele>
      </trkpt>
      <trkpt lat="43.200840000" lon="-3.807340000">
        <ele>291.000</ele>
      </trkpt>
      <trkpt lat="43.201000000" lon="-3.807550000">
        <ele>289.000</ele>
      </trkpt>
      <trkpt lat="43.201070000" lon="-3.807670000">
        <ele>288.000</ele>
      </trkpt>
      <trkpt lat="43.201390000" lon="-3.808400000">
        <ele>286.000</ele>
      </trkpt>
      <trkpt lat="43.201590000" lon="-3.808920000">
        <ele>284.000</ele>
      </trkpt>
      <trkpt lat="43.201730000" lon="-3.809330000">
        <ele>282.000</ele>
      </trkpt>
      <trkpt lat="43.201800000" lon="-3.809410000">
        <ele>281.000</ele>
      </trkpt>
      <trkpt lat="43.201900000" lon="-3.809410000">
        <ele>280.000</ele>
      </trkpt>
      <trkpt lat="43.201940000" lon="-3.809380000">
        <ele>280.000</ele>
      </trkpt>
      <trkpt lat="43.201980000" lon="-3.809290000">
        <ele>279.000</ele>
      </trkpt>
      <trkpt lat="43.201990000" lon="-3.809210000">
        <ele>279.000</ele>
      </trkpt>
      <trkpt lat="43.201980000" lon="-3.809140000">
        <ele>279.000</ele>
      </trkpt>
      <trkpt lat="43.201940000" lon="-3.809050000">
        <ele>278.000</ele>
      </trkpt>
      <trkpt lat="43.201780000" lon="-3.808820000">
        <ele>278.000</ele>
      </trkpt>
      <trkpt lat="43.201740000" lon="-3.808730000">
        <ele>278.000</ele>
      </trkpt>
      <trkpt lat="43.201700000" lon="-3.808520000">
        <ele>277.000</ele>
      </trkpt>
      <trkpt lat="43.201670000" lon="-3.808010000">
        <ele>277.000</ele>
      </trkpt>
      <trkpt lat="43.201620000" lon="-3.807700000">
        <ele>276.000</ele>
      </trkpt>
      <trkpt lat="43.201510000" lon="-3.807360000">
        <ele>275.000</ele>
      </trkpt>
      <trkpt lat="43.201300000" lon="-3.806920000">
        <ele>273.000</ele>
      </trkpt>
      <trkpt lat="43.201240000" lon="-3.806710000">
        <ele>272.000</ele>
      </trkpt>
      <trkpt lat="43.201230000" lon="-3.806410000">
        <ele>270.000</ele>
      </trkpt>
      <trkpt lat="43.201260000" lon="-3.805860000">
        <ele>268.000</ele>
      </trkpt>
      <trkpt lat="43.201240000" lon="-3.805020000">
        <ele>266.000</ele>
      </trkpt>
      <trkpt lat="43.201280000" lon="-3.804870000">
        <ele>264.000</ele>
      </trkpt>
      <trkpt lat="43.201360000" lon="-3.804770000">
        <ele>262.000</ele>
      </trkpt>
      <trkpt lat="43.201480000" lon="-3.804750000">
        <ele>261.000</ele>
      </trkpt>
      <trkpt lat="43.201580000" lon="-3.804790000">
        <ele>261.000</ele>
      </trkpt>
      <trkpt lat="43.201650000" lon="-3.804870000">
        <ele>260.000</ele>
      </trkpt>
      <trkpt lat="43.202130000" lon="-3.805770000">
        <ele>258.000</ele>
      </trkpt>
      <trkpt lat="43.202290000" lon="-3.805950000">
        <ele>257.000</ele>
      </trkpt>
      <trkpt lat="43.202430000" lon="-3.806050000">
        <ele>256.000</ele>
      </trkpt>
      <trkpt lat="43.202660000" lon="-3.806100000">
        <ele>255.000</ele>
      </trkpt>
      <trkpt lat="43.203040000" lon="-3.806050000">
        <ele>254.000</ele>
      </trkpt>
      <trkpt lat="43.205340000" lon="-3.805720000">
        <ele>251.000</ele>
      </trkpt>
      <trkpt lat="43.206070000" lon="-3.805570000">
        <ele>249.000</ele>
      </trkpt>
      <trkpt lat="43.206880000" lon="-3.805380000">
        <ele>247.000</ele>
      </trkpt>
      <trkpt lat="43.207380000" lon="-3.805260000">
        <ele>245.000</ele>
      </trkpt>
      <trkpt lat="43.207920000" lon="-3.805130000">
        <ele>243.000</ele>
      </trkpt>
      <trkpt lat="43.208090000" lon="-3.805110000">
        <ele>242.000</ele>
      </trkpt>
      <trkpt lat="43.208250000" lon="-3.805100000">
        <ele>241.000</ele>
      </trkpt>
      <trkpt lat="43.208520000" lon="-3.805120000">
        <ele>240.000</ele>
      </trkpt>
      <trkpt lat="43.208780000" lon="-3.805200000">
        <ele>239.000</ele>
      </trkpt>
      <trkpt lat="43.209540000" lon="-3.805560000">
        <ele>237.000</ele>
      </trkpt>
      <trkpt lat="43.210420000" lon="-3.805980000">
        <ele>236.000</ele>
      </trkpt>
      <trkpt lat="43.210520000" lon="-3.806020000">
        <ele>236.000</ele>
      </trkpt>
      <trkpt lat="43.210620000" lon="-3.806030000">
        <ele>235.000</ele>
      </trkpt>
      <trkpt lat="43.210650000" lon="-3.806020000">
        <ele>235.000</ele>
      </trkpt>
      <trkpt lat="43.210940000" lon="-3.805780000">
        <ele>235.000</ele>
      </trkpt>
      <trkpt lat="43.211030000" lon="-3.805700000">
        <ele>235.000</ele>
      </trkpt>
      <trkpt lat="43.211080000" lon="-3.805630000">
        <ele>235.000</ele>
      </trkpt>
      <trkpt lat="43.211160000" lon="-3.805460000">
        <ele>235.000</ele>
      </trkpt>
      <trkpt lat="43.211190000" lon="-3.805310000">
        <ele>235.000</ele>
      </trkpt>
      <trkpt lat="43.211160000" lon="-3.805220000">
        <ele>235.000</ele>
      </trkpt>
      <trkpt lat="43.210770000" lon="-3.804780000">
        <ele>237.000</ele>
      </trkpt>
      <trkpt lat="43.210700000" lon="-3.804640000">
        <ele>238.000</ele>
      </trkpt>
      <trkpt lat="43.210610000" lon="-3.804330000">
        <ele>239.000</ele>
      </trkpt>
      <trkpt lat="43.210580000" lon="-3.804160000">
        <ele>241.000</ele>
      </trkpt>
      <trkpt lat="43.210560000" lon="-3.803950000">
        <ele>242.000</ele>
      </trkpt>
      <trkpt lat="43.210570000" lon="-3.803870000">
        <ele>243.000</ele>
      </trkpt>
      <trkpt lat="43.210660000" lon="-3.803360000">
        <ele>245.000</ele>
      </trkpt>
      <trkpt lat="43.210690000" lon="-3.803250000">
        <ele>246.000</ele>
      </trkpt>
      <trkpt lat="43.210820000" lon="-3.802950000">
        <ele>247.000</ele>
      </trkpt>
      <trkpt lat="43.210930000" lon="-3.802740000">
        <ele>248.000</ele>
      </trkpt>
      <trkpt lat="43.211000000" lon="-3.802670000">
        <ele>249.000</ele>
      </trkpt>
      <trkpt lat="43.211080000" lon="-3.802630000">
        <ele>250.000</ele>
      </trkpt>
      <trkpt lat="43.211240000" lon="-3.802630000">
        <ele>250.000</ele>
      </trkpt>
      <trkpt lat="43.211550000" lon="-3.802730000">
        <ele>251.000</ele>
      </trkpt>
      <trkpt lat="43.211840000" lon="-3.802790000">
        <ele>252.000</ele>
      </trkpt>
      <trkpt lat="43.212030000" lon="-3.802760000">
        <ele>253.000</ele>
      </trkpt>
      <trkpt lat="43.212160000" lon="-3.802700000">
        <ele>253.000</ele>
      </trkpt>
      <trkpt lat="43.212300000" lon="-3.802620000">
        <ele>254.000</ele>
      </trkpt>
      <trkpt lat="43.212400000" lon="-3.802520000">
        <ele>255.000</ele>
      </trkpt>
      <trkpt lat="43.212550000" lon="-3.802330000">
        <ele>256.000</ele>
      </trkpt>
      <trkpt lat="43.212700000" lon="-3.802060000">
        <ele>257.000</ele>
      </trkpt>
      <trkpt lat="43.212740000" lon="-3.801930000">
        <ele>257.000</ele>
      </trkpt>
      <trkpt lat="43.212760000" lon="-3.801780000">
        <ele>258.000</ele>
      </trkpt>
      <trkpt lat="43.212780000" lon="-3.801450000">
        <ele>259.000</ele>
      </trkpt>
      <trkpt lat="43.212720000" lon="-3.800800000">
        <ele>261.000</ele>
      </trkpt>
      <trkpt lat="43.212670000" lon="-3.800570000">
        <ele>262.000</ele>
      </trkpt>
      <trkpt lat="43.212450000" lon="-3.799820000">
        <ele>264.000</ele>
      </trkpt>
      <trkpt lat="43.212410000" lon="-3.799630000">
        <ele>265.000</ele>
      </trkpt>
      <trkpt lat="43.212390000" lon="-3.799320000">
        <ele>268.000</ele>
      </trkpt>
      <trkpt lat="43.212410000" lon="-3.798860000">
        <ele>270.000</ele>
      </trkpt>
      <trkpt lat="43.212390000" lon="-3.798690000">
        <ele>272.000</ele>
      </trkpt>
      <trkpt lat="43.212340000" lon="-3.798490000">
        <ele>274.000</ele>
      </trkpt>
      <trkpt lat="43.212050000" lon="-3.797930000">
        <ele>278.000</ele>
      </trkpt>
      <trkpt lat="43.211930000" lon="-3.797600000">
        <ele>281.000</ele>
      </trkpt>
      <trkpt lat="43.211910000" lon="-3.797450000">
        <ele>283.000</ele>
      </trkpt>
      <trkpt lat="43.211910000" lon="-3.796880000">
        <ele>287.000</ele>
      </trkpt>
      <trkpt lat="43.211880000" lon="-3.796720000">
        <ele>289.000</ele>
      </trkpt>
      <trkpt lat="43.211840000" lon="-3.796560000">
        <ele>292.000</ele>
      </trkpt>
      <trkpt lat="43.211680000" lon="-3.796240000">
        <ele>294.000</ele>
      </trkpt>
      <trkpt lat="43.211520000" lon="-3.796060000">
        <ele>297.000</ele>
      </trkpt>
      <trkpt lat="43.211370000" lon="-3.795920000">
        <ele>299.000</ele>
      </trkpt>
      <trkpt lat="43.211220000" lon="-3.795840000">
        <ele>301.000</ele>
      </trkpt>
      <trkpt lat="43.210940000" lon="-3.795760000">
        <ele>304.000</ele>
      </trkpt>
      <trkpt lat="43.209970000" lon="-3.795700000">
        <ele>310.000</ele>
      </trkpt>
      <trkpt lat="43.209840000" lon="-3.795650000">
        <ele>313.000</ele>
      </trkpt>
      <trkpt lat="43.209720000" lon="-3.795510000">
        <ele>316.000</ele>
      </trkpt>
      <trkpt lat="43.209670000" lon="-3.795410000">
        <ele>317.000</ele>
      </trkpt>
      <trkpt lat="43.209540000" lon="-3.794950000">
        <ele>319.000</ele>
      </trkpt>
      <trkpt lat="43.209510000" lon="-3.794690000">
        <ele>320.000</ele>
      </trkpt>
      <trkpt lat="43.209520000" lon="-3.794500000">
        <ele>320.000</ele>
      </trkpt>
      <trkpt lat="43.209570000" lon="-3.794280000">
        <ele>321.000</ele>
      </trkpt>
      <trkpt lat="43.209750000" lon="-3.793870000">
        <ele>321.000</ele>
      </trkpt>
      <trkpt lat="43.209790000" lon="-3.793740000">
        <ele>322.000</ele>
      </trkpt>
      <trkpt lat="43.209810000" lon="-3.793610000">
        <ele>322.000</ele>
      </trkpt>
      <trkpt lat="43.209780000" lon="-3.793350000">
        <ele>322.000</ele>
      </trkpt>
      <trkpt lat="43.209660000" lon="-3.792910000">
        <ele>323.000</ele>
      </trkpt>
      <trkpt lat="43.209410000" lon="-3.792150000">
        <ele>325.000</ele>
      </trkpt>
      <trkpt lat="43.209330000" lon="-3.791630000">
        <ele>328.000</ele>
      </trkpt>
      <trkpt lat="43.209250000" lon="-3.791350000">
        <ele>330.000</ele>
      </trkpt>
      <trkpt lat="43.209030000" lon="-3.790850000">
        <ele>332.000</ele>
      </trkpt>
      <trkpt lat="43.209030000" lon="-3.790840000">
        <ele>334.000</ele>
      </trkpt>
      <trkpt lat="43.209030000" lon="-3.790840000">
        <ele>335.000</ele>
      </trkpt>
      <trkpt lat="43.208530000" lon="-3.789820000">
        <ele>335.000</ele>
      </trkpt>
      <trkpt lat="43.208460000" lon="-3.789650000">
        <ele>335.000</ele>
      </trkpt>
      <trkpt lat="43.208410000" lon="-3.789460000">
        <ele>335.000</ele>
      </trkpt>
      <trkpt lat="43.208360000" lon="-3.789220000">
        <ele>335.000</ele>
      </trkpt>
      <trkpt lat="43.208350000" lon="-3.789010000">
        <ele>335.000</ele>
      </trkpt>
      <trkpt lat="43.208330000" lon="-3.788230000">
        <ele>335.000</ele>
      </trkpt>
      <trkpt lat="43.208260000" lon="-3.787880000">
        <ele>336.000</ele>
      </trkpt>
      <trkpt lat="43.208110000" lon="-3.787410000">
        <ele>341.000</ele>
      </trkpt>
      <trkpt lat="43.208060000" lon="-3.787120000">
        <ele>345.000</ele>
      </trkpt>
      <trkpt lat="43.208060000" lon="-3.786980000">
        <ele>349.000</ele>
      </trkpt>
      <trkpt lat="43.208070000" lon="-3.786880000">
        <ele>353.000</ele>
      </trkpt>
      <trkpt lat="43.208140000" lon="-3.786700000">
        <ele>356.000</ele>
      </trkpt>
      <trkpt lat="43.208310000" lon="-3.786530000">
        <ele>360.000</ele>
      </trkpt>
      <trkpt lat="43.208500000" lon="-3.786440000">
        <ele>364.000</ele>
      </trkpt>
      <trkpt lat="43.208710000" lon="-3.786230000">
        <ele>369.000</ele>
      </trkpt>
      <trkpt lat="43.209070000" lon="-3.785740000">
        <ele>373.000</ele>
      </trkpt>
      <trkpt lat="43.209200000" lon="-3.785550000">
        <ele>376.000</ele>
      </trkpt>
      <trkpt lat="43.209290000" lon="-3.785380000">
        <ele>378.000</ele>
      </trkpt>
      <trkpt lat="43.209330000" lon="-3.785200000">
        <ele>380.000</ele>
      </trkpt>
      <trkpt lat="43.209340000" lon="-3.785030000">
        <ele>381.000</ele>
      </trkpt>
      <trkpt lat="43.209270000" lon="-3.783830000">
        <ele>382.000</ele>
      </trkpt>
      <trkpt lat="43.209210000" lon="-3.782990000">
        <ele>387.000</ele>
      </trkpt>
      <trkpt lat="43.209240000" lon="-3.782780000">
        <ele>392.000</ele>
      </trkpt>
      <trkpt lat="43.209300000" lon="-3.782570000">
        <ele>396.000</ele>
      </trkpt>
      <trkpt lat="43.209360000" lon="-3.782380000">
        <ele>400.000</ele>
      </trkpt>
      <trkpt lat="43.209590000" lon="-3.781590000">
        <ele>407.000</ele>
      </trkpt>
      <trkpt lat="43.209620000" lon="-3.781360000">
        <ele>412.000</ele>
      </trkpt>
      <trkpt lat="43.209690000" lon="-3.780230000">
        <ele>416.000</ele>
      </trkpt>
      <trkpt lat="43.209660000" lon="-3.780040000">
        <ele>419.000</ele>
      </trkpt>
      <trkpt lat="43.209250000" lon="-3.778500000">
        <ele>421.000</ele>
      </trkpt>
      <trkpt lat="43.209200000" lon="-3.778200000">
        <ele>422.000</ele>
      </trkpt>
      <trkpt lat="43.209180000" lon="-3.778020000">
        <ele>422.000</ele>
      </trkpt>
      <trkpt lat="43.209230000" lon="-3.777450000">
        <ele>422.000</ele>
      </trkpt>
      <trkpt lat="43.209230000" lon="-3.777280000">
        <ele>421.000</ele>
      </trkpt>
      <trkpt lat="43.209190000" lon="-3.776850000">
        <ele>420.000</ele>
      </trkpt>
      <trkpt lat="43.209190000" lon="-3.776550000">
        <ele>420.000</ele>
      </trkpt>
      <trkpt lat="43.209210000" lon="-3.776390000">
        <ele>419.000</ele>
      </trkpt>
      <trkpt lat="43.209390000" lon="-3.775540000">
        <ele>417.000</ele>
      </trkpt>
      <trkpt lat="43.209460000" lon="-3.774870000">
        <ele>415.000</ele>
      </trkpt>
      <trkpt lat="43.209440000" lon="-3.774560000">
        <ele>413.000</ele>
      </trkpt>
      <trkpt lat="43.209360000" lon="-3.774180000">
        <ele>412.000</ele>
      </trkpt>
      <trkpt lat="43.209340000" lon="-3.773910000">
        <ele>410.000</ele>
      </trkpt>
      <trkpt lat="43.209410000" lon="-3.773530000">
        <ele>408.000</ele>
      </trkpt>
      <trkpt lat="43.209430000" lon="-3.773290000">
        <ele>407.000</ele>
      </trkpt>
      <trkpt lat="43.209390000" lon="-3.772690000">
        <ele>405.000</ele>
      </trkpt>
      <trkpt lat="43.209190000" lon="-3.771590000">
        <ele>401.000</ele>
      </trkpt>
      <trkpt lat="43.209010000" lon="-3.771020000">
        <ele>397.000</ele>
      </trkpt>
      <trkpt lat="43.208980000" lon="-3.770910000">
        <ele>394.000</ele>
      </trkpt>
      <trkpt lat="43.208970000" lon="-3.770810000">
        <ele>392.000</ele>
      </trkpt>
      <trkpt lat="43.208970000" lon="-3.770200000">
        <ele>389.000</ele>
      </trkpt>
      <trkpt lat="43.208960000" lon="-3.770130000">
        <ele>387.000</ele>
      </trkpt>
      <trkpt lat="43.208880000" lon="-3.770010000">
        <ele>385.000</ele>
      </trkpt>
      <trkpt lat="43.208770000" lon="-3.769950000">
        <ele>383.000</ele>
      </trkpt>
      <trkpt lat="43.208660000" lon="-3.769990000">
        <ele>381.000</ele>
      </trkpt>
      <trkpt lat="43.208590000" lon="-3.770050000">
        <ele>379.000</ele>
      </trkpt>
      <trkpt lat="43.208510000" lon="-3.770160000">
        <ele>377.000</ele>
      </trkpt>
      <trkpt lat="43.208350000" lon="-3.770460000">
        <ele>374.000</ele>
      </trkpt>
      <trkpt lat="43.208320000" lon="-3.770600000">
        <ele>372.000</ele>
      </trkpt>
      <trkpt lat="43.208320000" lon="-3.770800000">
        <ele>369.000</ele>
      </trkpt>
      <trkpt lat="43.208340000" lon="-3.771010000">
        <ele>367.000</ele>
      </trkpt>
      <trkpt lat="43.208340000" lon="-3.771210000">
        <ele>364.000</ele>
      </trkpt>
      <trkpt lat="43.208280000" lon="-3.771610000">
        <ele>361.000</ele>
      </trkpt>
      <trkpt lat="43.208220000" lon="-3.771730000">
        <ele>358.000</ele>
      </trkpt>
      <trkpt lat="43.208040000" lon="-3.771970000">
        <ele>356.000</ele>
      </trkpt>
      <trkpt lat="43.207890000" lon="-3.772110000">
        <ele>354.000</ele>
      </trkpt>
      <trkpt lat="43.207420000" lon="-3.772470000">
        <ele>352.000</ele>
      </trkpt>
      <trkpt lat="43.207300000" lon="-3.772610000">
        <ele>351.000</ele>
      </trkpt>
      <trkpt lat="43.207210000" lon="-3.772810000">
        <ele>350.000</ele>
      </trkpt>
      <trkpt lat="43.207190000" lon="-3.773030000">
        <ele>349.000</ele>
      </trkpt>
      <trkpt lat="43.207220000" lon="-3.773580000">
        <ele>348.000</ele>
      </trkpt>
      <trkpt lat="43.207210000" lon="-3.773730000">
        <ele>348.000</ele>
      </trkpt>
      <trkpt lat="43.207200000" lon="-3.773820000">
        <ele>348.000</ele>
      </trkpt>
      <trkpt lat="43.207140000" lon="-3.773990000">
        <ele>348.000</ele>
      </trkpt>
      <trkpt lat="43.207070000" lon="-3.774080000">
        <ele>349.000</ele>
      </trkpt>
      <trkpt lat="43.206970000" lon="-3.774160000">
        <ele>351.000</ele>
      </trkpt>
      <trkpt lat="43.206820000" lon="-3.774250000">
        <ele>352.000</ele>
      </trkpt>
      <trkpt lat="43.206600000" lon="-3.774310000">
        <ele>354.000</ele>
      </trkpt>
      <trkpt lat="43.206440000" lon="-3.774410000">
        <ele>357.000</ele>
      </trkpt>
      <trkpt lat="43.206280000" lon="-3.774520000">
        <ele>359.000</ele>
      </trkpt>
      <trkpt lat="43.206020000" lon="-3.774820000">
        <ele>362.000</ele>
      </trkpt>
      <trkpt lat="43.205950000" lon="-3.774940000">
        <ele>365.000</ele>
      </trkpt>
      <trkpt lat="43.205810000" lon="-3.775560000">
        <ele>369.000</ele>
      </trkpt>
      <trkpt lat="43.205750000" lon="-3.775710000">
        <ele>373.000</ele>
      </trkpt>
      <trkpt lat="43.205290000" lon="-3.776520000">
        <ele>378.000</ele>
      </trkpt>
      <trkpt lat="43.205290000" lon="-3.776520000">
        <ele>381.000</ele>
      </trkpt>
      <trkpt lat="43.205080000" lon="-3.776880000">
        <ele>385.000</ele>
      </trkpt>
      <trkpt lat="43.204990000" lon="-3.777010000">
        <ele>388.000</ele>
      </trkpt>
      <trkpt lat="43.204840000" lon="-3.777140000">
        <ele>391.000</ele>
      </trkpt>
      <trkpt lat="43.204740000" lon="-3.777210000">
        <ele>393.000</ele>
      </trkpt>
      <trkpt lat="43.204300000" lon="-3.777420000">
        <ele>397.000</ele>
      </trkpt>
      <trkpt lat="43.204110000" lon="-3.777480000">
        <ele>399.000</ele>
      </trkpt>
      <trkpt lat="43.203990000" lon="-3.777460000">
        <ele>402.000</ele>
      </trkpt>
      <trkpt lat="43.203810000" lon="-3.777350000">
        <ele>404.000</ele>
      </trkpt>
      <trkpt lat="43.203690000" lon="-3.777150000">
        <ele>406.000</ele>
      </trkpt>
      <trkpt lat="43.203650000" lon="-3.777010000">
        <ele>407.000</ele>
      </trkpt>
      <trkpt lat="43.203610000" lon="-3.776650000">
        <ele>409.000</ele>
      </trkpt>
      <trkpt lat="43.203610000" lon="-3.776260000">
        <ele>411.000</ele>
      </trkpt>
      <trkpt lat="43.203640000" lon="-3.775840000">
        <ele>413.000</ele>
      </trkpt>
      <trkpt lat="43.203700000" lon="-3.775470000">
        <ele>415.000</ele>
      </trkpt>
      <trkpt lat="43.203770000" lon="-3.774950000">
        <ele>418.000</ele>
      </trkpt>
      <trkpt lat="43.203790000" lon="-3.774720000">
        <ele>420.000</ele>
      </trkpt>
      <trkpt lat="43.203790000" lon="-3.774500000">
        <ele>422.000</ele>
      </trkpt>
      <trkpt lat="43.203740000" lon="-3.773350000">
        <ele>425.000</ele>
      </trkpt>
      <trkpt lat="43.203670000" lon="-3.772760000">
        <ele>429.000</ele>
      </trkpt>
      <trkpt lat="43.203540000" lon="-3.772270000">
        <ele>432.000</ele>
      </trkpt>
      <trkpt lat="43.203220000" lon="-3.771480000">
        <ele>438.000</ele>
      </trkpt>
      <trkpt lat="43.202980000" lon="-3.770830000">
        <ele>444.000</ele>
      </trkpt>
      <trkpt lat="43.202920000" lon="-3.770570000">
        <ele>448.000</ele>
      </trkpt>
      <trkpt lat="43.202910000" lon="-3.770370000">
        <ele>452.000</ele>
      </trkpt>
      <trkpt lat="43.202950000" lon="-3.770230000">
        <ele>455.000</ele>
      </trkpt>
      <trkpt lat="43.203050000" lon="-3.770110000">
        <ele>457.000</ele>
      </trkpt>
      <trkpt lat="43.203150000" lon="-3.770010000">
        <ele>459.000</ele>
      </trkpt>
      <trkpt lat="43.203290000" lon="-3.769890000">
        <ele>461.000</ele>
      </trkpt>
      <trkpt lat="43.203340000" lon="-3.769800000">
        <ele>462.000</ele>
      </trkpt>
      <trkpt lat="43.203580000" lon="-3.769240000">
        <ele>465.000</ele>
      </trkpt>
      <trkpt lat="43.203620000" lon="-3.769070000">
        <ele>467.000</ele>
      </trkpt>
      <trkpt lat="43.203680000" lon="-3.768680000">
        <ele>469.000</ele>
      </trkpt>
      <trkpt lat="43.203700000" lon="-3.768420000">
        <ele>471.000</ele>
      </trkpt>
      <trkpt lat="43.203700000" lon="-3.767750000">
        <ele>474.000</ele>
      </trkpt>
      <trkpt lat="43.203730000" lon="-3.767510000">
        <ele>475.000</ele>
      </trkpt>
      <trkpt lat="43.203830000" lon="-3.767080000">
        <ele>476.000</ele>
      </trkpt>
      <trkpt lat="43.204110000" lon="-3.766270000">
        <ele>475.000</ele>
      </trkpt>
      <trkpt lat="43.204160000" lon="-3.765970000">
        <ele>473.000</ele>
      </trkpt>
      <trkpt lat="43.204180000" lon="-3.765660000">
        <ele>472.000</ele>
      </trkpt>
      <trkpt lat="43.204220000" lon="-3.765430000">
        <ele>471.000</ele>
      </trkpt>
      <trkpt lat="43.204440000" lon="-3.764900000">
        <ele>469.000</ele>
      </trkpt>
      <trkpt lat="43.204540000" lon="-3.764660000">
        <ele>469.000</ele>
      </trkpt>
      <trkpt lat="43.204580000" lon="-3.764490000">
        <ele>470.000</ele>
      </trkpt>
      <trkpt lat="43.204590000" lon="-3.764330000">
        <ele>472.000</ele>
      </trkpt>
      <trkpt lat="43.204590000" lon="-3.763740000">
        <ele>476.000</ele>
      </trkpt>
      <trkpt lat="43.204640000" lon="-3.763380000">
        <ele>480.000</ele>
      </trkpt>
      <trkpt lat="43.204720000" lon="-3.762910000">
        <ele>486.000</ele>
      </trkpt>
      <trkpt lat="43.204750000" lon="-3.762630000">
        <ele>491.000</ele>
      </trkpt>
      <trkpt lat="43.204720000" lon="-3.762220000">
        <ele>496.000</ele>
      </trkpt>
      <trkpt lat="43.204670000" lon="-3.761860000">
        <ele>501.000</ele>
      </trkpt>
      <trkpt lat="43.204670000" lon="-3.761630000">
        <ele>503.000</ele>
      </trkpt>
      <trkpt lat="43.204720000" lon="-3.761420000">
        <ele>506.000</ele>
      </trkpt>
      <trkpt lat="43.204860000" lon="-3.761050000">
        <ele>508.000</ele>
      </trkpt>
      <trkpt lat="43.204900000" lon="-3.760900000">
        <ele>509.000</ele>
      </trkpt>
      <trkpt lat="43.204930000" lon="-3.760650000">
        <ele>510.000</ele>
      </trkpt>
      <trkpt lat="43.204930000" lon="-3.760650000">
        <ele>511.000</ele>
      </trkpt>
      <trkpt lat="43.205000000" lon="-3.760150000">
        <ele>512.000</ele>
      </trkpt>
      <trkpt lat="43.205070000" lon="-3.759930000">
        <ele>513.000</ele>
      </trkpt>
      <trkpt lat="43.205140000" lon="-3.759790000">
        <ele>514.000</ele>
      </trkpt>
      <trkpt lat="43.205440000" lon="-3.759340000">
        <ele>516.000</ele>
      </trkpt>
      <trkpt lat="43.205490000" lon="-3.759180000">
        <ele>518.000</ele>
      </trkpt>
      <trkpt lat="43.205540000" lon="-3.758870000">
        <ele>520.000</ele>
      </trkpt>
      <trkpt lat="43.205670000" lon="-3.758360000">
        <ele>524.000</ele>
      </trkpt>
      <trkpt lat="43.205750000" lon="-3.758180000">
        <ele>526.000</ele>
      </trkpt>
      <trkpt lat="43.206410000" lon="-3.757460000">
        <ele>531.000</ele>
      </trkpt>
      <trkpt lat="43.206630000" lon="-3.757180000">
        <ele>535.000</ele>
      </trkpt>
      <trkpt lat="43.206710000" lon="-3.756980000">
        <ele>539.000</ele>
      </trkpt>
      <trkpt lat="43.206730000" lon="-3.756800000">
        <ele>541.000</ele>
      </trkpt>
      <trkpt lat="43.206690000" lon="-3.756570000">
        <ele>543.000</ele>
      </trkpt>
      <trkpt lat="43.206590000" lon="-3.756220000">
        <ele>545.000</ele>
      </trkpt>
      <trkpt lat="43.206580000" lon="-3.756000000">
        <ele>547.000</ele>
      </trkpt>
      <trkpt lat="43.206670000" lon="-3.755660000">
        <ele>549.000</ele>
      </trkpt>
      <trkpt lat="43.206830000" lon="-3.755240000">
        <ele>551.000</ele>
      </trkpt>
      <trkpt lat="43.206920000" lon="-3.755080000">
        <ele>552.000</ele>
      </trkpt>
      <trkpt lat="43.207200000" lon="-3.754760000">
        <ele>555.000</ele>
      </trkpt>
      <trkpt lat="43.207270000" lon="-3.754580000">
        <ele>557.000</ele>
      </trkpt>
      <trkpt lat="43.207280000" lon="-3.754420000">
        <ele>559.000</ele>
      </trkpt>
      <trkpt lat="43.207210000" lon="-3.753890000">
        <ele>562.000</ele>
      </trkpt>
      <trkpt lat="43.207190000" lon="-3.753540000">
        <ele>565.000</ele>
      </trkpt>
      <trkpt lat="43.207220000" lon="-3.753260000">
        <ele>567.000</ele>
      </trkpt>
      <trkpt lat="43.207370000" lon="-3.752690000">
        <ele>571.000</ele>
      </trkpt>
      <trkpt lat="43.207400000" lon="-3.752560000">
        <ele>573.000</ele>
      </trkpt>
      <trkpt lat="43.207380000" lon="-3.752220000">
        <ele>575.000</ele>
      </trkpt>
      <trkpt lat="43.207370000" lon="-3.752140000">
        <ele>577.000</ele>
      </trkpt>
      <trkpt lat="43.207340000" lon="-3.751760000">
        <ele>578.000</ele>
      </trkpt>
      <trkpt lat="43.207320000" lon="-3.751260000">
        <ele>580.000</ele>
      </trkpt>
      <trkpt lat="43.207340000" lon="-3.750940000">
        <ele>581.000</ele>
      </trkpt>
      <trkpt lat="43.207390000" lon="-3.750740000">
        <ele>583.000</ele>
      </trkpt>
      <trkpt lat="43.207430000" lon="-3.750660000">
        <ele>584.000</ele>
      </trkpt>
      <trkpt lat="43.207550000" lon="-3.750540000">
        <ele>585.000</ele>
      </trkpt>
      <trkpt lat="43.207620000" lon="-3.750500000">
        <ele>585.000</ele>
      </trkpt>
      <trkpt lat="43.207890000" lon="-3.750400000">
        <ele>586.000</ele>
      </trkpt>
      <trkpt lat="43.207990000" lon="-3.750340000">
        <ele>588.000</ele>
      </trkpt>
      <trkpt lat="43.208060000" lon="-3.750270000">
        <ele>589.000</ele>
      </trkpt>
      <trkpt lat="43.208120000" lon="-3.750180000">
        <ele>591.000</ele>
      </trkpt>
      <trkpt lat="43.208240000" lon="-3.749860000">
        <ele>593.000</ele>
      </trkpt>
      <trkpt lat="43.208320000" lon="-3.749490000">
        <ele>596.000</ele>
      </trkpt>
      <trkpt lat="43.208440000" lon="-3.748810000">
        <ele>601.000</ele>
      </trkpt>
      <trkpt lat="43.208510000" lon="-3.748580000">
        <ele>606.000</ele>
      </trkpt>
      <trkpt lat="43.208680000" lon="-3.748320000">
        <ele>610.000</ele>
      </trkpt>
      <trkpt lat="43.209040000" lon="-3.747830000">
        <ele>616.000</ele>
      </trkpt>
      <trkpt lat="43.209390000" lon="-3.747310000">
        <ele>620.000</ele>
      </trkpt>
      <trkpt lat="43.209450000" lon="-3.747170000">
        <ele>622.000</ele>
      </trkpt>
      <trkpt lat="43.209710000" lon="-3.746420000">
        <ele>624.000</ele>
      </trkpt>
      <trkpt lat="43.210030000" lon="-3.745340000">
        <ele>625.000</ele>
      </trkpt>
      <trkpt lat="43.210120000" lon="-3.745150000">
        <ele>626.000</ele>
      </trkpt>
      <trkpt lat="43.210430000" lon="-3.744690000">
        <ele>628.000</ele>
      </trkpt>
      <trkpt lat="43.210570000" lon="-3.744520000">
        <ele>629.000</ele>
      </trkpt>
      <trkpt lat="43.210650000" lon="-3.744450000">
        <ele>630.000</ele>
      </trkpt>
      <trkpt lat="43.210760000" lon="-3.744410000">
        <ele>631.000</ele>
      </trkpt>
      <trkpt lat="43.210870000" lon="-3.744440000">
        <ele>631.000</ele>
      </trkpt>
      <trkpt lat="43.210950000" lon="-3.744520000">
        <ele>632.000</ele>
      </trkpt>
      <trkpt lat="43.211000000" lon="-3.744680000">
        <ele>633.000</ele>
      </trkpt>
      <trkpt lat="43.210990000" lon="-3.744830000">
        <ele>633.000</ele>
      </trkpt>
      <trkpt lat="43.210970000" lon="-3.744900000">
        <ele>634.000</ele>
      </trkpt>
      <trkpt lat="43.210910000" lon="-3.745010000">
        <ele>634.000</ele>
      </trkpt>
      <trkpt lat="43.210590000" lon="-3.745550000">
        <ele>635.000</ele>
      </trkpt>
      <trkpt lat="43.210520000" lon="-3.745710000">
        <ele>637.000</ele>
      </trkpt>
      <trkpt lat="43.210500000" lon="-3.745790000">
        <ele>639.000</ele>
      </trkpt>
      <trkpt lat="43.210490000" lon="-3.746000000">
        <ele>641.000</ele>
      </trkpt>
      <trkpt lat="43.210550000" lon="-3.746610000">
        <ele>646.000</ele>
      </trkpt>
      <trkpt lat="43.210560000" lon="-3.746840000">
        <ele>650.000</ele>
      </trkpt>
      <trkpt lat="43.210550000" lon="-3.746940000">
        <ele>654.000</ele>
      </trkpt>
      <trkpt lat="43.210500000" lon="-3.747150000">
        <ele>657.000</ele>
      </trkpt>
      <trkpt lat="43.210450000" lon="-3.747260000">
        <ele>660.000</ele>
      </trkpt>
      <trkpt lat="43.210140000" lon="-3.747720000">
        <ele>666.000</ele>
      </trkpt>
      <trkpt lat="43.210060000" lon="-3.747940000">
        <ele>671.000</ele>
      </trkpt>
      <trkpt lat="43.210030000" lon="-3.748520000">
        <ele>670.000</ele>
      </trkpt>
      <trkpt lat="43.209890000" lon="-3.749470000">
        <ele>663.000</ele>
      </trkpt>
      <trkpt lat="43.209900000" lon="-3.749640000">
        <ele>656.000</ele>
      </trkpt>
      <trkpt lat="43.209920000" lon="-3.749720000">
        <ele>652.000</ele>
      </trkpt>
      <trkpt lat="43.209980000" lon="-3.749820000">
        <ele>648.000</ele>
      </trkpt>
      <trkpt lat="43.210060000" lon="-3.749880000">
        <ele>644.000</ele>
      </trkpt>
      <trkpt lat="43.210100000" lon="-3.749890000">
        <ele>641.000</ele>
      </trkpt>
      <trkpt lat="43.210210000" lon="-3.749860000">
        <ele>638.000</ele>
      </trkpt>
      <trkpt lat="43.210340000" lon="-3.749780000">
        <ele>635.000</ele>
      </trkpt>
      <trkpt lat="43.211150000" lon="-3.749010000">
        <ele>636.000</ele>
      </trkpt>
      <trkpt lat="43.211490000" lon="-3.748750000">
        <ele>637.000</ele>
      </trkpt>
      <trkpt lat="43.211490000" lon="-3.748750000">
        <ele>638.000</ele>
      </trkpt>
      <trkpt lat="43.211660000" lon="-3.748620000">
        <ele>640.000</ele>
      </trkpt>
      <trkpt lat="43.211770000" lon="-3.748510000">
        <ele>641.000</ele>
      </trkpt>
      <trkpt lat="43.211900000" lon="-3.748380000">
        <ele>642.000</ele>
      </trkpt>
      <trkpt lat="43.212020000" lon="-3.748200000">
        <ele>643.000</ele>
      </trkpt>
      <trkpt lat="43.212080000" lon="-3.747970000">
        <ele>645.000</ele>
      </trkpt>
      <trkpt lat="43.212160000" lon="-3.747450000">
        <ele>647.000</ele>
      </trkpt>
      <trkpt lat="43.212250000" lon="-3.747210000">
        <ele>649.000</ele>
      </trkpt>
      <trkpt lat="43.212320000" lon="-3.747040000">
        <ele>651.000</ele>
      </trkpt>
      <trkpt lat="43.212400000" lon="-3.746920000">
        <ele>653.000</ele>
      </trkpt>
      <trkpt lat="43.212480000" lon="-3.746820000">
        <ele>654.000</ele>
      </trkpt>
      <trkpt lat="43.212570000" lon="-3.746750000">
        <ele>656.000</ele>
      </trkpt>
      <trkpt lat="43.212680000" lon="-3.746710000">
        <ele>657.000</ele>
      </trkpt>
      <trkpt lat="43.212800000" lon="-3.746680000">
        <ele>658.000</ele>
      </trkpt>
      <trkpt lat="43.213100000" lon="-3.746700000">
        <ele>660.000</ele>
      </trkpt>
      <trkpt lat="43.213240000" lon="-3.746660000">
        <ele>661.000</ele>
      </trkpt>
      <trkpt lat="43.213380000" lon="-3.746520000">
        <ele>663.000</ele>
      </trkpt>
      <trkpt lat="43.213620000" lon="-3.746140000">
        <ele>665.000</ele>
      </trkpt>
      <trkpt lat="43.213700000" lon="-3.745980000">
        <ele>667.000</ele>
      </trkpt>
      <trkpt lat="43.213780000" lon="-3.745690000">
        <ele>669.000</ele>
      </trkpt>
      <trkpt lat="43.213810000" lon="-3.745260000">
        <ele>671.000</ele>
      </trkpt>
      <trkpt lat="43.213830000" lon="-3.743760000">
        <ele>675.000</ele>
      </trkpt>
      <trkpt lat="43.213870000" lon="-3.743550000">
        <ele>678.000</ele>
      </trkpt>
      <trkpt lat="43.213910000" lon="-3.743430000">
        <ele>681.000</ele>
      </trkpt>
      <trkpt lat="43.214060000" lon="-3.743150000">
        <ele>684.000</ele>
      </trkpt>
      <trkpt lat="43.214270000" lon="-3.742880000">
        <ele>686.000</ele>
      </trkpt>
      <trkpt lat="43.215720000" lon="-3.741270000">
        <ele>695.000</ele>
      </trkpt>
      <trkpt lat="43.216160000" lon="-3.740770000">
        <ele>702.000</ele>
      </trkpt>
      <trkpt lat="43.216250000" lon="-3.740640000">
        <ele>707.000</ele>
      </trkpt>
      <trkpt lat="43.216300000" lon="-3.740540000">
        <ele>711.000</ele>
      </trkpt>
      <trkpt lat="43.216350000" lon="-3.740360000">
        <ele>714.000</ele>
      </trkpt>
      <trkpt lat="43.216340000" lon="-3.740200000">
        <ele>716.000</ele>
      </trkpt>
      <trkpt lat="43.216270000" lon="-3.740070000">
        <ele>718.000</ele>
      </trkpt>
      <trkpt lat="43.216220000" lon="-3.740030000">
        <ele>719.000</ele>
      </trkpt>
      <trkpt lat="43.216180000" lon="-3.740010000">
        <ele>721.000</ele>
      </trkpt>
      <trkpt lat="43.215980000" lon="-3.740040000">
        <ele>722.000</ele>
      </trkpt>
      <trkpt lat="43.215730000" lon="-3.740160000">
        <ele>724.000</ele>
      </trkpt>
      <trkpt lat="43.215460000" lon="-3.740360000">
        <ele>726.000</ele>
      </trkpt>
      <trkpt lat="43.215010000" lon="-3.740750000">
        <ele>728.000</ele>
      </trkpt>
      <trkpt lat="43.214760000" lon="-3.740930000">
        <ele>731.000</ele>
      </trkpt>
      <trkpt lat="43.214500000" lon="-3.741090000">
        <ele>733.000</ele>
      </trkpt>
      <trkpt lat="43.214400000" lon="-3.741130000">
        <ele>735.000</ele>
      </trkpt>
      <trkpt lat="43.214310000" lon="-3.741140000">
        <ele>737.000</ele>
      </trkpt>
      <trkpt lat="43.214190000" lon="-3.741080000">
        <ele>738.000</ele>
      </trkpt>
      <trkpt lat="43.214150000" lon="-3.741030000">
        <ele>739.000</ele>
      </trkpt>
      <trkpt lat="43.214100000" lon="-3.740860000">
        <ele>740.000</ele>
      </trkpt>
      <trkpt lat="43.214110000" lon="-3.740670000">
        <ele>741.000</ele>
      </trkpt>
      <trkpt lat="43.214160000" lon="-3.740540000">
        <ele>742.000</ele>
      </trkpt>
      <trkpt lat="43.214660000" lon="-3.740100000">
        <ele>745.000</ele>
      </trkpt>
      <trkpt lat="43.214820000" lon="-3.739880000">
        <ele>748.000</ele>
      </trkpt>
      <trkpt lat="43.214880000" lon="-3.739750000">
        <ele>751.000</ele>
      </trkpt>
      <trkpt lat="43.215180000" lon="-3.738810000">
        <ele>755.000</ele>
      </trkpt>
      <trkpt lat="43.215250000" lon="-3.738670000">
        <ele>759.000</ele>
      </trkpt>
      <trkpt lat="43.215350000" lon="-3.738520000">
        <ele>761.000</ele>
      </trkpt>
      <trkpt lat="43.215460000" lon="-3.738400000">
        <ele>763.000</ele>
      </trkpt>
      <trkpt lat="43.215610000" lon="-3.738300000">
        <ele>764.000</ele>
      </trkpt>
      <trkpt lat="43.215720000" lon="-3.738270000">
        <ele>765.000</ele>
      </trkpt>
      <trkpt lat="43.215820000" lon="-3.738270000">
        <ele>765.000</ele>
      </trkpt>
      <trkpt lat="43.216110000" lon="-3.738360000">
        <ele>766.000</ele>
      </trkpt>
      <trkpt lat="43.216260000" lon="-3.738340000">
        <ele>767.000</ele>
      </trkpt>
      <trkpt lat="43.216440000" lon="-3.738250000">
        <ele>767.000</ele>
      </trkpt>
      <trkpt lat="43.216620000" lon="-3.738060000">
        <ele>768.000</ele>
      </trkpt>
      <trkpt lat="43.216950000" lon="-3.737640000">
        <ele>768.000</ele>
      </trkpt>
      <trkpt lat="43.217100000" lon="-3.737480000">
        <ele>770.000</ele>
      </trkpt>
      <trkpt lat="43.217100000" lon="-3.737480000">
        <ele>771.000</ele>
      </trkpt>
      <trkpt lat="43.218040000" lon="-3.736450000">
        <ele>778.000</ele>
      </trkpt>
      <trkpt lat="43.218140000" lon="-3.736350000">
        <ele>784.000</ele>
      </trkpt>
      <trkpt lat="43.218250000" lon="-3.736280000">
        <ele>789.000</ele>
      </trkpt>
      <trkpt lat="43.218340000" lon="-3.736260000">
        <ele>793.000</ele>
      </trkpt>
      <trkpt lat="43.218490000" lon="-3.736290000">
        <ele>796.000</ele>
      </trkpt>
      <trkpt lat="43.218760000" lon="-3.736520000">
        <ele>798.000</ele>
      </trkpt>
      <trkpt lat="43.218820000" lon="-3.736550000">
        <ele>798.000</ele>
      </trkpt>
      <trkpt lat="43.218870000" lon="-3.736570000">
        <ele>799.000</ele>
      </trkpt>
      <trkpt lat="43.218990000" lon="-3.736550000">
        <ele>799.000</ele>
      </trkpt>
      <trkpt lat="43.219070000" lon="-3.736480000">
        <ele>799.000</ele>
      </trkpt>
      <trkpt lat="43.219140000" lon="-3.736400000">
        <ele>799.000</ele>
      </trkpt>
      <trkpt lat="43.219230000" lon="-3.736140000">
        <ele>798.000</ele>
      </trkpt>
      <trkpt lat="43.219350000" lon="-3.735570000">
        <ele>797.000</ele>
      </trkpt>
      <trkpt lat="43.219470000" lon="-3.734910000">
        <ele>795.000</ele>
      </trkpt>
      <trkpt lat="43.219580000" lon="-3.734670000">
        <ele>795.000</ele>
      </trkpt>
      <trkpt lat="43.219670000" lon="-3.734570000">
        <ele>794.000</ele>
      </trkpt>
      <trkpt lat="43.219930000" lon="-3.734380000">
        <ele>795.000</ele>
      </trkpt>
      <trkpt lat="43.220290000" lon="-3.734090000">
        <ele>797.000</ele>
      </trkpt>
      <trkpt lat="43.220970000" lon="-3.733910000">
        <ele>801.000</ele>
      </trkpt>
      <trkpt lat="43.221200000" lon="-3.733810000">
        <ele>804.000</ele>
      </trkpt>
      <trkpt lat="43.221300000" lon="-3.733730000">
        <ele>806.000</ele>
      </trkpt>
      <trkpt lat="43.221540000" lon="-3.733450000">
        <ele>808.000</ele>
      </trkpt>
      <trkpt lat="43.221990000" lon="-3.732830000">
        <ele>811.000</ele>
      </trkpt>
      <trkpt lat="43.222070000" lon="-3.732690000">
        <ele>814.000</ele>
      </trkpt>
      <trkpt lat="43.222120000" lon="-3.732550000">
        <ele>816.000</ele>
      </trkpt>
      <trkpt lat="43.222210000" lon="-3.732120000">
        <ele>818.000</ele>
      </trkpt>
      <trkpt lat="43.222340000" lon="-3.730440000">
        <ele>823.000</ele>
      </trkpt>
      <trkpt lat="43.222430000" lon="-3.729260000">
        <ele>825.000</ele>
      </trkpt>
      <trkpt lat="43.222510000" lon="-3.728440000">
        <ele>825.000</ele>
      </trkpt>
      <trkpt lat="43.222540000" lon="-3.727970000">
        <ele>824.000</ele>
      </trkpt>
      <trkpt lat="43.222580000" lon="-3.727010000">
        <ele>823.000</ele>
      </trkpt>
      <trkpt lat="43.222590000" lon="-3.726850000">
        <ele>822.000</ele>
      </trkpt>
      <trkpt lat="43.222630000" lon="-3.726680000">
        <ele>822.000</ele>
      </trkpt>
      <trkpt lat="43.222640000" lon="-3.726660000">
        <ele>822.000</ele>
      </trkpt>
      <trkpt lat="43.222640000" lon="-3.726660000">
        <ele>821.000</ele>
      </trkpt>
      <trkpt lat="43.222720000" lon="-3.726470000">
        <ele>821.000</ele>
      </trkpt>
      <trkpt lat="43.223980000" lon="-3.724630000">
        <ele>820.000</ele>
      </trkpt>
      <trkpt lat="43.224480000" lon="-3.723760000">
        <ele>817.000</ele>
      </trkpt>
      <trkpt lat="43.224540000" lon="-3.723610000">
        <ele>815.000</ele>
      </trkpt>
      <trkpt lat="43.224600000" lon="-3.723390000">
        <ele>814.000</ele>
      </trkpt>
      <trkpt lat="43.224700000" lon="-3.722930000">
        <ele>812.000</ele>
      </trkpt>
      <trkpt lat="43.224760000" lon="-3.722730000">
        <ele>810.000</ele>
      </trkpt>
      <trkpt lat="43.225130000" lon="-3.721870000">
        <ele>808.000</ele>
      </trkpt>
      <trkpt lat="43.225210000" lon="-3.721670000">
        <ele>805.000</ele>
      </trkpt>
      <trkpt lat="43.225290000" lon="-3.721300000">
        <ele>802.000</ele>
      </trkpt>
      <trkpt lat="43.225300000" lon="-3.720980000">
        <ele>798.000</ele>
      </trkpt>
      <trkpt lat="43.225290000" lon="-3.720610000">
        <ele>794.000</ele>
      </trkpt>
      <trkpt lat="43.225260000" lon="-3.720410000">
        <ele>791.000</ele>
      </trkpt>
      <trkpt lat="43.225190000" lon="-3.720190000">
        <ele>787.000</ele>
      </trkpt>
      <trkpt lat="43.225050000" lon="-3.719960000">
        <ele>784.000</ele>
      </trkpt>
      <trkpt lat="43.224970000" lon="-3.719780000">
        <ele>781.000</ele>
      </trkpt>
      <trkpt lat="43.224930000" lon="-3.719550000">
        <ele>778.000</ele>
      </trkpt>
      <trkpt lat="43.224920000" lon="-3.719330000">
        <ele>775.000</ele>
      </trkpt>
      <trkpt lat="43.224950000" lon="-3.718880000">
        <ele>771.000</ele>
      </trkpt>
      <trkpt lat="43.225140000" lon="-3.717240000">
        <ele>762.000</ele>
      </trkpt>
      <trkpt lat="43.225240000" lon="-3.716990000">
        <ele>755.000</ele>
      </trkpt>
      <trkpt lat="43.225340000" lon="-3.716860000">
        <ele>750.000</ele>
      </trkpt>
      <trkpt lat="43.225840000" lon="-3.716230000">
        <ele>744.000</ele>
      </trkpt>
      <trkpt lat="43.226810000" lon="-3.715150000">
        <ele>734.000</ele>
      </trkpt>
      <trkpt lat="43.227160000" lon="-3.714790000">
        <ele>725.000</ele>
      </trkpt>
      <trkpt lat="43.227340000" lon="-3.714720000">
        <ele>719.000</ele>
      </trkpt>
      <trkpt lat="43.228090000" lon="-3.714560000">
        <ele>712.000</ele>
      </trkpt>
      <trkpt lat="43.228180000" lon="-3.714560000">
        <ele>707.000</ele>
      </trkpt>
      <trkpt lat="43.228600000" lon="-3.714700000">
        <ele>702.000</ele>
      </trkpt>
      <trkpt lat="43.228780000" lon="-3.714720000">
        <ele>698.000</ele>
      </trkpt>
      <trkpt lat="43.228970000" lon="-3.714640000">
        <ele>695.000</ele>
      </trkpt>
      <trkpt lat="43.229150000" lon="-3.714530000">
        <ele>694.000</ele>
      </trkpt>
      <trkpt lat="43.229540000" lon="-3.714220000">
        <ele>692.000</ele>
      </trkpt>
      <trkpt lat="43.229600000" lon="-3.714190000">
        <ele>691.000</ele>
      </trkpt>
      <trkpt lat="43.229600000" lon="-3.714190000">
        <ele>690.000</ele>
      </trkpt>
      <trkpt lat="43.229650000" lon="-3.714150000">
        <ele>689.000</ele>
      </trkpt>
      <trkpt lat="43.230100000" lon="-3.714020000">
        <ele>688.000</ele>
      </trkpt>
      <trkpt lat="43.230430000" lon="-3.713890000">
        <ele>687.000</ele>
      </trkpt>
      <trkpt lat="43.230570000" lon="-3.713800000">
        <ele>685.000</ele>
      </trkpt>
      <trkpt lat="43.230780000" lon="-3.713580000">
        <ele>682.000</ele>
      </trkpt>
      <trkpt lat="43.231300000" lon="-3.712770000">
        <ele>672.000</ele>
      </trkpt>
      <trkpt lat="43.231410000" lon="-3.712640000">
        <ele>664.000</ele>
      </trkpt>
      <trkpt lat="43.231540000" lon="-3.712530000">
        <ele>658.000</ele>
      </trkpt>
      <trkpt lat="43.231840000" lon="-3.712370000">
        <ele>650.000</ele>
      </trkpt>
      <trkpt lat="43.232010000" lon="-3.712320000">
        <ele>644.000</ele>
      </trkpt>
      <trkpt lat="43.232090000" lon="-3.712320000">
        <ele>640.000</ele>
      </trkpt>
      <trkpt lat="43.232200000" lon="-3.712370000">
        <ele>637.000</ele>
      </trkpt>
      <trkpt lat="43.232310000" lon="-3.712490000">
        <ele>634.000</ele>
      </trkpt>
      <trkpt lat="43.232490000" lon="-3.712800000">
        <ele>631.000</ele>
      </trkpt>
      <trkpt lat="43.232570000" lon="-3.712870000">
        <ele>628.000</ele>
      </trkpt>
      <trkpt lat="43.232740000" lon="-3.712970000">
        <ele>626.000</ele>
      </trkpt>
      <trkpt lat="43.232860000" lon="-3.713000000">
        <ele>623.000</ele>
      </trkpt>
      <trkpt lat="43.233190000" lon="-3.713040000">
        <ele>620.000</ele>
      </trkpt>
      <trkpt lat="43.233330000" lon="-3.713080000">
        <ele>618.000</ele>
      </trkpt>
      <trkpt lat="43.233480000" lon="-3.713270000">
        <ele>615.000</ele>
      </trkpt>
      <trkpt lat="43.233570000" lon="-3.713430000">
        <ele>613.000</ele>
      </trkpt>
      <trkpt lat="43.233620000" lon="-3.713590000">
        <ele>611.000</ele>
      </trkpt>
      <trkpt lat="43.233770000" lon="-3.714140000">
        <ele>609.000</ele>
      </trkpt>
      <trkpt lat="43.233810000" lon="-3.714360000">
        <ele>607.000</ele>
      </trkpt>
      <trkpt lat="43.233830000" lon="-3.714540000">
        <ele>605.000</ele>
      </trkpt>
      <trkpt lat="43.233810000" lon="-3.714940000">
        <ele>603.000</ele>
      </trkpt>
      <trkpt lat="43.233730000" lon="-3.715280000">
        <ele>601.000</ele>
      </trkpt>
      <trkpt lat="43.233710000" lon="-3.715470000">
        <ele>600.000</ele>
      </trkpt>
      <trkpt lat="43.233720000" lon="-3.715680000">
        <ele>598.000</ele>
      </trkpt>
      <trkpt lat="43.233740000" lon="-3.715800000">
        <ele>598.000</ele>
      </trkpt>
      <trkpt lat="43.233940000" lon="-3.716310000">
        <ele>598.000</ele>
      </trkpt>
      <trkpt lat="43.233980000" lon="-3.716450000">
        <ele>599.000</ele>
      </trkpt>
      <trkpt lat="43.234000000" lon="-3.716680000">
        <ele>599.000</ele>
      </trkpt>
      <trkpt lat="43.233970000" lon="-3.716900000">
        <ele>600.000</ele>
      </trkpt>
      <trkpt lat="43.233770000" lon="-3.717530000">
        <ele>602.000</ele>
      </trkpt>
      <trkpt lat="43.233780000" lon="-3.717740000">
        <ele>603.000</ele>
      </trkpt>
      <trkpt lat="43.233810000" lon="-3.717880000">
        <ele>604.000</ele>
      </trkpt>
      <trkpt lat="43.233860000" lon="-3.718000000">
        <ele>605.000</ele>
      </trkpt>
      <trkpt lat="43.233920000" lon="-3.718090000">
        <ele>606.000</ele>
      </trkpt>
      <trkpt lat="43.233990000" lon="-3.718140000">
        <ele>605.000</ele>
      </trkpt>
      <trkpt lat="43.234090000" lon="-3.718130000">
        <ele>604.000</ele>
      </trkpt>
      <trkpt lat="43.234170000" lon="-3.718080000">
        <ele>603.000</ele>
      </trkpt>
      <trkpt lat="43.234200000" lon="-3.718030000">
        <ele>602.000</ele>
      </trkpt>
      <trkpt lat="43.234250000" lon="-3.717890000">
        <ele>600.000</ele>
      </trkpt>
      <trkpt lat="43.234270000" lon="-3.717600000">
        <ele>598.000</ele>
      </trkpt>
      <trkpt lat="43.234230000" lon="-3.717300000">
        <ele>595.000</ele>
      </trkpt>
      <trkpt lat="43.234230000" lon="-3.717060000">
        <ele>592.000</ele>
      </trkpt>
      <trkpt lat="43.234290000" lon="-3.716720000">
        <ele>588.000</ele>
      </trkpt>
      <trkpt lat="43.234520000" lon="-3.715930000">
        <ele>582.000</ele>
      </trkpt>
      <trkpt lat="43.234540000" lon="-3.715680000">
        <ele>576.000</ele>
      </trkpt>
      <trkpt lat="43.234560000" lon="-3.714740000">
        <ele>569.000</ele>
      </trkpt>
      <trkpt lat="43.234580000" lon="-3.714650000">
        <ele>564.000</ele>
      </trkpt>
      <trkpt lat="43.234700000" lon="-3.714360000">
        <ele>559.000</ele>
      </trkpt>
      <trkpt lat="43.234910000" lon="-3.713990000">
        <ele>554.000</ele>
      </trkpt>
      <trkpt lat="43.234980000" lon="-3.713810000">
        <ele>550.000</ele>
      </trkpt>
      <trkpt lat="43.235100000" lon="-3.713390000">
        <ele>546.000</ele>
      </trkpt>
      <trkpt lat="43.235150000" lon="-3.713100000">
        <ele>542.000</ele>
      </trkpt>
      <trkpt lat="43.235160000" lon="-3.712820000">
        <ele>540.000</ele>
      </trkpt>
      <trkpt lat="43.235110000" lon="-3.712610000">
        <ele>538.000</ele>
      </trkpt>
      <trkpt lat="43.234850000" lon="-3.712180000">
        <ele>537.000</ele>
      </trkpt>
      <trkpt lat="43.234740000" lon="-3.711840000">
        <ele>536.000</ele>
      </trkpt>
      <trkpt lat="43.234700000" lon="-3.711580000">
        <ele>534.000</ele>
      </trkpt>
      <trkpt lat="43.234700000" lon="-3.711410000">
        <ele>534.000</ele>
      </trkpt>
      <trkpt lat="43.234710000" lon="-3.711320000">
        <ele>533.000</ele>
      </trkpt>
      <trkpt lat="43.234920000" lon="-3.710690000">
        <ele>532.000</ele>
      </trkpt>
      <trkpt lat="43.234920000" lon="-3.710470000">
        <ele>532.000</ele>
      </trkpt>
      <trkpt lat="43.234880000" lon="-3.710320000">
        <ele>532.000</ele>
      </trkpt>
      <trkpt lat="43.234830000" lon="-3.710250000">
        <ele>532.000</ele>
      </trkpt>
      <trkpt lat="43.234640000" lon="-3.710090000">
        <ele>533.000</ele>
      </trkpt>
      <trkpt lat="43.234430000" lon="-3.709960000">
        <ele>534.000</ele>
      </trkpt>
      <trkpt lat="43.233550000" lon="-3.709520000">
        <ele>536.000</ele>
      </trkpt>
      <trkpt lat="43.233440000" lon="-3.709400000">
        <ele>538.000</ele>
      </trkpt>
      <trkpt lat="43.233400000" lon="-3.709320000">
        <ele>539.000</ele>
      </trkpt>
      <trkpt lat="43.233360000" lon="-3.709160000">
        <ele>539.000</ele>
      </trkpt>
      <trkpt lat="43.233350000" lon="-3.708930000">
        <ele>538.000</ele>
      </trkpt>
      <trkpt lat="43.233370000" lon="-3.708740000">
        <ele>536.000</ele>
      </trkpt>
      <trkpt lat="43.233450000" lon="-3.708430000">
        <ele>534.000</ele>
      </trkpt>
      <trkpt lat="43.233640000" lon="-3.707910000">
        <ele>531.000</ele>
      </trkpt>
      <trkpt lat="43.233720000" lon="-3.707640000">
        <ele>527.000</ele>
      </trkpt>
      <trkpt lat="43.233740000" lon="-3.707490000">
        <ele>525.000</ele>
      </trkpt>
      <trkpt lat="43.233740000" lon="-3.706910000">
        <ele>521.000</ele>
      </trkpt>
      <trkpt lat="43.233760000" lon="-3.706630000">
        <ele>518.000</ele>
      </trkpt>
      <trkpt lat="43.233820000" lon="-3.706410000">
        <ele>517.000</ele>
      </trkpt>
      <trkpt lat="43.233950000" lon="-3.706070000">
        <ele>516.000</ele>
      </trkpt>
      <trkpt lat="43.233980000" lon="-3.705920000">
        <ele>516.000</ele>
      </trkpt>
      <trkpt lat="43.233980000" lon="-3.705790000">
        <ele>516.000</ele>
      </trkpt>
      <trkpt lat="43.233930000" lon="-3.705630000">
        <ele>516.000</ele>
      </trkpt>
      <trkpt lat="43.233890000" lon="-3.705560000">
        <ele>517.000</ele>
      </trkpt>
      <trkpt lat="43.233800000" lon="-3.705470000">
        <ele>517.000</ele>
      </trkpt>
      <trkpt lat="43.233660000" lon="-3.705380000">
        <ele>517.000</ele>
      </trkpt>
      <trkpt lat="43.232930000" lon="-3.705050000">
        <ele>519.000</ele>
      </trkpt>
      <trkpt lat="43.232170000" lon="-3.704760000">
        <ele>521.000</ele>
      </trkpt>
      <trkpt lat="43.231930000" lon="-3.704690000">
        <ele>524.000</ele>
      </trkpt>
      <trkpt lat="43.231640000" lon="-3.704610000">
        <ele>526.000</ele>
      </trkpt>
      <trkpt lat="43.231530000" lon="-3.704610000">
        <ele>527.000</ele>
      </trkpt>
      <trkpt lat="43.231420000" lon="-3.704660000">
        <ele>529.000</ele>
      </trkpt>
      <trkpt lat="43.231310000" lon="-3.704800000">
        <ele>530.000</ele>
      </trkpt>
      <trkpt lat="43.231050000" lon="-3.705320000">
        <ele>532.000</ele>
      </trkpt>
      <trkpt lat="43.230930000" lon="-3.705460000">
        <ele>532.000</ele>
      </trkpt>
      <trkpt lat="43.230800000" lon="-3.705530000">
        <ele>532.000</ele>
      </trkpt>
      <trkpt lat="43.230380000" lon="-3.705590000">
        <ele>530.000</ele>
      </trkpt>
      <trkpt lat="43.230290000" lon="-3.705630000">
        <ele>529.000</ele>
      </trkpt>
      <trkpt lat="43.229700000" lon="-3.706070000">
        <ele>525.000</ele>
      </trkpt>
      <trkpt lat="43.229560000" lon="-3.706160000">
        <ele>521.000</ele>
      </trkpt>
      <trkpt lat="43.229310000" lon="-3.706230000">
        <ele>518.000</ele>
      </trkpt>
      <trkpt lat="43.229110000" lon="-3.706240000">
        <ele>515.000</ele>
      </trkpt>
      <trkpt lat="43.228880000" lon="-3.706190000">
        <ele>511.000</ele>
      </trkpt>
      <trkpt lat="43.228430000" lon="-3.705920000">
        <ele>505.000</ele>
      </trkpt>
      <trkpt lat="43.227860000" lon="-3.705670000">
        <ele>498.000</ele>
      </trkpt>
      <trkpt lat="43.227650000" lon="-3.705600000">
        <ele>491.000</ele>
      </trkpt>
      <trkpt lat="43.227450000" lon="-3.705560000">
        <ele>486.000</ele>
      </trkpt>
      <trkpt lat="43.227190000" lon="-3.705560000">
        <ele>482.000</ele>
      </trkpt>
      <trkpt lat="43.226640000" lon="-3.705570000">
        <ele>481.000</ele>
      </trkpt>
      <trkpt lat="43.226530000" lon="-3.705600000">
        <ele>480.000</ele>
      </trkpt>
      <trkpt lat="43.226300000" lon="-3.705720000">
        <ele>480.000</ele>
      </trkpt>
      <trkpt lat="43.225710000" lon="-3.706220000">
        <ele>481.000</ele>
      </trkpt>
      <trkpt lat="43.225640000" lon="-3.706270000">
        <ele>482.000</ele>
      </trkpt>
      <trkpt lat="43.225570000" lon="-3.706290000">
        <ele>483.000</ele>
      </trkpt>
      <trkpt lat="43.225490000" lon="-3.706280000">
        <ele>483.000</ele>
      </trkpt>
      <trkpt lat="43.225360000" lon="-3.706200000">
        <ele>483.000</ele>
      </trkpt>
      <trkpt lat="43.225060000" lon="-3.706410000">
        <ele>484.000</ele>
      </trkpt>
      <trkpt lat="43.225000000" lon="-3.706430000">
        <ele>484.000</ele>
      </trkpt>
      <trkpt lat="43.224490000" lon="-3.706630000">
        <ele>484.000</ele>
      </trkpt>
      <trkpt lat="43.224360000" lon="-3.706710000">
        <ele>484.000</ele>
      </trkpt>
      <trkpt lat="43.224310000" lon="-3.706770000">
        <ele>485.000</ele>
      </trkpt>
      <trkpt lat="43.224030000" lon="-3.707190000">
        <ele>485.000</ele>
      </trkpt>
      <trkpt lat="43.223890000" lon="-3.707330000">
        <ele>486.000</ele>
      </trkpt>
      <trkpt lat="43.223780000" lon="-3.707390000">
        <ele>487.000</ele>
      </trkpt>
      <trkpt lat="43.223680000" lon="-3.707400000">
        <ele>488.000</ele>
      </trkpt>
      <trkpt lat="43.223450000" lon="-3.707330000">
        <ele>489.000</ele>
      </trkpt>
      <trkpt lat="43.223290000" lon="-3.707350000">
        <ele>491.000</ele>
      </trkpt>
      <trkpt lat="43.222290000" lon="-3.707970000">
        <ele>496.000</ele>
      </trkpt>
      <trkpt lat="43.222190000" lon="-3.708030000">
        <ele>499.000</ele>
      </trkpt>
      <trkpt lat="43.222010000" lon="-3.708100000">
        <ele>501.000</ele>
      </trkpt>
      <trkpt lat="43.221720000" lon="-3.708140000">
        <ele>501.000</ele>
      </trkpt>
      <trkpt lat="43.221620000" lon="-3.708180000">
        <ele>501.000</ele>
      </trkpt>
      <trkpt lat="43.221480000" lon="-3.708290000">
        <ele>500.000</ele>
      </trkpt>
      <trkpt lat="43.221370000" lon="-3.708480000">
        <ele>499.000</ele>
      </trkpt>
      <trkpt lat="43.221270000" lon="-3.708550000">
        <ele>498.000</ele>
      </trkpt>
      <trkpt lat="43.221190000" lon="-3.708570000">
        <ele>497.000</ele>
      </trkpt>
      <trkpt lat="43.221020000" lon="-3.708580000">
        <ele>496.000</ele>
      </trkpt>
      <trkpt lat="43.220790000" lon="-3.708540000">
        <ele>494.000</ele>
      </trkpt>
      <trkpt lat="43.220650000" lon="-3.708490000">
        <ele>493.000</ele>
      </trkpt>
      <trkpt lat="43.220420000" lon="-3.708370000">
        <ele>491.000</ele>
      </trkpt>
      <trkpt lat="43.220420000" lon="-3.708370000">
        <ele>490.000</ele>
      </trkpt>
      <trkpt lat="43.220300000" lon="-3.708310000">
        <ele>489.000</ele>
      </trkpt>
      <trkpt lat="43.220180000" lon="-3.708240000">
        <ele>489.000</ele>
      </trkpt>
      <trkpt lat="43.220060000" lon="-3.708150000">
        <ele>489.000</ele>
      </trkpt>
      <trkpt lat="43.219940000" lon="-3.707980000">
        <ele>489.000</ele>
      </trkpt>
      <trkpt lat="43.219780000" lon="-3.707830000">
        <ele>490.000</ele>
      </trkpt>
      <trkpt lat="43.219690000" lon="-3.707770000">
        <ele>490.000</ele>
      </trkpt>
      <trkpt lat="43.219070000" lon="-3.707590000">
        <ele>491.000</ele>
      </trkpt>
      <trkpt lat="43.218800000" lon="-3.707540000">
        <ele>492.000</ele>
      </trkpt>
      <trkpt lat="43.218710000" lon="-3.707500000">
        <ele>493.000</ele>
      </trkpt>
      <trkpt lat="43.218400000" lon="-3.707230000">
        <ele>495.000</ele>
      </trkpt>
      <trkpt lat="43.218140000" lon="-3.707040000">
        <ele>497.000</ele>
      </trkpt>
      <trkpt lat="43.217750000" lon="-3.706790000">
        <ele>501.000</ele>
      </trkpt>
      <trkpt lat="43.217520000" lon="-3.706700000">
        <ele>504.000</ele>
      </trkpt>
      <trkpt lat="43.217370000" lon="-3.706680000">
        <ele>507.000</ele>
      </trkpt>
      <trkpt lat="43.217180000" lon="-3.706780000">
        <ele>510.000</ele>
      </trkpt>
      <trkpt lat="43.217070000" lon="-3.706810000">
        <ele>512.000</ele>
      </trkpt>
      <trkpt lat="43.216840000" lon="-3.706770000">
        <ele>515.000</ele>
      </trkpt>
      <trkpt lat="43.216750000" lon="-3.706770000">
        <ele>516.000</ele>
      </trkpt>
      <trkpt lat="43.216230000" lon="-3.706910000">
        <ele>519.000</ele>
      </trkpt>
      <trkpt lat="43.215820000" lon="-3.706890000">
        <ele>522.000</ele>
      </trkpt>
      <trkpt lat="43.215220000" lon="-3.707080000">
        <ele>525.000</ele>
      </trkpt>
      <trkpt lat="43.215120000" lon="-3.707090000">
        <ele>527.000</ele>
      </trkpt>
      <trkpt lat="43.214660000" lon="-3.707070000">
        <ele>530.000</ele>
      </trkpt>
      <trkpt lat="43.214500000" lon="-3.707030000">
        <ele>531.000</ele>
      </trkpt>
      <trkpt lat="43.214440000" lon="-3.706980000">
        <ele>532.000</ele>
      </trkpt>
      <trkpt lat="43.214150000" lon="-3.706610000">
        <ele>532.000</ele>
      </trkpt>
      <trkpt lat="43.214030000" lon="-3.706510000">
        <ele>531.000</ele>
      </trkpt>
      <trkpt lat="43.213900000" lon="-3.706450000">
        <ele>530.000</ele>
      </trkpt>
      <trkpt lat="43.213710000" lon="-3.706390000">
        <ele>530.000</ele>
      </trkpt>
      <trkpt lat="43.213420000" lon="-3.706370000">
        <ele>528.000</ele>
      </trkpt>
      <trkpt lat="43.213320000" lon="-3.706340000">
        <ele>527.000</ele>
      </trkpt>
      <trkpt lat="43.213240000" lon="-3.706290000">
        <ele>526.000</ele>
      </trkpt>
      <trkpt lat="43.213170000" lon="-3.706210000">
        <ele>525.000</ele>
      </trkpt>
      <trkpt lat="43.213070000" lon="-3.706080000">
        <ele>524.000</ele>
      </trkpt>
      <trkpt lat="43.212840000" lon="-3.705650000">
        <ele>525.000</ele>
      </trkpt>
      <trkpt lat="43.212760000" lon="-3.705580000">
        <ele>526.000</ele>
      </trkpt>
      <trkpt lat="43.212720000" lon="-3.705560000">
        <ele>527.000</ele>
      </trkpt>
      <trkpt lat="43.212600000" lon="-3.705570000">
        <ele>528.000</ele>
      </trkpt>
      <trkpt lat="43.212400000" lon="-3.705700000">
        <ele>529.000</ele>
      </trkpt>
      <trkpt lat="43.212260000" lon="-3.705750000">
        <ele>530.000</ele>
      </trkpt>
      <trkpt lat="43.212090000" lon="-3.705730000">
        <ele>532.000</ele>
      </trkpt>
      <trkpt lat="43.211960000" lon="-3.705700000">
        <ele>533.000</ele>
      </trkpt>
      <trkpt lat="43.211720000" lon="-3.705590000">
        <ele>535.000</ele>
      </trkpt>
      <trkpt lat="43.211600000" lon="-3.705460000">
        <ele>537.000</ele>
      </trkpt>
      <trkpt lat="43.211470000" lon="-3.705280000">
        <ele>539.000</ele>
      </trkpt>
      <trkpt lat="43.211340000" lon="-3.705170000">
        <ele>540.000</ele>
      </trkpt>
      <trkpt lat="43.211200000" lon="-3.705120000">
        <ele>541.000</ele>
      </trkpt>
      <trkpt lat="43.211120000" lon="-3.705120000">
        <ele>542.000</ele>
      </trkpt>
      <trkpt lat="43.210870000" lon="-3.705190000">
        <ele>543.000</ele>
      </trkpt>
      <trkpt lat="43.210740000" lon="-3.705240000">
        <ele>544.000</ele>
      </trkpt>
      <trkpt lat="43.210610000" lon="-3.705290000">
        <ele>545.000</ele>
      </trkpt>
      <trkpt lat="43.210610000" lon="-3.705290000">
        <ele>545.000</ele>
      </trkpt>
      <trkpt lat="43.210610000" lon="-3.705290000">
        <ele>546.000</ele>
      </trkpt>
      <trkpt lat="43.210420000" lon="-3.705340000">
        <ele>546.000</ele>
      </trkpt>
      <trkpt lat="43.210260000" lon="-3.705310000">
        <ele>547.000</ele>
      </trkpt>
      <trkpt lat="43.209920000" lon="-3.705100000">
        <ele>547.000</ele>
      </trkpt>
      <trkpt lat="43.209810000" lon="-3.705000000">
        <ele>548.000</ele>
      </trkpt>
      <trkpt lat="43.209700000" lon="-3.704800000">
        <ele>549.000</ele>
      </trkpt>
      <trkpt lat="43.209090000" lon="-3.703180000">
        <ele>553.000</ele>
      </trkpt>
      <trkpt lat="43.209030000" lon="-3.703080000">
        <ele>556.000</ele>
      </trkpt>
      <trkpt lat="43.208960000" lon="-3.702990000">
        <ele>558.000</ele>
      </trkpt>
      <trkpt lat="43.208830000" lon="-3.702950000">
        <ele>560.000</ele>
      </trkpt>
      <trkpt lat="43.208600000" lon="-3.702940000">
        <ele>562.000</ele>
      </trkpt>
      <trkpt lat="43.208140000" lon="-3.702980000">
        <ele>563.000</ele>
      </trkpt>
      <trkpt lat="43.207790000" lon="-3.702990000">
        <ele>564.000</ele>
      </trkpt>
      <trkpt lat="43.207630000" lon="-3.702940000">
        <ele>564.000</ele>
      </trkpt>
      <trkpt lat="43.207440000" lon="-3.702810000">
        <ele>565.000</ele>
      </trkpt>
      <trkpt lat="43.206940000" lon="-3.702260000">
        <ele>565.000</ele>
      </trkpt>
      <trkpt lat="43.206430000" lon="-3.701650000">
        <ele>568.000</ele>
      </trkpt>
      <trkpt lat="43.206080000" lon="-3.701280000">
        <ele>573.000</ele>
      </trkpt>
      <trkpt lat="43.205970000" lon="-3.701220000">
        <ele>576.000</ele>
      </trkpt>
      <trkpt lat="43.205890000" lon="-3.701200000">
        <ele>578.000</ele>
      </trkpt>
      <trkpt lat="43.205650000" lon="-3.701220000">
        <ele>581.000</ele>
      </trkpt>
      <trkpt lat="43.205470000" lon="-3.701170000">
        <ele>584.000</ele>
      </trkpt>
      <trkpt lat="43.205210000" lon="-3.700990000">
        <ele>587.000</ele>
      </trkpt>
      <trkpt lat="43.205070000" lon="-3.700850000">
        <ele>589.000</ele>
      </trkpt>
      <trkpt lat="43.204400000" lon="-3.700040000">
        <ele>592.000</ele>
      </trkpt>
      <trkpt lat="43.204170000" lon="-3.699770000">
        <ele>593.000</ele>
      </trkpt>
      <trkpt lat="43.204070000" lon="-3.699710000">
        <ele>595.000</ele>
      </trkpt>
      <trkpt lat="43.203500000" lon="-3.699490000">
        <ele>596.000</ele>
      </trkpt>
      <trkpt lat="43.202910000" lon="-3.699170000">
        <ele>599.000</ele>
      </trkpt>
      <trkpt lat="43.202770000" lon="-3.699080000">
        <ele>601.000</ele>
      </trkpt>
      <trkpt lat="43.202660000" lon="-3.699030000">
        <ele>603.000</ele>
      </trkpt>
      <trkpt lat="43.201900000" lon="-3.698860000">
        <ele>607.000</ele>
      </trkpt>
      <trkpt lat="43.200940000" lon="-3.698430000">
        <ele>613.000</ele>
      </trkpt>
      <trkpt lat="43.200150000" lon="-3.698250000">
        <ele>618.000</ele>
      </trkpt>
      <trkpt lat="43.198880000" lon="-3.697650000">
        <ele>625.000</ele>
      </trkpt>
      <trkpt lat="43.198610000" lon="-3.697630000">
        <ele>631.000</ele>
      </trkpt>
      <trkpt lat="43.198200000" lon="-3.697680000">
        <ele>638.000</ele>
      </trkpt>
      <trkpt lat="43.197870000" lon="-3.697770000">
        <ele>646.000</ele>
      </trkpt>
      <trkpt lat="43.197290000" lon="-3.698030000">
        <ele>655.000</ele>
      </trkpt>
      <trkpt lat="43.197160000" lon="-3.698060000">
        <ele>662.000</ele>
      </trkpt>
      <trkpt lat="43.197000000" lon="-3.698030000">
        <ele>668.000</ele>
      </trkpt>
      <trkpt lat="43.196630000" lon="-3.697820000">
        <ele>671.000</ele>
      </trkpt>
      <trkpt lat="43.196270000" lon="-3.697630000">
        <ele>671.000</ele>
      </trkpt>
      <trkpt lat="43.196090000" lon="-3.697510000">
        <ele>671.000</ele>
      </trkpt>
      <trkpt lat="43.195670000" lon="-3.697150000">
        <ele>669.000</ele>
      </trkpt>
      <trkpt lat="43.195130000" lon="-3.696620000">
        <ele>665.000</ele>
      </trkpt>
      <trkpt lat="43.194610000" lon="-3.696150000">
        <ele>664.000</ele>
      </trkpt>
      <trkpt lat="43.193990000" lon="-3.695720000">
        <ele>665.000</ele>
      </trkpt>
      <trkpt lat="43.193810000" lon="-3.695550000">
        <ele>667.000</ele>
      </trkpt>
      <trkpt lat="43.193370000" lon="-3.695030000">
        <ele>669.000</ele>
      </trkpt>
      <trkpt lat="43.193370000" lon="-3.695030000">
        <ele>671.000</ele>
      </trkpt>
      <trkpt lat="43.193120000" lon="-3.694750000">
        <ele>673.000</ele>
      </trkpt>
      <trkpt lat="43.192970000" lon="-3.694610000">
        <ele>674.000</ele>
      </trkpt>
      <trkpt lat="43.192730000" lon="-3.694390000">
        <ele>676.000</ele>
      </trkpt>
      <trkpt lat="43.192660000" lon="-3.694280000">
        <ele>677.000</ele>
      </trkpt>
      <trkpt lat="43.192580000" lon="-3.694070000">
        <ele>678.000</ele>
      </trkpt>
      <trkpt lat="43.192580000" lon="-3.693990000">
        <ele>679.000</ele>
      </trkpt>
      <trkpt lat="43.192650000" lon="-3.693530000">
        <ele>681.000</ele>
      </trkpt>
      <trkpt lat="43.192660000" lon="-3.693280000">
        <ele>682.000</ele>
      </trkpt>
      <trkpt lat="43.192660000" lon="-3.693120000">
        <ele>683.000</ele>
      </trkpt>
      <trkpt lat="43.192630000" lon="-3.692960000">
        <ele>684.000</ele>
      </trkpt>
      <trkpt lat="43.192580000" lon="-3.692790000">
        <ele>685.000</ele>
      </trkpt>
      <trkpt lat="43.192490000" lon="-3.692540000">
        <ele>686.000</ele>
      </trkpt>
      <trkpt lat="43.192270000" lon="-3.692140000">
        <ele>687.000</ele>
      </trkpt>
      <trkpt lat="43.191870000" lon="-3.691490000">
        <ele>690.000</ele>
      </trkpt>
      <trkpt lat="43.191700000" lon="-3.691300000">
        <ele>692.000</ele>
      </trkpt>
      <trkpt lat="43.191170000" lon="-3.690820000">
        <ele>695.000</ele>
      </trkpt>
      <trkpt lat="43.190710000" lon="-3.690490000">
        <ele>698.000</ele>
      </trkpt>
      <trkpt lat="43.190490000" lon="-3.690370000">
        <ele>699.000</ele>
      </trkpt>
      <trkpt lat="43.190310000" lon="-3.690230000">
        <ele>700.000</ele>
      </trkpt>
      <trkpt lat="43.190170000" lon="-3.690080000">
        <ele>701.000</ele>
      </trkpt>
      <trkpt lat="43.189750000" lon="-3.689540000">
        <ele>702.000</ele>
      </trkpt>
      <trkpt lat="43.189630000" lon="-3.689420000">
        <ele>702.000</ele>
      </trkpt>
      <trkpt lat="43.189440000" lon="-3.689360000">
        <ele>703.000</ele>
      </trkpt>
      <trkpt lat="43.189290000" lon="-3.689340000">
        <ele>705.000</ele>
      </trkpt>
      <trkpt lat="43.189170000" lon="-3.689290000">
        <ele>706.000</ele>
      </trkpt>
      <trkpt lat="43.189030000" lon="-3.689130000">
        <ele>708.000</ele>
      </trkpt>
      <trkpt lat="43.188860000" lon="-3.688880000">
        <ele>709.000</ele>
      </trkpt>
      <trkpt lat="43.188800000" lon="-3.688820000">
        <ele>711.000</ele>
      </trkpt>
      <trkpt lat="43.188580000" lon="-3.688700000">
        <ele>713.000</ele>
      </trkpt>
      <trkpt lat="43.188310000" lon="-3.688590000">
        <ele>715.000</ele>
      </trkpt>
      <trkpt lat="43.187790000" lon="-3.688440000">
        <ele>719.000</ele>
      </trkpt>
      <trkpt lat="43.187190000" lon="-3.688380000">
        <ele>724.000</ele>
      </trkpt>
      <trkpt lat="43.186790000" lon="-3.688270000">
        <ele>729.000</ele>
      </trkpt>
      <trkpt lat="43.186410000" lon="-3.688140000">
        <ele>735.000</ele>
      </trkpt>
      <trkpt lat="43.185510000" lon="-3.688100000">
        <ele>743.000</ele>
      </trkpt>
      <trkpt lat="43.185220000" lon="-3.688070000">
        <ele>748.000</ele>
      </trkpt>
      <trkpt lat="43.185220000" lon="-3.688070000">
        <ele>751.000</ele>
      </trkpt>
      <trkpt lat="43.185110000" lon="-3.688060000">
        <ele>753.000</ele>
      </trkpt>
      <trkpt lat="43.184590000" lon="-3.688050000">
        <ele>754.000</ele>
      </trkpt>
      <trkpt lat="43.184350000" lon="-3.688010000">
        <ele>754.000</ele>
      </trkpt>
      <trkpt lat="43.184150000" lon="-3.687950000">
        <ele>754.000</ele>
      </trkpt>
      <trkpt lat="43.184040000" lon="-3.687910000">
        <ele>754.000</ele>
      </trkpt>
      <trkpt lat="43.183880000" lon="-3.687780000">
        <ele>753.000</ele>
      </trkpt>
      <trkpt lat="43.183820000" lon="-3.687650000">
        <ele>753.000</ele>
      </trkpt>
      <trkpt lat="43.183760000" lon="-3.687380000">
        <ele>752.000</ele>
      </trkpt>
      <trkpt lat="43.183660000" lon="-3.687220000">
        <ele>753.000</ele>
      </trkpt>
      <trkpt lat="43.183580000" lon="-3.687140000">
        <ele>754.000</ele>
      </trkpt>
      <trkpt lat="43.183380000" lon="-3.687070000">
        <ele>755.000</ele>
      </trkpt>
      <trkpt lat="43.183210000" lon="-3.687060000">
        <ele>758.000</ele>
      </trkpt>
      <trkpt lat="43.182940000" lon="-3.687080000">
        <ele>760.000</ele>
      </trkpt>
      <trkpt lat="43.182790000" lon="-3.687120000">
        <ele>763.000</ele>
      </trkpt>
      <trkpt lat="43.182550000" lon="-3.687220000">
        <ele>766.000</ele>
      </trkpt>
      <trkpt lat="43.182490000" lon="-3.687230000">
        <ele>769.000</ele>
      </trkpt>
      <trkpt lat="43.182390000" lon="-3.687220000">
        <ele>771.000</ele>
      </trkpt>
      <trkpt lat="43.182310000" lon="-3.687180000">
        <ele>773.000</ele>
      </trkpt>
      <trkpt lat="43.181930000" lon="-3.686850000">
        <ele>776.000</ele>
      </trkpt>
      <trkpt lat="43.181790000" lon="-3.686750000">
        <ele>780.000</ele>
      </trkpt>
      <trkpt lat="43.181570000" lon="-3.686670000">
        <ele>784.000</ele>
      </trkpt>
      <trkpt lat="43.181340000" lon="-3.686640000">
        <ele>788.000</ele>
      </trkpt>
      <trkpt lat="43.181220000" lon="-3.686660000">
        <ele>791.000</ele>
      </trkpt>
      <trkpt lat="43.181020000" lon="-3.686710000">
        <ele>795.000</ele>
      </trkpt>
      <trkpt lat="43.180810000" lon="-3.686790000">
        <ele>799.000</ele>
      </trkpt>
      <trkpt lat="43.180160000" lon="-3.687100000">
        <ele>806.000</ele>
      </trkpt>
      <trkpt lat="43.179810000" lon="-3.687180000">
        <ele>812.000</ele>
      </trkpt>
      <trkpt lat="43.179460000" lon="-3.687190000">
        <ele>816.000</ele>
      </trkpt>
      <trkpt lat="43.179350000" lon="-3.687170000">
        <ele>820.000</ele>
      </trkpt>
      <trkpt lat="43.178960000" lon="-3.687010000">
        <ele>823.000</ele>
      </trkpt>
      <trkpt lat="43.178670000" lon="-3.686910000">
        <ele>826.000</ele>
      </trkpt>
      <trkpt lat="43.178440000" lon="-3.686940000">
        <ele>829.000</ele>
      </trkpt>
      <trkpt lat="43.177460000" lon="-3.687290000">
        <ele>833.000</ele>
      </trkpt>
      <trkpt lat="43.176880000" lon="-3.687630000">
        <ele>835.000</ele>
      </trkpt>
      <trkpt lat="43.176720000" lon="-3.687690000">
        <ele>837.000</ele>
      </trkpt>
      <trkpt lat="43.176640000" lon="-3.687690000">
        <ele>838.000</ele>
      </trkpt>
      <trkpt lat="43.176550000" lon="-3.687620000">
        <ele>838.000</ele>
      </trkpt>
      <trkpt lat="43.176500000" lon="-3.687550000">
        <ele>839.000</ele>
      </trkpt>
      <trkpt lat="43.176430000" lon="-3.687410000">
        <ele>839.000</ele>
      </trkpt>
      <trkpt lat="43.176380000" lon="-3.687290000">
        <ele>839.000</ele>
      </trkpt>
      <trkpt lat="43.176360000" lon="-3.687230000">
        <ele>839.000</ele>
      </trkpt>
      <trkpt lat="43.176220000" lon="-3.686870000">
        <ele>839.000</ele>
      </trkpt>
      <trkpt lat="43.176130000" lon="-3.686720000">
        <ele>838.000</ele>
      </trkpt>
      <trkpt lat="43.176020000" lon="-3.686660000">
        <ele>838.000</ele>
      </trkpt>
      <trkpt lat="43.175830000" lon="-3.686640000">
        <ele>839.000</ele>
      </trkpt>
      <trkpt lat="43.175680000" lon="-3.686690000">
        <ele>839.000</ele>
      </trkpt>
      <trkpt lat="43.175600000" lon="-3.686750000">
        <ele>840.000</ele>
      </trkpt>
      <trkpt lat="43.175500000" lon="-3.686870000">
        <ele>841.000</ele>
      </trkpt>
      <trkpt lat="43.175330000" lon="-3.687170000">
        <ele>843.000</ele>
      </trkpt>
      <trkpt lat="43.175190000" lon="-3.687320000">
        <ele>845.000</ele>
      </trkpt>
      <trkpt lat="43.175130000" lon="-3.687360000">
        <ele>846.000</ele>
      </trkpt>
      <trkpt lat="43.175040000" lon="-3.687370000">
        <ele>848.000</ele>
      </trkpt>
      <trkpt lat="43.174930000" lon="-3.687360000">
        <ele>849.000</ele>
      </trkpt>
      <trkpt lat="43.174890000" lon="-3.687320000">
        <ele>850.000</ele>
      </trkpt>
      <trkpt lat="43.174860000" lon="-3.687280000">
        <ele>851.000</ele>
      </trkpt>
      <trkpt lat="43.174820000" lon="-3.687160000">
        <ele>852.000</ele>
      </trkpt>
      <trkpt lat="43.174690000" lon="-3.686700000">
        <ele>854.000</ele>
      </trkpt>
      <trkpt lat="43.174620000" lon="-3.686510000">
        <ele>855.000</ele>
      </trkpt>
      <trkpt lat="43.174560000" lon="-3.686390000">
        <ele>856.000</ele>
      </trkpt>
      <trkpt lat="43.174430000" lon="-3.686300000">
        <ele>857.000</ele>
      </trkpt>
      <trkpt lat="43.174360000" lon="-3.686290000">
        <ele>858.000</ele>
      </trkpt>
      <trkpt lat="43.173610000" lon="-3.686370000">
        <ele>860.000</ele>
      </trkpt>
      <trkpt lat="43.173210000" lon="-3.686330000">
        <ele>862.000</ele>
      </trkpt>
      <trkpt lat="43.172880000" lon="-3.686320000">
        <ele>864.000</ele>
      </trkpt>
      <trkpt lat="43.172630000" lon="-3.686400000">
        <ele>866.000</ele>
      </trkpt>
      <trkpt lat="43.172190000" lon="-3.686620000">
        <ele>869.000</ele>
      </trkpt>
      <trkpt lat="43.170910000" lon="-3.687250000">
        <ele>877.000</ele>
      </trkpt>
      <trkpt lat="43.170780000" lon="-3.687280000">
        <ele>881.000</ele>
      </trkpt>
      <trkpt lat="43.170640000" lon="-3.687270000">
        <ele>884.000</ele>
      </trkpt>
      <trkpt lat="43.170500000" lon="-3.687220000">
        <ele>886.000</ele>
      </trkpt>
      <trkpt lat="43.170310000" lon="-3.687110000">
        <ele>886.000</ele>
      </trkpt>
      <trkpt lat="43.170170000" lon="-3.686970000">
        <ele>886.000</ele>
      </trkpt>
      <trkpt lat="43.170100000" lon="-3.686820000">
        <ele>886.000</ele>
      </trkpt>
      <trkpt lat="43.170050000" lon="-3.686640000">
        <ele>885.000</ele>
      </trkpt>
      <trkpt lat="43.170000000" lon="-3.686280000">
        <ele>884.000</ele>
      </trkpt>
      <trkpt lat="43.170010000" lon="-3.686150000">
        <ele>883.000</ele>
      </trkpt>
      <trkpt lat="43.170030000" lon="-3.685960000">
        <ele>882.000</ele>
      </trkpt>
      <trkpt lat="43.170060000" lon="-3.685820000">
        <ele>881.000</ele>
      </trkpt>
      <trkpt lat="43.170140000" lon="-3.685630000">
        <ele>880.000</ele>
      </trkpt>
      <trkpt lat="43.170250000" lon="-3.685440000">
        <ele>880.000</ele>
      </trkpt>
      <trkpt lat="43.170350000" lon="-3.685280000">
        <ele>879.000</ele>
      </trkpt>
      <trkpt lat="43.170560000" lon="-3.685030000">
        <ele>878.000</ele>
      </trkpt>
      <trkpt lat="43.170830000" lon="-3.684770000">
        <ele>878.000</ele>
      </trkpt>
      <trkpt lat="43.171020000" lon="-3.684660000">
        <ele>877.000</ele>
      </trkpt>
      <trkpt lat="43.171430000" lon="-3.684490000">
        <ele>876.000</ele>
      </trkpt>
      <trkpt lat="43.171530000" lon="-3.684420000">
        <ele>876.000</ele>
      </trkpt>
      <trkpt lat="43.172300000" lon="-3.683590000">
        <ele>875.000</ele>
      </trkpt>
      <trkpt lat="43.172420000" lon="-3.683440000">
        <ele>875.000</ele>
      </trkpt>
      <trkpt lat="43.172450000" lon="-3.683380000">
        <ele>875.000</ele>
      </trkpt>
      <trkpt lat="43.172450000" lon="-3.683280000">
        <ele>875.000</ele>
      </trkpt>
      <trkpt lat="43.172440000" lon="-3.683210000">
        <ele>876.000</ele>
      </trkpt>
      <trkpt lat="43.172400000" lon="-3.683150000">
        <ele>876.000</ele>
      </trkpt>
      <trkpt lat="43.171500000" lon="-3.682320000">
        <ele>881.000</ele>
      </trkpt>
      <trkpt lat="43.171090000" lon="-3.681850000">
        <ele>886.000</ele>
      </trkpt>
      <trkpt lat="43.171040000" lon="-3.681770000">
        <ele>890.000</ele>
      </trkpt>
      <trkpt lat="43.171020000" lon="-3.681680000">
        <ele>892.000</ele>
      </trkpt>
      <trkpt lat="43.171020000" lon="-3.681550000">
        <ele>894.000</ele>
      </trkpt>
      <trkpt lat="43.171060000" lon="-3.681270000">
        <ele>896.000</ele>
      </trkpt>
      <trkpt lat="43.171080000" lon="-3.681030000">
        <ele>898.000</ele>
      </trkpt>
      <trkpt lat="43.171170000" lon="-3.680510000">
        <ele>901.000</ele>
      </trkpt>
      <trkpt lat="43.171170000" lon="-3.680500000">
        <ele>902.000</ele>
      </trkpt>
      <trkpt lat="43.171170000" lon="-3.680500000">
        <ele>903.000</ele>
      </trkpt>
      <trkpt lat="43.171210000" lon="-3.680340000">
        <ele>904.000</ele>
      </trkpt>
      <trkpt lat="43.171290000" lon="-3.680080000">
        <ele>906.000</ele>
      </trkpt>
      <trkpt lat="43.171480000" lon="-3.679670000">
        <ele>908.000</ele>
      </trkpt>
      <trkpt lat="43.171610000" lon="-3.679410000">
        <ele>910.000</ele>
      </trkpt>
      <trkpt lat="43.171760000" lon="-3.679230000">
        <ele>912.000</ele>
      </trkpt>
      <trkpt lat="43.172310000" lon="-3.678820000">
        <ele>917.000</ele>
      </trkpt>
      <trkpt lat="43.172450000" lon="-3.678690000">
        <ele>921.000</ele>
      </trkpt>
      <trkpt lat="43.172470000" lon="-3.678570000">
        <ele>924.000</ele>
      </trkpt>
      <trkpt lat="43.172460000" lon="-3.678510000">
        <ele>926.000</ele>
      </trkpt>
      <trkpt lat="43.172380000" lon="-3.678430000">
        <ele>928.000</ele>
      </trkpt>
      <trkpt lat="43.172100000" lon="-3.678300000">
        <ele>931.000</ele>
      </trkpt>
      <trkpt lat="43.171930000" lon="-3.678250000">
        <ele>934.000</ele>
      </trkpt>
      <trkpt lat="43.171450000" lon="-3.678360000">
        <ele>939.000</ele>
      </trkpt>
      <trkpt lat="43.170960000" lon="-3.678520000">
        <ele>943.000</ele>
      </trkpt>
      <trkpt lat="43.170750000" lon="-3.678540000">
        <ele>946.000</ele>
      </trkpt>
      <trkpt lat="43.170500000" lon="-3.678440000">
        <ele>949.000</ele>
      </trkpt>
      <trkpt lat="43.170250000" lon="-3.678300000">
        <ele>952.000</ele>
      </trkpt>
      <trkpt lat="43.170070000" lon="-3.678230000">
        <ele>954.000</ele>
      </trkpt>
      <trkpt lat="43.169980000" lon="-3.678220000">
        <ele>956.000</ele>
      </trkpt>
      <trkpt lat="43.169410000" lon="-3.678280000">
        <ele>959.000</ele>
      </trkpt>
      <trkpt lat="43.169120000" lon="-3.678230000">
        <ele>961.000</ele>
      </trkpt>
      <trkpt lat="43.168900000" lon="-3.678120000">
        <ele>962.000</ele>
      </trkpt>
      <trkpt lat="43.168800000" lon="-3.678020000">
        <ele>963.000</ele>
      </trkpt>
      <trkpt lat="43.168550000" lon="-3.677670000">
        <ele>964.000</ele>
      </trkpt>
      <trkpt lat="43.168400000" lon="-3.677500000">
        <ele>965.000</ele>
      </trkpt>
      <trkpt lat="43.168240000" lon="-3.677400000">
        <ele>965.000</ele>
      </trkpt>
      <trkpt lat="43.167800000" lon="-3.677270000">
        <ele>966.000</ele>
      </trkpt>
      <trkpt lat="43.167670000" lon="-3.677150000">
        <ele>966.000</ele>
      </trkpt>
      <trkpt lat="43.167480000" lon="-3.676910000">
        <ele>967.000</ele>
      </trkpt>
      <trkpt lat="43.167380000" lon="-3.676810000">
        <ele>967.000</ele>
      </trkpt>
      <trkpt lat="43.167300000" lon="-3.676750000">
        <ele>968.000</ele>
      </trkpt>
      <trkpt lat="43.167090000" lon="-3.676670000">
        <ele>968.000</ele>
      </trkpt>
      <trkpt lat="43.166990000" lon="-3.676610000">
        <ele>969.000</ele>
      </trkpt>
      <trkpt lat="43.166730000" lon="-3.676330000">
        <ele>969.000</ele>
      </trkpt>
      <trkpt lat="43.166630000" lon="-3.676160000">
        <ele>970.000</ele>
      </trkpt>
      <trkpt lat="43.166560000" lon="-3.675910000">
        <ele>971.000</ele>
      </trkpt>
      <trkpt lat="43.166570000" lon="-3.675830000">
        <ele>971.000</ele>
      </trkpt>
      <trkpt lat="43.166720000" lon="-3.675390000">
        <ele>972.000</ele>
      </trkpt>
      <trkpt lat="43.166820000" lon="-3.675160000">
        <ele>973.000</ele>
      </trkpt>
      <trkpt lat="43.166920000" lon="-3.675010000">
        <ele>975.000</ele>
      </trkpt>
      <trkpt lat="43.166980000" lon="-3.674950000">
        <ele>976.000</ele>
      </trkpt>
      <trkpt lat="43.167450000" lon="-3.674730000">
        <ele>979.000</ele>
      </trkpt>
      <trkpt lat="43.167900000" lon="-3.674280000">
        <ele>984.000</ele>
      </trkpt>
      <trkpt lat="43.168080000" lon="-3.674220000">
        <ele>988.000</ele>
      </trkpt>
      <trkpt lat="43.168570000" lon="-3.674200000">
        <ele>992.000</ele>
      </trkpt>
      <trkpt lat="43.169290000" lon="-3.674080000">
        <ele>990.000</ele>
      </trkpt>
      <trkpt lat="43.169460000" lon="-3.674020000">
        <ele>987.000</ele>
      </trkpt>
      <trkpt lat="43.169670000" lon="-3.673900000">
        <ele>983.000</ele>
      </trkpt>
      <trkpt lat="43.169760000" lon="-3.673820000">
        <ele>980.000</ele>
      </trkpt>
      <trkpt lat="43.169870000" lon="-3.673690000">
        <ele>976.000</ele>
      </trkpt>
      <trkpt lat="43.169920000" lon="-3.673570000">
        <ele>973.000</ele>
      </trkpt>
      <trkpt lat="43.169970000" lon="-3.673440000">
        <ele>970.000</ele>
      </trkpt>
      <trkpt lat="43.170160000" lon="-3.672630000">
        <ele>964.000</ele>
      </trkpt>
      <trkpt lat="43.170360000" lon="-3.671220000">
        <ele>967.000</ele>
      </trkpt>
      <trkpt lat="43.170410000" lon="-3.670720000">
        <ele>971.000</ele>
      </trkpt>
      <trkpt lat="43.170420000" lon="-3.670570000">
        <ele>975.000</ele>
      </trkpt>
      <trkpt lat="43.170390000" lon="-3.670290000">
        <ele>979.000</ele>
      </trkpt>
      <trkpt lat="43.170320000" lon="-3.670010000">
        <ele>983.000</ele>
      </trkpt>
      <trkpt lat="43.170240000" lon="-3.669830000">
        <ele>987.000</ele>
      </trkpt>
      <trkpt lat="43.170180000" lon="-3.669770000">
        <ele>990.000</ele>
      </trkpt>
      <trkpt lat="43.170100000" lon="-3.669730000">
        <ele>992.000</ele>
      </trkpt>
      <trkpt lat="43.169840000" lon="-3.669640000">
        <ele>995.000</ele>
      </trkpt>
      <trkpt lat="43.169720000" lon="-3.669620000">
        <ele>998.000</ele>
      </trkpt>
      <trkpt lat="43.169630000" lon="-3.669630000">
        <ele>1000.000</ele>
      </trkpt>
      <trkpt lat="43.169370000" lon="-3.669740000">
        <ele>1003.000</ele>
      </trkpt>
      <trkpt lat="43.169290000" lon="-3.669740000">
        <ele>1005.000</ele>
      </trkpt>
      <trkpt lat="43.169230000" lon="-3.669710000">
        <ele>1007.510</ele>
      </trkpt>
      <trkpt lat="43.169150000" lon="-3.669650000">
        <ele>1008.300</ele>
      </trkpt>
      <trkpt lat="43.169090000" lon="-3.669570000">
        <ele>1009.060</ele>
      </trkpt>
      <trkpt lat="43.169030000" lon="-3.669440000">
        <ele>1010.120</ele>
      </trkpt>
      <trkpt lat="43.169020000" lon="-3.669330000">
        <ele>1010.810</ele>
      </trkpt>
      <trkpt lat="43.169020000" lon="-3.669060000">
        <ele>1012.640</ele>
      </trkpt>
      <trkpt lat="43.169040000" lon="-3.668950000">
        <ele>1013.370</ele>
      </trkpt>
      <trkpt lat="43.169070000" lon="-3.668860000">
        <ele>1014.050</ele>
      </trkpt>
      <trkpt lat="43.169120000" lon="-3.668780000">
        <ele>1014.780</ele>
      </trkpt>
      <trkpt lat="43.169880000" lon="-3.667470000">
        <ele>1026.010</ele>
      </trkpt>
      <trkpt lat="43.170030000" lon="-3.667310000">
        <ele>1027.770</ele>
      </trkpt>
      <trkpt lat="43.170360000" lon="-3.667070000">
        <ele>1031.250</ele>
      </trkpt>
      <trkpt lat="43.170450000" lon="-3.666980000">
        <ele>1032.280</ele>
      </trkpt>
      <trkpt lat="43.170510000" lon="-3.666890000">
        <ele>1033.070</ele>
      </trkpt>
      <trkpt lat="43.170600000" lon="-3.666670000">
        <ele>1034.800</ele>
      </trkpt>
      <trkpt lat="43.171000000" lon="-3.665430000">
        <ele>1043.890</ele>
      </trkpt>
      <trkpt lat="43.171050000" lon="-3.665310000">
        <ele>1044.830</ele>
      </trkpt>
      <trkpt lat="43.171150000" lon="-3.665160000">
        <ele>1046.160</ele>
      </trkpt>
      <trkpt lat="43.171330000" lon="-3.665020000">
        <ele>1048.060</ele>
      </trkpt>
      <trkpt lat="43.171430000" lon="-3.664970000">
        <ele>1049.050</ele>
      </trkpt>
      <trkpt lat="43.171500000" lon="-3.664950000">
        <ele>1049.720</ele>
      </trkpt>
      <trkpt lat="43.171680000" lon="-3.664960000">
        <ele>1051.360</ele>
      </trkpt>
      <trkpt lat="43.172340000" lon="-3.665350000">
        <ele>1057.970</ele>
      </trkpt>
      <trkpt lat="43.172450000" lon="-3.665440000">
        <ele>1059.140</ele>
      </trkpt>
      <trkpt lat="43.172830000" lon="-3.665880000">
        <ele>1063.740</ele>
      </trkpt>
      <trkpt lat="43.173060000" lon="-3.666280000">
        <ele>1067.190</ele>
      </trkpt>
      <trkpt lat="43.173260000" lon="-3.666730000">
        <ele>1070.720</ele>
      </trkpt>
      <trkpt lat="43.173310000" lon="-3.666790000">
        <ele>1071.310</ele>
      </trkpt>
      <trkpt lat="43.173310000" lon="-3.666790000">
        <ele>1071.310</ele>
      </trkpt>
      <trkpt lat="43.173310000" lon="-3.666810000">
        <ele>1071.420</ele>
      </trkpt>
      <trkpt lat="43.173410000" lon="-3.666900000">
        <ele>1072.510</ele>
      </trkpt>
      <trkpt lat="43.173480000" lon="-3.666920000">
        <ele>1073.140</ele>
      </trkpt>
      <trkpt lat="43.174120000" lon="-3.666900000">
        <ele>1079.050</ele>
      </trkpt>
      <trkpt lat="43.174230000" lon="-3.666940000">
        <ele>1080.140</ele>
      </trkpt>
      <trkpt lat="43.174270000" lon="-3.666990000">
        <ele>1080.620</ele>
      </trkpt>
      <trkpt lat="43.174300000" lon="-3.667060000">
        <ele>1081.160</ele>
      </trkpt>
      <trkpt lat="43.174370000" lon="-3.667560000">
        <ele>1084.550</ele>
      </trkpt>
      <trkpt lat="43.174370000" lon="-3.667740000">
        <ele>1085.780</ele>
      </trkpt>
      <trkpt lat="43.174310000" lon="-3.668300000">
        <ele>1089.590</ele>
      </trkpt>
      <trkpt lat="43.174330000" lon="-3.668450000">
        <ele>1090.630</ele>
      </trkpt>
      <trkpt lat="43.174420000" lon="-3.668770000">
        <ele>1092.870</ele>
      </trkpt>
      <trkpt lat="43.174430000" lon="-3.669140000">
        <ele>1095.400</ele>
      </trkpt>
      <trkpt lat="43.174450000" lon="-3.669230000">
        <ele>1096.020</ele>
      </trkpt>
      <trkpt lat="43.174680000" lon="-3.669800000">
        <ele>1100.370</ele>
      </trkpt>
      <trkpt lat="43.174770000" lon="-3.669920000">
        <ele>1101.600</ele>
      </trkpt>
      <trkpt lat="43.175070000" lon="-3.670110000">
        <ele>1104.580</ele>
      </trkpt>
      <trkpt lat="43.175140000" lon="-3.670140000">
        <ele>1105.240</ele>
      </trkpt>
      <trkpt lat="43.175300000" lon="-3.670130000">
        <ele>1106.730</ele>
      </trkpt>
      <trkpt lat="43.175400000" lon="-3.670110000">
        <ele>1107.680</ele>
      </trkpt>
      <trkpt lat="43.175510000" lon="-3.670040000">
        <ele>1108.800</ele>
      </trkpt>
      <trkpt lat="43.176010000" lon="-3.669670000">
        <ele>1113.980</ele>
      </trkpt>
      <trkpt lat="43.176220000" lon="-3.669570000">
        <ele>1116.110</ele>
      </trkpt>
      <trkpt lat="43.176220000" lon="-3.669570000">
        <ele>1116.110</ele>
      </trkpt>
      <trkpt lat="43.176340000" lon="-3.669510000">
        <ele>1117.260</ele>
      </trkpt>
      <trkpt lat="43.176650000" lon="-3.669410000">
        <ele>1120.170</ele>
      </trkpt>
      <trkpt lat="43.177210000" lon="-3.669300000">
        <ele>1125.430</ele>
      </trkpt>
      <trkpt lat="43.177320000" lon="-3.669290000">
        <ele>1126.400</ele>
      </trkpt>
      <trkpt lat="43.177430000" lon="-3.669310000">
        <ele>1127.470</ele>
      </trkpt>
      <trkpt lat="43.177540000" lon="-3.669370000">
        <ele>1128.550</ele>
      </trkpt>
      <trkpt lat="43.177820000" lon="-3.669570000">
        <ele>1131.450</ele>
      </trkpt>
      <trkpt lat="43.177910000" lon="-3.669620000">
        <ele>1132.390</ele>
      </trkpt>
      <trkpt lat="43.178350000" lon="-3.669710000">
        <ele>1136.490</ele>
      </trkpt>
      <trkpt lat="43.178520000" lon="-3.669760000">
        <ele>1138.050</ele>
      </trkpt>
      <trkpt lat="43.178680000" lon="-3.669850000">
        <ele>1139.670</ele>
      </trkpt>
      <trkpt lat="43.178790000" lon="-3.669950000">
        <ele>1140.910</ele>
      </trkpt>
      <trkpt lat="43.178920000" lon="-3.670100000">
        <ele>1142.410</ele>
      </trkpt>
      <trkpt lat="43.178970000" lon="-3.670190000">
        <ele>1143.200</ele>
      </trkpt>
      <trkpt lat="43.179030000" lon="-3.670410000">
        <ele>1144.770</ele>
      </trkpt>
      <trkpt lat="43.179040000" lon="-3.670490000">
        <ele>1145.350</ele>
      </trkpt>
      <trkpt lat="43.179030000" lon="-3.670770000">
        <ele>1147.240</ele>
      </trkpt>
      <trkpt lat="43.178960000" lon="-3.671180000">
        <ele>1150.040</ele>
      </trkpt>
      <trkpt lat="43.178970000" lon="-3.671350000">
        <ele>1151.200</ele>
      </trkpt>
      <trkpt lat="43.179050000" lon="-3.671490000">
        <ele>1152.400</ele>
      </trkpt>
      <trkpt lat="43.179250000" lon="-3.671660000">
        <ele>1154.520</ele>
      </trkpt>
      <trkpt lat="43.179360000" lon="-3.671820000">
        <ele>1155.960</ele>
      </trkpt>
      <trkpt lat="43.179400000" lon="-3.671940000">
        <ele>1156.880</ele>
      </trkpt>
      <trkpt lat="43.179450000" lon="-3.672170000">
        <ele>1158.550</ele>
      </trkpt>
      <trkpt lat="43.179490000" lon="-3.672400000">
        <ele>1160.100</ele>
      </trkpt>
      <trkpt lat="43.179490000" lon="-3.672650000">
        <ele>1161.780</ele>
      </trkpt>
      <trkpt lat="43.179430000" lon="-3.673020000">
        <ele>1164.320</ele>
      </trkpt>
      <trkpt lat="43.179380000" lon="-3.673200000">
        <ele>1165.600</ele>
      </trkpt>
      <trkpt lat="43.179110000" lon="-3.673970000">
        <ele>1171.360</ele>
      </trkpt>
      <trkpt lat="43.179040000" lon="-3.674110000">
        <ele>1172.520</ele>
      </trkpt>
      <trkpt lat="43.178710000" lon="-3.674590000">
        <ele>1176.930</ele>
      </trkpt>
      <trkpt lat="43.178670000" lon="-3.674690000">
        <ele>1177.690</ele>
      </trkpt>
      <trkpt lat="43.178670000" lon="-3.674760000">
        <ele>1178.160</ele>
      </trkpt>
      <trkpt lat="43.178680000" lon="-3.674810000">
        <ele>1178.570</ele>
      </trkpt>
      <trkpt lat="43.178740000" lon="-3.674870000">
        <ele>1179.200</ele>
      </trkpt>
      <trkpt lat="43.178800000" lon="-3.674880000">
        <ele>1179.790</ele>
      </trkpt>
      <trkpt lat="43.178830000" lon="-3.674850000">
        <ele>1180.140</ele>
      </trkpt>
      <trkpt lat="43.179030000" lon="-3.674410000">
        <ele>1183.620</ele>
      </trkpt>
      <trkpt lat="43.179700000" lon="-3.673260000">
        <ele>1193.470</ele>
      </trkpt>
      <trkpt lat="43.179770000" lon="-3.673070000">
        <ele>1194.930</ele>
      </trkpt>
      <trkpt lat="43.179770000" lon="-3.673070000">
        <ele>1194.930</ele>
      </trkpt>
      <trkpt lat="43.179790000" lon="-3.673010000">
        <ele>1195.400</ele>
      </trkpt>
      <trkpt lat="43.179920000" lon="-3.672490000">
        <ele>1199.060</ele>
      </trkpt>
      <trkpt lat="43.179940000" lon="-3.672030000">
        <ele>1202.160</ele>
      </trkpt>
      <trkpt lat="43.179900000" lon="-3.671140000">
        <ele>1208.160</ele>
      </trkpt>
      <trkpt lat="43.179910000" lon="-3.671010000">
        <ele>1209.010</ele>
      </trkpt>
      <trkpt lat="43.179940000" lon="-3.670920000">
        <ele>1209.680</ele>
      </trkpt>
      <trkpt lat="43.180030000" lon="-3.670680000">
        <ele>1211.520</ele>
      </trkpt>
      <trkpt lat="43.180050000" lon="-3.670410000">
        <ele>1213.320</ele>
      </trkpt>
      <trkpt lat="43.180030000" lon="-3.670070000">
        <ele>1215.610</ele>
      </trkpt>
      <trkpt lat="43.179930000" lon="-3.669470000">
        <ele>1219.770</ele>
      </trkpt>
      <trkpt lat="43.179890000" lon="-3.669300000">
        <ele>1220.970</ele>
      </trkpt>
      <trkpt lat="43.179770000" lon="-3.669070000">
        <ele>1222.840</ele>
      </trkpt>
      <trkpt lat="43.179540000" lon="-3.668720000">
        <ele>1226.030</ele>
      </trkpt>
      <trkpt lat="43.179450000" lon="-3.668660000">
        <ele>1226.940</ele>
      </trkpt>
      <trkpt lat="43.178830000" lon="-3.668530000">
        <ele>1232.720</ele>
      </trkpt>
      <trkpt lat="43.178630000" lon="-3.668450000">
        <ele>1228.000</ele>
      </trkpt>
      <trkpt lat="43.178570000" lon="-3.668400000">
        <ele>1225.000</ele>
      </trkpt>
      <trkpt lat="43.178520000" lon="-3.668320000">
        <ele>1222.000</ele>
      </trkpt>
      <trkpt lat="43.178460000" lon="-3.667880000">
        <ele>1220.000</ele>
      </trkpt>
      <trkpt lat="43.178430000" lon="-3.667750000">
        <ele>1219.000</ele>
      </trkpt>
      <trkpt lat="43.178390000" lon="-3.667660000">
        <ele>1218.000</ele>
      </trkpt>
      <trkpt lat="43.178330000" lon="-3.667590000">
        <ele>1217.000</ele>
      </trkpt>
      <trkpt lat="43.178240000" lon="-3.667520000">
        <ele>1217.000</ele>
      </trkpt>
      <trkpt lat="43.177960000" lon="-3.667460000">
        <ele>1216.000</ele>
      </trkpt>
      <trkpt lat="43.177340000" lon="-3.667660000">
        <ele>1215.000</ele>
      </trkpt>
      <trkpt lat="43.177300000" lon="-3.667670000">
        <ele>1215.000</ele>
      </trkpt>
      <trkpt lat="43.177300000" lon="-3.667670000">
        <ele>1214.000</ele>
      </trkpt>
      <trkpt lat="43.176900000" lon="-3.667720000">
        <ele>1222.000</ele>
      </trkpt>
      <trkpt lat="43.176770000" lon="-3.667680000">
        <ele>1229.000</ele>
      </trkpt>
      <trkpt lat="43.176550000" lon="-3.667550000">
        <ele>1238.000</ele>
      </trkpt>
      <trkpt lat="43.176430000" lon="-3.667420000">
        <ele>1247.000</ele>
      </trkpt>
      <trkpt lat="43.176390000" lon="-3.667340000">
        <ele>1254.000</ele>
      </trkpt>
      <trkpt lat="43.176360000" lon="-3.667120000">
        <ele>1261.000</ele>
      </trkpt>
      <trkpt lat="43.176390000" lon="-3.666570000">
        <ele>1273.000</ele>
      </trkpt>
      <trkpt lat="43.176390000" lon="-3.666570000">
        <ele>1282.000</ele>
      </trkpt>
      <trkpt lat="43.176400000" lon="-3.666450000">
        <ele>1288.000</ele>
      </trkpt>
      <trkpt lat="43.176380000" lon="-3.666240000">
        <ele>1296.000</ele>
      </trkpt>
      <trkpt lat="43.176070000" lon="-3.665250000">
        <ele>1298.000</ele>
      </trkpt>
      <trkpt lat="43.176020000" lon="-3.664540000">
        <ele>1299.000</ele>
      </trkpt>
      <trkpt lat="43.175980000" lon="-3.664390000">
        <ele>1298.000</ele>
      </trkpt>
      <trkpt lat="43.175890000" lon="-3.664150000">
        <ele>1298.000</ele>
      </trkpt>
      <trkpt lat="43.175780000" lon="-3.664010000">
        <ele>1297.000</ele>
      </trkpt>
      <trkpt lat="43.175550000" lon="-3.663780000">
        <ele>1295.000</ele>
      </trkpt>
      <trkpt lat="43.175430000" lon="-3.663710000">
        <ele>1295.000</ele>
      </trkpt>
      <trkpt lat="43.175340000" lon="-3.663670000">
        <ele>1295.000</ele>
      </trkpt>
      <trkpt lat="43.174820000" lon="-3.663550000">
        <ele>1298.000</ele>
      </trkpt>
      <trkpt lat="43.174180000" lon="-3.663080000">
        <ele>1303.000</ele>
      </trkpt>
      <trkpt lat="43.174040000" lon="-3.662900000">
        <ele>1308.000</ele>
      </trkpt>
      <trkpt lat="43.173980000" lon="-3.662770000">
        <ele>1311.000</ele>
      </trkpt>
      <trkpt lat="43.173750000" lon="-3.662090000">
        <ele>1316.000</ele>
      </trkpt>
      <trkpt lat="43.173710000" lon="-3.661940000">
        <ele>1320.000</ele>
      </trkpt>
      <trkpt lat="43.173700000" lon="-3.661800000">
        <ele>1322.000</ele>
      </trkpt>
      <trkpt lat="43.173700000" lon="-3.661310000">
        <ele>1324.000</ele>
      </trkpt>
      <trkpt lat="43.173660000" lon="-3.661120000">
        <ele>1325.000</ele>
      </trkpt>
      <trkpt lat="43.173270000" lon="-3.660560000">
        <ele>1327.000</ele>
      </trkpt>
      <trkpt lat="43.173140000" lon="-3.660250000">
        <ele>1328.000</ele>
      </trkpt>
      <trkpt lat="43.173040000" lon="-3.660100000">
        <ele>1329.000</ele>
      </trkpt>
      <trkpt lat="43.172880000" lon="-3.660030000">
        <ele>1329.000</ele>
      </trkpt>
      <trkpt lat="43.172520000" lon="-3.659960000">
        <ele>1331.000</ele>
      </trkpt>
      <trkpt lat="43.172350000" lon="-3.659880000">
        <ele>1332.000</ele>
      </trkpt>
      <trkpt lat="43.171770000" lon="-3.659570000">
        <ele>1335.000</ele>
      </trkpt>
      <trkpt lat="43.171680000" lon="-3.659480000">
        <ele>1337.000</ele>
      </trkpt>
      <trkpt lat="43.171260000" lon="-3.658230000">
        <ele>1342.000</ele>
      </trkpt>
      <trkpt lat="43.171120000" lon="-3.657500000">
        <ele>1345.000</ele>
      </trkpt>
      <trkpt lat="43.171120000" lon="-3.657310000">
        <ele>1347.000</ele>
      </trkpt>
      <trkpt lat="43.171240000" lon="-3.656790000">
        <ele>1349.000</ele>
      </trkpt>
      <trkpt lat="43.171270000" lon="-3.656340000">
        <ele>1351.000</ele>
      </trkpt>
      <trkpt lat="43.171390000" lon="-3.655680000">
        <ele>1352.000</ele>
      </trkpt>
      <trkpt lat="43.171380000" lon="-3.655480000">
        <ele>1352.000</ele>
      </trkpt>
      <trkpt lat="43.171280000" lon="-3.655210000">
        <ele>1352.000</ele>
      </trkpt>
      <trkpt lat="43.171150000" lon="-3.654980000">
        <ele>1351.000</ele>
      </trkpt>
      <trkpt lat="43.171020000" lon="-3.654670000">
        <ele>1349.000</ele>
      </trkpt>
      <trkpt lat="43.170980000" lon="-3.654550000">
        <ele>1348.000</ele>
      </trkpt>
      <trkpt lat="43.170960000" lon="-3.654360000">
        <ele>1347.000</ele>
      </trkpt>
      <trkpt lat="43.170950000" lon="-3.653930000">
        <ele>1345.000</ele>
      </trkpt>
      <trkpt lat="43.170960000" lon="-3.652920000">
        <ele>1341.000</ele>
      </trkpt>
      <trkpt lat="43.170960000" lon="-3.652500000">
        <ele>1339.000</ele>
      </trkpt>
      <trkpt lat="43.170980000" lon="-3.652290000">
        <ele>1338.000</ele>
      </trkpt>
      <trkpt lat="43.171010000" lon="-3.652160000">
        <ele>1337.000</ele>
      </trkpt>
      <trkpt lat="43.171090000" lon="-3.651890000">
        <ele>1337.000</ele>
      </trkpt>
      <trkpt lat="43.171150000" lon="-3.651710000">
        <ele>1337.000</ele>
      </trkpt>
      <trkpt lat="43.171220000" lon="-3.651590000">
        <ele>1337.000</ele>
      </trkpt>
      <trkpt lat="43.171370000" lon="-3.651420000">
        <ele>1337.000</ele>
      </trkpt>
      <trkpt lat="43.171820000" lon="-3.651040000">
        <ele>1338.000</ele>
      </trkpt>
      <trkpt lat="43.171980000" lon="-3.650820000">
        <ele>1339.000</ele>
      </trkpt>
      <trkpt lat="43.172350000" lon="-3.649670000">
        <ele>1338.000</ele>
      </trkpt>
      <trkpt lat="43.172430000" lon="-3.649270000">
        <ele>1336.000</ele>
      </trkpt>
      <trkpt lat="43.172460000" lon="-3.649060000">
        <ele>1335.000</ele>
      </trkpt>
      <trkpt lat="43.172500000" lon="-3.648270000">
        <ele>1333.000</ele>
      </trkpt>
      <trkpt lat="43.172470000" lon="-3.647980000">
        <ele>1330.000</ele>
      </trkpt>
      <trkpt lat="43.172420000" lon="-3.647770000">
        <ele>1327.000</ele>
      </trkpt>
      <trkpt lat="43.172100000" lon="-3.646860000">
        <ele>1320.000</ele>
      </trkpt>
      <trkpt lat="43.172040000" lon="-3.646570000">
        <ele>1314.000</ele>
      </trkpt>
      <trkpt lat="43.172100000" lon="-3.645000000">
        <ele>1303.000</ele>
      </trkpt>
      <trkpt lat="43.172150000" lon="-3.644670000">
        <ele>1295.000</ele>
      </trkpt>
      <trkpt lat="43.172240000" lon="-3.644440000">
        <ele>1290.000</ele>
      </trkpt>
      <trkpt lat="43.172630000" lon="-3.643850000">
        <ele>1287.000</ele>
      </trkpt>
      <trkpt lat="43.172690000" lon="-3.643740000">
        <ele>1284.000</ele>
      </trkpt>
      <trkpt lat="43.172760000" lon="-3.643530000">
        <ele>1283.000</ele>
      </trkpt>
      <trkpt lat="43.172870000" lon="-3.643140000">
        <ele>1281.000</ele>
      </trkpt>
      <trkpt lat="43.172890000" lon="-3.642970000">
        <ele>1280.000</ele>
      </trkpt>
      <trkpt lat="43.172890000" lon="-3.642830000">
        <ele>1280.000</ele>
      </trkpt>
      <trkpt lat="43.172830000" lon="-3.642500000">
        <ele>1278.000</ele>
      </trkpt>
      <trkpt lat="43.172670000" lon="-3.641820000">
        <ele>1276.000</ele>
      </trkpt>
      <trkpt lat="43.172610000" lon="-3.641610000">
        <ele>1273.000</ele>
      </trkpt>
      <trkpt lat="43.172530000" lon="-3.641440000">
        <ele>1271.000</ele>
      </trkpt>
      <trkpt lat="43.172300000" lon="-3.641020000">
        <ele>1268.000</ele>
      </trkpt>
      <trkpt lat="43.171830000" lon="-3.640130000">
        <ele>1263.000</ele>
      </trkpt>
      <trkpt lat="43.171770000" lon="-3.639940000">
        <ele>1260.000</ele>
      </trkpt>
      <trkpt lat="43.171750000" lon="-3.639710000">
        <ele>1257.000</ele>
      </trkpt>
      <trkpt lat="43.171750000" lon="-3.639670000">
        <ele>1255.000</ele>
      </trkpt>
      <trkpt lat="43.171750000" lon="-3.639670000">
        <ele>1254.000</ele>
      </trkpt>
      <trkpt lat="43.171770000" lon="-3.638870000">
        <ele>1253.000</ele>
      </trkpt>
      <trkpt lat="43.171760000" lon="-3.638680000">
        <ele>1251.000</ele>
      </trkpt>
      <trkpt lat="43.171590000" lon="-3.637750000">
        <ele>1249.000</ele>
      </trkpt>
      <trkpt lat="43.171520000" lon="-3.637100000">
        <ele>1247.000</ele>
      </trkpt>
      <trkpt lat="43.171430000" lon="-3.636520000">
        <ele>1245.000</ele>
      </trkpt>
      <trkpt lat="43.171370000" lon="-3.636300000">
        <ele>1243.000</ele>
      </trkpt>
      <trkpt lat="43.171300000" lon="-3.636140000">
        <ele>1241.000</ele>
      </trkpt>
      <trkpt lat="43.171250000" lon="-3.636040000">
        <ele>1239.000</ele>
      </trkpt>
      <trkpt lat="43.171010000" lon="-3.635690000">
        <ele>1237.000</ele>
      </trkpt>
      <trkpt lat="43.170910000" lon="-3.635470000">
        <ele>1235.000</ele>
      </trkpt>
      <trkpt lat="43.170870000" lon="-3.635340000">
        <ele>1233.000</ele>
      </trkpt>
      <trkpt lat="43.170820000" lon="-3.635120000">
        <ele>1232.000</ele>
      </trkpt>
      <trkpt lat="43.170690000" lon="-3.634060000">
        <ele>1228.000</ele>
      </trkpt>
      <trkpt lat="43.170620000" lon="-3.633810000">
        <ele>1225.000</ele>
      </trkpt>
      <trkpt lat="43.170550000" lon="-3.633660000">
        <ele>1223.000</ele>
      </trkpt>
      <trkpt lat="43.170410000" lon="-3.633530000">
        <ele>1221.000</ele>
      </trkpt>
      <trkpt lat="43.170240000" lon="-3.633420000">
        <ele>1219.000</ele>
      </trkpt>
      <trkpt lat="43.169470000" lon="-3.633170000">
        <ele>1215.000</ele>
      </trkpt>
      <trkpt lat="43.169270000" lon="-3.633070000">
        <ele>1212.000</ele>
      </trkpt>
      <trkpt lat="43.168940000" lon="-3.632770000">
        <ele>1208.000</ele>
      </trkpt>
      <trkpt lat="43.168060000" lon="-3.631760000">
        <ele>1203.000</ele>
      </trkpt>
      <trkpt lat="43.167990000" lon="-3.631710000">
        <ele>1199.000</ele>
      </trkpt>
      <trkpt lat="43.167890000" lon="-3.631670000">
        <ele>1196.000</ele>
      </trkpt>
      <trkpt lat="43.167700000" lon="-3.631730000">
        <ele>1194.000</ele>
      </trkpt>
      <trkpt lat="43.167200000" lon="-3.631950000">
        <ele>1191.000</ele>
      </trkpt>
      <trkpt lat="43.167020000" lon="-3.632000000">
        <ele>1188.000</ele>
      </trkpt>
      <trkpt lat="43.166950000" lon="-3.631980000">
        <ele>1187.000</ele>
      </trkpt>
      <trkpt lat="43.166110000" lon="-3.631540000">
        <ele>1185.000</ele>
      </trkpt>
      <trkpt lat="43.165970000" lon="-3.631380000">
        <ele>1183.000</ele>
      </trkpt>
      <trkpt lat="43.165880000" lon="-3.631250000">
        <ele>1182.000</ele>
      </trkpt>
      <trkpt lat="43.165820000" lon="-3.631100000">
        <ele>1181.000</ele>
      </trkpt>
      <trkpt lat="43.165750000" lon="-3.630900000">
        <ele>1180.000</ele>
      </trkpt>
      <trkpt lat="43.165750000" lon="-3.630900000">
        <ele>1179.000</ele>
      </trkpt>
      <trkpt lat="43.165470000" lon="-3.630050000">
        <ele>1178.000</ele>
      </trkpt>
      <trkpt lat="43.165020000" lon="-3.628780000">
        <ele>1175.000</ele>
      </trkpt>
      <trkpt lat="43.164800000" lon="-3.628310000">
        <ele>1172.000</ele>
      </trkpt>
      <trkpt lat="43.164500000" lon="-3.627600000">
        <ele>1169.000</ele>
      </trkpt>
      <trkpt lat="43.164440000" lon="-3.627420000">
        <ele>1167.000</ele>
      </trkpt>
      <trkpt lat="43.164390000" lon="-3.627000000">
        <ele>1165.000</ele>
      </trkpt>
      <trkpt lat="43.164360000" lon="-3.626530000">
        <ele>1163.000</ele>
      </trkpt>
      <trkpt lat="43.164310000" lon="-3.625530000">
        <ele>1161.000</ele>
      </trkpt>
      <trkpt lat="43.164350000" lon="-3.625310000">
        <ele>1158.000</ele>
      </trkpt>
      <trkpt lat="43.164420000" lon="-3.625130000">
        <ele>1157.000</ele>
      </trkpt>
      <trkpt lat="43.164700000" lon="-3.624720000">
        <ele>1155.000</ele>
      </trkpt>
      <trkpt lat="43.164730000" lon="-3.624640000">
        <ele>1154.000</ele>
      </trkpt>
      <trkpt lat="43.164750000" lon="-3.624520000">
        <ele>1154.000</ele>
      </trkpt>
      <trkpt lat="43.164750000" lon="-3.624390000">
        <ele>1153.000</ele>
      </trkpt>
      <trkpt lat="43.164710000" lon="-3.624210000">
        <ele>1152.000</ele>
      </trkpt>
      <trkpt lat="43.164600000" lon="-3.624080000">
        <ele>1152.000</ele>
      </trkpt>
      <trkpt lat="43.164460000" lon="-3.624000000">
        <ele>1151.000</ele>
      </trkpt>
      <trkpt lat="43.163850000" lon="-3.623810000">
        <ele>1151.000</ele>
      </trkpt>
      <trkpt lat="43.163700000" lon="-3.623740000">
        <ele>1150.000</ele>
      </trkpt>
      <trkpt lat="43.163550000" lon="-3.623600000">
        <ele>1149.000</ele>
      </trkpt>
      <trkpt lat="43.163300000" lon="-3.623230000">
        <ele>1148.000</ele>
      </trkpt>
      <trkpt lat="43.163210000" lon="-3.623120000">
        <ele>1147.000</ele>
      </trkpt>
      <trkpt lat="43.163100000" lon="-3.623050000">
        <ele>1146.000</ele>
      </trkpt>
      <trkpt lat="43.162010000" lon="-3.622860000">
        <ele>1144.000</ele>
      </trkpt>
      <trkpt lat="43.161850000" lon="-3.622860000">
        <ele>1141.000</ele>
      </trkpt>
      <trkpt lat="43.161710000" lon="-3.622870000">
        <ele>1140.000</ele>
      </trkpt>
      <trkpt lat="43.160610000" lon="-3.623330000">
        <ele>1136.000</ele>
      </trkpt>
      <trkpt lat="43.160050000" lon="-3.623540000">
        <ele>1132.000</ele>
      </trkpt>
      <trkpt lat="43.159950000" lon="-3.623550000">
        <ele>1129.000</ele>
      </trkpt>
      <trkpt lat="43.159620000" lon="-3.623540000">
        <ele>1127.000</ele>
      </trkpt>
      <trkpt lat="43.158350000" lon="-3.623460000">
        <ele>1121.000</ele>
      </trkpt>
      <trkpt lat="43.157510000" lon="-3.623390000">
        <ele>1115.000</ele>
      </trkpt>
      <trkpt lat="43.157350000" lon="-3.623380000">
        <ele>1110.000</ele>
      </trkpt>
      <trkpt lat="43.157220000" lon="-3.623420000">
        <ele>1107.000</ele>
      </trkpt>
      <trkpt lat="43.156740000" lon="-3.623780000">
        <ele>1105.000</ele>
      </trkpt>
      <trkpt lat="43.155970000" lon="-3.624330000">
        <ele>1102.000</ele>
      </trkpt>
      <trkpt lat="43.155200000" lon="-3.624950000">
        <ele>1099.000</ele>
      </trkpt>
      <trkpt lat="43.155110000" lon="-3.625040000">
        <ele>1096.000</ele>
      </trkpt>
      <trkpt lat="43.154940000" lon="-3.625270000">
        <ele>1094.000</ele>
      </trkpt>
      <trkpt lat="43.154730000" lon="-3.625760000">
        <ele>1091.000</ele>
      </trkpt>
      <trkpt lat="43.154560000" lon="-3.626200000">
        <ele>1089.000</ele>
      </trkpt>
      <trkpt lat="43.154430000" lon="-3.626390000">
        <ele>1086.000</ele>
      </trkpt>
      <trkpt lat="43.154360000" lon="-3.626460000">
        <ele>1084.000</ele>
      </trkpt>
      <trkpt lat="43.154280000" lon="-3.626500000">
        <ele>1083.000</ele>
      </trkpt>
      <trkpt lat="43.154120000" lon="-3.626500000">
        <ele>1081.000</ele>
      </trkpt>
      <trkpt lat="43.153890000" lon="-3.626450000">
        <ele>1080.000</ele>
      </trkpt>
      <trkpt lat="43.153590000" lon="-3.626340000">
        <ele>1078.000</ele>
      </trkpt>
      <trkpt lat="43.153320000" lon="-3.626280000">
        <ele>1076.000</ele>
      </trkpt>
      <trkpt lat="43.152960000" lon="-3.626170000">
        <ele>1074.000</ele>
      </trkpt>
      <trkpt lat="43.152750000" lon="-3.626080000">
        <ele>1072.000</ele>
      </trkpt>
      <trkpt lat="43.152290000" lon="-3.625850000">
        <ele>1069.000</ele>
      </trkpt>
      <trkpt lat="43.151360000" lon="-3.625340000">
        <ele>1065.000</ele>
      </trkpt>
      <trkpt lat="43.151070000" lon="-3.625150000">
        <ele>1061.000</ele>
      </trkpt>
      <trkpt lat="43.150820000" lon="-3.624850000">
        <ele>1058.000</ele>
      </trkpt>
      <trkpt lat="43.150110000" lon="-3.623880000">
        <ele>1054.000</ele>
      </trkpt>
      <trkpt lat="43.150010000" lon="-3.623770000">
        <ele>1051.000</ele>
      </trkpt>
      <trkpt lat="43.149910000" lon="-3.623690000">
        <ele>1049.000</ele>
      </trkpt>
      <trkpt lat="43.149770000" lon="-3.623640000">
        <ele>1047.000</ele>
      </trkpt>
      <trkpt lat="43.149130000" lon="-3.623730000">
        <ele>1045.000</ele>
      </trkpt>
      <trkpt lat="43.147000000" lon="-3.624070000">
        <ele>1039.000</ele>
      </trkpt>
      <trkpt lat="43.146910000" lon="-3.624090000">
        <ele>1034.000</ele>
      </trkpt>
      <trkpt lat="43.146900000" lon="-3.624070000">
        <ele>1032.000</ele>
      </trkpt>
      <trkpt lat="43.146900000" lon="-3.624070000">
        <ele>1030.000</ele>
      </trkpt>
      <trkpt lat="43.146910000" lon="-3.624090000">
        <ele>1028.000</ele>
      </trkpt>
      <trkpt lat="43.146180000" lon="-3.624210000">
        <ele>1026.000</ele>
      </trkpt>
      <trkpt lat="43.145700000" lon="-3.624240000">
        <ele>1024.000</ele>
      </trkpt>
      <trkpt lat="43.143220000" lon="-3.623770000">
        <ele>1018.000</ele>
      </trkpt>
      <trkpt lat="43.143040000" lon="-3.623710000">
        <ele>1014.000</ele>
      </trkpt>
      <trkpt lat="43.142310000" lon="-3.623380000">
        <ele>1011.000</ele>
      </trkpt>
      <trkpt lat="43.141340000" lon="-3.622740000">
        <ele>1008.000</ele>
      </trkpt>
      <trkpt lat="43.140890000" lon="-3.622520000">
        <ele>1004.000</ele>
      </trkpt>
      <trkpt lat="43.139970000" lon="-3.622160000">
        <ele>1000.000</ele>
      </trkpt>
      <trkpt lat="43.139860000" lon="-3.622150000">
        <ele>997.000</ele>
      </trkpt>
      <trkpt lat="43.139640000" lon="-3.622200000">
        <ele>994.000</ele>
      </trkpt>
      <trkpt lat="43.138790000" lon="-3.622590000">
        <ele>990.000</ele>
      </trkpt>
      <trkpt lat="43.138660000" lon="-3.622620000">
        <ele>987.000</ele>
      </trkpt>
      <trkpt lat="43.137260000" lon="-3.622540000">
        <ele>981.000</ele>
      </trkpt>
      <trkpt lat="43.137120000" lon="-3.622520000">
        <ele>977.000</ele>
      </trkpt>
      <trkpt lat="43.134170000" lon="-3.621550000">
        <ele>966.000</ele>
      </trkpt>
      <trkpt lat="43.133980000" lon="-3.621440000">
        <ele>958.000</ele>
      </trkpt>
      <trkpt lat="43.133850000" lon="-3.621340000">
        <ele>952.000</ele>
      </trkpt>
      <trkpt lat="43.132810000" lon="-3.620260000">
        <ele>945.000</ele>
      </trkpt>
      <trkpt lat="43.132730000" lon="-3.620160000">
        <ele>941.000</ele>
      </trkpt>
      <trkpt lat="43.132680000" lon="-3.620070000">
        <ele>937.000</ele>
      </trkpt>
      <trkpt lat="43.132610000" lon="-3.619900000">
        <ele>935.000</ele>
      </trkpt>
      <trkpt lat="43.132430000" lon="-3.619240000">
        <ele>932.000</ele>
      </trkpt>
      <trkpt lat="43.132210000" lon="-3.618510000">
        <ele>929.000</ele>
      </trkpt>
      <trkpt lat="43.131690000" lon="-3.617190000">
        <ele>924.000</ele>
      </trkpt>
      <trkpt lat="43.131550000" lon="-3.616550000">
        <ele>920.000</ele>
      </trkpt>
      <trkpt lat="43.131090000" lon="-3.615250000">
        <ele>915.000</ele>
      </trkpt>
      <trkpt lat="43.131020000" lon="-3.614960000">
        <ele>911.000</ele>
      </trkpt>
      <trkpt lat="43.130780000" lon="-3.613750000">
        <ele>907.000</ele>
      </trkpt>
      <trkpt lat="43.130650000" lon="-3.613450000">
        <ele>903.000</ele>
      </trkpt>
      <trkpt lat="43.130140000" lon="-3.612550000">
        <ele>898.000</ele>
      </trkpt>
      <trkpt lat="43.130030000" lon="-3.612260000">
        <ele>894.000</ele>
      </trkpt>
      <trkpt lat="43.130000000" lon="-3.612100000">
        <ele>891.000</ele>
      </trkpt>
      <trkpt lat="43.129990000" lon="-3.611920000">
        <ele>888.000</ele>
      </trkpt>
      <trkpt lat="43.130020000" lon="-3.611510000">
        <ele>886.000</ele>
      </trkpt>
      <trkpt lat="43.130060000" lon="-3.610710000">
        <ele>883.000</ele>
      </trkpt>
      <trkpt lat="43.130030000" lon="-3.610470000">
        <ele>881.000</ele>
      </trkpt>
      <trkpt lat="43.129970000" lon="-3.610230000">
        <ele>880.000</ele>
      </trkpt>
      <trkpt lat="43.129690000" lon="-3.609470000">
        <ele>878.000</ele>
      </trkpt>
      <trkpt lat="43.129620000" lon="-3.609360000">
        <ele>877.000</ele>
      </trkpt>
      <trkpt lat="43.129420000" lon="-3.609190000">
        <ele>876.000</ele>
      </trkpt>
      <trkpt lat="43.129310000" lon="-3.609140000">
        <ele>875.000</ele>
      </trkpt>
      <trkpt lat="43.129010000" lon="-3.609140000">
        <ele>873.000</ele>
      </trkpt>
      <trkpt lat="43.128860000" lon="-3.609200000">
        <ele>872.000</ele>
      </trkpt>
      <trkpt lat="43.128730000" lon="-3.609310000">
        <ele>870.000</ele>
      </trkpt>
      <trkpt lat="43.127540000" lon="-3.610710000">
        <ele>865.000</ele>
      </trkpt>
      <trkpt lat="43.127140000" lon="-3.611230000">
        <ele>863.000</ele>
      </trkpt>
      <trkpt lat="43.127100000" lon="-3.611270000">
        <ele>861.000</ele>
      </trkpt>
      <trkpt lat="43.126860000" lon="-3.611590000">
        <ele>860.000</ele>
      </trkpt>
      <trkpt lat="43.126570000" lon="-3.611930000">
        <ele>860.000</ele>
      </trkpt>
      <trkpt lat="43.126480000" lon="-3.612010000">
        <ele>859.000</ele>
      </trkpt>
      <trkpt lat="43.126380000" lon="-3.612050000">
        <ele>860.000</ele>
      </trkpt>
      <trkpt lat="43.126380000" lon="-3.612050000">
        <ele>860.000</ele>
      </trkpt>
      <trkpt lat="43.126370000" lon="-3.612050000">
        <ele>860.000</ele>
      </trkpt>
      <trkpt lat="43.126270000" lon="-3.612040000">
        <ele>860.000</ele>
      </trkpt>
      <trkpt lat="43.126180000" lon="-3.612010000">
        <ele>860.000</ele>
      </trkpt>
      <trkpt lat="43.126060000" lon="-3.611910000">
        <ele>860.000</ele>
      </trkpt>
      <trkpt lat="43.125190000" lon="-3.610440000">
        <ele>862.000</ele>
      </trkpt>
      <trkpt lat="43.125110000" lon="-3.610260000">
        <ele>863.000</ele>
      </trkpt>
      <trkpt lat="43.124970000" lon="-3.609830000">
        <ele>864.000</ele>
      </trkpt>
      <trkpt lat="43.124840000" lon="-3.609040000">
        <ele>863.000</ele>
      </trkpt>
      <trkpt lat="43.124800000" lon="-3.608850000">
        <ele>863.000</ele>
      </trkpt>
      <trkpt lat="43.124720000" lon="-3.608610000">
        <ele>862.000</ele>
      </trkpt>
      <trkpt lat="43.124160000" lon="-3.607100000">
        <ele>860.000</ele>
      </trkpt>
      <trkpt lat="43.124070000" lon="-3.606960000">
        <ele>858.000</ele>
      </trkpt>
      <trkpt lat="43.123970000" lon="-3.606840000">
        <ele>857.000</ele>
      </trkpt>
      <trkpt lat="43.123890000" lon="-3.606790000">
        <ele>856.000</ele>
      </trkpt>
      <trkpt lat="43.123610000" lon="-3.606660000">
        <ele>856.000</ele>
      </trkpt>
      <trkpt lat="43.123200000" lon="-3.606420000">
        <ele>855.000</ele>
      </trkpt>
      <trkpt lat="43.122880000" lon="-3.606170000">
        <ele>855.000</ele>
      </trkpt>
      <trkpt lat="43.122350000" lon="-3.605680000">
        <ele>855.000</ele>
      </trkpt>
      <trkpt lat="43.122180000" lon="-3.605470000">
        <ele>855.000</ele>
      </trkpt>
      <trkpt lat="43.122040000" lon="-3.605200000">
        <ele>855.000</ele>
      </trkpt>
      <trkpt lat="43.121870000" lon="-3.604630000">
        <ele>855.000</ele>
      </trkpt>
      <trkpt lat="43.121810000" lon="-3.604190000">
        <ele>855.000</ele>
      </trkpt>
      <trkpt lat="43.121740000" lon="-3.603440000">
        <ele>854.000</ele>
      </trkpt>
      <trkpt lat="43.121650000" lon="-3.602940000">
        <ele>852.000</ele>
      </trkpt>
      <trkpt lat="43.121560000" lon="-3.602570000">
        <ele>851.000</ele>
      </trkpt>
      <trkpt lat="43.121370000" lon="-3.601950000">
        <ele>850.000</ele>
      </trkpt>
      <trkpt lat="43.121310000" lon="-3.601650000">
        <ele>849.000</ele>
      </trkpt>
      <trkpt lat="43.121250000" lon="-3.601470000">
        <ele>848.000</ele>
      </trkpt>
      <trkpt lat="43.120790000" lon="-3.600710000">
        <ele>848.000</ele>
      </trkpt>
      <trkpt lat="43.120360000" lon="-3.599350000">
        <ele>846.000</ele>
      </trkpt>
      <trkpt lat="43.120230000" lon="-3.599080000">
        <ele>844.000</ele>
      </trkpt>
      <trkpt lat="43.120080000" lon="-3.598950000">
        <ele>843.000</ele>
      </trkpt>
      <trkpt lat="43.119870000" lon="-3.598880000">
        <ele>842.000</ele>
      </trkpt>
      <trkpt lat="43.118460000" lon="-3.598670000">
        <ele>839.000</ele>
      </trkpt>
      <trkpt lat="43.118310000" lon="-3.598630000">
        <ele>837.000</ele>
      </trkpt>
      <trkpt lat="43.118240000" lon="-3.598570000">
        <ele>836.000</ele>
      </trkpt>
      <trkpt lat="43.118180000" lon="-3.598470000">
        <ele>835.000</ele>
      </trkpt>
      <trkpt lat="43.118130000" lon="-3.598330000">
        <ele>834.000</ele>
      </trkpt>
      <trkpt lat="43.118040000" lon="-3.597600000">
        <ele>832.000</ele>
      </trkpt>
      <trkpt lat="43.117990000" lon="-3.597350000">
        <ele>830.000</ele>
      </trkpt>
      <trkpt lat="43.117970000" lon="-3.597070000">
        <ele>829.000</ele>
      </trkpt>
      <trkpt lat="43.118000000" lon="-3.596530000">
        <ele>827.000</ele>
      </trkpt>
      <trkpt lat="43.118160000" lon="-3.594870000">
        <ele>824.000</ele>
      </trkpt>
      <trkpt lat="43.118170000" lon="-3.594700000">
        <ele>821.000</ele>
      </trkpt>
      <trkpt lat="43.118140000" lon="-3.594330000">
        <ele>819.000</ele>
      </trkpt>
      <trkpt lat="43.118100000" lon="-3.594080000">
        <ele>818.000</ele>
      </trkpt>
      <trkpt lat="43.118080000" lon="-3.593940000">
        <ele>817.000</ele>
      </trkpt>
      <trkpt lat="43.117920000" lon="-3.592750000">
        <ele>816.000</ele>
      </trkpt>
      <trkpt lat="43.117850000" lon="-3.592160000">
        <ele>816.000</ele>
      </trkpt>
      <trkpt lat="43.117820000" lon="-3.591870000">
        <ele>815.000</ele>
      </trkpt>
      <trkpt lat="43.117800000" lon="-3.591520000">
        <ele>815.000</ele>
      </trkpt>
      <trkpt lat="43.117800000" lon="-3.591210000">
        <ele>814.000</ele>
      </trkpt>
      <trkpt lat="43.117830000" lon="-3.590430000">
        <ele>813.000</ele>
      </trkpt>
      <trkpt lat="43.117820000" lon="-3.590310000">
        <ele>812.000</ele>
      </trkpt>
      <trkpt lat="43.117790000" lon="-3.590120000">
        <ele>811.000</ele>
      </trkpt>
      <trkpt lat="43.117740000" lon="-3.589950000">
        <ele>810.000</ele>
      </trkpt>
      <trkpt lat="43.117710000" lon="-3.589840000">
        <ele>810.000</ele>
      </trkpt>
      <trkpt lat="43.117520000" lon="-3.589230000">
        <ele>809.000</ele>
      </trkpt>
      <trkpt lat="43.117490000" lon="-3.588970000">
        <ele>808.000</ele>
      </trkpt>
      <trkpt lat="43.117510000" lon="-3.588810000">
        <ele>807.000</ele>
      </trkpt>
      <trkpt lat="43.117640000" lon="-3.588000000">
        <ele>806.000</ele>
      </trkpt>
      <trkpt lat="43.117720000" lon="-3.587550000">
        <ele>805.000</ele>
      </trkpt>
      <trkpt lat="43.117740000" lon="-3.587370000">
        <ele>804.000</ele>
      </trkpt>
      <trkpt lat="43.117710000" lon="-3.586810000">
        <ele>803.000</ele>
      </trkpt>
      <trkpt lat="43.117610000" lon="-3.585640000">
        <ele>803.000</ele>
      </trkpt>
      <trkpt lat="43.117620000" lon="-3.585450000">
        <ele>804.000</ele>
      </trkpt>
      <trkpt lat="43.117700000" lon="-3.585300000">
        <ele>804.000</ele>
      </trkpt>
      <trkpt lat="43.118010000" lon="-3.584930000">
        <ele>805.000</ele>
      </trkpt>
      <trkpt lat="43.118040000" lon="-3.584840000">
        <ele>805.000</ele>
      </trkpt>
      <trkpt lat="43.118010000" lon="-3.584690000">
        <ele>806.000</ele>
      </trkpt>
      <trkpt lat="43.117730000" lon="-3.584080000">
        <ele>806.000</ele>
      </trkpt>
      <trkpt lat="43.117640000" lon="-3.583920000">
        <ele>806.000</ele>
      </trkpt>
      <trkpt lat="43.117540000" lon="-3.583770000">
        <ele>806.000</ele>
      </trkpt>
      <trkpt lat="43.117170000" lon="-3.583360000">
        <ele>806.000</ele>
      </trkpt>
      <trkpt lat="43.117260000" lon="-3.583070000">
        <ele>806.000</ele>
      </trkpt>
      <trkpt lat="43.117300000" lon="-3.582990000">
        <ele>807.000</ele>
      </trkpt>
      <trkpt lat="43.117520000" lon="-3.582800000">
        <ele>807.000</ele>
      </trkpt>
      <trkpt lat="43.117600000" lon="-3.582690000">
        <ele>807.000</ele>
      </trkpt>
      <trkpt lat="43.117860000" lon="-3.582100000">
        <ele>808.000</ele>
      </trkpt>
      <trkpt lat="43.118050000" lon="-3.581510000">
        <ele>809.000</ele>
      </trkpt>
      <trkpt lat="43.118150000" lon="-3.581340000">
        <ele>811.000</ele>
      </trkpt>
      <trkpt lat="43.118640000" lon="-3.580930000">
        <ele>813.000</ele>
      </trkpt>
      <trkpt lat="43.118710000" lon="-3.580910000">
        <ele>815.000</ele>
      </trkpt>
      <trkpt lat="43.118860000" lon="-3.580910000">
        <ele>817.000</ele>
      </trkpt>
      <trkpt lat="43.119090000" lon="-3.580890000">
        <ele>819.000</ele>
      </trkpt>
      <trkpt lat="43.119310000" lon="-3.580750000">
        <ele>821.000</ele>
      </trkpt>
      <trkpt lat="43.119570000" lon="-3.580740000">
        <ele>823.000</ele>
      </trkpt>
      <trkpt lat="43.119670000" lon="-3.580690000">
        <ele>824.000</ele>
      </trkpt>
      <trkpt lat="43.119770000" lon="-3.580560000">
        <ele>826.000</ele>
      </trkpt>
      <trkpt lat="43.119910000" lon="-3.580300000">
        <ele>828.000</ele>
      </trkpt>
      <trkpt lat="43.119990000" lon="-3.580190000">
        <ele>829.000</ele>
      </trkpt>
      <trkpt lat="43.120340000" lon="-3.579970000">
        <ele>831.000</ele>
      </trkpt>
      <trkpt lat="43.120370000" lon="-3.579930000">
        <ele>833.000</ele>
      </trkpt>
      <trkpt lat="43.120540000" lon="-3.579540000">
        <ele>835.000</ele>
      </trkpt>
      <trkpt lat="43.120590000" lon="-3.579500000">
        <ele>836.000</ele>
      </trkpt>
      <trkpt lat="43.120630000" lon="-3.579480000">
        <ele>837.000</ele>
      </trkpt>
      <trkpt lat="43.120690000" lon="-3.579490000">
        <ele>838.000</ele>
      </trkpt>
      <trkpt lat="43.120970000" lon="-3.579630000">
        <ele>840.000</ele>
      </trkpt>
      <trkpt lat="43.121040000" lon="-3.579640000">
        <ele>841.000</ele>
      </trkpt>
      <trkpt lat="43.121100000" lon="-3.579620000">
        <ele>842.000</ele>
      </trkpt>
      <trkpt lat="43.121140000" lon="-3.579570000">
        <ele>842.000</ele>
      </trkpt>
      <trkpt lat="43.121300000" lon="-3.578940000">
        <ele>844.000</ele>
      </trkpt>
      <trkpt lat="43.121320000" lon="-3.578890000">
        <ele>845.000</ele>
      </trkpt>
      <trkpt lat="43.121390000" lon="-3.578870000">
        <ele>846.000</ele>
      </trkpt>
      <trkpt lat="43.121430000" lon="-3.578870000">
        <ele>846.000</ele>
      </trkpt>
      <trkpt lat="43.121460000" lon="-3.578900000">
        <ele>847.000</ele>
      </trkpt>
      <trkpt lat="43.121490000" lon="-3.578960000">
        <ele>847.000</ele>
      </trkpt>
      <trkpt lat="43.121500000" lon="-3.579020000">
        <ele>847.000</ele>
      </trkpt>
      <trkpt lat="43.121400000" lon="-3.579760000">
        <ele>849.000</ele>
      </trkpt>
      <trkpt lat="43.121410000" lon="-3.579940000">
        <ele>850.000</ele>
      </trkpt>
      <trkpt lat="43.121450000" lon="-3.580130000">
        <ele>851.000</ele>
      </trkpt>
      <trkpt lat="43.121630000" lon="-3.580580000">
        <ele>853.000</ele>
      </trkpt>
      <trkpt lat="43.121640000" lon="-3.580660000">
        <ele>854.000</ele>
      </trkpt>
      <trkpt lat="43.121610000" lon="-3.580800000">
        <ele>855.000</ele>
      </trkpt>
      <trkpt lat="43.121420000" lon="-3.581070000">
        <ele>856.000</ele>
      </trkpt>
      <trkpt lat="43.121380000" lon="-3.581210000">
        <ele>857.000</ele>
      </trkpt>
      <trkpt lat="43.121300000" lon="-3.581960000">
        <ele>859.000</ele>
      </trkpt>
      <trkpt lat="43.121310000" lon="-3.582170000">
        <ele>860.000</ele>
      </trkpt>
      <trkpt lat="43.121330000" lon="-3.582320000">
        <ele>861.000</ele>
      </trkpt>
      <trkpt lat="43.121560000" lon="-3.582880000">
        <ele>863.000</ele>
      </trkpt>
      <trkpt lat="43.121610000" lon="-3.583040000">
        <ele>864.000</ele>
      </trkpt>
      <trkpt lat="43.121630000" lon="-3.583180000">
        <ele>866.000</ele>
      </trkpt>
      <trkpt lat="43.121630000" lon="-3.583420000">
        <ele>867.000</ele>
      </trkpt>
      <trkpt lat="43.121640000" lon="-3.583500000">
        <ele>868.000</ele>
      </trkpt>
      <trkpt lat="43.121700000" lon="-3.583580000">
        <ele>869.000</ele>
      </trkpt>
      <trkpt lat="43.121740000" lon="-3.583600000">
        <ele>869.000</ele>
      </trkpt>
      <trkpt lat="43.121800000" lon="-3.583580000">
        <ele>870.000</ele>
      </trkpt>
      <trkpt lat="43.121850000" lon="-3.583520000">
        <ele>871.000</ele>
      </trkpt>
      <trkpt lat="43.121860000" lon="-3.583480000">
        <ele>871.000</ele>
      </trkpt>
      <trkpt lat="43.121890000" lon="-3.583310000">
        <ele>872.000</ele>
      </trkpt>
      <trkpt lat="43.121890000" lon="-3.582910000">
        <ele>873.000</ele>
      </trkpt>
      <trkpt lat="43.121910000" lon="-3.582780000">
        <ele>874.000</ele>
      </trkpt>
      <trkpt lat="43.121980000" lon="-3.582600000">
        <ele>875.000</ele>
      </trkpt>
      <trkpt lat="43.122540000" lon="-3.581790000">
        <ele>877.000</ele>
      </trkpt>
      <trkpt lat="43.122820000" lon="-3.581460000">
        <ele>879.000</ele>
      </trkpt>
      <trkpt lat="43.122930000" lon="-3.581370000">
        <ele>881.000</ele>
      </trkpt>
      <trkpt lat="43.123270000" lon="-3.581200000">
        <ele>882.000</ele>
      </trkpt>
      <trkpt lat="43.123320000" lon="-3.581140000">
        <ele>882.000</ele>
      </trkpt>
      <trkpt lat="43.123340000" lon="-3.581080000">
        <ele>883.000</ele>
      </trkpt>
      <trkpt lat="43.123390000" lon="-3.580840000">
        <ele>883.000</ele>
      </trkpt>
      <trkpt lat="43.123390000" lon="-3.580710000">
        <ele>884.000</ele>
      </trkpt>
      <trkpt lat="43.123270000" lon="-3.580170000">
        <ele>884.000</ele>
      </trkpt>
      <trkpt lat="43.123210000" lon="-3.579780000">
        <ele>885.000</ele>
      </trkpt>
      <trkpt lat="43.123230000" lon="-3.579700000">
        <ele>885.000</ele>
      </trkpt>
      <trkpt lat="43.123280000" lon="-3.579590000">
        <ele>886.000</ele>
      </trkpt>
      <trkpt lat="43.123500000" lon="-3.579370000">
        <ele>888.000</ele>
      </trkpt>
      <trkpt lat="43.123550000" lon="-3.579340000">
        <ele>889.000</ele>
      </trkpt>
      <trkpt lat="43.123600000" lon="-3.579330000">
        <ele>890.000</ele>
      </trkpt>
      <trkpt lat="43.123930000" lon="-3.579430000">
        <ele>893.000</ele>
      </trkpt>
      <trkpt lat="43.124020000" lon="-3.579420000">
        <ele>895.000</ele>
      </trkpt>
      <trkpt lat="43.124070000" lon="-3.579390000">
        <ele>896.000</ele>
      </trkpt>
      <trkpt lat="43.124120000" lon="-3.579340000">
        <ele>898.000</ele>
      </trkpt>
      <trkpt lat="43.124240000" lon="-3.579020000">
        <ele>900.000</ele>
      </trkpt>
      <trkpt lat="43.124320000" lon="-3.578870000">
        <ele>902.000</ele>
      </trkpt>
      <trkpt lat="43.124400000" lon="-3.578810000">
        <ele>903.000</ele>
      </trkpt>
      <trkpt lat="43.124880000" lon="-3.578640000">
        <ele>907.000</ele>
      </trkpt>
      <trkpt lat="43.124970000" lon="-3.578570000">
        <ele>909.000</ele>
      </trkpt>
      <trkpt lat="43.125130000" lon="-3.578110000">
        <ele>912.000</ele>
      </trkpt>
      <trkpt lat="43.125170000" lon="-3.578070000">
        <ele>913.000</ele>
      </trkpt>
      <trkpt lat="43.125240000" lon="-3.578070000">
        <ele>914.000</ele>
      </trkpt>
      <trkpt lat="43.125310000" lon="-3.578110000">
        <ele>915.000</ele>
      </trkpt>
      <trkpt lat="43.125410000" lon="-3.578230000">
        <ele>916.000</ele>
      </trkpt>
      <trkpt lat="43.125480000" lon="-3.578370000">
        <ele>917.000</ele>
      </trkpt>
      <trkpt lat="43.125480000" lon="-3.578450000">
        <ele>918.000</ele>
      </trkpt>
      <trkpt lat="43.125470000" lon="-3.578570000">
        <ele>918.000</ele>
      </trkpt>
      <trkpt lat="43.125340000" lon="-3.579070000">
        <ele>920.000</ele>
      </trkpt>
      <trkpt lat="43.125280000" lon="-3.579470000">
        <ele>921.000</ele>
      </trkpt>
      <trkpt lat="43.125290000" lon="-3.579690000">
        <ele>922.000</ele>
      </trkpt>
      <trkpt lat="43.125350000" lon="-3.580140000">
        <ele>924.000</ele>
      </trkpt>
      <trkpt lat="43.125310000" lon="-3.580310000">
        <ele>925.000</ele>
      </trkpt>
      <trkpt lat="43.125200000" lon="-3.580640000">
        <ele>927.000</ele>
      </trkpt>
      <trkpt lat="43.125170000" lon="-3.580810000">
        <ele>929.000</ele>
      </trkpt>
      <trkpt lat="43.125230000" lon="-3.581220000">
        <ele>931.000</ele>
      </trkpt>
      <trkpt lat="43.125210000" lon="-3.581440000">
        <ele>933.000</ele>
      </trkpt>
      <trkpt lat="43.125170000" lon="-3.581680000">
        <ele>935.000</ele>
      </trkpt>
      <trkpt lat="43.125180000" lon="-3.581760000">
        <ele>936.000</ele>
      </trkpt>
      <trkpt lat="43.125250000" lon="-3.581790000">
        <ele>937.000</ele>
      </trkpt>
      <trkpt lat="43.125290000" lon="-3.581770000">
        <ele>938.000</ele>
      </trkpt>
      <trkpt lat="43.125410000" lon="-3.581560000">
        <ele>939.000</ele>
      </trkpt>
      <trkpt lat="43.125440000" lon="-3.581470000">
        <ele>940.000</ele>
      </trkpt>
      <trkpt lat="43.125480000" lon="-3.581200000">
        <ele>941.000</ele>
      </trkpt>
      <trkpt lat="43.125550000" lon="-3.581050000">
        <ele>942.000</ele>
      </trkpt>
      <trkpt lat="43.125620000" lon="-3.580990000">
        <ele>943.000</ele>
      </trkpt>
      <trkpt lat="43.125880000" lon="-3.580890000">
        <ele>944.000</ele>
      </trkpt>
      <trkpt lat="43.125950000" lon="-3.580830000">
        <ele>945.000</ele>
      </trkpt>
      <trkpt lat="43.125990000" lon="-3.580760000">
        <ele>946.000</ele>
      </trkpt>
      <trkpt lat="43.126190000" lon="-3.580190000">
        <ele>947.000</ele>
      </trkpt>
      <trkpt lat="43.126290000" lon="-3.580060000">
        <ele>949.000</ele>
      </trkpt>
      <trkpt lat="43.126440000" lon="-3.580000000">
        <ele>950.000</ele>
      </trkpt>
      <trkpt lat="43.126530000" lon="-3.580000000">
        <ele>951.000</ele>
      </trkpt>
      <trkpt lat="43.126750000" lon="-3.580050000">
        <ele>952.000</ele>
      </trkpt>
      <trkpt lat="43.126800000" lon="-3.580050000">
        <ele>953.000</ele>
      </trkpt>
      <trkpt lat="43.126870000" lon="-3.580000000">
        <ele>954.000</ele>
      </trkpt>
      <trkpt lat="43.126910000" lon="-3.579950000">
        <ele>954.000</ele>
      </trkpt>
      <trkpt lat="43.126950000" lon="-3.579860000">
        <ele>955.000</ele>
      </trkpt>
      <trkpt lat="43.126970000" lon="-3.579740000">
        <ele>955.000</ele>
      </trkpt>
      <trkpt lat="43.126990000" lon="-3.579220000">
        <ele>956.000</ele>
      </trkpt>
      <trkpt lat="43.127020000" lon="-3.579170000">
        <ele>956.000</ele>
      </trkpt>
      <trkpt lat="43.127060000" lon="-3.579140000">
        <ele>956.000</ele>
      </trkpt>
      <trkpt lat="43.127160000" lon="-3.579120000">
        <ele>957.000</ele>
      </trkpt>
      <trkpt lat="43.127590000" lon="-3.579400000">
        <ele>958.000</ele>
      </trkpt>
      <trkpt lat="43.127880000" lon="-3.579500000">
        <ele>959.000</ele>
      </trkpt>
      <trkpt lat="43.128240000" lon="-3.579660000">
        <ele>960.000</ele>
      </trkpt>
      <trkpt lat="43.128370000" lon="-3.579780000">
        <ele>961.000</ele>
      </trkpt>
      <trkpt lat="43.128530000" lon="-3.579990000">
        <ele>962.000</ele>
      </trkpt>
      <trkpt lat="43.128580000" lon="-3.580010000">
        <ele>963.000</ele>
      </trkpt>
      <trkpt lat="43.128690000" lon="-3.580010000">
        <ele>964.000</ele>
      </trkpt>
      <trkpt lat="43.128740000" lon="-3.579970000">
        <ele>965.000</ele>
      </trkpt>
      <trkpt lat="43.128890000" lon="-3.579820000">
        <ele>967.000</ele>
      </trkpt>
      <trkpt lat="43.129000000" lon="-3.579750000">
        <ele>968.000</ele>
      </trkpt>
      <trkpt lat="43.129150000" lon="-3.579740000">
        <ele>969.000</ele>
      </trkpt>
      <trkpt lat="43.129330000" lon="-3.579820000">
        <ele>971.000</ele>
      </trkpt>
      <trkpt lat="43.129460000" lon="-3.579830000">
        <ele>972.000</ele>
      </trkpt>
      <trkpt lat="43.129550000" lon="-3.579750000">
        <ele>973.000</ele>
      </trkpt>
      <trkpt lat="43.129640000" lon="-3.579570000">
        <ele>975.000</ele>
      </trkpt>
      <trkpt lat="43.129720000" lon="-3.579490000">
        <ele>976.000</ele>
      </trkpt>
      <trkpt lat="43.129930000" lon="-3.579440000">
        <ele>977.000</ele>
      </trkpt>
      <trkpt lat="43.129980000" lon="-3.579410000">
        <ele>979.000</ele>
      </trkpt>
      <trkpt lat="43.130020000" lon="-3.579370000">
        <ele>979.000</ele>
      </trkpt>
      <trkpt lat="43.130700000" lon="-3.578310000">
        <ele>981.000</ele>
      </trkpt>
      <trkpt lat="43.130760000" lon="-3.578230000">
        <ele>982.000</ele>
      </trkpt>
      <trkpt lat="43.130800000" lon="-3.578200000">
        <ele>982.000</ele>
      </trkpt>
      <trkpt lat="43.130900000" lon="-3.578160000">
        <ele>983.000</ele>
      </trkpt>
      <trkpt lat="43.131000000" lon="-3.578190000">
        <ele>983.000</ele>
      </trkpt>
      <trkpt lat="43.131260000" lon="-3.578360000">
        <ele>984.000</ele>
      </trkpt>
      <trkpt lat="43.131410000" lon="-3.578420000">
        <ele>984.000</ele>
      </trkpt>
      <trkpt lat="43.131600000" lon="-3.578410000">
        <ele>985.000</ele>
      </trkpt>
      <trkpt lat="43.132930000" lon="-3.578030000">
        <ele>986.000</ele>
      </trkpt>
      <trkpt lat="43.132950000" lon="-3.578020000">
        <ele>987.000</ele>
      </trkpt>
      <trkpt lat="43.132950000" lon="-3.578020000">
        <ele>988.000</ele>
      </trkpt>
      <trkpt lat="43.133630000" lon="-3.577840000">
        <ele>989.000</ele>
      </trkpt>
      <trkpt lat="43.133750000" lon="-3.577870000">
        <ele>989.000</ele>
      </trkpt>
      <trkpt lat="43.133980000" lon="-3.578060000">
        <ele>990.000</ele>
      </trkpt>
      <trkpt lat="43.134070000" lon="-3.578080000">
        <ele>990.000</ele>
      </trkpt>
      <trkpt lat="43.134160000" lon="-3.578040000">
        <ele>990.000</ele>
      </trkpt>
      <trkpt lat="43.134450000" lon="-3.577740000">
        <ele>990.000</ele>
      </trkpt>
      <trkpt lat="43.134570000" lon="-3.577660000">
        <ele>990.000</ele>
      </trkpt>
      <trkpt lat="43.134790000" lon="-3.577560000">
        <ele>990.000</ele>
      </trkpt>
      <trkpt lat="43.134970000" lon="-3.577530000">
        <ele>990.000</ele>
      </trkpt>
      <trkpt lat="43.135720000" lon="-3.577690000">
        <ele>990.000</ele>
      </trkpt>
      <trkpt lat="43.135880000" lon="-3.577770000">
        <ele>991.000</ele>
      </trkpt>
      <trkpt lat="43.136090000" lon="-3.577910000">
        <ele>992.000</ele>
      </trkpt>
      <trkpt lat="43.136290000" lon="-3.578140000">
        <ele>993.000</ele>
      </trkpt>
      <trkpt lat="43.136640000" lon="-3.578740000">
        <ele>996.000</ele>
      </trkpt>
      <trkpt lat="43.136710000" lon="-3.578830000">
        <ele>998.000</ele>
      </trkpt>
      <trkpt lat="43.137010000" lon="-3.579120000">
        <ele>1000.000</ele>
      </trkpt>
      <trkpt lat="43.137080000" lon="-3.579210000">
        <ele>1002.000</ele>
      </trkpt>
      <trkpt lat="43.137190000" lon="-3.579520000">
        <ele>1004.000</ele>
      </trkpt>
      <trkpt lat="43.137360000" lon="-3.579800000">
        <ele>1005.000</ele>
      </trkpt>
      <trkpt lat="43.137440000" lon="-3.579900000">
        <ele>1005.000</ele>
      </trkpt>
      <trkpt lat="43.137500000" lon="-3.579940000">
        <ele>1006.000</ele>
      </trkpt>
      <trkpt lat="43.137550000" lon="-3.579930000">
        <ele>1006.000</ele>
      </trkpt>
      <trkpt lat="43.137610000" lon="-3.579910000">
        <ele>1006.000</ele>
      </trkpt>
      <trkpt lat="43.137660000" lon="-3.579850000">
        <ele>1006.000</ele>
      </trkpt>
      <trkpt lat="43.137690000" lon="-3.579790000">
        <ele>1006.000</ele>
      </trkpt>
      <trkpt lat="43.137680000" lon="-3.579720000">
        <ele>1006.000</ele>
      </trkpt>
      <trkpt lat="43.137610000" lon="-3.579490000">
        <ele>1006.000</ele>
      </trkpt>
      <trkpt lat="43.137590000" lon="-3.579290000">
        <ele>1005.000</ele>
      </trkpt>
      <trkpt lat="43.137580000" lon="-3.578550000">
        <ele>1005.000</ele>
      </trkpt>
      <trkpt lat="43.137510000" lon="-3.578120000">
        <ele>1004.000</ele>
      </trkpt>
      <trkpt lat="43.137530000" lon="-3.577910000">
        <ele>1004.000</ele>
      </trkpt>
      <trkpt lat="43.137570000" lon="-3.577800000">
        <ele>1004.000</ele>
      </trkpt>
      <trkpt lat="43.137600000" lon="-3.577730000">
        <ele>1004.000</ele>
      </trkpt>
      <trkpt lat="43.137720000" lon="-3.577620000">
        <ele>1005.000</ele>
      </trkpt>
      <trkpt lat="43.138260000" lon="-3.577250000">
        <ele>1006.000</ele>
      </trkpt>
      <trkpt lat="43.138400000" lon="-3.577180000">
        <ele>1008.000</ele>
      </trkpt>
      <trkpt lat="43.138530000" lon="-3.577140000">
        <ele>1009.000</ele>
      </trkpt>
      <trkpt lat="43.138640000" lon="-3.577130000">
        <ele>1011.000</ele>
      </trkpt>
      <trkpt lat="43.139010000" lon="-3.577150000">
        <ele>1012.000</ele>
      </trkpt>
      <trkpt lat="43.139200000" lon="-3.577180000">
        <ele>1014.000</ele>
      </trkpt>
      <trkpt lat="43.140050000" lon="-3.577430000">
        <ele>1016.000</ele>
      </trkpt>
      <trkpt lat="43.140750000" lon="-3.577460000">
        <ele>1020.000</ele>
      </trkpt>
      <trkpt lat="43.140880000" lon="-3.577530000">
        <ele>1022.000</ele>
      </trkpt>
      <trkpt lat="43.141110000" lon="-3.577720000">
        <ele>1025.000</ele>
      </trkpt>
      <trkpt lat="43.141250000" lon="-3.577790000">
        <ele>1027.000</ele>
      </trkpt>
      <trkpt lat="43.141430000" lon="-3.577790000">
        <ele>1030.000</ele>
      </trkpt>
      <trkpt lat="43.141870000" lon="-3.577750000">
        <ele>1033.000</ele>
      </trkpt>
      <trkpt lat="43.142110000" lon="-3.577780000">
        <ele>1036.000</ele>
      </trkpt>
      <trkpt lat="43.142190000" lon="-3.577810000">
        <ele>1038.000</ele>
      </trkpt>
      <trkpt lat="43.142350000" lon="-3.577940000">
        <ele>1041.000</ele>
      </trkpt>
      <trkpt lat="43.142430000" lon="-3.578080000">
        <ele>1043.000</ele>
      </trkpt>
      <trkpt lat="43.142560000" lon="-3.578390000">
        <ele>1045.000</ele>
      </trkpt>
      <trkpt lat="43.142630000" lon="-3.578450000">
        <ele>1047.000</ele>
      </trkpt>
      <trkpt lat="43.142760000" lon="-3.578470000">
        <ele>1048.000</ele>
      </trkpt>
      <trkpt lat="43.142910000" lon="-3.578410000">
        <ele>1049.000</ele>
      </trkpt>
      <trkpt lat="43.143040000" lon="-3.578400000">
        <ele>1050.000</ele>
      </trkpt>
      <trkpt lat="43.143510000" lon="-3.578580000">
        <ele>1052.000</ele>
      </trkpt>
      <trkpt lat="43.143780000" lon="-3.578580000">
        <ele>1053.000</ele>
      </trkpt>
      <trkpt lat="43.143950000" lon="-3.578630000">
        <ele>1055.000</ele>
      </trkpt>
      <trkpt lat="43.144090000" lon="-3.578740000">
        <ele>1056.000</ele>
      </trkpt>
      <trkpt lat="43.144160000" lon="-3.578860000">
        <ele>1057.000</ele>
      </trkpt>
      <trkpt lat="43.144190000" lon="-3.578980000">
        <ele>1058.000</ele>
      </trkpt>
      <trkpt lat="43.144190000" lon="-3.579050000">
        <ele>1058.000</ele>
      </trkpt>
      <trkpt lat="43.144120000" lon="-3.579410000">
        <ele>1060.000</ele>
      </trkpt>
      <trkpt lat="43.144130000" lon="-3.579510000">
        <ele>1061.000</ele>
      </trkpt>
      <trkpt lat="43.144140000" lon="-3.579590000">
        <ele>1062.000</ele>
      </trkpt>
      <trkpt lat="43.144210000" lon="-3.579710000">
        <ele>1063.000</ele>
      </trkpt>
      <trkpt lat="43.144290000" lon="-3.579790000">
        <ele>1064.000</ele>
      </trkpt>
      <trkpt lat="43.144730000" lon="-3.580030000">
        <ele>1066.000</ele>
      </trkpt>
      <trkpt lat="43.144790000" lon="-3.580070000">
        <ele>1068.000</ele>
      </trkpt>
      <trkpt lat="43.144860000" lon="-3.580180000">
        <ele>1070.000</ele>
      </trkpt>
      <trkpt lat="43.144920000" lon="-3.580370000">
        <ele>1071.000</ele>
      </trkpt>
      <trkpt lat="43.145040000" lon="-3.581280000">
        <ele>1075.000</ele>
      </trkpt>
      <trkpt lat="43.145060000" lon="-3.581350000">
        <ele>1077.000</ele>
      </trkpt>
      <trkpt lat="43.145140000" lon="-3.581460000">
        <ele>1079.000</ele>
      </trkpt>
      <trkpt lat="43.145280000" lon="-3.581560000">
        <ele>1081.000</ele>
      </trkpt>
      <trkpt lat="43.145870000" lon="-3.581770000">
        <ele>1084.000</ele>
      </trkpt>
      <trkpt lat="43.145970000" lon="-3.581820000">
        <ele>1086.000</ele>
      </trkpt>
      <trkpt lat="43.146050000" lon="-3.581890000">
        <ele>1088.000</ele>
      </trkpt>
      <trkpt lat="43.146140000" lon="-3.582000000">
        <ele>1089.000</ele>
      </trkpt>
      <trkpt lat="43.146230000" lon="-3.582160000">
        <ele>1091.000</ele>
      </trkpt>
      <trkpt lat="43.146230000" lon="-3.582160000">
        <ele>1092.000</ele>
      </trkpt>
      <trkpt lat="43.146230000" lon="-3.582160000">
        <ele>1093.000</ele>
      </trkpt>
      <trkpt lat="43.146350000" lon="-3.582440000">
        <ele>1094.000</ele>
      </trkpt>
      <trkpt lat="43.146370000" lon="-3.582680000">
        <ele>1095.000</ele>
      </trkpt>
      <trkpt lat="43.146370000" lon="-3.582980000">
        <ele>1096.000</ele>
      </trkpt>
      <trkpt lat="43.146420000" lon="-3.583380000">
        <ele>1098.000</ele>
      </trkpt>
      <trkpt lat="43.146500000" lon="-3.583770000">
        <ele>1100.000</ele>
      </trkpt>
      <trkpt lat="43.146560000" lon="-3.583870000">
        <ele>1101.000</ele>
      </trkpt>
      <trkpt lat="43.146640000" lon="-3.583890000">
        <ele>1102.000</ele>
      </trkpt>
      <trkpt lat="43.146710000" lon="-3.583870000">
        <ele>1103.000</ele>
      </trkpt>
      <trkpt lat="43.146860000" lon="-3.583810000">
        <ele>1104.000</ele>
      </trkpt>
      <trkpt lat="43.147230000" lon="-3.583700000">
        <ele>1106.000</ele>
      </trkpt>
      <trkpt lat="43.147360000" lon="-3.583640000">
        <ele>1107.000</ele>
      </trkpt>
      <trkpt lat="43.147440000" lon="-3.583550000">
        <ele>1108.000</ele>
      </trkpt>
      <trkpt lat="43.147520000" lon="-3.583340000">
        <ele>1109.000</ele>
      </trkpt>
      <trkpt lat="43.148010000" lon="-3.581530000">
        <ele>1112.000</ele>
      </trkpt>
      <trkpt lat="43.148040000" lon="-3.581380000">
        <ele>1115.000</ele>
      </trkpt>
      <trkpt lat="43.148050000" lon="-3.581260000">
        <ele>1116.000</ele>
      </trkpt>
      <trkpt lat="43.148040000" lon="-3.580820000">
        <ele>1118.000</ele>
      </trkpt>
      <trkpt lat="43.148060000" lon="-3.580570000">
        <ele>1120.000</ele>
      </trkpt>
      <trkpt lat="43.148490000" lon="-3.578670000">
        <ele>1123.000</ele>
      </trkpt>
      <trkpt lat="43.148540000" lon="-3.578570000">
        <ele>1126.000</ele>
      </trkpt>
      <trkpt lat="43.148610000" lon="-3.578480000">
        <ele>1128.000</ele>
      </trkpt>
      <trkpt lat="43.148990000" lon="-3.578130000">
        <ele>1131.000</ele>
      </trkpt>
      <trkpt lat="43.149530000" lon="-3.577670000">
        <ele>1136.000</ele>
      </trkpt>
      <trkpt lat="43.149640000" lon="-3.577550000">
        <ele>1139.000</ele>
      </trkpt>
      <trkpt lat="43.149960000" lon="-3.577190000">
        <ele>1144.000</ele>
      </trkpt>
      <trkpt lat="43.150100000" lon="-3.576990000">
        <ele>1147.000</ele>
      </trkpt>
      <trkpt lat="43.150210000" lon="-3.576560000">
        <ele>1151.000</ele>
      </trkpt>
      <trkpt lat="43.150230000" lon="-3.576380000">
        <ele>1153.000</ele>
      </trkpt>
      <trkpt lat="43.150230000" lon="-3.576100000">
        <ele>1155.000</ele>
      </trkpt>
      <trkpt lat="43.150270000" lon="-3.575940000">
        <ele>1157.000</ele>
      </trkpt>
      <trkpt lat="43.150330000" lon="-3.575830000">
        <ele>1159.000</ele>
      </trkpt>
      <trkpt lat="43.150660000" lon="-3.575330000">
        <ele>1161.000</ele>
      </trkpt>
      <trkpt lat="43.150750000" lon="-3.575140000">
        <ele>1163.000</ele>
      </trkpt>
      <trkpt lat="43.150770000" lon="-3.575010000">
        <ele>1165.000</ele>
      </trkpt>
      <trkpt lat="43.150740000" lon="-3.574890000">
        <ele>1166.000</ele>
      </trkpt>
      <trkpt lat="43.150700000" lon="-3.574800000">
        <ele>1167.000</ele>
      </trkpt>
      <trkpt lat="43.150440000" lon="-3.574360000">
        <ele>1169.000</ele>
      </trkpt>
      <trkpt lat="43.150420000" lon="-3.574300000">
        <ele>1171.000</ele>
      </trkpt>
      <trkpt lat="43.150420000" lon="-3.574250000">
        <ele>1172.000</ele>
      </trkpt>
      <trkpt lat="43.150440000" lon="-3.574170000">
        <ele>1173.000</ele>
      </trkpt>
      <trkpt lat="43.150520000" lon="-3.574130000">
        <ele>1173.000</ele>
      </trkpt>
      <trkpt lat="43.150560000" lon="-3.574150000">
        <ele>1174.000</ele>
      </trkpt>
      <trkpt lat="43.151110000" lon="-3.574910000">
        <ele>1177.000</ele>
      </trkpt>
      <trkpt lat="43.151160000" lon="-3.575000000">
        <ele>1179.000</ele>
      </trkpt>
      <trkpt lat="43.151200000" lon="-3.575150000">
        <ele>1181.000</ele>
      </trkpt>
      <trkpt lat="43.151240000" lon="-3.576490000">
        <ele>1185.000</ele>
      </trkpt>
      <trkpt lat="43.151230000" lon="-3.576610000">
        <ele>1187.000</ele>
      </trkpt>
      <trkpt lat="43.151100000" lon="-3.577070000">
        <ele>1190.000</ele>
      </trkpt>
      <trkpt lat="43.150990000" lon="-3.578300000">
        <ele>1193.000</ele>
      </trkpt>
      <trkpt lat="43.150990000" lon="-3.578400000">
        <ele>1195.000</ele>
      </trkpt>
      <trkpt lat="43.151030000" lon="-3.578480000">
        <ele>1197.000</ele>
      </trkpt>
      <trkpt lat="43.151060000" lon="-3.578510000">
        <ele>1198.000</ele>
      </trkpt>
      <trkpt lat="43.151130000" lon="-3.578510000">
        <ele>1199.000</ele>
      </trkpt>
      <trkpt lat="43.151170000" lon="-3.578470000">
        <ele>1199.000</ele>
      </trkpt>
      <trkpt lat="43.151190000" lon="-3.578410000">
        <ele>1200.000</ele>
      </trkpt>
      <trkpt lat="43.151240000" lon="-3.577990000">
        <ele>1201.000</ele>
      </trkpt>
      <trkpt lat="43.151300000" lon="-3.577700000">
        <ele>1202.000</ele>
      </trkpt>
      <trkpt lat="43.151340000" lon="-3.577600000">
        <ele>1203.000</ele>
      </trkpt>
      <trkpt lat="43.151560000" lon="-3.577210000">
        <ele>1204.000</ele>
      </trkpt>
      <trkpt lat="43.151710000" lon="-3.576850000">
        <ele>1206.000</ele>
      </trkpt>
      <trkpt lat="43.151760000" lon="-3.576690000">
        <ele>1207.000</ele>
      </trkpt>
      <trkpt lat="43.151780000" lon="-3.576540000">
        <ele>1208.000</ele>
      </trkpt>
      <trkpt lat="43.151810000" lon="-3.576280000">
        <ele>1209.000</ele>
      </trkpt>
      <trkpt lat="43.151830000" lon="-3.575630000">
        <ele>1211.000</ele>
      </trkpt>
      <trkpt lat="43.151850000" lon="-3.575430000">
        <ele>1212.000</ele>
      </trkpt>
      <trkpt lat="43.151970000" lon="-3.574860000">
        <ele>1214.000</ele>
      </trkpt>
      <trkpt lat="43.152020000" lon="-3.574670000">
        <ele>1216.000</ele>
      </trkpt>
      <trkpt lat="43.152470000" lon="-3.573320000">
        <ele>1219.000</ele>
      </trkpt>
      <trkpt lat="43.152510000" lon="-3.573250000">
        <ele>1221.000</ele>
      </trkpt>
      <trkpt lat="43.152630000" lon="-3.573170000">
        <ele>1222.000</ele>
      </trkpt>
      <trkpt lat="43.152890000" lon="-3.573110000">
        <ele>1222.000</ele>
      </trkpt>
      <trkpt lat="43.153100000" lon="-3.573050000">
        <ele>1222.000</ele>
      </trkpt>
      <trkpt lat="43.153160000" lon="-3.572990000">
        <ele>1222.000</ele>
      </trkpt>
      <trkpt lat="43.153180000" lon="-3.572930000">
        <ele>1222.000</ele>
      </trkpt>
      <trkpt lat="43.153190000" lon="-3.572560000">
        <ele>1221.000</ele>
      </trkpt>
      <trkpt lat="43.153120000" lon="-3.572000000">
        <ele>1220.000</ele>
      </trkpt>
      <trkpt lat="43.153130000" lon="-3.571160000">
        <ele>1218.000</ele>
      </trkpt>
      <trkpt lat="43.153150000" lon="-3.570830000">
        <ele>1216.000</ele>
      </trkpt>
      <trkpt lat="43.153110000" lon="-3.570420000">
        <ele>1215.000</ele>
      </trkpt>
      <trkpt lat="43.153130000" lon="-3.569420000">
        <ele>1212.000</ele>
      </trkpt>
      <trkpt lat="43.153160000" lon="-3.569230000">
        <ele>1210.000</ele>
      </trkpt>
      <trkpt lat="43.153330000" lon="-3.568760000">
        <ele>1208.000</ele>
      </trkpt>
      <trkpt lat="43.153380000" lon="-3.568210000">
        <ele>1206.000</ele>
      </trkpt>
      <trkpt lat="43.153430000" lon="-3.567920000">
        <ele>1204.000</ele>
      </trkpt>
      <trkpt lat="43.153470000" lon="-3.567720000">
        <ele>1202.000</ele>
      </trkpt>
      <trkpt lat="43.153540000" lon="-3.566580000">
        <ele>1199.000</ele>
      </trkpt>
      <trkpt lat="43.153560000" lon="-3.566410000">
        <ele>1196.000</ele>
      </trkpt>
      <trkpt lat="43.153620000" lon="-3.566300000">
        <ele>1194.000</ele>
      </trkpt>
      <trkpt lat="43.153680000" lon="-3.566260000">
        <ele>1193.000</ele>
      </trkpt>
      <trkpt lat="43.153930000" lon="-3.566120000">
        <ele>1191.000</ele>
      </trkpt>
      <trkpt lat="43.154020000" lon="-3.565950000">
        <ele>1189.000</ele>
      </trkpt>
      <trkpt lat="43.154080000" lon="-3.565800000">
        <ele>1187.000</ele>
      </trkpt>
      <trkpt lat="43.154090000" lon="-3.565710000">
        <ele>1185.000</ele>
      </trkpt>
      <trkpt lat="43.154070000" lon="-3.565280000">
        <ele>1183.000</ele>
      </trkpt>
      <trkpt lat="43.154090000" lon="-3.565200000">
        <ele>1181.000</ele>
      </trkpt>
      <trkpt lat="43.154130000" lon="-3.565170000">
        <ele>1180.000</ele>
      </trkpt>
      <trkpt lat="43.154210000" lon="-3.565180000">
        <ele>1179.000</ele>
      </trkpt>
      <trkpt lat="43.154280000" lon="-3.565260000">
        <ele>1177.000</ele>
      </trkpt>
      <trkpt lat="43.154310000" lon="-3.565510000">
        <ele>1176.000</ele>
      </trkpt>
      <trkpt lat="43.154320000" lon="-3.565890000">
        <ele>1174.000</ele>
      </trkpt>
      <trkpt lat="43.154260000" lon="-3.566220000">
        <ele>1171.000</ele>
      </trkpt>
      <trkpt lat="43.154110000" lon="-3.566710000">
        <ele>1169.000</ele>
      </trkpt>
      <trkpt lat="43.154100000" lon="-3.566900000">
        <ele>1166.000</ele>
      </trkpt>
      <trkpt lat="43.154140000" lon="-3.567120000">
        <ele>1164.000</ele>
      </trkpt>
      <trkpt lat="43.154380000" lon="-3.568080000">
        <ele>1161.000</ele>
      </trkpt>
      <trkpt lat="43.154450000" lon="-3.568190000">
        <ele>1159.000</ele>
      </trkpt>
      <trkpt lat="43.154740000" lon="-3.568430000">
        <ele>1156.000</ele>
      </trkpt>
      <trkpt lat="43.154790000" lon="-3.568520000">
        <ele>1154.000</ele>
      </trkpt>
      <trkpt lat="43.155100000" lon="-3.569470000">
        <ele>1150.000</ele>
      </trkpt>
      <trkpt lat="43.155160000" lon="-3.569730000">
        <ele>1148.000</ele>
      </trkpt>
      <trkpt lat="43.155180000" lon="-3.569980000">
        <ele>1145.000</ele>
      </trkpt>
      <trkpt lat="43.155160000" lon="-3.571630000">
        <ele>1140.000</ele>
      </trkpt>
      <trkpt lat="43.155220000" lon="-3.572100000">
        <ele>1137.000</ele>
      </trkpt>
      <trkpt lat="43.155250000" lon="-3.572600000">
        <ele>1134.000</ele>
      </trkpt>
      <trkpt lat="43.155390000" lon="-3.573060000">
        <ele>1132.000</ele>
      </trkpt>
      <trkpt lat="43.155410000" lon="-3.573540000">
        <ele>1131.000</ele>
      </trkpt>
      <trkpt lat="43.155500000" lon="-3.574790000">
        <ele>1129.000</ele>
      </trkpt>
      <trkpt lat="43.155540000" lon="-3.575030000">
        <ele>1127.000</ele>
      </trkpt>
      <trkpt lat="43.155560000" lon="-3.575090000">
        <ele>1125.000</ele>
      </trkpt>
      <trkpt lat="43.155640000" lon="-3.575170000">
        <ele>1124.000</ele>
      </trkpt>
      <trkpt lat="43.156240000" lon="-3.575380000">
        <ele>1120.000</ele>
      </trkpt>
      <trkpt lat="43.157830000" lon="-3.576400000">
        <ele>1109.000</ele>
      </trkpt>
      <trkpt lat="43.158060000" lon="-3.576580000">
        <ele>1101.000</ele>
      </trkpt>
      <trkpt lat="43.158080000" lon="-3.576600000">
        <ele>1096.000</ele>
      </trkpt>
      <trkpt lat="43.158080000" lon="-3.576600000">
        <ele>1092.000</ele>
      </trkpt>
      <trkpt lat="43.158800000" lon="-3.577210000">
        <ele>1089.000</ele>
      </trkpt>
      <trkpt lat="43.159000000" lon="-3.577530000">
        <ele>1086.000</ele>
      </trkpt>
      <trkpt lat="43.159150000" lon="-3.577900000">
        <ele>1084.000</ele>
      </trkpt>
      <trkpt lat="43.159490000" lon="-3.579220000">
        <ele>1081.000</ele>
      </trkpt>
      <trkpt lat="43.160040000" lon="-3.580760000">
        <ele>1076.000</ele>
      </trkpt>
      <trkpt lat="43.160580000" lon="-3.582270000">
        <ele>1069.000</ele>
      </trkpt>
      <trkpt lat="43.160660000" lon="-3.582610000">
        <ele>1064.000</ele>
      </trkpt>
      <trkpt lat="43.160740000" lon="-3.583150000">
        <ele>1061.000</ele>
      </trkpt>
      <trkpt lat="43.160740000" lon="-3.583460000">
        <ele>1058.000</ele>
      </trkpt>
      <trkpt lat="43.160730000" lon="-3.583620000">
        <ele>1056.000</ele>
      </trkpt>
      <trkpt lat="43.160620000" lon="-3.584240000">
        <ele>1054.000</ele>
      </trkpt>
      <trkpt lat="43.160620000" lon="-3.584320000">
        <ele>1053.000</ele>
      </trkpt>
      <trkpt lat="43.160630000" lon="-3.584410000">
        <ele>1052.000</ele>
      </trkpt>
      <trkpt lat="43.160780000" lon="-3.584760000">
        <ele>1051.000</ele>
      </trkpt>
      <trkpt lat="43.160790000" lon="-3.584840000">
        <ele>1050.000</ele>
      </trkpt>
      <trkpt lat="43.160770000" lon="-3.585130000">
        <ele>1049.000</ele>
      </trkpt>
      <trkpt lat="43.160770000" lon="-3.585350000">
        <ele>1049.000</ele>
      </trkpt>
      <trkpt lat="43.160820000" lon="-3.585770000">
        <ele>1048.000</ele>
      </trkpt>
      <trkpt lat="43.160820000" lon="-3.585770000">
        <ele>1048.000</ele>
      </trkpt>
      <trkpt lat="43.160870000" lon="-3.586170000">
        <ele>1048.000</ele>
      </trkpt>
      <trkpt lat="43.160870000" lon="-3.586360000">
        <ele>1047.000</ele>
      </trkpt>
      <trkpt lat="43.160830000" lon="-3.586530000">
        <ele>1047.000</ele>
      </trkpt>
      <trkpt lat="43.160800000" lon="-3.586590000">
        <ele>1047.000</ele>
      </trkpt>
      <trkpt lat="43.160630000" lon="-3.586820000">
        <ele>1047.000</ele>
      </trkpt>
      <trkpt lat="43.160550000" lon="-3.586930000">
        <ele>1046.000</ele>
      </trkpt>
      <trkpt lat="43.160520000" lon="-3.587010000">
        <ele>1046.000</ele>
      </trkpt>
      <trkpt lat="43.160460000" lon="-3.587220000">
        <ele>1046.000</ele>
      </trkpt>
      <trkpt lat="43.160450000" lon="-3.587380000">
        <ele>1045.000</ele>
      </trkpt>
      <trkpt lat="43.160460000" lon="-3.587470000">
        <ele>1045.000</ele>
      </trkpt>
      <trkpt lat="43.160560000" lon="-3.587770000">
        <ele>1044.000</ele>
      </trkpt>
      <trkpt lat="43.160630000" lon="-3.588140000">
        <ele>1043.000</ele>
      </trkpt>
      <trkpt lat="43.160610000" lon="-3.588420000">
        <ele>1042.000</ele>
      </trkpt>
      <trkpt lat="43.160450000" lon="-3.589520000">
        <ele>1039.000</ele>
      </trkpt>
      <trkpt lat="43.160430000" lon="-3.589680000">
        <ele>1037.000</ele>
      </trkpt>
      <trkpt lat="43.160440000" lon="-3.589820000">
        <ele>1035.000</ele>
      </trkpt>
      <trkpt lat="43.160540000" lon="-3.590370000">
        <ele>1033.000</ele>
      </trkpt>
      <trkpt lat="43.160620000" lon="-3.591080000">
        <ele>1031.000</ele>
      </trkpt>
      <trkpt lat="43.160740000" lon="-3.591410000">
        <ele>1029.000</ele>
      </trkpt>
      <trkpt lat="43.160750000" lon="-3.591490000">
        <ele>1027.000</ele>
      </trkpt>
      <trkpt lat="43.160720000" lon="-3.591670000">
        <ele>1026.000</ele>
      </trkpt>
      <trkpt lat="43.160540000" lon="-3.592130000">
        <ele>1024.000</ele>
      </trkpt>
      <trkpt lat="43.160540000" lon="-3.592270000">
        <ele>1022.000</ele>
      </trkpt>
      <trkpt lat="43.160590000" lon="-3.592340000">
        <ele>1021.000</ele>
      </trkpt>
      <trkpt lat="43.160720000" lon="-3.592360000">
        <ele>1019.000</ele>
      </trkpt>
      <trkpt lat="43.160980000" lon="-3.592340000">
        <ele>1017.000</ele>
      </trkpt>
      <trkpt lat="43.161360000" lon="-3.592160000">
        <ele>1013.000</ele>
      </trkpt>
      <trkpt lat="43.161790000" lon="-3.592070000">
        <ele>1009.000</ele>
      </trkpt>
      <trkpt lat="43.162020000" lon="-3.591950000">
        <ele>1005.000</ele>
      </trkpt>
      <trkpt lat="43.162310000" lon="-3.591730000">
        <ele>1000.000</ele>
      </trkpt>
      <trkpt lat="43.162460000" lon="-3.591670000">
        <ele>997.000</ele>
      </trkpt>
      <trkpt lat="43.162600000" lon="-3.591670000">
        <ele>995.000</ele>
      </trkpt>
      <trkpt lat="43.162650000" lon="-3.591700000">
        <ele>993.000</ele>
      </trkpt>
      <trkpt lat="43.162870000" lon="-3.592050000">
        <ele>991.000</ele>
      </trkpt>
      <trkpt lat="43.162920000" lon="-3.592080000">
        <ele>990.000</ele>
      </trkpt>
      <trkpt lat="43.163000000" lon="-3.592070000">
        <ele>989.000</ele>
      </trkpt>
      <trkpt lat="43.163070000" lon="-3.592030000">
        <ele>988.000</ele>
      </trkpt>
      <trkpt lat="43.163260000" lon="-3.591860000">
        <ele>987.000</ele>
      </trkpt>
      <trkpt lat="43.163420000" lon="-3.591770000">
        <ele>986.000</ele>
      </trkpt>
      <trkpt lat="43.163500000" lon="-3.591750000">
        <ele>986.000</ele>
      </trkpt>
      <trkpt lat="43.163740000" lon="-3.591790000">
        <ele>985.000</ele>
      </trkpt>
      <trkpt lat="43.163820000" lon="-3.591780000">
        <ele>984.000</ele>
      </trkpt>
      <trkpt lat="43.163960000" lon="-3.591700000">
        <ele>983.000</ele>
      </trkpt>
      <trkpt lat="43.164030000" lon="-3.591640000">
        <ele>982.000</ele>
      </trkpt>
      <trkpt lat="43.164090000" lon="-3.591560000">
        <ele>982.000</ele>
      </trkpt>
      <trkpt lat="43.164270000" lon="-3.591170000">
        <ele>981.000</ele>
      </trkpt>
      <trkpt lat="43.164560000" lon="-3.590890000">
        <ele>979.000</ele>
      </trkpt>
      <trkpt lat="43.165070000" lon="-3.590640000">
        <ele>977.000</ele>
      </trkpt>
      <trkpt lat="43.165500000" lon="-3.590290000">
        <ele>974.000</ele>
      </trkpt>
      <trkpt lat="43.165770000" lon="-3.590150000">
        <ele>971.000</ele>
      </trkpt>
      <trkpt lat="43.166220000" lon="-3.589700000">
        <ele>967.000</ele>
      </trkpt>
      <trkpt lat="43.166300000" lon="-3.589670000">
        <ele>963.000</ele>
      </trkpt>
      <trkpt lat="43.166420000" lon="-3.589640000">
        <ele>961.000</ele>
      </trkpt>
      <trkpt lat="43.166750000" lon="-3.589680000">
        <ele>957.000</ele>
      </trkpt>
      <trkpt lat="43.167000000" lon="-3.589560000">
        <ele>953.000</ele>
      </trkpt>
      <trkpt lat="43.167060000" lon="-3.589560000">
        <ele>951.000</ele>
      </trkpt>
      <trkpt lat="43.167200000" lon="-3.589610000">
        <ele>948.000</ele>
      </trkpt>
      <trkpt lat="43.167280000" lon="-3.589680000">
        <ele>947.000</ele>
      </trkpt>
      <trkpt lat="43.167660000" lon="-3.590100000">
        <ele>945.000</ele>
      </trkpt>
      <trkpt lat="43.168050000" lon="-3.590380000">
        <ele>943.000</ele>
      </trkpt>
      <trkpt lat="43.168110000" lon="-3.590440000">
        <ele>941.000</ele>
      </trkpt>
      <trkpt lat="43.168250000" lon="-3.590700000">
        <ele>940.000</ele>
      </trkpt>
      <trkpt lat="43.168450000" lon="-3.591140000">
        <ele>938.000</ele>
      </trkpt>
      <trkpt lat="43.169280000" lon="-3.592190000">
        <ele>935.000</ele>
      </trkpt>
      <trkpt lat="43.169360000" lon="-3.592320000">
        <ele>933.000</ele>
      </trkpt>
      <trkpt lat="43.169680000" lon="-3.593130000">
        <ele>931.000</ele>
      </trkpt>
      <trkpt lat="43.169820000" lon="-3.593310000">
        <ele>929.000</ele>
      </trkpt>
      <trkpt lat="43.169980000" lon="-3.593410000">
        <ele>927.000</ele>
      </trkpt>
      <trkpt lat="43.170310000" lon="-3.593550000">
        <ele>926.000</ele>
      </trkpt>
      <trkpt lat="43.170750000" lon="-3.593840000">
        <ele>924.000</ele>
      </trkpt>
      <trkpt lat="43.170920000" lon="-3.593870000">
        <ele>922.000</ele>
      </trkpt>
      <trkpt lat="43.171250000" lon="-3.593860000">
        <ele>920.000</ele>
      </trkpt>
      <trkpt lat="43.171330000" lon="-3.593890000">
        <ele>918.000</ele>
      </trkpt>
      <trkpt lat="43.171440000" lon="-3.594030000">
        <ele>916.000</ele>
      </trkpt>
      <trkpt lat="43.171540000" lon="-3.594300000">
        <ele>914.000</ele>
      </trkpt>
      <trkpt lat="43.171580000" lon="-3.594350000">
        <ele>913.000</ele>
      </trkpt>
      <trkpt lat="43.171680000" lon="-3.594420000">
        <ele>912.000</ele>
      </trkpt>
      <trkpt lat="43.171970000" lon="-3.594470000">
        <ele>910.000</ele>
      </trkpt>
      <trkpt lat="43.172110000" lon="-3.594450000">
        <ele>908.000</ele>
      </trkpt>
      <trkpt lat="43.172180000" lon="-3.594420000">
        <ele>907.000</ele>
      </trkpt>
      <trkpt lat="43.172370000" lon="-3.594280000">
        <ele>905.000</ele>
      </trkpt>
      <trkpt lat="43.172730000" lon="-3.594080000">
        <ele>902.000</ele>
      </trkpt>
      <trkpt lat="43.172910000" lon="-3.593840000">
        <ele>900.000</ele>
      </trkpt>
      <trkpt lat="43.173040000" lon="-3.593740000">
        <ele>897.000</ele>
      </trkpt>
      <trkpt lat="43.173210000" lon="-3.593660000">
        <ele>895.000</ele>
      </trkpt>
      <trkpt lat="43.173440000" lon="-3.593650000">
        <ele>893.000</ele>
      </trkpt>
      <trkpt lat="43.173480000" lon="-3.593620000">
        <ele>891.000</ele>
      </trkpt>
      <trkpt lat="43.173520000" lon="-3.593570000">
        <ele>890.000</ele>
      </trkpt>
      <trkpt lat="43.173550000" lon="-3.593500000">
        <ele>889.000</ele>
      </trkpt>
      <trkpt lat="43.173610000" lon="-3.593250000">
        <ele>887.000</ele>
      </trkpt>
      <trkpt lat="43.173670000" lon="-3.593150000">
        <ele>886.000</ele>
      </trkpt>
      <trkpt lat="43.173720000" lon="-3.593120000">
        <ele>885.000</ele>
      </trkpt>
      <trkpt lat="43.174030000" lon="-3.593050000">
        <ele>883.000</ele>
      </trkpt>
      <trkpt lat="43.174200000" lon="-3.593100000">
        <ele>882.000</ele>
      </trkpt>
      <trkpt lat="43.174380000" lon="-3.593240000">
        <ele>881.000</ele>
      </trkpt>
      <trkpt lat="43.174460000" lon="-3.593240000">
        <ele>880.000</ele>
      </trkpt>
      <trkpt lat="43.174550000" lon="-3.593190000">
        <ele>879.000</ele>
      </trkpt>
      <trkpt lat="43.174720000" lon="-3.593030000">
        <ele>879.000</ele>
      </trkpt>
      <trkpt lat="43.174780000" lon="-3.593000000">
        <ele>878.000</ele>
      </trkpt>
      <trkpt lat="43.174920000" lon="-3.592990000">
        <ele>878.000</ele>
      </trkpt>
      <trkpt lat="43.175110000" lon="-3.593050000">
        <ele>877.000</ele>
      </trkpt>
      <trkpt lat="43.175650000" lon="-3.593280000">
        <ele>877.000</ele>
      </trkpt>
      <trkpt lat="43.175650000" lon="-3.593280000">
        <ele>876.000</ele>
      </trkpt>
      <trkpt lat="43.175680000" lon="-3.593290000">
        <ele>876.000</ele>
      </trkpt>
      <trkpt lat="43.175880000" lon="-3.593290000">
        <ele>875.000</ele>
      </trkpt>
      <trkpt lat="43.176020000" lon="-3.593240000">
        <ele>875.000</ele>
      </trkpt>
      <trkpt lat="43.176220000" lon="-3.593180000">
        <ele>874.000</ele>
      </trkpt>
      <trkpt lat="43.176450000" lon="-3.593170000">
        <ele>873.000</ele>
      </trkpt>
      <trkpt lat="43.176590000" lon="-3.593230000">
        <ele>873.000</ele>
      </trkpt>
      <trkpt lat="43.176790000" lon="-3.593370000">
        <ele>872.000</ele>
      </trkpt>
      <trkpt lat="43.176940000" lon="-3.593440000">
        <ele>871.000</ele>
      </trkpt>
      <trkpt lat="43.177100000" lon="-3.593410000">
        <ele>870.000</ele>
      </trkpt>
      <trkpt lat="43.177210000" lon="-3.593300000">
        <ele>869.000</ele>
      </trkpt>
      <trkpt lat="43.177260000" lon="-3.593190000">
        <ele>869.000</ele>
      </trkpt>
      <trkpt lat="43.177300000" lon="-3.593020000">
        <ele>868.000</ele>
      </trkpt>
      <trkpt lat="43.177360000" lon="-3.592700000">
        <ele>867.000</ele>
      </trkpt>
      <trkpt lat="43.177560000" lon="-3.592230000">
        <ele>865.000</ele>
      </trkpt>
      <trkpt lat="43.177600000" lon="-3.592060000">
        <ele>864.000</ele>
      </trkpt>
      <trkpt lat="43.177610000" lon="-3.591580000">
        <ele>862.000</ele>
      </trkpt>
      <trkpt lat="43.177620000" lon="-3.591440000">
        <ele>860.000</ele>
      </trkpt>
      <trkpt lat="43.178060000" lon="-3.588560000">
        <ele>852.000</ele>
      </trkpt>
      <trkpt lat="43.178160000" lon="-3.588050000">
        <ele>846.000</ele>
      </trkpt>
      <trkpt lat="43.178200000" lon="-3.587880000">
        <ele>842.000</ele>
      </trkpt>
      <trkpt lat="43.178260000" lon="-3.587730000">
        <ele>839.000</ele>
      </trkpt>
      <trkpt lat="43.178360000" lon="-3.587560000">
        <ele>836.000</ele>
      </trkpt>
      <trkpt lat="43.178530000" lon="-3.587360000">
        <ele>835.000</ele>
      </trkpt>
      <trkpt lat="43.178620000" lon="-3.587350000">
        <ele>833.000</ele>
      </trkpt>
      <trkpt lat="43.178700000" lon="-3.587440000">
        <ele>832.000</ele>
      </trkpt>
      <trkpt lat="43.179090000" lon="-3.588580000">
        <ele>830.000</ele>
      </trkpt>
      <trkpt lat="43.179230000" lon="-3.588930000">
        <ele>829.000</ele>
      </trkpt>
      <trkpt lat="43.179340000" lon="-3.589150000">
        <ele>828.000</ele>
      </trkpt>
      <trkpt lat="43.179430000" lon="-3.589280000">
        <ele>827.000</ele>
      </trkpt>
      <trkpt lat="43.179840000" lon="-3.589780000">
        <ele>826.000</ele>
      </trkpt>
      <trkpt lat="43.179890000" lon="-3.589830000">
        <ele>825.000</ele>
      </trkpt>
      <trkpt lat="43.179970000" lon="-3.589860000">
        <ele>824.000</ele>
      </trkpt>
      <trkpt lat="43.180030000" lon="-3.589820000">
        <ele>824.000</ele>
      </trkpt>
      <trkpt lat="43.180060000" lon="-3.589790000">
        <ele>823.000</ele>
      </trkpt>
      <trkpt lat="43.180100000" lon="-3.589620000">
        <ele>823.000</ele>
      </trkpt>
      <trkpt lat="43.180130000" lon="-3.589120000">
        <ele>823.000</ele>
      </trkpt>
      <trkpt lat="43.180190000" lon="-3.588660000">
        <ele>821.000</ele>
      </trkpt>
      <trkpt lat="43.180280000" lon="-3.588140000">
        <ele>820.000</ele>
      </trkpt>
      <trkpt lat="43.180370000" lon="-3.587910000">
        <ele>818.000</ele>
      </trkpt>
      <trkpt lat="43.180510000" lon="-3.587710000">
        <ele>817.000</ele>
      </trkpt>
      <trkpt lat="43.180660000" lon="-3.587630000">
        <ele>816.000</ele>
      </trkpt>
      <trkpt lat="43.181030000" lon="-3.587680000">
        <ele>814.000</ele>
      </trkpt>
      <trkpt lat="43.181230000" lon="-3.587690000">
        <ele>813.000</ele>
      </trkpt>
      <trkpt lat="43.181350000" lon="-3.587680000">
        <ele>811.000</ele>
      </trkpt>
      <trkpt lat="43.181420000" lon="-3.587640000">
        <ele>810.000</ele>
      </trkpt>
      <trkpt lat="43.181450000" lon="-3.587600000">
        <ele>809.000</ele>
      </trkpt>
      <trkpt lat="43.181480000" lon="-3.587490000">
        <ele>808.000</ele>
      </trkpt>
      <trkpt lat="43.181560000" lon="-3.586910000">
        <ele>805.000</ele>
      </trkpt>
      <trkpt lat="43.181640000" lon="-3.586690000">
        <ele>803.000</ele>
      </trkpt>
      <trkpt lat="43.181700000" lon="-3.586590000">
        <ele>801.000</ele>
      </trkpt>
      <trkpt lat="43.181740000" lon="-3.586550000">
        <ele>799.000</ele>
      </trkpt>
      <trkpt lat="43.181870000" lon="-3.586520000">
        <ele>798.000</ele>
      </trkpt>
      <trkpt lat="43.182230000" lon="-3.586550000">
        <ele>795.000</ele>
      </trkpt>
      <trkpt lat="43.182600000" lon="-3.586470000">
        <ele>792.000</ele>
      </trkpt>
      <trkpt lat="43.182710000" lon="-3.586370000">
        <ele>790.000</ele>
      </trkpt>
      <trkpt lat="43.182970000" lon="-3.586000000">
        <ele>788.000</ele>
      </trkpt>
      <trkpt lat="43.183100000" lon="-3.585930000">
        <ele>786.000</ele>
      </trkpt>
      <trkpt lat="43.183150000" lon="-3.585940000">
        <ele>785.000</ele>
      </trkpt>
      <trkpt lat="43.183210000" lon="-3.586010000">
        <ele>784.000</ele>
      </trkpt>
      <trkpt lat="43.183570000" lon="-3.586690000">
        <ele>783.000</ele>
      </trkpt>
      <trkpt lat="43.183690000" lon="-3.586850000">
        <ele>782.000</ele>
      </trkpt>
      <trkpt lat="43.183830000" lon="-3.587020000">
        <ele>781.000</ele>
      </trkpt>
      <trkpt lat="43.184260000" lon="-3.587300000">
        <ele>780.000</ele>
      </trkpt>
      <trkpt lat="43.184340000" lon="-3.587330000">
        <ele>779.000</ele>
      </trkpt>
      <trkpt lat="43.184470000" lon="-3.587340000">
        <ele>777.000</ele>
      </trkpt>
      <trkpt lat="43.184530000" lon="-3.587280000">
        <ele>776.000</ele>
      </trkpt>
      <trkpt lat="43.184530000" lon="-3.587200000">
        <ele>775.000</ele>
      </trkpt>
      <trkpt lat="43.184520000" lon="-3.587160000">
        <ele>774.000</ele>
      </trkpt>
      <trkpt lat="43.184480000" lon="-3.587110000">
        <ele>773.000</ele>
      </trkpt>
      <trkpt lat="43.184310000" lon="-3.587090000">
        <ele>771.000</ele>
      </trkpt>
      <trkpt lat="43.184120000" lon="-3.586980000">
        <ele>770.000</ele>
      </trkpt>
      <trkpt lat="43.184040000" lon="-3.586910000">
        <ele>768.000</ele>
      </trkpt>
      <trkpt lat="43.183940000" lon="-3.586710000">
        <ele>766.000</ele>
      </trkpt>
      <trkpt lat="43.183510000" lon="-3.585180000">
        <ele>758.000</ele>
      </trkpt>
      <trkpt lat="43.183280000" lon="-3.584590000">
        <ele>753.000</ele>
      </trkpt>
      <trkpt lat="43.183270000" lon="-3.584470000">
        <ele>749.000</ele>
      </trkpt>
      <trkpt lat="43.183280000" lon="-3.584420000">
        <ele>747.000</ele>
      </trkpt>
      <trkpt lat="43.183330000" lon="-3.584360000">
        <ele>745.000</ele>
      </trkpt>
      <trkpt lat="43.183390000" lon="-3.584370000">
        <ele>744.000</ele>
      </trkpt>
      <trkpt lat="43.183440000" lon="-3.584440000">
        <ele>743.000</ele>
      </trkpt>
      <trkpt lat="43.183510000" lon="-3.584570000">
        <ele>742.000</ele>
      </trkpt>
      <trkpt lat="43.183760000" lon="-3.585110000">
        <ele>741.000</ele>
      </trkpt>
      <trkpt lat="43.183870000" lon="-3.585300000">
        <ele>741.000</ele>
      </trkpt>
      <trkpt lat="43.184240000" lon="-3.585750000">
        <ele>740.000</ele>
      </trkpt>
      <trkpt lat="43.184770000" lon="-3.586210000">
        <ele>737.000</ele>
      </trkpt>
      <trkpt lat="43.184900000" lon="-3.586270000">
        <ele>735.000</ele>
      </trkpt>
      <trkpt lat="43.185030000" lon="-3.586290000">
        <ele>733.000</ele>
      </trkpt>
      <trkpt lat="43.185140000" lon="-3.586280000">
        <ele>731.000</ele>
      </trkpt>
      <trkpt lat="43.185270000" lon="-3.586220000">
        <ele>729.000</ele>
      </trkpt>
      <trkpt lat="43.185710000" lon="-3.585950000">
        <ele>727.000</ele>
      </trkpt>
      <trkpt lat="43.185840000" lon="-3.585900000">
        <ele>725.000</ele>
      </trkpt>
      <trkpt lat="43.185940000" lon="-3.585880000">
        <ele>723.000</ele>
      </trkpt>
      <trkpt lat="43.186390000" lon="-3.585870000">
        <ele>721.000</ele>
      </trkpt>
      <trkpt lat="43.186530000" lon="-3.585850000">
        <ele>719.000</ele>
      </trkpt>
      <trkpt lat="43.186640000" lon="-3.585800000">
        <ele>717.000</ele>
      </trkpt>
      <trkpt lat="43.186960000" lon="-3.585570000">
        <ele>715.000</ele>
      </trkpt>
      <trkpt lat="43.187240000" lon="-3.585440000">
        <ele>713.000</ele>
      </trkpt>
      <trkpt lat="43.187400000" lon="-3.585390000">
        <ele>712.000</ele>
      </trkpt>
      <trkpt lat="43.187620000" lon="-3.585380000">
        <ele>710.000</ele>
      </trkpt>
      <trkpt lat="43.187850000" lon="-3.585440000">
        <ele>708.000</ele>
      </trkpt>
      <trkpt lat="43.188160000" lon="-3.585370000">
        <ele>706.000</ele>
      </trkpt>
      <trkpt lat="43.188410000" lon="-3.585360000">
        <ele>703.000</ele>
      </trkpt>
      <trkpt lat="43.188540000" lon="-3.585400000">
        <ele>701.000</ele>
      </trkpt>
      <trkpt lat="43.188680000" lon="-3.585490000">
        <ele>700.000</ele>
      </trkpt>
      <trkpt lat="43.188780000" lon="-3.585510000">
        <ele>698.000</ele>
      </trkpt>
      <trkpt lat="43.189140000" lon="-3.585540000">
        <ele>696.000</ele>
      </trkpt>
      <trkpt lat="43.189260000" lon="-3.585510000">
        <ele>694.000</ele>
      </trkpt>
      <trkpt lat="43.189430000" lon="-3.585420000">
        <ele>692.000</ele>
      </trkpt>
      <trkpt lat="43.189550000" lon="-3.585340000">
        <ele>690.000</ele>
      </trkpt>
      <trkpt lat="43.189730000" lon="-3.585140000">
        <ele>688.000</ele>
      </trkpt>
      <trkpt lat="43.189790000" lon="-3.585100000">
        <ele>687.000</ele>
      </trkpt>
      <trkpt lat="43.189870000" lon="-3.585090000">
        <ele>686.000</ele>
      </trkpt>
      <trkpt lat="43.190050000" lon="-3.585190000">
        <ele>684.000</ele>
      </trkpt>
      <trkpt lat="43.190200000" lon="-3.585180000">
        <ele>683.000</ele>
      </trkpt>
      <trkpt lat="43.190410000" lon="-3.585030000">
        <ele>681.000</ele>
      </trkpt>
      <trkpt lat="43.190580000" lon="-3.584800000">
        <ele>679.000</ele>
      </trkpt>
      <trkpt lat="43.190580000" lon="-3.584800000">
        <ele>678.000</ele>
      </trkpt>
      <trkpt lat="43.190600000" lon="-3.584780000">
        <ele>677.000</ele>
      </trkpt>
      <trkpt lat="43.190690000" lon="-3.584700000">
        <ele>676.000</ele>
      </trkpt>
      <trkpt lat="43.190910000" lon="-3.584580000">
        <ele>675.000</ele>
      </trkpt>
      <trkpt lat="43.191590000" lon="-3.584060000">
        <ele>671.000</ele>
      </trkpt>
      <trkpt lat="43.191880000" lon="-3.583880000">
        <ele>669.000</ele>
      </trkpt>
      <trkpt lat="43.191950000" lon="-3.583860000">
        <ele>667.000</ele>
      </trkpt>
      <trkpt lat="43.191880000" lon="-3.583780000">
        <ele>666.000</ele>
      </trkpt>
      <trkpt lat="43.191810000" lon="-3.583770000">
        <ele>665.000</ele>
      </trkpt>
      <trkpt lat="43.191700000" lon="-3.583790000">
        <ele>664.000</ele>
      </trkpt>
      <trkpt lat="43.191000000" lon="-3.584060000">
        <ele>663.000</ele>
      </trkpt>
      <trkpt lat="43.190520000" lon="-3.584150000">
        <ele>661.000</ele>
      </trkpt>
      <trkpt lat="43.190130000" lon="-3.584270000">
        <ele>659.000</ele>
      </trkpt>
      <trkpt lat="43.190020000" lon="-3.584280000">
        <ele>657.000</ele>
      </trkpt>
      <trkpt lat="43.189930000" lon="-3.584260000">
        <ele>655.000</ele>
      </trkpt>
      <trkpt lat="43.189600000" lon="-3.584060000">
        <ele>652.000</ele>
      </trkpt>
      <trkpt lat="43.189470000" lon="-3.583950000">
        <ele>650.000</ele>
      </trkpt>
      <trkpt lat="43.189390000" lon="-3.583850000">
        <ele>648.000</ele>
      </trkpt>
      <trkpt lat="43.189170000" lon="-3.583390000">
        <ele>645.000</ele>
      </trkpt>
      <trkpt lat="43.189030000" lon="-3.583250000">
        <ele>643.000</ele>
      </trkpt>
      <trkpt lat="43.188940000" lon="-3.583210000">
        <ele>641.000</ele>
      </trkpt>
      <trkpt lat="43.188830000" lon="-3.583180000">
        <ele>639.000</ele>
      </trkpt>
      <trkpt lat="43.188680000" lon="-3.583170000">
        <ele>638.000</ele>
      </trkpt>
      <trkpt lat="43.188370000" lon="-3.583180000">
        <ele>637.000</ele>
      </trkpt>
      <trkpt lat="43.188200000" lon="-3.583090000">
        <ele>636.000</ele>
      </trkpt>
      <trkpt lat="43.188090000" lon="-3.582950000">
        <ele>635.000</ele>
      </trkpt>
      <trkpt lat="43.187510000" lon="-3.581990000">
        <ele>634.000</ele>
      </trkpt>
      <trkpt lat="43.187290000" lon="-3.581490000">
        <ele>632.000</ele>
      </trkpt>
      <trkpt lat="43.186370000" lon="-3.578590000">
        <ele>625.000</ele>
      </trkpt>
      <trkpt lat="43.186240000" lon="-3.578240000">
        <ele>620.000</ele>
      </trkpt>
      <trkpt lat="43.186070000" lon="-3.577630000">
        <ele>615.000</ele>
      </trkpt>
      <trkpt lat="43.186030000" lon="-3.577260000">
        <ele>611.000</ele>
      </trkpt>
      <trkpt lat="43.186030000" lon="-3.576930000">
        <ele>608.000</ele>
      </trkpt>
      <trkpt lat="43.186080000" lon="-3.576710000">
        <ele>606.000</ele>
      </trkpt>
      <trkpt lat="43.186160000" lon="-3.576540000">
        <ele>604.000</ele>
      </trkpt>
      <trkpt lat="43.186290000" lon="-3.576390000">
        <ele>603.000</ele>
      </trkpt>
      <trkpt lat="43.186540000" lon="-3.576170000">
        <ele>601.000</ele>
      </trkpt>
      <trkpt lat="43.186580000" lon="-3.576140000">
        <ele>600.000</ele>
      </trkpt>
      <trkpt lat="43.187290000" lon="-3.575460000">
        <ele>598.000</ele>
      </trkpt>
      <trkpt lat="43.187510000" lon="-3.575180000">
        <ele>596.000</ele>
      </trkpt>
      <trkpt lat="43.187760000" lon="-3.574780000">
        <ele>594.000</ele>
      </trkpt>
      <trkpt lat="43.188070000" lon="-3.574240000">
        <ele>592.000</ele>
      </trkpt>
      <trkpt lat="43.188250000" lon="-3.573800000">
        <ele>591.000</ele>
      </trkpt>
      <trkpt lat="43.188470000" lon="-3.573190000">
        <ele>589.000</ele>
      </trkpt>
      <trkpt lat="43.188620000" lon="-3.572770000">
        <ele>587.000</ele>
      </trkpt>
      <trkpt lat="43.188620000" lon="-3.572770000">
        <ele>586.000</ele>
      </trkpt>
      <trkpt lat="43.188860000" lon="-3.572140000">
        <ele>585.000</ele>
      </trkpt>
      <trkpt lat="43.189270000" lon="-3.571140000">
        <ele>583.000</ele>
      </trkpt>
      <trkpt lat="43.189350000" lon="-3.571030000">
        <ele>581.000</ele>
      </trkpt>
      <trkpt lat="43.189420000" lon="-3.570970000">
        <ele>580.000</ele>
      </trkpt>
      <trkpt lat="43.190300000" lon="-3.570290000">
        <ele>579.000</ele>
      </trkpt>
      <trkpt lat="43.190910000" lon="-3.569840000">
        <ele>579.000</ele>
      </trkpt>
      <trkpt lat="43.191040000" lon="-3.569760000">
        <ele>578.000</ele>
      </trkpt>
      <trkpt lat="43.191840000" lon="-3.569190000">
        <ele>577.000</ele>
      </trkpt>
      <trkpt lat="43.191950000" lon="-3.569080000">
        <ele>575.000</ele>
      </trkpt>
      <trkpt lat="43.192140000" lon="-3.568950000">
        <ele>574.000</ele>
      </trkpt>
      <trkpt lat="43.192290000" lon="-3.568870000">
        <ele>573.000</ele>
      </trkpt>
      <trkpt lat="43.192560000" lon="-3.568840000">
        <ele>572.000</ele>
      </trkpt>
      <trkpt lat="43.193320000" lon="-3.568870000">
        <ele>571.000</ele>
      </trkpt>
      <trkpt lat="43.194320000" lon="-3.568910000">
        <ele>568.000</ele>
      </trkpt>
      <trkpt lat="43.194440000" lon="-3.568950000">
        <ele>566.000</ele>
      </trkpt>
      <trkpt lat="43.194540000" lon="-3.569010000">
        <ele>564.000</ele>
      </trkpt>
      <trkpt lat="43.194620000" lon="-3.569100000">
        <ele>563.000</ele>
      </trkpt>
      <trkpt lat="43.194890000" lon="-3.569440000">
        <ele>562.000</ele>
      </trkpt>
      <trkpt lat="43.194970000" lon="-3.569510000">
        <ele>562.000</ele>
      </trkpt>
      <trkpt lat="43.195090000" lon="-3.569520000">
        <ele>561.000</ele>
      </trkpt>
      <trkpt lat="43.195160000" lon="-3.569470000">
        <ele>561.000</ele>
      </trkpt>
      <trkpt lat="43.195370000" lon="-3.569150000">
        <ele>560.000</ele>
      </trkpt>
      <trkpt lat="43.195430000" lon="-3.568980000">
        <ele>560.000</ele>
      </trkpt>
      <trkpt lat="43.195440000" lon="-3.568760000">
        <ele>560.000</ele>
      </trkpt>
      <trkpt lat="43.195300000" lon="-3.568180000">
        <ele>559.000</ele>
      </trkpt>
      <trkpt lat="43.195280000" lon="-3.567970000">
        <ele>559.000</ele>
      </trkpt>
      <trkpt lat="43.195300000" lon="-3.567770000">
        <ele>559.000</ele>
      </trkpt>
      <trkpt lat="43.195390000" lon="-3.567240000">
        <ele>558.000</ele>
      </trkpt>
      <trkpt lat="43.195390000" lon="-3.567150000">
        <ele>558.000</ele>
      </trkpt>
      <trkpt lat="43.195380000" lon="-3.567060000">
        <ele>558.000</ele>
      </trkpt>
      <trkpt lat="43.195330000" lon="-3.566980000">
        <ele>557.000</ele>
      </trkpt>
      <trkpt lat="43.195190000" lon="-3.566710000">
        <ele>557.000</ele>
      </trkpt>
      <trkpt lat="43.194880000" lon="-3.566170000">
        <ele>557.000</ele>
      </trkpt>
      <trkpt lat="43.194760000" lon="-3.565990000">
        <ele>556.000</ele>
      </trkpt>
      <trkpt lat="43.194610000" lon="-3.565720000">
        <ele>556.000</ele>
      </trkpt>
      <trkpt lat="43.194500000" lon="-3.565400000">
        <ele>555.000</ele>
      </trkpt>
      <trkpt lat="43.194040000" lon="-3.563300000">
        <ele>552.000</ele>
      </trkpt>
      <trkpt lat="43.193820000" lon="-3.561900000">
        <ele>548.000</ele>
      </trkpt>
      <trkpt lat="43.193740000" lon="-3.561560000">
        <ele>545.000</ele>
      </trkpt>
      <trkpt lat="43.193650000" lon="-3.561220000">
        <ele>543.000</ele>
      </trkpt>
      <trkpt lat="43.193430000" lon="-3.560490000">
        <ele>540.000</ele>
      </trkpt>
      <trkpt lat="43.193280000" lon="-3.560050000">
        <ele>539.000</ele>
      </trkpt>
      <trkpt lat="43.193260000" lon="-3.559850000">
        <ele>538.000</ele>
      </trkpt>
      <trkpt lat="43.193260000" lon="-3.559650000">
        <ele>537.000</ele>
      </trkpt>
      <trkpt lat="43.193340000" lon="-3.559260000">
        <ele>536.000</ele>
      </trkpt>
      <trkpt lat="43.193530000" lon="-3.558690000">
        <ele>536.000</ele>
      </trkpt>
      <trkpt lat="43.193670000" lon="-3.557890000">
        <ele>536.000</ele>
      </trkpt>
      <trkpt lat="43.193790000" lon="-3.557440000">
        <ele>535.000</ele>
      </trkpt>
      <trkpt lat="43.193850000" lon="-3.557140000">
        <ele>535.000</ele>
      </trkpt>
      <trkpt lat="43.193860000" lon="-3.556970000">
        <ele>535.000</ele>
      </trkpt>
      <trkpt lat="43.193810000" lon="-3.556790000">
        <ele>534.000</ele>
      </trkpt>
      <trkpt lat="43.193700000" lon="-3.556460000">
        <ele>534.000</ele>
      </trkpt>
      <trkpt lat="43.193580000" lon="-3.556060000">
        <ele>533.000</ele>
      </trkpt>
      <trkpt lat="43.193490000" lon="-3.555610000">
        <ele>532.000</ele>
      </trkpt>
      <trkpt lat="43.193380000" lon="-3.555350000">
        <ele>532.000</ele>
      </trkpt>
      <trkpt lat="43.193280000" lon="-3.555100000">
        <ele>531.000</ele>
      </trkpt>
      <trkpt lat="43.192950000" lon="-3.554110000">
        <ele>528.000</ele>
      </trkpt>
      <trkpt lat="43.192920000" lon="-3.554040000">
        <ele>526.000</ele>
      </trkpt>
      <trkpt lat="43.192770000" lon="-3.553890000">
        <ele>524.000</ele>
      </trkpt>
      <trkpt lat="43.192610000" lon="-3.553760000">
        <ele>523.000</ele>
      </trkpt>
      <trkpt lat="43.192550000" lon="-3.553660000">
        <ele>521.000</ele>
      </trkpt>
      <trkpt lat="43.192430000" lon="-3.553380000">
        <ele>520.000</ele>
      </trkpt>
      <trkpt lat="43.192390000" lon="-3.553210000">
        <ele>518.000</ele>
      </trkpt>
      <trkpt lat="43.192370000" lon="-3.553100000">
        <ele>517.000</ele>
      </trkpt>
      <trkpt lat="43.192400000" lon="-3.552610000">
        <ele>517.000</ele>
      </trkpt>
      <trkpt lat="43.192400000" lon="-3.552460000">
        <ele>516.000</ele>
      </trkpt>
      <trkpt lat="43.192320000" lon="-3.552160000">
        <ele>516.000</ele>
      </trkpt>
      <trkpt lat="43.192020000" lon="-3.551530000">
        <ele>515.000</ele>
      </trkpt>
      <trkpt lat="43.191960000" lon="-3.551370000">
        <ele>515.000</ele>
      </trkpt>
      <trkpt lat="43.191950000" lon="-3.551280000">
        <ele>514.000</ele>
      </trkpt>
      <trkpt lat="43.191950000" lon="-3.550910000">
        <ele>514.000</ele>
      </trkpt>
      <trkpt lat="43.191960000" lon="-3.550200000">
        <ele>514.000</ele>
      </trkpt>
      <trkpt lat="43.191980000" lon="-3.549890000">
        <ele>514.000</ele>
      </trkpt>
      <trkpt lat="43.192010000" lon="-3.549760000">
        <ele>514.000</ele>
      </trkpt>
      <trkpt lat="43.192120000" lon="-3.549570000">
        <ele>515.000</ele>
      </trkpt>
      <trkpt lat="43.192120000" lon="-3.549570000">
        <ele>515.000</ele>
      </trkpt>
      <trkpt lat="43.192120000" lon="-3.549570000">
        <ele>515.000</ele>
      </trkpt>
      <trkpt lat="43.192250000" lon="-3.549370000">
        <ele>515.000</ele>
      </trkpt>
      <trkpt lat="43.192270000" lon="-3.549210000">
        <ele>515.000</ele>
      </trkpt>
      <trkpt lat="43.192230000" lon="-3.549040000">
        <ele>515.000</ele>
      </trkpt>
      <trkpt lat="43.192200000" lon="-3.548920000">
        <ele>515.000</ele>
      </trkpt>
      <trkpt lat="43.191970000" lon="-3.548300000">
        <ele>516.000</ele>
      </trkpt>
      <trkpt lat="43.191920000" lon="-3.548110000">
        <ele>516.000</ele>
      </trkpt>
      <trkpt lat="43.191830000" lon="-3.546010000">
        <ele>518.000</ele>
      </trkpt>
      <trkpt lat="43.191790000" lon="-3.545760000">
        <ele>520.000</ele>
      </trkpt>
      <trkpt lat="43.191750000" lon="-3.545600000">
        <ele>521.000</ele>
      </trkpt>
      <trkpt lat="43.191710000" lon="-3.545480000">
        <ele>521.000</ele>
      </trkpt>
      <trkpt lat="43.191600000" lon="-3.545300000">
        <ele>522.000</ele>
      </trkpt>
      <trkpt lat="43.191160000" lon="-3.544940000">
        <ele>522.000</ele>
      </trkpt>
      <trkpt lat="43.191020000" lon="-3.544800000">
        <ele>522.000</ele>
      </trkpt>
      <trkpt lat="43.190980000" lon="-3.544660000">
        <ele>523.000</ele>
      </trkpt>
      <trkpt lat="43.190830000" lon="-3.543330000">
        <ele>523.000</ele>
      </trkpt>
      <trkpt lat="43.190790000" lon="-3.543090000">
        <ele>522.000</ele>
      </trkpt>
      <trkpt lat="43.190680000" lon="-3.542770000">
        <ele>521.000</ele>
      </trkpt>
      <trkpt lat="43.190440000" lon="-3.542160000">
        <ele>519.000</ele>
      </trkpt>
      <trkpt lat="43.190090000" lon="-3.540940000">
        <ele>514.000</ele>
      </trkpt>
      <trkpt lat="43.190020000" lon="-3.540650000">
        <ele>510.000</ele>
      </trkpt>
      <trkpt lat="43.190020000" lon="-3.540530000">
        <ele>508.000</ele>
      </trkpt>
      <trkpt lat="43.190030000" lon="-3.540420000">
        <ele>506.000</ele>
      </trkpt>
      <trkpt lat="43.190060000" lon="-3.540380000">
        <ele>505.000</ele>
      </trkpt>
      <trkpt lat="43.190140000" lon="-3.540330000">
        <ele>505.000</ele>
      </trkpt>
      <trkpt lat="43.190260000" lon="-3.540300000">
        <ele>504.000</ele>
      </trkpt>
      <trkpt lat="43.190860000" lon="-3.540300000">
        <ele>504.000</ele>
      </trkpt>
      <trkpt lat="43.191050000" lon="-3.540310000">
        <ele>503.000</ele>
      </trkpt>
      <trkpt lat="43.191360000" lon="-3.540370000">
        <ele>503.000</ele>
      </trkpt>
      <trkpt lat="43.191630000" lon="-3.540360000">
        <ele>503.000</ele>
      </trkpt>
      <trkpt lat="43.191840000" lon="-3.540260000">
        <ele>502.000</ele>
      </trkpt>
      <trkpt lat="43.192060000" lon="-3.539940000">
        <ele>501.000</ele>
      </trkpt>
      <trkpt lat="43.192170000" lon="-3.539870000">
        <ele>499.000</ele>
      </trkpt>
      <trkpt lat="43.192410000" lon="-3.539770000">
        <ele>498.000</ele>
      </trkpt>
      <trkpt lat="43.192450000" lon="-3.539710000">
        <ele>496.000</ele>
      </trkpt>
      <trkpt lat="43.192480000" lon="-3.539580000">
        <ele>495.000</ele>
      </trkpt>
      <trkpt lat="43.192470000" lon="-3.539430000">
        <ele>494.000</ele>
      </trkpt>
      <trkpt lat="43.192430000" lon="-3.539240000">
        <ele>493.000</ele>
      </trkpt>
      <trkpt lat="43.192360000" lon="-3.539110000">
        <ele>492.000</ele>
      </trkpt>
      <trkpt lat="43.191900000" lon="-3.538770000">
        <ele>489.000</ele>
      </trkpt>
      <trkpt lat="43.191790000" lon="-3.538600000">
        <ele>488.000</ele>
      </trkpt>
      <trkpt lat="43.191760000" lon="-3.538390000">
        <ele>486.000</ele>
      </trkpt>
      <trkpt lat="43.191730000" lon="-3.537960000">
        <ele>485.000</ele>
      </trkpt>
      <trkpt lat="43.191700000" lon="-3.537230000">
        <ele>485.000</ele>
      </trkpt>
      <trkpt lat="43.191710000" lon="-3.536950000">
        <ele>484.000</ele>
      </trkpt>
      <trkpt lat="43.191770000" lon="-3.536780000">
        <ele>483.000</ele>
      </trkpt>
      <trkpt lat="43.191920000" lon="-3.536490000">
        <ele>483.000</ele>
      </trkpt>
      <trkpt lat="43.191990000" lon="-3.536270000">
        <ele>482.000</ele>
      </trkpt>
      <trkpt lat="43.191990000" lon="-3.536090000">
        <ele>482.000</ele>
      </trkpt>
      <trkpt lat="43.191850000" lon="-3.535540000">
        <ele>480.000</ele>
      </trkpt>
      <trkpt lat="43.191780000" lon="-3.535360000">
        <ele>479.000</ele>
      </trkpt>
      <trkpt lat="43.191380000" lon="-3.534620000">
        <ele>476.000</ele>
      </trkpt>
      <trkpt lat="43.191250000" lon="-3.534350000">
        <ele>474.000</ele>
      </trkpt>
      <trkpt lat="43.191130000" lon="-3.534030000">
        <ele>471.000</ele>
      </trkpt>
      <trkpt lat="43.191080000" lon="-3.533800000">
        <ele>469.000</ele>
      </trkpt>
      <trkpt lat="43.190940000" lon="-3.532250000">
        <ele>467.000</ele>
      </trkpt>
      <trkpt lat="43.190800000" lon="-3.531340000">
        <ele>464.000</ele>
      </trkpt>
      <trkpt lat="43.190460000" lon="-3.530370000">
        <ele>461.000</ele>
      </trkpt>
      <trkpt lat="43.190390000" lon="-3.530150000">
        <ele>459.000</ele>
      </trkpt>
      <trkpt lat="43.190360000" lon="-3.529890000">
        <ele>457.000</ele>
      </trkpt>
      <trkpt lat="43.190170000" lon="-3.527310000">
        <ele>451.000</ele>
      </trkpt>
      <trkpt lat="43.190120000" lon="-3.527080000">
        <ele>447.000</ele>
      </trkpt>
      <trkpt lat="43.189980000" lon="-3.526690000">
        <ele>444.000</ele>
      </trkpt>
      <trkpt lat="43.189870000" lon="-3.526290000">
        <ele>442.000</ele>
      </trkpt>
      <trkpt lat="43.189680000" lon="-3.525450000">
        <ele>439.000</ele>
      </trkpt>
      <trkpt lat="43.189670000" lon="-3.525330000">
        <ele>437.000</ele>
      </trkpt>
      <trkpt lat="43.189670000" lon="-3.525200000">
        <ele>435.000</ele>
      </trkpt>
      <trkpt lat="43.189680000" lon="-3.525100000">
        <ele>434.000</ele>
      </trkpt>
      <trkpt lat="43.189910000" lon="-3.524540000">
        <ele>433.000</ele>
      </trkpt>
      <trkpt lat="43.189990000" lon="-3.524330000">
        <ele>431.000</ele>
      </trkpt>
      <trkpt lat="43.190020000" lon="-3.524150000">
        <ele>430.000</ele>
      </trkpt>
      <trkpt lat="43.190030000" lon="-3.524010000">
        <ele>429.000</ele>
      </trkpt>
      <trkpt lat="43.190010000" lon="-3.523900000">
        <ele>428.000</ele>
      </trkpt>
      <trkpt lat="43.189970000" lon="-3.523850000">
        <ele>428.000</ele>
      </trkpt>
      <trkpt lat="43.189900000" lon="-3.523830000">
        <ele>427.000</ele>
      </trkpt>
      <trkpt lat="43.189840000" lon="-3.523870000">
        <ele>427.000</ele>
      </trkpt>
      <trkpt lat="43.189790000" lon="-3.523930000">
        <ele>426.000</ele>
      </trkpt>
      <trkpt lat="43.189430000" lon="-3.524810000">
        <ele>425.000</ele>
      </trkpt>
      <trkpt lat="43.189340000" lon="-3.525180000">
        <ele>423.000</ele>
      </trkpt>
      <trkpt lat="43.189220000" lon="-3.526440000">
        <ele>420.000</ele>
      </trkpt>
      <trkpt lat="43.189250000" lon="-3.527650000">
        <ele>417.000</ele>
      </trkpt>
      <trkpt lat="43.189200000" lon="-3.528470000">
        <ele>413.000</ele>
      </trkpt>
      <trkpt lat="43.188780000" lon="-3.529440000">
        <ele>409.000</ele>
      </trkpt>
      <trkpt lat="43.188770000" lon="-3.529610000">
        <ele>407.000</ele>
      </trkpt>
      <trkpt lat="43.188790000" lon="-3.529920000">
        <ele>405.000</ele>
      </trkpt>
      <trkpt lat="43.188860000" lon="-3.530320000">
        <ele>403.000</ele>
      </trkpt>
      <trkpt lat="43.188840000" lon="-3.530690000">
        <ele>402.000</ele>
      </trkpt>
      <trkpt lat="43.188820000" lon="-3.530810000">
        <ele>401.000</ele>
      </trkpt>
      <trkpt lat="43.188790000" lon="-3.530890000">
        <ele>400.000</ele>
      </trkpt>
      <trkpt lat="43.188690000" lon="-3.530990000">
        <ele>400.000</ele>
      </trkpt>
      <trkpt lat="43.188340000" lon="-3.531160000">
        <ele>399.000</ele>
      </trkpt>
      <trkpt lat="43.188250000" lon="-3.531230000">
        <ele>399.000</ele>
      </trkpt>
      <trkpt lat="43.188200000" lon="-3.531350000">
        <ele>399.000</ele>
      </trkpt>
      <trkpt lat="43.188160000" lon="-3.531540000">
        <ele>398.000</ele>
      </trkpt>
      <trkpt lat="43.188150000" lon="-3.531710000">
        <ele>398.000</ele>
      </trkpt>
      <trkpt lat="43.188100000" lon="-3.531850000">
        <ele>397.000</ele>
      </trkpt>
      <trkpt lat="43.188020000" lon="-3.531950000">
        <ele>397.000</ele>
      </trkpt>
      <trkpt lat="43.187960000" lon="-3.531980000">
        <ele>397.000</ele>
      </trkpt>
      <trkpt lat="43.187820000" lon="-3.532000000">
        <ele>396.000</ele>
      </trkpt>
      <trkpt lat="43.187750000" lon="-3.531990000">
        <ele>396.000</ele>
      </trkpt>
      <trkpt lat="43.187670000" lon="-3.531910000">
        <ele>396.000</ele>
      </trkpt>
      <trkpt lat="43.187630000" lon="-3.531790000">
        <ele>395.000</ele>
      </trkpt>
      <trkpt lat="43.187600000" lon="-3.531610000">
        <ele>395.000</ele>
      </trkpt>
      <trkpt lat="43.187630000" lon="-3.531400000">
        <ele>395.000</ele>
      </trkpt>
      <trkpt lat="43.187730000" lon="-3.531030000">
        <ele>394.000</ele>
      </trkpt>
      <trkpt lat="43.187800000" lon="-3.530920000">
        <ele>394.000</ele>
      </trkpt>
      <trkpt lat="43.187890000" lon="-3.530870000">
        <ele>393.000</ele>
      </trkpt>
      <trkpt lat="43.188060000" lon="-3.530860000">
        <ele>393.000</ele>
      </trkpt>
      <trkpt lat="43.188120000" lon="-3.530840000">
        <ele>392.000</ele>
      </trkpt>
      <trkpt lat="43.188180000" lon="-3.530780000">
        <ele>392.000</ele>
      </trkpt>
      <trkpt lat="43.188270000" lon="-3.530610000">
        <ele>391.000</ele>
      </trkpt>
      <trkpt lat="43.188290000" lon="-3.530470000">
        <ele>390.000</ele>
      </trkpt>
      <trkpt lat="43.188270000" lon="-3.530340000">
        <ele>389.000</ele>
      </trkpt>
      <trkpt lat="43.188220000" lon="-3.530180000">
        <ele>387.000</ele>
      </trkpt>
      <trkpt lat="43.187740000" lon="-3.529110000">
        <ele>383.000</ele>
      </trkpt>
      <trkpt lat="43.187700000" lon="-3.529000000">
        <ele>380.000</ele>
      </trkpt>
      <trkpt lat="43.187680000" lon="-3.528880000">
        <ele>377.000</ele>
      </trkpt>
      <trkpt lat="43.187690000" lon="-3.528790000">
        <ele>375.000</ele>
      </trkpt>
      <trkpt lat="43.187720000" lon="-3.528730000">
        <ele>374.000</ele>
      </trkpt>
      <trkpt lat="43.187790000" lon="-3.528630000">
        <ele>372.000</ele>
      </trkpt>
      <trkpt lat="43.187890000" lon="-3.528540000">
        <ele>371.000</ele>
      </trkpt>
      <trkpt lat="43.187960000" lon="-3.528410000">
        <ele>370.000</ele>
      </trkpt>
      <trkpt lat="43.188000000" lon="-3.528270000">
        <ele>369.000</ele>
      </trkpt>
      <trkpt lat="43.188010000" lon="-3.528110000">
        <ele>369.000</ele>
      </trkpt>
      <trkpt lat="43.188010000" lon="-3.527950000">
        <ele>368.000</ele>
      </trkpt>
      <trkpt lat="43.187970000" lon="-3.527740000">
        <ele>367.000</ele>
      </trkpt>
      <trkpt lat="43.187890000" lon="-3.527480000">
        <ele>366.000</ele>
      </trkpt>
      <trkpt lat="43.187690000" lon="-3.527040000">
        <ele>365.000</ele>
      </trkpt>
      <trkpt lat="43.187330000" lon="-3.526200000">
        <ele>363.000</ele>
      </trkpt>
      <trkpt lat="43.186180000" lon="-3.523110000">
        <ele>355.000</ele>
      </trkpt>
      <trkpt lat="43.185670000" lon="-3.521750000">
        <ele>347.000</ele>
      </trkpt>
      <trkpt lat="43.185530000" lon="-3.521320000">
        <ele>341.000</ele>
      </trkpt>
      <trkpt lat="43.185520000" lon="-3.521150000">
        <ele>336.000</ele>
      </trkpt>
      <trkpt lat="43.185520000" lon="-3.521030000">
        <ele>333.000</ele>
      </trkpt>
      <trkpt lat="43.185590000" lon="-3.520840000">
        <ele>330.000</ele>
      </trkpt>
      <trkpt lat="43.185690000" lon="-3.520740000">
        <ele>328.000</ele>
      </trkpt>
      <trkpt lat="43.185820000" lon="-3.520680000">
        <ele>327.000</ele>
      </trkpt>
      <trkpt lat="43.185940000" lon="-3.520670000">
        <ele>326.000</ele>
      </trkpt>
      <trkpt lat="43.186250000" lon="-3.520700000">
        <ele>325.000</ele>
      </trkpt>
      <trkpt lat="43.186410000" lon="-3.520680000">
        <ele>324.000</ele>
      </trkpt>
      <trkpt lat="43.186520000" lon="-3.520630000">
        <ele>324.000</ele>
      </trkpt>
      <trkpt lat="43.186840000" lon="-3.520290000">
        <ele>323.000</ele>
      </trkpt>
      <trkpt lat="43.186890000" lon="-3.520190000">
        <ele>323.000</ele>
      </trkpt>
      <trkpt lat="43.186920000" lon="-3.520060000">
        <ele>322.000</ele>
      </trkpt>
      <trkpt lat="43.186910000" lon="-3.519880000">
        <ele>322.000</ele>
      </trkpt>
      <trkpt lat="43.186680000" lon="-3.518540000">
        <ele>321.000</ele>
      </trkpt>
      <trkpt lat="43.186660000" lon="-3.518230000">
        <ele>321.000</ele>
      </trkpt>
      <trkpt lat="43.186690000" lon="-3.518040000">
        <ele>320.000</ele>
      </trkpt>
      <trkpt lat="43.186750000" lon="-3.517950000">
        <ele>320.000</ele>
      </trkpt>
      <trkpt lat="43.186840000" lon="-3.517900000">
        <ele>320.000</ele>
      </trkpt>
      <trkpt lat="43.187240000" lon="-3.517960000">
        <ele>320.000</ele>
      </trkpt>
      <trkpt lat="43.187340000" lon="-3.517960000">
        <ele>320.000</ele>
      </trkpt>
      <trkpt lat="43.187410000" lon="-3.517930000">
        <ele>320.000</ele>
      </trkpt>
      <trkpt lat="43.187600000" lon="-3.517800000">
        <ele>320.000</ele>
      </trkpt>
      <trkpt lat="43.187770000" lon="-3.517650000">
        <ele>320.000</ele>
      </trkpt>
      <trkpt lat="43.187850000" lon="-3.517550000">
        <ele>320.000</ele>
      </trkpt>
      <trkpt lat="43.188020000" lon="-3.517250000">
        <ele>320.000</ele>
      </trkpt>
      <trkpt lat="43.188060000" lon="-3.517160000">
        <ele>319.000</ele>
      </trkpt>
      <trkpt lat="43.188220000" lon="-3.516800000">
        <ele>319.000</ele>
      </trkpt>
      <trkpt lat="43.188270000" lon="-3.516700000">
        <ele>318.000</ele>
      </trkpt>
      <trkpt lat="43.188330000" lon="-3.516640000">
        <ele>317.000</ele>
      </trkpt>
      <trkpt lat="43.188550000" lon="-3.516500000">
        <ele>316.000</ele>
      </trkpt>
      <trkpt lat="43.189010000" lon="-3.516200000">
        <ele>315.000</ele>
      </trkpt>
      <trkpt lat="43.189300000" lon="-3.515950000">
        <ele>313.000</ele>
      </trkpt>
      <trkpt lat="43.189660000" lon="-3.515580000">
        <ele>311.000</ele>
      </trkpt>
      <trkpt lat="43.189800000" lon="-3.515520000">
        <ele>309.000</ele>
      </trkpt>
      <trkpt lat="43.189980000" lon="-3.515400000">
        <ele>307.000</ele>
      </trkpt>
      <trkpt lat="43.190050000" lon="-3.515300000">
        <ele>306.000</ele>
      </trkpt>
      <trkpt lat="43.190050000" lon="-3.515160000">
        <ele>305.000</ele>
      </trkpt>
      <trkpt lat="43.190030000" lon="-3.515090000">
        <ele>304.000</ele>
      </trkpt>
      <trkpt lat="43.189960000" lon="-3.515050000">
        <ele>303.000</ele>
      </trkpt>
      <trkpt lat="43.189870000" lon="-3.515050000">
        <ele>302.000</ele>
      </trkpt>
      <trkpt lat="43.189210000" lon="-3.515420000">
        <ele>300.000</ele>
      </trkpt>
      <trkpt lat="43.189100000" lon="-3.515440000">
        <ele>298.000</ele>
      </trkpt>
      <trkpt lat="43.189010000" lon="-3.515380000">
        <ele>297.000</ele>
      </trkpt>
      <trkpt lat="43.188580000" lon="-3.514830000">
        <ele>294.000</ele>
      </trkpt>
      <trkpt lat="43.188450000" lon="-3.514760000">
        <ele>292.000</ele>
      </trkpt>
      <trkpt lat="43.188330000" lon="-3.514750000">
        <ele>291.000</ele>
      </trkpt>
      <trkpt lat="43.188130000" lon="-3.514790000">
        <ele>289.000</ele>
      </trkpt>
      <trkpt lat="43.187920000" lon="-3.514900000">
        <ele>287.000</ele>
      </trkpt>
      <trkpt lat="43.187480000" lon="-3.515240000">
        <ele>285.000</ele>
      </trkpt>
      <trkpt lat="43.187340000" lon="-3.515290000">
        <ele>283.000</ele>
      </trkpt>
      <trkpt lat="43.187240000" lon="-3.515300000">
        <ele>281.000</ele>
      </trkpt>
      <trkpt lat="43.187060000" lon="-3.515240000">
        <ele>280.000</ele>
      </trkpt>
      <trkpt lat="43.186770000" lon="-3.514930000">
        <ele>278.000</ele>
      </trkpt>
      <trkpt lat="43.186670000" lon="-3.514870000">
        <ele>276.000</ele>
      </trkpt>
      <trkpt lat="43.186470000" lon="-3.514870000">
        <ele>275.000</ele>
      </trkpt>
      <trkpt lat="43.186300000" lon="-3.514980000">
        <ele>274.000</ele>
      </trkpt>
      <trkpt lat="43.186220000" lon="-3.515000000">
        <ele>273.000</ele>
      </trkpt>
      <trkpt lat="43.186140000" lon="-3.514980000">
        <ele>273.000</ele>
      </trkpt>
      <trkpt lat="43.186100000" lon="-3.514940000">
        <ele>272.000</ele>
      </trkpt>
      <trkpt lat="43.186050000" lon="-3.514800000">
        <ele>272.000</ele>
      </trkpt>
      <trkpt lat="43.186070000" lon="-3.514660000">
        <ele>271.000</ele>
      </trkpt>
      <trkpt lat="43.186110000" lon="-3.514570000">
        <ele>271.000</ele>
      </trkpt>
      <trkpt lat="43.186180000" lon="-3.514490000">
        <ele>271.000</ele>
      </trkpt>
      <trkpt lat="43.186270000" lon="-3.514430000">
        <ele>270.000</ele>
      </trkpt>
      <trkpt lat="43.186460000" lon="-3.514400000">
        <ele>270.000</ele>
      </trkpt>
      <trkpt lat="43.186570000" lon="-3.514430000">
        <ele>270.000</ele>
      </trkpt>
      <trkpt lat="43.186680000" lon="-3.514460000">
        <ele>269.000</ele>
      </trkpt>
      <trkpt lat="43.186950000" lon="-3.514670000">
        <ele>269.000</ele>
      </trkpt>
      <trkpt lat="43.187050000" lon="-3.514700000">
        <ele>268.000</ele>
      </trkpt>
      <trkpt lat="43.187150000" lon="-3.514700000">
        <ele>267.000</ele>
      </trkpt>
      <trkpt lat="43.187310000" lon="-3.514600000">
        <ele>266.000</ele>
      </trkpt>
      <trkpt lat="43.187760000" lon="-3.514130000">
        <ele>263.000</ele>
      </trkpt>
      <trkpt lat="43.187890000" lon="-3.513960000">
        <ele>261.000</ele>
      </trkpt>
      <trkpt lat="43.188020000" lon="-3.513770000">
        <ele>258.000</ele>
      </trkpt>
      <trkpt lat="43.188160000" lon="-3.513610000">
        <ele>256.000</ele>
      </trkpt>
      <trkpt lat="43.188390000" lon="-3.513390000">
        <ele>254.000</ele>
      </trkpt>
      <trkpt lat="43.188720000" lon="-3.513230000">
        <ele>251.000</ele>
      </trkpt>
      <trkpt lat="43.188930000" lon="-3.513190000">
        <ele>249.000</ele>
      </trkpt>
      <trkpt lat="43.189090000" lon="-3.513190000">
        <ele>248.000</ele>
      </trkpt>
      <trkpt lat="43.189290000" lon="-3.513230000">
        <ele>246.000</ele>
      </trkpt>
      <trkpt lat="43.189470000" lon="-3.513230000">
        <ele>245.000</ele>
      </trkpt>
      <trkpt lat="43.189690000" lon="-3.513200000">
        <ele>245.000</ele>
      </trkpt>
      <trkpt lat="43.189930000" lon="-3.513080000">
        <ele>244.000</ele>
      </trkpt>
      <trkpt lat="43.190180000" lon="-3.512880000">
        <ele>243.000</ele>
      </trkpt>
      <trkpt lat="43.190280000" lon="-3.512840000">
        <ele>243.000</ele>
      </trkpt>
      <trkpt lat="43.190420000" lon="-3.512870000">
        <ele>242.000</ele>
      </trkpt>
      <trkpt lat="43.190580000" lon="-3.512990000">
        <ele>241.000</ele>
      </trkpt>
      <trkpt lat="43.190630000" lon="-3.513000000">
        <ele>241.000</ele>
      </trkpt>
      <trkpt lat="43.190710000" lon="-3.512970000">
        <ele>241.000</ele>
      </trkpt>
      <trkpt lat="43.190790000" lon="-3.512830000">
        <ele>240.000</ele>
      </trkpt>
      <trkpt lat="43.190790000" lon="-3.512830000">
        <ele>240.000</ele>
      </trkpt>
      <trkpt lat="43.190940000" lon="-3.512550000">
        <ele>239.000</ele>
      </trkpt>
      <trkpt lat="43.191080000" lon="-3.512450000">
        <ele>238.000</ele>
      </trkpt>
      <trkpt lat="43.191260000" lon="-3.512230000">
        <ele>237.000</ele>
      </trkpt>
      <trkpt lat="43.191380000" lon="-3.511880000">
        <ele>236.000</ele>
      </trkpt>
      <trkpt lat="43.191440000" lon="-3.511800000">
        <ele>235.000</ele>
      </trkpt>
      <trkpt lat="43.191530000" lon="-3.511710000">
        <ele>235.000</ele>
      </trkpt>
      <trkpt lat="43.191990000" lon="-3.511460000">
        <ele>233.000</ele>
      </trkpt>
      <trkpt lat="43.192100000" lon="-3.511360000">
        <ele>232.000</ele>
      </trkpt>
      <trkpt lat="43.192210000" lon="-3.511210000">
        <ele>231.000</ele>
      </trkpt>
      <trkpt lat="43.192480000" lon="-3.510760000">
        <ele>228.000</ele>
      </trkpt>
      <trkpt lat="43.192950000" lon="-3.510340000">
        <ele>225.000</ele>
      </trkpt>
      <trkpt lat="43.193280000" lon="-3.510090000">
        <ele>222.000</ele>
      </trkpt>
      <trkpt lat="43.193510000" lon="-3.509830000">
        <ele>219.000</ele>
      </trkpt>
      <trkpt lat="43.193810000" lon="-3.509460000">
        <ele>217.000</ele>
      </trkpt>
      <trkpt lat="43.193980000" lon="-3.509250000">
        <ele>215.000</ele>
      </trkpt>
      <trkpt lat="43.194050000" lon="-3.509180000">
        <ele>214.000</ele>
      </trkpt>
      <trkpt lat="43.194200000" lon="-3.509090000">
        <ele>213.000</ele>
      </trkpt>
      <trkpt lat="43.194580000" lon="-3.508900000">
        <ele>212.000</ele>
      </trkpt>
      <trkpt lat="43.194850000" lon="-3.508670000">
        <ele>211.000</ele>
      </trkpt>
      <trkpt lat="43.195230000" lon="-3.508080000">
        <ele>210.000</ele>
      </trkpt>
      <trkpt lat="43.195330000" lon="-3.507960000">
        <ele>209.000</ele>
      </trkpt>
      <trkpt lat="43.196400000" lon="-3.507570000">
        <ele>207.000</ele>
      </trkpt>
      <trkpt lat="43.196900000" lon="-3.507430000">
        <ele>206.000</ele>
      </trkpt>
      <trkpt lat="43.197060000" lon="-3.507350000">
        <ele>205.000</ele>
      </trkpt>
      <trkpt lat="43.198530000" lon="-3.506110000">
        <ele>201.000</ele>
      </trkpt>
      <trkpt lat="43.198800000" lon="-3.505940000">
        <ele>197.000</ele>
      </trkpt>
      <trkpt lat="43.199650000" lon="-3.505520000">
        <ele>194.000</ele>
      </trkpt>
      <trkpt lat="43.199840000" lon="-3.505400000">
        <ele>192.000</ele>
      </trkpt>
      <trkpt lat="43.199970000" lon="-3.505270000">
        <ele>191.000</ele>
      </trkpt>
      <trkpt lat="43.200080000" lon="-3.505100000">
        <ele>190.000</ele>
      </trkpt>
      <trkpt lat="43.200130000" lon="-3.504970000">
        <ele>189.000</ele>
      </trkpt>
      <trkpt lat="43.200290000" lon="-3.504290000">
        <ele>188.000</ele>
      </trkpt>
      <trkpt lat="43.200400000" lon="-3.504000000">
        <ele>188.000</ele>
      </trkpt>
      <trkpt lat="43.200470000" lon="-3.503900000">
        <ele>187.000</ele>
      </trkpt>
      <trkpt lat="43.200550000" lon="-3.503820000">
        <ele>187.000</ele>
      </trkpt>
      <trkpt lat="43.200710000" lon="-3.503700000">
        <ele>187.000</ele>
      </trkpt>
      <trkpt lat="43.201030000" lon="-3.503570000">
        <ele>186.000</ele>
      </trkpt>
      <trkpt lat="43.201230000" lon="-3.503510000">
        <ele>186.000</ele>
      </trkpt>
      <trkpt lat="43.201500000" lon="-3.503420000">
        <ele>186.000</ele>
      </trkpt>
      <trkpt lat="43.201610000" lon="-3.503360000">
        <ele>186.000</ele>
      </trkpt>
      <trkpt lat="43.201660000" lon="-3.503290000">
        <ele>186.000</ele>
      </trkpt>
      <trkpt lat="43.201680000" lon="-3.503200000">
        <ele>186.000</ele>
      </trkpt>
      <trkpt lat="43.201650000" lon="-3.502840000">
        <ele>186.000</ele>
      </trkpt>
      <trkpt lat="43.201680000" lon="-3.502710000">
        <ele>186.000</ele>
      </trkpt>
      <trkpt lat="43.201730000" lon="-3.502660000">
        <ele>186.000</ele>
      </trkpt>
      <trkpt lat="43.202360000" lon="-3.502370000">
        <ele>187.000</ele>
      </trkpt>
      <trkpt lat="43.202550000" lon="-3.502240000">
        <ele>187.000</ele>
      </trkpt>
      <trkpt lat="43.202600000" lon="-3.502180000">
        <ele>188.000</ele>
      </trkpt>
      <trkpt lat="43.202690000" lon="-3.502050000">
        <ele>188.000</ele>
      </trkpt>
      <trkpt lat="43.202730000" lon="-3.501920000">
        <ele>189.000</ele>
      </trkpt>
      <trkpt lat="43.202800000" lon="-3.501660000">
        <ele>189.000</ele>
      </trkpt>
      <trkpt lat="43.202840000" lon="-3.501450000">
        <ele>190.000</ele>
      </trkpt>
      <trkpt lat="43.202870000" lon="-3.501170000">
        <ele>190.000</ele>
      </trkpt>
      <trkpt lat="43.202870000" lon="-3.500490000">
        <ele>191.000</ele>
      </trkpt>
      <trkpt lat="43.202770000" lon="-3.499870000">
        <ele>191.000</ele>
      </trkpt>
      <trkpt lat="43.202480000" lon="-3.498530000">
        <ele>191.000</ele>
      </trkpt>
      <trkpt lat="43.202440000" lon="-3.498280000">
        <ele>190.000</ele>
      </trkpt>
      <trkpt lat="43.202450000" lon="-3.497900000">
        <ele>190.000</ele>
      </trkpt>
      <trkpt lat="43.202560000" lon="-3.497300000">
        <ele>189.000</ele>
      </trkpt>
      <trkpt lat="43.202650000" lon="-3.497080000">
        <ele>188.000</ele>
      </trkpt>
      <trkpt lat="43.202740000" lon="-3.496950000">
        <ele>187.000</ele>
      </trkpt>
      <trkpt lat="43.202820000" lon="-3.496860000">
        <ele>186.000</ele>
      </trkpt>
      <trkpt lat="43.202930000" lon="-3.496820000">
        <ele>185.000</ele>
      </trkpt>
      <trkpt lat="43.203450000" lon="-3.496800000">
        <ele>184.000</ele>
      </trkpt>
      <trkpt lat="43.203570000" lon="-3.496740000">
        <ele>183.000</ele>
      </trkpt>
      <trkpt lat="43.203650000" lon="-3.496620000">
        <ele>183.000</ele>
      </trkpt>
      <trkpt lat="43.203720000" lon="-3.496400000">
        <ele>183.000</ele>
      </trkpt>
      <trkpt lat="43.203830000" lon="-3.495850000">
        <ele>184.000</ele>
      </trkpt>
      <trkpt lat="43.203920000" lon="-3.494990000">
        <ele>185.000</ele>
      </trkpt>
      <trkpt lat="43.203970000" lon="-3.494800000">
        <ele>187.000</ele>
      </trkpt>
      <trkpt lat="43.204570000" lon="-3.493390000">
        <ele>189.000</ele>
      </trkpt>
      <trkpt lat="43.204740000" lon="-3.492930000">
        <ele>192.000</ele>
      </trkpt>
      <trkpt lat="43.204770000" lon="-3.492720000">
        <ele>194.000</ele>
      </trkpt>
      <trkpt lat="43.204760000" lon="-3.492630000">
        <ele>196.000</ele>
      </trkpt>
      <trkpt lat="43.204680000" lon="-3.492410000">
        <ele>197.000</ele>
      </trkpt>
      <trkpt lat="43.204320000" lon="-3.491870000">
        <ele>199.000</ele>
      </trkpt>
      <trkpt lat="43.203990000" lon="-3.491220000">
        <ele>202.000</ele>
      </trkpt>
      <trkpt lat="43.203910000" lon="-3.491000000">
        <ele>203.000</ele>
      </trkpt>
      <trkpt lat="43.203880000" lon="-3.490850000">
        <ele>204.000</ele>
      </trkpt>
      <trkpt lat="43.203900000" lon="-3.490460000">
        <ele>204.000</ele>
      </trkpt>
      <trkpt lat="43.203940000" lon="-3.490300000">
        <ele>204.000</ele>
      </trkpt>
      <trkpt lat="43.203970000" lon="-3.490070000">
        <ele>203.000</ele>
      </trkpt>
      <trkpt lat="43.204070000" lon="-3.489780000">
        <ele>202.000</ele>
      </trkpt>
      <trkpt lat="43.204230000" lon="-3.489470000">
        <ele>201.000</ele>
      </trkpt>
      <trkpt lat="43.204470000" lon="-3.489240000">
        <ele>200.000</ele>
      </trkpt>
      <trkpt lat="43.204660000" lon="-3.489160000">
        <ele>198.000</ele>
      </trkpt>
      <trkpt lat="43.205080000" lon="-3.489060000">
        <ele>197.000</ele>
      </trkpt>
      <trkpt lat="43.205170000" lon="-3.489010000">
        <ele>196.000</ele>
      </trkpt>
      <trkpt lat="43.205140000" lon="-3.488900000">
        <ele>196.000</ele>
      </trkpt>
      <trkpt lat="43.205120000" lon="-3.488810000">
        <ele>195.000</ele>
      </trkpt>
      <trkpt lat="43.205140000" lon="-3.488680000">
        <ele>195.000</ele>
      </trkpt>
      <trkpt lat="43.205350000" lon="-3.488380000">
        <ele>195.000</ele>
      </trkpt>
      <trkpt lat="43.205460000" lon="-3.488140000">
        <ele>194.000</ele>
      </trkpt>
      <trkpt lat="43.205510000" lon="-3.487920000">
        <ele>194.000</ele>
      </trkpt>
      <trkpt lat="43.205580000" lon="-3.487460000">
        <ele>194.000</ele>
      </trkpt>
      <trkpt lat="43.205630000" lon="-3.487200000">
        <ele>193.000</ele>
      </trkpt>
      <trkpt lat="43.205800000" lon="-3.486680000">
        <ele>194.000</ele>
      </trkpt>
      <trkpt lat="43.205930000" lon="-3.486360000">
        <ele>194.000</ele>
      </trkpt>
      <trkpt lat="43.206020000" lon="-3.486210000">
        <ele>195.000</ele>
      </trkpt>
      <trkpt lat="43.206240000" lon="-3.485910000">
        <ele>196.000</ele>
      </trkpt>
      <trkpt lat="43.206300000" lon="-3.485740000">
        <ele>196.000</ele>
      </trkpt>
      <trkpt lat="43.206310000" lon="-3.485600000">
        <ele>197.000</ele>
      </trkpt>
      <trkpt lat="43.206250000" lon="-3.485340000">
        <ele>198.000</ele>
      </trkpt>
      <trkpt lat="43.206130000" lon="-3.485170000">
        <ele>198.000</ele>
      </trkpt>
      <trkpt lat="43.205740000" lon="-3.484980000">
        <ele>199.000</ele>
      </trkpt>
      <trkpt lat="43.205410000" lon="-3.484680000">
        <ele>201.000</ele>
      </trkpt>
      <trkpt lat="43.205300000" lon="-3.484620000">
        <ele>203.000</ele>
      </trkpt>
      <trkpt lat="43.205230000" lon="-3.484610000">
        <ele>204.000</ele>
      </trkpt>
      <trkpt lat="43.205160000" lon="-3.484640000">
        <ele>206.000</ele>
      </trkpt>
      <trkpt lat="43.204840000" lon="-3.484810000">
        <ele>207.000</ele>
      </trkpt>
      <trkpt lat="43.204660000" lon="-3.484830000">
        <ele>209.000</ele>
      </trkpt>
      <trkpt lat="43.204390000" lon="-3.484760000">
        <ele>211.000</ele>
      </trkpt>
      <trkpt lat="43.204080000" lon="-3.484570000">
        <ele>214.000</ele>
      </trkpt>
      <trkpt lat="43.204010000" lon="-3.484550000">
        <ele>216.000</ele>
      </trkpt>
      <trkpt lat="43.203620000" lon="-3.484650000">
        <ele>218.000</ele>
      </trkpt>
      <trkpt lat="43.203170000" lon="-3.484550000">
        <ele>220.000</ele>
      </trkpt>
      <trkpt lat="43.202740000" lon="-3.484520000">
        <ele>223.000</ele>
      </trkpt>
      <trkpt lat="43.201810000" lon="-3.484340000">
        <ele>227.000</ele>
      </trkpt>
      <trkpt lat="43.201490000" lon="-3.484310000">
        <ele>230.000</ele>
      </trkpt>
      <trkpt lat="43.201350000" lon="-3.484360000">
        <ele>233.000</ele>
      </trkpt>
      <trkpt lat="43.201260000" lon="-3.484410000">
        <ele>235.000</ele>
      </trkpt>
      <trkpt lat="43.201010000" lon="-3.484710000">
        <ele>237.000</ele>
      </trkpt>
      <trkpt lat="43.200870000" lon="-3.484800000">
        <ele>238.000</ele>
      </trkpt>
      <trkpt lat="43.200800000" lon="-3.484810000">
        <ele>240.000</ele>
      </trkpt>
      <trkpt lat="43.200490000" lon="-3.484790000">
        <ele>241.000</ele>
      </trkpt>
      <trkpt lat="43.199640000" lon="-3.484610000">
        <ele>244.000</ele>
      </trkpt>
      <trkpt lat="43.199560000" lon="-3.484620000">
        <ele>246.000</ele>
      </trkpt>
      <trkpt lat="43.199500000" lon="-3.484650000">
        <ele>248.000</ele>
      </trkpt>
      <trkpt lat="43.199230000" lon="-3.484920000">
        <ele>249.000</ele>
      </trkpt>
      <trkpt lat="43.199110000" lon="-3.484980000">
        <ele>250.000</ele>
      </trkpt>
      <trkpt lat="43.199040000" lon="-3.484970000">
        <ele>251.000</ele>
      </trkpt>
      <trkpt lat="43.198930000" lon="-3.484910000">
        <ele>252.000</ele>
      </trkpt>
      <trkpt lat="43.198660000" lon="-3.484500000">
        <ele>252.000</ele>
      </trkpt>
      <trkpt lat="43.198580000" lon="-3.484430000">
        <ele>253.000</ele>
      </trkpt>
      <trkpt lat="43.198500000" lon="-3.484400000">
        <ele>253.000</ele>
      </trkpt>
      <trkpt lat="43.198390000" lon="-3.484390000">
        <ele>254.000</ele>
      </trkpt>
      <trkpt lat="43.198300000" lon="-3.484410000">
        <ele>254.000</ele>
      </trkpt>
      <trkpt lat="43.198220000" lon="-3.484450000">
        <ele>254.000</ele>
      </trkpt>
      <trkpt lat="43.198110000" lon="-3.484590000">
        <ele>255.000</ele>
      </trkpt>
      <trkpt lat="43.198030000" lon="-3.484730000">
        <ele>255.000</ele>
      </trkpt>
      <trkpt lat="43.198000000" lon="-3.484810000">
        <ele>256.000</ele>
      </trkpt>
      <trkpt lat="43.197960000" lon="-3.484980000">
        <ele>256.000</ele>
      </trkpt>
      <trkpt lat="43.197940000" lon="-3.485040000">
        <ele>257.000</ele>
      </trkpt>
      <trkpt lat="43.197860000" lon="-3.485140000">
        <ele>257.000</ele>
      </trkpt>
      <trkpt lat="43.197770000" lon="-3.485210000">
        <ele>258.000</ele>
      </trkpt>
      <trkpt lat="43.197690000" lon="-3.485250000">
        <ele>258.000</ele>
      </trkpt>
      <trkpt lat="43.197550000" lon="-3.485220000">
        <ele>259.000</ele>
      </trkpt>
      <trkpt lat="43.197460000" lon="-3.485170000">
        <ele>260.000</ele>
      </trkpt>
      <trkpt lat="43.197090000" lon="-3.484830000">
        <ele>261.000</ele>
      </trkpt>
      <trkpt lat="43.196500000" lon="-3.484330000">
        <ele>263.000</ele>
      </trkpt>
      <trkpt lat="43.196330000" lon="-3.484240000">
        <ele>264.000</ele>
      </trkpt>
      <trkpt lat="43.196160000" lon="-3.484200000">
        <ele>265.000</ele>
      </trkpt>
      <trkpt lat="43.195900000" lon="-3.484170000">
        <ele>266.000</ele>
      </trkpt>
      <trkpt lat="43.195570000" lon="-3.484180000">
        <ele>266.000</ele>
      </trkpt>
      <trkpt lat="43.195570000" lon="-3.484180000">
        <ele>265.000</ele>
      </trkpt>
      <trkpt lat="43.195410000" lon="-3.484190000">
        <ele>265.000</ele>
      </trkpt>
      <trkpt lat="43.194910000" lon="-3.484310000">
        <ele>265.000</ele>
      </trkpt>
      <trkpt lat="43.194650000" lon="-3.484340000">
        <ele>264.000</ele>
      </trkpt>
      <trkpt lat="43.194300000" lon="-3.484260000">
        <ele>264.000</ele>
      </trkpt>
      <trkpt lat="43.194070000" lon="-3.484250000">
        <ele>263.000</ele>
      </trkpt>
      <trkpt lat="43.193480000" lon="-3.484470000">
        <ele>261.000</ele>
      </trkpt>
      <trkpt lat="43.193320000" lon="-3.484520000">
        <ele>260.000</ele>
      </trkpt>
      <trkpt lat="43.193250000" lon="-3.484520000">
        <ele>259.000</ele>
      </trkpt>
      <trkpt lat="43.192730000" lon="-3.484380000">
        <ele>258.000</ele>
      </trkpt>
      <trkpt lat="43.192240000" lon="-3.484310000">
        <ele>258.000</ele>
      </trkpt>
      <trkpt lat="43.192080000" lon="-3.484280000">
        <ele>257.000</ele>
      </trkpt>
      <trkpt lat="43.191980000" lon="-3.484200000">
        <ele>257.000</ele>
      </trkpt>
      <trkpt lat="43.191850000" lon="-3.484020000">
        <ele>257.000</ele>
      </trkpt>
      <trkpt lat="43.191690000" lon="-3.483790000">
        <ele>257.000</ele>
      </trkpt>
      <trkpt lat="43.191590000" lon="-3.483690000">
        <ele>258.000</ele>
      </trkpt>
      <trkpt lat="43.191320000" lon="-3.483570000">
        <ele>258.000</ele>
      </trkpt>
      <trkpt lat="43.190990000" lon="-3.483270000">
        <ele>259.000</ele>
      </trkpt>
      <trkpt lat="43.190850000" lon="-3.483200000">
        <ele>259.000</ele>
      </trkpt>
      <trkpt lat="43.190200000" lon="-3.483030000">
        <ele>263.000</ele>
      </trkpt>
      <trkpt lat="43.189840000" lon="-3.482870000">
        <ele>266.000</ele>
      </trkpt>
      <trkpt lat="43.189530000" lon="-3.482770000">
        <ele>270.000</ele>
      </trkpt>
      <trkpt lat="43.189050000" lon="-3.482630000">
        <ele>274.000</ele>
      </trkpt>
      <trkpt lat="43.188850000" lon="-3.482630000">
        <ele>277.000</ele>
      </trkpt>
      <trkpt lat="43.188580000" lon="-3.482710000">
        <ele>280.000</ele>
      </trkpt>
      <trkpt lat="43.188290000" lon="-3.482880000">
        <ele>282.000</ele>
      </trkpt>
      <trkpt lat="43.187910000" lon="-3.482940000">
        <ele>284.000</ele>
      </trkpt>
      <trkpt lat="43.187780000" lon="-3.482970000">
        <ele>286.000</ele>
      </trkpt>
      <trkpt lat="43.187710000" lon="-3.482970000">
        <ele>287.000</ele>
      </trkpt>
      <trkpt lat="43.187660000" lon="-3.482940000">
        <ele>288.000</ele>
      </trkpt>
      <trkpt lat="43.187640000" lon="-3.482880000">
        <ele>289.000</ele>
      </trkpt>
      <trkpt lat="43.187650000" lon="-3.482810000">
        <ele>290.000</ele>
      </trkpt>
      <trkpt lat="43.187670000" lon="-3.482750000">
        <ele>290.000</ele>
      </trkpt>
      <trkpt lat="43.187710000" lon="-3.482710000">
        <ele>291.000</ele>
      </trkpt>
      <trkpt lat="43.187780000" lon="-3.482690000">
        <ele>291.000</ele>
      </trkpt>
      <trkpt lat="43.188080000" lon="-3.482660000">
        <ele>292.000</ele>
      </trkpt>
      <trkpt lat="43.188200000" lon="-3.482610000">
        <ele>293.000</ele>
      </trkpt>
      <trkpt lat="43.188250000" lon="-3.482550000">
        <ele>294.000</ele>
      </trkpt>
      <trkpt lat="43.188290000" lon="-3.482460000">
        <ele>294.000</ele>
      </trkpt>
      <trkpt lat="43.188360000" lon="-3.482210000">
        <ele>295.000</ele>
      </trkpt>
      <trkpt lat="43.188400000" lon="-3.482150000">
        <ele>296.000</ele>
      </trkpt>
      <trkpt lat="43.188510000" lon="-3.482080000">
        <ele>297.000</ele>
      </trkpt>
      <trkpt lat="43.189390000" lon="-3.481950000">
        <ele>300.000</ele>
      </trkpt>
      <trkpt lat="43.189550000" lon="-3.481910000">
        <ele>303.000</ele>
      </trkpt>
      <trkpt lat="43.190130000" lon="-3.481700000">
        <ele>307.000</ele>
      </trkpt>
      <trkpt lat="43.190450000" lon="-3.481620000">
        <ele>310.000</ele>
      </trkpt>
      <trkpt lat="43.191070000" lon="-3.481560000">
        <ele>314.000</ele>
      </trkpt>
      <trkpt lat="43.191340000" lon="-3.481510000">
        <ele>318.000</ele>
      </trkpt>
      <trkpt lat="43.191450000" lon="-3.481480000">
        <ele>320.000</ele>
      </trkpt>
      <trkpt lat="43.191560000" lon="-3.481410000">
        <ele>323.000</ele>
      </trkpt>
      <trkpt lat="43.191750000" lon="-3.481140000">
        <ele>325.000</ele>
      </trkpt>
      <trkpt lat="43.191850000" lon="-3.481070000">
        <ele>327.000</ele>
      </trkpt>
      <trkpt lat="43.192390000" lon="-3.480930000">
        <ele>329.000</ele>
      </trkpt>
      <trkpt lat="43.192880000" lon="-3.480860000">
        <ele>332.000</ele>
      </trkpt>
      <trkpt lat="43.193120000" lon="-3.480780000">
        <ele>334.000</ele>
      </trkpt>
      <trkpt lat="43.193860000" lon="-3.480310000">
        <ele>337.000</ele>
      </trkpt>
      <trkpt lat="43.193960000" lon="-3.480220000">
        <ele>339.000</ele>
      </trkpt>
      <trkpt lat="43.194130000" lon="-3.480010000">
        <ele>341.000</ele>
      </trkpt>
      <trkpt lat="43.194200000" lon="-3.479880000">
        <ele>342.000</ele>
      </trkpt>
      <trkpt lat="43.194380000" lon="-3.479420000">
        <ele>344.000</ele>
      </trkpt>
      <trkpt lat="43.194480000" lon="-3.479250000">
        <ele>345.000</ele>
      </trkpt>
      <trkpt lat="43.194590000" lon="-3.479210000">
        <ele>346.000</ele>
      </trkpt>
      <trkpt lat="43.194660000" lon="-3.479210000">
        <ele>347.000</ele>
      </trkpt>
      <trkpt lat="43.194950000" lon="-3.479320000">
        <ele>348.000</ele>
      </trkpt>
      <trkpt lat="43.195140000" lon="-3.479360000">
        <ele>350.000</ele>
      </trkpt>
      <trkpt lat="43.195260000" lon="-3.479340000">
        <ele>351.000</ele>
      </trkpt>
      <trkpt lat="43.195400000" lon="-3.479300000">
        <ele>352.000</ele>
      </trkpt>
      <trkpt lat="43.195680000" lon="-3.479110000">
        <ele>355.000</ele>
      </trkpt>
      <trkpt lat="43.195830000" lon="-3.478980000">
        <ele>358.000</ele>
      </trkpt>
      <trkpt lat="43.195920000" lon="-3.478860000">
        <ele>360.000</ele>
      </trkpt>
      <trkpt lat="43.196150000" lon="-3.478500000">
        <ele>364.000</ele>
      </trkpt>
      <trkpt lat="43.196440000" lon="-3.478220000">
        <ele>368.000</ele>
      </trkpt>
      <trkpt lat="43.196610000" lon="-3.477980000">
        <ele>373.000</ele>
      </trkpt>
      <trkpt lat="43.196710000" lon="-3.477880000">
        <ele>376.000</ele>
      </trkpt>
      <trkpt lat="43.196770000" lon="-3.477850000">
        <ele>379.000</ele>
      </trkpt>
      <trkpt lat="43.196850000" lon="-3.477840000">
        <ele>380.000</ele>
      </trkpt>
      <trkpt lat="43.197060000" lon="-3.477840000">
        <ele>382.000</ele>
      </trkpt>
      <trkpt lat="43.197220000" lon="-3.477800000">
        <ele>383.000</ele>
      </trkpt>
      <trkpt lat="43.197500000" lon="-3.477530000">
        <ele>384.000</ele>
      </trkpt>
      <trkpt lat="43.197560000" lon="-3.477500000">
        <ele>384.000</ele>
      </trkpt>
      <trkpt lat="43.197640000" lon="-3.477480000">
        <ele>385.000</ele>
      </trkpt>
      <trkpt lat="43.198200000" lon="-3.477430000">
        <ele>385.000</ele>
      </trkpt>
      <trkpt lat="43.198290000" lon="-3.477390000">
        <ele>386.000</ele>
      </trkpt>
      <trkpt lat="43.198460000" lon="-3.477260000">
        <ele>386.000</ele>
      </trkpt>
      <trkpt lat="43.198710000" lon="-3.476930000">
        <ele>387.000</ele>
      </trkpt>
      <trkpt lat="43.198820000" lon="-3.476840000">
        <ele>388.000</ele>
      </trkpt>
      <trkpt lat="43.198930000" lon="-3.476780000">
        <ele>388.000</ele>
      </trkpt>
      <trkpt lat="43.199060000" lon="-3.476750000">
        <ele>388.000</ele>
      </trkpt>
      <trkpt lat="43.199780000" lon="-3.476640000">
        <ele>389.000</ele>
      </trkpt>
      <trkpt lat="43.199860000" lon="-3.476590000">
        <ele>389.000</ele>
      </trkpt>
      <trkpt lat="43.199890000" lon="-3.476500000">
        <ele>390.000</ele>
      </trkpt>
      <trkpt lat="43.199880000" lon="-3.476430000">
        <ele>390.000</ele>
      </trkpt>
      <trkpt lat="43.199840000" lon="-3.476380000">
        <ele>390.000</ele>
      </trkpt>
      <trkpt lat="43.199530000" lon="-3.476200000">
        <ele>391.000</ele>
      </trkpt>
      <trkpt lat="43.198270000" lon="-3.475720000">
        <ele>396.000</ele>
      </trkpt>
      <trkpt lat="43.196940000" lon="-3.475030000">
        <ele>405.000</ele>
      </trkpt>
      <trkpt lat="43.196670000" lon="-3.474830000">
        <ele>411.000</ele>
      </trkpt>
      <trkpt lat="43.196380000" lon="-3.474520000">
        <ele>416.000</ele>
      </trkpt>
      <trkpt lat="43.195920000" lon="-3.473870000">
        <ele>419.000</ele>
      </trkpt>
      <trkpt lat="43.195710000" lon="-3.473520000">
        <ele>421.000</ele>
      </trkpt>
      <trkpt lat="43.195620000" lon="-3.473450000">
        <ele>422.000</ele>
      </trkpt>
      <trkpt lat="43.195480000" lon="-3.473460000">
        <ele>423.000</ele>
      </trkpt>
      <trkpt lat="43.195170000" lon="-3.473540000">
        <ele>425.000</ele>
      </trkpt>
      <trkpt lat="43.194970000" lon="-3.473510000">
        <ele>427.000</ele>
      </trkpt>
      <trkpt lat="43.194860000" lon="-3.473470000">
        <ele>429.000</ele>
      </trkpt>
      <trkpt lat="43.194670000" lon="-3.473320000">
        <ele>431.000</ele>
      </trkpt>
      <trkpt lat="43.194570000" lon="-3.473210000">
        <ele>433.000</ele>
      </trkpt>
      <trkpt lat="43.194390000" lon="-3.472930000">
        <ele>435.000</ele>
      </trkpt>
      <trkpt lat="43.194290000" lon="-3.472810000">
        <ele>437.000</ele>
      </trkpt>
      <trkpt lat="43.194190000" lon="-3.472740000">
        <ele>438.000</ele>
      </trkpt>
      <trkpt lat="43.193980000" lon="-3.472680000">
        <ele>440.000</ele>
      </trkpt>
      <trkpt lat="43.193850000" lon="-3.472610000">
        <ele>442.000</ele>
      </trkpt>
      <trkpt lat="43.193710000" lon="-3.472480000">
        <ele>444.000</ele>
      </trkpt>
      <trkpt lat="43.193450000" lon="-3.472140000">
        <ele>446.000</ele>
      </trkpt>
      <trkpt lat="43.193360000" lon="-3.472080000">
        <ele>447.000</ele>
      </trkpt>
      <trkpt lat="43.193230000" lon="-3.472050000">
        <ele>448.000</ele>
      </trkpt>
      <trkpt lat="43.193140000" lon="-3.472070000">
        <ele>450.000</ele>
      </trkpt>
      <trkpt lat="43.192120000" lon="-3.472270000">
        <ele>453.000</ele>
      </trkpt>
      <trkpt lat="43.191770000" lon="-3.472380000">
        <ele>455.000</ele>
      </trkpt>
      <trkpt lat="43.191630000" lon="-3.472390000">
        <ele>457.000</ele>
      </trkpt>
      <trkpt lat="43.191520000" lon="-3.472340000">
        <ele>459.000</ele>
      </trkpt>
      <trkpt lat="43.191450000" lon="-3.472270000">
        <ele>460.000</ele>
      </trkpt>
      <trkpt lat="43.191070000" lon="-3.471760000">
        <ele>461.000</ele>
      </trkpt>
      <trkpt lat="43.190820000" lon="-3.471510000">
        <ele>462.000</ele>
      </trkpt>
      <trkpt lat="43.190680000" lon="-3.471400000">
        <ele>463.000</ele>
      </trkpt>
      <trkpt lat="43.190580000" lon="-3.471350000">
        <ele>463.000</ele>
      </trkpt>
      <trkpt lat="43.190340000" lon="-3.471280000">
        <ele>464.000</ele>
      </trkpt>
      <trkpt lat="43.190130000" lon="-3.471240000">
        <ele>465.000</ele>
      </trkpt>
      <trkpt lat="43.190010000" lon="-3.471140000">
        <ele>466.000</ele>
      </trkpt>
      <trkpt lat="43.189930000" lon="-3.471040000">
        <ele>467.000</ele>
      </trkpt>
      <trkpt lat="43.189840000" lon="-3.471000000">
        <ele>468.000</ele>
      </trkpt>
      <trkpt lat="43.189770000" lon="-3.471030000">
        <ele>469.000</ele>
      </trkpt>
      <trkpt lat="43.189750000" lon="-3.471070000">
        <ele>469.000</ele>
      </trkpt>
      <trkpt lat="43.189750000" lon="-3.471170000">
        <ele>470.000</ele>
      </trkpt>
      <trkpt lat="43.189770000" lon="-3.471210000">
        <ele>470.000</ele>
      </trkpt>
      <trkpt lat="43.189840000" lon="-3.471270000">
        <ele>471.000</ele>
      </trkpt>
      <trkpt lat="43.190020000" lon="-3.471340000">
        <ele>471.000</ele>
      </trkpt>
      <trkpt lat="43.190220000" lon="-3.471490000">
        <ele>472.000</ele>
      </trkpt>
      <trkpt lat="43.190460000" lon="-3.471600000">
        <ele>473.000</ele>
      </trkpt>
      <trkpt lat="43.190580000" lon="-3.471690000">
        <ele>474.000</ele>
      </trkpt>
      <trkpt lat="43.190700000" lon="-3.471880000">
        <ele>476.000</ele>
      </trkpt>
      <trkpt lat="43.190870000" lon="-3.472220000">
        <ele>477.000</ele>
      </trkpt>
      <trkpt lat="43.191060000" lon="-3.472550000">
        <ele>479.000</ele>
      </trkpt>
      <trkpt lat="43.191190000" lon="-3.472730000">
        <ele>480.000</ele>
      </trkpt>
      <trkpt lat="43.191400000" lon="-3.472980000">
        <ele>482.000</ele>
      </trkpt>
      <trkpt lat="43.191510000" lon="-3.473050000">
        <ele>483.000</ele>
      </trkpt>
      <trkpt lat="43.192010000" lon="-3.473100000">
        <ele>485.000</ele>
      </trkpt>
      <trkpt lat="43.192170000" lon="-3.473160000">
        <ele>487.000</ele>
      </trkpt>
      <trkpt lat="43.193430000" lon="-3.474050000">
        <ele>489.000</ele>
      </trkpt>
      <trkpt lat="43.193500000" lon="-3.474160000">
        <ele>490.000</ele>
      </trkpt>
      <trkpt lat="43.193530000" lon="-3.474270000">
        <ele>491.000</ele>
      </trkpt>
      <trkpt lat="43.193530000" lon="-3.474400000">
        <ele>492.000</ele>
      </trkpt>
      <trkpt lat="43.193470000" lon="-3.474540000">
        <ele>493.000</ele>
      </trkpt>
      <trkpt lat="43.193430000" lon="-3.474590000">
        <ele>494.000</ele>
      </trkpt>
      <trkpt lat="43.193050000" lon="-3.474910000">
        <ele>495.000</ele>
      </trkpt>
      <trkpt lat="43.192710000" lon="-3.475060000">
        <ele>498.000</ele>
      </trkpt>
      <trkpt lat="43.192030000" lon="-3.475280000">
        <ele>502.000</ele>
      </trkpt>
      <trkpt lat="43.191970000" lon="-3.475280000">
        <ele>504.000</ele>
      </trkpt>
      <trkpt lat="43.191910000" lon="-3.475270000">
        <ele>506.000</ele>
      </trkpt>
      <trkpt lat="43.191480000" lon="-3.475010000">
        <ele>509.000</ele>
      </trkpt>
      <trkpt lat="43.191270000" lon="-3.474950000">
        <ele>511.000</ele>
      </trkpt>
      <trkpt lat="43.190260000" lon="-3.474770000">
        <ele>513.000</ele>
      </trkpt>
      <trkpt lat="43.190010000" lon="-3.474660000">
        <ele>515.000</ele>
      </trkpt>
      <trkpt lat="43.189750000" lon="-3.474410000">
        <ele>517.000</ele>
      </trkpt>
      <trkpt lat="43.189660000" lon="-3.474380000">
        <ele>518.000</ele>
      </trkpt>
      <trkpt lat="43.189460000" lon="-3.474440000">
        <ele>518.000</ele>
      </trkpt>
      <trkpt lat="43.189260000" lon="-3.474530000">
        <ele>519.000</ele>
      </trkpt>
      <trkpt lat="43.189140000" lon="-3.474530000">
        <ele>520.000</ele>
      </trkpt>
      <trkpt lat="43.188990000" lon="-3.474510000">
        <ele>520.000</ele>
      </trkpt>
      <trkpt lat="43.188510000" lon="-3.474420000">
        <ele>521.000</ele>
      </trkpt>
      <trkpt lat="43.188380000" lon="-3.474430000">
        <ele>521.000</ele>
      </trkpt>
      <trkpt lat="43.188140000" lon="-3.474520000">
        <ele>522.000</ele>
      </trkpt>
      <trkpt lat="43.188060000" lon="-3.474540000">
        <ele>522.000</ele>
      </trkpt>
      <trkpt lat="43.187970000" lon="-3.474550000">
        <ele>523.000</ele>
      </trkpt>
      <trkpt lat="43.187690000" lon="-3.474520000">
        <ele>523.000</ele>
      </trkpt>
      <trkpt lat="43.187310000" lon="-3.474420000">
        <ele>523.000</ele>
      </trkpt>
      <trkpt lat="43.187160000" lon="-3.474350000">
        <ele>524.000</ele>
      </trkpt>
      <trkpt lat="43.186720000" lon="-3.474070000">
        <ele>524.000</ele>
      </trkpt>
      <trkpt lat="43.185920000" lon="-3.473580000">
        <ele>524.000</ele>
      </trkpt>
      <trkpt lat="43.185700000" lon="-3.473460000">
        <ele>525.000</ele>
      </trkpt>
      <trkpt lat="43.185490000" lon="-3.473390000">
        <ele>526.000</ele>
      </trkpt>
      <trkpt lat="43.185170000" lon="-3.473310000">
        <ele>527.000</ele>
      </trkpt>
      <trkpt lat="43.185010000" lon="-3.473200000">
        <ele>528.000</ele>
      </trkpt>
      <trkpt lat="43.184950000" lon="-3.473100000">
        <ele>529.000</ele>
      </trkpt>
      <trkpt lat="43.184870000" lon="-3.472920000">
        <ele>530.000</ele>
      </trkpt>
      <trkpt lat="43.184690000" lon="-3.472220000">
        <ele>532.000</ele>
      </trkpt>
      <trkpt lat="43.184620000" lon="-3.472010000">
        <ele>533.000</ele>
      </trkpt>
      <trkpt lat="43.184460000" lon="-3.471660000">
        <ele>535.000</ele>
      </trkpt>
      <trkpt lat="43.184200000" lon="-3.471180000">
        <ele>537.000</ele>
      </trkpt>
      <trkpt lat="43.184170000" lon="-3.471070000">
        <ele>538.000</ele>
      </trkpt>
      <trkpt lat="43.184090000" lon="-3.470690000">
        <ele>539.000</ele>
      </trkpt>
      <trkpt lat="43.184010000" lon="-3.470430000">
        <ele>541.000</ele>
      </trkpt>
      <trkpt lat="43.183770000" lon="-3.469990000">
        <ele>542.000</ele>
      </trkpt>
      <trkpt lat="43.183690000" lon="-3.469870000">
        <ele>543.000</ele>
      </trkpt>
      <trkpt lat="43.183560000" lon="-3.469740000">
        <ele>544.000</ele>
      </trkpt>
      <trkpt lat="43.183410000" lon="-3.469660000">
        <ele>546.000</ele>
      </trkpt>
      <trkpt lat="43.183260000" lon="-3.469650000">
        <ele>547.000</ele>
      </trkpt>
      <trkpt lat="43.182870000" lon="-3.469660000">
        <ele>549.000</ele>
      </trkpt>
      <trkpt lat="43.182740000" lon="-3.469640000">
        <ele>551.000</ele>
      </trkpt>
      <trkpt lat="43.182460000" lon="-3.469540000">
        <ele>553.000</ele>
      </trkpt>
      <trkpt lat="43.182110000" lon="-3.469330000">
        <ele>556.000</ele>
      </trkpt>
      <trkpt lat="43.181630000" lon="-3.469010000">
        <ele>559.000</ele>
      </trkpt>
      <trkpt lat="43.181120000" lon="-3.468700000">
        <ele>563.000</ele>
      </trkpt>
      <trkpt lat="43.180570000" lon="-3.468420000">
        <ele>567.000</ele>
      </trkpt>
      <trkpt lat="43.180410000" lon="-3.468360000">
        <ele>570.000</ele>
      </trkpt>
      <trkpt lat="43.180170000" lon="-3.468310000">
        <ele>572.000</ele>
      </trkpt>
      <trkpt lat="43.180020000" lon="-3.468250000">
        <ele>575.000</ele>
      </trkpt>
      <trkpt lat="43.179850000" lon="-3.468100000">
        <ele>577.000</ele>
      </trkpt>
      <trkpt lat="43.179340000" lon="-3.467570000">
        <ele>580.000</ele>
      </trkpt>
      <trkpt lat="43.179200000" lon="-3.467450000">
        <ele>582.000</ele>
      </trkpt>
      <trkpt lat="43.179070000" lon="-3.467380000">
        <ele>584.000</ele>
      </trkpt>
      <trkpt lat="43.178870000" lon="-3.467300000">
        <ele>586.000</ele>
      </trkpt>
      <trkpt lat="43.178660000" lon="-3.467280000">
        <ele>588.000</ele>
      </trkpt>
      <trkpt lat="43.178320000" lon="-3.467360000">
        <ele>590.000</ele>
      </trkpt>
      <trkpt lat="43.178020000" lon="-3.467340000">
        <ele>593.000</ele>
      </trkpt>
      <trkpt lat="43.177660000" lon="-3.467400000">
        <ele>595.000</ele>
      </trkpt>
      <trkpt lat="43.177500000" lon="-3.467360000">
        <ele>597.000</ele>
      </trkpt>
      <trkpt lat="43.177420000" lon="-3.467310000">
        <ele>598.000</ele>
      </trkpt>
      <trkpt lat="43.176780000" lon="-3.466880000">
        <ele>600.000</ele>
      </trkpt>
      <trkpt lat="43.176650000" lon="-3.466780000">
        <ele>602.000</ele>
      </trkpt>
      <trkpt lat="43.175770000" lon="-3.465790000">
        <ele>605.000</ele>
      </trkpt>
      <trkpt lat="43.175480000" lon="-3.465260000">
        <ele>607.000</ele>
      </trkpt>
      <trkpt lat="43.175240000" lon="-3.465010000">
        <ele>609.000</ele>
      </trkpt>
      <trkpt lat="43.175150000" lon="-3.464940000">
        <ele>611.000</ele>
      </trkpt>
      <trkpt lat="43.174910000" lon="-3.464830000">
        <ele>612.000</ele>
      </trkpt>
      <trkpt lat="43.174640000" lon="-3.464800000">
        <ele>614.000</ele>
      </trkpt>
      <trkpt lat="43.174270000" lon="-3.464810000">
        <ele>615.000</ele>
      </trkpt>
      <trkpt lat="43.173700000" lon="-3.464830000">
        <ele>617.000</ele>
      </trkpt>
      <trkpt lat="43.173550000" lon="-3.464790000">
        <ele>619.000</ele>
      </trkpt>
      <trkpt lat="43.173410000" lon="-3.464690000">
        <ele>621.000</ele>
      </trkpt>
      <trkpt lat="43.173320000" lon="-3.464610000">
        <ele>622.000</ele>
      </trkpt>
      <trkpt lat="43.173130000" lon="-3.464350000">
        <ele>624.000</ele>
      </trkpt>
      <trkpt lat="43.173000000" lon="-3.464230000">
        <ele>626.000</ele>
      </trkpt>
      <trkpt lat="43.172920000" lon="-3.464190000">
        <ele>628.000</ele>
      </trkpt>
      <trkpt lat="43.172520000" lon="-3.464130000">
        <ele>631.000</ele>
      </trkpt>
      <trkpt lat="43.172070000" lon="-3.464090000">
        <ele>634.000</ele>
      </trkpt>
      <trkpt lat="43.171820000" lon="-3.464120000">
        <ele>638.000</ele>
      </trkpt>
      <trkpt lat="43.171710000" lon="-3.464100000">
        <ele>640.000</ele>
      </trkpt>
      <trkpt lat="43.171630000" lon="-3.464140000">
        <ele>642.000</ele>
      </trkpt>
      <trkpt lat="43.171610000" lon="-3.464190000">
        <ele>644.000</ele>
      </trkpt>
      <trkpt lat="43.171620000" lon="-3.464260000">
        <ele>645.000</ele>
      </trkpt>
      <trkpt lat="43.171640000" lon="-3.464320000">
        <ele>646.000</ele>
      </trkpt>
      <trkpt lat="43.171680000" lon="-3.464350000">
        <ele>646.000</ele>
      </trkpt>
      <trkpt lat="43.172010000" lon="-3.464360000">
        <ele>648.000</ele>
      </trkpt>
      <trkpt lat="43.172190000" lon="-3.464430000">
        <ele>649.000</ele>
      </trkpt>
      <trkpt lat="43.172470000" lon="-3.464690000">
        <ele>651.000</ele>
      </trkpt>
      <trkpt lat="43.172600000" lon="-3.464860000">
        <ele>653.000</ele>
      </trkpt>
      <trkpt lat="43.172690000" lon="-3.465040000">
        <ele>654.000</ele>
      </trkpt>
      <trkpt lat="43.172850000" lon="-3.465630000">
        <ele>657.000</ele>
      </trkpt>
      <trkpt lat="43.173040000" lon="-3.466060000">
        <ele>659.000</ele>
      </trkpt>
      <trkpt lat="43.173040000" lon="-3.466160000">
        <ele>661.000</ele>
      </trkpt>
      <trkpt lat="43.173030000" lon="-3.466210000">
        <ele>662.000</ele>
      </trkpt>
      <trkpt lat="43.172950000" lon="-3.466250000">
        <ele>663.000</ele>
      </trkpt>
      <trkpt lat="43.172890000" lon="-3.466220000">
        <ele>664.000</ele>
      </trkpt>
      <trkpt lat="43.172860000" lon="-3.466170000">
        <ele>665.000</ele>
      </trkpt>
      <trkpt lat="43.172720000" lon="-3.465770000">
        <ele>666.000</ele>
      </trkpt>
      <trkpt lat="43.172600000" lon="-3.465520000">
        <ele>667.000</ele>
      </trkpt>
      <trkpt lat="43.172440000" lon="-3.465300000">
        <ele>668.000</ele>
      </trkpt>
      <trkpt lat="43.172310000" lon="-3.465190000">
        <ele>670.000</ele>
      </trkpt>
      <trkpt lat="43.172200000" lon="-3.465150000">
        <ele>671.000</ele>
      </trkpt>
      <trkpt lat="43.171950000" lon="-3.465180000">
        <ele>672.000</ele>
      </trkpt>
      <trkpt lat="43.171760000" lon="-3.465150000">
        <ele>673.000</ele>
      </trkpt>
      <trkpt lat="43.171660000" lon="-3.465100000">
        <ele>674.000</ele>
      </trkpt>
      <trkpt lat="43.171100000" lon="-3.464710000">
        <ele>676.000</ele>
      </trkpt>
      <trkpt lat="43.170650000" lon="-3.464370000">
        <ele>678.000</ele>
      </trkpt>
      <trkpt lat="43.170240000" lon="-3.464200000">
        <ele>681.000</ele>
      </trkpt>
      <trkpt lat="43.169800000" lon="-3.463950000">
        <ele>683.000</ele>
      </trkpt>
      <trkpt lat="43.169380000" lon="-3.463810000">
        <ele>686.000</ele>
      </trkpt>
      <trkpt lat="43.169180000" lon="-3.463770000">
        <ele>687.000</ele>
      </trkpt>
      <trkpt lat="43.168710000" lon="-3.463830000">
        <ele>690.000</ele>
      </trkpt>
      <trkpt lat="43.168380000" lon="-3.463760000">
        <ele>692.000</ele>
      </trkpt>
      <trkpt lat="43.167410000" lon="-3.463750000">
        <ele>696.000</ele>
      </trkpt>
      <trkpt lat="43.167200000" lon="-3.463730000">
        <ele>699.000</ele>
      </trkpt>
      <trkpt lat="43.166740000" lon="-3.463610000">
        <ele>703.000</ele>
      </trkpt>
      <trkpt lat="43.166600000" lon="-3.463530000">
        <ele>706.000</ele>
      </trkpt>
      <trkpt lat="43.166560000" lon="-3.463480000">
        <ele>708.000</ele>
      </trkpt>
      <trkpt lat="43.166490000" lon="-3.463340000">
        <ele>710.000</ele>
      </trkpt>
      <trkpt lat="43.166480000" lon="-3.463280000">
        <ele>711.000</ele>
      </trkpt>
      <trkpt lat="43.166490000" lon="-3.463140000">
        <ele>712.000</ele>
      </trkpt>
      <trkpt lat="43.166510000" lon="-3.463050000">
        <ele>712.000</ele>
      </trkpt>
      <trkpt lat="43.166800000" lon="-3.462380000">
        <ele>713.000</ele>
      </trkpt>
      <trkpt lat="43.166980000" lon="-3.461810000">
        <ele>714.000</ele>
      </trkpt>
      <trkpt lat="43.167160000" lon="-3.461070000">
        <ele>715.000</ele>
      </trkpt>
      <trkpt lat="43.167190000" lon="-3.460850000">
        <ele>716.000</ele>
      </trkpt>
      <trkpt lat="43.167210000" lon="-3.460570000">
        <ele>717.000</ele>
      </trkpt>
      <trkpt lat="43.167140000" lon="-3.459900000">
        <ele>719.000</ele>
      </trkpt>
      <trkpt lat="43.167100000" lon="-3.459710000">
        <ele>720.000</ele>
      </trkpt>
      <trkpt lat="43.166970000" lon="-3.459310000">
        <ele>722.000</ele>
      </trkpt>
      <trkpt lat="43.166900000" lon="-3.459140000">
        <ele>724.000</ele>
      </trkpt>
      <trkpt lat="43.166820000" lon="-3.459020000">
        <ele>725.000</ele>
      </trkpt>
      <trkpt lat="43.166580000" lon="-3.458750000">
        <ele>726.000</ele>
      </trkpt>
      <trkpt lat="43.166500000" lon="-3.458650000">
        <ele>728.000</ele>
      </trkpt>
      <trkpt lat="43.166420000" lon="-3.458430000">
        <ele>729.000</ele>
      </trkpt>
      <trkpt lat="43.166340000" lon="-3.458070000">
        <ele>730.000</ele>
      </trkpt>
      <trkpt lat="43.166320000" lon="-3.458030000">
        <ele>731.000</ele>
      </trkpt>
      <trkpt lat="43.166230000" lon="-3.458010000">
        <ele>731.000</ele>
      </trkpt>
      <trkpt lat="43.166200000" lon="-3.458010000">
        <ele>732.000</ele>
      </trkpt>
      <trkpt lat="43.166140000" lon="-3.458030000">
        <ele>732.000</ele>
      </trkpt>
      <trkpt lat="43.166270000" lon="-3.458610000">
        <ele>733.000</ele>
      </trkpt>
      <trkpt lat="43.166290000" lon="-3.458780000">
        <ele>734.000</ele>
      </trkpt>
      <trkpt lat="43.166280000" lon="-3.458920000">
        <ele>734.000</ele>
      </trkpt>
      <trkpt lat="43.166260000" lon="-3.459020000">
        <ele>735.000</ele>
      </trkpt>
      <trkpt lat="43.166220000" lon="-3.459120000">
        <ele>736.000</ele>
      </trkpt>
      <trkpt lat="43.166160000" lon="-3.459210000">
        <ele>736.000</ele>
      </trkpt>
      <trkpt lat="43.166060000" lon="-3.459310000">
        <ele>737.000</ele>
      </trkpt>
      <trkpt lat="43.165790000" lon="-3.459470000">
        <ele>738.000</ele>
      </trkpt>
      <trkpt lat="43.165600000" lon="-3.459530000">
        <ele>739.000</ele>
      </trkpt>
      <trkpt lat="43.165420000" lon="-3.459560000">
        <ele>740.000</ele>
      </trkpt>
      <trkpt lat="43.165030000" lon="-3.459530000">
        <ele>741.000</ele>
      </trkpt>
      <trkpt lat="43.164610000" lon="-3.459450000">
        <ele>743.000</ele>
      </trkpt>
      <trkpt lat="43.164500000" lon="-3.459510000">
        <ele>745.000</ele>
      </trkpt>
      <trkpt lat="43.164430000" lon="-3.459660000">
        <ele>746.000</ele>
      </trkpt>
      <trkpt lat="43.164310000" lon="-3.460100000">
        <ele>748.000</ele>
      </trkpt>
      <trkpt lat="43.164150000" lon="-3.460530000">
        <ele>750.000</ele>
      </trkpt>
      <trkpt lat="43.163950000" lon="-3.460890000">
        <ele>753.000</ele>
      </trkpt>
      <trkpt lat="43.163810000" lon="-3.461050000">
        <ele>756.000</ele>
      </trkpt>
      <trkpt lat="43.163700000" lon="-3.461130000">
        <ele>758.000</ele>
      </trkpt>
      <trkpt lat="43.163600000" lon="-3.461170000">
        <ele>759.000</ele>
      </trkpt>
      <trkpt lat="43.163520000" lon="-3.461190000">
        <ele>761.000</ele>
      </trkpt>
      <trkpt lat="43.163360000" lon="-3.461200000">
        <ele>762.000</ele>
      </trkpt>
      <trkpt lat="43.163200000" lon="-3.461130000">
        <ele>764.000</ele>
      </trkpt>
      <trkpt lat="43.162460000" lon="-3.460440000">
        <ele>768.000</ele>
      </trkpt>
      <trkpt lat="43.162190000" lon="-3.460090000">
        <ele>772.000</ele>
      </trkpt>
      <trkpt lat="43.161890000" lon="-3.459670000">
        <ele>776.000</ele>
      </trkpt>
      <trkpt lat="43.161800000" lon="-3.459600000">
        <ele>779.000</ele>
      </trkpt>
      <trkpt lat="43.161500000" lon="-3.459480000">
        <ele>782.000</ele>
      </trkpt>
      <trkpt lat="43.161400000" lon="-3.459380000">
        <ele>785.000</ele>
      </trkpt>
      <trkpt lat="43.161250000" lon="-3.458800000">
        <ele>788.000</ele>
      </trkpt>
      <trkpt lat="43.161120000" lon="-3.458490000">
        <ele>791.000</ele>
      </trkpt>
      <trkpt lat="43.161120000" lon="-3.458490000">
        <ele>793.000</ele>
      </trkpt>
      <trkpt lat="43.161110000" lon="-3.458490000">
        <ele>794.000</ele>
      </trkpt>
      <trkpt lat="43.160410000" lon="-3.456910000">
        <ele>799.000</ele>
      </trkpt>
      <trkpt lat="43.160130000" lon="-3.456460000">
        <ele>803.000</ele>
      </trkpt>
      <trkpt lat="43.160050000" lon="-3.456290000">
        <ele>806.000</ele>
      </trkpt>
      <trkpt lat="43.159980000" lon="-3.456120000">
        <ele>808.000</ele>
      </trkpt>
      <trkpt lat="43.159930000" lon="-3.455930000">
        <ele>810.000</ele>
      </trkpt>
      <trkpt lat="43.159850000" lon="-3.455510000">
        <ele>812.000</ele>
      </trkpt>
      <trkpt lat="43.159770000" lon="-3.455270000">
        <ele>813.000</ele>
      </trkpt>
      <trkpt lat="43.159660000" lon="-3.455040000">
        <ele>814.000</ele>
      </trkpt>
      <trkpt lat="43.159590000" lon="-3.454930000">
        <ele>815.000</ele>
      </trkpt>
      <trkpt lat="43.159520000" lon="-3.454860000">
        <ele>816.000</ele>
      </trkpt>
      <trkpt lat="43.159430000" lon="-3.454800000">
        <ele>816.000</ele>
      </trkpt>
      <trkpt lat="43.159260000" lon="-3.454750000">
        <ele>817.000</ele>
      </trkpt>
      <trkpt lat="43.158870000" lon="-3.454800000">
        <ele>818.000</ele>
      </trkpt>
      <trkpt lat="43.158720000" lon="-3.454790000">
        <ele>819.000</ele>
      </trkpt>
      <trkpt lat="43.158580000" lon="-3.454730000">
        <ele>820.000</ele>
      </trkpt>
      <trkpt lat="43.158500000" lon="-3.454660000">
        <ele>822.000</ele>
      </trkpt>
      <trkpt lat="43.158000000" lon="-3.454150000">
        <ele>825.000</ele>
      </trkpt>
      <trkpt lat="43.157630000" lon="-3.453870000">
        <ele>829.000</ele>
      </trkpt>
      <trkpt lat="43.157490000" lon="-3.453740000">
        <ele>832.000</ele>
      </trkpt>
      <trkpt lat="43.157340000" lon="-3.453560000">
        <ele>835.000</ele>
      </trkpt>
      <trkpt lat="43.157110000" lon="-3.453230000">
        <ele>838.000</ele>
      </trkpt>
      <trkpt lat="43.157030000" lon="-3.453110000">
        <ele>840.000</ele>
      </trkpt>
      <trkpt lat="43.156980000" lon="-3.452980000">
        <ele>841.000</ele>
      </trkpt>
      <trkpt lat="43.156820000" lon="-3.452520000">
        <ele>843.000</ele>
      </trkpt>
      <trkpt lat="43.156760000" lon="-3.452420000">
        <ele>844.000</ele>
      </trkpt>
      <trkpt lat="43.156550000" lon="-3.452160000">
        <ele>845.000</ele>
      </trkpt>
      <trkpt lat="43.156470000" lon="-3.452040000">
        <ele>846.000</ele>
      </trkpt>
      <trkpt lat="43.156340000" lon="-3.451730000">
        <ele>847.000</ele>
      </trkpt>
      <trkpt lat="43.156150000" lon="-3.450960000">
        <ele>848.000</ele>
      </trkpt>
      <trkpt lat="43.156110000" lon="-3.450700000">
        <ele>850.000</ele>
      </trkpt>
      <trkpt lat="43.156060000" lon="-3.450100000">
        <ele>851.000</ele>
      </trkpt>
      <trkpt lat="43.155880000" lon="-3.449370000">
        <ele>853.000</ele>
      </trkpt>
      <trkpt lat="43.155760000" lon="-3.448550000">
        <ele>855.000</ele>
      </trkpt>
      <trkpt lat="43.155710000" lon="-3.448180000">
        <ele>857.000</ele>
      </trkpt>
      <trkpt lat="43.155630000" lon="-3.447910000">
        <ele>858.000</ele>
      </trkpt>
      <trkpt lat="43.155440000" lon="-3.447500000">
        <ele>860.000</ele>
      </trkpt>
      <trkpt lat="43.155260000" lon="-3.447280000">
        <ele>862.000</ele>
      </trkpt>
      <trkpt lat="43.154980000" lon="-3.447030000">
        <ele>864.000</ele>
      </trkpt>
      <trkpt lat="43.154860000" lon="-3.446850000">
        <ele>866.000</ele>
      </trkpt>
      <trkpt lat="43.154380000" lon="-3.445730000">
        <ele>869.000</ele>
      </trkpt>
      <trkpt lat="43.153940000" lon="-3.444980000">
        <ele>873.000</ele>
      </trkpt>
      <trkpt lat="43.153820000" lon="-3.444700000">
        <ele>876.000</ele>
      </trkpt>
      <trkpt lat="43.153690000" lon="-3.444270000">
        <ele>879.000</ele>
      </trkpt>
      <trkpt lat="43.153560000" lon="-3.444030000">
        <ele>881.000</ele>
      </trkpt>
      <trkpt lat="43.153490000" lon="-3.443800000">
        <ele>883.000</ele>
      </trkpt>
      <trkpt lat="43.153480000" lon="-3.443650000">
        <ele>885.000</ele>
      </trkpt>
      <trkpt lat="43.153530000" lon="-3.443200000">
        <ele>887.000</ele>
      </trkpt>
      <trkpt lat="43.153510000" lon="-3.442980000">
        <ele>888.000</ele>
      </trkpt>
      <trkpt lat="43.153470000" lon="-3.442800000">
        <ele>889.000</ele>
      </trkpt>
      <trkpt lat="43.153340000" lon="-3.442530000">
        <ele>890.000</ele>
      </trkpt>
      <trkpt lat="43.153280000" lon="-3.442030000">
        <ele>891.000</ele>
      </trkpt>
      <trkpt lat="43.153160000" lon="-3.441540000">
        <ele>892.000</ele>
      </trkpt>
      <trkpt lat="43.152940000" lon="-3.440940000">
        <ele>893.000</ele>
      </trkpt>
      <trkpt lat="43.152750000" lon="-3.440480000">
        <ele>894.000</ele>
      </trkpt>
      <trkpt lat="43.152610000" lon="-3.440080000">
        <ele>895.000</ele>
      </trkpt>
      <trkpt lat="43.152490000" lon="-3.439810000">
        <ele>897.000</ele>
      </trkpt>
      <trkpt lat="43.152440000" lon="-3.439740000">
        <ele>898.000</ele>
      </trkpt>
      <trkpt lat="43.152390000" lon="-3.439710000">
        <ele>899.000</ele>
      </trkpt>
      <trkpt lat="43.152330000" lon="-3.439720000">
        <ele>900.000</ele>
      </trkpt>
      <trkpt lat="43.152250000" lon="-3.439800000">
        <ele>901.000</ele>
      </trkpt>
      <trkpt lat="43.151950000" lon="-3.440680000">
        <ele>904.000</ele>
      </trkpt>
      <trkpt lat="43.151450000" lon="-3.441870000">
        <ele>908.000</ele>
      </trkpt>
      <trkpt lat="43.151280000" lon="-3.442150000">
        <ele>911.000</ele>
      </trkpt>
      <trkpt lat="43.150670000" lon="-3.442770000">
        <ele>913.000</ele>
      </trkpt>
      <trkpt lat="43.148380000" lon="-3.445000000">
        <ele>912.000</ele>
      </trkpt>
      <trkpt lat="43.146840000" lon="-3.446510000">
        <ele>909.000</ele>
      </trkpt>
      <trkpt lat="43.145630000" lon="-3.447710000">
        <ele>906.000</ele>
      </trkpt>
      <trkpt lat="43.145490000" lon="-3.447840000">
        <ele>904.000</ele>
      </trkpt>
      <trkpt lat="43.145360000" lon="-3.447960000">
        <ele>903.000</ele>
      </trkpt>
      <trkpt lat="43.145070000" lon="-3.448210000">
        <ele>902.000</ele>
      </trkpt>
      <trkpt lat="43.144670000" lon="-3.448550000">
        <ele>900.000</ele>
      </trkpt>
      <trkpt lat="43.143810000" lon="-3.449160000">
        <ele>898.000</ele>
      </trkpt>
      <trkpt lat="43.143380000" lon="-3.449470000">
        <ele>895.000</ele>
      </trkpt>
      <trkpt lat="43.143040000" lon="-3.449750000">
        <ele>893.000</ele>
      </trkpt>
      <trkpt lat="43.142950000" lon="-3.449820000">
        <ele>892.000</ele>
      </trkpt>
      <trkpt lat="43.142280000" lon="-3.450390000">
        <ele>889.000</ele>
      </trkpt>
      <trkpt lat="43.141350000" lon="-3.451370000">
        <ele>886.000</ele>
      </trkpt>
      <trkpt lat="43.141020000" lon="-3.451600000">
        <ele>884.000</ele>
      </trkpt>
      <trkpt lat="43.140900000" lon="-3.451650000">
        <ele>882.000</ele>
      </trkpt>
      <trkpt lat="43.137900000" lon="-3.452750000">
        <ele>876.000</ele>
      </trkpt>
      <trkpt lat="43.137160000" lon="-3.453050000">
        <ele>872.000</ele>
      </trkpt>
      <trkpt lat="43.136510000" lon="-3.453310000">
        <ele>869.000</ele>
      </trkpt>
      <trkpt lat="43.136410000" lon="-3.453360000">
        <ele>867.000</ele>
      </trkpt>
      <trkpt lat="43.136140000" lon="-3.453470000">
        <ele>866.000</ele>
      </trkpt>
      <trkpt lat="43.135750000" lon="-3.453680000">
        <ele>865.000</ele>
      </trkpt>
      <trkpt lat="43.135580000" lon="-3.453790000">
        <ele>864.000</ele>
      </trkpt>
      <trkpt lat="43.135410000" lon="-3.453930000">
        <ele>863.000</ele>
      </trkpt>
      <trkpt lat="43.135130000" lon="-3.454220000">
        <ele>862.000</ele>
      </trkpt>
      <trkpt lat="43.134150000" lon="-3.455150000">
        <ele>860.000</ele>
      </trkpt>
      <trkpt lat="43.134030000" lon="-3.455260000">
        <ele>858.000</ele>
      </trkpt>
      <trkpt lat="43.133760000" lon="-3.455470000">
        <ele>857.000</ele>
      </trkpt>
      <trkpt lat="43.133320000" lon="-3.455720000">
        <ele>855.000</ele>
      </trkpt>
      <trkpt lat="43.133110000" lon="-3.455820000">
        <ele>854.000</ele>
      </trkpt>
      <trkpt lat="43.132700000" lon="-3.455940000">
        <ele>853.000</ele>
      </trkpt>
      <trkpt lat="43.132270000" lon="-3.456030000">
        <ele>852.000</ele>
      </trkpt>
      <trkpt lat="43.131380000" lon="-3.456110000">
        <ele>851.000</ele>
      </trkpt>
      <trkpt lat="43.130160000" lon="-3.456110000">
        <ele>849.000</ele>
      </trkpt>
      <trkpt lat="43.129710000" lon="-3.456120000">
        <ele>848.000</ele>
      </trkpt>
      <trkpt lat="43.129260000" lon="-3.456220000">
        <ele>847.000</ele>
      </trkpt>
      <trkpt lat="43.128770000" lon="-3.456420000">
        <ele>846.000</ele>
      </trkpt>
      <trkpt lat="43.127250000" lon="-3.457160000">
        <ele>845.000</ele>
      </trkpt>
      <trkpt lat="43.126870000" lon="-3.457290000">
        <ele>844.000</ele>
      </trkpt>
      <trkpt lat="43.126570000" lon="-3.457350000">
        <ele>843.000</ele>
      </trkpt>
      <trkpt lat="43.125640000" lon="-3.457460000">
        <ele>842.000</ele>
      </trkpt>
      <trkpt lat="43.124450000" lon="-3.457510000">
        <ele>841.000</ele>
      </trkpt>
      <trkpt lat="43.124000000" lon="-3.457500000">
        <ele>840.000</ele>
      </trkpt>
      <trkpt lat="43.123560000" lon="-3.457440000">
        <ele>839.000</ele>
      </trkpt>
      <trkpt lat="43.123100000" lon="-3.457230000">
        <ele>838.000</ele>
      </trkpt>
      <trkpt lat="43.122690000" lon="-3.456960000">
        <ele>837.000</ele>
      </trkpt>
      <trkpt lat="43.122060000" lon="-3.456480000">
        <ele>835.000</ele>
      </trkpt>
      <trkpt lat="43.122060000" lon="-3.456480000">
        <ele>833.000</ele>
      </trkpt>
      <trkpt lat="43.121630000" lon="-3.456150000">
        <ele>832.000</ele>
      </trkpt>
      <trkpt lat="43.121310000" lon="-3.455940000">
        <ele>830.000</ele>
      </trkpt>
      <trkpt lat="43.121000000" lon="-3.455790000">
        <ele>828.000</ele>
      </trkpt>
      <trkpt lat="43.120650000" lon="-3.455690000">
        <ele>827.000</ele>
      </trkpt>
      <trkpt lat="43.120380000" lon="-3.455650000">
        <ele>825.000</ele>
      </trkpt>
      <trkpt lat="43.120110000" lon="-3.455650000">
        <ele>824.000</ele>
      </trkpt>
      <trkpt lat="43.119820000" lon="-3.455690000">
        <ele>823.000</ele>
      </trkpt>
      <trkpt lat="43.119440000" lon="-3.455790000">
        <ele>822.000</ele>
      </trkpt>
      <trkpt lat="43.119060000" lon="-3.455940000">
        <ele>821.000</ele>
      </trkpt>
      <trkpt lat="43.117940000" lon="-3.456490000">
        <ele>820.000</ele>
      </trkpt>
      <trkpt lat="43.117710000" lon="-3.456560000">
        <ele>820.000</ele>
      </trkpt>
      <trkpt lat="43.117270000" lon="-3.456570000">
        <ele>820.000</ele>
      </trkpt>
      <trkpt lat="43.117000000" lon="-3.456510000">
        <ele>820.000</ele>
      </trkpt>
      <trkpt lat="43.116750000" lon="-3.456390000">
        <ele>819.000</ele>
      </trkpt>
      <trkpt lat="43.116510000" lon="-3.456240000">
        <ele>818.000</ele>
      </trkpt>
      <trkpt lat="43.115820000" lon="-3.455680000">
        <ele>816.000</ele>
      </trkpt>
      <trkpt lat="43.115440000" lon="-3.455490000">
        <ele>814.000</ele>
      </trkpt>
      <trkpt lat="43.115130000" lon="-3.455400000">
        <ele>812.000</ele>
      </trkpt>
      <trkpt lat="43.114650000" lon="-3.455290000">
        <ele>810.000</ele>
      </trkpt>
      <trkpt lat="43.113670000" lon="-3.455110000">
        <ele>807.000</ele>
      </trkpt>
      <trkpt lat="43.113240000" lon="-3.455080000">
        <ele>804.000</ele>
      </trkpt>
      <trkpt lat="43.112860000" lon="-3.455100000">
        <ele>801.000</ele>
      </trkpt>
      <trkpt lat="43.112790000" lon="-3.455100000">
        <ele>800.000</ele>
      </trkpt>
      <trkpt lat="43.112410000" lon="-3.455180000">
        <ele>798.000</ele>
      </trkpt>
      <trkpt lat="43.112130000" lon="-3.455260000">
        <ele>797.000</ele>
      </trkpt>
      <trkpt lat="43.111870000" lon="-3.455360000">
        <ele>796.000</ele>
      </trkpt>
      <trkpt lat="43.111450000" lon="-3.455520000">
        <ele>795.000</ele>
      </trkpt>
      <trkpt lat="43.111320000" lon="-3.455570000">
        <ele>795.000</ele>
      </trkpt>
      <trkpt lat="43.110900000" lon="-3.455730000">
        <ele>794.000</ele>
      </trkpt>
      <trkpt lat="43.110630000" lon="-3.455860000">
        <ele>793.000</ele>
      </trkpt>
      <trkpt lat="43.110410000" lon="-3.455990000">
        <ele>793.000</ele>
      </trkpt>
      <trkpt lat="43.110190000" lon="-3.456180000">
        <ele>792.000</ele>
      </trkpt>
      <trkpt lat="43.109940000" lon="-3.456470000">
        <ele>792.000</ele>
      </trkpt>
      <trkpt lat="43.109800000" lon="-3.456700000">
        <ele>791.000</ele>
      </trkpt>
      <trkpt lat="43.109670000" lon="-3.456970000">
        <ele>791.000</ele>
      </trkpt>
      <trkpt lat="43.109580000" lon="-3.457200000">
        <ele>791.000</ele>
      </trkpt>
      <trkpt lat="43.109510000" lon="-3.457430000">
        <ele>790.000</ele>
      </trkpt>
      <trkpt lat="43.109410000" lon="-3.457850000">
        <ele>790.000</ele>
      </trkpt>
      <trkpt lat="43.109360000" lon="-3.458150000">
        <ele>790.000</ele>
      </trkpt>
      <trkpt lat="43.109270000" lon="-3.458480000">
        <ele>790.000</ele>
      </trkpt>
      <trkpt lat="43.109120000" lon="-3.458830000">
        <ele>789.000</ele>
      </trkpt>
      <trkpt lat="43.108890000" lon="-3.459200000">
        <ele>789.000</ele>
      </trkpt>
      <trkpt lat="43.108680000" lon="-3.459440000">
        <ele>789.000</ele>
      </trkpt>
      <trkpt lat="43.108400000" lon="-3.459660000">
        <ele>789.000</ele>
      </trkpt>
      <trkpt lat="43.107970000" lon="-3.459820000">
        <ele>789.000</ele>
      </trkpt>
      <trkpt lat="43.107870000" lon="-3.459850000">
        <ele>789.000</ele>
      </trkpt>
      <trkpt lat="43.107590000" lon="-3.459870000">
        <ele>790.000</ele>
      </trkpt>
      <trkpt lat="43.107000000" lon="-3.459750000">
        <ele>790.000</ele>
      </trkpt>
      <trkpt lat="43.106720000" lon="-3.459650000">
        <ele>790.000</ele>
      </trkpt>
      <trkpt lat="43.106420000" lon="-3.459500000">
        <ele>790.000</ele>
      </trkpt>
      <trkpt lat="43.105750000" lon="-3.459110000">
        <ele>789.000</ele>
      </trkpt>
      <trkpt lat="43.105510000" lon="-3.458920000">
        <ele>789.000</ele>
      </trkpt>
      <trkpt lat="43.105320000" lon="-3.458720000">
        <ele>788.000</ele>
      </trkpt>
      <trkpt lat="43.104900000" lon="-3.458150000">
        <ele>788.000</ele>
      </trkpt>
      <trkpt lat="43.104390000" lon="-3.457540000">
        <ele>786.000</ele>
      </trkpt>
      <trkpt lat="43.104190000" lon="-3.457370000">
        <ele>785.000</ele>
      </trkpt>
      <trkpt lat="43.102950000" lon="-3.456590000">
        <ele>783.000</ele>
      </trkpt>
      <trkpt lat="43.102590000" lon="-3.456300000">
        <ele>781.000</ele>
      </trkpt>
      <trkpt lat="43.102330000" lon="-3.456010000">
        <ele>779.000</ele>
      </trkpt>
      <trkpt lat="43.102080000" lon="-3.455620000">
        <ele>777.000</ele>
      </trkpt>
      <trkpt lat="43.101760000" lon="-3.455130000">
        <ele>775.000</ele>
      </trkpt>
      <trkpt lat="43.101680000" lon="-3.455050000">
        <ele>773.000</ele>
      </trkpt>
      <trkpt lat="43.101500000" lon="-3.454870000">
        <ele>772.000</ele>
      </trkpt>
      <trkpt lat="43.101170000" lon="-3.454640000">
        <ele>770.000</ele>
      </trkpt>
      <trkpt lat="43.099910000" lon="-3.453980000">
        <ele>768.000</ele>
      </trkpt>
      <trkpt lat="43.099200000" lon="-3.453620000">
        <ele>766.000</ele>
      </trkpt>
      <trkpt lat="43.098590000" lon="-3.453290000">
        <ele>764.000</ele>
      </trkpt>
      <trkpt lat="43.098520000" lon="-3.453260000">
        <ele>763.000</ele>
      </trkpt>
      <trkpt lat="43.097920000" lon="-3.452970000">
        <ele>761.000</ele>
      </trkpt>
      <trkpt lat="43.097720000" lon="-3.452930000">
        <ele>760.000</ele>
      </trkpt>
      <trkpt lat="43.097530000" lon="-3.452940000">
        <ele>760.000</ele>
      </trkpt>
      <trkpt lat="43.097290000" lon="-3.452980000">
        <ele>759.000</ele>
      </trkpt>
      <trkpt lat="43.096850000" lon="-3.453100000">
        <ele>758.000</ele>
      </trkpt>
      <trkpt lat="43.096060000" lon="-3.453320000">
        <ele>757.000</ele>
      </trkpt>
      <trkpt lat="43.093930000" lon="-3.453910000">
        <ele>755.000</ele>
      </trkpt>
      <trkpt lat="43.093620000" lon="-3.454000000">
        <ele>753.000</ele>
      </trkpt>
      <trkpt lat="43.093070000" lon="-3.454160000">
        <ele>752.000</ele>
      </trkpt>
      <trkpt lat="43.092460000" lon="-3.454320000">
        <ele>751.000</ele>
      </trkpt>
      <trkpt lat="43.092070000" lon="-3.454430000">
        <ele>750.000</ele>
      </trkpt>
      <trkpt lat="43.091740000" lon="-3.454500000">
        <ele>749.000</ele>
      </trkpt>
      <trkpt lat="43.091380000" lon="-3.454460000">
        <ele>748.000</ele>
      </trkpt>
      <trkpt lat="43.091240000" lon="-3.454420000">
        <ele>747.000</ele>
      </trkpt>
      <trkpt lat="43.090800000" lon="-3.454190000">
        <ele>746.000</ele>
      </trkpt>
      <trkpt lat="43.090420000" lon="-3.454010000">
        <ele>746.000</ele>
      </trkpt>
      <trkpt lat="43.090100000" lon="-3.453920000">
        <ele>745.000</ele>
      </trkpt>
      <trkpt lat="43.089960000" lon="-3.453900000">
        <ele>744.000</ele>
      </trkpt>
      <trkpt lat="43.089670000" lon="-3.453900000">
        <ele>744.000</ele>
      </trkpt>
      <trkpt lat="43.089140000" lon="-3.454020000">
        <ele>744.000</ele>
      </trkpt>
      <trkpt lat="43.088840000" lon="-3.454110000">
        <ele>743.000</ele>
      </trkpt>
      <trkpt lat="43.088370000" lon="-3.454240000">
        <ele>743.000</ele>
      </trkpt>
      <trkpt lat="43.088080000" lon="-3.454310000">
        <ele>742.000</ele>
      </trkpt>
      <trkpt lat="43.087250000" lon="-3.454510000">
        <ele>742.000</ele>
      </trkpt>
      <trkpt lat="43.087040000" lon="-3.454590000">
        <ele>741.000</ele>
      </trkpt>
      <trkpt lat="43.087040000" lon="-3.454590000">
        <ele>741.000</ele>
      </trkpt>
      <trkpt lat="43.087000000" lon="-3.454600000">
        <ele>741.000</ele>
      </trkpt>
      <trkpt lat="43.086790000" lon="-3.454750000">
        <ele>741.000</ele>
      </trkpt>
      <trkpt lat="43.086710000" lon="-3.454850000">
        <ele>740.000</ele>
      </trkpt>
      <trkpt lat="43.086560000" lon="-3.455090000">
        <ele>740.000</ele>
      </trkpt>
      <trkpt lat="43.086470000" lon="-3.455460000">
        <ele>740.000</ele>
      </trkpt>
      <trkpt lat="43.086440000" lon="-3.455830000">
        <ele>740.000</ele>
      </trkpt>
      <trkpt lat="43.086450000" lon="-3.455860000">
        <ele>740.000</ele>
      </trkpt>
      <trkpt lat="43.086460000" lon="-3.456030000">
        <ele>739.000</ele>
      </trkpt>
      <trkpt lat="43.086460000" lon="-3.456070000">
        <ele>739.000</ele>
      </trkpt>
      <trkpt lat="43.086490000" lon="-3.456310000">
        <ele>739.000</ele>
      </trkpt>
      <trkpt lat="43.086600000" lon="-3.456550000">
        <ele>739.000</ele>
      </trkpt>
      <trkpt lat="43.086650000" lon="-3.456660000">
        <ele>739.000</ele>
      </trkpt>
      <trkpt lat="43.086780000" lon="-3.456990000">
        <ele>739.000</ele>
      </trkpt>
      <trkpt lat="43.087340000" lon="-3.459280000">
        <ele>738.000</ele>
      </trkpt>
      <trkpt lat="43.087500000" lon="-3.459930000">
        <ele>738.000</ele>
      </trkpt>
      <trkpt lat="43.087610000" lon="-3.460370000">
        <ele>737.000</ele>
      </trkpt>
      <trkpt lat="43.087820000" lon="-3.461260000">
        <ele>737.000</ele>
      </trkpt>
      <trkpt lat="43.087930000" lon="-3.461720000">
        <ele>737.000</ele>
      </trkpt>
      <trkpt lat="43.088200000" lon="-3.462850000">
        <ele>738.000</ele>
      </trkpt>
      <trkpt lat="43.088270000" lon="-3.463050000">
        <ele>739.000</ele>
      </trkpt>
      <trkpt lat="43.088380000" lon="-3.463260000">
        <ele>739.000</ele>
      </trkpt>
      <trkpt lat="43.088550000" lon="-3.463570000">
        <ele>740.000</ele>
      </trkpt>
      <trkpt lat="43.088680000" lon="-3.463880000">
        <ele>740.000</ele>
      </trkpt>
      <trkpt lat="43.088750000" lon="-3.464180000">
        <ele>741.000</ele>
      </trkpt>
      <trkpt lat="43.088770000" lon="-3.464380000">
        <ele>741.000</ele>
      </trkpt>
      <trkpt lat="43.088780000" lon="-3.464800000">
        <ele>742.000</ele>
      </trkpt>
      <trkpt lat="43.088790000" lon="-3.465160000">
        <ele>742.000</ele>
      </trkpt>
      <trkpt lat="43.088880000" lon="-3.465620000">
        <ele>743.000</ele>
      </trkpt>
      <trkpt lat="43.089020000" lon="-3.466240000">
        <ele>744.000</ele>
      </trkpt>
      <trkpt lat="43.089150000" lon="-3.466740000">
        <ele>745.000</ele>
      </trkpt>
      <trkpt lat="43.089170000" lon="-3.466850000">
        <ele>746.000</ele>
      </trkpt>
      <trkpt lat="43.089360000" lon="-3.467610000">
        <ele>748.000</ele>
      </trkpt>
      <trkpt lat="43.089770000" lon="-3.469330000">
        <ele>750.000</ele>
      </trkpt>
      <trkpt lat="43.089800000" lon="-3.469450000">
        <ele>752.000</ele>
      </trkpt>
      <trkpt lat="43.091880000" lon="-3.478040000">
        <ele>764.000</ele>
      </trkpt>
      <trkpt lat="43.092070000" lon="-3.478830000">
        <ele>773.000</ele>
      </trkpt>
      <trkpt lat="43.092140000" lon="-3.479120000">
        <ele>778.000</ele>
      </trkpt>
      <trkpt lat="43.092150000" lon="-3.479210000">
        <ele>782.000</ele>
      </trkpt>
      <trkpt lat="43.092150000" lon="-3.479250000">
        <ele>785.000</ele>
      </trkpt>
      <trkpt lat="43.092120000" lon="-3.479360000">
        <ele>787.000</ele>
      </trkpt>
      <trkpt lat="43.092000000" lon="-3.479520000">
        <ele>788.000</ele>
      </trkpt>
      <trkpt lat="43.091790000" lon="-3.479730000">
        <ele>789.000</ele>
      </trkpt>
      <trkpt lat="43.091500000" lon="-3.480020000">
        <ele>790.000</ele>
      </trkpt>
      <trkpt lat="43.091320000" lon="-3.480160000">
        <ele>790.000</ele>
      </trkpt>
      <trkpt lat="43.091170000" lon="-3.480240000">
        <ele>790.000</ele>
      </trkpt>
      <trkpt lat="43.091020000" lon="-3.480240000">
        <ele>791.000</ele>
      </trkpt>
      <trkpt lat="43.090800000" lon="-3.480190000">
        <ele>790.000</ele>
      </trkpt>
      <trkpt lat="43.090230000" lon="-3.479970000">
        <ele>790.000</ele>
      </trkpt>
      <trkpt lat="43.089240000" lon="-3.479610000">
        <ele>789.000</ele>
      </trkpt>
      <trkpt lat="43.089090000" lon="-3.479600000">
        <ele>788.000</ele>
      </trkpt>
      <trkpt lat="43.088960000" lon="-3.479670000">
        <ele>787.000</ele>
      </trkpt>
      <trkpt lat="43.088340000" lon="-3.480420000">
        <ele>785.000</ele>
      </trkpt>
      <trkpt lat="43.088170000" lon="-3.480650000">
        <ele>782.000</ele>
      </trkpt>
      <trkpt lat="43.086940000" lon="-3.482800000">
        <ele>776.000</ele>
      </trkpt>
      <trkpt lat="43.086810000" lon="-3.483080000">
        <ele>771.000</ele>
      </trkpt>
      <trkpt lat="43.086760000" lon="-3.483240000">
        <ele>768.000</ele>
      </trkpt>
      <trkpt lat="43.086740000" lon="-3.483360000">
        <ele>766.000</ele>
      </trkpt>
      <trkpt lat="43.086750000" lon="-3.483470000">
        <ele>764.000</ele>
      </trkpt>
      <trkpt lat="43.086780000" lon="-3.483570000">
        <ele>763.000</ele>
      </trkpt>
      <trkpt lat="43.087220000" lon="-3.484110000">
        <ele>761.000</ele>
      </trkpt>
      <trkpt lat="43.087280000" lon="-3.484220000">
        <ele>760.000</ele>
      </trkpt>
      <trkpt lat="43.087310000" lon="-3.484340000">
        <ele>759.000</ele>
      </trkpt>
      <trkpt lat="43.087300000" lon="-3.484450000">
        <ele>758.000</ele>
      </trkpt>
      <trkpt lat="43.087260000" lon="-3.484600000">
        <ele>757.000</ele>
      </trkpt>
      <trkpt lat="43.086290000" lon="-3.487060000">
        <ele>753.000</ele>
      </trkpt>
      <trkpt lat="43.086190000" lon="-3.487390000">
        <ele>751.000</ele>
      </trkpt>
      <trkpt lat="43.086110000" lon="-3.487750000">
        <ele>749.000</ele>
      </trkpt>
      <trkpt lat="43.085720000" lon="-3.490030000">
        <ele>747.000</ele>
      </trkpt>
      <trkpt lat="43.085710000" lon="-3.490250000">
        <ele>746.000</ele>
      </trkpt>
      <trkpt lat="43.085790000" lon="-3.490940000">
        <ele>745.000</ele>
      </trkpt>
      <trkpt lat="43.085770000" lon="-3.491070000">
        <ele>744.000</ele>
      </trkpt>
      <trkpt lat="43.085730000" lon="-3.491170000">
        <ele>744.000</ele>
      </trkpt>
      <trkpt lat="43.085670000" lon="-3.491230000">
        <ele>743.000</ele>
      </trkpt>
      <trkpt lat="43.085480000" lon="-3.491300000">
        <ele>743.000</ele>
      </trkpt>
      <trkpt lat="43.085420000" lon="-3.491350000">
        <ele>743.000</ele>
      </trkpt>
      <trkpt lat="43.085370000" lon="-3.491450000">
        <ele>743.000</ele>
      </trkpt>
      <trkpt lat="43.084430000" lon="-3.495290000">
        <ele>742.000</ele>
      </trkpt>
      <trkpt lat="43.084430000" lon="-3.495290000">
        <ele>742.000</ele>
      </trkpt>
      <trkpt lat="43.084420000" lon="-3.495330000">
        <ele>741.000</ele>
      </trkpt>
      <trkpt lat="43.084340000" lon="-3.495560000">
        <ele>741.000</ele>
      </trkpt>
      <trkpt lat="43.084250000" lon="-3.495710000">
        <ele>741.000</ele>
      </trkpt>
      <trkpt lat="43.084120000" lon="-3.495880000">
        <ele>741.000</ele>
      </trkpt>
      <trkpt lat="43.083360000" lon="-3.496660000">
        <ele>741.000</ele>
      </trkpt>
      <trkpt lat="43.083210000" lon="-3.496840000">
        <ele>741.000</ele>
      </trkpt>
      <trkpt lat="43.083140000" lon="-3.497000000">
        <ele>741.000</ele>
      </trkpt>
      <trkpt lat="43.083080000" lon="-3.497170000">
        <ele>741.000</ele>
      </trkpt>
      <trkpt lat="43.082920000" lon="-3.498080000">
        <ele>742.000</ele>
      </trkpt>
      <trkpt lat="43.082900000" lon="-3.498330000">
        <ele>743.000</ele>
      </trkpt>
      <trkpt lat="43.082900000" lon="-3.498510000">
        <ele>743.000</ele>
      </trkpt>
      <trkpt lat="43.082940000" lon="-3.498720000">
        <ele>744.000</ele>
      </trkpt>
      <trkpt lat="43.083070000" lon="-3.499290000">
        <ele>745.000</ele>
      </trkpt>
      <trkpt lat="43.083090000" lon="-3.499490000">
        <ele>746.000</ele>
      </trkpt>
      <trkpt lat="43.083090000" lon="-3.499610000">
        <ele>746.000</ele>
      </trkpt>
      <trkpt lat="43.083040000" lon="-3.499710000">
        <ele>747.000</ele>
      </trkpt>
      <trkpt lat="43.082960000" lon="-3.499810000">
        <ele>747.000</ele>
      </trkpt>
      <trkpt lat="43.082810000" lon="-3.499910000">
        <ele>748.000</ele>
      </trkpt>
      <trkpt lat="43.082380000" lon="-3.500140000">
        <ele>749.000</ele>
      </trkpt>
      <trkpt lat="43.082160000" lon="-3.500300000">
        <ele>749.000</ele>
      </trkpt>
      <trkpt lat="43.082060000" lon="-3.500410000">
        <ele>750.000</ele>
      </trkpt>
      <trkpt lat="43.081990000" lon="-3.500520000">
        <ele>751.000</ele>
      </trkpt>
      <trkpt lat="43.081920000" lon="-3.500740000">
        <ele>751.000</ele>
      </trkpt>
      <trkpt lat="43.081640000" lon="-3.501800000">
        <ele>752.000</ele>
      </trkpt>
      <trkpt lat="43.081520000" lon="-3.502080000">
        <ele>753.000</ele>
      </trkpt>
      <trkpt lat="43.081370000" lon="-3.502380000">
        <ele>753.000</ele>
      </trkpt>
      <trkpt lat="43.081210000" lon="-3.502660000">
        <ele>753.000</ele>
      </trkpt>
      <trkpt lat="43.079500000" lon="-3.505790000">
        <ele>751.000</ele>
      </trkpt>
      <trkpt lat="43.076500000" lon="-3.511270000">
        <ele>745.000</ele>
      </trkpt>
      <trkpt lat="43.075920000" lon="-3.512320000">
        <ele>741.000</ele>
      </trkpt>
      <trkpt lat="43.075830000" lon="-3.512480000">
        <ele>737.000</ele>
      </trkpt>
      <trkpt lat="43.075720000" lon="-3.512740000">
        <ele>735.000</ele>
      </trkpt>
      <trkpt lat="43.075670000" lon="-3.512910000">
        <ele>734.000</ele>
      </trkpt>
      <trkpt lat="43.075620000" lon="-3.513190000">
        <ele>732.000</ele>
      </trkpt>
      <trkpt lat="43.075580000" lon="-3.514270000">
        <ele>731.000</ele>
      </trkpt>
      <trkpt lat="43.075610000" lon="-3.514570000">
        <ele>730.000</ele>
      </trkpt>
      <trkpt lat="43.075660000" lon="-3.514990000">
        <ele>729.000</ele>
      </trkpt>
      <trkpt lat="43.075670000" lon="-3.515100000">
        <ele>728.000</ele>
      </trkpt>
      <trkpt lat="43.075670000" lon="-3.515130000">
        <ele>728.000</ele>
      </trkpt>
      <trkpt lat="43.075720000" lon="-3.515610000">
        <ele>727.000</ele>
      </trkpt>
      <trkpt lat="43.075730000" lon="-3.515640000">
        <ele>727.000</ele>
      </trkpt>
      <trkpt lat="43.075820000" lon="-3.516630000">
        <ele>726.000</ele>
      </trkpt>
      <trkpt lat="43.075850000" lon="-3.516870000">
        <ele>725.000</ele>
      </trkpt>
      <trkpt lat="43.075870000" lon="-3.517190000">
        <ele>724.000</ele>
      </trkpt>
      <trkpt lat="43.075890000" lon="-3.518240000">
        <ele>723.000</ele>
      </trkpt>
      <trkpt lat="43.075820000" lon="-3.519250000">
        <ele>722.000</ele>
      </trkpt>
      <trkpt lat="43.075740000" lon="-3.519880000">
        <ele>721.000</ele>
      </trkpt>
      <trkpt lat="43.075370000" lon="-3.521840000">
        <ele>721.000</ele>
      </trkpt>
      <trkpt lat="43.075120000" lon="-3.523070000">
        <ele>721.000</ele>
      </trkpt>
      <trkpt lat="43.073710000" lon="-3.530010000">
        <ele>724.000</ele>
      </trkpt>
      <trkpt lat="43.073590000" lon="-3.530580000">
        <ele>726.000</ele>
      </trkpt>
      <trkpt lat="43.073540000" lon="-3.530840000">
        <ele>728.000</ele>
      </trkpt>
      <trkpt lat="43.073480000" lon="-3.531150000">
        <ele>729.000</ele>
      </trkpt>
      <trkpt lat="43.072920000" lon="-3.533870000">
        <ele>731.000</ele>
      </trkpt>
      <trkpt lat="43.072900000" lon="-3.534040000">
        <ele>733.000</ele>
      </trkpt>
      <trkpt lat="43.072890000" lon="-3.534470000">
        <ele>734.000</ele>
      </trkpt>
      <trkpt lat="43.073400000" lon="-3.536850000">
        <ele>736.000</ele>
      </trkpt>
      <trkpt lat="43.073500000" lon="-3.537340000">
        <ele>738.000</ele>
      </trkpt>
      <trkpt lat="43.073770000" lon="-3.538630000">
        <ele>739.000</ele>
      </trkpt>
      <trkpt lat="43.073790000" lon="-3.538720000">
        <ele>740.000</ele>
      </trkpt>
      <trkpt lat="43.073820000" lon="-3.538880000">
        <ele>741.000</ele>
      </trkpt>
      <trkpt lat="43.073830000" lon="-3.538930000">
        <ele>741.000</ele>
      </trkpt>
      <trkpt lat="43.073990000" lon="-3.539670000">
        <ele>742.000</ele>
      </trkpt>
      <trkpt lat="43.074090000" lon="-3.540040000">
        <ele>743.000</ele>
      </trkpt>
      <trkpt lat="43.074240000" lon="-3.540400000">
        <ele>744.000</ele>
      </trkpt>
      <trkpt lat="43.074630000" lon="-3.541240000">
        <ele>746.000</ele>
      </trkpt>
      <trkpt lat="43.074680000" lon="-3.541360000">
        <ele>747.000</ele>
      </trkpt>
      <trkpt lat="43.074880000" lon="-3.541800000">
        <ele>749.000</ele>
      </trkpt>
      <trkpt lat="43.075130000" lon="-3.542350000">
        <ele>750.000</ele>
      </trkpt>
      <trkpt lat="43.075320000" lon="-3.542890000">
        <ele>751.000</ele>
      </trkpt>
      <trkpt lat="43.075830000" lon="-3.544530000">
        <ele>752.000</ele>
      </trkpt>
      <trkpt lat="43.075880000" lon="-3.544720000">
        <ele>752.000</ele>
      </trkpt>
      <trkpt lat="43.075910000" lon="-3.544970000">
        <ele>753.000</ele>
      </trkpt>
      <trkpt lat="43.075900000" lon="-3.545320000">
        <ele>753.000</ele>
      </trkpt>
      <trkpt lat="43.075860000" lon="-3.545640000">
        <ele>753.000</ele>
      </trkpt>
      <trkpt lat="43.075670000" lon="-3.546160000">
        <ele>753.000</ele>
      </trkpt>
      <trkpt lat="43.075760000" lon="-3.546200000">
        <ele>753.000</ele>
      </trkpt>
      <trkpt lat="43.075940000" lon="-3.546800000">
        <ele>753.000</ele>
      </trkpt>
      <trkpt lat="43.076000000" lon="-3.546960000">
        <ele>753.000</ele>
      </trkpt>
      <trkpt lat="43.076110000" lon="-3.547120000">
        <ele>753.000</ele>
      </trkpt>
      <trkpt lat="43.076220000" lon="-3.547290000">
        <ele>753.000</ele>
      </trkpt>
      <trkpt lat="43.076340000" lon="-3.547420000">
        <ele>753.000</ele>
      </trkpt>
      <trkpt lat="43.076590000" lon="-3.547860000">
        <ele>754.000</ele>
      </trkpt>
      <trkpt lat="43.076680000" lon="-3.547800000">
        <ele>754.000</ele>
      </trkpt>
      <trkpt lat="43.076780000" lon="-3.547760000">
        <ele>754.000</ele>
      </trkpt>
      <trkpt lat="43.077040000" lon="-3.547690000">
        <ele>755.000</ele>
      </trkpt>
      <trkpt lat="43.077100000" lon="-3.547710000">
        <ele>755.000</ele>
      </trkpt>
      <trkpt lat="43.077420000" lon="-3.547690000">
        <ele>756.000</ele>
      </trkpt>
      <trkpt lat="43.077720000" lon="-3.547450000">
        <ele>756.000</ele>
      </trkpt>
      <trkpt lat="43.077770000" lon="-3.547390000">
        <ele>757.000</ele>
      </trkpt>
      <trkpt lat="43.077890000" lon="-3.547270000">
        <ele>758.000</ele>
      </trkpt>
      <trkpt lat="43.077930000" lon="-3.547240000">
        <ele>758.000</ele>
      </trkpt>
      <trkpt lat="43.078120000" lon="-3.547230000">
        <ele>759.000</ele>
      </trkpt>
      <trkpt lat="43.078430000" lon="-3.547320000">
        <ele>760.000</ele>
      </trkpt>
      <trkpt lat="43.078600000" lon="-3.547390000">
        <ele>761.000</ele>
      </trkpt>
      <trkpt lat="43.078650000" lon="-3.547430000">
        <ele>762.000</ele>
      </trkpt>
      <trkpt lat="43.078650000" lon="-3.547430000">
        <ele>762.000</ele>
      </trkpt>
      <trkpt lat="43.078830000" lon="-3.547560000">
        <ele>763.000</ele>
      </trkpt>
      <trkpt lat="43.078930000" lon="-3.547660000">
        <ele>763.000</ele>
      </trkpt>
      <trkpt lat="43.079250000" lon="-3.548060000">
        <ele>764.000</ele>
      </trkpt>
      <trkpt lat="43.079350000" lon="-3.548330000">
        <ele>766.000</ele>
      </trkpt>
      <trkpt lat="43.079450000" lon="-3.548920000">
        <ele>769.000</ele>
      </trkpt>
      <trkpt lat="43.079580000" lon="-3.548500000">
        <ele>772.000</ele>
      </trkpt>
      <trkpt lat="43.079660000" lon="-3.548380000">
        <ele>775.000</ele>
      </trkpt>
      <trkpt lat="43.079930000" lon="-3.548100000">
        <ele>779.000</ele>
      </trkpt>
      <trkpt lat="43.080030000" lon="-3.548020000">
        <ele>781.000</ele>
      </trkpt>
      <trkpt lat="43.080370000" lon="-3.547820000">
        <ele>785.000</ele>
      </trkpt>
      <trkpt lat="43.080630000" lon="-3.547700000">
        <ele>787.000</ele>
      </trkpt>
      <trkpt lat="43.080700000" lon="-3.547650000">
        <ele>789.000</ele>
      </trkpt>
      <trkpt lat="43.080790000" lon="-3.547530000">
        <ele>790.000</ele>
      </trkpt>
      <trkpt lat="43.080810000" lon="-3.547390000">
        <ele>791.000</ele>
      </trkpt>
      <trkpt lat="43.080800000" lon="-3.547330000">
        <ele>792.000</ele>
      </trkpt>
      <trkpt lat="43.080690000" lon="-3.547130000">
        <ele>792.000</ele>
      </trkpt>
      <trkpt lat="43.080420000" lon="-3.546840000">
        <ele>793.000</ele>
      </trkpt>
      <trkpt lat="43.080220000" lon="-3.546680000">
        <ele>794.000</ele>
      </trkpt>
      <trkpt lat="43.080120000" lon="-3.546540000">
        <ele>794.000</ele>
      </trkpt>
      <trkpt lat="43.080100000" lon="-3.546390000">
        <ele>795.000</ele>
      </trkpt>
      <trkpt lat="43.080150000" lon="-3.546070000">
        <ele>795.000</ele>
      </trkpt>
      <trkpt lat="43.080170000" lon="-3.545960000">
        <ele>796.000</ele>
      </trkpt>
      <trkpt lat="43.080160000" lon="-3.545610000">
        <ele>797.000</ele>
      </trkpt>
      <trkpt lat="43.080130000" lon="-3.545040000">
        <ele>799.000</ele>
      </trkpt>
      <trkpt lat="43.080160000" lon="-3.544850000">
        <ele>800.000</ele>
      </trkpt>
      <trkpt lat="43.080320000" lon="-3.544470000">
        <ele>802.000</ele>
      </trkpt>
      <trkpt lat="43.080390000" lon="-3.544100000">
        <ele>804.000</ele>
      </trkpt>
      <trkpt lat="43.080410000" lon="-3.544030000">
        <ele>805.000</ele>
      </trkpt>
      <trkpt lat="43.080520000" lon="-3.543900000">
        <ele>806.000</ele>
      </trkpt>
      <trkpt lat="43.080640000" lon="-3.543840000">
        <ele>807.000</ele>
      </trkpt>
      <trkpt lat="43.080720000" lon="-3.543830000">
        <ele>808.000</ele>
      </trkpt>
      <trkpt lat="43.080890000" lon="-3.543840000">
        <ele>809.000</ele>
      </trkpt>
      <trkpt lat="43.081140000" lon="-3.543920000">
        <ele>810.000</ele>
      </trkpt>
      <trkpt lat="43.081200000" lon="-3.543910000">
        <ele>811.000</ele>
      </trkpt>
      <trkpt lat="43.081300000" lon="-3.543830000">
        <ele>812.000</ele>
      </trkpt>
      <trkpt lat="43.081360000" lon="-3.543650000">
        <ele>813.000</ele>
      </trkpt>
      <trkpt lat="43.081430000" lon="-3.543260000">
        <ele>814.000</ele>
      </trkpt>
      <trkpt lat="43.081560000" lon="-3.542910000">
        <ele>816.000</ele>
      </trkpt>
      <trkpt lat="43.081650000" lon="-3.542720000">
        <ele>817.000</ele>
      </trkpt>
      <trkpt lat="43.081840000" lon="-3.542480000">
        <ele>819.000</ele>
      </trkpt>
      <trkpt lat="43.082000000" lon="-3.542330000">
        <ele>820.000</ele>
      </trkpt>
      <trkpt lat="43.082160000" lon="-3.542260000">
        <ele>821.000</ele>
      </trkpt>
      <trkpt lat="43.082240000" lon="-3.542180000">
        <ele>822.000</ele>
      </trkpt>
      <trkpt lat="43.082290000" lon="-3.542090000">
        <ele>823.000</ele>
      </trkpt>
      <trkpt lat="43.082430000" lon="-3.541640000">
        <ele>824.000</ele>
      </trkpt>
      <trkpt lat="43.082430000" lon="-3.541640000">
        <ele>824.000</ele>
      </trkpt>
      <trkpt lat="43.082550000" lon="-3.541220000">
        <ele>825.000</ele>
      </trkpt>
      <trkpt lat="43.083100000" lon="-3.539860000">
        <ele>828.000</ele>
      </trkpt>
      <trkpt lat="43.083160000" lon="-3.539760000">
        <ele>830.000</ele>
      </trkpt>
      <trkpt lat="43.083240000" lon="-3.539690000">
        <ele>831.000</ele>
      </trkpt>
      <trkpt lat="43.083360000" lon="-3.539620000">
        <ele>832.000</ele>
      </trkpt>
      <trkpt lat="43.083440000" lon="-3.539600000">
        <ele>834.000</ele>
      </trkpt>
      <trkpt lat="43.083540000" lon="-3.539610000">
        <ele>835.000</ele>
      </trkpt>
      <trkpt lat="43.084040000" lon="-3.539940000">
        <ele>837.000</ele>
      </trkpt>
      <trkpt lat="43.084120000" lon="-3.539960000">
        <ele>839.000</ele>
      </trkpt>
      <trkpt lat="43.084180000" lon="-3.539930000">
        <ele>840.000</ele>
      </trkpt>
      <trkpt lat="43.084220000" lon="-3.539870000">
        <ele>841.000</ele>
      </trkpt>
      <trkpt lat="43.084250000" lon="-3.539780000">
        <ele>842.000</ele>
      </trkpt>
      <trkpt lat="43.084180000" lon="-3.539440000">
        <ele>843.000</ele>
      </trkpt>
      <trkpt lat="43.084190000" lon="-3.539220000">
        <ele>845.000</ele>
      </trkpt>
      <trkpt lat="43.084290000" lon="-3.538890000">
        <ele>846.000</ele>
      </trkpt>
      <trkpt lat="43.084370000" lon="-3.538680000">
        <ele>848.000</ele>
      </trkpt>
      <trkpt lat="43.084480000" lon="-3.538480000">
        <ele>850.000</ele>
      </trkpt>
      <trkpt lat="43.084590000" lon="-3.538390000">
        <ele>852.000</ele>
      </trkpt>
      <trkpt lat="43.085210000" lon="-3.538160000">
        <ele>857.000</ele>
      </trkpt>
      <trkpt lat="43.085530000" lon="-3.537960000">
        <ele>861.000</ele>
      </trkpt>
      <trkpt lat="43.085740000" lon="-3.537800000">
        <ele>866.000</ele>
      </trkpt>
      <trkpt lat="43.085870000" lon="-3.537660000">
        <ele>869.000</ele>
      </trkpt>
      <trkpt lat="43.085970000" lon="-3.537530000">
        <ele>872.000</ele>
      </trkpt>
      <trkpt lat="43.086200000" lon="-3.537050000">
        <ele>876.000</ele>
      </trkpt>
      <trkpt lat="43.086490000" lon="-3.536580000">
        <ele>880.000</ele>
      </trkpt>
      <trkpt lat="43.086580000" lon="-3.536370000">
        <ele>884.000</ele>
      </trkpt>
      <trkpt lat="43.088090000" lon="-3.534560000">
        <ele>895.000</ele>
      </trkpt>
      <trkpt lat="43.088390000" lon="-3.534250000">
        <ele>904.000</ele>
      </trkpt>
      <trkpt lat="43.088700000" lon="-3.533990000">
        <ele>911.000</ele>
      </trkpt>
      <trkpt lat="43.089110000" lon="-3.533760000">
        <ele>917.000</ele>
      </trkpt>
      <trkpt lat="43.089220000" lon="-3.533740000">
        <ele>922.000</ele>
      </trkpt>
      <trkpt lat="43.089370000" lon="-3.533750000">
        <ele>926.000</ele>
      </trkpt>
      <trkpt lat="43.089910000" lon="-3.533870000">
        <ele>931.000</ele>
      </trkpt>
      <trkpt lat="43.090380000" lon="-3.533940000">
        <ele>936.000</ele>
      </trkpt>
      <trkpt lat="43.090650000" lon="-3.534030000">
        <ele>940.000</ele>
      </trkpt>
      <trkpt lat="43.090880000" lon="-3.534200000">
        <ele>944.000</ele>
      </trkpt>
      <trkpt lat="43.091140000" lon="-3.534470000">
        <ele>948.000</ele>
      </trkpt>
      <trkpt lat="43.091550000" lon="-3.534950000">
        <ele>952.000</ele>
      </trkpt>
      <trkpt lat="43.091830000" lon="-3.535300000">
        <ele>957.000</ele>
      </trkpt>
      <trkpt lat="43.091930000" lon="-3.535490000">
        <ele>960.000</ele>
      </trkpt>
      <trkpt lat="43.093000000" lon="-3.537820000">
        <ele>970.000</ele>
      </trkpt>
      <trkpt lat="43.093100000" lon="-3.537960000">
        <ele>977.000</ele>
      </trkpt>
      <trkpt lat="43.093160000" lon="-3.538000000">
        <ele>981.000</ele>
      </trkpt>
      <trkpt lat="43.093240000" lon="-3.538030000">
        <ele>984.000</ele>
      </trkpt>
      <trkpt lat="43.093580000" lon="-3.538100000">
        <ele>987.000</ele>
      </trkpt>
      <trkpt lat="43.094120000" lon="-3.538190000">
        <ele>989.000</ele>
      </trkpt>
      <trkpt lat="43.094380000" lon="-3.538190000">
        <ele>991.000</ele>
      </trkpt>
      <trkpt lat="43.094540000" lon="-3.538160000">
        <ele>993.000</ele>
      </trkpt>
      <trkpt lat="43.095100000" lon="-3.537970000">
        <ele>995.000</ele>
      </trkpt>
      <trkpt lat="43.095420000" lon="-3.537850000">
        <ele>997.000</ele>
      </trkpt>
      <trkpt lat="43.095550000" lon="-3.537740000">
        <ele>998.000</ele>
      </trkpt>
      <trkpt lat="43.096720000" lon="-3.536160000">
        <ele>1001.000</ele>
      </trkpt>
      <trkpt lat="43.096850000" lon="-3.536000000">
        <ele>1004.000</ele>
      </trkpt>
      <trkpt lat="43.097050000" lon="-3.535840000">
        <ele>1007.000</ele>
      </trkpt>
      <trkpt lat="43.097630000" lon="-3.535590000">
        <ele>1011.000</ele>
      </trkpt>
      <trkpt lat="43.097810000" lon="-3.535490000">
        <ele>1015.000</ele>
      </trkpt>
      <trkpt lat="43.097850000" lon="-3.535460000">
        <ele>1017.000</ele>
      </trkpt>
      <trkpt lat="43.097850000" lon="-3.535460000">
        <ele>1019.000</ele>
      </trkpt>
      <trkpt lat="43.097960000" lon="-3.535400000">
        <ele>1021.000</ele>
      </trkpt>
      <trkpt lat="43.098240000" lon="-3.535150000">
        <ele>1023.000</ele>
      </trkpt>
      <trkpt lat="43.098420000" lon="-3.534980000">
        <ele>1026.000</ele>
      </trkpt>
      <trkpt lat="43.098520000" lon="-3.534830000">
        <ele>1028.000</ele>
      </trkpt>
      <trkpt lat="43.099310000" lon="-3.533570000">
        <ele>1034.000</ele>
      </trkpt>
      <trkpt lat="43.099580000" lon="-3.533230000">
        <ele>1040.000</ele>
      </trkpt>
      <trkpt lat="43.099760000" lon="-3.533050000">
        <ele>1044.000</ele>
      </trkpt>
      <trkpt lat="43.100310000" lon="-3.532610000">
        <ele>1051.000</ele>
      </trkpt>
      <trkpt lat="43.100530000" lon="-3.532460000">
        <ele>1056.000</ele>
      </trkpt>
      <trkpt lat="43.100760000" lon="-3.532350000">
        <ele>1061.000</ele>
      </trkpt>
      <trkpt lat="43.101770000" lon="-3.532020000">
        <ele>1070.000</ele>
      </trkpt>
      <trkpt lat="43.102200000" lon="-3.531970000">
        <ele>1078.000</ele>
      </trkpt>
      <trkpt lat="43.102370000" lon="-3.531930000">
        <ele>1084.000</ele>
      </trkpt>
      <trkpt lat="43.102650000" lon="-3.531790000">
        <ele>1089.000</ele>
      </trkpt>
      <trkpt lat="43.102920000" lon="-3.531710000">
        <ele>1095.000</ele>
      </trkpt>
      <trkpt lat="43.103740000" lon="-3.531780000">
        <ele>1102.000</ele>
      </trkpt>
      <trkpt lat="43.103970000" lon="-3.531830000">
        <ele>1108.000</ele>
      </trkpt>
      <trkpt lat="43.104270000" lon="-3.531940000">
        <ele>1113.000</ele>
      </trkpt>
      <trkpt lat="43.105000000" lon="-3.532400000">
        <ele>1120.000</ele>
      </trkpt>
      <trkpt lat="43.105060000" lon="-3.532410000">
        <ele>1125.000</ele>
      </trkpt>
      <trkpt lat="43.105230000" lon="-3.532360000">
        <ele>1129.000</ele>
      </trkpt>
      <trkpt lat="43.105640000" lon="-3.532110000">
        <ele>1133.000</ele>
      </trkpt>
      <trkpt lat="43.105800000" lon="-3.532070000">
        <ele>1137.000</ele>
      </trkpt>
      <trkpt lat="43.105940000" lon="-3.532090000">
        <ele>1140.000</ele>
      </trkpt>
      <trkpt lat="43.106240000" lon="-3.532230000">
        <ele>1143.000</ele>
      </trkpt>
      <trkpt lat="43.106320000" lon="-3.532240000">
        <ele>1146.000</ele>
      </trkpt>
      <trkpt lat="43.106880000" lon="-3.532150000">
        <ele>1149.000</ele>
      </trkpt>
      <trkpt lat="43.107240000" lon="-3.532140000">
        <ele>1153.000</ele>
      </trkpt>
      <trkpt lat="43.107740000" lon="-3.532300000">
        <ele>1158.000</ele>
      </trkpt>
      <trkpt lat="43.108100000" lon="-3.532490000">
        <ele>1162.000</ele>
      </trkpt>
      <trkpt lat="43.108270000" lon="-3.532520000">
        <ele>1165.000</ele>
      </trkpt>
      <trkpt lat="43.108350000" lon="-3.532500000">
        <ele>1168.000</ele>
      </trkpt>
      <trkpt lat="43.108520000" lon="-3.532400000">
        <ele>1170.000</ele>
      </trkpt>
      <trkpt lat="43.108980000" lon="-3.532010000">
        <ele>1173.000</ele>
      </trkpt>
      <trkpt lat="43.109240000" lon="-3.531830000">
        <ele>1176.000</ele>
      </trkpt>
      <trkpt lat="43.110040000" lon="-3.531380000">
        <ele>1181.000</ele>
      </trkpt>
      <trkpt lat="43.110170000" lon="-3.531320000">
        <ele>1185.000</ele>
      </trkpt>
      <trkpt lat="43.112350000" lon="-3.530810000">
        <ele>1194.000</ele>
      </trkpt>
      <trkpt lat="43.112980000" lon="-3.530830000">
        <ele>1202.000</ele>
      </trkpt>
      <trkpt lat="43.114040000" lon="-3.530940000">
        <ele>1213.000</ele>
      </trkpt>
      <trkpt lat="43.114750000" lon="-3.530810000">
        <ele>1223.000</ele>
      </trkpt>
      <trkpt lat="43.115210000" lon="-3.530760000">
        <ele>1232.000</ele>
      </trkpt>
      <trkpt lat="43.115410000" lon="-3.530780000">
        <ele>1238.000</ele>
      </trkpt>
      <trkpt lat="43.116040000" lon="-3.530880000">
        <ele>1245.000</ele>
      </trkpt>
      <trkpt lat="43.116270000" lon="-3.530980000">
        <ele>1251.000</ele>
      </trkpt>
      <trkpt lat="43.117040000" lon="-3.531600000">
        <ele>1259.000</ele>
      </trkpt>
      <trkpt lat="43.118150000" lon="-3.532420000">
        <ele>1268.000</ele>
      </trkpt>
      <trkpt lat="43.118590000" lon="-3.532640000">
        <ele>1276.000</ele>
      </trkpt>
      <trkpt lat="43.120070000" lon="-3.533340000">
        <ele>1287.000</ele>
      </trkpt>
      <trkpt lat="43.120280000" lon="-3.533410000">
        <ele>1296.000</ele>
      </trkpt>
      <trkpt lat="43.121540000" lon="-3.533710000">
        <ele>1308.000</ele>
      </trkpt>
      <trkpt lat="43.122620000" lon="-3.534010000">
        <ele>1323.000</ele>
      </trkpt>
      <trkpt lat="43.124480000" lon="-3.534420000">
        <ele>1340.000</ele>
      </trkpt>
      <trkpt lat="43.125000000" lon="-3.534580000">
        <ele>1352.000</ele>
      </trkpt>
      <trkpt lat="43.125300000" lon="-3.534710000">
        <ele>1361.000</ele>
      </trkpt>
      <trkpt lat="43.127160000" lon="-3.535910000">
        <ele>1369.000</ele>
      </trkpt>
      <trkpt lat="43.127480000" lon="-3.536110000">
        <ele>1377.000</ele>
      </trkpt>
      <trkpt lat="43.127560000" lon="-3.536180000">
        <ele>1382.000</ele>
      </trkpt>
      <trkpt lat="43.127640000" lon="-3.536300000">
        <ele>1386.000</ele>
      </trkpt>
      <trkpt lat="43.127720000" lon="-3.536510000">
        <ele>1389.000</ele>
      </trkpt>
      <trkpt lat="43.127850000" lon="-3.537010000">
        <ele>1393.000</ele>
      </trkpt>
      <trkpt lat="43.127910000" lon="-3.537180000">
        <ele>1397.000</ele>
      </trkpt>
      <trkpt lat="43.127990000" lon="-3.537340000">
        <ele>1400.000</ele>
      </trkpt>
      <trkpt lat="43.128230000" lon="-3.537700000">
        <ele>1403.000</ele>
      </trkpt>
      <trkpt lat="43.128330000" lon="-3.537900000">
        <ele>1406.000</ele>
      </trkpt>
      <trkpt lat="43.128380000" lon="-3.538100000">
        <ele>1409.000</ele>
      </trkpt>
      <trkpt lat="43.128500000" lon="-3.539200000">
        <ele>1413.000</ele>
      </trkpt>
      <trkpt lat="43.128500000" lon="-3.539390000">
        <ele>1416.000</ele>
      </trkpt>
      <trkpt lat="43.128500000" lon="-3.539740000">
        <ele>1419.000</ele>
      </trkpt>
      <trkpt lat="43.128510000" lon="-3.539910000">
        <ele>1421.000</ele>
      </trkpt>
      <trkpt lat="43.128740000" lon="-3.541010000">
        <ele>1425.000</ele>
      </trkpt>
      <trkpt lat="43.128790000" lon="-3.541210000">
        <ele>1428.000</ele>
      </trkpt>
      <trkpt lat="43.128830000" lon="-3.541280000">
        <ele>1429.000</ele>
      </trkpt>
      <trkpt lat="43.128870000" lon="-3.541310000">
        <ele>1431.000</ele>
      </trkpt>
      <trkpt lat="43.128960000" lon="-3.541320000">
        <ele>1432.000</ele>
      </trkpt>
      <trkpt lat="43.129000000" lon="-3.541310000">
        <ele>1433.000</ele>
      </trkpt>
      <trkpt lat="43.129080000" lon="-3.541210000">
        <ele>1433.000</ele>
      </trkpt>
      <trkpt lat="43.129120000" lon="-3.541000000">
        <ele>1434.000</ele>
      </trkpt>
      <trkpt lat="43.129180000" lon="-3.540170000">
        <ele>1435.000</ele>
      </trkpt>
      <trkpt lat="43.129220000" lon="-3.540000000">
        <ele>1436.000</ele>
      </trkpt>
      <trkpt lat="43.129260000" lon="-3.539930000">
        <ele>1437.000</ele>
      </trkpt>
      <trkpt lat="43.129350000" lon="-3.539870000">
        <ele>1437.000</ele>
      </trkpt>
      <trkpt lat="43.129440000" lon="-3.539880000">
        <ele>1438.000</ele>
      </trkpt>
      <trkpt lat="43.129480000" lon="-3.539910000">
        <ele>1438.000</ele>
      </trkpt>
      <trkpt lat="43.129550000" lon="-3.540060000">
        <ele>1439.000</ele>
      </trkpt>
      <trkpt lat="43.129590000" lon="-3.540250000">
        <ele>1440.000</ele>
      </trkpt>
      <trkpt lat="43.129720000" lon="-3.541190000">
        <ele>1444.000</ele>
      </trkpt>
      <trkpt lat="43.129740000" lon="-3.541440000">
        <ele>1448.000</ele>
      </trkpt>
      <trkpt lat="43.129730000" lon="-3.541690000">
        <ele>1451.000</ele>
      </trkpt>
      <trkpt lat="43.129690000" lon="-3.541860000">
        <ele>1454.000</ele>
      </trkpt>
      <trkpt lat="43.129590000" lon="-3.542300000">
        <ele>1458.000</ele>
      </trkpt>
      <trkpt lat="43.129230000" lon="-3.543300000">
        <ele>1465.000</ele>
      </trkpt>
      <trkpt lat="43.129140000" lon="-3.543490000">
        <ele>1470.000</ele>
      </trkpt>
      <trkpt lat="43.128870000" lon="-3.543880000">
        <ele>1475.000</ele>
      </trkpt>
      <trkpt lat="43.128780000" lon="-3.544110000">
        <ele>1478.000</ele>
      </trkpt>
      <trkpt lat="43.128770000" lon="-3.544260000">
        <ele>1481.000</ele>
      </trkpt>
      <trkpt lat="43.128830000" lon="-3.544420000">
        <ele>1483.000</ele>
      </trkpt>
      <trkpt lat="43.128970000" lon="-3.544630000">
        <ele>1486.000</ele>
      </trkpt>
      <trkpt lat="43.129240000" lon="-3.544980000">
        <ele>1488.000</ele>
      </trkpt>
      <trkpt lat="43.129330000" lon="-3.545060000">
        <ele>1490.000</ele>
      </trkpt>
      <trkpt lat="43.129930000" lon="-3.545360000">
        <ele>1494.000</ele>
      </trkpt>
      <trkpt lat="43.130010000" lon="-3.545800000">
        <ele>1495.000</ele>
      </trkpt>
      <trkpt lat="43.130460000" lon="-3.547080000">
        <ele>1493.000</ele>
      </trkpt>
      <trkpt lat="43.130540000" lon="-3.547330000">
        <ele>1491.000</ele>
      </trkpt>
    </trkseg>
  </trk>
</gpx>
