<?xml version="1.0" encoding="UTF-8"?>
<gpx version="1.0" creator="GPSBabel - https://www.gpsbabel.org" xmlns="http://www.topografix.com/GPX/1/0">
  <time>2024-05-08T13:24:00.100Z</time>
  <bounds minlat="42.314990000" minlon="-3.212330000" maxlat="42.573520000" maxlon="-2.549470000"/>
  <trk>
    <trkseg>
      <trkpt lat="42.449950000" lon="-2.549470000">
        <ele>456.000</ele>
      </trkpt>
      <trkpt lat="42.450410000" lon="-2.549810000">
        <ele>455.000</ele>
      </trkpt>
      <trkpt lat="42.451040000" lon="-2.550270000">
        <ele>455.000</ele>
      </trkpt>
      <trkpt lat="42.451820000" lon="-2.550830000">
        <ele>454.000</ele>
      </trkpt>
      <trkpt lat="42.451980000" lon="-2.550950000">
        <ele>453.000</ele>
      </trkpt>
      <trkpt lat="42.453890000" lon="-2.552330000">
        <ele>451.000</ele>
      </trkpt>
      <trkpt lat="42.455020000" lon="-2.553140000">
        <ele>450.000</ele>
      </trkpt>
      <trkpt lat="42.455700000" lon="-2.553640000">
        <ele>449.000</ele>
      </trkpt>
      <trkpt lat="42.456390000" lon="-2.554150000">
        <ele>448.000</ele>
      </trkpt>
      <trkpt lat="42.457850000" lon="-2.555210000">
        <ele>446.000</ele>
      </trkpt>
      <trkpt lat="42.460050000" lon="-2.556790000">
        <ele>444.000</ele>
      </trkpt>
      <trkpt lat="42.460570000" lon="-2.557160000">
        <ele>443.000</ele>
      </trkpt>
      <trkpt lat="42.461340000" lon="-2.557730000">
        <ele>442.000</ele>
      </trkpt>
      <trkpt lat="42.461750000" lon="-2.558020000">
        <ele>441.000</ele>
      </trkpt>
      <trkpt lat="42.461920000" lon="-2.558140000">
        <ele>441.000</ele>
      </trkpt>
      <trkpt lat="42.462220000" lon="-2.558380000">
        <ele>440.000</ele>
      </trkpt>
      <trkpt lat="42.462320000" lon="-2.558430000">
        <ele>440.000</ele>
      </trkpt>
      <trkpt lat="42.462340000" lon="-2.558440000">
        <ele>439.000</ele>
      </trkpt>
      <trkpt lat="42.462400000" lon="-2.558490000">
        <ele>439.000</ele>
      </trkpt>
      <trkpt lat="42.462460000" lon="-2.558530000">
        <ele>439.000</ele>
      </trkpt>
      <trkpt lat="42.462540000" lon="-2.558600000">
        <ele>439.000</ele>
      </trkpt>
      <trkpt lat="42.462600000" lon="-2.558670000">
        <ele>439.000</ele>
      </trkpt>
      <trkpt lat="42.462680000" lon="-2.558770000">
        <ele>439.000</ele>
      </trkpt>
      <trkpt lat="42.462790000" lon="-2.558910000">
        <ele>438.000</ele>
      </trkpt>
      <trkpt lat="42.462890000" lon="-2.559060000">
        <ele>438.000</ele>
      </trkpt>
      <trkpt lat="42.463020000" lon="-2.559250000">
        <ele>438.000</ele>
      </trkpt>
      <trkpt lat="42.463090000" lon="-2.559390000">
        <ele>438.000</ele>
      </trkpt>
      <trkpt lat="42.463160000" lon="-2.559520000">
        <ele>438.000</ele>
      </trkpt>
      <trkpt lat="42.463230000" lon="-2.559640000">
        <ele>438.000</ele>
      </trkpt>
      <trkpt lat="42.463280000" lon="-2.559770000">
        <ele>438.000</ele>
      </trkpt>
      <trkpt lat="42.463340000" lon="-2.559930000">
        <ele>437.000</ele>
      </trkpt>
      <trkpt lat="42.463390000" lon="-2.560060000">
        <ele>437.000</ele>
      </trkpt>
      <trkpt lat="42.463420000" lon="-2.560140000">
        <ele>437.000</ele>
      </trkpt>
      <trkpt lat="42.463430000" lon="-2.560200000">
        <ele>437.000</ele>
      </trkpt>
      <trkpt lat="42.463460000" lon="-2.560280000">
        <ele>437.000</ele>
      </trkpt>
      <trkpt lat="42.463490000" lon="-2.560390000">
        <ele>437.000</ele>
      </trkpt>
      <trkpt lat="42.463520000" lon="-2.560540000">
        <ele>437.000</ele>
      </trkpt>
      <trkpt lat="42.463530000" lon="-2.560670000">
        <ele>437.000</ele>
      </trkpt>
      <trkpt lat="42.463600000" lon="-2.561030000">
        <ele>437.000</ele>
      </trkpt>
      <trkpt lat="42.463640000" lon="-2.561250000">
        <ele>437.000</ele>
      </trkpt>
      <trkpt lat="42.463700000" lon="-2.561620000">
        <ele>437.000</ele>
      </trkpt>
      <trkpt lat="42.463800000" lon="-2.562150000">
        <ele>437.000</ele>
      </trkpt>
      <trkpt lat="42.463930000" lon="-2.562910000">
        <ele>437.000</ele>
      </trkpt>
      <trkpt lat="42.463990000" lon="-2.563250000">
        <ele>437.000</ele>
      </trkpt>
      <trkpt lat="42.464050000" lon="-2.563520000">
        <ele>438.000</ele>
      </trkpt>
      <trkpt lat="42.464090000" lon="-2.563830000">
        <ele>438.000</ele>
      </trkpt>
      <trkpt lat="42.464200000" lon="-2.564410000">
        <ele>439.000</ele>
      </trkpt>
      <trkpt lat="42.464360000" lon="-2.565230000">
        <ele>440.000</ele>
      </trkpt>
      <trkpt lat="42.464390000" lon="-2.565410000">
        <ele>440.000</ele>
      </trkpt>
      <trkpt lat="42.464410000" lon="-2.565550000">
        <ele>441.000</ele>
      </trkpt>
      <trkpt lat="42.464420000" lon="-2.565670000">
        <ele>441.000</ele>
      </trkpt>
      <trkpt lat="42.464430000" lon="-2.565800000">
        <ele>442.000</ele>
      </trkpt>
      <trkpt lat="42.464430000" lon="-2.565920000">
        <ele>442.000</ele>
      </trkpt>
      <trkpt lat="42.464440000" lon="-2.566060000">
        <ele>443.000</ele>
      </trkpt>
      <trkpt lat="42.464420000" lon="-2.566240000">
        <ele>443.000</ele>
      </trkpt>
      <trkpt lat="42.464410000" lon="-2.566390000">
        <ele>443.000</ele>
      </trkpt>
      <trkpt lat="42.464390000" lon="-2.566560000">
        <ele>444.000</ele>
      </trkpt>
      <trkpt lat="42.464370000" lon="-2.566690000">
        <ele>444.000</ele>
      </trkpt>
      <trkpt lat="42.464350000" lon="-2.566800000">
        <ele>444.000</ele>
      </trkpt>
      <trkpt lat="42.464320000" lon="-2.566910000">
        <ele>444.000</ele>
      </trkpt>
      <trkpt lat="42.464290000" lon="-2.567010000">
        <ele>445.000</ele>
      </trkpt>
      <trkpt lat="42.464270000" lon="-2.567100000">
        <ele>445.000</ele>
      </trkpt>
      <trkpt lat="42.464210000" lon="-2.567280000">
        <ele>445.000</ele>
      </trkpt>
      <trkpt lat="42.464140000" lon="-2.567440000">
        <ele>445.000</ele>
      </trkpt>
      <trkpt lat="42.464080000" lon="-2.567620000">
        <ele>446.000</ele>
      </trkpt>
      <trkpt lat="42.463950000" lon="-2.567930000">
        <ele>446.000</ele>
      </trkpt>
      <trkpt lat="42.463690000" lon="-2.568540000">
        <ele>447.000</ele>
      </trkpt>
      <trkpt lat="42.463640000" lon="-2.568650000">
        <ele>447.000</ele>
      </trkpt>
      <trkpt lat="42.463570000" lon="-2.568840000">
        <ele>448.000</ele>
      </trkpt>
      <trkpt lat="42.463270000" lon="-2.569530000">
        <ele>448.000</ele>
      </trkpt>
      <trkpt lat="42.462970000" lon="-2.570230000">
        <ele>449.000</ele>
      </trkpt>
      <trkpt lat="42.462790000" lon="-2.570640000">
        <ele>450.000</ele>
      </trkpt>
      <trkpt lat="42.462720000" lon="-2.570800000">
        <ele>451.000</ele>
      </trkpt>
      <trkpt lat="42.462440000" lon="-2.571460000">
        <ele>452.000</ele>
      </trkpt>
      <trkpt lat="42.462250000" lon="-2.571910000">
        <ele>453.000</ele>
      </trkpt>
      <trkpt lat="42.462150000" lon="-2.572130000">
        <ele>455.000</ele>
      </trkpt>
      <trkpt lat="42.461940000" lon="-2.572630000">
        <ele>456.000</ele>
      </trkpt>
      <trkpt lat="42.461780000" lon="-2.573000000">
        <ele>457.000</ele>
      </trkpt>
      <trkpt lat="42.461720000" lon="-2.573150000">
        <ele>458.000</ele>
      </trkpt>
      <trkpt lat="42.461670000" lon="-2.573270000">
        <ele>459.000</ele>
      </trkpt>
      <trkpt lat="42.461470000" lon="-2.573740000">
        <ele>459.000</ele>
      </trkpt>
      <trkpt lat="42.461400000" lon="-2.573890000">
        <ele>460.000</ele>
      </trkpt>
      <trkpt lat="42.461350000" lon="-2.573980000">
        <ele>460.000</ele>
      </trkpt>
      <trkpt lat="42.461300000" lon="-2.574090000">
        <ele>461.000</ele>
      </trkpt>
      <trkpt lat="42.461160000" lon="-2.574310000">
        <ele>461.000</ele>
      </trkpt>
      <trkpt lat="42.461000000" lon="-2.574570000">
        <ele>462.000</ele>
      </trkpt>
      <trkpt lat="42.459730000" lon="-2.576500000">
        <ele>464.000</ele>
      </trkpt>
      <trkpt lat="42.459640000" lon="-2.576640000">
        <ele>465.000</ele>
      </trkpt>
      <trkpt lat="42.459170000" lon="-2.577370000">
        <ele>466.000</ele>
      </trkpt>
      <trkpt lat="42.458920000" lon="-2.577740000">
        <ele>468.000</ele>
      </trkpt>
      <trkpt lat="42.458530000" lon="-2.578340000">
        <ele>469.000</ele>
      </trkpt>
      <trkpt lat="42.458490000" lon="-2.578410000">
        <ele>470.000</ele>
      </trkpt>
      <trkpt lat="42.458420000" lon="-2.578510000">
        <ele>470.000</ele>
      </trkpt>
      <trkpt lat="42.458290000" lon="-2.578720000">
        <ele>470.000</ele>
      </trkpt>
      <trkpt lat="42.458280000" lon="-2.578740000">
        <ele>470.000</ele>
      </trkpt>
      <trkpt lat="42.458210000" lon="-2.578860000">
        <ele>470.000</ele>
      </trkpt>
      <trkpt lat="42.458180000" lon="-2.578910000">
        <ele>470.000</ele>
      </trkpt>
      <trkpt lat="42.458150000" lon="-2.578980000">
        <ele>470.000</ele>
      </trkpt>
      <trkpt lat="42.458100000" lon="-2.579090000">
        <ele>470.000</ele>
      </trkpt>
      <trkpt lat="42.458090000" lon="-2.579120000">
        <ele>470.000</ele>
      </trkpt>
      <trkpt lat="42.458040000" lon="-2.579230000">
        <ele>470.000</ele>
      </trkpt>
      <trkpt lat="42.458010000" lon="-2.579340000">
        <ele>469.000</ele>
      </trkpt>
      <trkpt lat="42.458000000" lon="-2.579360000">
        <ele>469.000</ele>
      </trkpt>
      <trkpt lat="42.457970000" lon="-2.579480000">
        <ele>469.000</ele>
      </trkpt>
      <trkpt lat="42.457940000" lon="-2.579600000">
        <ele>469.000</ele>
      </trkpt>
      <trkpt lat="42.457910000" lon="-2.579740000">
        <ele>469.000</ele>
      </trkpt>
      <trkpt lat="42.457900000" lon="-2.579880000">
        <ele>468.000</ele>
      </trkpt>
      <trkpt lat="42.457890000" lon="-2.580000000">
        <ele>468.000</ele>
      </trkpt>
      <trkpt lat="42.457880000" lon="-2.580130000">
        <ele>468.000</ele>
      </trkpt>
      <trkpt lat="42.457880000" lon="-2.580280000">
        <ele>468.000</ele>
      </trkpt>
      <trkpt lat="42.457890000" lon="-2.580410000">
        <ele>467.000</ele>
      </trkpt>
      <trkpt lat="42.457900000" lon="-2.580520000">
        <ele>467.000</ele>
      </trkpt>
      <trkpt lat="42.457920000" lon="-2.580660000">
        <ele>467.000</ele>
      </trkpt>
      <trkpt lat="42.457950000" lon="-2.580810000">
        <ele>466.000</ele>
      </trkpt>
      <trkpt lat="42.458010000" lon="-2.581000000">
        <ele>465.000</ele>
      </trkpt>
      <trkpt lat="42.458020000" lon="-2.581040000">
        <ele>464.000</ele>
      </trkpt>
      <trkpt lat="42.458040000" lon="-2.581100000">
        <ele>464.000</ele>
      </trkpt>
      <trkpt lat="42.458090000" lon="-2.581240000">
        <ele>463.000</ele>
      </trkpt>
      <trkpt lat="42.458140000" lon="-2.581360000">
        <ele>462.000</ele>
      </trkpt>
      <trkpt lat="42.458200000" lon="-2.581490000">
        <ele>461.000</ele>
      </trkpt>
      <trkpt lat="42.458460000" lon="-2.582040000">
        <ele>459.000</ele>
      </trkpt>
      <trkpt lat="42.458470000" lon="-2.582060000">
        <ele>458.000</ele>
      </trkpt>
      <trkpt lat="42.458560000" lon="-2.582240000">
        <ele>456.000</ele>
      </trkpt>
      <trkpt lat="42.458750000" lon="-2.582650000">
        <ele>454.000</ele>
      </trkpt>
      <trkpt lat="42.458780000" lon="-2.582700000">
        <ele>453.000</ele>
      </trkpt>
      <trkpt lat="42.458850000" lon="-2.582860000">
        <ele>452.000</ele>
      </trkpt>
      <trkpt lat="42.459040000" lon="-2.583270000">
        <ele>449.000</ele>
      </trkpt>
      <trkpt lat="42.459060000" lon="-2.583320000">
        <ele>448.000</ele>
      </trkpt>
      <trkpt lat="42.459530000" lon="-2.584320000">
        <ele>444.000</ele>
      </trkpt>
      <trkpt lat="42.460010000" lon="-2.585320000">
        <ele>438.000</ele>
      </trkpt>
      <trkpt lat="42.460070000" lon="-2.585450000">
        <ele>434.000</ele>
      </trkpt>
      <trkpt lat="42.460130000" lon="-2.585580000">
        <ele>431.000</ele>
      </trkpt>
      <trkpt lat="42.460230000" lon="-2.585780000">
        <ele>429.000</ele>
      </trkpt>
      <trkpt lat="42.460440000" lon="-2.586210000">
        <ele>427.000</ele>
      </trkpt>
      <trkpt lat="42.460500000" lon="-2.586340000">
        <ele>425.000</ele>
      </trkpt>
      <trkpt lat="42.460530000" lon="-2.586390000">
        <ele>424.000</ele>
      </trkpt>
      <trkpt lat="42.460820000" lon="-2.587010000">
        <ele>422.000</ele>
      </trkpt>
      <trkpt lat="42.461250000" lon="-2.587900000">
        <ele>420.000</ele>
      </trkpt>
      <trkpt lat="42.461320000" lon="-2.588040000">
        <ele>418.000</ele>
      </trkpt>
      <trkpt lat="42.461360000" lon="-2.588140000">
        <ele>417.000</ele>
      </trkpt>
      <trkpt lat="42.461400000" lon="-2.588230000">
        <ele>416.000</ele>
      </trkpt>
      <trkpt lat="42.461460000" lon="-2.588380000">
        <ele>415.000</ele>
      </trkpt>
      <trkpt lat="42.461470000" lon="-2.588390000">
        <ele>415.000</ele>
      </trkpt>
      <trkpt lat="42.461520000" lon="-2.588520000">
        <ele>414.000</ele>
      </trkpt>
      <trkpt lat="42.461560000" lon="-2.588640000">
        <ele>414.000</ele>
      </trkpt>
      <trkpt lat="42.461620000" lon="-2.588810000">
        <ele>414.000</ele>
      </trkpt>
      <trkpt lat="42.461650000" lon="-2.588930000">
        <ele>414.000</ele>
      </trkpt>
      <trkpt lat="42.461900000" lon="-2.589920000">
        <ele>413.000</ele>
      </trkpt>
      <trkpt lat="42.462070000" lon="-2.590570000">
        <ele>413.000</ele>
      </trkpt>
      <trkpt lat="42.462260000" lon="-2.591350000">
        <ele>412.000</ele>
      </trkpt>
      <trkpt lat="42.462360000" lon="-2.591750000">
        <ele>412.000</ele>
      </trkpt>
      <trkpt lat="42.462950000" lon="-2.594110000">
        <ele>412.000</ele>
      </trkpt>
      <trkpt lat="42.463010000" lon="-2.594350000">
        <ele>412.000</ele>
      </trkpt>
      <trkpt lat="42.463220000" lon="-2.595210000">
        <ele>412.000</ele>
      </trkpt>
      <trkpt lat="42.463410000" lon="-2.595980000">
        <ele>412.000</ele>
      </trkpt>
      <trkpt lat="42.463980000" lon="-2.598290000">
        <ele>413.000</ele>
      </trkpt>
      <trkpt lat="42.464040000" lon="-2.598520000">
        <ele>414.000</ele>
      </trkpt>
      <trkpt lat="42.464580000" lon="-2.600690000">
        <ele>415.000</ele>
      </trkpt>
      <trkpt lat="42.464740000" lon="-2.601340000">
        <ele>416.000</ele>
      </trkpt>
      <trkpt lat="42.465020000" lon="-2.602460000">
        <ele>417.000</ele>
      </trkpt>
      <trkpt lat="42.465250000" lon="-2.603380000">
        <ele>418.000</ele>
      </trkpt>
      <trkpt lat="42.465490000" lon="-2.604340000">
        <ele>419.000</ele>
      </trkpt>
      <trkpt lat="42.465660000" lon="-2.605030000">
        <ele>421.000</ele>
      </trkpt>
      <trkpt lat="42.465800000" lon="-2.605610000">
        <ele>422.000</ele>
      </trkpt>
      <trkpt lat="42.466320000" lon="-2.607680000">
        <ele>423.000</ele>
      </trkpt>
      <trkpt lat="42.466400000" lon="-2.608050000">
        <ele>425.000</ele>
      </trkpt>
      <trkpt lat="42.466800000" lon="-2.609620000">
        <ele>427.000</ele>
      </trkpt>
      <trkpt lat="42.467030000" lon="-2.610550000">
        <ele>429.000</ele>
      </trkpt>
      <trkpt lat="42.467080000" lon="-2.610780000">
        <ele>430.000</ele>
      </trkpt>
      <trkpt lat="42.467150000" lon="-2.611050000">
        <ele>432.000</ele>
      </trkpt>
      <trkpt lat="42.467170000" lon="-2.611150000">
        <ele>433.000</ele>
      </trkpt>
      <trkpt lat="42.467200000" lon="-2.611240000">
        <ele>434.000</ele>
      </trkpt>
      <trkpt lat="42.467340000" lon="-2.611850000">
        <ele>435.000</ele>
      </trkpt>
      <trkpt lat="42.467390000" lon="-2.612040000">
        <ele>436.000</ele>
      </trkpt>
      <trkpt lat="42.467460000" lon="-2.612310000">
        <ele>437.000</ele>
      </trkpt>
      <trkpt lat="42.467540000" lon="-2.612630000">
        <ele>438.000</ele>
      </trkpt>
      <trkpt lat="42.467590000" lon="-2.612840000">
        <ele>439.000</ele>
      </trkpt>
      <trkpt lat="42.467640000" lon="-2.613070000">
        <ele>440.000</ele>
      </trkpt>
      <trkpt lat="42.467810000" lon="-2.613770000">
        <ele>442.000</ele>
      </trkpt>
      <trkpt lat="42.467890000" lon="-2.614060000">
        <ele>444.000</ele>
      </trkpt>
      <trkpt lat="42.467930000" lon="-2.614230000">
        <ele>446.000</ele>
      </trkpt>
      <trkpt lat="42.467990000" lon="-2.614480000">
        <ele>447.000</ele>
      </trkpt>
      <trkpt lat="42.468000000" lon="-2.614540000">
        <ele>448.000</ele>
      </trkpt>
      <trkpt lat="42.468030000" lon="-2.614680000">
        <ele>449.000</ele>
      </trkpt>
      <trkpt lat="42.468060000" lon="-2.614830000">
        <ele>450.000</ele>
      </trkpt>
      <trkpt lat="42.468080000" lon="-2.614940000">
        <ele>450.000</ele>
      </trkpt>
      <trkpt lat="42.468090000" lon="-2.615050000">
        <ele>451.000</ele>
      </trkpt>
      <trkpt lat="42.468100000" lon="-2.615180000">
        <ele>452.000</ele>
      </trkpt>
      <trkpt lat="42.468110000" lon="-2.615290000">
        <ele>452.000</ele>
      </trkpt>
      <trkpt lat="42.468110000" lon="-2.615460000">
        <ele>453.000</ele>
      </trkpt>
      <trkpt lat="42.468100000" lon="-2.615550000">
        <ele>454.000</ele>
      </trkpt>
      <trkpt lat="42.468090000" lon="-2.615640000">
        <ele>454.000</ele>
      </trkpt>
      <trkpt lat="42.468090000" lon="-2.615660000">
        <ele>455.000</ele>
      </trkpt>
      <trkpt lat="42.468080000" lon="-2.615760000">
        <ele>455.000</ele>
      </trkpt>
      <trkpt lat="42.468050000" lon="-2.615890000">
        <ele>456.000</ele>
      </trkpt>
      <trkpt lat="42.468050000" lon="-2.615900000">
        <ele>457.000</ele>
      </trkpt>
      <trkpt lat="42.468020000" lon="-2.616040000">
        <ele>457.000</ele>
      </trkpt>
      <trkpt lat="42.467990000" lon="-2.616130000">
        <ele>458.000</ele>
      </trkpt>
      <trkpt lat="42.467990000" lon="-2.616160000">
        <ele>458.000</ele>
      </trkpt>
      <trkpt lat="42.467940000" lon="-2.616290000">
        <ele>459.000</ele>
      </trkpt>
      <trkpt lat="42.467880000" lon="-2.616450000">
        <ele>460.000</ele>
      </trkpt>
      <trkpt lat="42.467840000" lon="-2.616540000">
        <ele>461.000</ele>
      </trkpt>
      <trkpt lat="42.467790000" lon="-2.616640000">
        <ele>462.000</ele>
      </trkpt>
      <trkpt lat="42.467720000" lon="-2.616750000">
        <ele>462.000</ele>
      </trkpt>
      <trkpt lat="42.467720000" lon="-2.616760000">
        <ele>463.000</ele>
      </trkpt>
      <trkpt lat="42.467590000" lon="-2.616930000">
        <ele>464.000</ele>
      </trkpt>
      <trkpt lat="42.467550000" lon="-2.616980000">
        <ele>465.000</ele>
      </trkpt>
      <trkpt lat="42.467480000" lon="-2.617070000">
        <ele>466.000</ele>
      </trkpt>
      <trkpt lat="42.467470000" lon="-2.617070000">
        <ele>466.000</ele>
      </trkpt>
      <trkpt lat="42.467390000" lon="-2.617160000">
        <ele>467.000</ele>
      </trkpt>
      <trkpt lat="42.467330000" lon="-2.617220000">
        <ele>468.000</ele>
      </trkpt>
      <trkpt lat="42.467300000" lon="-2.617240000">
        <ele>468.000</ele>
      </trkpt>
      <trkpt lat="42.467180000" lon="-2.617360000">
        <ele>469.000</ele>
      </trkpt>
      <trkpt lat="42.467160000" lon="-2.617380000">
        <ele>470.000</ele>
      </trkpt>
      <trkpt lat="42.467020000" lon="-2.617500000">
        <ele>471.000</ele>
      </trkpt>
      <trkpt lat="42.466790000" lon="-2.617740000">
        <ele>472.000</ele>
      </trkpt>
      <trkpt lat="42.466690000" lon="-2.617850000">
        <ele>473.000</ele>
      </trkpt>
      <trkpt lat="42.466650000" lon="-2.617910000">
        <ele>474.000</ele>
      </trkpt>
      <trkpt lat="42.466610000" lon="-2.617970000">
        <ele>474.000</ele>
      </trkpt>
      <trkpt lat="42.466590000" lon="-2.617990000">
        <ele>475.000</ele>
      </trkpt>
      <trkpt lat="42.466530000" lon="-2.618090000">
        <ele>475.000</ele>
      </trkpt>
      <trkpt lat="42.466530000" lon="-2.618100000">
        <ele>476.000</ele>
      </trkpt>
      <trkpt lat="42.466510000" lon="-2.618130000">
        <ele>476.000</ele>
      </trkpt>
      <trkpt lat="42.466500000" lon="-2.618160000">
        <ele>476.000</ele>
      </trkpt>
      <trkpt lat="42.466430000" lon="-2.618280000">
        <ele>477.000</ele>
      </trkpt>
      <trkpt lat="42.466350000" lon="-2.618480000">
        <ele>477.000</ele>
      </trkpt>
      <trkpt lat="42.466300000" lon="-2.618650000">
        <ele>478.000</ele>
      </trkpt>
      <trkpt lat="42.466250000" lon="-2.618830000">
        <ele>478.000</ele>
      </trkpt>
      <trkpt lat="42.466210000" lon="-2.619040000">
        <ele>479.000</ele>
      </trkpt>
      <trkpt lat="42.466180000" lon="-2.619280000">
        <ele>480.000</ele>
      </trkpt>
      <trkpt lat="42.466160000" lon="-2.619450000">
        <ele>481.000</ele>
      </trkpt>
      <trkpt lat="42.466140000" lon="-2.619660000">
        <ele>482.000</ele>
      </trkpt>
      <trkpt lat="42.466120000" lon="-2.619980000">
        <ele>483.000</ele>
      </trkpt>
      <trkpt lat="42.466120000" lon="-2.620360000">
        <ele>486.000</ele>
      </trkpt>
      <trkpt lat="42.466150000" lon="-2.620670000">
        <ele>488.000</ele>
      </trkpt>
      <trkpt lat="42.466190000" lon="-2.620870000">
        <ele>491.000</ele>
      </trkpt>
      <trkpt lat="42.466250000" lon="-2.621070000">
        <ele>493.000</ele>
      </trkpt>
      <trkpt lat="42.466280000" lon="-2.621180000">
        <ele>495.000</ele>
      </trkpt>
      <trkpt lat="42.466330000" lon="-2.621300000">
        <ele>496.000</ele>
      </trkpt>
      <trkpt lat="42.466370000" lon="-2.621380000">
        <ele>498.000</ele>
      </trkpt>
      <trkpt lat="42.466430000" lon="-2.621490000">
        <ele>499.000</ele>
      </trkpt>
      <trkpt lat="42.466460000" lon="-2.621560000">
        <ele>500.000</ele>
      </trkpt>
      <trkpt lat="42.466520000" lon="-2.621650000">
        <ele>502.000</ele>
      </trkpt>
      <trkpt lat="42.466590000" lon="-2.621750000">
        <ele>503.000</ele>
      </trkpt>
      <trkpt lat="42.466670000" lon="-2.621840000">
        <ele>504.000</ele>
      </trkpt>
      <trkpt lat="42.466780000" lon="-2.621960000">
        <ele>506.000</ele>
      </trkpt>
      <trkpt lat="42.466860000" lon="-2.622030000">
        <ele>506.000</ele>
      </trkpt>
      <trkpt lat="42.466960000" lon="-2.622110000">
        <ele>507.000</ele>
      </trkpt>
      <trkpt lat="42.467050000" lon="-2.622180000">
        <ele>507.000</ele>
      </trkpt>
      <trkpt lat="42.467090000" lon="-2.622210000">
        <ele>508.000</ele>
      </trkpt>
      <trkpt lat="42.467160000" lon="-2.622250000">
        <ele>508.000</ele>
      </trkpt>
      <trkpt lat="42.467240000" lon="-2.622300000">
        <ele>508.000</ele>
      </trkpt>
      <trkpt lat="42.467250000" lon="-2.622310000">
        <ele>508.000</ele>
      </trkpt>
      <trkpt lat="42.467250000" lon="-2.622320000">
        <ele>508.000</ele>
      </trkpt>
      <trkpt lat="42.467350000" lon="-2.622380000">
        <ele>508.000</ele>
      </trkpt>
      <trkpt lat="42.467420000" lon="-2.622420000">
        <ele>507.000</ele>
      </trkpt>
      <trkpt lat="42.467560000" lon="-2.622520000">
        <ele>507.000</ele>
      </trkpt>
      <trkpt lat="42.467580000" lon="-2.622530000">
        <ele>507.000</ele>
      </trkpt>
      <trkpt lat="42.467750000" lon="-2.622650000">
        <ele>507.000</ele>
      </trkpt>
      <trkpt lat="42.467850000" lon="-2.622720000">
        <ele>507.000</ele>
      </trkpt>
      <trkpt lat="42.467880000" lon="-2.622740000">
        <ele>507.000</ele>
      </trkpt>
      <trkpt lat="42.467890000" lon="-2.622750000">
        <ele>507.000</ele>
      </trkpt>
      <trkpt lat="42.467950000" lon="-2.622800000">
        <ele>507.000</ele>
      </trkpt>
      <trkpt lat="42.468020000" lon="-2.622860000">
        <ele>506.000</ele>
      </trkpt>
      <trkpt lat="42.468100000" lon="-2.622930000">
        <ele>506.000</ele>
      </trkpt>
      <trkpt lat="42.468190000" lon="-2.623000000">
        <ele>506.000</ele>
      </trkpt>
      <trkpt lat="42.468360000" lon="-2.623170000">
        <ele>506.000</ele>
      </trkpt>
      <trkpt lat="42.468460000" lon="-2.623270000">
        <ele>506.000</ele>
      </trkpt>
      <trkpt lat="42.468510000" lon="-2.623330000">
        <ele>505.000</ele>
      </trkpt>
      <trkpt lat="42.468530000" lon="-2.623350000">
        <ele>505.000</ele>
      </trkpt>
      <trkpt lat="42.468580000" lon="-2.623420000">
        <ele>505.000</ele>
      </trkpt>
      <trkpt lat="42.468630000" lon="-2.623470000">
        <ele>504.000</ele>
      </trkpt>
      <trkpt lat="42.468780000" lon="-2.623670000">
        <ele>504.000</ele>
      </trkpt>
      <trkpt lat="42.468850000" lon="-2.623760000">
        <ele>503.000</ele>
      </trkpt>
      <trkpt lat="42.468860000" lon="-2.623780000">
        <ele>503.000</ele>
      </trkpt>
      <trkpt lat="42.468860000" lon="-2.623780000">
        <ele>503.000</ele>
      </trkpt>
      <trkpt lat="42.468950000" lon="-2.623900000">
        <ele>502.000</ele>
      </trkpt>
      <trkpt lat="42.469110000" lon="-2.624150000">
        <ele>502.000</ele>
      </trkpt>
      <trkpt lat="42.469240000" lon="-2.624390000">
        <ele>501.000</ele>
      </trkpt>
      <trkpt lat="42.469300000" lon="-2.624510000">
        <ele>500.000</ele>
      </trkpt>
      <trkpt lat="42.469370000" lon="-2.624650000">
        <ele>500.000</ele>
      </trkpt>
      <trkpt lat="42.469450000" lon="-2.624840000">
        <ele>499.000</ele>
      </trkpt>
      <trkpt lat="42.469520000" lon="-2.625000000">
        <ele>498.000</ele>
      </trkpt>
      <trkpt lat="42.469570000" lon="-2.625140000">
        <ele>498.000</ele>
      </trkpt>
      <trkpt lat="42.469620000" lon="-2.625300000">
        <ele>497.000</ele>
      </trkpt>
      <trkpt lat="42.469680000" lon="-2.625460000">
        <ele>497.000</ele>
      </trkpt>
      <trkpt lat="42.469730000" lon="-2.625640000">
        <ele>496.000</ele>
      </trkpt>
      <trkpt lat="42.469790000" lon="-2.625830000">
        <ele>495.000</ele>
      </trkpt>
      <trkpt lat="42.469830000" lon="-2.625970000">
        <ele>495.000</ele>
      </trkpt>
      <trkpt lat="42.469870000" lon="-2.626120000">
        <ele>494.000</ele>
      </trkpt>
      <trkpt lat="42.469880000" lon="-2.626140000">
        <ele>494.000</ele>
      </trkpt>
      <trkpt lat="42.469910000" lon="-2.626260000">
        <ele>493.000</ele>
      </trkpt>
      <trkpt lat="42.469940000" lon="-2.626370000">
        <ele>493.000</ele>
      </trkpt>
      <trkpt lat="42.469940000" lon="-2.626400000">
        <ele>493.000</ele>
      </trkpt>
      <trkpt lat="42.469990000" lon="-2.626580000">
        <ele>492.000</ele>
      </trkpt>
      <trkpt lat="42.469990000" lon="-2.626600000">
        <ele>492.000</ele>
      </trkpt>
      <trkpt lat="42.470120000" lon="-2.627150000">
        <ele>491.000</ele>
      </trkpt>
      <trkpt lat="42.470230000" lon="-2.627630000">
        <ele>490.000</ele>
      </trkpt>
      <trkpt lat="42.470320000" lon="-2.628010000">
        <ele>489.000</ele>
      </trkpt>
      <trkpt lat="42.470370000" lon="-2.628230000">
        <ele>488.000</ele>
      </trkpt>
      <trkpt lat="42.470450000" lon="-2.628570000">
        <ele>487.000</ele>
      </trkpt>
      <trkpt lat="42.470470000" lon="-2.628700000">
        <ele>486.000</ele>
      </trkpt>
      <trkpt lat="42.470510000" lon="-2.628760000">
        <ele>485.000</ele>
      </trkpt>
      <trkpt lat="42.470570000" lon="-2.629030000">
        <ele>484.000</ele>
      </trkpt>
      <trkpt lat="42.470590000" lon="-2.629120000">
        <ele>484.000</ele>
      </trkpt>
      <trkpt lat="42.470610000" lon="-2.629200000">
        <ele>483.000</ele>
      </trkpt>
      <trkpt lat="42.470620000" lon="-2.629230000">
        <ele>483.000</ele>
      </trkpt>
      <trkpt lat="42.470640000" lon="-2.629310000">
        <ele>483.000</ele>
      </trkpt>
      <trkpt lat="42.470650000" lon="-2.629380000">
        <ele>483.000</ele>
      </trkpt>
      <trkpt lat="42.470670000" lon="-2.629460000">
        <ele>482.000</ele>
      </trkpt>
      <trkpt lat="42.470690000" lon="-2.629560000">
        <ele>482.000</ele>
      </trkpt>
      <trkpt lat="42.470700000" lon="-2.629660000">
        <ele>482.000</ele>
      </trkpt>
      <trkpt lat="42.470720000" lon="-2.629750000">
        <ele>481.000</ele>
      </trkpt>
      <trkpt lat="42.470730000" lon="-2.629850000">
        <ele>481.000</ele>
      </trkpt>
      <trkpt lat="42.470740000" lon="-2.629940000">
        <ele>481.000</ele>
      </trkpt>
      <trkpt lat="42.470770000" lon="-2.630180000">
        <ele>480.000</ele>
      </trkpt>
      <trkpt lat="42.470790000" lon="-2.630470000">
        <ele>480.000</ele>
      </trkpt>
      <trkpt lat="42.470790000" lon="-2.630710000">
        <ele>479.000</ele>
      </trkpt>
      <trkpt lat="42.470780000" lon="-2.631070000">
        <ele>479.000</ele>
      </trkpt>
      <trkpt lat="42.470770000" lon="-2.631240000">
        <ele>478.000</ele>
      </trkpt>
      <trkpt lat="42.470760000" lon="-2.631390000">
        <ele>478.000</ele>
      </trkpt>
      <trkpt lat="42.470750000" lon="-2.631440000">
        <ele>478.000</ele>
      </trkpt>
      <trkpt lat="42.470740000" lon="-2.631530000">
        <ele>477.000</ele>
      </trkpt>
      <trkpt lat="42.470730000" lon="-2.631650000">
        <ele>477.000</ele>
      </trkpt>
      <trkpt lat="42.470720000" lon="-2.631740000">
        <ele>477.000</ele>
      </trkpt>
      <trkpt lat="42.470700000" lon="-2.631840000">
        <ele>477.000</ele>
      </trkpt>
      <trkpt lat="42.470680000" lon="-2.631950000">
        <ele>476.000</ele>
      </trkpt>
      <trkpt lat="42.470640000" lon="-2.632210000">
        <ele>476.000</ele>
      </trkpt>
      <trkpt lat="42.470630000" lon="-2.632230000">
        <ele>476.000</ele>
      </trkpt>
      <trkpt lat="42.470600000" lon="-2.632280000">
        <ele>476.000</ele>
      </trkpt>
      <trkpt lat="42.470590000" lon="-2.632360000">
        <ele>476.000</ele>
      </trkpt>
      <trkpt lat="42.470530000" lon="-2.632680000">
        <ele>475.000</ele>
      </trkpt>
      <trkpt lat="42.470380000" lon="-2.633510000">
        <ele>475.000</ele>
      </trkpt>
      <trkpt lat="42.470340000" lon="-2.633740000">
        <ele>475.000</ele>
      </trkpt>
      <trkpt lat="42.470300000" lon="-2.633940000">
        <ele>475.000</ele>
      </trkpt>
      <trkpt lat="42.470280000" lon="-2.634080000">
        <ele>475.000</ele>
      </trkpt>
      <trkpt lat="42.470250000" lon="-2.634300000">
        <ele>475.000</ele>
      </trkpt>
      <trkpt lat="42.470230000" lon="-2.634410000">
        <ele>475.000</ele>
      </trkpt>
      <trkpt lat="42.470230000" lon="-2.634440000">
        <ele>475.000</ele>
      </trkpt>
      <trkpt lat="42.470220000" lon="-2.634580000">
        <ele>475.000</ele>
      </trkpt>
      <trkpt lat="42.470200000" lon="-2.634750000">
        <ele>475.000</ele>
      </trkpt>
      <trkpt lat="42.470190000" lon="-2.634900000">
        <ele>475.000</ele>
      </trkpt>
      <trkpt lat="42.470190000" lon="-2.635060000">
        <ele>475.000</ele>
      </trkpt>
      <trkpt lat="42.470190000" lon="-2.635220000">
        <ele>475.000</ele>
      </trkpt>
      <trkpt lat="42.470190000" lon="-2.635370000">
        <ele>474.000</ele>
      </trkpt>
      <trkpt lat="42.470190000" lon="-2.635510000">
        <ele>474.000</ele>
      </trkpt>
      <trkpt lat="42.470200000" lon="-2.635680000">
        <ele>474.000</ele>
      </trkpt>
      <trkpt lat="42.470210000" lon="-2.635860000">
        <ele>473.000</ele>
      </trkpt>
      <trkpt lat="42.470230000" lon="-2.636080000">
        <ele>473.000</ele>
      </trkpt>
      <trkpt lat="42.470250000" lon="-2.636240000">
        <ele>473.000</ele>
      </trkpt>
      <trkpt lat="42.470270000" lon="-2.636400000">
        <ele>472.000</ele>
      </trkpt>
      <trkpt lat="42.470300000" lon="-2.636560000">
        <ele>472.000</ele>
      </trkpt>
      <trkpt lat="42.470330000" lon="-2.636720000">
        <ele>471.000</ele>
      </trkpt>
      <trkpt lat="42.470350000" lon="-2.636810000">
        <ele>471.000</ele>
      </trkpt>
      <trkpt lat="42.470360000" lon="-2.636860000">
        <ele>471.000</ele>
      </trkpt>
      <trkpt lat="42.470410000" lon="-2.637070000">
        <ele>470.000</ele>
      </trkpt>
      <trkpt lat="42.470470000" lon="-2.637280000">
        <ele>470.000</ele>
      </trkpt>
      <trkpt lat="42.470500000" lon="-2.637390000">
        <ele>469.000</ele>
      </trkpt>
      <trkpt lat="42.470540000" lon="-2.637490000">
        <ele>469.000</ele>
      </trkpt>
      <trkpt lat="42.470600000" lon="-2.637680000">
        <ele>468.000</ele>
      </trkpt>
      <trkpt lat="42.470640000" lon="-2.637810000">
        <ele>468.000</ele>
      </trkpt>
      <trkpt lat="42.470670000" lon="-2.637850000">
        <ele>468.000</ele>
      </trkpt>
      <trkpt lat="42.470670000" lon="-2.637860000">
        <ele>467.000</ele>
      </trkpt>
      <trkpt lat="42.470680000" lon="-2.637870000">
        <ele>467.000</ele>
      </trkpt>
      <trkpt lat="42.470820000" lon="-2.638270000">
        <ele>467.000</ele>
      </trkpt>
      <trkpt lat="42.470940000" lon="-2.638630000">
        <ele>466.000</ele>
      </trkpt>
      <trkpt lat="42.471060000" lon="-2.638950000">
        <ele>465.000</ele>
      </trkpt>
      <trkpt lat="42.471160000" lon="-2.639240000">
        <ele>464.000</ele>
      </trkpt>
      <trkpt lat="42.471260000" lon="-2.639480000">
        <ele>463.000</ele>
      </trkpt>
      <trkpt lat="42.471330000" lon="-2.639670000">
        <ele>462.000</ele>
      </trkpt>
      <trkpt lat="42.471380000" lon="-2.639790000">
        <ele>461.000</ele>
      </trkpt>
      <trkpt lat="42.471430000" lon="-2.639900000">
        <ele>461.000</ele>
      </trkpt>
      <trkpt lat="42.471470000" lon="-2.639980000">
        <ele>460.000</ele>
      </trkpt>
      <trkpt lat="42.471610000" lon="-2.640250000">
        <ele>460.000</ele>
      </trkpt>
      <trkpt lat="42.471700000" lon="-2.640410000">
        <ele>459.000</ele>
      </trkpt>
      <trkpt lat="42.471750000" lon="-2.640510000">
        <ele>459.000</ele>
      </trkpt>
      <trkpt lat="42.471850000" lon="-2.640680000">
        <ele>459.000</ele>
      </trkpt>
      <trkpt lat="42.472120000" lon="-2.641070000">
        <ele>458.000</ele>
      </trkpt>
      <trkpt lat="42.472230000" lon="-2.641240000">
        <ele>458.000</ele>
      </trkpt>
      <trkpt lat="42.472380000" lon="-2.641410000">
        <ele>457.000</ele>
      </trkpt>
      <trkpt lat="42.472400000" lon="-2.641440000">
        <ele>457.000</ele>
      </trkpt>
      <trkpt lat="42.472570000" lon="-2.641630000">
        <ele>457.000</ele>
      </trkpt>
      <trkpt lat="42.472580000" lon="-2.641640000">
        <ele>456.000</ele>
      </trkpt>
      <trkpt lat="42.472590000" lon="-2.641660000">
        <ele>456.000</ele>
      </trkpt>
      <trkpt lat="42.472600000" lon="-2.641690000">
        <ele>456.000</ele>
      </trkpt>
      <trkpt lat="42.472650000" lon="-2.641740000">
        <ele>456.000</ele>
      </trkpt>
      <trkpt lat="42.472800000" lon="-2.641880000">
        <ele>455.000</ele>
      </trkpt>
      <trkpt lat="42.472980000" lon="-2.642040000">
        <ele>455.000</ele>
      </trkpt>
      <trkpt lat="42.473010000" lon="-2.642070000">
        <ele>455.000</ele>
      </trkpt>
      <trkpt lat="42.473260000" lon="-2.642260000">
        <ele>454.000</ele>
      </trkpt>
      <trkpt lat="42.473490000" lon="-2.642420000">
        <ele>453.000</ele>
      </trkpt>
      <trkpt lat="42.473690000" lon="-2.642540000">
        <ele>453.000</ele>
      </trkpt>
      <trkpt lat="42.473770000" lon="-2.642590000">
        <ele>452.000</ele>
      </trkpt>
      <trkpt lat="42.473790000" lon="-2.642600000">
        <ele>451.000</ele>
      </trkpt>
      <trkpt lat="42.473860000" lon="-2.642630000">
        <ele>451.000</ele>
      </trkpt>
      <trkpt lat="42.474000000" lon="-2.642700000">
        <ele>451.000</ele>
      </trkpt>
      <trkpt lat="42.474140000" lon="-2.642770000">
        <ele>450.000</ele>
      </trkpt>
      <trkpt lat="42.474330000" lon="-2.642840000">
        <ele>450.000</ele>
      </trkpt>
      <trkpt lat="42.474550000" lon="-2.642920000">
        <ele>449.000</ele>
      </trkpt>
      <trkpt lat="42.474840000" lon="-2.642990000">
        <ele>449.000</ele>
      </trkpt>
      <trkpt lat="42.475000000" lon="-2.643020000">
        <ele>449.000</ele>
      </trkpt>
      <trkpt lat="42.475220000" lon="-2.643050000">
        <ele>449.000</ele>
      </trkpt>
      <trkpt lat="42.475410000" lon="-2.643060000">
        <ele>449.000</ele>
      </trkpt>
      <trkpt lat="42.475540000" lon="-2.643070000">
        <ele>450.000</ele>
      </trkpt>
      <trkpt lat="42.475620000" lon="-2.643070000">
        <ele>450.000</ele>
      </trkpt>
      <trkpt lat="42.475730000" lon="-2.643070000">
        <ele>450.000</ele>
      </trkpt>
      <trkpt lat="42.475840000" lon="-2.643070000">
        <ele>450.000</ele>
      </trkpt>
      <trkpt lat="42.476180000" lon="-2.643050000">
        <ele>450.000</ele>
      </trkpt>
      <trkpt lat="42.476300000" lon="-2.643040000">
        <ele>450.000</ele>
      </trkpt>
      <trkpt lat="42.476480000" lon="-2.643040000">
        <ele>450.000</ele>
      </trkpt>
      <trkpt lat="42.476530000" lon="-2.643030000">
        <ele>450.000</ele>
      </trkpt>
      <trkpt lat="42.476640000" lon="-2.643030000">
        <ele>450.000</ele>
      </trkpt>
      <trkpt lat="42.476740000" lon="-2.643030000">
        <ele>450.000</ele>
      </trkpt>
      <trkpt lat="42.476840000" lon="-2.643040000">
        <ele>450.000</ele>
      </trkpt>
      <trkpt lat="42.476920000" lon="-2.643040000">
        <ele>450.000</ele>
      </trkpt>
      <trkpt lat="42.477000000" lon="-2.643050000">
        <ele>449.000</ele>
      </trkpt>
      <trkpt lat="42.477070000" lon="-2.643060000">
        <ele>449.000</ele>
      </trkpt>
      <trkpt lat="42.477240000" lon="-2.643090000">
        <ele>449.000</ele>
      </trkpt>
      <trkpt lat="42.477270000" lon="-2.643100000">
        <ele>449.000</ele>
      </trkpt>
      <trkpt lat="42.477310000" lon="-2.643110000">
        <ele>449.000</ele>
      </trkpt>
      <trkpt lat="42.477370000" lon="-2.643120000">
        <ele>449.000</ele>
      </trkpt>
      <trkpt lat="42.477430000" lon="-2.643140000">
        <ele>449.000</ele>
      </trkpt>
      <trkpt lat="42.477630000" lon="-2.643200000">
        <ele>449.000</ele>
      </trkpt>
      <trkpt lat="42.477780000" lon="-2.643270000">
        <ele>448.000</ele>
      </trkpt>
      <trkpt lat="42.477890000" lon="-2.643310000">
        <ele>448.000</ele>
      </trkpt>
      <trkpt lat="42.477940000" lon="-2.643330000">
        <ele>448.000</ele>
      </trkpt>
      <trkpt lat="42.478030000" lon="-2.643370000">
        <ele>448.000</ele>
      </trkpt>
      <trkpt lat="42.478150000" lon="-2.643420000">
        <ele>448.000</ele>
      </trkpt>
      <trkpt lat="42.478250000" lon="-2.643460000">
        <ele>448.000</ele>
      </trkpt>
      <trkpt lat="42.478490000" lon="-2.643570000">
        <ele>449.000</ele>
      </trkpt>
      <trkpt lat="42.478660000" lon="-2.643650000">
        <ele>449.000</ele>
      </trkpt>
      <trkpt lat="42.478670000" lon="-2.643650000">
        <ele>450.000</ele>
      </trkpt>
      <trkpt lat="42.478770000" lon="-2.643700000">
        <ele>450.000</ele>
      </trkpt>
      <trkpt lat="42.478920000" lon="-2.643780000">
        <ele>451.000</ele>
      </trkpt>
      <trkpt lat="42.479010000" lon="-2.643830000">
        <ele>451.000</ele>
      </trkpt>
      <trkpt lat="42.479130000" lon="-2.643910000">
        <ele>452.000</ele>
      </trkpt>
      <trkpt lat="42.479290000" lon="-2.644020000">
        <ele>453.000</ele>
      </trkpt>
      <trkpt lat="42.479380000" lon="-2.644110000">
        <ele>453.000</ele>
      </trkpt>
      <trkpt lat="42.479480000" lon="-2.644200000">
        <ele>454.000</ele>
      </trkpt>
      <trkpt lat="42.479500000" lon="-2.644220000">
        <ele>454.000</ele>
      </trkpt>
      <trkpt lat="42.479570000" lon="-2.644310000">
        <ele>455.000</ele>
      </trkpt>
      <trkpt lat="42.479640000" lon="-2.644390000">
        <ele>455.000</ele>
      </trkpt>
      <trkpt lat="42.479710000" lon="-2.644490000">
        <ele>456.000</ele>
      </trkpt>
      <trkpt lat="42.479770000" lon="-2.644570000">
        <ele>456.000</ele>
      </trkpt>
      <trkpt lat="42.479820000" lon="-2.644660000">
        <ele>456.000</ele>
      </trkpt>
      <trkpt lat="42.479880000" lon="-2.644760000">
        <ele>456.000</ele>
      </trkpt>
      <trkpt lat="42.479920000" lon="-2.644840000">
        <ele>456.000</ele>
      </trkpt>
      <trkpt lat="42.479970000" lon="-2.644940000">
        <ele>456.000</ele>
      </trkpt>
      <trkpt lat="42.479990000" lon="-2.644990000">
        <ele>456.000</ele>
      </trkpt>
      <trkpt lat="42.480020000" lon="-2.645060000">
        <ele>455.000</ele>
      </trkpt>
      <trkpt lat="42.480050000" lon="-2.645140000">
        <ele>455.000</ele>
      </trkpt>
      <trkpt lat="42.480060000" lon="-2.645170000">
        <ele>455.000</ele>
      </trkpt>
      <trkpt lat="42.480080000" lon="-2.645230000">
        <ele>455.000</ele>
      </trkpt>
      <trkpt lat="42.480100000" lon="-2.645290000">
        <ele>455.000</ele>
      </trkpt>
      <trkpt lat="42.480110000" lon="-2.645340000">
        <ele>455.000</ele>
      </trkpt>
      <trkpt lat="42.480140000" lon="-2.645420000">
        <ele>455.000</ele>
      </trkpt>
      <trkpt lat="42.480150000" lon="-2.645470000">
        <ele>454.000</ele>
      </trkpt>
      <trkpt lat="42.480170000" lon="-2.645550000">
        <ele>454.000</ele>
      </trkpt>
      <trkpt lat="42.480190000" lon="-2.645630000">
        <ele>454.000</ele>
      </trkpt>
      <trkpt lat="42.480200000" lon="-2.645720000">
        <ele>454.000</ele>
      </trkpt>
      <trkpt lat="42.480220000" lon="-2.645860000">
        <ele>454.000</ele>
      </trkpt>
      <trkpt lat="42.480230000" lon="-2.645900000">
        <ele>454.000</ele>
      </trkpt>
      <trkpt lat="42.480230000" lon="-2.645910000">
        <ele>454.000</ele>
      </trkpt>
      <trkpt lat="42.480280000" lon="-2.646230000">
        <ele>453.000</ele>
      </trkpt>
      <trkpt lat="42.480290000" lon="-2.646330000">
        <ele>453.000</ele>
      </trkpt>
      <trkpt lat="42.480330000" lon="-2.646570000">
        <ele>453.000</ele>
      </trkpt>
      <trkpt lat="42.480330000" lon="-2.646590000">
        <ele>452.000</ele>
      </trkpt>
      <trkpt lat="42.480350000" lon="-2.646710000">
        <ele>452.000</ele>
      </trkpt>
      <trkpt lat="42.480370000" lon="-2.646840000">
        <ele>452.000</ele>
      </trkpt>
      <trkpt lat="42.480430000" lon="-2.647130000">
        <ele>451.000</ele>
      </trkpt>
      <trkpt lat="42.480480000" lon="-2.647300000">
        <ele>451.000</ele>
      </trkpt>
      <trkpt lat="42.480520000" lon="-2.647420000">
        <ele>450.000</ele>
      </trkpt>
      <trkpt lat="42.480550000" lon="-2.647480000">
        <ele>449.000</ele>
      </trkpt>
      <trkpt lat="42.480580000" lon="-2.647550000">
        <ele>449.000</ele>
      </trkpt>
      <trkpt lat="42.480620000" lon="-2.647680000">
        <ele>448.000</ele>
      </trkpt>
      <trkpt lat="42.480670000" lon="-2.647840000">
        <ele>448.000</ele>
      </trkpt>
      <trkpt lat="42.480700000" lon="-2.647920000">
        <ele>447.000</ele>
      </trkpt>
      <trkpt lat="42.480780000" lon="-2.648080000">
        <ele>446.000</ele>
      </trkpt>
      <trkpt lat="42.480830000" lon="-2.648190000">
        <ele>446.000</ele>
      </trkpt>
      <trkpt lat="42.480870000" lon="-2.648270000">
        <ele>445.000</ele>
      </trkpt>
      <trkpt lat="42.481060000" lon="-2.648620000">
        <ele>444.000</ele>
      </trkpt>
      <trkpt lat="42.481220000" lon="-2.648920000">
        <ele>443.000</ele>
      </trkpt>
      <trkpt lat="42.481380000" lon="-2.649210000">
        <ele>441.000</ele>
      </trkpt>
      <trkpt lat="42.481500000" lon="-2.649440000">
        <ele>440.000</ele>
      </trkpt>
      <trkpt lat="42.481550000" lon="-2.649520000">
        <ele>439.000</ele>
      </trkpt>
      <trkpt lat="42.481570000" lon="-2.649570000">
        <ele>439.000</ele>
      </trkpt>
      <trkpt lat="42.481640000" lon="-2.649700000">
        <ele>438.000</ele>
      </trkpt>
      <trkpt lat="42.481750000" lon="-2.649890000">
        <ele>438.000</ele>
      </trkpt>
      <trkpt lat="42.481790000" lon="-2.649960000">
        <ele>438.000</ele>
      </trkpt>
      <trkpt lat="42.482400000" lon="-2.651060000">
        <ele>437.000</ele>
      </trkpt>
      <trkpt lat="42.482920000" lon="-2.652020000">
        <ele>435.000</ele>
      </trkpt>
      <trkpt lat="42.482960000" lon="-2.652090000">
        <ele>434.000</ele>
      </trkpt>
      <trkpt lat="42.483280000" lon="-2.652690000">
        <ele>433.000</ele>
      </trkpt>
      <trkpt lat="42.483330000" lon="-2.652810000">
        <ele>432.000</ele>
      </trkpt>
      <trkpt lat="42.483550000" lon="-2.653270000">
        <ele>432.000</ele>
      </trkpt>
      <trkpt lat="42.483610000" lon="-2.653410000">
        <ele>431.000</ele>
      </trkpt>
      <trkpt lat="42.483650000" lon="-2.653490000">
        <ele>431.000</ele>
      </trkpt>
      <trkpt lat="42.483680000" lon="-2.653560000">
        <ele>430.000</ele>
      </trkpt>
      <trkpt lat="42.483740000" lon="-2.653700000">
        <ele>430.000</ele>
      </trkpt>
      <trkpt lat="42.483820000" lon="-2.653890000">
        <ele>430.000</ele>
      </trkpt>
      <trkpt lat="42.483860000" lon="-2.654000000">
        <ele>429.000</ele>
      </trkpt>
      <trkpt lat="42.483910000" lon="-2.654100000">
        <ele>429.000</ele>
      </trkpt>
      <trkpt lat="42.484150000" lon="-2.654700000">
        <ele>429.000</ele>
      </trkpt>
      <trkpt lat="42.484250000" lon="-2.654940000">
        <ele>428.000</ele>
      </trkpt>
      <trkpt lat="42.484330000" lon="-2.655130000">
        <ele>428.000</ele>
      </trkpt>
      <trkpt lat="42.484500000" lon="-2.655550000">
        <ele>427.000</ele>
      </trkpt>
      <trkpt lat="42.484620000" lon="-2.655830000">
        <ele>427.000</ele>
      </trkpt>
      <trkpt lat="42.484670000" lon="-2.655920000">
        <ele>427.000</ele>
      </trkpt>
      <trkpt lat="42.484700000" lon="-2.655970000">
        <ele>426.000</ele>
      </trkpt>
      <trkpt lat="42.484720000" lon="-2.656020000">
        <ele>426.000</ele>
      </trkpt>
      <trkpt lat="42.484730000" lon="-2.656040000">
        <ele>426.000</ele>
      </trkpt>
      <trkpt lat="42.484780000" lon="-2.656130000">
        <ele>426.000</ele>
      </trkpt>
      <trkpt lat="42.484850000" lon="-2.656240000">
        <ele>426.000</ele>
      </trkpt>
      <trkpt lat="42.484940000" lon="-2.656390000">
        <ele>426.000</ele>
      </trkpt>
      <trkpt lat="42.485020000" lon="-2.656520000">
        <ele>426.000</ele>
      </trkpt>
      <trkpt lat="42.485110000" lon="-2.656650000">
        <ele>426.000</ele>
      </trkpt>
      <trkpt lat="42.485200000" lon="-2.656780000">
        <ele>426.000</ele>
      </trkpt>
      <trkpt lat="42.485330000" lon="-2.656930000">
        <ele>427.000</ele>
      </trkpt>
      <trkpt lat="42.485420000" lon="-2.657050000">
        <ele>427.000</ele>
      </trkpt>
      <trkpt lat="42.485480000" lon="-2.657110000">
        <ele>427.000</ele>
      </trkpt>
      <trkpt lat="42.485550000" lon="-2.657190000">
        <ele>428.000</ele>
      </trkpt>
      <trkpt lat="42.485610000" lon="-2.657260000">
        <ele>428.000</ele>
      </trkpt>
      <trkpt lat="42.485660000" lon="-2.657300000">
        <ele>428.000</ele>
      </trkpt>
      <trkpt lat="42.485700000" lon="-2.657340000">
        <ele>428.000</ele>
      </trkpt>
      <trkpt lat="42.485800000" lon="-2.657430000">
        <ele>428.000</ele>
      </trkpt>
      <trkpt lat="42.485940000" lon="-2.657550000">
        <ele>429.000</ele>
      </trkpt>
      <trkpt lat="42.486180000" lon="-2.657740000">
        <ele>429.000</ele>
      </trkpt>
      <trkpt lat="42.486340000" lon="-2.657870000">
        <ele>430.000</ele>
      </trkpt>
      <trkpt lat="42.486520000" lon="-2.658020000">
        <ele>430.000</ele>
      </trkpt>
      <trkpt lat="42.486610000" lon="-2.658090000">
        <ele>430.000</ele>
      </trkpt>
      <trkpt lat="42.486750000" lon="-2.658200000">
        <ele>431.000</ele>
      </trkpt>
      <trkpt lat="42.486760000" lon="-2.658220000">
        <ele>431.000</ele>
      </trkpt>
      <trkpt lat="42.486910000" lon="-2.658340000">
        <ele>431.000</ele>
      </trkpt>
      <trkpt lat="42.487180000" lon="-2.658590000">
        <ele>431.000</ele>
      </trkpt>
      <trkpt lat="42.487230000" lon="-2.658640000">
        <ele>432.000</ele>
      </trkpt>
      <trkpt lat="42.487270000" lon="-2.658690000">
        <ele>432.000</ele>
      </trkpt>
      <trkpt lat="42.487390000" lon="-2.658820000">
        <ele>432.000</ele>
      </trkpt>
      <trkpt lat="42.487420000" lon="-2.658850000">
        <ele>432.000</ele>
      </trkpt>
      <trkpt lat="42.487570000" lon="-2.659040000">
        <ele>433.000</ele>
      </trkpt>
      <trkpt lat="42.487650000" lon="-2.659140000">
        <ele>433.000</ele>
      </trkpt>
      <trkpt lat="42.487690000" lon="-2.659200000">
        <ele>433.000</ele>
      </trkpt>
      <trkpt lat="42.487810000" lon="-2.659360000">
        <ele>433.000</ele>
      </trkpt>
      <trkpt lat="42.487850000" lon="-2.659410000">
        <ele>433.000</ele>
      </trkpt>
      <trkpt lat="42.487890000" lon="-2.659470000">
        <ele>433.000</ele>
      </trkpt>
      <trkpt lat="42.487980000" lon="-2.659580000">
        <ele>433.000</ele>
      </trkpt>
      <trkpt lat="42.488050000" lon="-2.659680000">
        <ele>433.000</ele>
      </trkpt>
      <trkpt lat="42.488120000" lon="-2.659780000">
        <ele>433.000</ele>
      </trkpt>
      <trkpt lat="42.488210000" lon="-2.659890000">
        <ele>433.000</ele>
      </trkpt>
      <trkpt lat="42.488610000" lon="-2.660440000">
        <ele>433.000</ele>
      </trkpt>
      <trkpt lat="42.488840000" lon="-2.660740000">
        <ele>433.000</ele>
      </trkpt>
      <trkpt lat="42.488910000" lon="-2.660840000">
        <ele>433.000</ele>
      </trkpt>
      <trkpt lat="42.489080000" lon="-2.661060000">
        <ele>433.000</ele>
      </trkpt>
      <trkpt lat="42.489150000" lon="-2.661160000">
        <ele>433.000</ele>
      </trkpt>
      <trkpt lat="42.489320000" lon="-2.661380000">
        <ele>434.000</ele>
      </trkpt>
      <trkpt lat="42.489380000" lon="-2.661470000">
        <ele>434.000</ele>
      </trkpt>
      <trkpt lat="42.489670000" lon="-2.661860000">
        <ele>434.000</ele>
      </trkpt>
      <trkpt lat="42.490020000" lon="-2.662340000">
        <ele>434.000</ele>
      </trkpt>
      <trkpt lat="42.490290000" lon="-2.662730000">
        <ele>434.000</ele>
      </trkpt>
      <trkpt lat="42.490370000" lon="-2.662870000">
        <ele>435.000</ele>
      </trkpt>
      <trkpt lat="42.490610000" lon="-2.663270000">
        <ele>435.000</ele>
      </trkpt>
      <trkpt lat="42.490770000" lon="-2.663560000">
        <ele>435.000</ele>
      </trkpt>
      <trkpt lat="42.491120000" lon="-2.664170000">
        <ele>435.000</ele>
      </trkpt>
      <trkpt lat="42.491320000" lon="-2.664520000">
        <ele>436.000</ele>
      </trkpt>
      <trkpt lat="42.491460000" lon="-2.664760000">
        <ele>436.000</ele>
      </trkpt>
      <trkpt lat="42.491640000" lon="-2.665090000">
        <ele>436.000</ele>
      </trkpt>
      <trkpt lat="42.491910000" lon="-2.665550000">
        <ele>436.000</ele>
      </trkpt>
      <trkpt lat="42.491950000" lon="-2.665610000">
        <ele>436.000</ele>
      </trkpt>
      <trkpt lat="42.492160000" lon="-2.665980000">
        <ele>436.000</ele>
      </trkpt>
      <trkpt lat="42.492330000" lon="-2.666290000">
        <ele>436.000</ele>
      </trkpt>
      <trkpt lat="42.492550000" lon="-2.666660000">
        <ele>436.000</ele>
      </trkpt>
      <trkpt lat="42.492660000" lon="-2.666860000">
        <ele>436.000</ele>
      </trkpt>
      <trkpt lat="42.492760000" lon="-2.667030000">
        <ele>436.000</ele>
      </trkpt>
      <trkpt lat="42.492830000" lon="-2.667150000">
        <ele>436.000</ele>
      </trkpt>
      <trkpt lat="42.492970000" lon="-2.667400000">
        <ele>436.000</ele>
      </trkpt>
      <trkpt lat="42.493220000" lon="-2.667840000">
        <ele>436.000</ele>
      </trkpt>
      <trkpt lat="42.493360000" lon="-2.668080000">
        <ele>437.000</ele>
      </trkpt>
      <trkpt lat="42.493570000" lon="-2.668450000">
        <ele>437.000</ele>
      </trkpt>
      <trkpt lat="42.493710000" lon="-2.668690000">
        <ele>437.000</ele>
      </trkpt>
      <trkpt lat="42.493970000" lon="-2.669150000">
        <ele>437.000</ele>
      </trkpt>
      <trkpt lat="42.493990000" lon="-2.669190000">
        <ele>437.000</ele>
      </trkpt>
      <trkpt lat="42.494050000" lon="-2.669290000">
        <ele>437.000</ele>
      </trkpt>
      <trkpt lat="42.494270000" lon="-2.669680000">
        <ele>437.000</ele>
      </trkpt>
      <trkpt lat="42.494340000" lon="-2.669810000">
        <ele>437.000</ele>
      </trkpt>
      <trkpt lat="42.494410000" lon="-2.669930000">
        <ele>437.000</ele>
      </trkpt>
      <trkpt lat="42.494550000" lon="-2.670180000">
        <ele>438.000</ele>
      </trkpt>
      <trkpt lat="42.494760000" lon="-2.670540000">
        <ele>438.000</ele>
      </trkpt>
      <trkpt lat="42.494960000" lon="-2.670890000">
        <ele>439.000</ele>
      </trkpt>
      <trkpt lat="42.495110000" lon="-2.671140000">
        <ele>439.000</ele>
      </trkpt>
      <trkpt lat="42.495170000" lon="-2.671250000">
        <ele>440.000</ele>
      </trkpt>
      <trkpt lat="42.495270000" lon="-2.671440000">
        <ele>440.000</ele>
      </trkpt>
      <trkpt lat="42.495310000" lon="-2.671530000">
        <ele>441.000</ele>
      </trkpt>
      <trkpt lat="42.495340000" lon="-2.671600000">
        <ele>441.000</ele>
      </trkpt>
      <trkpt lat="42.495400000" lon="-2.671760000">
        <ele>441.000</ele>
      </trkpt>
      <trkpt lat="42.495480000" lon="-2.671980000">
        <ele>442.000</ele>
      </trkpt>
      <trkpt lat="42.495620000" lon="-2.672410000">
        <ele>442.000</ele>
      </trkpt>
      <trkpt lat="42.495630000" lon="-2.672440000">
        <ele>442.000</ele>
      </trkpt>
      <trkpt lat="42.495680000" lon="-2.672610000">
        <ele>442.000</ele>
      </trkpt>
      <trkpt lat="42.495720000" lon="-2.672740000">
        <ele>442.000</ele>
      </trkpt>
      <trkpt lat="42.495860000" lon="-2.673170000">
        <ele>442.000</ele>
      </trkpt>
      <trkpt lat="42.495880000" lon="-2.673220000">
        <ele>442.000</ele>
      </trkpt>
      <trkpt lat="42.496000000" lon="-2.673580000">
        <ele>442.000</ele>
      </trkpt>
      <trkpt lat="42.496150000" lon="-2.674040000">
        <ele>442.000</ele>
      </trkpt>
      <trkpt lat="42.496370000" lon="-2.674710000">
        <ele>442.000</ele>
      </trkpt>
      <trkpt lat="42.496410000" lon="-2.674840000">
        <ele>442.000</ele>
      </trkpt>
      <trkpt lat="42.496450000" lon="-2.674970000">
        <ele>442.000</ele>
      </trkpt>
      <trkpt lat="42.496500000" lon="-2.675130000">
        <ele>441.000</ele>
      </trkpt>
      <trkpt lat="42.496590000" lon="-2.675390000">
        <ele>441.000</ele>
      </trkpt>
      <trkpt lat="42.496680000" lon="-2.675670000">
        <ele>441.000</ele>
      </trkpt>
      <trkpt lat="42.496710000" lon="-2.675760000">
        <ele>441.000</ele>
      </trkpt>
      <trkpt lat="42.496730000" lon="-2.675830000">
        <ele>441.000</ele>
      </trkpt>
      <trkpt lat="42.496790000" lon="-2.676070000">
        <ele>440.000</ele>
      </trkpt>
      <trkpt lat="42.496830000" lon="-2.676260000">
        <ele>440.000</ele>
      </trkpt>
      <trkpt lat="42.496850000" lon="-2.676380000">
        <ele>440.000</ele>
      </trkpt>
      <trkpt lat="42.496860000" lon="-2.676430000">
        <ele>440.000</ele>
      </trkpt>
      <trkpt lat="42.496870000" lon="-2.676560000">
        <ele>440.000</ele>
      </trkpt>
      <trkpt lat="42.496900000" lon="-2.676850000">
        <ele>440.000</ele>
      </trkpt>
      <trkpt lat="42.496950000" lon="-2.677780000">
        <ele>439.000</ele>
      </trkpt>
      <trkpt lat="42.496970000" lon="-2.678100000">
        <ele>439.000</ele>
      </trkpt>
      <trkpt lat="42.496980000" lon="-2.678360000">
        <ele>438.000</ele>
      </trkpt>
      <trkpt lat="42.496990000" lon="-2.678500000">
        <ele>438.000</ele>
      </trkpt>
      <trkpt lat="42.497000000" lon="-2.678600000">
        <ele>437.000</ele>
      </trkpt>
      <trkpt lat="42.497010000" lon="-2.678770000">
        <ele>437.000</ele>
      </trkpt>
      <trkpt lat="42.497050000" lon="-2.679500000">
        <ele>436.000</ele>
      </trkpt>
      <trkpt lat="42.497060000" lon="-2.679800000">
        <ele>435.000</ele>
      </trkpt>
      <trkpt lat="42.497080000" lon="-2.680110000">
        <ele>434.000</ele>
      </trkpt>
      <trkpt lat="42.497080000" lon="-2.680260000">
        <ele>434.000</ele>
      </trkpt>
      <trkpt lat="42.497070000" lon="-2.680470000">
        <ele>433.000</ele>
      </trkpt>
      <trkpt lat="42.497060000" lon="-2.680550000">
        <ele>433.000</ele>
      </trkpt>
      <trkpt lat="42.497050000" lon="-2.680630000">
        <ele>433.000</ele>
      </trkpt>
      <trkpt lat="42.497010000" lon="-2.680920000">
        <ele>432.000</ele>
      </trkpt>
      <trkpt lat="42.496980000" lon="-2.681040000">
        <ele>432.000</ele>
      </trkpt>
      <trkpt lat="42.496940000" lon="-2.681340000">
        <ele>432.000</ele>
      </trkpt>
      <trkpt lat="42.496910000" lon="-2.681500000">
        <ele>432.000</ele>
      </trkpt>
      <trkpt lat="42.496890000" lon="-2.681720000">
        <ele>432.000</ele>
      </trkpt>
      <trkpt lat="42.496880000" lon="-2.681900000">
        <ele>432.000</ele>
      </trkpt>
      <trkpt lat="42.496880000" lon="-2.681920000">
        <ele>431.000</ele>
      </trkpt>
      <trkpt lat="42.496880000" lon="-2.682050000">
        <ele>431.000</ele>
      </trkpt>
      <trkpt lat="42.496890000" lon="-2.682210000">
        <ele>431.000</ele>
      </trkpt>
      <trkpt lat="42.496910000" lon="-2.682350000">
        <ele>431.000</ele>
      </trkpt>
      <trkpt lat="42.496920000" lon="-2.682450000">
        <ele>431.000</ele>
      </trkpt>
      <trkpt lat="42.496940000" lon="-2.682550000">
        <ele>431.000</ele>
      </trkpt>
      <trkpt lat="42.496980000" lon="-2.682700000">
        <ele>431.000</ele>
      </trkpt>
      <trkpt lat="42.497020000" lon="-2.682810000">
        <ele>431.000</ele>
      </trkpt>
      <trkpt lat="42.497050000" lon="-2.682910000">
        <ele>430.000</ele>
      </trkpt>
      <trkpt lat="42.497080000" lon="-2.682970000">
        <ele>430.000</ele>
      </trkpt>
      <trkpt lat="42.497120000" lon="-2.683060000">
        <ele>430.000</ele>
      </trkpt>
      <trkpt lat="42.497150000" lon="-2.683120000">
        <ele>430.000</ele>
      </trkpt>
      <trkpt lat="42.497180000" lon="-2.683180000">
        <ele>429.000</ele>
      </trkpt>
      <trkpt lat="42.497220000" lon="-2.683260000">
        <ele>429.000</ele>
      </trkpt>
      <trkpt lat="42.497280000" lon="-2.683340000">
        <ele>429.000</ele>
      </trkpt>
      <trkpt lat="42.497320000" lon="-2.683400000">
        <ele>429.000</ele>
      </trkpt>
      <trkpt lat="42.497370000" lon="-2.683460000">
        <ele>428.000</ele>
      </trkpt>
      <trkpt lat="42.497450000" lon="-2.683560000">
        <ele>428.000</ele>
      </trkpt>
      <trkpt lat="42.497520000" lon="-2.683630000">
        <ele>428.000</ele>
      </trkpt>
      <trkpt lat="42.497560000" lon="-2.683670000">
        <ele>427.000</ele>
      </trkpt>
      <trkpt lat="42.497610000" lon="-2.683710000">
        <ele>427.000</ele>
      </trkpt>
      <trkpt lat="42.497640000" lon="-2.683740000">
        <ele>427.000</ele>
      </trkpt>
      <trkpt lat="42.497720000" lon="-2.683800000">
        <ele>427.000</ele>
      </trkpt>
      <trkpt lat="42.497790000" lon="-2.683850000">
        <ele>426.000</ele>
      </trkpt>
      <trkpt lat="42.498040000" lon="-2.684000000">
        <ele>426.000</ele>
      </trkpt>
      <trkpt lat="42.498200000" lon="-2.684090000">
        <ele>425.000</ele>
      </trkpt>
      <trkpt lat="42.498270000" lon="-2.684130000">
        <ele>425.000</ele>
      </trkpt>
      <trkpt lat="42.498330000" lon="-2.684160000">
        <ele>424.000</ele>
      </trkpt>
      <trkpt lat="42.498370000" lon="-2.684190000">
        <ele>424.000</ele>
      </trkpt>
      <trkpt lat="42.498440000" lon="-2.684220000">
        <ele>424.000</ele>
      </trkpt>
      <trkpt lat="42.498480000" lon="-2.684240000">
        <ele>424.000</ele>
      </trkpt>
      <trkpt lat="42.498530000" lon="-2.684260000">
        <ele>424.000</ele>
      </trkpt>
      <trkpt lat="42.498580000" lon="-2.684280000">
        <ele>423.000</ele>
      </trkpt>
      <trkpt lat="42.498640000" lon="-2.684290000">
        <ele>423.000</ele>
      </trkpt>
      <trkpt lat="42.498690000" lon="-2.684300000">
        <ele>423.000</ele>
      </trkpt>
      <trkpt lat="42.498740000" lon="-2.684310000">
        <ele>423.000</ele>
      </trkpt>
      <trkpt lat="42.498810000" lon="-2.684320000">
        <ele>423.000</ele>
      </trkpt>
      <trkpt lat="42.499030000" lon="-2.684330000">
        <ele>423.000</ele>
      </trkpt>
      <trkpt lat="42.499260000" lon="-2.684330000">
        <ele>423.000</ele>
      </trkpt>
      <trkpt lat="42.499430000" lon="-2.684330000">
        <ele>423.000</ele>
      </trkpt>
      <trkpt lat="42.499460000" lon="-2.684330000">
        <ele>423.000</ele>
      </trkpt>
      <trkpt lat="42.499560000" lon="-2.684330000">
        <ele>422.000</ele>
      </trkpt>
      <trkpt lat="42.499570000" lon="-2.684330000">
        <ele>422.000</ele>
      </trkpt>
      <trkpt lat="42.499740000" lon="-2.684340000">
        <ele>422.000</ele>
      </trkpt>
      <trkpt lat="42.499870000" lon="-2.684350000">
        <ele>422.000</ele>
      </trkpt>
      <trkpt lat="42.499990000" lon="-2.684370000">
        <ele>422.000</ele>
      </trkpt>
      <trkpt lat="42.500080000" lon="-2.684380000">
        <ele>422.000</ele>
      </trkpt>
      <trkpt lat="42.500190000" lon="-2.684400000">
        <ele>422.000</ele>
      </trkpt>
      <trkpt lat="42.500340000" lon="-2.684440000">
        <ele>422.000</ele>
      </trkpt>
      <trkpt lat="42.500460000" lon="-2.684480000">
        <ele>422.000</ele>
      </trkpt>
      <trkpt lat="42.500540000" lon="-2.684520000">
        <ele>422.000</ele>
      </trkpt>
      <trkpt lat="42.500550000" lon="-2.684520000">
        <ele>423.000</ele>
      </trkpt>
      <trkpt lat="42.500620000" lon="-2.684560000">
        <ele>423.000</ele>
      </trkpt>
      <trkpt lat="42.500730000" lon="-2.684620000">
        <ele>423.000</ele>
      </trkpt>
      <trkpt lat="42.500840000" lon="-2.684690000">
        <ele>423.000</ele>
      </trkpt>
      <trkpt lat="42.500910000" lon="-2.684750000">
        <ele>424.000</ele>
      </trkpt>
      <trkpt lat="42.500960000" lon="-2.684800000">
        <ele>424.000</ele>
      </trkpt>
      <trkpt lat="42.501030000" lon="-2.684860000">
        <ele>424.000</ele>
      </trkpt>
      <trkpt lat="42.501100000" lon="-2.684930000">
        <ele>425.000</ele>
      </trkpt>
      <trkpt lat="42.501210000" lon="-2.685060000">
        <ele>425.000</ele>
      </trkpt>
      <trkpt lat="42.501300000" lon="-2.685160000">
        <ele>425.000</ele>
      </trkpt>
      <trkpt lat="42.501390000" lon="-2.685300000">
        <ele>426.000</ele>
      </trkpt>
      <trkpt lat="42.501440000" lon="-2.685390000">
        <ele>426.000</ele>
      </trkpt>
      <trkpt lat="42.501450000" lon="-2.685400000">
        <ele>427.000</ele>
      </trkpt>
      <trkpt lat="42.501550000" lon="-2.685570000">
        <ele>427.000</ele>
      </trkpt>
      <trkpt lat="42.501670000" lon="-2.685790000">
        <ele>427.000</ele>
      </trkpt>
      <trkpt lat="42.501780000" lon="-2.685980000">
        <ele>428.000</ele>
      </trkpt>
      <trkpt lat="42.501850000" lon="-2.686100000">
        <ele>428.000</ele>
      </trkpt>
      <trkpt lat="42.502130000" lon="-2.686600000">
        <ele>428.000</ele>
      </trkpt>
      <trkpt lat="42.502140000" lon="-2.686610000">
        <ele>429.000</ele>
      </trkpt>
      <trkpt lat="42.502390000" lon="-2.687060000">
        <ele>429.000</ele>
      </trkpt>
      <trkpt lat="42.502640000" lon="-2.687500000">
        <ele>429.000</ele>
      </trkpt>
      <trkpt lat="42.502740000" lon="-2.687680000">
        <ele>429.000</ele>
      </trkpt>
      <trkpt lat="42.503640000" lon="-2.689270000">
        <ele>430.000</ele>
      </trkpt>
      <trkpt lat="42.503790000" lon="-2.689530000">
        <ele>430.000</ele>
      </trkpt>
      <trkpt lat="42.503840000" lon="-2.689630000">
        <ele>431.000</ele>
      </trkpt>
      <trkpt lat="42.503900000" lon="-2.689720000">
        <ele>431.000</ele>
      </trkpt>
      <trkpt lat="42.504010000" lon="-2.689920000">
        <ele>432.000</ele>
      </trkpt>
      <trkpt lat="42.504060000" lon="-2.690010000">
        <ele>432.000</ele>
      </trkpt>
      <trkpt lat="42.504090000" lon="-2.690050000">
        <ele>432.000</ele>
      </trkpt>
      <trkpt lat="42.504260000" lon="-2.690350000">
        <ele>433.000</ele>
      </trkpt>
      <trkpt lat="42.504290000" lon="-2.690410000">
        <ele>433.000</ele>
      </trkpt>
      <trkpt lat="42.504390000" lon="-2.690590000">
        <ele>434.000</ele>
      </trkpt>
      <trkpt lat="42.504580000" lon="-2.690920000">
        <ele>434.000</ele>
      </trkpt>
      <trkpt lat="42.504730000" lon="-2.691190000">
        <ele>435.000</ele>
      </trkpt>
      <trkpt lat="42.505260000" lon="-2.692130000">
        <ele>437.000</ele>
      </trkpt>
      <trkpt lat="42.505280000" lon="-2.692160000">
        <ele>438.000</ele>
      </trkpt>
      <trkpt lat="42.505380000" lon="-2.692330000">
        <ele>438.000</ele>
      </trkpt>
      <trkpt lat="42.505390000" lon="-2.692350000">
        <ele>439.000</ele>
      </trkpt>
      <trkpt lat="42.505490000" lon="-2.692530000">
        <ele>439.000</ele>
      </trkpt>
      <trkpt lat="42.505590000" lon="-2.692720000">
        <ele>439.000</ele>
      </trkpt>
      <trkpt lat="42.505690000" lon="-2.692900000">
        <ele>440.000</ele>
      </trkpt>
      <trkpt lat="42.505770000" lon="-2.693070000">
        <ele>440.000</ele>
      </trkpt>
      <trkpt lat="42.505810000" lon="-2.693150000">
        <ele>440.000</ele>
      </trkpt>
      <trkpt lat="42.505860000" lon="-2.693260000">
        <ele>440.000</ele>
      </trkpt>
      <trkpt lat="42.505890000" lon="-2.693330000">
        <ele>440.000</ele>
      </trkpt>
      <trkpt lat="42.505900000" lon="-2.693360000">
        <ele>440.000</ele>
      </trkpt>
      <trkpt lat="42.505920000" lon="-2.693390000">
        <ele>441.000</ele>
      </trkpt>
      <trkpt lat="42.506000000" lon="-2.693590000">
        <ele>441.000</ele>
      </trkpt>
      <trkpt lat="42.506070000" lon="-2.693800000">
        <ele>441.000</ele>
      </trkpt>
      <trkpt lat="42.506140000" lon="-2.694010000">
        <ele>441.000</ele>
      </trkpt>
      <trkpt lat="42.506230000" lon="-2.694340000">
        <ele>441.000</ele>
      </trkpt>
      <trkpt lat="42.506270000" lon="-2.694510000">
        <ele>441.000</ele>
      </trkpt>
      <trkpt lat="42.506320000" lon="-2.694700000">
        <ele>442.000</ele>
      </trkpt>
      <trkpt lat="42.506350000" lon="-2.694810000">
        <ele>442.000</ele>
      </trkpt>
      <trkpt lat="42.506540000" lon="-2.695570000">
        <ele>442.000</ele>
      </trkpt>
      <trkpt lat="42.506550000" lon="-2.695600000">
        <ele>443.000</ele>
      </trkpt>
      <trkpt lat="42.506680000" lon="-2.696110000">
        <ele>443.000</ele>
      </trkpt>
      <trkpt lat="42.506820000" lon="-2.696670000">
        <ele>444.000</ele>
      </trkpt>
      <trkpt lat="42.506870000" lon="-2.696900000">
        <ele>445.000</ele>
      </trkpt>
      <trkpt lat="42.506970000" lon="-2.697280000">
        <ele>446.000</ele>
      </trkpt>
      <trkpt lat="42.507000000" lon="-2.697400000">
        <ele>446.000</ele>
      </trkpt>
      <trkpt lat="42.507010000" lon="-2.697460000">
        <ele>447.000</ele>
      </trkpt>
      <trkpt lat="42.507030000" lon="-2.697540000">
        <ele>447.000</ele>
      </trkpt>
      <trkpt lat="42.507220000" lon="-2.698240000">
        <ele>448.000</ele>
      </trkpt>
      <trkpt lat="42.507260000" lon="-2.698420000">
        <ele>449.000</ele>
      </trkpt>
      <trkpt lat="42.507440000" lon="-2.699110000">
        <ele>450.000</ele>
      </trkpt>
      <trkpt lat="42.507560000" lon="-2.699630000">
        <ele>451.000</ele>
      </trkpt>
      <trkpt lat="42.507570000" lon="-2.699680000">
        <ele>451.000</ele>
      </trkpt>
      <trkpt lat="42.507600000" lon="-2.699820000">
        <ele>452.000</ele>
      </trkpt>
      <trkpt lat="42.507650000" lon="-2.700020000">
        <ele>452.000</ele>
      </trkpt>
      <trkpt lat="42.507660000" lon="-2.700090000">
        <ele>452.000</ele>
      </trkpt>
      <trkpt lat="42.507690000" lon="-2.700210000">
        <ele>452.000</ele>
      </trkpt>
      <trkpt lat="42.507700000" lon="-2.700260000">
        <ele>452.000</ele>
      </trkpt>
      <trkpt lat="42.507760000" lon="-2.700620000">
        <ele>452.000</ele>
      </trkpt>
      <trkpt lat="42.507790000" lon="-2.700800000">
        <ele>452.000</ele>
      </trkpt>
      <trkpt lat="42.507810000" lon="-2.700930000">
        <ele>452.000</ele>
      </trkpt>
      <trkpt lat="42.507860000" lon="-2.701280000">
        <ele>452.000</ele>
      </trkpt>
      <trkpt lat="42.507880000" lon="-2.701400000">
        <ele>452.000</ele>
      </trkpt>
      <trkpt lat="42.507880000" lon="-2.701430000">
        <ele>452.000</ele>
      </trkpt>
      <trkpt lat="42.507920000" lon="-2.701670000">
        <ele>452.000</ele>
      </trkpt>
      <trkpt lat="42.508000000" lon="-2.702240000">
        <ele>451.000</ele>
      </trkpt>
      <trkpt lat="42.508050000" lon="-2.702600000">
        <ele>451.000</ele>
      </trkpt>
      <trkpt lat="42.508180000" lon="-2.703560000">
        <ele>449.000</ele>
      </trkpt>
      <trkpt lat="42.508280000" lon="-2.704220000">
        <ele>448.000</ele>
      </trkpt>
      <trkpt lat="42.508290000" lon="-2.704300000">
        <ele>447.000</ele>
      </trkpt>
      <trkpt lat="42.508480000" lon="-2.705660000">
        <ele>446.000</ele>
      </trkpt>
      <trkpt lat="42.508490000" lon="-2.705770000">
        <ele>445.000</ele>
      </trkpt>
      <trkpt lat="42.508670000" lon="-2.707030000">
        <ele>444.000</ele>
      </trkpt>
      <trkpt lat="42.508780000" lon="-2.707750000">
        <ele>444.000</ele>
      </trkpt>
      <trkpt lat="42.508790000" lon="-2.707840000">
        <ele>444.000</ele>
      </trkpt>
      <trkpt lat="42.508920000" lon="-2.708750000">
        <ele>444.000</ele>
      </trkpt>
      <trkpt lat="42.508920000" lon="-2.708760000">
        <ele>445.000</ele>
      </trkpt>
      <trkpt lat="42.509050000" lon="-2.709640000">
        <ele>446.000</ele>
      </trkpt>
      <trkpt lat="42.509060000" lon="-2.709720000">
        <ele>446.000</ele>
      </trkpt>
      <trkpt lat="42.509210000" lon="-2.710780000">
        <ele>447.000</ele>
      </trkpt>
      <trkpt lat="42.509300000" lon="-2.711390000">
        <ele>448.000</ele>
      </trkpt>
      <trkpt lat="42.509400000" lon="-2.712100000">
        <ele>449.000</ele>
      </trkpt>
      <trkpt lat="42.509440000" lon="-2.712350000">
        <ele>450.000</ele>
      </trkpt>
      <trkpt lat="42.509670000" lon="-2.713970000">
        <ele>452.000</ele>
      </trkpt>
      <trkpt lat="42.509680000" lon="-2.714030000">
        <ele>454.000</ele>
      </trkpt>
      <trkpt lat="42.509840000" lon="-2.715190000">
        <ele>456.000</ele>
      </trkpt>
      <trkpt lat="42.510040000" lon="-2.716580000">
        <ele>460.000</ele>
      </trkpt>
      <trkpt lat="42.510250000" lon="-2.718030000">
        <ele>464.000</ele>
      </trkpt>
      <trkpt lat="42.510260000" lon="-2.718100000">
        <ele>467.000</ele>
      </trkpt>
      <trkpt lat="42.510370000" lon="-2.718860000">
        <ele>470.000</ele>
      </trkpt>
      <trkpt lat="42.510430000" lon="-2.719250000">
        <ele>472.000</ele>
      </trkpt>
      <trkpt lat="42.510480000" lon="-2.719560000">
        <ele>474.000</ele>
      </trkpt>
      <trkpt lat="42.510520000" lon="-2.719850000">
        <ele>475.000</ele>
      </trkpt>
      <trkpt lat="42.510550000" lon="-2.720170000">
        <ele>477.000</ele>
      </trkpt>
      <trkpt lat="42.510570000" lon="-2.720500000">
        <ele>478.000</ele>
      </trkpt>
      <trkpt lat="42.510590000" lon="-2.720890000">
        <ele>480.000</ele>
      </trkpt>
      <trkpt lat="42.510630000" lon="-2.721500000">
        <ele>482.000</ele>
      </trkpt>
      <trkpt lat="42.510700000" lon="-2.722710000">
        <ele>487.000</ele>
      </trkpt>
      <trkpt lat="42.510700000" lon="-2.722770000">
        <ele>490.000</ele>
      </trkpt>
      <trkpt lat="42.510730000" lon="-2.723250000">
        <ele>493.000</ele>
      </trkpt>
      <trkpt lat="42.510750000" lon="-2.723500000">
        <ele>495.000</ele>
      </trkpt>
      <trkpt lat="42.510760000" lon="-2.723740000">
        <ele>496.000</ele>
      </trkpt>
      <trkpt lat="42.510780000" lon="-2.723980000">
        <ele>497.000</ele>
      </trkpt>
      <trkpt lat="42.510790000" lon="-2.724220000">
        <ele>497.000</ele>
      </trkpt>
      <trkpt lat="42.510790000" lon="-2.724230000">
        <ele>498.000</ele>
      </trkpt>
      <trkpt lat="42.510810000" lon="-2.724470000">
        <ele>498.000</ele>
      </trkpt>
      <trkpt lat="42.510820000" lon="-2.724710000">
        <ele>498.000</ele>
      </trkpt>
      <trkpt lat="42.510890000" lon="-2.725930000">
        <ele>497.000</ele>
      </trkpt>
      <trkpt lat="42.510900000" lon="-2.726170000">
        <ele>496.000</ele>
      </trkpt>
      <trkpt lat="42.510920000" lon="-2.726490000">
        <ele>496.000</ele>
      </trkpt>
      <trkpt lat="42.510960000" lon="-2.727150000">
        <ele>496.000</ele>
      </trkpt>
      <trkpt lat="42.510970000" lon="-2.727390000">
        <ele>496.000</ele>
      </trkpt>
      <trkpt lat="42.510990000" lon="-2.727630000">
        <ele>496.000</ele>
      </trkpt>
      <trkpt lat="42.511010000" lon="-2.727920000">
        <ele>496.000</ele>
      </trkpt>
      <trkpt lat="42.511040000" lon="-2.728610000">
        <ele>496.000</ele>
      </trkpt>
      <trkpt lat="42.511130000" lon="-2.730100000">
        <ele>496.000</ele>
      </trkpt>
      <trkpt lat="42.511130000" lon="-2.730140000">
        <ele>497.000</ele>
      </trkpt>
      <trkpt lat="42.511140000" lon="-2.730340000">
        <ele>497.000</ele>
      </trkpt>
      <trkpt lat="42.511190000" lon="-2.731050000">
        <ele>497.000</ele>
      </trkpt>
      <trkpt lat="42.511210000" lon="-2.731320000">
        <ele>498.000</ele>
      </trkpt>
      <trkpt lat="42.511250000" lon="-2.731800000">
        <ele>498.000</ele>
      </trkpt>
      <trkpt lat="42.511300000" lon="-2.732410000">
        <ele>497.000</ele>
      </trkpt>
      <trkpt lat="42.511370000" lon="-2.733260000">
        <ele>497.000</ele>
      </trkpt>
      <trkpt lat="42.511390000" lon="-2.733520000">
        <ele>496.000</ele>
      </trkpt>
      <trkpt lat="42.511460000" lon="-2.734380000">
        <ele>496.000</ele>
      </trkpt>
      <trkpt lat="42.511480000" lon="-2.734610000">
        <ele>496.000</ele>
      </trkpt>
      <trkpt lat="42.511490000" lon="-2.734790000">
        <ele>496.000</ele>
      </trkpt>
      <trkpt lat="42.511520000" lon="-2.735040000">
        <ele>496.000</ele>
      </trkpt>
      <trkpt lat="42.511560000" lon="-2.735350000">
        <ele>496.000</ele>
      </trkpt>
      <trkpt lat="42.511600000" lon="-2.735590000">
        <ele>496.000</ele>
      </trkpt>
      <trkpt lat="42.511620000" lon="-2.735710000">
        <ele>496.000</ele>
      </trkpt>
      <trkpt lat="42.511640000" lon="-2.735840000">
        <ele>496.000</ele>
      </trkpt>
      <trkpt lat="42.511690000" lon="-2.736100000">
        <ele>496.000</ele>
      </trkpt>
      <trkpt lat="42.511700000" lon="-2.736150000">
        <ele>496.000</ele>
      </trkpt>
      <trkpt lat="42.511740000" lon="-2.736340000">
        <ele>497.000</ele>
      </trkpt>
      <trkpt lat="42.511840000" lon="-2.736830000">
        <ele>497.000</ele>
      </trkpt>
      <trkpt lat="42.511880000" lon="-2.737030000">
        <ele>497.000</ele>
      </trkpt>
      <trkpt lat="42.511960000" lon="-2.737320000">
        <ele>497.000</ele>
      </trkpt>
      <trkpt lat="42.512040000" lon="-2.737610000">
        <ele>497.000</ele>
      </trkpt>
      <trkpt lat="42.512110000" lon="-2.737810000">
        <ele>498.000</ele>
      </trkpt>
      <trkpt lat="42.512220000" lon="-2.738110000">
        <ele>498.000</ele>
      </trkpt>
      <trkpt lat="42.512290000" lon="-2.738280000">
        <ele>498.000</ele>
      </trkpt>
      <trkpt lat="42.512360000" lon="-2.738440000">
        <ele>498.000</ele>
      </trkpt>
      <trkpt lat="42.512430000" lon="-2.738590000">
        <ele>498.000</ele>
      </trkpt>
      <trkpt lat="42.512490000" lon="-2.738700000">
        <ele>498.000</ele>
      </trkpt>
      <trkpt lat="42.512560000" lon="-2.738820000">
        <ele>498.000</ele>
      </trkpt>
      <trkpt lat="42.512570000" lon="-2.738850000">
        <ele>498.000</ele>
      </trkpt>
      <trkpt lat="42.512690000" lon="-2.739070000">
        <ele>498.000</ele>
      </trkpt>
      <trkpt lat="42.512840000" lon="-2.739300000">
        <ele>497.000</ele>
      </trkpt>
      <trkpt lat="42.512980000" lon="-2.739520000">
        <ele>497.000</ele>
      </trkpt>
      <trkpt lat="42.513230000" lon="-2.739900000">
        <ele>496.000</ele>
      </trkpt>
      <trkpt lat="42.513610000" lon="-2.740480000">
        <ele>495.000</ele>
      </trkpt>
      <trkpt lat="42.513730000" lon="-2.740650000">
        <ele>494.000</ele>
      </trkpt>
      <trkpt lat="42.513940000" lon="-2.740990000">
        <ele>494.000</ele>
      </trkpt>
      <trkpt lat="42.514140000" lon="-2.741280000">
        <ele>493.000</ele>
      </trkpt>
      <trkpt lat="42.514260000" lon="-2.741470000">
        <ele>492.000</ele>
      </trkpt>
      <trkpt lat="42.514330000" lon="-2.741580000">
        <ele>491.000</ele>
      </trkpt>
      <trkpt lat="42.514580000" lon="-2.741940000">
        <ele>490.000</ele>
      </trkpt>
      <trkpt lat="42.514780000" lon="-2.742230000">
        <ele>490.000</ele>
      </trkpt>
      <trkpt lat="42.514830000" lon="-2.742310000">
        <ele>489.000</ele>
      </trkpt>
      <trkpt lat="42.515060000" lon="-2.742660000">
        <ele>488.000</ele>
      </trkpt>
      <trkpt lat="42.515180000" lon="-2.742850000">
        <ele>487.000</ele>
      </trkpt>
      <trkpt lat="42.515280000" lon="-2.743000000">
        <ele>486.000</ele>
      </trkpt>
      <trkpt lat="42.515300000" lon="-2.743030000">
        <ele>486.000</ele>
      </trkpt>
      <trkpt lat="42.515410000" lon="-2.743200000">
        <ele>485.000</ele>
      </trkpt>
      <trkpt lat="42.515550000" lon="-2.743420000">
        <ele>485.000</ele>
      </trkpt>
      <trkpt lat="42.515690000" lon="-2.743640000">
        <ele>484.000</ele>
      </trkpt>
      <trkpt lat="42.515830000" lon="-2.743860000">
        <ele>483.000</ele>
      </trkpt>
      <trkpt lat="42.515900000" lon="-2.743960000">
        <ele>483.000</ele>
      </trkpt>
      <trkpt lat="42.515950000" lon="-2.744020000">
        <ele>482.000</ele>
      </trkpt>
      <trkpt lat="42.516020000" lon="-2.744120000">
        <ele>482.000</ele>
      </trkpt>
      <trkpt lat="42.516080000" lon="-2.744200000">
        <ele>481.000</ele>
      </trkpt>
      <trkpt lat="42.516140000" lon="-2.744270000">
        <ele>481.000</ele>
      </trkpt>
      <trkpt lat="42.516250000" lon="-2.744400000">
        <ele>481.000</ele>
      </trkpt>
      <trkpt lat="42.516370000" lon="-2.744520000">
        <ele>481.000</ele>
      </trkpt>
      <trkpt lat="42.516500000" lon="-2.744640000">
        <ele>480.000</ele>
      </trkpt>
      <trkpt lat="42.516650000" lon="-2.744770000">
        <ele>480.000</ele>
      </trkpt>
      <trkpt lat="42.516810000" lon="-2.744900000">
        <ele>480.000</ele>
      </trkpt>
      <trkpt lat="42.517570000" lon="-2.745580000">
        <ele>480.000</ele>
      </trkpt>
      <trkpt lat="42.517790000" lon="-2.745770000">
        <ele>480.000</ele>
      </trkpt>
      <trkpt lat="42.517980000" lon="-2.745930000">
        <ele>479.000</ele>
      </trkpt>
      <trkpt lat="42.518140000" lon="-2.746080000">
        <ele>478.000</ele>
      </trkpt>
      <trkpt lat="42.518210000" lon="-2.746140000">
        <ele>478.000</ele>
      </trkpt>
      <trkpt lat="42.518380000" lon="-2.746290000">
        <ele>477.000</ele>
      </trkpt>
      <trkpt lat="42.518840000" lon="-2.746680000">
        <ele>476.000</ele>
      </trkpt>
      <trkpt lat="42.519600000" lon="-2.747350000">
        <ele>475.000</ele>
      </trkpt>
      <trkpt lat="42.519880000" lon="-2.747590000">
        <ele>473.000</ele>
      </trkpt>
      <trkpt lat="42.520500000" lon="-2.748140000">
        <ele>472.000</ele>
      </trkpt>
      <trkpt lat="42.520800000" lon="-2.748400000">
        <ele>471.000</ele>
      </trkpt>
      <trkpt lat="42.520980000" lon="-2.748550000">
        <ele>470.000</ele>
      </trkpt>
      <trkpt lat="42.521450000" lon="-2.748970000">
        <ele>469.000</ele>
      </trkpt>
      <trkpt lat="42.521470000" lon="-2.748980000">
        <ele>468.000</ele>
      </trkpt>
      <trkpt lat="42.521800000" lon="-2.749280000">
        <ele>467.000</ele>
      </trkpt>
      <trkpt lat="42.522230000" lon="-2.749660000">
        <ele>466.000</ele>
      </trkpt>
      <trkpt lat="42.522500000" lon="-2.749900000">
        <ele>466.000</ele>
      </trkpt>
      <trkpt lat="42.522580000" lon="-2.749960000">
        <ele>465.000</ele>
      </trkpt>
      <trkpt lat="42.522670000" lon="-2.750060000">
        <ele>465.000</ele>
      </trkpt>
      <trkpt lat="42.522700000" lon="-2.750090000">
        <ele>465.000</ele>
      </trkpt>
      <trkpt lat="42.522760000" lon="-2.750160000">
        <ele>464.000</ele>
      </trkpt>
      <trkpt lat="42.522860000" lon="-2.750270000">
        <ele>464.000</ele>
      </trkpt>
      <trkpt lat="42.522980000" lon="-2.750400000">
        <ele>464.000</ele>
      </trkpt>
      <trkpt lat="42.522990000" lon="-2.750410000">
        <ele>464.000</ele>
      </trkpt>
      <trkpt lat="42.523100000" lon="-2.750570000">
        <ele>463.000</ele>
      </trkpt>
      <trkpt lat="42.523180000" lon="-2.750680000">
        <ele>463.000</ele>
      </trkpt>
      <trkpt lat="42.523230000" lon="-2.750750000">
        <ele>462.000</ele>
      </trkpt>
      <trkpt lat="42.523300000" lon="-2.750870000">
        <ele>462.000</ele>
      </trkpt>
      <trkpt lat="42.523340000" lon="-2.750930000">
        <ele>462.000</ele>
      </trkpt>
      <trkpt lat="42.523620000" lon="-2.751380000">
        <ele>460.000</ele>
      </trkpt>
      <trkpt lat="42.523800000" lon="-2.751680000">
        <ele>459.000</ele>
      </trkpt>
      <trkpt lat="42.523890000" lon="-2.751820000">
        <ele>458.000</ele>
      </trkpt>
      <trkpt lat="42.523920000" lon="-2.751870000">
        <ele>457.000</ele>
      </trkpt>
      <trkpt lat="42.524180000" lon="-2.752300000">
        <ele>456.000</ele>
      </trkpt>
      <trkpt lat="42.524260000" lon="-2.752440000">
        <ele>455.000</ele>
      </trkpt>
      <trkpt lat="42.524370000" lon="-2.752630000">
        <ele>454.000</ele>
      </trkpt>
      <trkpt lat="42.524430000" lon="-2.752720000">
        <ele>454.000</ele>
      </trkpt>
      <trkpt lat="42.524880000" lon="-2.753470000">
        <ele>453.000</ele>
      </trkpt>
      <trkpt lat="42.524940000" lon="-2.753570000">
        <ele>453.000</ele>
      </trkpt>
      <trkpt lat="42.525050000" lon="-2.753760000">
        <ele>453.000</ele>
      </trkpt>
      <trkpt lat="42.525380000" lon="-2.754310000">
        <ele>452.000</ele>
      </trkpt>
      <trkpt lat="42.525910000" lon="-2.755190000">
        <ele>451.000</ele>
      </trkpt>
      <trkpt lat="42.525950000" lon="-2.755260000">
        <ele>451.000</ele>
      </trkpt>
      <trkpt lat="42.526350000" lon="-2.755920000">
        <ele>450.000</ele>
      </trkpt>
      <trkpt lat="42.526370000" lon="-2.755970000">
        <ele>449.000</ele>
      </trkpt>
      <trkpt lat="42.526540000" lon="-2.756230000">
        <ele>449.000</ele>
      </trkpt>
      <trkpt lat="42.526760000" lon="-2.756610000">
        <ele>448.000</ele>
      </trkpt>
      <trkpt lat="42.527060000" lon="-2.757100000">
        <ele>448.000</ele>
      </trkpt>
      <trkpt lat="42.527170000" lon="-2.757290000">
        <ele>448.000</ele>
      </trkpt>
      <trkpt lat="42.527370000" lon="-2.757620000">
        <ele>447.000</ele>
      </trkpt>
      <trkpt lat="42.527680000" lon="-2.758130000">
        <ele>447.000</ele>
      </trkpt>
      <trkpt lat="42.528030000" lon="-2.758720000">
        <ele>447.000</ele>
      </trkpt>
      <trkpt lat="42.528190000" lon="-2.759000000">
        <ele>446.000</ele>
      </trkpt>
      <trkpt lat="42.528270000" lon="-2.759130000">
        <ele>446.000</ele>
      </trkpt>
      <trkpt lat="42.528300000" lon="-2.759180000">
        <ele>446.000</ele>
      </trkpt>
      <trkpt lat="42.528350000" lon="-2.759260000">
        <ele>446.000</ele>
      </trkpt>
      <trkpt lat="42.528500000" lon="-2.759490000">
        <ele>446.000</ele>
      </trkpt>
      <trkpt lat="42.528640000" lon="-2.759680000">
        <ele>445.000</ele>
      </trkpt>
      <trkpt lat="42.528800000" lon="-2.759900000">
        <ele>445.000</ele>
      </trkpt>
      <trkpt lat="42.528970000" lon="-2.760130000">
        <ele>445.000</ele>
      </trkpt>
      <trkpt lat="42.529050000" lon="-2.760240000">
        <ele>445.000</ele>
      </trkpt>
      <trkpt lat="42.529180000" lon="-2.760420000">
        <ele>445.000</ele>
      </trkpt>
      <trkpt lat="42.529200000" lon="-2.760450000">
        <ele>445.000</ele>
      </trkpt>
      <trkpt lat="42.529310000" lon="-2.760610000">
        <ele>445.000</ele>
      </trkpt>
      <trkpt lat="42.529440000" lon="-2.760780000">
        <ele>445.000</ele>
      </trkpt>
      <trkpt lat="42.529760000" lon="-2.761230000">
        <ele>445.000</ele>
      </trkpt>
      <trkpt lat="42.530060000" lon="-2.761640000">
        <ele>445.000</ele>
      </trkpt>
      <trkpt lat="42.530180000" lon="-2.761810000">
        <ele>445.000</ele>
      </trkpt>
      <trkpt lat="42.530310000" lon="-2.761980000">
        <ele>445.000</ele>
      </trkpt>
      <trkpt lat="42.530390000" lon="-2.762100000">
        <ele>445.000</ele>
      </trkpt>
      <trkpt lat="42.530440000" lon="-2.762160000">
        <ele>445.000</ele>
      </trkpt>
      <trkpt lat="42.530580000" lon="-2.762360000">
        <ele>445.000</ele>
      </trkpt>
      <trkpt lat="42.530710000" lon="-2.762540000">
        <ele>446.000</ele>
      </trkpt>
      <trkpt lat="42.531030000" lon="-2.762980000">
        <ele>447.000</ele>
      </trkpt>
      <trkpt lat="42.531280000" lon="-2.763310000">
        <ele>448.000</ele>
      </trkpt>
      <trkpt lat="42.531550000" lon="-2.763670000">
        <ele>449.000</ele>
      </trkpt>
      <trkpt lat="42.531640000" lon="-2.763790000">
        <ele>450.000</ele>
      </trkpt>
      <trkpt lat="42.531710000" lon="-2.763880000">
        <ele>451.000</ele>
      </trkpt>
      <trkpt lat="42.531980000" lon="-2.764260000">
        <ele>452.000</ele>
      </trkpt>
      <trkpt lat="42.532010000" lon="-2.764320000">
        <ele>452.000</ele>
      </trkpt>
      <trkpt lat="42.532110000" lon="-2.764480000">
        <ele>453.000</ele>
      </trkpt>
      <trkpt lat="42.532140000" lon="-2.764540000">
        <ele>453.000</ele>
      </trkpt>
      <trkpt lat="42.532180000" lon="-2.764610000">
        <ele>453.000</ele>
      </trkpt>
      <trkpt lat="42.532290000" lon="-2.764820000">
        <ele>453.000</ele>
      </trkpt>
      <trkpt lat="42.532390000" lon="-2.765010000">
        <ele>453.000</ele>
      </trkpt>
      <trkpt lat="42.532540000" lon="-2.765340000">
        <ele>454.000</ele>
      </trkpt>
      <trkpt lat="42.532580000" lon="-2.765430000">
        <ele>454.000</ele>
      </trkpt>
      <trkpt lat="42.532790000" lon="-2.765890000">
        <ele>454.000</ele>
      </trkpt>
      <trkpt lat="42.533090000" lon="-2.766550000">
        <ele>454.000</ele>
      </trkpt>
      <trkpt lat="42.533420000" lon="-2.767270000">
        <ele>455.000</ele>
      </trkpt>
      <trkpt lat="42.533710000" lon="-2.767870000">
        <ele>455.000</ele>
      </trkpt>
      <trkpt lat="42.534020000" lon="-2.768530000">
        <ele>456.000</ele>
      </trkpt>
      <trkpt lat="42.534210000" lon="-2.768930000">
        <ele>456.000</ele>
      </trkpt>
      <trkpt lat="42.534360000" lon="-2.769240000">
        <ele>456.000</ele>
      </trkpt>
      <trkpt lat="42.534690000" lon="-2.769930000">
        <ele>457.000</ele>
      </trkpt>
      <trkpt lat="42.534850000" lon="-2.770270000">
        <ele>457.000</ele>
      </trkpt>
      <trkpt lat="42.535080000" lon="-2.770770000">
        <ele>458.000</ele>
      </trkpt>
      <trkpt lat="42.535760000" lon="-2.772170000">
        <ele>458.000</ele>
      </trkpt>
      <trkpt lat="42.535820000" lon="-2.772310000">
        <ele>458.000</ele>
      </trkpt>
      <trkpt lat="42.536230000" lon="-2.773160000">
        <ele>458.000</ele>
      </trkpt>
      <trkpt lat="42.536320000" lon="-2.773370000">
        <ele>458.000</ele>
      </trkpt>
      <trkpt lat="42.536450000" lon="-2.773640000">
        <ele>458.000</ele>
      </trkpt>
      <trkpt lat="42.536500000" lon="-2.773740000">
        <ele>458.000</ele>
      </trkpt>
      <trkpt lat="42.536970000" lon="-2.774710000">
        <ele>458.000</ele>
      </trkpt>
      <trkpt lat="42.537180000" lon="-2.775160000">
        <ele>458.000</ele>
      </trkpt>
      <trkpt lat="42.537230000" lon="-2.775250000">
        <ele>458.000</ele>
      </trkpt>
      <trkpt lat="42.537470000" lon="-2.775750000">
        <ele>458.000</ele>
      </trkpt>
      <trkpt lat="42.537650000" lon="-2.776120000">
        <ele>457.000</ele>
      </trkpt>
      <trkpt lat="42.537820000" lon="-2.776480000">
        <ele>457.000</ele>
      </trkpt>
      <trkpt lat="42.537910000" lon="-2.776680000">
        <ele>457.000</ele>
      </trkpt>
      <trkpt lat="42.538500000" lon="-2.777920000">
        <ele>456.000</ele>
      </trkpt>
      <trkpt lat="42.538630000" lon="-2.778200000">
        <ele>456.000</ele>
      </trkpt>
      <trkpt lat="42.538730000" lon="-2.778400000">
        <ele>456.000</ele>
      </trkpt>
      <trkpt lat="42.538850000" lon="-2.778650000">
        <ele>455.000</ele>
      </trkpt>
      <trkpt lat="42.538880000" lon="-2.778720000">
        <ele>455.000</ele>
      </trkpt>
      <trkpt lat="42.538960000" lon="-2.778900000">
        <ele>455.000</ele>
      </trkpt>
      <trkpt lat="42.539110000" lon="-2.779220000">
        <ele>454.000</ele>
      </trkpt>
      <trkpt lat="42.539230000" lon="-2.779480000">
        <ele>454.000</ele>
      </trkpt>
      <trkpt lat="42.539290000" lon="-2.779630000">
        <ele>454.000</ele>
      </trkpt>
      <trkpt lat="42.539420000" lon="-2.779910000">
        <ele>453.000</ele>
      </trkpt>
      <trkpt lat="42.539460000" lon="-2.779950000">
        <ele>453.000</ele>
      </trkpt>
      <trkpt lat="42.539460000" lon="-2.779960000">
        <ele>453.000</ele>
      </trkpt>
      <trkpt lat="42.539500000" lon="-2.780050000">
        <ele>453.000</ele>
      </trkpt>
      <trkpt lat="42.539510000" lon="-2.780080000">
        <ele>453.000</ele>
      </trkpt>
      <trkpt lat="42.539710000" lon="-2.780550000">
        <ele>453.000</ele>
      </trkpt>
      <trkpt lat="42.539800000" lon="-2.780750000">
        <ele>454.000</ele>
      </trkpt>
      <trkpt lat="42.539830000" lon="-2.780820000">
        <ele>454.000</ele>
      </trkpt>
      <trkpt lat="42.539850000" lon="-2.780860000">
        <ele>454.000</ele>
      </trkpt>
      <trkpt lat="42.539980000" lon="-2.781180000">
        <ele>455.000</ele>
      </trkpt>
      <trkpt lat="42.540060000" lon="-2.781390000">
        <ele>455.000</ele>
      </trkpt>
      <trkpt lat="42.540110000" lon="-2.781490000">
        <ele>456.000</ele>
      </trkpt>
      <trkpt lat="42.540210000" lon="-2.781750000">
        <ele>456.000</ele>
      </trkpt>
      <trkpt lat="42.540270000" lon="-2.781910000">
        <ele>457.000</ele>
      </trkpt>
      <trkpt lat="42.540480000" lon="-2.782450000">
        <ele>458.000</ele>
      </trkpt>
      <trkpt lat="42.540560000" lon="-2.782670000">
        <ele>459.000</ele>
      </trkpt>
      <trkpt lat="42.540600000" lon="-2.782770000">
        <ele>460.000</ele>
      </trkpt>
      <trkpt lat="42.540930000" lon="-2.783680000">
        <ele>462.000</ele>
      </trkpt>
      <trkpt lat="42.540950000" lon="-2.783750000">
        <ele>463.000</ele>
      </trkpt>
      <trkpt lat="42.541000000" lon="-2.783900000">
        <ele>464.000</ele>
      </trkpt>
      <trkpt lat="42.541230000" lon="-2.784570000">
        <ele>466.000</ele>
      </trkpt>
      <trkpt lat="42.541340000" lon="-2.784870000">
        <ele>468.000</ele>
      </trkpt>
      <trkpt lat="42.541360000" lon="-2.785020000">
        <ele>469.000</ele>
      </trkpt>
      <trkpt lat="42.541380000" lon="-2.785080000">
        <ele>470.000</ele>
      </trkpt>
      <trkpt lat="42.541390000" lon="-2.785110000">
        <ele>471.000</ele>
      </trkpt>
      <trkpt lat="42.541510000" lon="-2.785450000">
        <ele>472.000</ele>
      </trkpt>
      <trkpt lat="42.541570000" lon="-2.785620000">
        <ele>473.000</ele>
      </trkpt>
      <trkpt lat="42.541630000" lon="-2.785830000">
        <ele>474.000</ele>
      </trkpt>
      <trkpt lat="42.541650000" lon="-2.785930000">
        <ele>474.000</ele>
      </trkpt>
      <trkpt lat="42.541690000" lon="-2.786130000">
        <ele>475.000</ele>
      </trkpt>
      <trkpt lat="42.541710000" lon="-2.786330000">
        <ele>476.000</ele>
      </trkpt>
      <trkpt lat="42.541740000" lon="-2.786680000">
        <ele>477.000</ele>
      </trkpt>
      <trkpt lat="42.541770000" lon="-2.786950000">
        <ele>477.000</ele>
      </trkpt>
      <trkpt lat="42.541800000" lon="-2.787300000">
        <ele>478.000</ele>
      </trkpt>
      <trkpt lat="42.541810000" lon="-2.787350000">
        <ele>479.000</ele>
      </trkpt>
      <trkpt lat="42.541830000" lon="-2.787500000">
        <ele>480.000</ele>
      </trkpt>
      <trkpt lat="42.541850000" lon="-2.787640000">
        <ele>480.000</ele>
      </trkpt>
      <trkpt lat="42.541860000" lon="-2.787680000">
        <ele>480.000</ele>
      </trkpt>
      <trkpt lat="42.541900000" lon="-2.787890000">
        <ele>481.000</ele>
      </trkpt>
      <trkpt lat="42.541950000" lon="-2.788080000">
        <ele>481.000</ele>
      </trkpt>
      <trkpt lat="42.541980000" lon="-2.788160000">
        <ele>481.000</ele>
      </trkpt>
      <trkpt lat="42.542040000" lon="-2.788340000">
        <ele>481.000</ele>
      </trkpt>
      <trkpt lat="42.542060000" lon="-2.788400000">
        <ele>482.000</ele>
      </trkpt>
      <trkpt lat="42.542120000" lon="-2.788550000">
        <ele>482.000</ele>
      </trkpt>
      <trkpt lat="42.542200000" lon="-2.788740000">
        <ele>482.000</ele>
      </trkpt>
      <trkpt lat="42.542220000" lon="-2.788770000">
        <ele>482.000</ele>
      </trkpt>
      <trkpt lat="42.542280000" lon="-2.788900000">
        <ele>482.000</ele>
      </trkpt>
      <trkpt lat="42.542430000" lon="-2.789160000">
        <ele>483.000</ele>
      </trkpt>
      <trkpt lat="42.542550000" lon="-2.789340000">
        <ele>483.000</ele>
      </trkpt>
      <trkpt lat="42.542620000" lon="-2.789460000">
        <ele>483.000</ele>
      </trkpt>
      <trkpt lat="42.542700000" lon="-2.789590000">
        <ele>483.000</ele>
      </trkpt>
      <trkpt lat="42.542910000" lon="-2.789920000">
        <ele>482.000</ele>
      </trkpt>
      <trkpt lat="42.543050000" lon="-2.790140000">
        <ele>481.000</ele>
      </trkpt>
      <trkpt lat="42.543120000" lon="-2.790250000">
        <ele>481.000</ele>
      </trkpt>
      <trkpt lat="42.543160000" lon="-2.790320000">
        <ele>480.000</ele>
      </trkpt>
      <trkpt lat="42.543210000" lon="-2.790400000">
        <ele>479.000</ele>
      </trkpt>
      <trkpt lat="42.543220000" lon="-2.790410000">
        <ele>479.000</ele>
      </trkpt>
      <trkpt lat="42.543240000" lon="-2.790460000">
        <ele>478.000</ele>
      </trkpt>
      <trkpt lat="42.543340000" lon="-2.790650000">
        <ele>478.000</ele>
      </trkpt>
      <trkpt lat="42.543410000" lon="-2.790810000">
        <ele>477.000</ele>
      </trkpt>
      <trkpt lat="42.543510000" lon="-2.791020000">
        <ele>476.000</ele>
      </trkpt>
      <trkpt lat="42.543710000" lon="-2.791460000">
        <ele>475.000</ele>
      </trkpt>
      <trkpt lat="42.544190000" lon="-2.792540000">
        <ele>473.000</ele>
      </trkpt>
      <trkpt lat="42.544250000" lon="-2.792680000">
        <ele>471.000</ele>
      </trkpt>
      <trkpt lat="42.544280000" lon="-2.792750000">
        <ele>469.000</ele>
      </trkpt>
      <trkpt lat="42.544310000" lon="-2.792820000">
        <ele>468.000</ele>
      </trkpt>
      <trkpt lat="42.544470000" lon="-2.793170000">
        <ele>467.000</ele>
      </trkpt>
      <trkpt lat="42.544720000" lon="-2.793730000">
        <ele>466.000</ele>
      </trkpt>
      <trkpt lat="42.544780000" lon="-2.793860000">
        <ele>464.000</ele>
      </trkpt>
      <trkpt lat="42.545070000" lon="-2.794520000">
        <ele>463.000</ele>
      </trkpt>
      <trkpt lat="42.545150000" lon="-2.794700000">
        <ele>461.000</ele>
      </trkpt>
      <trkpt lat="42.545180000" lon="-2.794770000">
        <ele>460.000</ele>
      </trkpt>
      <trkpt lat="42.545300000" lon="-2.795050000">
        <ele>459.000</ele>
      </trkpt>
      <trkpt lat="42.545340000" lon="-2.795120000">
        <ele>458.000</ele>
      </trkpt>
      <trkpt lat="42.545370000" lon="-2.795190000">
        <ele>458.000</ele>
      </trkpt>
      <trkpt lat="42.545600000" lon="-2.795720000">
        <ele>457.000</ele>
      </trkpt>
      <trkpt lat="42.545710000" lon="-2.795950000">
        <ele>456.000</ele>
      </trkpt>
      <trkpt lat="42.545740000" lon="-2.796020000">
        <ele>455.000</ele>
      </trkpt>
      <trkpt lat="42.545770000" lon="-2.796090000">
        <ele>455.000</ele>
      </trkpt>
      <trkpt lat="42.545860000" lon="-2.796290000">
        <ele>455.000</ele>
      </trkpt>
      <trkpt lat="42.545900000" lon="-2.796370000">
        <ele>455.000</ele>
      </trkpt>
      <trkpt lat="42.545930000" lon="-2.796440000">
        <ele>455.000</ele>
      </trkpt>
      <trkpt lat="42.545960000" lon="-2.796510000">
        <ele>455.000</ele>
      </trkpt>
      <trkpt lat="42.546080000" lon="-2.796790000">
        <ele>455.000</ele>
      </trkpt>
      <trkpt lat="42.546170000" lon="-2.797000000">
        <ele>456.000</ele>
      </trkpt>
      <trkpt lat="42.546180000" lon="-2.797020000">
        <ele>456.000</ele>
      </trkpt>
      <trkpt lat="42.546270000" lon="-2.797210000">
        <ele>456.000</ele>
      </trkpt>
      <trkpt lat="42.546360000" lon="-2.797420000">
        <ele>457.000</ele>
      </trkpt>
      <trkpt lat="42.546460000" lon="-2.797650000">
        <ele>457.000</ele>
      </trkpt>
      <trkpt lat="42.546550000" lon="-2.797830000">
        <ele>458.000</ele>
      </trkpt>
      <trkpt lat="42.546640000" lon="-2.798040000">
        <ele>458.000</ele>
      </trkpt>
      <trkpt lat="42.546690000" lon="-2.798150000">
        <ele>459.000</ele>
      </trkpt>
      <trkpt lat="42.546920000" lon="-2.798660000">
        <ele>460.000</ele>
      </trkpt>
      <trkpt lat="42.547060000" lon="-2.798980000">
        <ele>460.000</ele>
      </trkpt>
      <trkpt lat="42.547110000" lon="-2.799080000">
        <ele>461.000</ele>
      </trkpt>
      <trkpt lat="42.547210000" lon="-2.799300000">
        <ele>462.000</ele>
      </trkpt>
      <trkpt lat="42.547290000" lon="-2.799500000">
        <ele>462.000</ele>
      </trkpt>
      <trkpt lat="42.547340000" lon="-2.799600000">
        <ele>463.000</ele>
      </trkpt>
      <trkpt lat="42.547440000" lon="-2.799840000">
        <ele>463.000</ele>
      </trkpt>
      <trkpt lat="42.547460000" lon="-2.799910000">
        <ele>464.000</ele>
      </trkpt>
      <trkpt lat="42.547510000" lon="-2.800040000">
        <ele>464.000</ele>
      </trkpt>
      <trkpt lat="42.547550000" lon="-2.800200000">
        <ele>465.000</ele>
      </trkpt>
      <trkpt lat="42.547610000" lon="-2.800460000">
        <ele>465.000</ele>
      </trkpt>
      <trkpt lat="42.547750000" lon="-2.801070000">
        <ele>465.000</ele>
      </trkpt>
      <trkpt lat="42.547790000" lon="-2.801250000">
        <ele>466.000</ele>
      </trkpt>
      <trkpt lat="42.547900000" lon="-2.801740000">
        <ele>466.000</ele>
      </trkpt>
      <trkpt lat="42.548020000" lon="-2.802320000">
        <ele>466.000</ele>
      </trkpt>
      <trkpt lat="42.548060000" lon="-2.802510000">
        <ele>467.000</ele>
      </trkpt>
      <trkpt lat="42.548150000" lon="-2.802880000">
        <ele>467.000</ele>
      </trkpt>
      <trkpt lat="42.548270000" lon="-2.803440000">
        <ele>468.000</ele>
      </trkpt>
      <trkpt lat="42.548360000" lon="-2.803870000">
        <ele>469.000</ele>
      </trkpt>
      <trkpt lat="42.548430000" lon="-2.804240000">
        <ele>469.000</ele>
      </trkpt>
      <trkpt lat="42.548470000" lon="-2.804510000">
        <ele>470.000</ele>
      </trkpt>
      <trkpt lat="42.548470000" lon="-2.804530000">
        <ele>471.000</ele>
      </trkpt>
      <trkpt lat="42.548540000" lon="-2.804960000">
        <ele>472.000</ele>
      </trkpt>
      <trkpt lat="42.548600000" lon="-2.805360000">
        <ele>473.000</ele>
      </trkpt>
      <trkpt lat="42.548880000" lon="-2.807160000">
        <ele>475.000</ele>
      </trkpt>
      <trkpt lat="42.549010000" lon="-2.808060000">
        <ele>478.000</ele>
      </trkpt>
      <trkpt lat="42.549060000" lon="-2.808360000">
        <ele>480.000</ele>
      </trkpt>
      <trkpt lat="42.549080000" lon="-2.808500000">
        <ele>481.000</ele>
      </trkpt>
      <trkpt lat="42.549090000" lon="-2.808610000">
        <ele>482.000</ele>
      </trkpt>
      <trkpt lat="42.549100000" lon="-2.808740000">
        <ele>483.000</ele>
      </trkpt>
      <trkpt lat="42.549110000" lon="-2.808930000">
        <ele>483.000</ele>
      </trkpt>
      <trkpt lat="42.549110000" lon="-2.809160000">
        <ele>484.000</ele>
      </trkpt>
      <trkpt lat="42.549100000" lon="-2.809660000">
        <ele>484.000</ele>
      </trkpt>
      <trkpt lat="42.549090000" lon="-2.809830000">
        <ele>484.000</ele>
      </trkpt>
      <trkpt lat="42.549090000" lon="-2.810070000">
        <ele>485.000</ele>
      </trkpt>
      <trkpt lat="42.549070000" lon="-2.810560000">
        <ele>485.000</ele>
      </trkpt>
      <trkpt lat="42.549060000" lon="-2.810790000">
        <ele>485.000</ele>
      </trkpt>
      <trkpt lat="42.549050000" lon="-2.811090000">
        <ele>485.000</ele>
      </trkpt>
      <trkpt lat="42.549040000" lon="-2.811310000">
        <ele>485.000</ele>
      </trkpt>
      <trkpt lat="42.549020000" lon="-2.812140000">
        <ele>485.000</ele>
      </trkpt>
      <trkpt lat="42.548990000" lon="-2.812840000">
        <ele>484.000</ele>
      </trkpt>
      <trkpt lat="42.548980000" lon="-2.813240000">
        <ele>484.000</ele>
      </trkpt>
      <trkpt lat="42.548960000" lon="-2.813750000">
        <ele>484.000</ele>
      </trkpt>
      <trkpt lat="42.548940000" lon="-2.814420000">
        <ele>484.000</ele>
      </trkpt>
      <trkpt lat="42.548930000" lon="-2.814710000">
        <ele>484.000</ele>
      </trkpt>
      <trkpt lat="42.548920000" lon="-2.814900000">
        <ele>484.000</ele>
      </trkpt>
      <trkpt lat="42.548900000" lon="-2.815330000">
        <ele>484.000</ele>
      </trkpt>
      <trkpt lat="42.548880000" lon="-2.815600000">
        <ele>484.000</ele>
      </trkpt>
      <trkpt lat="42.548860000" lon="-2.816040000">
        <ele>484.000</ele>
      </trkpt>
      <trkpt lat="42.548840000" lon="-2.816220000">
        <ele>484.000</ele>
      </trkpt>
      <trkpt lat="42.548820000" lon="-2.816360000">
        <ele>485.000</ele>
      </trkpt>
      <trkpt lat="42.548780000" lon="-2.816700000">
        <ele>485.000</ele>
      </trkpt>
      <trkpt lat="42.548770000" lon="-2.816760000">
        <ele>485.000</ele>
      </trkpt>
      <trkpt lat="42.548750000" lon="-2.816940000">
        <ele>485.000</ele>
      </trkpt>
      <trkpt lat="42.548670000" lon="-2.817270000">
        <ele>485.000</ele>
      </trkpt>
      <trkpt lat="42.548660000" lon="-2.817310000">
        <ele>486.000</ele>
      </trkpt>
      <trkpt lat="42.548600000" lon="-2.817580000">
        <ele>486.000</ele>
      </trkpt>
      <trkpt lat="42.548530000" lon="-2.817840000">
        <ele>486.000</ele>
      </trkpt>
      <trkpt lat="42.548460000" lon="-2.818040000">
        <ele>486.000</ele>
      </trkpt>
      <trkpt lat="42.548390000" lon="-2.818230000">
        <ele>487.000</ele>
      </trkpt>
      <trkpt lat="42.548320000" lon="-2.818400000">
        <ele>487.000</ele>
      </trkpt>
      <trkpt lat="42.548110000" lon="-2.818860000">
        <ele>487.000</ele>
      </trkpt>
      <trkpt lat="42.548090000" lon="-2.818910000">
        <ele>487.000</ele>
      </trkpt>
      <trkpt lat="42.547920000" lon="-2.819260000">
        <ele>487.000</ele>
      </trkpt>
      <trkpt lat="42.547800000" lon="-2.819530000">
        <ele>487.000</ele>
      </trkpt>
      <trkpt lat="42.547790000" lon="-2.819550000">
        <ele>487.000</ele>
      </trkpt>
      <trkpt lat="42.547700000" lon="-2.819740000">
        <ele>487.000</ele>
      </trkpt>
      <trkpt lat="42.547640000" lon="-2.819880000">
        <ele>487.000</ele>
      </trkpt>
      <trkpt lat="42.547550000" lon="-2.820100000">
        <ele>487.000</ele>
      </trkpt>
      <trkpt lat="42.547480000" lon="-2.820280000">
        <ele>487.000</ele>
      </trkpt>
      <trkpt lat="42.547440000" lon="-2.820380000">
        <ele>487.000</ele>
      </trkpt>
      <trkpt lat="42.547400000" lon="-2.820510000">
        <ele>487.000</ele>
      </trkpt>
      <trkpt lat="42.547340000" lon="-2.820710000">
        <ele>487.000</ele>
      </trkpt>
      <trkpt lat="42.547270000" lon="-2.820950000">
        <ele>487.000</ele>
      </trkpt>
      <trkpt lat="42.547200000" lon="-2.821290000">
        <ele>487.000</ele>
      </trkpt>
      <trkpt lat="42.547180000" lon="-2.821380000">
        <ele>486.000</ele>
      </trkpt>
      <trkpt lat="42.547160000" lon="-2.821470000">
        <ele>486.000</ele>
      </trkpt>
      <trkpt lat="42.547150000" lon="-2.821550000">
        <ele>486.000</ele>
      </trkpt>
      <trkpt lat="42.547090000" lon="-2.821940000">
        <ele>485.000</ele>
      </trkpt>
      <trkpt lat="42.547070000" lon="-2.822130000">
        <ele>485.000</ele>
      </trkpt>
      <trkpt lat="42.547070000" lon="-2.822270000">
        <ele>485.000</ele>
      </trkpt>
      <trkpt lat="42.547060000" lon="-2.822440000">
        <ele>484.000</ele>
      </trkpt>
      <trkpt lat="42.547050000" lon="-2.822630000">
        <ele>484.000</ele>
      </trkpt>
      <trkpt lat="42.547060000" lon="-2.823010000">
        <ele>483.000</ele>
      </trkpt>
      <trkpt lat="42.547080000" lon="-2.823410000">
        <ele>483.000</ele>
      </trkpt>
      <trkpt lat="42.547100000" lon="-2.823600000">
        <ele>482.000</ele>
      </trkpt>
      <trkpt lat="42.547150000" lon="-2.823910000">
        <ele>482.000</ele>
      </trkpt>
      <trkpt lat="42.547280000" lon="-2.824620000">
        <ele>481.000</ele>
      </trkpt>
      <trkpt lat="42.547290000" lon="-2.824650000">
        <ele>480.000</ele>
      </trkpt>
      <trkpt lat="42.547430000" lon="-2.825330000">
        <ele>479.000</ele>
      </trkpt>
      <trkpt lat="42.547470000" lon="-2.825560000">
        <ele>478.000</ele>
      </trkpt>
      <trkpt lat="42.547480000" lon="-2.825580000">
        <ele>478.000</ele>
      </trkpt>
      <trkpt lat="42.547570000" lon="-2.826030000">
        <ele>478.000</ele>
      </trkpt>
      <trkpt lat="42.547620000" lon="-2.826270000">
        <ele>478.000</ele>
      </trkpt>
      <trkpt lat="42.547650000" lon="-2.826330000">
        <ele>478.000</ele>
      </trkpt>
      <trkpt lat="42.547700000" lon="-2.826530000">
        <ele>479.000</ele>
      </trkpt>
      <trkpt lat="42.547740000" lon="-2.826700000">
        <ele>479.000</ele>
      </trkpt>
      <trkpt lat="42.547830000" lon="-2.827090000">
        <ele>480.000</ele>
      </trkpt>
      <trkpt lat="42.547890000" lon="-2.827320000">
        <ele>480.000</ele>
      </trkpt>
      <trkpt lat="42.547900000" lon="-2.827350000">
        <ele>481.000</ele>
      </trkpt>
      <trkpt lat="42.548010000" lon="-2.827880000">
        <ele>482.000</ele>
      </trkpt>
      <trkpt lat="42.548030000" lon="-2.827980000">
        <ele>482.000</ele>
      </trkpt>
      <trkpt lat="42.548030000" lon="-2.828010000">
        <ele>483.000</ele>
      </trkpt>
      <trkpt lat="42.548050000" lon="-2.828080000">
        <ele>483.000</ele>
      </trkpt>
      <trkpt lat="42.548090000" lon="-2.828280000">
        <ele>484.000</ele>
      </trkpt>
      <trkpt lat="42.548150000" lon="-2.828570000">
        <ele>484.000</ele>
      </trkpt>
      <trkpt lat="42.548180000" lon="-2.828690000">
        <ele>485.000</ele>
      </trkpt>
      <trkpt lat="42.548260000" lon="-2.829090000">
        <ele>486.000</ele>
      </trkpt>
      <trkpt lat="42.548290000" lon="-2.829250000">
        <ele>486.000</ele>
      </trkpt>
      <trkpt lat="42.548420000" lon="-2.829860000">
        <ele>487.000</ele>
      </trkpt>
      <trkpt lat="42.548470000" lon="-2.830040000">
        <ele>488.000</ele>
      </trkpt>
      <trkpt lat="42.548550000" lon="-2.830350000">
        <ele>489.000</ele>
      </trkpt>
      <trkpt lat="42.548580000" lon="-2.830480000">
        <ele>490.000</ele>
      </trkpt>
      <trkpt lat="42.548680000" lon="-2.830770000">
        <ele>491.000</ele>
      </trkpt>
      <trkpt lat="42.548710000" lon="-2.830850000">
        <ele>491.000</ele>
      </trkpt>
      <trkpt lat="42.548740000" lon="-2.830920000">
        <ele>492.000</ele>
      </trkpt>
      <trkpt lat="42.548780000" lon="-2.831040000">
        <ele>492.000</ele>
      </trkpt>
      <trkpt lat="42.548820000" lon="-2.831140000">
        <ele>493.000</ele>
      </trkpt>
      <trkpt lat="42.548910000" lon="-2.831330000">
        <ele>493.000</ele>
      </trkpt>
      <trkpt lat="42.548970000" lon="-2.831440000">
        <ele>493.000</ele>
      </trkpt>
      <trkpt lat="42.548970000" lon="-2.831440000">
        <ele>493.000</ele>
      </trkpt>
      <trkpt lat="42.549020000" lon="-2.831540000">
        <ele>494.000</ele>
      </trkpt>
      <trkpt lat="42.549120000" lon="-2.831710000">
        <ele>494.000</ele>
      </trkpt>
      <trkpt lat="42.549160000" lon="-2.831780000">
        <ele>494.000</ele>
      </trkpt>
      <trkpt lat="42.549200000" lon="-2.831870000">
        <ele>494.000</ele>
      </trkpt>
      <trkpt lat="42.549250000" lon="-2.831930000">
        <ele>495.000</ele>
      </trkpt>
      <trkpt lat="42.549280000" lon="-2.831990000">
        <ele>495.000</ele>
      </trkpt>
      <trkpt lat="42.549310000" lon="-2.832030000">
        <ele>495.000</ele>
      </trkpt>
      <trkpt lat="42.549450000" lon="-2.832240000">
        <ele>495.000</ele>
      </trkpt>
      <trkpt lat="42.549500000" lon="-2.832300000">
        <ele>496.000</ele>
      </trkpt>
      <trkpt lat="42.549630000" lon="-2.832470000">
        <ele>496.000</ele>
      </trkpt>
      <trkpt lat="42.549700000" lon="-2.832540000">
        <ele>496.000</ele>
      </trkpt>
      <trkpt lat="42.549910000" lon="-2.832780000">
        <ele>495.000</ele>
      </trkpt>
      <trkpt lat="42.550080000" lon="-2.832970000">
        <ele>495.000</ele>
      </trkpt>
      <trkpt lat="42.550220000" lon="-2.833080000">
        <ele>494.000</ele>
      </trkpt>
      <trkpt lat="42.550370000" lon="-2.833220000">
        <ele>493.000</ele>
      </trkpt>
      <trkpt lat="42.550390000" lon="-2.833240000">
        <ele>492.000</ele>
      </trkpt>
      <trkpt lat="42.550490000" lon="-2.833320000">
        <ele>492.000</ele>
      </trkpt>
      <trkpt lat="42.550520000" lon="-2.833350000">
        <ele>491.000</ele>
      </trkpt>
      <trkpt lat="42.550750000" lon="-2.833510000">
        <ele>490.000</ele>
      </trkpt>
      <trkpt lat="42.551120000" lon="-2.833680000">
        <ele>489.000</ele>
      </trkpt>
      <trkpt lat="42.551320000" lon="-2.833750000">
        <ele>488.000</ele>
      </trkpt>
      <trkpt lat="42.551440000" lon="-2.833790000">
        <ele>487.000</ele>
      </trkpt>
      <trkpt lat="42.551730000" lon="-2.833880000">
        <ele>487.000</ele>
      </trkpt>
      <trkpt lat="42.551900000" lon="-2.833930000">
        <ele>486.000</ele>
      </trkpt>
      <trkpt lat="42.552020000" lon="-2.833970000">
        <ele>486.000</ele>
      </trkpt>
      <trkpt lat="42.552610000" lon="-2.834150000">
        <ele>485.000</ele>
      </trkpt>
      <trkpt lat="42.552720000" lon="-2.834180000">
        <ele>485.000</ele>
      </trkpt>
      <trkpt lat="42.553030000" lon="-2.834290000">
        <ele>485.000</ele>
      </trkpt>
      <trkpt lat="42.553130000" lon="-2.834320000">
        <ele>485.000</ele>
      </trkpt>
      <trkpt lat="42.553440000" lon="-2.834430000">
        <ele>485.000</ele>
      </trkpt>
      <trkpt lat="42.553890000" lon="-2.834590000">
        <ele>484.000</ele>
      </trkpt>
      <trkpt lat="42.554180000" lon="-2.834700000">
        <ele>484.000</ele>
      </trkpt>
      <trkpt lat="42.554350000" lon="-2.834770000">
        <ele>484.000</ele>
      </trkpt>
      <trkpt lat="42.554460000" lon="-2.834810000">
        <ele>484.000</ele>
      </trkpt>
      <trkpt lat="42.554640000" lon="-2.834880000">
        <ele>483.000</ele>
      </trkpt>
      <trkpt lat="42.555040000" lon="-2.835050000">
        <ele>483.000</ele>
      </trkpt>
      <trkpt lat="42.555050000" lon="-2.835050000">
        <ele>483.000</ele>
      </trkpt>
      <trkpt lat="42.555390000" lon="-2.835190000">
        <ele>482.000</ele>
      </trkpt>
      <trkpt lat="42.555630000" lon="-2.835300000">
        <ele>481.000</ele>
      </trkpt>
      <trkpt lat="42.555670000" lon="-2.835310000">
        <ele>480.000</ele>
      </trkpt>
      <trkpt lat="42.555750000" lon="-2.835350000">
        <ele>479.000</ele>
      </trkpt>
      <trkpt lat="42.556070000" lon="-2.835490000">
        <ele>478.000</ele>
      </trkpt>
      <trkpt lat="42.556090000" lon="-2.835500000">
        <ele>477.000</ele>
      </trkpt>
      <trkpt lat="42.556390000" lon="-2.835640000">
        <ele>476.000</ele>
      </trkpt>
      <trkpt lat="42.556910000" lon="-2.835900000">
        <ele>474.000</ele>
      </trkpt>
      <trkpt lat="42.556940000" lon="-2.835910000">
        <ele>472.000</ele>
      </trkpt>
      <trkpt lat="42.557110000" lon="-2.836000000">
        <ele>471.000</ele>
      </trkpt>
      <trkpt lat="42.557280000" lon="-2.836080000">
        <ele>470.000</ele>
      </trkpt>
      <trkpt lat="42.557450000" lon="-2.836170000">
        <ele>469.000</ele>
      </trkpt>
      <trkpt lat="42.557610000" lon="-2.836250000">
        <ele>468.000</ele>
      </trkpt>
      <trkpt lat="42.557880000" lon="-2.836400000">
        <ele>467.000</ele>
      </trkpt>
      <trkpt lat="42.558110000" lon="-2.836530000">
        <ele>466.000</ele>
      </trkpt>
      <trkpt lat="42.558220000" lon="-2.836590000">
        <ele>465.000</ele>
      </trkpt>
      <trkpt lat="42.558430000" lon="-2.836700000">
        <ele>464.000</ele>
      </trkpt>
      <trkpt lat="42.558450000" lon="-2.836710000">
        <ele>464.000</ele>
      </trkpt>
      <trkpt lat="42.558610000" lon="-2.836800000">
        <ele>463.000</ele>
      </trkpt>
      <trkpt lat="42.558640000" lon="-2.836820000">
        <ele>462.000</ele>
      </trkpt>
      <trkpt lat="42.558780000" lon="-2.836890000">
        <ele>462.000</ele>
      </trkpt>
      <trkpt lat="42.558890000" lon="-2.836950000">
        <ele>462.000</ele>
      </trkpt>
      <trkpt lat="42.558950000" lon="-2.836980000">
        <ele>462.000</ele>
      </trkpt>
      <trkpt lat="42.559110000" lon="-2.837080000">
        <ele>462.000</ele>
      </trkpt>
      <trkpt lat="42.559160000" lon="-2.837110000">
        <ele>461.000</ele>
      </trkpt>
      <trkpt lat="42.559280000" lon="-2.837170000">
        <ele>461.000</ele>
      </trkpt>
      <trkpt lat="42.559450000" lon="-2.837260000">
        <ele>461.000</ele>
      </trkpt>
      <trkpt lat="42.559610000" lon="-2.837350000">
        <ele>461.000</ele>
      </trkpt>
      <trkpt lat="42.559780000" lon="-2.837440000">
        <ele>461.000</ele>
      </trkpt>
      <trkpt lat="42.559950000" lon="-2.837540000">
        <ele>461.000</ele>
      </trkpt>
      <trkpt lat="42.560180000" lon="-2.837660000">
        <ele>461.000</ele>
      </trkpt>
      <trkpt lat="42.560510000" lon="-2.837850000">
        <ele>461.000</ele>
      </trkpt>
      <trkpt lat="42.560690000" lon="-2.837950000">
        <ele>461.000</ele>
      </trkpt>
      <trkpt lat="42.560690000" lon="-2.837950000">
        <ele>461.000</ele>
      </trkpt>
      <trkpt lat="42.560720000" lon="-2.837950000">
        <ele>461.000</ele>
      </trkpt>
      <trkpt lat="42.560750000" lon="-2.837950000">
        <ele>461.000</ele>
      </trkpt>
      <trkpt lat="42.560780000" lon="-2.837960000">
        <ele>461.000</ele>
      </trkpt>
      <trkpt lat="42.560820000" lon="-2.837980000">
        <ele>461.000</ele>
      </trkpt>
      <trkpt lat="42.560870000" lon="-2.838000000">
        <ele>461.000</ele>
      </trkpt>
      <trkpt lat="42.561240000" lon="-2.838160000">
        <ele>461.000</ele>
      </trkpt>
      <trkpt lat="42.561330000" lon="-2.838200000">
        <ele>461.000</ele>
      </trkpt>
      <trkpt lat="42.561430000" lon="-2.838250000">
        <ele>461.000</ele>
      </trkpt>
      <trkpt lat="42.561550000" lon="-2.838300000">
        <ele>461.000</ele>
      </trkpt>
      <trkpt lat="42.561560000" lon="-2.838310000">
        <ele>461.000</ele>
      </trkpt>
      <trkpt lat="42.561670000" lon="-2.838360000">
        <ele>461.000</ele>
      </trkpt>
      <trkpt lat="42.561790000" lon="-2.838430000">
        <ele>461.000</ele>
      </trkpt>
      <trkpt lat="42.561900000" lon="-2.838480000">
        <ele>461.000</ele>
      </trkpt>
      <trkpt lat="42.562040000" lon="-2.838550000">
        <ele>461.000</ele>
      </trkpt>
      <trkpt lat="42.562210000" lon="-2.838630000">
        <ele>461.000</ele>
      </trkpt>
      <trkpt lat="42.562340000" lon="-2.838690000">
        <ele>461.000</ele>
      </trkpt>
      <trkpt lat="42.562420000" lon="-2.838710000">
        <ele>461.000</ele>
      </trkpt>
      <trkpt lat="42.562420000" lon="-2.838720000">
        <ele>461.000</ele>
      </trkpt>
      <trkpt lat="42.562480000" lon="-2.838740000">
        <ele>461.000</ele>
      </trkpt>
      <trkpt lat="42.562540000" lon="-2.838760000">
        <ele>461.000</ele>
      </trkpt>
      <trkpt lat="42.562570000" lon="-2.838770000">
        <ele>461.000</ele>
      </trkpt>
      <trkpt lat="42.562660000" lon="-2.838810000">
        <ele>461.000</ele>
      </trkpt>
      <trkpt lat="42.562760000" lon="-2.838840000">
        <ele>461.000</ele>
      </trkpt>
      <trkpt lat="42.562840000" lon="-2.838860000">
        <ele>461.000</ele>
      </trkpt>
      <trkpt lat="42.562870000" lon="-2.838860000">
        <ele>461.000</ele>
      </trkpt>
      <trkpt lat="42.562900000" lon="-2.838860000">
        <ele>461.000</ele>
      </trkpt>
      <trkpt lat="42.562930000" lon="-2.838860000">
        <ele>461.000</ele>
      </trkpt>
      <trkpt lat="42.563010000" lon="-2.838860000">
        <ele>461.000</ele>
      </trkpt>
      <trkpt lat="42.563010000" lon="-2.838860000">
        <ele>461.000</ele>
      </trkpt>
      <trkpt lat="42.563040000" lon="-2.838840000">
        <ele>461.000</ele>
      </trkpt>
      <trkpt lat="42.563080000" lon="-2.838830000">
        <ele>461.000</ele>
      </trkpt>
      <trkpt lat="42.563120000" lon="-2.838830000">
        <ele>461.000</ele>
      </trkpt>
      <trkpt lat="42.563160000" lon="-2.838830000">
        <ele>461.000</ele>
      </trkpt>
      <trkpt lat="42.563210000" lon="-2.838840000">
        <ele>461.000</ele>
      </trkpt>
      <trkpt lat="42.563250000" lon="-2.838860000">
        <ele>461.000</ele>
      </trkpt>
      <trkpt lat="42.563280000" lon="-2.838880000">
        <ele>461.000</ele>
      </trkpt>
      <trkpt lat="42.563290000" lon="-2.838890000">
        <ele>461.000</ele>
      </trkpt>
      <trkpt lat="42.563320000" lon="-2.838910000">
        <ele>461.000</ele>
      </trkpt>
      <trkpt lat="42.563350000" lon="-2.838950000">
        <ele>461.000</ele>
      </trkpt>
      <trkpt lat="42.563370000" lon="-2.838990000">
        <ele>461.000</ele>
      </trkpt>
      <trkpt lat="42.563380000" lon="-2.839000000">
        <ele>461.000</ele>
      </trkpt>
      <trkpt lat="42.563400000" lon="-2.839050000">
        <ele>461.000</ele>
      </trkpt>
      <trkpt lat="42.563420000" lon="-2.839100000">
        <ele>461.000</ele>
      </trkpt>
      <trkpt lat="42.563430000" lon="-2.839140000">
        <ele>461.000</ele>
      </trkpt>
      <trkpt lat="42.563430000" lon="-2.839150000">
        <ele>461.000</ele>
      </trkpt>
      <trkpt lat="42.563440000" lon="-2.839210000">
        <ele>461.000</ele>
      </trkpt>
      <trkpt lat="42.563440000" lon="-2.839250000">
        <ele>461.000</ele>
      </trkpt>
      <trkpt lat="42.563440000" lon="-2.839270000">
        <ele>461.000</ele>
      </trkpt>
      <trkpt lat="42.563430000" lon="-2.839330000">
        <ele>461.000</ele>
      </trkpt>
      <trkpt lat="42.563420000" lon="-2.839380000">
        <ele>461.000</ele>
      </trkpt>
      <trkpt lat="42.563420000" lon="-2.839390000">
        <ele>461.000</ele>
      </trkpt>
      <trkpt lat="42.563410000" lon="-2.839440000">
        <ele>461.000</ele>
      </trkpt>
      <trkpt lat="42.563390000" lon="-2.839460000">
        <ele>461.000</ele>
      </trkpt>
      <trkpt lat="42.563400000" lon="-2.839570000">
        <ele>461.000</ele>
      </trkpt>
      <trkpt lat="42.563410000" lon="-2.839620000">
        <ele>461.000</ele>
      </trkpt>
      <trkpt lat="42.563420000" lon="-2.839670000">
        <ele>461.000</ele>
      </trkpt>
      <trkpt lat="42.563430000" lon="-2.839720000">
        <ele>461.000</ele>
      </trkpt>
      <trkpt lat="42.563440000" lon="-2.839760000">
        <ele>460.000</ele>
      </trkpt>
      <trkpt lat="42.563460000" lon="-2.839810000">
        <ele>460.000</ele>
      </trkpt>
      <trkpt lat="42.563480000" lon="-2.839860000">
        <ele>460.000</ele>
      </trkpt>
      <trkpt lat="42.563510000" lon="-2.839940000">
        <ele>460.000</ele>
      </trkpt>
      <trkpt lat="42.563650000" lon="-2.840060000">
        <ele>460.000</ele>
      </trkpt>
      <trkpt lat="42.563720000" lon="-2.840120000">
        <ele>460.000</ele>
      </trkpt>
      <trkpt lat="42.563770000" lon="-2.840150000">
        <ele>460.000</ele>
      </trkpt>
      <trkpt lat="42.563830000" lon="-2.840170000">
        <ele>460.000</ele>
      </trkpt>
      <trkpt lat="42.563850000" lon="-2.840180000">
        <ele>460.000</ele>
      </trkpt>
      <trkpt lat="42.563930000" lon="-2.840210000">
        <ele>460.000</ele>
      </trkpt>
      <trkpt lat="42.564270000" lon="-2.840350000">
        <ele>459.000</ele>
      </trkpt>
      <trkpt lat="42.564670000" lon="-2.840540000">
        <ele>459.000</ele>
      </trkpt>
      <trkpt lat="42.564830000" lon="-2.840610000">
        <ele>459.000</ele>
      </trkpt>
      <trkpt lat="42.565020000" lon="-2.840700000">
        <ele>458.000</ele>
      </trkpt>
      <trkpt lat="42.565230000" lon="-2.840790000">
        <ele>458.000</ele>
      </trkpt>
      <trkpt lat="42.565430000" lon="-2.840890000">
        <ele>458.000</ele>
      </trkpt>
      <trkpt lat="42.565700000" lon="-2.841010000">
        <ele>458.000</ele>
      </trkpt>
      <trkpt lat="42.566250000" lon="-2.841250000">
        <ele>458.000</ele>
      </trkpt>
      <trkpt lat="42.566350000" lon="-2.841300000">
        <ele>459.000</ele>
      </trkpt>
      <trkpt lat="42.566650000" lon="-2.841440000">
        <ele>459.000</ele>
      </trkpt>
      <trkpt lat="42.567620000" lon="-2.841890000">
        <ele>459.000</ele>
      </trkpt>
      <trkpt lat="42.567680000" lon="-2.841920000">
        <ele>460.000</ele>
      </trkpt>
      <trkpt lat="42.567870000" lon="-2.842030000">
        <ele>460.000</ele>
      </trkpt>
      <trkpt lat="42.568010000" lon="-2.842050000">
        <ele>460.000</ele>
      </trkpt>
      <trkpt lat="42.568130000" lon="-2.842090000">
        <ele>461.000</ele>
      </trkpt>
      <trkpt lat="42.568130000" lon="-2.842090000">
        <ele>461.000</ele>
      </trkpt>
      <trkpt lat="42.568150000" lon="-2.842070000">
        <ele>461.000</ele>
      </trkpt>
      <trkpt lat="42.568160000" lon="-2.842060000">
        <ele>461.000</ele>
      </trkpt>
      <trkpt lat="42.568170000" lon="-2.842050000">
        <ele>461.000</ele>
      </trkpt>
      <trkpt lat="42.568180000" lon="-2.842050000">
        <ele>461.000</ele>
      </trkpt>
      <trkpt lat="42.568200000" lon="-2.842040000">
        <ele>461.000</ele>
      </trkpt>
      <trkpt lat="42.568210000" lon="-2.842040000">
        <ele>461.000</ele>
      </trkpt>
      <trkpt lat="42.568230000" lon="-2.842030000">
        <ele>461.000</ele>
      </trkpt>
      <trkpt lat="42.568240000" lon="-2.842030000">
        <ele>461.000</ele>
      </trkpt>
      <trkpt lat="42.568250000" lon="-2.842030000">
        <ele>461.000</ele>
      </trkpt>
      <trkpt lat="42.568270000" lon="-2.842040000">
        <ele>461.000</ele>
      </trkpt>
      <trkpt lat="42.568280000" lon="-2.842040000">
        <ele>462.000</ele>
      </trkpt>
      <trkpt lat="42.568300000" lon="-2.842040000">
        <ele>462.000</ele>
      </trkpt>
      <trkpt lat="42.568310000" lon="-2.842050000">
        <ele>462.000</ele>
      </trkpt>
      <trkpt lat="42.568320000" lon="-2.842060000">
        <ele>462.000</ele>
      </trkpt>
      <trkpt lat="42.568330000" lon="-2.842070000">
        <ele>462.000</ele>
      </trkpt>
      <trkpt lat="42.568350000" lon="-2.842080000">
        <ele>462.000</ele>
      </trkpt>
      <trkpt lat="42.568360000" lon="-2.842090000">
        <ele>462.000</ele>
      </trkpt>
      <trkpt lat="42.568370000" lon="-2.842100000">
        <ele>462.000</ele>
      </trkpt>
      <trkpt lat="42.568380000" lon="-2.842110000">
        <ele>462.000</ele>
      </trkpt>
      <trkpt lat="42.568380000" lon="-2.842130000">
        <ele>462.000</ele>
      </trkpt>
      <trkpt lat="42.568390000" lon="-2.842140000">
        <ele>462.000</ele>
      </trkpt>
      <trkpt lat="42.568400000" lon="-2.842150000">
        <ele>462.000</ele>
      </trkpt>
      <trkpt lat="42.568400000" lon="-2.842170000">
        <ele>462.000</ele>
      </trkpt>
      <trkpt lat="42.568410000" lon="-2.842180000">
        <ele>462.000</ele>
      </trkpt>
      <trkpt lat="42.568410000" lon="-2.842200000">
        <ele>462.000</ele>
      </trkpt>
      <trkpt lat="42.568410000" lon="-2.842210000">
        <ele>462.000</ele>
      </trkpt>
      <trkpt lat="42.568420000" lon="-2.842220000">
        <ele>462.000</ele>
      </trkpt>
      <trkpt lat="42.568420000" lon="-2.842230000">
        <ele>462.000</ele>
      </trkpt>
      <trkpt lat="42.568420000" lon="-2.842240000">
        <ele>462.000</ele>
      </trkpt>
      <trkpt lat="42.568420000" lon="-2.842250000">
        <ele>462.000</ele>
      </trkpt>
      <trkpt lat="42.568420000" lon="-2.842260000">
        <ele>462.000</ele>
      </trkpt>
      <trkpt lat="42.568420000" lon="-2.842270000">
        <ele>462.000</ele>
      </trkpt>
      <trkpt lat="42.568460000" lon="-2.842310000">
        <ele>462.000</ele>
      </trkpt>
      <trkpt lat="42.568480000" lon="-2.842340000">
        <ele>462.000</ele>
      </trkpt>
      <trkpt lat="42.568500000" lon="-2.842350000">
        <ele>462.000</ele>
      </trkpt>
      <trkpt lat="42.568530000" lon="-2.842380000">
        <ele>462.000</ele>
      </trkpt>
      <trkpt lat="42.568560000" lon="-2.842400000">
        <ele>462.000</ele>
      </trkpt>
      <trkpt lat="42.568570000" lon="-2.842410000">
        <ele>462.000</ele>
      </trkpt>
      <trkpt lat="42.568590000" lon="-2.842450000">
        <ele>462.000</ele>
      </trkpt>
      <trkpt lat="42.568970000" lon="-2.842650000">
        <ele>462.000</ele>
      </trkpt>
      <trkpt lat="42.569340000" lon="-2.842860000">
        <ele>463.000</ele>
      </trkpt>
      <trkpt lat="42.569490000" lon="-2.842950000">
        <ele>463.000</ele>
      </trkpt>
      <trkpt lat="42.569690000" lon="-2.843070000">
        <ele>464.000</ele>
      </trkpt>
      <trkpt lat="42.569820000" lon="-2.843150000">
        <ele>464.000</ele>
      </trkpt>
      <trkpt lat="42.569920000" lon="-2.843220000">
        <ele>465.000</ele>
      </trkpt>
      <trkpt lat="42.570030000" lon="-2.843300000">
        <ele>465.000</ele>
      </trkpt>
      <trkpt lat="42.570100000" lon="-2.843370000">
        <ele>466.000</ele>
      </trkpt>
      <trkpt lat="42.570170000" lon="-2.843430000">
        <ele>466.000</ele>
      </trkpt>
      <trkpt lat="42.570410000" lon="-2.843660000">
        <ele>466.000</ele>
      </trkpt>
      <trkpt lat="42.570440000" lon="-2.843680000">
        <ele>467.000</ele>
      </trkpt>
      <trkpt lat="42.570620000" lon="-2.843890000">
        <ele>467.000</ele>
      </trkpt>
      <trkpt lat="42.570760000" lon="-2.844060000">
        <ele>468.000</ele>
      </trkpt>
      <trkpt lat="42.570810000" lon="-2.844120000">
        <ele>468.000</ele>
      </trkpt>
      <trkpt lat="42.570870000" lon="-2.844190000">
        <ele>469.000</ele>
      </trkpt>
      <trkpt lat="42.570910000" lon="-2.844240000">
        <ele>469.000</ele>
      </trkpt>
      <trkpt lat="42.570950000" lon="-2.844300000">
        <ele>469.000</ele>
      </trkpt>
      <trkpt lat="42.570990000" lon="-2.844360000">
        <ele>470.000</ele>
      </trkpt>
      <trkpt lat="42.571040000" lon="-2.844440000">
        <ele>470.000</ele>
      </trkpt>
      <trkpt lat="42.571060000" lon="-2.844460000">
        <ele>470.000</ele>
      </trkpt>
      <trkpt lat="42.571100000" lon="-2.844540000">
        <ele>470.000</ele>
      </trkpt>
      <trkpt lat="42.571140000" lon="-2.844610000">
        <ele>471.000</ele>
      </trkpt>
      <trkpt lat="42.571180000" lon="-2.844700000">
        <ele>471.000</ele>
      </trkpt>
      <trkpt lat="42.571230000" lon="-2.844810000">
        <ele>471.000</ele>
      </trkpt>
      <trkpt lat="42.571300000" lon="-2.844970000">
        <ele>472.000</ele>
      </trkpt>
      <trkpt lat="42.571320000" lon="-2.845010000">
        <ele>472.000</ele>
      </trkpt>
      <trkpt lat="42.571480000" lon="-2.845420000">
        <ele>472.000</ele>
      </trkpt>
      <trkpt lat="42.571850000" lon="-2.846300000">
        <ele>474.000</ele>
      </trkpt>
      <trkpt lat="42.571870000" lon="-2.846360000">
        <ele>475.000</ele>
      </trkpt>
      <trkpt lat="42.571910000" lon="-2.846480000">
        <ele>475.000</ele>
      </trkpt>
      <trkpt lat="42.571970000" lon="-2.846640000">
        <ele>476.000</ele>
      </trkpt>
      <trkpt lat="42.571980000" lon="-2.846640000">
        <ele>476.000</ele>
      </trkpt>
      <trkpt lat="42.571980000" lon="-2.846630000">
        <ele>476.000</ele>
      </trkpt>
      <trkpt lat="42.571990000" lon="-2.846630000">
        <ele>476.000</ele>
      </trkpt>
      <trkpt lat="42.572000000" lon="-2.846630000">
        <ele>476.000</ele>
      </trkpt>
      <trkpt lat="42.572010000" lon="-2.846630000">
        <ele>476.000</ele>
      </trkpt>
      <trkpt lat="42.572010000" lon="-2.846620000">
        <ele>476.000</ele>
      </trkpt>
      <trkpt lat="42.572020000" lon="-2.846620000">
        <ele>476.000</ele>
      </trkpt>
      <trkpt lat="42.572020000" lon="-2.846630000">
        <ele>476.000</ele>
      </trkpt>
      <trkpt lat="42.572030000" lon="-2.846630000">
        <ele>476.000</ele>
      </trkpt>
      <trkpt lat="42.572040000" lon="-2.846630000">
        <ele>476.000</ele>
      </trkpt>
      <trkpt lat="42.572050000" lon="-2.846630000">
        <ele>476.000</ele>
      </trkpt>
      <trkpt lat="42.572050000" lon="-2.846640000">
        <ele>476.000</ele>
      </trkpt>
      <trkpt lat="42.572060000" lon="-2.846640000">
        <ele>476.000</ele>
      </trkpt>
      <trkpt lat="42.572060000" lon="-2.846650000">
        <ele>476.000</ele>
      </trkpt>
      <trkpt lat="42.572070000" lon="-2.846650000">
        <ele>476.000</ele>
      </trkpt>
      <trkpt lat="42.572070000" lon="-2.846660000">
        <ele>476.000</ele>
      </trkpt>
      <trkpt lat="42.572080000" lon="-2.846660000">
        <ele>476.000</ele>
      </trkpt>
      <trkpt lat="42.572080000" lon="-2.846670000">
        <ele>476.000</ele>
      </trkpt>
      <trkpt lat="42.572080000" lon="-2.846680000">
        <ele>476.000</ele>
      </trkpt>
      <trkpt lat="42.572090000" lon="-2.846680000">
        <ele>476.000</ele>
      </trkpt>
      <trkpt lat="42.572090000" lon="-2.846690000">
        <ele>476.000</ele>
      </trkpt>
      <trkpt lat="42.572090000" lon="-2.846700000">
        <ele>476.000</ele>
      </trkpt>
      <trkpt lat="42.572090000" lon="-2.846710000">
        <ele>476.000</ele>
      </trkpt>
      <trkpt lat="42.572100000" lon="-2.846710000">
        <ele>476.000</ele>
      </trkpt>
      <trkpt lat="42.572100000" lon="-2.846720000">
        <ele>476.000</ele>
      </trkpt>
      <trkpt lat="42.572100000" lon="-2.846730000">
        <ele>476.000</ele>
      </trkpt>
      <trkpt lat="42.572100000" lon="-2.846740000">
        <ele>476.000</ele>
      </trkpt>
      <trkpt lat="42.572100000" lon="-2.846750000">
        <ele>476.000</ele>
      </trkpt>
      <trkpt lat="42.572100000" lon="-2.846770000">
        <ele>476.000</ele>
      </trkpt>
      <trkpt lat="42.572100000" lon="-2.846780000">
        <ele>476.000</ele>
      </trkpt>
      <trkpt lat="42.572100000" lon="-2.846790000">
        <ele>476.000</ele>
      </trkpt>
      <trkpt lat="42.572100000" lon="-2.846800000">
        <ele>476.000</ele>
      </trkpt>
      <trkpt lat="42.572100000" lon="-2.846810000">
        <ele>476.000</ele>
      </trkpt>
      <trkpt lat="42.572090000" lon="-2.846810000">
        <ele>476.000</ele>
      </trkpt>
      <trkpt lat="42.572090000" lon="-2.846820000">
        <ele>476.000</ele>
      </trkpt>
      <trkpt lat="42.572090000" lon="-2.846830000">
        <ele>476.000</ele>
      </trkpt>
      <trkpt lat="42.572090000" lon="-2.846840000">
        <ele>476.000</ele>
      </trkpt>
      <trkpt lat="42.572080000" lon="-2.846840000">
        <ele>476.000</ele>
      </trkpt>
      <trkpt lat="42.572080000" lon="-2.846850000">
        <ele>476.000</ele>
      </trkpt>
      <trkpt lat="42.572070000" lon="-2.846860000">
        <ele>476.000</ele>
      </trkpt>
      <trkpt lat="42.572060000" lon="-2.846870000">
        <ele>476.000</ele>
      </trkpt>
      <trkpt lat="42.572050000" lon="-2.846880000">
        <ele>476.000</ele>
      </trkpt>
      <trkpt lat="42.572040000" lon="-2.846880000">
        <ele>476.000</ele>
      </trkpt>
      <trkpt lat="42.572040000" lon="-2.846890000">
        <ele>476.000</ele>
      </trkpt>
      <trkpt lat="42.572030000" lon="-2.846890000">
        <ele>476.000</ele>
      </trkpt>
      <trkpt lat="42.572040000" lon="-2.847000000">
        <ele>476.000</ele>
      </trkpt>
      <trkpt lat="42.572050000" lon="-2.847060000">
        <ele>476.000</ele>
      </trkpt>
      <trkpt lat="42.572100000" lon="-2.847250000">
        <ele>476.000</ele>
      </trkpt>
      <trkpt lat="42.572280000" lon="-2.847820000">
        <ele>475.000</ele>
      </trkpt>
      <trkpt lat="42.572450000" lon="-2.848440000">
        <ele>475.000</ele>
      </trkpt>
      <trkpt lat="42.572490000" lon="-2.848590000">
        <ele>475.000</ele>
      </trkpt>
      <trkpt lat="42.572610000" lon="-2.849010000">
        <ele>474.000</ele>
      </trkpt>
      <trkpt lat="42.572720000" lon="-2.849350000">
        <ele>474.000</ele>
      </trkpt>
      <trkpt lat="42.572740000" lon="-2.849440000">
        <ele>474.000</ele>
      </trkpt>
      <trkpt lat="42.573140000" lon="-2.850770000">
        <ele>473.000</ele>
      </trkpt>
      <trkpt lat="42.573230000" lon="-2.851060000">
        <ele>472.000</ele>
      </trkpt>
      <trkpt lat="42.573260000" lon="-2.851160000">
        <ele>471.000</ele>
      </trkpt>
      <trkpt lat="42.573270000" lon="-2.851210000">
        <ele>471.000</ele>
      </trkpt>
      <trkpt lat="42.573270000" lon="-2.851210000">
        <ele>471.000</ele>
      </trkpt>
      <trkpt lat="42.573280000" lon="-2.851250000">
        <ele>471.000</ele>
      </trkpt>
      <trkpt lat="42.573280000" lon="-2.851290000">
        <ele>471.000</ele>
      </trkpt>
      <trkpt lat="42.573280000" lon="-2.851330000">
        <ele>471.000</ele>
      </trkpt>
      <trkpt lat="42.573280000" lon="-2.851370000">
        <ele>471.000</ele>
      </trkpt>
      <trkpt lat="42.573280000" lon="-2.851420000">
        <ele>471.000</ele>
      </trkpt>
      <trkpt lat="42.573270000" lon="-2.851470000">
        <ele>471.000</ele>
      </trkpt>
      <trkpt lat="42.573260000" lon="-2.851530000">
        <ele>471.000</ele>
      </trkpt>
      <trkpt lat="42.573240000" lon="-2.851610000">
        <ele>471.000</ele>
      </trkpt>
      <trkpt lat="42.573130000" lon="-2.851960000">
        <ele>471.000</ele>
      </trkpt>
      <trkpt lat="42.573280000" lon="-2.852200000">
        <ele>471.000</ele>
      </trkpt>
      <trkpt lat="42.573330000" lon="-2.852280000">
        <ele>471.000</ele>
      </trkpt>
      <trkpt lat="42.573410000" lon="-2.852400000">
        <ele>471.000</ele>
      </trkpt>
      <trkpt lat="42.573410000" lon="-2.852400000">
        <ele>471.000</ele>
      </trkpt>
      <trkpt lat="42.573420000" lon="-2.852400000">
        <ele>471.000</ele>
      </trkpt>
      <trkpt lat="42.573430000" lon="-2.852400000">
        <ele>471.000</ele>
      </trkpt>
      <trkpt lat="42.573440000" lon="-2.852400000">
        <ele>471.000</ele>
      </trkpt>
      <trkpt lat="42.573450000" lon="-2.852400000">
        <ele>471.000</ele>
      </trkpt>
      <trkpt lat="42.573460000" lon="-2.852400000">
        <ele>471.000</ele>
      </trkpt>
      <trkpt lat="42.573470000" lon="-2.852410000">
        <ele>471.000</ele>
      </trkpt>
      <trkpt lat="42.573480000" lon="-2.852410000">
        <ele>471.000</ele>
      </trkpt>
      <trkpt lat="42.573480000" lon="-2.852420000">
        <ele>471.000</ele>
      </trkpt>
      <trkpt lat="42.573490000" lon="-2.852420000">
        <ele>471.000</ele>
      </trkpt>
      <trkpt lat="42.573490000" lon="-2.852430000">
        <ele>471.000</ele>
      </trkpt>
      <trkpt lat="42.573500000" lon="-2.852440000">
        <ele>471.000</ele>
      </trkpt>
      <trkpt lat="42.573500000" lon="-2.852450000">
        <ele>471.000</ele>
      </trkpt>
      <trkpt lat="42.573510000" lon="-2.852460000">
        <ele>471.000</ele>
      </trkpt>
      <trkpt lat="42.573510000" lon="-2.852470000">
        <ele>471.000</ele>
      </trkpt>
      <trkpt lat="42.573510000" lon="-2.852480000">
        <ele>471.000</ele>
      </trkpt>
      <trkpt lat="42.573510000" lon="-2.852490000">
        <ele>471.000</ele>
      </trkpt>
      <trkpt lat="42.573520000" lon="-2.852490000">
        <ele>471.000</ele>
      </trkpt>
      <trkpt lat="42.573520000" lon="-2.852500000">
        <ele>471.000</ele>
      </trkpt>
      <trkpt lat="42.573520000" lon="-2.852510000">
        <ele>471.000</ele>
      </trkpt>
      <trkpt lat="42.573520000" lon="-2.852520000">
        <ele>471.000</ele>
      </trkpt>
      <trkpt lat="42.573520000" lon="-2.852530000">
        <ele>471.000</ele>
      </trkpt>
      <trkpt lat="42.573520000" lon="-2.852540000">
        <ele>471.000</ele>
      </trkpt>
      <trkpt lat="42.573510000" lon="-2.852550000">
        <ele>471.000</ele>
      </trkpt>
      <trkpt lat="42.573510000" lon="-2.852560000">
        <ele>471.000</ele>
      </trkpt>
      <trkpt lat="42.573510000" lon="-2.852570000">
        <ele>471.000</ele>
      </trkpt>
      <trkpt lat="42.573500000" lon="-2.852580000">
        <ele>471.000</ele>
      </trkpt>
      <trkpt lat="42.573500000" lon="-2.852590000">
        <ele>471.000</ele>
      </trkpt>
      <trkpt lat="42.573490000" lon="-2.852600000">
        <ele>471.000</ele>
      </trkpt>
      <trkpt lat="42.573490000" lon="-2.852610000">
        <ele>471.000</ele>
      </trkpt>
      <trkpt lat="42.573480000" lon="-2.852610000">
        <ele>471.000</ele>
      </trkpt>
      <trkpt lat="42.573480000" lon="-2.852620000">
        <ele>471.000</ele>
      </trkpt>
      <trkpt lat="42.573470000" lon="-2.852620000">
        <ele>471.000</ele>
      </trkpt>
      <trkpt lat="42.573460000" lon="-2.852620000">
        <ele>471.000</ele>
      </trkpt>
      <trkpt lat="42.573460000" lon="-2.852630000">
        <ele>471.000</ele>
      </trkpt>
      <trkpt lat="42.573450000" lon="-2.852630000">
        <ele>471.000</ele>
      </trkpt>
      <trkpt lat="42.573440000" lon="-2.852630000">
        <ele>471.000</ele>
      </trkpt>
      <trkpt lat="42.573430000" lon="-2.852630000">
        <ele>471.000</ele>
      </trkpt>
      <trkpt lat="42.573420000" lon="-2.852630000">
        <ele>471.000</ele>
      </trkpt>
      <trkpt lat="42.573410000" lon="-2.852630000">
        <ele>471.000</ele>
      </trkpt>
      <trkpt lat="42.573400000" lon="-2.852630000">
        <ele>471.000</ele>
      </trkpt>
      <trkpt lat="42.573370000" lon="-2.852650000">
        <ele>471.000</ele>
      </trkpt>
      <trkpt lat="42.573350000" lon="-2.852660000">
        <ele>471.000</ele>
      </trkpt>
      <trkpt lat="42.573320000" lon="-2.852700000">
        <ele>471.000</ele>
      </trkpt>
      <trkpt lat="42.573290000" lon="-2.852760000">
        <ele>471.000</ele>
      </trkpt>
      <trkpt lat="42.573210000" lon="-2.852930000">
        <ele>471.000</ele>
      </trkpt>
      <trkpt lat="42.573120000" lon="-2.853160000">
        <ele>471.000</ele>
      </trkpt>
      <trkpt lat="42.573010000" lon="-2.853420000">
        <ele>471.000</ele>
      </trkpt>
      <trkpt lat="42.572850000" lon="-2.853770000">
        <ele>471.000</ele>
      </trkpt>
      <trkpt lat="42.572820000" lon="-2.853860000">
        <ele>471.000</ele>
      </trkpt>
      <trkpt lat="42.572770000" lon="-2.854030000">
        <ele>471.000</ele>
      </trkpt>
      <trkpt lat="42.572770000" lon="-2.854040000">
        <ele>471.000</ele>
      </trkpt>
      <trkpt lat="42.572780000" lon="-2.854050000">
        <ele>471.000</ele>
      </trkpt>
      <trkpt lat="42.572780000" lon="-2.854060000">
        <ele>471.000</ele>
      </trkpt>
      <trkpt lat="42.572780000" lon="-2.854070000">
        <ele>471.000</ele>
      </trkpt>
      <trkpt lat="42.572780000" lon="-2.854080000">
        <ele>471.000</ele>
      </trkpt>
      <trkpt lat="42.572790000" lon="-2.854080000">
        <ele>471.000</ele>
      </trkpt>
      <trkpt lat="42.572790000" lon="-2.854090000">
        <ele>471.000</ele>
      </trkpt>
      <trkpt lat="42.572790000" lon="-2.854100000">
        <ele>471.000</ele>
      </trkpt>
      <trkpt lat="42.572790000" lon="-2.854110000">
        <ele>471.000</ele>
      </trkpt>
      <trkpt lat="42.572790000" lon="-2.854120000">
        <ele>471.000</ele>
      </trkpt>
      <trkpt lat="42.572780000" lon="-2.854130000">
        <ele>471.000</ele>
      </trkpt>
      <trkpt lat="42.572780000" lon="-2.854140000">
        <ele>471.000</ele>
      </trkpt>
      <trkpt lat="42.572780000" lon="-2.854150000">
        <ele>471.000</ele>
      </trkpt>
      <trkpt lat="42.572780000" lon="-2.854160000">
        <ele>471.000</ele>
      </trkpt>
      <trkpt lat="42.572770000" lon="-2.854170000">
        <ele>471.000</ele>
      </trkpt>
      <trkpt lat="42.572770000" lon="-2.854180000">
        <ele>471.000</ele>
      </trkpt>
      <trkpt lat="42.572760000" lon="-2.854190000">
        <ele>471.000</ele>
      </trkpt>
      <trkpt lat="42.572760000" lon="-2.854200000">
        <ele>471.000</ele>
      </trkpt>
      <trkpt lat="42.572750000" lon="-2.854200000">
        <ele>471.000</ele>
      </trkpt>
      <trkpt lat="42.572750000" lon="-2.854210000">
        <ele>471.000</ele>
      </trkpt>
      <trkpt lat="42.572740000" lon="-2.854210000">
        <ele>471.000</ele>
      </trkpt>
      <trkpt lat="42.572740000" lon="-2.854220000">
        <ele>471.000</ele>
      </trkpt>
      <trkpt lat="42.572730000" lon="-2.854220000">
        <ele>471.000</ele>
      </trkpt>
      <trkpt lat="42.572720000" lon="-2.854220000">
        <ele>471.000</ele>
      </trkpt>
      <trkpt lat="42.572720000" lon="-2.854230000">
        <ele>471.000</ele>
      </trkpt>
      <trkpt lat="42.572710000" lon="-2.854230000">
        <ele>471.000</ele>
      </trkpt>
      <trkpt lat="42.572700000" lon="-2.854230000">
        <ele>471.000</ele>
      </trkpt>
      <trkpt lat="42.572690000" lon="-2.854230000">
        <ele>471.000</ele>
      </trkpt>
      <trkpt lat="42.572630000" lon="-2.854280000">
        <ele>471.000</ele>
      </trkpt>
      <trkpt lat="42.572580000" lon="-2.854370000">
        <ele>471.000</ele>
      </trkpt>
      <trkpt lat="42.572520000" lon="-2.854460000">
        <ele>471.000</ele>
      </trkpt>
      <trkpt lat="42.572410000" lon="-2.854750000">
        <ele>471.000</ele>
      </trkpt>
      <trkpt lat="42.572390000" lon="-2.854800000">
        <ele>471.000</ele>
      </trkpt>
      <trkpt lat="42.572320000" lon="-2.854980000">
        <ele>471.000</ele>
      </trkpt>
      <trkpt lat="42.572210000" lon="-2.855270000">
        <ele>472.000</ele>
      </trkpt>
      <trkpt lat="42.572080000" lon="-2.855560000">
        <ele>472.000</ele>
      </trkpt>
      <trkpt lat="42.572040000" lon="-2.855660000">
        <ele>472.000</ele>
      </trkpt>
      <trkpt lat="42.571990000" lon="-2.855770000">
        <ele>472.000</ele>
      </trkpt>
      <trkpt lat="42.571820000" lon="-2.856210000">
        <ele>472.000</ele>
      </trkpt>
      <trkpt lat="42.571810000" lon="-2.856250000">
        <ele>472.000</ele>
      </trkpt>
      <trkpt lat="42.571720000" lon="-2.856500000">
        <ele>472.000</ele>
      </trkpt>
      <trkpt lat="42.571690000" lon="-2.856590000">
        <ele>472.000</ele>
      </trkpt>
      <trkpt lat="42.571630000" lon="-2.856720000">
        <ele>472.000</ele>
      </trkpt>
      <trkpt lat="42.571570000" lon="-2.856850000">
        <ele>472.000</ele>
      </trkpt>
      <trkpt lat="42.571510000" lon="-2.856990000">
        <ele>472.000</ele>
      </trkpt>
      <trkpt lat="42.571500000" lon="-2.857020000">
        <ele>472.000</ele>
      </trkpt>
      <trkpt lat="42.571480000" lon="-2.857050000">
        <ele>472.000</ele>
      </trkpt>
      <trkpt lat="42.571440000" lon="-2.857130000">
        <ele>472.000</ele>
      </trkpt>
      <trkpt lat="42.571400000" lon="-2.857210000">
        <ele>472.000</ele>
      </trkpt>
      <trkpt lat="42.571350000" lon="-2.857290000">
        <ele>472.000</ele>
      </trkpt>
      <trkpt lat="42.571300000" lon="-2.857370000">
        <ele>472.000</ele>
      </trkpt>
      <trkpt lat="42.571220000" lon="-2.857480000">
        <ele>472.000</ele>
      </trkpt>
      <trkpt lat="42.571160000" lon="-2.857560000">
        <ele>472.000</ele>
      </trkpt>
      <trkpt lat="42.571070000" lon="-2.857680000">
        <ele>472.000</ele>
      </trkpt>
      <trkpt lat="42.571010000" lon="-2.857750000">
        <ele>472.000</ele>
      </trkpt>
      <trkpt lat="42.570630000" lon="-2.858230000">
        <ele>472.000</ele>
      </trkpt>
      <trkpt lat="42.570450000" lon="-2.858440000">
        <ele>472.000</ele>
      </trkpt>
      <trkpt lat="42.570020000" lon="-2.858920000">
        <ele>472.000</ele>
      </trkpt>
      <trkpt lat="42.569950000" lon="-2.858990000">
        <ele>473.000</ele>
      </trkpt>
      <trkpt lat="42.569890000" lon="-2.859050000">
        <ele>473.000</ele>
      </trkpt>
      <trkpt lat="42.569530000" lon="-2.859420000">
        <ele>473.000</ele>
      </trkpt>
      <trkpt lat="42.569430000" lon="-2.859520000">
        <ele>473.000</ele>
      </trkpt>
      <trkpt lat="42.569430000" lon="-2.859520000">
        <ele>473.000</ele>
      </trkpt>
      <trkpt lat="42.569440000" lon="-2.859530000">
        <ele>473.000</ele>
      </trkpt>
      <trkpt lat="42.569440000" lon="-2.859540000">
        <ele>473.000</ele>
      </trkpt>
      <trkpt lat="42.569440000" lon="-2.859550000">
        <ele>473.000</ele>
      </trkpt>
      <trkpt lat="42.569450000" lon="-2.859560000">
        <ele>473.000</ele>
      </trkpt>
      <trkpt lat="42.569450000" lon="-2.859570000">
        <ele>473.000</ele>
      </trkpt>
      <trkpt lat="42.569450000" lon="-2.859580000">
        <ele>473.000</ele>
      </trkpt>
      <trkpt lat="42.569450000" lon="-2.859590000">
        <ele>473.000</ele>
      </trkpt>
      <trkpt lat="42.569460000" lon="-2.859600000">
        <ele>473.000</ele>
      </trkpt>
      <trkpt lat="42.569460000" lon="-2.859610000">
        <ele>473.000</ele>
      </trkpt>
      <trkpt lat="42.569460000" lon="-2.859620000">
        <ele>473.000</ele>
      </trkpt>
      <trkpt lat="42.569460000" lon="-2.859630000">
        <ele>473.000</ele>
      </trkpt>
      <trkpt lat="42.569460000" lon="-2.859640000">
        <ele>473.000</ele>
      </trkpt>
      <trkpt lat="42.569460000" lon="-2.859650000">
        <ele>473.000</ele>
      </trkpt>
      <trkpt lat="42.569450000" lon="-2.859660000">
        <ele>473.000</ele>
      </trkpt>
      <trkpt lat="42.569450000" lon="-2.859670000">
        <ele>473.000</ele>
      </trkpt>
      <trkpt lat="42.569450000" lon="-2.859680000">
        <ele>473.000</ele>
      </trkpt>
      <trkpt lat="42.569450000" lon="-2.859690000">
        <ele>473.000</ele>
      </trkpt>
      <trkpt lat="42.569440000" lon="-2.859700000">
        <ele>473.000</ele>
      </trkpt>
      <trkpt lat="42.569440000" lon="-2.859710000">
        <ele>473.000</ele>
      </trkpt>
      <trkpt lat="42.569440000" lon="-2.859720000">
        <ele>473.000</ele>
      </trkpt>
      <trkpt lat="42.569430000" lon="-2.859730000">
        <ele>473.000</ele>
      </trkpt>
      <trkpt lat="42.569430000" lon="-2.859740000">
        <ele>473.000</ele>
      </trkpt>
      <trkpt lat="42.569420000" lon="-2.859740000">
        <ele>473.000</ele>
      </trkpt>
      <trkpt lat="42.569420000" lon="-2.859750000">
        <ele>473.000</ele>
      </trkpt>
      <trkpt lat="42.569410000" lon="-2.859760000">
        <ele>473.000</ele>
      </trkpt>
      <trkpt lat="42.569410000" lon="-2.859770000">
        <ele>473.000</ele>
      </trkpt>
      <trkpt lat="42.569400000" lon="-2.859770000">
        <ele>473.000</ele>
      </trkpt>
      <trkpt lat="42.569400000" lon="-2.859780000">
        <ele>473.000</ele>
      </trkpt>
      <trkpt lat="42.569390000" lon="-2.859780000">
        <ele>473.000</ele>
      </trkpt>
      <trkpt lat="42.569380000" lon="-2.859790000">
        <ele>473.000</ele>
      </trkpt>
      <trkpt lat="42.569370000" lon="-2.859790000">
        <ele>473.000</ele>
      </trkpt>
      <trkpt lat="42.569360000" lon="-2.859800000">
        <ele>473.000</ele>
      </trkpt>
      <trkpt lat="42.569350000" lon="-2.859800000">
        <ele>473.000</ele>
      </trkpt>
      <trkpt lat="42.569340000" lon="-2.859800000">
        <ele>473.000</ele>
      </trkpt>
      <trkpt lat="42.569330000" lon="-2.859800000">
        <ele>473.000</ele>
      </trkpt>
      <trkpt lat="42.569320000" lon="-2.859800000">
        <ele>473.000</ele>
      </trkpt>
      <trkpt lat="42.569310000" lon="-2.859800000">
        <ele>473.000</ele>
      </trkpt>
      <trkpt lat="42.569300000" lon="-2.859800000">
        <ele>473.000</ele>
      </trkpt>
      <trkpt lat="42.569290000" lon="-2.859800000">
        <ele>473.000</ele>
      </trkpt>
      <trkpt lat="42.569280000" lon="-2.859790000">
        <ele>473.000</ele>
      </trkpt>
      <trkpt lat="42.569270000" lon="-2.859790000">
        <ele>473.000</ele>
      </trkpt>
      <trkpt lat="42.569260000" lon="-2.859780000">
        <ele>473.000</ele>
      </trkpt>
      <trkpt lat="42.569250000" lon="-2.859770000">
        <ele>473.000</ele>
      </trkpt>
      <trkpt lat="42.569240000" lon="-2.859760000">
        <ele>473.000</ele>
      </trkpt>
      <trkpt lat="42.569230000" lon="-2.859750000">
        <ele>473.000</ele>
      </trkpt>
      <trkpt lat="42.569220000" lon="-2.859730000">
        <ele>473.000</ele>
      </trkpt>
      <trkpt lat="42.569140000" lon="-2.859830000">
        <ele>473.000</ele>
      </trkpt>
      <trkpt lat="42.568740000" lon="-2.860380000">
        <ele>473.000</ele>
      </trkpt>
      <trkpt lat="42.568110000" lon="-2.861250000">
        <ele>474.000</ele>
      </trkpt>
      <trkpt lat="42.568080000" lon="-2.861290000">
        <ele>474.000</ele>
      </trkpt>
      <trkpt lat="42.567950000" lon="-2.861470000">
        <ele>474.000</ele>
      </trkpt>
      <trkpt lat="42.567550000" lon="-2.862070000">
        <ele>474.000</ele>
      </trkpt>
      <trkpt lat="42.566710000" lon="-2.863320000">
        <ele>475.000</ele>
      </trkpt>
      <trkpt lat="42.566660000" lon="-2.863400000">
        <ele>475.000</ele>
      </trkpt>
      <trkpt lat="42.566570000" lon="-2.863540000">
        <ele>475.000</ele>
      </trkpt>
      <trkpt lat="42.566300000" lon="-2.863980000">
        <ele>476.000</ele>
      </trkpt>
      <trkpt lat="42.566280000" lon="-2.864020000">
        <ele>476.000</ele>
      </trkpt>
      <trkpt lat="42.566170000" lon="-2.864230000">
        <ele>476.000</ele>
      </trkpt>
      <trkpt lat="42.566060000" lon="-2.864480000">
        <ele>476.000</ele>
      </trkpt>
      <trkpt lat="42.565960000" lon="-2.864700000">
        <ele>476.000</ele>
      </trkpt>
      <trkpt lat="42.565880000" lon="-2.864960000">
        <ele>477.000</ele>
      </trkpt>
      <trkpt lat="42.565810000" lon="-2.865160000">
        <ele>477.000</ele>
      </trkpt>
      <trkpt lat="42.565720000" lon="-2.865460000">
        <ele>477.000</ele>
      </trkpt>
      <trkpt lat="42.565670000" lon="-2.865640000">
        <ele>477.000</ele>
      </trkpt>
      <trkpt lat="42.565610000" lon="-2.865820000">
        <ele>477.000</ele>
      </trkpt>
      <trkpt lat="42.565560000" lon="-2.866020000">
        <ele>478.000</ele>
      </trkpt>
      <trkpt lat="42.565530000" lon="-2.866170000">
        <ele>478.000</ele>
      </trkpt>
      <trkpt lat="42.565510000" lon="-2.866310000">
        <ele>478.000</ele>
      </trkpt>
      <trkpt lat="42.565510000" lon="-2.866430000">
        <ele>478.000</ele>
      </trkpt>
      <trkpt lat="42.565490000" lon="-2.866590000">
        <ele>478.000</ele>
      </trkpt>
      <trkpt lat="42.565430000" lon="-2.867040000">
        <ele>478.000</ele>
      </trkpt>
      <trkpt lat="42.565400000" lon="-2.867380000">
        <ele>479.000</ele>
      </trkpt>
      <trkpt lat="42.565380000" lon="-2.867570000">
        <ele>479.000</ele>
      </trkpt>
      <trkpt lat="42.565350000" lon="-2.867710000">
        <ele>479.000</ele>
      </trkpt>
      <trkpt lat="42.565320000" lon="-2.867880000">
        <ele>479.000</ele>
      </trkpt>
      <trkpt lat="42.565310000" lon="-2.867920000">
        <ele>479.000</ele>
      </trkpt>
      <trkpt lat="42.565210000" lon="-2.868300000">
        <ele>479.000</ele>
      </trkpt>
      <trkpt lat="42.565210000" lon="-2.868310000">
        <ele>480.000</ele>
      </trkpt>
      <trkpt lat="42.565010000" lon="-2.868970000">
        <ele>480.000</ele>
      </trkpt>
      <trkpt lat="42.564980000" lon="-2.869090000">
        <ele>480.000</ele>
      </trkpt>
      <trkpt lat="42.564900000" lon="-2.869190000">
        <ele>480.000</ele>
      </trkpt>
      <trkpt lat="42.564830000" lon="-2.869390000">
        <ele>480.000</ele>
      </trkpt>
      <trkpt lat="42.564810000" lon="-2.869440000">
        <ele>480.000</ele>
      </trkpt>
      <trkpt lat="42.564730000" lon="-2.869670000">
        <ele>480.000</ele>
      </trkpt>
      <trkpt lat="42.564680000" lon="-2.869840000">
        <ele>480.000</ele>
      </trkpt>
      <trkpt lat="42.564660000" lon="-2.869910000">
        <ele>480.000</ele>
      </trkpt>
      <trkpt lat="42.564550000" lon="-2.870280000">
        <ele>480.000</ele>
      </trkpt>
      <trkpt lat="42.564420000" lon="-2.870870000">
        <ele>480.000</ele>
      </trkpt>
      <trkpt lat="42.564330000" lon="-2.871250000">
        <ele>480.000</ele>
      </trkpt>
      <trkpt lat="42.564270000" lon="-2.871480000">
        <ele>480.000</ele>
      </trkpt>
      <trkpt lat="42.564240000" lon="-2.871620000">
        <ele>480.000</ele>
      </trkpt>
      <trkpt lat="42.564140000" lon="-2.871910000">
        <ele>480.000</ele>
      </trkpt>
      <trkpt lat="42.564020000" lon="-2.872190000">
        <ele>480.000</ele>
      </trkpt>
      <trkpt lat="42.563870000" lon="-2.872480000">
        <ele>480.000</ele>
      </trkpt>
      <trkpt lat="42.563790000" lon="-2.872630000">
        <ele>480.000</ele>
      </trkpt>
      <trkpt lat="42.563680000" lon="-2.872810000">
        <ele>481.000</ele>
      </trkpt>
      <trkpt lat="42.563400000" lon="-2.873260000">
        <ele>481.000</ele>
      </trkpt>
      <trkpt lat="42.563340000" lon="-2.873370000">
        <ele>481.000</ele>
      </trkpt>
      <trkpt lat="42.563260000" lon="-2.873510000">
        <ele>481.000</ele>
      </trkpt>
      <trkpt lat="42.563250000" lon="-2.873550000">
        <ele>481.000</ele>
      </trkpt>
      <trkpt lat="42.563220000" lon="-2.873620000">
        <ele>481.000</ele>
      </trkpt>
      <trkpt lat="42.563180000" lon="-2.873700000">
        <ele>481.000</ele>
      </trkpt>
      <trkpt lat="42.563150000" lon="-2.873800000">
        <ele>481.000</ele>
      </trkpt>
      <trkpt lat="42.563120000" lon="-2.873890000">
        <ele>481.000</ele>
      </trkpt>
      <trkpt lat="42.563090000" lon="-2.874030000">
        <ele>481.000</ele>
      </trkpt>
      <trkpt lat="42.562990000" lon="-2.874390000">
        <ele>481.000</ele>
      </trkpt>
      <trkpt lat="42.562990000" lon="-2.874470000">
        <ele>481.000</ele>
      </trkpt>
      <trkpt lat="42.562880000" lon="-2.874830000">
        <ele>481.000</ele>
      </trkpt>
      <trkpt lat="42.562700000" lon="-2.875500000">
        <ele>482.000</ele>
      </trkpt>
      <trkpt lat="42.562610000" lon="-2.875850000">
        <ele>482.000</ele>
      </trkpt>
      <trkpt lat="42.562540000" lon="-2.876130000">
        <ele>482.000</ele>
      </trkpt>
      <trkpt lat="42.562470000" lon="-2.876400000">
        <ele>482.000</ele>
      </trkpt>
      <trkpt lat="42.562340000" lon="-2.876900000">
        <ele>483.000</ele>
      </trkpt>
      <trkpt lat="42.562300000" lon="-2.877080000">
        <ele>483.000</ele>
      </trkpt>
      <trkpt lat="42.562280000" lon="-2.877230000">
        <ele>483.000</ele>
      </trkpt>
      <trkpt lat="42.562190000" lon="-2.877590000">
        <ele>483.000</ele>
      </trkpt>
      <trkpt lat="42.562170000" lon="-2.877650000">
        <ele>484.000</ele>
      </trkpt>
      <trkpt lat="42.562130000" lon="-2.877750000">
        <ele>484.000</ele>
      </trkpt>
      <trkpt lat="42.562120000" lon="-2.877800000">
        <ele>484.000</ele>
      </trkpt>
      <trkpt lat="42.562090000" lon="-2.877880000">
        <ele>484.000</ele>
      </trkpt>
      <trkpt lat="42.562050000" lon="-2.878030000">
        <ele>484.000</ele>
      </trkpt>
      <trkpt lat="42.562010000" lon="-2.878170000">
        <ele>485.000</ele>
      </trkpt>
      <trkpt lat="42.561960000" lon="-2.878350000">
        <ele>485.000</ele>
      </trkpt>
      <trkpt lat="42.561920000" lon="-2.878520000">
        <ele>485.000</ele>
      </trkpt>
      <trkpt lat="42.561840000" lon="-2.878830000">
        <ele>485.000</ele>
      </trkpt>
      <trkpt lat="42.561770000" lon="-2.879150000">
        <ele>486.000</ele>
      </trkpt>
      <trkpt lat="42.561740000" lon="-2.879300000">
        <ele>486.000</ele>
      </trkpt>
      <trkpt lat="42.561720000" lon="-2.879430000">
        <ele>486.000</ele>
      </trkpt>
      <trkpt lat="42.561720000" lon="-2.879480000">
        <ele>486.000</ele>
      </trkpt>
      <trkpt lat="42.561690000" lon="-2.879900000">
        <ele>487.000</ele>
      </trkpt>
      <trkpt lat="42.561660000" lon="-2.880360000">
        <ele>487.000</ele>
      </trkpt>
      <trkpt lat="42.561650000" lon="-2.880510000">
        <ele>487.000</ele>
      </trkpt>
      <trkpt lat="42.561650000" lon="-2.880610000">
        <ele>487.000</ele>
      </trkpt>
      <trkpt lat="42.561630000" lon="-2.880750000">
        <ele>487.000</ele>
      </trkpt>
      <trkpt lat="42.561570000" lon="-2.881120000">
        <ele>487.000</ele>
      </trkpt>
      <trkpt lat="42.561540000" lon="-2.881310000">
        <ele>487.000</ele>
      </trkpt>
      <trkpt lat="42.561530000" lon="-2.881350000">
        <ele>487.000</ele>
      </trkpt>
      <trkpt lat="42.561490000" lon="-2.881550000">
        <ele>486.000</ele>
      </trkpt>
      <trkpt lat="42.561490000" lon="-2.881580000">
        <ele>486.000</ele>
      </trkpt>
      <trkpt lat="42.561450000" lon="-2.881750000">
        <ele>486.000</ele>
      </trkpt>
      <trkpt lat="42.561390000" lon="-2.882080000">
        <ele>486.000</ele>
      </trkpt>
      <trkpt lat="42.561300000" lon="-2.882480000">
        <ele>486.000</ele>
      </trkpt>
      <trkpt lat="42.561180000" lon="-2.883000000">
        <ele>486.000</ele>
      </trkpt>
      <trkpt lat="42.561150000" lon="-2.883100000">
        <ele>486.000</ele>
      </trkpt>
      <trkpt lat="42.561120000" lon="-2.883220000">
        <ele>486.000</ele>
      </trkpt>
      <trkpt lat="42.561090000" lon="-2.883320000">
        <ele>486.000</ele>
      </trkpt>
      <trkpt lat="42.561060000" lon="-2.883400000">
        <ele>486.000</ele>
      </trkpt>
      <trkpt lat="42.561010000" lon="-2.883500000">
        <ele>486.000</ele>
      </trkpt>
      <trkpt lat="42.560820000" lon="-2.883910000">
        <ele>486.000</ele>
      </trkpt>
      <trkpt lat="42.560620000" lon="-2.884340000">
        <ele>486.000</ele>
      </trkpt>
      <trkpt lat="42.560430000" lon="-2.884670000">
        <ele>486.000</ele>
      </trkpt>
      <trkpt lat="42.560390000" lon="-2.884750000">
        <ele>486.000</ele>
      </trkpt>
      <trkpt lat="42.560320000" lon="-2.884870000">
        <ele>487.000</ele>
      </trkpt>
      <trkpt lat="42.560190000" lon="-2.885090000">
        <ele>487.000</ele>
      </trkpt>
      <trkpt lat="42.560100000" lon="-2.885250000">
        <ele>487.000</ele>
      </trkpt>
      <trkpt lat="42.560050000" lon="-2.885360000">
        <ele>487.000</ele>
      </trkpt>
      <trkpt lat="42.560050000" lon="-2.885360000">
        <ele>487.000</ele>
      </trkpt>
      <trkpt lat="42.559940000" lon="-2.885560000">
        <ele>487.000</ele>
      </trkpt>
      <trkpt lat="42.559820000" lon="-2.885820000">
        <ele>488.000</ele>
      </trkpt>
      <trkpt lat="42.559800000" lon="-2.885860000">
        <ele>488.000</ele>
      </trkpt>
      <trkpt lat="42.559710000" lon="-2.886070000">
        <ele>488.000</ele>
      </trkpt>
      <trkpt lat="42.559650000" lon="-2.886240000">
        <ele>488.000</ele>
      </trkpt>
      <trkpt lat="42.559480000" lon="-2.886690000">
        <ele>489.000</ele>
      </trkpt>
      <trkpt lat="42.559460000" lon="-2.886720000">
        <ele>489.000</ele>
      </trkpt>
      <trkpt lat="42.559370000" lon="-2.886930000">
        <ele>489.000</ele>
      </trkpt>
      <trkpt lat="42.559220000" lon="-2.887260000">
        <ele>489.000</ele>
      </trkpt>
      <trkpt lat="42.559180000" lon="-2.887350000">
        <ele>490.000</ele>
      </trkpt>
      <trkpt lat="42.559020000" lon="-2.887720000">
        <ele>490.000</ele>
      </trkpt>
      <trkpt lat="42.558730000" lon="-2.888430000">
        <ele>490.000</ele>
      </trkpt>
      <trkpt lat="42.558620000" lon="-2.888700000">
        <ele>490.000</ele>
      </trkpt>
      <trkpt lat="42.558480000" lon="-2.889050000">
        <ele>490.000</ele>
      </trkpt>
      <trkpt lat="42.558420000" lon="-2.889180000">
        <ele>490.000</ele>
      </trkpt>
      <trkpt lat="42.558310000" lon="-2.889480000">
        <ele>490.000</ele>
      </trkpt>
      <trkpt lat="42.558120000" lon="-2.889960000">
        <ele>491.000</ele>
      </trkpt>
      <trkpt lat="42.558060000" lon="-2.890130000">
        <ele>491.000</ele>
      </trkpt>
      <trkpt lat="42.557970000" lon="-2.890340000">
        <ele>491.000</ele>
      </trkpt>
      <trkpt lat="42.557770000" lon="-2.890810000">
        <ele>491.000</ele>
      </trkpt>
      <trkpt lat="42.557520000" lon="-2.891340000">
        <ele>491.000</ele>
      </trkpt>
      <trkpt lat="42.557370000" lon="-2.891670000">
        <ele>491.000</ele>
      </trkpt>
      <trkpt lat="42.557240000" lon="-2.891960000">
        <ele>492.000</ele>
      </trkpt>
      <trkpt lat="42.557000000" lon="-2.892470000">
        <ele>492.000</ele>
      </trkpt>
      <trkpt lat="42.556770000" lon="-2.892960000">
        <ele>492.000</ele>
      </trkpt>
      <trkpt lat="42.556570000" lon="-2.893430000">
        <ele>493.000</ele>
      </trkpt>
      <trkpt lat="42.556390000" lon="-2.893930000">
        <ele>493.000</ele>
      </trkpt>
      <trkpt lat="42.556350000" lon="-2.894030000">
        <ele>493.000</ele>
      </trkpt>
      <trkpt lat="42.556230000" lon="-2.894350000">
        <ele>493.000</ele>
      </trkpt>
      <trkpt lat="42.556180000" lon="-2.894500000">
        <ele>494.000</ele>
      </trkpt>
      <trkpt lat="42.556110000" lon="-2.894670000">
        <ele>494.000</ele>
      </trkpt>
      <trkpt lat="42.556090000" lon="-2.894710000">
        <ele>494.000</ele>
      </trkpt>
      <trkpt lat="42.555690000" lon="-2.895650000">
        <ele>494.000</ele>
      </trkpt>
      <trkpt lat="42.555470000" lon="-2.896130000">
        <ele>494.000</ele>
      </trkpt>
      <trkpt lat="42.555350000" lon="-2.896390000">
        <ele>495.000</ele>
      </trkpt>
      <trkpt lat="42.555300000" lon="-2.896580000">
        <ele>495.000</ele>
      </trkpt>
      <trkpt lat="42.555290000" lon="-2.896640000">
        <ele>495.000</ele>
      </trkpt>
      <trkpt lat="42.555250000" lon="-2.896760000">
        <ele>496.000</ele>
      </trkpt>
      <trkpt lat="42.555220000" lon="-2.896900000">
        <ele>496.000</ele>
      </trkpt>
      <trkpt lat="42.555200000" lon="-2.897050000">
        <ele>496.000</ele>
      </trkpt>
      <trkpt lat="42.555200000" lon="-2.897150000">
        <ele>496.000</ele>
      </trkpt>
      <trkpt lat="42.555200000" lon="-2.897160000">
        <ele>496.000</ele>
      </trkpt>
      <trkpt lat="42.555210000" lon="-2.897240000">
        <ele>496.000</ele>
      </trkpt>
      <trkpt lat="42.555240000" lon="-2.897340000">
        <ele>496.000</ele>
      </trkpt>
      <trkpt lat="42.555270000" lon="-2.897440000">
        <ele>497.000</ele>
      </trkpt>
      <trkpt lat="42.555310000" lon="-2.897560000">
        <ele>497.000</ele>
      </trkpt>
      <trkpt lat="42.555310000" lon="-2.897560000">
        <ele>497.000</ele>
      </trkpt>
      <trkpt lat="42.555330000" lon="-2.897620000">
        <ele>497.000</ele>
      </trkpt>
      <trkpt lat="42.555340000" lon="-2.897660000">
        <ele>497.000</ele>
      </trkpt>
      <trkpt lat="42.555350000" lon="-2.897690000">
        <ele>497.000</ele>
      </trkpt>
      <trkpt lat="42.555360000" lon="-2.897720000">
        <ele>497.000</ele>
      </trkpt>
      <trkpt lat="42.555370000" lon="-2.897760000">
        <ele>497.000</ele>
      </trkpt>
      <trkpt lat="42.555380000" lon="-2.897800000">
        <ele>497.000</ele>
      </trkpt>
      <trkpt lat="42.555390000" lon="-2.897850000">
        <ele>497.000</ele>
      </trkpt>
      <trkpt lat="42.555440000" lon="-2.897970000">
        <ele>497.000</ele>
      </trkpt>
      <trkpt lat="42.555550000" lon="-2.898270000">
        <ele>497.000</ele>
      </trkpt>
      <trkpt lat="42.555590000" lon="-2.898360000">
        <ele>498.000</ele>
      </trkpt>
      <trkpt lat="42.555610000" lon="-2.898400000">
        <ele>498.000</ele>
      </trkpt>
      <trkpt lat="42.555760000" lon="-2.898750000">
        <ele>498.000</ele>
      </trkpt>
      <trkpt lat="42.555990000" lon="-2.899190000">
        <ele>498.000</ele>
      </trkpt>
      <trkpt lat="42.556040000" lon="-2.899270000">
        <ele>498.000</ele>
      </trkpt>
      <trkpt lat="42.556170000" lon="-2.899460000">
        <ele>498.000</ele>
      </trkpt>
      <trkpt lat="42.556290000" lon="-2.899650000">
        <ele>498.000</ele>
      </trkpt>
      <trkpt lat="42.556300000" lon="-2.899680000">
        <ele>498.000</ele>
      </trkpt>
      <trkpt lat="42.556400000" lon="-2.899830000">
        <ele>498.000</ele>
      </trkpt>
      <trkpt lat="42.556500000" lon="-2.899980000">
        <ele>498.000</ele>
      </trkpt>
      <trkpt lat="42.556660000" lon="-2.900250000">
        <ele>498.000</ele>
      </trkpt>
      <trkpt lat="42.556780000" lon="-2.900470000">
        <ele>499.000</ele>
      </trkpt>
      <trkpt lat="42.556850000" lon="-2.900600000">
        <ele>499.000</ele>
      </trkpt>
      <trkpt lat="42.556890000" lon="-2.900670000">
        <ele>499.000</ele>
      </trkpt>
      <trkpt lat="42.556940000" lon="-2.900740000">
        <ele>499.000</ele>
      </trkpt>
      <trkpt lat="42.556970000" lon="-2.900800000">
        <ele>499.000</ele>
      </trkpt>
      <trkpt lat="42.556990000" lon="-2.900960000">
        <ele>499.000</ele>
      </trkpt>
      <trkpt lat="42.556990000" lon="-2.900960000">
        <ele>499.000</ele>
      </trkpt>
      <trkpt lat="42.557140000" lon="-2.901290000">
        <ele>499.000</ele>
      </trkpt>
      <trkpt lat="42.557270000" lon="-2.901540000">
        <ele>499.000</ele>
      </trkpt>
      <trkpt lat="42.557600000" lon="-2.902230000">
        <ele>499.000</ele>
      </trkpt>
      <trkpt lat="42.557610000" lon="-2.902250000">
        <ele>499.000</ele>
      </trkpt>
      <trkpt lat="42.557710000" lon="-2.902490000">
        <ele>499.000</ele>
      </trkpt>
      <trkpt lat="42.557730000" lon="-2.902550000">
        <ele>499.000</ele>
      </trkpt>
      <trkpt lat="42.557950000" lon="-2.903050000">
        <ele>499.000</ele>
      </trkpt>
      <trkpt lat="42.558060000" lon="-2.903300000">
        <ele>499.000</ele>
      </trkpt>
      <trkpt lat="42.558340000" lon="-2.904150000">
        <ele>499.000</ele>
      </trkpt>
      <trkpt lat="42.558380000" lon="-2.904250000">
        <ele>498.000</ele>
      </trkpt>
      <trkpt lat="42.558510000" lon="-2.904750000">
        <ele>498.000</ele>
      </trkpt>
      <trkpt lat="42.558530000" lon="-2.904840000">
        <ele>498.000</ele>
      </trkpt>
      <trkpt lat="42.558570000" lon="-2.904980000">
        <ele>498.000</ele>
      </trkpt>
      <trkpt lat="42.558630000" lon="-2.905200000">
        <ele>498.000</ele>
      </trkpt>
      <trkpt lat="42.558740000" lon="-2.905770000">
        <ele>497.000</ele>
      </trkpt>
      <trkpt lat="42.558780000" lon="-2.906010000">
        <ele>497.000</ele>
      </trkpt>
      <trkpt lat="42.558830000" lon="-2.906280000">
        <ele>497.000</ele>
      </trkpt>
      <trkpt lat="42.558960000" lon="-2.907130000">
        <ele>497.000</ele>
      </trkpt>
      <trkpt lat="42.559000000" lon="-2.907690000">
        <ele>497.000</ele>
      </trkpt>
      <trkpt lat="42.559020000" lon="-2.908110000">
        <ele>496.000</ele>
      </trkpt>
      <trkpt lat="42.559060000" lon="-2.909050000">
        <ele>495.000</ele>
      </trkpt>
      <trkpt lat="42.559060000" lon="-2.909180000">
        <ele>495.000</ele>
      </trkpt>
      <trkpt lat="42.559050000" lon="-2.909400000">
        <ele>494.000</ele>
      </trkpt>
      <trkpt lat="42.559000000" lon="-2.910230000">
        <ele>494.000</ele>
      </trkpt>
      <trkpt lat="42.558990000" lon="-2.910370000">
        <ele>493.000</ele>
      </trkpt>
      <trkpt lat="42.558970000" lon="-2.910610000">
        <ele>493.000</ele>
      </trkpt>
      <trkpt lat="42.558960000" lon="-2.910760000">
        <ele>492.000</ele>
      </trkpt>
      <trkpt lat="42.558900000" lon="-2.911400000">
        <ele>492.000</ele>
      </trkpt>
      <trkpt lat="42.558760000" lon="-2.912280000">
        <ele>491.000</ele>
      </trkpt>
      <trkpt lat="42.558760000" lon="-2.912290000">
        <ele>490.000</ele>
      </trkpt>
      <trkpt lat="42.558710000" lon="-2.912530000">
        <ele>490.000</ele>
      </trkpt>
      <trkpt lat="42.558680000" lon="-2.912670000">
        <ele>489.000</ele>
      </trkpt>
      <trkpt lat="42.558630000" lon="-2.912900000">
        <ele>489.000</ele>
      </trkpt>
      <trkpt lat="42.558600000" lon="-2.913060000">
        <ele>489.000</ele>
      </trkpt>
      <trkpt lat="42.558490000" lon="-2.913460000">
        <ele>489.000</ele>
      </trkpt>
      <trkpt lat="42.558380000" lon="-2.913920000">
        <ele>489.000</ele>
      </trkpt>
      <trkpt lat="42.558190000" lon="-2.914490000">
        <ele>489.000</ele>
      </trkpt>
      <trkpt lat="42.558130000" lon="-2.914680000">
        <ele>489.000</ele>
      </trkpt>
      <trkpt lat="42.558120000" lon="-2.914720000">
        <ele>489.000</ele>
      </trkpt>
      <trkpt lat="42.558100000" lon="-2.914770000">
        <ele>489.000</ele>
      </trkpt>
      <trkpt lat="42.557820000" lon="-2.915480000">
        <ele>489.000</ele>
      </trkpt>
      <trkpt lat="42.557650000" lon="-2.915840000">
        <ele>490.000</ele>
      </trkpt>
      <trkpt lat="42.557500000" lon="-2.916210000">
        <ele>491.000</ele>
      </trkpt>
      <trkpt lat="42.557380000" lon="-2.916440000">
        <ele>491.000</ele>
      </trkpt>
      <trkpt lat="42.557260000" lon="-2.916700000">
        <ele>492.000</ele>
      </trkpt>
      <trkpt lat="42.557130000" lon="-2.916960000">
        <ele>493.000</ele>
      </trkpt>
      <trkpt lat="42.556810000" lon="-2.917570000">
        <ele>495.000</ele>
      </trkpt>
      <trkpt lat="42.556590000" lon="-2.918010000">
        <ele>496.000</ele>
      </trkpt>
      <trkpt lat="42.556510000" lon="-2.918160000">
        <ele>496.000</ele>
      </trkpt>
      <trkpt lat="42.556290000" lon="-2.918590000">
        <ele>496.000</ele>
      </trkpt>
      <trkpt lat="42.555910000" lon="-2.919410000">
        <ele>497.000</ele>
      </trkpt>
      <trkpt lat="42.555720000" lon="-2.919790000">
        <ele>497.000</ele>
      </trkpt>
      <trkpt lat="42.555600000" lon="-2.920040000">
        <ele>497.000</ele>
      </trkpt>
      <trkpt lat="42.555390000" lon="-2.920460000">
        <ele>497.000</ele>
      </trkpt>
      <trkpt lat="42.555330000" lon="-2.920580000">
        <ele>497.000</ele>
      </trkpt>
      <trkpt lat="42.555310000" lon="-2.920610000">
        <ele>497.000</ele>
      </trkpt>
      <trkpt lat="42.555260000" lon="-2.920700000">
        <ele>497.000</ele>
      </trkpt>
      <trkpt lat="42.555250000" lon="-2.920730000">
        <ele>497.000</ele>
      </trkpt>
      <trkpt lat="42.555040000" lon="-2.921120000">
        <ele>497.000</ele>
      </trkpt>
      <trkpt lat="42.555040000" lon="-2.921130000">
        <ele>497.000</ele>
      </trkpt>
      <trkpt lat="42.554990000" lon="-2.921220000">
        <ele>497.000</ele>
      </trkpt>
      <trkpt lat="42.554910000" lon="-2.921370000">
        <ele>497.000</ele>
      </trkpt>
      <trkpt lat="42.554770000" lon="-2.921650000">
        <ele>497.000</ele>
      </trkpt>
      <trkpt lat="42.554430000" lon="-2.922320000">
        <ele>497.000</ele>
      </trkpt>
      <trkpt lat="42.553870000" lon="-2.923410000">
        <ele>498.000</ele>
      </trkpt>
      <trkpt lat="42.553710000" lon="-2.923720000">
        <ele>498.000</ele>
      </trkpt>
      <trkpt lat="42.553540000" lon="-2.924030000">
        <ele>498.000</ele>
      </trkpt>
      <trkpt lat="42.553300000" lon="-2.924510000">
        <ele>499.000</ele>
      </trkpt>
      <trkpt lat="42.553040000" lon="-2.924980000">
        <ele>499.000</ele>
      </trkpt>
      <trkpt lat="42.552940000" lon="-2.925170000">
        <ele>499.000</ele>
      </trkpt>
      <trkpt lat="42.552710000" lon="-2.925590000">
        <ele>500.000</ele>
      </trkpt>
      <trkpt lat="42.552610000" lon="-2.925780000">
        <ele>500.000</ele>
      </trkpt>
      <trkpt lat="42.552520000" lon="-2.925950000">
        <ele>500.000</ele>
      </trkpt>
      <trkpt lat="42.552320000" lon="-2.926360000">
        <ele>500.000</ele>
      </trkpt>
      <trkpt lat="42.552030000" lon="-2.926970000">
        <ele>500.000</ele>
      </trkpt>
      <trkpt lat="42.551980000" lon="-2.927070000">
        <ele>500.000</ele>
      </trkpt>
      <trkpt lat="42.551830000" lon="-2.927380000">
        <ele>500.000</ele>
      </trkpt>
      <trkpt lat="42.551750000" lon="-2.927560000">
        <ele>501.000</ele>
      </trkpt>
      <trkpt lat="42.551600000" lon="-2.927940000">
        <ele>501.000</ele>
      </trkpt>
      <trkpt lat="42.551570000" lon="-2.928020000">
        <ele>501.000</ele>
      </trkpt>
      <trkpt lat="42.551490000" lon="-2.928250000">
        <ele>501.000</ele>
      </trkpt>
      <trkpt lat="42.551470000" lon="-2.928300000">
        <ele>501.000</ele>
      </trkpt>
      <trkpt lat="42.551400000" lon="-2.928520000">
        <ele>502.000</ele>
      </trkpt>
      <trkpt lat="42.551320000" lon="-2.928750000">
        <ele>502.000</ele>
      </trkpt>
      <trkpt lat="42.551190000" lon="-2.929130000">
        <ele>502.000</ele>
      </trkpt>
      <trkpt lat="42.551130000" lon="-2.929310000">
        <ele>502.000</ele>
      </trkpt>
      <trkpt lat="42.551120000" lon="-2.929360000">
        <ele>502.000</ele>
      </trkpt>
      <trkpt lat="42.551060000" lon="-2.929590000">
        <ele>503.000</ele>
      </trkpt>
      <trkpt lat="42.550960000" lon="-2.929930000">
        <ele>503.000</ele>
      </trkpt>
      <trkpt lat="42.550880000" lon="-2.930290000">
        <ele>503.000</ele>
      </trkpt>
      <trkpt lat="42.550820000" lon="-2.930590000">
        <ele>504.000</ele>
      </trkpt>
      <trkpt lat="42.550750000" lon="-2.930950000">
        <ele>504.000</ele>
      </trkpt>
      <trkpt lat="42.550670000" lon="-2.931410000">
        <ele>504.000</ele>
      </trkpt>
      <trkpt lat="42.550640000" lon="-2.931700000">
        <ele>505.000</ele>
      </trkpt>
      <trkpt lat="42.550610000" lon="-2.931930000">
        <ele>505.000</ele>
      </trkpt>
      <trkpt lat="42.550570000" lon="-2.932310000">
        <ele>505.000</ele>
      </trkpt>
      <trkpt lat="42.550550000" lon="-2.932580000">
        <ele>505.000</ele>
      </trkpt>
      <trkpt lat="42.550530000" lon="-2.932910000">
        <ele>506.000</ele>
      </trkpt>
      <trkpt lat="42.550530000" lon="-2.932920000">
        <ele>506.000</ele>
      </trkpt>
      <trkpt lat="42.550520000" lon="-2.933360000">
        <ele>506.000</ele>
      </trkpt>
      <trkpt lat="42.550520000" lon="-2.933960000">
        <ele>506.000</ele>
      </trkpt>
      <trkpt lat="42.550520000" lon="-2.934200000">
        <ele>506.000</ele>
      </trkpt>
      <trkpt lat="42.550530000" lon="-2.934480000">
        <ele>506.000</ele>
      </trkpt>
      <trkpt lat="42.550540000" lon="-2.934670000">
        <ele>506.000</ele>
      </trkpt>
      <trkpt lat="42.550540000" lon="-2.934850000">
        <ele>506.000</ele>
      </trkpt>
      <trkpt lat="42.550560000" lon="-2.935000000">
        <ele>506.000</ele>
      </trkpt>
      <trkpt lat="42.550570000" lon="-2.935110000">
        <ele>506.000</ele>
      </trkpt>
      <trkpt lat="42.550570000" lon="-2.935110000">
        <ele>506.000</ele>
      </trkpt>
      <trkpt lat="42.550630000" lon="-2.935270000">
        <ele>506.000</ele>
      </trkpt>
      <trkpt lat="42.550660000" lon="-2.935550000">
        <ele>506.000</ele>
      </trkpt>
      <trkpt lat="42.550680000" lon="-2.935650000">
        <ele>506.000</ele>
      </trkpt>
      <trkpt lat="42.550740000" lon="-2.936040000">
        <ele>506.000</ele>
      </trkpt>
      <trkpt lat="42.550740000" lon="-2.936050000">
        <ele>506.000</ele>
      </trkpt>
      <trkpt lat="42.550750000" lon="-2.936090000">
        <ele>506.000</ele>
      </trkpt>
      <trkpt lat="42.550840000" lon="-2.936420000">
        <ele>506.000</ele>
      </trkpt>
      <trkpt lat="42.550930000" lon="-2.936700000">
        <ele>506.000</ele>
      </trkpt>
      <trkpt lat="42.551060000" lon="-2.937060000">
        <ele>506.000</ele>
      </trkpt>
      <trkpt lat="42.551100000" lon="-2.937170000">
        <ele>506.000</ele>
      </trkpt>
      <trkpt lat="42.551190000" lon="-2.937380000">
        <ele>506.000</ele>
      </trkpt>
      <trkpt lat="42.551240000" lon="-2.937510000">
        <ele>506.000</ele>
      </trkpt>
      <trkpt lat="42.551270000" lon="-2.937580000">
        <ele>506.000</ele>
      </trkpt>
      <trkpt lat="42.551310000" lon="-2.937660000">
        <ele>505.000</ele>
      </trkpt>
      <trkpt lat="42.551380000" lon="-2.937800000">
        <ele>505.000</ele>
      </trkpt>
      <trkpt lat="42.551400000" lon="-2.937840000">
        <ele>505.000</ele>
      </trkpt>
      <trkpt lat="42.551470000" lon="-2.937980000">
        <ele>505.000</ele>
      </trkpt>
      <trkpt lat="42.551580000" lon="-2.938180000">
        <ele>505.000</ele>
      </trkpt>
      <trkpt lat="42.551700000" lon="-2.938360000">
        <ele>505.000</ele>
      </trkpt>
      <trkpt lat="42.551700000" lon="-2.938360000">
        <ele>504.000</ele>
      </trkpt>
      <trkpt lat="42.551720000" lon="-2.938350000">
        <ele>504.000</ele>
      </trkpt>
      <trkpt lat="42.551740000" lon="-2.938350000">
        <ele>504.000</ele>
      </trkpt>
      <trkpt lat="42.551760000" lon="-2.938350000">
        <ele>504.000</ele>
      </trkpt>
      <trkpt lat="42.551780000" lon="-2.938340000">
        <ele>504.000</ele>
      </trkpt>
      <trkpt lat="42.551800000" lon="-2.938350000">
        <ele>504.000</ele>
      </trkpt>
      <trkpt lat="42.551820000" lon="-2.938350000">
        <ele>504.000</ele>
      </trkpt>
      <trkpt lat="42.551840000" lon="-2.938360000">
        <ele>504.000</ele>
      </trkpt>
      <trkpt lat="42.551860000" lon="-2.938370000">
        <ele>504.000</ele>
      </trkpt>
      <trkpt lat="42.551890000" lon="-2.938390000">
        <ele>504.000</ele>
      </trkpt>
      <trkpt lat="42.551910000" lon="-2.938410000">
        <ele>504.000</ele>
      </trkpt>
      <trkpt lat="42.551920000" lon="-2.938430000">
        <ele>504.000</ele>
      </trkpt>
      <trkpt lat="42.551940000" lon="-2.938450000">
        <ele>504.000</ele>
      </trkpt>
      <trkpt lat="42.551950000" lon="-2.938470000">
        <ele>504.000</ele>
      </trkpt>
      <trkpt lat="42.551960000" lon="-2.938490000">
        <ele>504.000</ele>
      </trkpt>
      <trkpt lat="42.551970000" lon="-2.938520000">
        <ele>504.000</ele>
      </trkpt>
      <trkpt lat="42.551980000" lon="-2.938540000">
        <ele>504.000</ele>
      </trkpt>
      <trkpt lat="42.551980000" lon="-2.938570000">
        <ele>504.000</ele>
      </trkpt>
      <trkpt lat="42.551990000" lon="-2.938600000">
        <ele>504.000</ele>
      </trkpt>
      <trkpt lat="42.551990000" lon="-2.938620000">
        <ele>504.000</ele>
      </trkpt>
      <trkpt lat="42.551990000" lon="-2.938650000">
        <ele>504.000</ele>
      </trkpt>
      <trkpt lat="42.551990000" lon="-2.938680000">
        <ele>504.000</ele>
      </trkpt>
      <trkpt lat="42.551980000" lon="-2.938710000">
        <ele>504.000</ele>
      </trkpt>
      <trkpt lat="42.551980000" lon="-2.938730000">
        <ele>504.000</ele>
      </trkpt>
      <trkpt lat="42.551970000" lon="-2.938760000">
        <ele>504.000</ele>
      </trkpt>
      <trkpt lat="42.551960000" lon="-2.938780000">
        <ele>504.000</ele>
      </trkpt>
      <trkpt lat="42.551950000" lon="-2.938810000">
        <ele>504.000</ele>
      </trkpt>
      <trkpt lat="42.551940000" lon="-2.938830000">
        <ele>504.000</ele>
      </trkpt>
      <trkpt lat="42.551920000" lon="-2.938850000">
        <ele>504.000</ele>
      </trkpt>
      <trkpt lat="42.551910000" lon="-2.938870000">
        <ele>504.000</ele>
      </trkpt>
      <trkpt lat="42.551890000" lon="-2.938880000">
        <ele>504.000</ele>
      </trkpt>
      <trkpt lat="42.551870000" lon="-2.938900000">
        <ele>504.000</ele>
      </trkpt>
      <trkpt lat="42.551850000" lon="-2.938910000">
        <ele>504.000</ele>
      </trkpt>
      <trkpt lat="42.551830000" lon="-2.938920000">
        <ele>504.000</ele>
      </trkpt>
      <trkpt lat="42.551810000" lon="-2.938920000">
        <ele>504.000</ele>
      </trkpt>
      <trkpt lat="42.551790000" lon="-2.938930000">
        <ele>504.000</ele>
      </trkpt>
      <trkpt lat="42.551770000" lon="-2.938930000">
        <ele>504.000</ele>
      </trkpt>
      <trkpt lat="42.551750000" lon="-2.938930000">
        <ele>504.000</ele>
      </trkpt>
      <trkpt lat="42.551730000" lon="-2.938920000">
        <ele>505.000</ele>
      </trkpt>
      <trkpt lat="42.551710000" lon="-2.938910000">
        <ele>505.000</ele>
      </trkpt>
      <trkpt lat="42.551690000" lon="-2.938900000">
        <ele>505.000</ele>
      </trkpt>
      <trkpt lat="42.551680000" lon="-2.938890000">
        <ele>505.000</ele>
      </trkpt>
      <trkpt lat="42.551660000" lon="-2.938880000">
        <ele>505.000</ele>
      </trkpt>
      <trkpt lat="42.551640000" lon="-2.938860000">
        <ele>505.000</ele>
      </trkpt>
      <trkpt lat="42.551630000" lon="-2.938840000">
        <ele>505.000</ele>
      </trkpt>
      <trkpt lat="42.551610000" lon="-2.938820000">
        <ele>505.000</ele>
      </trkpt>
      <trkpt lat="42.551600000" lon="-2.938800000">
        <ele>505.000</ele>
      </trkpt>
      <trkpt lat="42.551320000" lon="-2.939100000">
        <ele>505.000</ele>
      </trkpt>
      <trkpt lat="42.551320000" lon="-2.939110000">
        <ele>506.000</ele>
      </trkpt>
      <trkpt lat="42.551250000" lon="-2.939180000">
        <ele>506.000</ele>
      </trkpt>
      <trkpt lat="42.551240000" lon="-2.939190000">
        <ele>506.000</ele>
      </trkpt>
      <trkpt lat="42.551170000" lon="-2.939260000">
        <ele>506.000</ele>
      </trkpt>
      <trkpt lat="42.551040000" lon="-2.939400000">
        <ele>506.000</ele>
      </trkpt>
      <trkpt lat="42.550820000" lon="-2.939640000">
        <ele>507.000</ele>
      </trkpt>
      <trkpt lat="42.550800000" lon="-2.939650000">
        <ele>507.000</ele>
      </trkpt>
      <trkpt lat="42.550520000" lon="-2.939910000">
        <ele>508.000</ele>
      </trkpt>
      <trkpt lat="42.550460000" lon="-2.939990000">
        <ele>508.000</ele>
      </trkpt>
      <trkpt lat="42.550270000" lon="-2.940170000">
        <ele>508.000</ele>
      </trkpt>
      <trkpt lat="42.550270000" lon="-2.940170000">
        <ele>508.000</ele>
      </trkpt>
      <trkpt lat="42.550270000" lon="-2.940190000">
        <ele>509.000</ele>
      </trkpt>
      <trkpt lat="42.550270000" lon="-2.940210000">
        <ele>509.000</ele>
      </trkpt>
      <trkpt lat="42.550270000" lon="-2.940220000">
        <ele>509.000</ele>
      </trkpt>
      <trkpt lat="42.550260000" lon="-2.940240000">
        <ele>509.000</ele>
      </trkpt>
      <trkpt lat="42.550260000" lon="-2.940260000">
        <ele>509.000</ele>
      </trkpt>
      <trkpt lat="42.550250000" lon="-2.940270000">
        <ele>509.000</ele>
      </trkpt>
      <trkpt lat="42.550250000" lon="-2.940290000">
        <ele>509.000</ele>
      </trkpt>
      <trkpt lat="42.550240000" lon="-2.940310000">
        <ele>509.000</ele>
      </trkpt>
      <trkpt lat="42.550220000" lon="-2.940350000">
        <ele>509.000</ele>
      </trkpt>
      <trkpt lat="42.550200000" lon="-2.940390000">
        <ele>509.000</ele>
      </trkpt>
      <trkpt lat="42.550180000" lon="-2.940420000">
        <ele>509.000</ele>
      </trkpt>
      <trkpt lat="42.550150000" lon="-2.940450000">
        <ele>509.000</ele>
      </trkpt>
      <trkpt lat="42.550120000" lon="-2.940470000">
        <ele>509.000</ele>
      </trkpt>
      <trkpt lat="42.550090000" lon="-2.940490000">
        <ele>509.000</ele>
      </trkpt>
      <trkpt lat="42.550060000" lon="-2.940500000">
        <ele>509.000</ele>
      </trkpt>
      <trkpt lat="42.550030000" lon="-2.940510000">
        <ele>509.000</ele>
      </trkpt>
      <trkpt lat="42.550000000" lon="-2.940510000">
        <ele>509.000</ele>
      </trkpt>
      <trkpt lat="42.549960000" lon="-2.940500000">
        <ele>509.000</ele>
      </trkpt>
      <trkpt lat="42.549930000" lon="-2.940490000">
        <ele>509.000</ele>
      </trkpt>
      <trkpt lat="42.549900000" lon="-2.940480000">
        <ele>509.000</ele>
      </trkpt>
      <trkpt lat="42.549780000" lon="-2.940530000">
        <ele>509.000</ele>
      </trkpt>
      <trkpt lat="42.549750000" lon="-2.940560000">
        <ele>509.000</ele>
      </trkpt>
      <trkpt lat="42.549720000" lon="-2.940590000">
        <ele>509.000</ele>
      </trkpt>
      <trkpt lat="42.549580000" lon="-2.940750000">
        <ele>509.000</ele>
      </trkpt>
      <trkpt lat="42.549510000" lon="-2.940890000">
        <ele>509.000</ele>
      </trkpt>
      <trkpt lat="42.549440000" lon="-2.941030000">
        <ele>510.000</ele>
      </trkpt>
      <trkpt lat="42.548320000" lon="-2.943480000">
        <ele>510.000</ele>
      </trkpt>
      <trkpt lat="42.548210000" lon="-2.943710000">
        <ele>511.000</ele>
      </trkpt>
      <trkpt lat="42.547930000" lon="-2.944310000">
        <ele>512.000</ele>
      </trkpt>
      <trkpt lat="42.547410000" lon="-2.945440000">
        <ele>513.000</ele>
      </trkpt>
      <trkpt lat="42.547160000" lon="-2.945990000">
        <ele>514.000</ele>
      </trkpt>
      <trkpt lat="42.547060000" lon="-2.946190000">
        <ele>515.000</ele>
      </trkpt>
      <trkpt lat="42.546900000" lon="-2.946540000">
        <ele>516.000</ele>
      </trkpt>
      <trkpt lat="42.546810000" lon="-2.946730000">
        <ele>516.000</ele>
      </trkpt>
      <trkpt lat="42.546670000" lon="-2.947060000">
        <ele>517.000</ele>
      </trkpt>
      <trkpt lat="42.546550000" lon="-2.947330000">
        <ele>517.000</ele>
      </trkpt>
      <trkpt lat="42.546490000" lon="-2.947470000">
        <ele>517.000</ele>
      </trkpt>
      <trkpt lat="42.546410000" lon="-2.947750000">
        <ele>518.000</ele>
      </trkpt>
      <trkpt lat="42.546400000" lon="-2.947900000">
        <ele>518.000</ele>
      </trkpt>
      <trkpt lat="42.546400000" lon="-2.947900000">
        <ele>518.000</ele>
      </trkpt>
      <trkpt lat="42.546340000" lon="-2.947900000">
        <ele>518.000</ele>
      </trkpt>
      <trkpt lat="42.546220000" lon="-2.947890000">
        <ele>518.000</ele>
      </trkpt>
      <trkpt lat="42.546080000" lon="-2.947880000">
        <ele>518.000</ele>
      </trkpt>
      <trkpt lat="42.546040000" lon="-2.947870000">
        <ele>518.000</ele>
      </trkpt>
      <trkpt lat="42.545940000" lon="-2.947890000">
        <ele>518.000</ele>
      </trkpt>
      <trkpt lat="42.545880000" lon="-2.947900000">
        <ele>519.000</ele>
      </trkpt>
      <trkpt lat="42.545770000" lon="-2.947950000">
        <ele>519.000</ele>
      </trkpt>
      <trkpt lat="42.545650000" lon="-2.948050000">
        <ele>519.000</ele>
      </trkpt>
      <trkpt lat="42.545550000" lon="-2.948160000">
        <ele>519.000</ele>
      </trkpt>
      <trkpt lat="42.545510000" lon="-2.948230000">
        <ele>519.000</ele>
      </trkpt>
      <trkpt lat="42.545470000" lon="-2.948330000">
        <ele>519.000</ele>
      </trkpt>
      <trkpt lat="42.545410000" lon="-2.948520000">
        <ele>519.000</ele>
      </trkpt>
      <trkpt lat="42.545290000" lon="-2.948920000">
        <ele>519.000</ele>
      </trkpt>
      <trkpt lat="42.545260000" lon="-2.949030000">
        <ele>520.000</ele>
      </trkpt>
      <trkpt lat="42.545200000" lon="-2.949240000">
        <ele>520.000</ele>
      </trkpt>
      <trkpt lat="42.545160000" lon="-2.949390000">
        <ele>520.000</ele>
      </trkpt>
      <trkpt lat="42.545120000" lon="-2.949470000">
        <ele>520.000</ele>
      </trkpt>
      <trkpt lat="42.545050000" lon="-2.949600000">
        <ele>520.000</ele>
      </trkpt>
      <trkpt lat="42.544950000" lon="-2.949760000">
        <ele>520.000</ele>
      </trkpt>
      <trkpt lat="42.544920000" lon="-2.949820000">
        <ele>520.000</ele>
      </trkpt>
      <trkpt lat="42.544890000" lon="-2.949890000">
        <ele>520.000</ele>
      </trkpt>
      <trkpt lat="42.544850000" lon="-2.950030000">
        <ele>520.000</ele>
      </trkpt>
      <trkpt lat="42.544830000" lon="-2.950190000">
        <ele>521.000</ele>
      </trkpt>
      <trkpt lat="42.544820000" lon="-2.950380000">
        <ele>521.000</ele>
      </trkpt>
      <trkpt lat="42.544820000" lon="-2.950570000">
        <ele>521.000</ele>
      </trkpt>
      <trkpt lat="42.544830000" lon="-2.950660000">
        <ele>521.000</ele>
      </trkpt>
      <trkpt lat="42.544840000" lon="-2.950750000">
        <ele>521.000</ele>
      </trkpt>
      <trkpt lat="42.544860000" lon="-2.950810000">
        <ele>521.000</ele>
      </trkpt>
      <trkpt lat="42.544870000" lon="-2.950870000">
        <ele>521.000</ele>
      </trkpt>
      <trkpt lat="42.544970000" lon="-2.951190000">
        <ele>521.000</ele>
      </trkpt>
      <trkpt lat="42.545050000" lon="-2.951490000">
        <ele>521.000</ele>
      </trkpt>
      <trkpt lat="42.545070000" lon="-2.951560000">
        <ele>521.000</ele>
      </trkpt>
      <trkpt lat="42.545080000" lon="-2.951640000">
        <ele>521.000</ele>
      </trkpt>
      <trkpt lat="42.545090000" lon="-2.951740000">
        <ele>521.000</ele>
      </trkpt>
      <trkpt lat="42.545080000" lon="-2.951810000">
        <ele>521.000</ele>
      </trkpt>
      <trkpt lat="42.545060000" lon="-2.951940000">
        <ele>521.000</ele>
      </trkpt>
      <trkpt lat="42.545000000" lon="-2.952420000">
        <ele>521.000</ele>
      </trkpt>
      <trkpt lat="42.544960000" lon="-2.952710000">
        <ele>521.000</ele>
      </trkpt>
      <trkpt lat="42.544950000" lon="-2.952750000">
        <ele>521.000</ele>
      </trkpt>
      <trkpt lat="42.544900000" lon="-2.952940000">
        <ele>522.000</ele>
      </trkpt>
      <trkpt lat="42.544860000" lon="-2.953050000">
        <ele>522.000</ele>
      </trkpt>
      <trkpt lat="42.544700000" lon="-2.953350000">
        <ele>522.000</ele>
      </trkpt>
      <trkpt lat="42.544700000" lon="-2.953350000">
        <ele>522.000</ele>
      </trkpt>
      <trkpt lat="42.544640000" lon="-2.953440000">
        <ele>522.000</ele>
      </trkpt>
      <trkpt lat="42.544600000" lon="-2.953510000">
        <ele>522.000</ele>
      </trkpt>
      <trkpt lat="42.544590000" lon="-2.953520000">
        <ele>522.000</ele>
      </trkpt>
      <trkpt lat="42.544550000" lon="-2.953570000">
        <ele>522.000</ele>
      </trkpt>
      <trkpt lat="42.544470000" lon="-2.953660000">
        <ele>522.000</ele>
      </trkpt>
      <trkpt lat="42.544290000" lon="-2.953870000">
        <ele>522.000</ele>
      </trkpt>
      <trkpt lat="42.544040000" lon="-2.954190000">
        <ele>522.000</ele>
      </trkpt>
      <trkpt lat="42.544020000" lon="-2.954220000">
        <ele>522.000</ele>
      </trkpt>
      <trkpt lat="42.543940000" lon="-2.954320000">
        <ele>522.000</ele>
      </trkpt>
      <trkpt lat="42.543880000" lon="-2.954400000">
        <ele>522.000</ele>
      </trkpt>
      <trkpt lat="42.543810000" lon="-2.954510000">
        <ele>522.000</ele>
      </trkpt>
      <trkpt lat="42.543770000" lon="-2.954580000">
        <ele>522.000</ele>
      </trkpt>
      <trkpt lat="42.543710000" lon="-2.954730000">
        <ele>522.000</ele>
      </trkpt>
      <trkpt lat="42.543670000" lon="-2.954830000">
        <ele>522.000</ele>
      </trkpt>
      <trkpt lat="42.543630000" lon="-2.954970000">
        <ele>522.000</ele>
      </trkpt>
      <trkpt lat="42.543620000" lon="-2.955000000">
        <ele>522.000</ele>
      </trkpt>
      <trkpt lat="42.543480000" lon="-2.955450000">
        <ele>522.000</ele>
      </trkpt>
      <trkpt lat="42.543440000" lon="-2.955560000">
        <ele>522.000</ele>
      </trkpt>
      <trkpt lat="42.543380000" lon="-2.955740000">
        <ele>522.000</ele>
      </trkpt>
      <trkpt lat="42.543210000" lon="-2.956310000">
        <ele>522.000</ele>
      </trkpt>
      <trkpt lat="42.543180000" lon="-2.956420000">
        <ele>522.000</ele>
      </trkpt>
      <trkpt lat="42.542990000" lon="-2.957040000">
        <ele>522.000</ele>
      </trkpt>
      <trkpt lat="42.542930000" lon="-2.957300000">
        <ele>522.000</ele>
      </trkpt>
      <trkpt lat="42.542900000" lon="-2.957390000">
        <ele>522.000</ele>
      </trkpt>
      <trkpt lat="42.542880000" lon="-2.957470000">
        <ele>522.000</ele>
      </trkpt>
      <trkpt lat="42.542740000" lon="-2.958050000">
        <ele>522.000</ele>
      </trkpt>
      <trkpt lat="42.542680000" lon="-2.958290000">
        <ele>522.000</ele>
      </trkpt>
      <trkpt lat="42.542640000" lon="-2.958460000">
        <ele>523.000</ele>
      </trkpt>
      <trkpt lat="42.542600000" lon="-2.958600000">
        <ele>523.000</ele>
      </trkpt>
      <trkpt lat="42.542600000" lon="-2.958600000">
        <ele>523.000</ele>
      </trkpt>
      <trkpt lat="42.542470000" lon="-2.959060000">
        <ele>523.000</ele>
      </trkpt>
      <trkpt lat="42.542390000" lon="-2.959270000">
        <ele>523.000</ele>
      </trkpt>
      <trkpt lat="42.542380000" lon="-2.959270000">
        <ele>524.000</ele>
      </trkpt>
      <trkpt lat="42.542170000" lon="-2.959650000">
        <ele>524.000</ele>
      </trkpt>
      <trkpt lat="42.541950000" lon="-2.960040000">
        <ele>524.000</ele>
      </trkpt>
      <trkpt lat="42.541660000" lon="-2.960480000">
        <ele>524.000</ele>
      </trkpt>
      <trkpt lat="42.541490000" lon="-2.960750000">
        <ele>523.000</ele>
      </trkpt>
      <trkpt lat="42.541390000" lon="-2.960970000">
        <ele>523.000</ele>
      </trkpt>
      <trkpt lat="42.541360000" lon="-2.961040000">
        <ele>523.000</ele>
      </trkpt>
      <trkpt lat="42.541090000" lon="-2.961670000">
        <ele>522.000</ele>
      </trkpt>
      <trkpt lat="42.541050000" lon="-2.961730000">
        <ele>522.000</ele>
      </trkpt>
      <trkpt lat="42.541020000" lon="-2.961750000">
        <ele>522.000</ele>
      </trkpt>
      <trkpt lat="42.540880000" lon="-2.961870000">
        <ele>522.000</ele>
      </trkpt>
      <trkpt lat="42.540820000" lon="-2.961940000">
        <ele>522.000</ele>
      </trkpt>
      <trkpt lat="42.540780000" lon="-2.962000000">
        <ele>522.000</ele>
      </trkpt>
      <trkpt lat="42.540690000" lon="-2.962190000">
        <ele>522.000</ele>
      </trkpt>
      <trkpt lat="42.540690000" lon="-2.962200000">
        <ele>522.000</ele>
      </trkpt>
      <trkpt lat="42.540620000" lon="-2.962370000">
        <ele>522.000</ele>
      </trkpt>
      <trkpt lat="42.540540000" lon="-2.962560000">
        <ele>522.000</ele>
      </trkpt>
      <trkpt lat="42.540400000" lon="-2.963110000">
        <ele>522.000</ele>
      </trkpt>
      <trkpt lat="42.540390000" lon="-2.963150000">
        <ele>523.000</ele>
      </trkpt>
      <trkpt lat="42.540380000" lon="-2.963180000">
        <ele>523.000</ele>
      </trkpt>
      <trkpt lat="42.540380000" lon="-2.963220000">
        <ele>523.000</ele>
      </trkpt>
      <trkpt lat="42.540380000" lon="-2.963280000">
        <ele>523.000</ele>
      </trkpt>
      <trkpt lat="42.540370000" lon="-2.963310000">
        <ele>523.000</ele>
      </trkpt>
      <trkpt lat="42.540350000" lon="-2.963350000">
        <ele>523.000</ele>
      </trkpt>
      <trkpt lat="42.540350000" lon="-2.963350000">
        <ele>523.000</ele>
      </trkpt>
      <trkpt lat="42.540320000" lon="-2.963480000">
        <ele>523.000</ele>
      </trkpt>
      <trkpt lat="42.540190000" lon="-2.963770000">
        <ele>523.000</ele>
      </trkpt>
      <trkpt lat="42.540120000" lon="-2.963950000">
        <ele>523.000</ele>
      </trkpt>
      <trkpt lat="42.540100000" lon="-2.964070000">
        <ele>523.000</ele>
      </trkpt>
      <trkpt lat="42.540100000" lon="-2.964070000">
        <ele>523.000</ele>
      </trkpt>
      <trkpt lat="42.540030000" lon="-2.964380000">
        <ele>523.000</ele>
      </trkpt>
      <trkpt lat="42.540000000" lon="-2.964510000">
        <ele>523.000</ele>
      </trkpt>
      <trkpt lat="42.539820000" lon="-2.965400000">
        <ele>522.000</ele>
      </trkpt>
      <trkpt lat="42.539810000" lon="-2.965450000">
        <ele>522.000</ele>
      </trkpt>
      <trkpt lat="42.539720000" lon="-2.966150000">
        <ele>521.000</ele>
      </trkpt>
      <trkpt lat="42.539720000" lon="-2.966170000">
        <ele>520.000</ele>
      </trkpt>
      <trkpt lat="42.539680000" lon="-2.966390000">
        <ele>520.000</ele>
      </trkpt>
      <trkpt lat="42.539640000" lon="-2.966600000">
        <ele>520.000</ele>
      </trkpt>
      <trkpt lat="42.539600000" lon="-2.966870000">
        <ele>520.000</ele>
      </trkpt>
      <trkpt lat="42.539550000" lon="-2.967240000">
        <ele>520.000</ele>
      </trkpt>
      <trkpt lat="42.539520000" lon="-2.967350000">
        <ele>520.000</ele>
      </trkpt>
      <trkpt lat="42.539460000" lon="-2.967600000">
        <ele>520.000</ele>
      </trkpt>
      <trkpt lat="42.539370000" lon="-2.967860000">
        <ele>521.000</ele>
      </trkpt>
      <trkpt lat="42.539370000" lon="-2.967860000">
        <ele>521.000</ele>
      </trkpt>
      <trkpt lat="42.539220000" lon="-2.968170000">
        <ele>521.000</ele>
      </trkpt>
      <trkpt lat="42.539170000" lon="-2.968240000">
        <ele>521.000</ele>
      </trkpt>
      <trkpt lat="42.539050000" lon="-2.968470000">
        <ele>521.000</ele>
      </trkpt>
      <trkpt lat="42.538800000" lon="-2.968890000">
        <ele>521.000</ele>
      </trkpt>
      <trkpt lat="42.538700000" lon="-2.969070000">
        <ele>522.000</ele>
      </trkpt>
      <trkpt lat="42.538580000" lon="-2.969280000">
        <ele>522.000</ele>
      </trkpt>
      <trkpt lat="42.538460000" lon="-2.969520000">
        <ele>522.000</ele>
      </trkpt>
      <trkpt lat="42.538110000" lon="-2.970220000">
        <ele>523.000</ele>
      </trkpt>
      <trkpt lat="42.538040000" lon="-2.970370000">
        <ele>523.000</ele>
      </trkpt>
      <trkpt lat="42.537950000" lon="-2.970560000">
        <ele>524.000</ele>
      </trkpt>
      <trkpt lat="42.537940000" lon="-2.970570000">
        <ele>524.000</ele>
      </trkpt>
      <trkpt lat="42.537610000" lon="-2.971250000">
        <ele>524.000</ele>
      </trkpt>
      <trkpt lat="42.537440000" lon="-2.971620000">
        <ele>524.000</ele>
      </trkpt>
      <trkpt lat="42.537170000" lon="-2.972250000">
        <ele>525.000</ele>
      </trkpt>
      <trkpt lat="42.536890000" lon="-2.972990000">
        <ele>525.000</ele>
      </trkpt>
      <trkpt lat="42.536720000" lon="-2.973440000">
        <ele>525.000</ele>
      </trkpt>
      <trkpt lat="42.536560000" lon="-2.973860000">
        <ele>526.000</ele>
      </trkpt>
      <trkpt lat="42.536270000" lon="-2.974630000">
        <ele>526.000</ele>
      </trkpt>
      <trkpt lat="42.536240000" lon="-2.974720000">
        <ele>526.000</ele>
      </trkpt>
      <trkpt lat="42.536170000" lon="-2.974870000">
        <ele>527.000</ele>
      </trkpt>
      <trkpt lat="42.536140000" lon="-2.974920000">
        <ele>527.000</ele>
      </trkpt>
      <trkpt lat="42.535980000" lon="-2.975240000">
        <ele>527.000</ele>
      </trkpt>
      <trkpt lat="42.535780000" lon="-2.975570000">
        <ele>527.000</ele>
      </trkpt>
      <trkpt lat="42.535720000" lon="-2.975670000">
        <ele>528.000</ele>
      </trkpt>
      <trkpt lat="42.535300000" lon="-2.976330000">
        <ele>528.000</ele>
      </trkpt>
      <trkpt lat="42.535230000" lon="-2.976430000">
        <ele>528.000</ele>
      </trkpt>
      <trkpt lat="42.534930000" lon="-2.976870000">
        <ele>529.000</ele>
      </trkpt>
      <trkpt lat="42.534880000" lon="-2.976930000">
        <ele>529.000</ele>
      </trkpt>
      <trkpt lat="42.534410000" lon="-2.977670000">
        <ele>530.000</ele>
      </trkpt>
      <trkpt lat="42.534290000" lon="-2.977850000">
        <ele>530.000</ele>
      </trkpt>
      <trkpt lat="42.534130000" lon="-2.978110000">
        <ele>530.000</ele>
      </trkpt>
      <trkpt lat="42.534060000" lon="-2.978220000">
        <ele>531.000</ele>
      </trkpt>
      <trkpt lat="42.534000000" lon="-2.978320000">
        <ele>531.000</ele>
      </trkpt>
      <trkpt lat="42.533560000" lon="-2.978980000">
        <ele>532.000</ele>
      </trkpt>
      <trkpt lat="42.533460000" lon="-2.979130000">
        <ele>532.000</ele>
      </trkpt>
      <trkpt lat="42.533360000" lon="-2.979290000">
        <ele>532.000</ele>
      </trkpt>
      <trkpt lat="42.533220000" lon="-2.979500000">
        <ele>533.000</ele>
      </trkpt>
      <trkpt lat="42.533150000" lon="-2.979610000">
        <ele>533.000</ele>
      </trkpt>
      <trkpt lat="42.532880000" lon="-2.980020000">
        <ele>533.000</ele>
      </trkpt>
      <trkpt lat="42.532670000" lon="-2.980350000">
        <ele>534.000</ele>
      </trkpt>
      <trkpt lat="42.532630000" lon="-2.980420000">
        <ele>534.000</ele>
      </trkpt>
      <trkpt lat="42.532530000" lon="-2.980590000">
        <ele>534.000</ele>
      </trkpt>
      <trkpt lat="42.532450000" lon="-2.980730000">
        <ele>534.000</ele>
      </trkpt>
      <trkpt lat="42.532330000" lon="-2.980950000">
        <ele>534.000</ele>
      </trkpt>
      <trkpt lat="42.532250000" lon="-2.981160000">
        <ele>534.000</ele>
      </trkpt>
      <trkpt lat="42.532170000" lon="-2.981480000">
        <ele>534.000</ele>
      </trkpt>
      <trkpt lat="42.532110000" lon="-2.981780000">
        <ele>534.000</ele>
      </trkpt>
      <trkpt lat="42.532040000" lon="-2.982170000">
        <ele>535.000</ele>
      </trkpt>
      <trkpt lat="42.532030000" lon="-2.982230000">
        <ele>535.000</ele>
      </trkpt>
      <trkpt lat="42.532000000" lon="-2.982400000">
        <ele>535.000</ele>
      </trkpt>
      <trkpt lat="42.531990000" lon="-2.982470000">
        <ele>535.000</ele>
      </trkpt>
      <trkpt lat="42.531940000" lon="-2.982740000">
        <ele>535.000</ele>
      </trkpt>
      <trkpt lat="42.531880000" lon="-2.983040000">
        <ele>535.000</ele>
      </trkpt>
      <trkpt lat="42.531790000" lon="-2.983410000">
        <ele>535.000</ele>
      </trkpt>
      <trkpt lat="42.531560000" lon="-2.984260000">
        <ele>535.000</ele>
      </trkpt>
      <trkpt lat="42.531510000" lon="-2.984430000">
        <ele>535.000</ele>
      </trkpt>
      <trkpt lat="42.531230000" lon="-2.985380000">
        <ele>535.000</ele>
      </trkpt>
      <trkpt lat="42.531020000" lon="-2.986120000">
        <ele>536.000</ele>
      </trkpt>
      <trkpt lat="42.530990000" lon="-2.986250000">
        <ele>536.000</ele>
      </trkpt>
      <trkpt lat="42.530760000" lon="-2.987120000">
        <ele>536.000</ele>
      </trkpt>
      <trkpt lat="42.530640000" lon="-2.987650000">
        <ele>536.000</ele>
      </trkpt>
      <trkpt lat="42.530590000" lon="-2.987870000">
        <ele>537.000</ele>
      </trkpt>
      <trkpt lat="42.530550000" lon="-2.988020000">
        <ele>537.000</ele>
      </trkpt>
      <trkpt lat="42.530540000" lon="-2.988110000">
        <ele>537.000</ele>
      </trkpt>
      <trkpt lat="42.530480000" lon="-2.988410000">
        <ele>537.000</ele>
      </trkpt>
      <trkpt lat="42.530370000" lon="-2.989010000">
        <ele>538.000</ele>
      </trkpt>
      <trkpt lat="42.530240000" lon="-2.989850000">
        <ele>538.000</ele>
      </trkpt>
      <trkpt lat="42.530130000" lon="-2.990480000">
        <ele>539.000</ele>
      </trkpt>
      <trkpt lat="42.530080000" lon="-2.990800000">
        <ele>539.000</ele>
      </trkpt>
      <trkpt lat="42.530060000" lon="-2.990960000">
        <ele>539.000</ele>
      </trkpt>
      <trkpt lat="42.530040000" lon="-2.991170000">
        <ele>540.000</ele>
      </trkpt>
      <trkpt lat="42.530000000" lon="-2.991650000">
        <ele>540.000</ele>
      </trkpt>
      <trkpt lat="42.529970000" lon="-2.992190000">
        <ele>540.000</ele>
      </trkpt>
      <trkpt lat="42.529940000" lon="-2.992810000">
        <ele>540.000</ele>
      </trkpt>
      <trkpt lat="42.529890000" lon="-2.993200000">
        <ele>540.000</ele>
      </trkpt>
      <trkpt lat="42.529820000" lon="-2.993550000">
        <ele>541.000</ele>
      </trkpt>
      <trkpt lat="42.529770000" lon="-2.993720000">
        <ele>541.000</ele>
      </trkpt>
      <trkpt lat="42.529710000" lon="-2.993880000">
        <ele>541.000</ele>
      </trkpt>
      <trkpt lat="42.529610000" lon="-2.994110000">
        <ele>541.000</ele>
      </trkpt>
      <trkpt lat="42.529400000" lon="-2.994510000">
        <ele>541.000</ele>
      </trkpt>
      <trkpt lat="42.529130000" lon="-2.995000000">
        <ele>542.000</ele>
      </trkpt>
      <trkpt lat="42.529000000" lon="-2.995230000">
        <ele>542.000</ele>
      </trkpt>
      <trkpt lat="42.528950000" lon="-2.995300000">
        <ele>542.000</ele>
      </trkpt>
      <trkpt lat="42.528790000" lon="-2.995590000">
        <ele>542.000</ele>
      </trkpt>
      <trkpt lat="42.528780000" lon="-2.995620000">
        <ele>543.000</ele>
      </trkpt>
      <trkpt lat="42.528730000" lon="-2.995720000">
        <ele>543.000</ele>
      </trkpt>
      <trkpt lat="42.528680000" lon="-2.995820000">
        <ele>543.000</ele>
      </trkpt>
      <trkpt lat="42.528600000" lon="-2.996010000">
        <ele>543.000</ele>
      </trkpt>
      <trkpt lat="42.528460000" lon="-2.996370000">
        <ele>543.000</ele>
      </trkpt>
      <trkpt lat="42.528350000" lon="-2.996750000">
        <ele>543.000</ele>
      </trkpt>
      <trkpt lat="42.528200000" lon="-2.997180000">
        <ele>543.000</ele>
      </trkpt>
      <trkpt lat="42.528070000" lon="-2.997530000">
        <ele>543.000</ele>
      </trkpt>
      <trkpt lat="42.528020000" lon="-2.997660000">
        <ele>544.000</ele>
      </trkpt>
      <trkpt lat="42.527930000" lon="-2.997830000">
        <ele>544.000</ele>
      </trkpt>
      <trkpt lat="42.527880000" lon="-2.997940000">
        <ele>544.000</ele>
      </trkpt>
      <trkpt lat="42.527700000" lon="-2.998270000">
        <ele>544.000</ele>
      </trkpt>
      <trkpt lat="42.527440000" lon="-2.998700000">
        <ele>545.000</ele>
      </trkpt>
      <trkpt lat="42.527260000" lon="-2.998980000">
        <ele>545.000</ele>
      </trkpt>
      <trkpt lat="42.527070000" lon="-2.999250000">
        <ele>546.000</ele>
      </trkpt>
      <trkpt lat="42.527040000" lon="-2.999290000">
        <ele>546.000</ele>
      </trkpt>
      <trkpt lat="42.527010000" lon="-2.999350000">
        <ele>546.000</ele>
      </trkpt>
      <trkpt lat="42.526900000" lon="-2.999500000">
        <ele>546.000</ele>
      </trkpt>
      <trkpt lat="42.526740000" lon="-2.999660000">
        <ele>547.000</ele>
      </trkpt>
      <trkpt lat="42.526480000" lon="-2.999890000">
        <ele>547.000</ele>
      </trkpt>
      <trkpt lat="42.526230000" lon="-3.000090000">
        <ele>547.000</ele>
      </trkpt>
      <trkpt lat="42.526020000" lon="-3.000240000">
        <ele>548.000</ele>
      </trkpt>
      <trkpt lat="42.525840000" lon="-3.000370000">
        <ele>548.000</ele>
      </trkpt>
      <trkpt lat="42.525760000" lon="-3.000440000">
        <ele>548.000</ele>
      </trkpt>
      <trkpt lat="42.525730000" lon="-3.000460000">
        <ele>548.000</ele>
      </trkpt>
      <trkpt lat="42.525250000" lon="-3.000810000">
        <ele>549.000</ele>
      </trkpt>
      <trkpt lat="42.524950000" lon="-3.001030000">
        <ele>549.000</ele>
      </trkpt>
      <trkpt lat="42.524940000" lon="-3.001040000">
        <ele>549.000</ele>
      </trkpt>
      <trkpt lat="42.524780000" lon="-3.001160000">
        <ele>549.000</ele>
      </trkpt>
      <trkpt lat="42.524620000" lon="-3.001270000">
        <ele>549.000</ele>
      </trkpt>
      <trkpt lat="42.524410000" lon="-3.001420000">
        <ele>549.000</ele>
      </trkpt>
      <trkpt lat="42.524360000" lon="-3.001430000">
        <ele>549.000</ele>
      </trkpt>
      <trkpt lat="42.524160000" lon="-3.001600000">
        <ele>549.000</ele>
      </trkpt>
      <trkpt lat="42.524000000" lon="-3.001710000">
        <ele>549.000</ele>
      </trkpt>
      <trkpt lat="42.523970000" lon="-3.001730000">
        <ele>549.000</ele>
      </trkpt>
      <trkpt lat="42.523800000" lon="-3.001820000">
        <ele>549.000</ele>
      </trkpt>
      <trkpt lat="42.523790000" lon="-3.001830000">
        <ele>549.000</ele>
      </trkpt>
      <trkpt lat="42.523630000" lon="-3.001890000">
        <ele>549.000</ele>
      </trkpt>
      <trkpt lat="42.523370000" lon="-3.001980000">
        <ele>550.000</ele>
      </trkpt>
      <trkpt lat="42.522970000" lon="-3.002100000">
        <ele>550.000</ele>
      </trkpt>
      <trkpt lat="42.522870000" lon="-3.002120000">
        <ele>550.000</ele>
      </trkpt>
      <trkpt lat="42.522270000" lon="-3.002280000">
        <ele>551.000</ele>
      </trkpt>
      <trkpt lat="42.522170000" lon="-3.002300000">
        <ele>551.000</ele>
      </trkpt>
      <trkpt lat="42.521560000" lon="-3.002460000">
        <ele>551.000</ele>
      </trkpt>
      <trkpt lat="42.521200000" lon="-3.002560000">
        <ele>553.000</ele>
      </trkpt>
      <trkpt lat="42.521030000" lon="-3.002610000">
        <ele>554.000</ele>
      </trkpt>
      <trkpt lat="42.520860000" lon="-3.002650000">
        <ele>555.000</ele>
      </trkpt>
      <trkpt lat="42.519630000" lon="-3.002980000">
        <ele>559.000</ele>
      </trkpt>
      <trkpt lat="42.519420000" lon="-3.003060000">
        <ele>562.000</ele>
      </trkpt>
      <trkpt lat="42.519110000" lon="-3.003190000">
        <ele>564.000</ele>
      </trkpt>
      <trkpt lat="42.519080000" lon="-3.003200000">
        <ele>566.000</ele>
      </trkpt>
      <trkpt lat="42.518780000" lon="-3.003360000">
        <ele>567.000</ele>
      </trkpt>
      <trkpt lat="42.518450000" lon="-3.003570000">
        <ele>568.000</ele>
      </trkpt>
      <trkpt lat="42.518250000" lon="-3.003700000">
        <ele>569.000</ele>
      </trkpt>
      <trkpt lat="42.517500000" lon="-3.004250000">
        <ele>570.000</ele>
      </trkpt>
      <trkpt lat="42.517470000" lon="-3.004270000">
        <ele>570.000</ele>
      </trkpt>
      <trkpt lat="42.517180000" lon="-3.004490000">
        <ele>571.000</ele>
      </trkpt>
      <trkpt lat="42.516870000" lon="-3.004720000">
        <ele>572.000</ele>
      </trkpt>
      <trkpt lat="42.516550000" lon="-3.004970000">
        <ele>572.000</ele>
      </trkpt>
      <trkpt lat="42.516470000" lon="-3.005030000">
        <ele>573.000</ele>
      </trkpt>
      <trkpt lat="42.516400000" lon="-3.005090000">
        <ele>573.000</ele>
      </trkpt>
      <trkpt lat="42.516240000" lon="-3.005200000">
        <ele>574.000</ele>
      </trkpt>
      <trkpt lat="42.516160000" lon="-3.005260000">
        <ele>574.000</ele>
      </trkpt>
      <trkpt lat="42.516020000" lon="-3.005350000">
        <ele>574.000</ele>
      </trkpt>
      <trkpt lat="42.515950000" lon="-3.005380000">
        <ele>575.000</ele>
      </trkpt>
      <trkpt lat="42.515850000" lon="-3.005420000">
        <ele>575.000</ele>
      </trkpt>
      <trkpt lat="42.515730000" lon="-3.005440000">
        <ele>575.000</ele>
      </trkpt>
      <trkpt lat="42.515730000" lon="-3.005450000">
        <ele>575.000</ele>
      </trkpt>
      <trkpt lat="42.515570000" lon="-3.005450000">
        <ele>575.000</ele>
      </trkpt>
      <trkpt lat="42.515450000" lon="-3.005430000">
        <ele>575.000</ele>
      </trkpt>
      <trkpt lat="42.515280000" lon="-3.005380000">
        <ele>575.000</ele>
      </trkpt>
      <trkpt lat="42.515070000" lon="-3.005300000">
        <ele>574.000</ele>
      </trkpt>
      <trkpt lat="42.514840000" lon="-3.005220000">
        <ele>574.000</ele>
      </trkpt>
      <trkpt lat="42.514630000" lon="-3.005170000">
        <ele>574.000</ele>
      </trkpt>
      <trkpt lat="42.514560000" lon="-3.005170000">
        <ele>573.000</ele>
      </trkpt>
      <trkpt lat="42.514450000" lon="-3.005160000">
        <ele>573.000</ele>
      </trkpt>
      <trkpt lat="42.514390000" lon="-3.005170000">
        <ele>573.000</ele>
      </trkpt>
      <trkpt lat="42.514310000" lon="-3.005180000">
        <ele>572.000</ele>
      </trkpt>
      <trkpt lat="42.514180000" lon="-3.005230000">
        <ele>572.000</ele>
      </trkpt>
      <trkpt lat="42.514070000" lon="-3.005290000">
        <ele>572.000</ele>
      </trkpt>
      <trkpt lat="42.514040000" lon="-3.005310000">
        <ele>572.000</ele>
      </trkpt>
      <trkpt lat="42.513960000" lon="-3.005380000">
        <ele>572.000</ele>
      </trkpt>
      <trkpt lat="42.513890000" lon="-3.005450000">
        <ele>572.000</ele>
      </trkpt>
      <trkpt lat="42.513860000" lon="-3.005480000">
        <ele>572.000</ele>
      </trkpt>
      <trkpt lat="42.513800000" lon="-3.005560000">
        <ele>573.000</ele>
      </trkpt>
      <trkpt lat="42.513770000" lon="-3.005620000">
        <ele>573.000</ele>
      </trkpt>
      <trkpt lat="42.513740000" lon="-3.005650000">
        <ele>573.000</ele>
      </trkpt>
      <trkpt lat="42.513590000" lon="-3.005970000">
        <ele>574.000</ele>
      </trkpt>
      <trkpt lat="42.513570000" lon="-3.006030000">
        <ele>574.000</ele>
      </trkpt>
      <trkpt lat="42.513500000" lon="-3.006200000">
        <ele>574.000</ele>
      </trkpt>
      <trkpt lat="42.513440000" lon="-3.006350000">
        <ele>575.000</ele>
      </trkpt>
      <trkpt lat="42.513370000" lon="-3.006500000">
        <ele>576.000</ele>
      </trkpt>
      <trkpt lat="42.513270000" lon="-3.006670000">
        <ele>576.000</ele>
      </trkpt>
      <trkpt lat="42.513190000" lon="-3.006780000">
        <ele>577.000</ele>
      </trkpt>
      <trkpt lat="42.513130000" lon="-3.006860000">
        <ele>577.000</ele>
      </trkpt>
      <trkpt lat="42.513090000" lon="-3.006910000">
        <ele>578.000</ele>
      </trkpt>
      <trkpt lat="42.513030000" lon="-3.006950000">
        <ele>578.000</ele>
      </trkpt>
      <trkpt lat="42.512970000" lon="-3.007010000">
        <ele>578.000</ele>
      </trkpt>
      <trkpt lat="42.512870000" lon="-3.007070000">
        <ele>579.000</ele>
      </trkpt>
      <trkpt lat="42.512720000" lon="-3.007140000">
        <ele>579.000</ele>
      </trkpt>
      <trkpt lat="42.512690000" lon="-3.007160000">
        <ele>579.000</ele>
      </trkpt>
      <trkpt lat="42.512470000" lon="-3.007240000">
        <ele>579.000</ele>
      </trkpt>
      <trkpt lat="42.512340000" lon="-3.007290000">
        <ele>580.000</ele>
      </trkpt>
      <trkpt lat="42.512170000" lon="-3.007350000">
        <ele>580.000</ele>
      </trkpt>
      <trkpt lat="42.512130000" lon="-3.007360000">
        <ele>580.000</ele>
      </trkpt>
      <trkpt lat="42.511920000" lon="-3.007450000">
        <ele>580.000</ele>
      </trkpt>
      <trkpt lat="42.511830000" lon="-3.007510000">
        <ele>580.000</ele>
      </trkpt>
      <trkpt lat="42.511790000" lon="-3.007530000">
        <ele>580.000</ele>
      </trkpt>
      <trkpt lat="42.511690000" lon="-3.007610000">
        <ele>581.000</ele>
      </trkpt>
      <trkpt lat="42.511580000" lon="-3.007740000">
        <ele>581.000</ele>
      </trkpt>
      <trkpt lat="42.511490000" lon="-3.007850000">
        <ele>581.000</ele>
      </trkpt>
      <trkpt lat="42.511380000" lon="-3.008000000">
        <ele>581.000</ele>
      </trkpt>
      <trkpt lat="42.511240000" lon="-3.008230000">
        <ele>581.000</ele>
      </trkpt>
      <trkpt lat="42.511150000" lon="-3.008360000">
        <ele>581.000</ele>
      </trkpt>
      <trkpt lat="42.511000000" lon="-3.008530000">
        <ele>580.000</ele>
      </trkpt>
      <trkpt lat="42.510880000" lon="-3.008630000">
        <ele>579.000</ele>
      </trkpt>
      <trkpt lat="42.510780000" lon="-3.008680000">
        <ele>579.000</ele>
      </trkpt>
      <trkpt lat="42.510610000" lon="-3.008740000">
        <ele>578.000</ele>
      </trkpt>
      <trkpt lat="42.510440000" lon="-3.008780000">
        <ele>576.000</ele>
      </trkpt>
      <trkpt lat="42.510220000" lon="-3.008840000">
        <ele>575.000</ele>
      </trkpt>
      <trkpt lat="42.509990000" lon="-3.008940000">
        <ele>574.000</ele>
      </trkpt>
      <trkpt lat="42.509880000" lon="-3.008990000">
        <ele>572.000</ele>
      </trkpt>
      <trkpt lat="42.509820000" lon="-3.009030000">
        <ele>571.000</ele>
      </trkpt>
      <trkpt lat="42.509760000" lon="-3.009070000">
        <ele>570.000</ele>
      </trkpt>
      <trkpt lat="42.509650000" lon="-3.009180000">
        <ele>569.000</ele>
      </trkpt>
      <trkpt lat="42.509560000" lon="-3.009280000">
        <ele>568.000</ele>
      </trkpt>
      <trkpt lat="42.509540000" lon="-3.009320000">
        <ele>568.000</ele>
      </trkpt>
      <trkpt lat="42.509460000" lon="-3.009460000">
        <ele>567.000</ele>
      </trkpt>
      <trkpt lat="42.509380000" lon="-3.009610000">
        <ele>567.000</ele>
      </trkpt>
      <trkpt lat="42.509270000" lon="-3.009880000">
        <ele>567.000</ele>
      </trkpt>
      <trkpt lat="42.509160000" lon="-3.010250000">
        <ele>566.000</ele>
      </trkpt>
      <trkpt lat="42.509120000" lon="-3.010390000">
        <ele>566.000</ele>
      </trkpt>
      <trkpt lat="42.508840000" lon="-3.011200000">
        <ele>566.000</ele>
      </trkpt>
      <trkpt lat="42.508710000" lon="-3.011570000">
        <ele>565.000</ele>
      </trkpt>
      <trkpt lat="42.508660000" lon="-3.011720000">
        <ele>565.000</ele>
      </trkpt>
      <trkpt lat="42.508590000" lon="-3.011920000">
        <ele>565.000</ele>
      </trkpt>
      <trkpt lat="42.508450000" lon="-3.012350000">
        <ele>565.000</ele>
      </trkpt>
      <trkpt lat="42.508400000" lon="-3.012470000">
        <ele>565.000</ele>
      </trkpt>
      <trkpt lat="42.508360000" lon="-3.012600000">
        <ele>565.000</ele>
      </trkpt>
      <trkpt lat="42.508280000" lon="-3.012830000">
        <ele>565.000</ele>
      </trkpt>
      <trkpt lat="42.508210000" lon="-3.013040000">
        <ele>565.000</ele>
      </trkpt>
      <trkpt lat="42.508080000" lon="-3.013380000">
        <ele>565.000</ele>
      </trkpt>
      <trkpt lat="42.508010000" lon="-3.013550000">
        <ele>565.000</ele>
      </trkpt>
      <trkpt lat="42.507920000" lon="-3.013760000">
        <ele>565.000</ele>
      </trkpt>
      <trkpt lat="42.507830000" lon="-3.013940000">
        <ele>564.000</ele>
      </trkpt>
      <trkpt lat="42.507830000" lon="-3.013950000">
        <ele>564.000</ele>
      </trkpt>
      <trkpt lat="42.507800000" lon="-3.014010000">
        <ele>564.000</ele>
      </trkpt>
      <trkpt lat="42.507750000" lon="-3.014090000">
        <ele>564.000</ele>
      </trkpt>
      <trkpt lat="42.507720000" lon="-3.014150000">
        <ele>564.000</ele>
      </trkpt>
      <trkpt lat="42.507580000" lon="-3.014370000">
        <ele>564.000</ele>
      </trkpt>
      <trkpt lat="42.507440000" lon="-3.014580000">
        <ele>564.000</ele>
      </trkpt>
      <trkpt lat="42.507330000" lon="-3.014730000">
        <ele>564.000</ele>
      </trkpt>
      <trkpt lat="42.507140000" lon="-3.014940000">
        <ele>564.000</ele>
      </trkpt>
      <trkpt lat="42.506910000" lon="-3.015160000">
        <ele>564.000</ele>
      </trkpt>
      <trkpt lat="42.506700000" lon="-3.015350000">
        <ele>564.000</ele>
      </trkpt>
      <trkpt lat="42.506350000" lon="-3.015640000">
        <ele>564.000</ele>
      </trkpt>
      <trkpt lat="42.506200000" lon="-3.015770000">
        <ele>564.000</ele>
      </trkpt>
      <trkpt lat="42.505930000" lon="-3.015980000">
        <ele>564.000</ele>
      </trkpt>
      <trkpt lat="42.505820000" lon="-3.016070000">
        <ele>564.000</ele>
      </trkpt>
      <trkpt lat="42.505640000" lon="-3.016210000">
        <ele>564.000</ele>
      </trkpt>
      <trkpt lat="42.505600000" lon="-3.016240000">
        <ele>564.000</ele>
      </trkpt>
      <trkpt lat="42.505440000" lon="-3.016370000">
        <ele>564.000</ele>
      </trkpt>
      <trkpt lat="42.505290000" lon="-3.016500000">
        <ele>564.000</ele>
      </trkpt>
      <trkpt lat="42.505280000" lon="-3.016500000">
        <ele>564.000</ele>
      </trkpt>
      <trkpt lat="42.505140000" lon="-3.016620000">
        <ele>564.000</ele>
      </trkpt>
      <trkpt lat="42.505030000" lon="-3.016710000">
        <ele>564.000</ele>
      </trkpt>
      <trkpt lat="42.504850000" lon="-3.016880000">
        <ele>564.000</ele>
      </trkpt>
      <trkpt lat="42.504770000" lon="-3.016990000">
        <ele>564.000</ele>
      </trkpt>
      <trkpt lat="42.504760000" lon="-3.017000000">
        <ele>564.000</ele>
      </trkpt>
      <trkpt lat="42.504700000" lon="-3.017100000">
        <ele>565.000</ele>
      </trkpt>
      <trkpt lat="42.504650000" lon="-3.017250000">
        <ele>565.000</ele>
      </trkpt>
      <trkpt lat="42.504620000" lon="-3.017380000">
        <ele>565.000</ele>
      </trkpt>
      <trkpt lat="42.504570000" lon="-3.017640000">
        <ele>565.000</ele>
      </trkpt>
      <trkpt lat="42.504560000" lon="-3.017800000">
        <ele>565.000</ele>
      </trkpt>
      <trkpt lat="42.504550000" lon="-3.018000000">
        <ele>566.000</ele>
      </trkpt>
      <trkpt lat="42.504520000" lon="-3.018140000">
        <ele>566.000</ele>
      </trkpt>
      <trkpt lat="42.504500000" lon="-3.018220000">
        <ele>566.000</ele>
      </trkpt>
      <trkpt lat="42.504480000" lon="-3.018320000">
        <ele>567.000</ele>
      </trkpt>
      <trkpt lat="42.504480000" lon="-3.018320000">
        <ele>567.000</ele>
      </trkpt>
      <trkpt lat="42.504380000" lon="-3.018510000">
        <ele>567.000</ele>
      </trkpt>
      <trkpt lat="42.504240000" lon="-3.018670000">
        <ele>567.000</ele>
      </trkpt>
      <trkpt lat="42.503970000" lon="-3.019000000">
        <ele>568.000</ele>
      </trkpt>
      <trkpt lat="42.503730000" lon="-3.019270000">
        <ele>568.000</ele>
      </trkpt>
      <trkpt lat="42.503710000" lon="-3.019300000">
        <ele>569.000</ele>
      </trkpt>
      <trkpt lat="42.503690000" lon="-3.019320000">
        <ele>569.000</ele>
      </trkpt>
      <trkpt lat="42.503510000" lon="-3.019500000">
        <ele>569.000</ele>
      </trkpt>
      <trkpt lat="42.503410000" lon="-3.019590000">
        <ele>569.000</ele>
      </trkpt>
      <trkpt lat="42.503260000" lon="-3.019670000">
        <ele>570.000</ele>
      </trkpt>
      <trkpt lat="42.503230000" lon="-3.019690000">
        <ele>570.000</ele>
      </trkpt>
      <trkpt lat="42.503170000" lon="-3.019710000">
        <ele>570.000</ele>
      </trkpt>
      <trkpt lat="42.502990000" lon="-3.019790000">
        <ele>570.000</ele>
      </trkpt>
      <trkpt lat="42.502710000" lon="-3.019890000">
        <ele>570.000</ele>
      </trkpt>
      <trkpt lat="42.502610000" lon="-3.019930000">
        <ele>570.000</ele>
      </trkpt>
      <trkpt lat="42.502560000" lon="-3.019950000">
        <ele>570.000</ele>
      </trkpt>
      <trkpt lat="42.502480000" lon="-3.019980000">
        <ele>570.000</ele>
      </trkpt>
      <trkpt lat="42.502300000" lon="-3.020030000">
        <ele>570.000</ele>
      </trkpt>
      <trkpt lat="42.502130000" lon="-3.020090000">
        <ele>570.000</ele>
      </trkpt>
      <trkpt lat="42.501900000" lon="-3.020140000">
        <ele>570.000</ele>
      </trkpt>
      <trkpt lat="42.501820000" lon="-3.020160000">
        <ele>570.000</ele>
      </trkpt>
      <trkpt lat="42.501780000" lon="-3.020170000">
        <ele>570.000</ele>
      </trkpt>
      <trkpt lat="42.501740000" lon="-3.020170000">
        <ele>570.000</ele>
      </trkpt>
      <trkpt lat="42.501540000" lon="-3.020220000">
        <ele>570.000</ele>
      </trkpt>
      <trkpt lat="42.501470000" lon="-3.020240000">
        <ele>569.000</ele>
      </trkpt>
      <trkpt lat="42.501380000" lon="-3.020260000">
        <ele>569.000</ele>
      </trkpt>
      <trkpt lat="42.501380000" lon="-3.020260000">
        <ele>569.000</ele>
      </trkpt>
      <trkpt lat="42.501370000" lon="-3.020290000">
        <ele>569.000</ele>
      </trkpt>
      <trkpt lat="42.501330000" lon="-3.020440000">
        <ele>568.000</ele>
      </trkpt>
      <trkpt lat="42.501320000" lon="-3.020490000">
        <ele>568.000</ele>
      </trkpt>
      <trkpt lat="42.501290000" lon="-3.020600000">
        <ele>568.000</ele>
      </trkpt>
      <trkpt lat="42.501250000" lon="-3.020790000">
        <ele>567.000</ele>
      </trkpt>
      <trkpt lat="42.501220000" lon="-3.020950000">
        <ele>567.000</ele>
      </trkpt>
      <trkpt lat="42.501200000" lon="-3.021130000">
        <ele>566.000</ele>
      </trkpt>
      <trkpt lat="42.501200000" lon="-3.021200000">
        <ele>566.000</ele>
      </trkpt>
      <trkpt lat="42.501190000" lon="-3.021330000">
        <ele>566.000</ele>
      </trkpt>
      <trkpt lat="42.501200000" lon="-3.021440000">
        <ele>565.000</ele>
      </trkpt>
      <trkpt lat="42.501200000" lon="-3.021570000">
        <ele>565.000</ele>
      </trkpt>
      <trkpt lat="42.501210000" lon="-3.021780000">
        <ele>564.000</ele>
      </trkpt>
      <trkpt lat="42.501220000" lon="-3.021930000">
        <ele>564.000</ele>
      </trkpt>
      <trkpt lat="42.501230000" lon="-3.022020000">
        <ele>563.000</ele>
      </trkpt>
      <trkpt lat="42.501230000" lon="-3.022200000">
        <ele>563.000</ele>
      </trkpt>
      <trkpt lat="42.501220000" lon="-3.022340000">
        <ele>563.000</ele>
      </trkpt>
      <trkpt lat="42.501220000" lon="-3.022350000">
        <ele>564.000</ele>
      </trkpt>
      <trkpt lat="42.501210000" lon="-3.022480000">
        <ele>564.000</ele>
      </trkpt>
      <trkpt lat="42.501190000" lon="-3.022630000">
        <ele>564.000</ele>
      </trkpt>
      <trkpt lat="42.501160000" lon="-3.022760000">
        <ele>565.000</ele>
      </trkpt>
      <trkpt lat="42.501150000" lon="-3.022800000">
        <ele>565.000</ele>
      </trkpt>
      <trkpt lat="42.501090000" lon="-3.023060000">
        <ele>566.000</ele>
      </trkpt>
      <trkpt lat="42.501020000" lon="-3.023340000">
        <ele>566.000</ele>
      </trkpt>
      <trkpt lat="42.500960000" lon="-3.023550000">
        <ele>567.000</ele>
      </trkpt>
      <trkpt lat="42.500940000" lon="-3.023630000">
        <ele>568.000</ele>
      </trkpt>
      <trkpt lat="42.500890000" lon="-3.023820000">
        <ele>569.000</ele>
      </trkpt>
      <trkpt lat="42.500830000" lon="-3.024060000">
        <ele>569.000</ele>
      </trkpt>
      <trkpt lat="42.500810000" lon="-3.024150000">
        <ele>570.000</ele>
      </trkpt>
      <trkpt lat="42.500790000" lon="-3.024290000">
        <ele>571.000</ele>
      </trkpt>
      <trkpt lat="42.500780000" lon="-3.024390000">
        <ele>571.000</ele>
      </trkpt>
      <trkpt lat="42.500760000" lon="-3.024530000">
        <ele>572.000</ele>
      </trkpt>
      <trkpt lat="42.500770000" lon="-3.024720000">
        <ele>572.000</ele>
      </trkpt>
      <trkpt lat="42.500770000" lon="-3.024900000">
        <ele>572.000</ele>
      </trkpt>
      <trkpt lat="42.500800000" lon="-3.025240000">
        <ele>572.000</ele>
      </trkpt>
      <trkpt lat="42.500810000" lon="-3.025340000">
        <ele>572.000</ele>
      </trkpt>
      <trkpt lat="42.500810000" lon="-3.025470000">
        <ele>572.000</ele>
      </trkpt>
      <trkpt lat="42.500820000" lon="-3.025590000">
        <ele>572.000</ele>
      </trkpt>
      <trkpt lat="42.500830000" lon="-3.025730000">
        <ele>572.000</ele>
      </trkpt>
      <trkpt lat="42.500840000" lon="-3.025980000">
        <ele>572.000</ele>
      </trkpt>
      <trkpt lat="42.500860000" lon="-3.026260000">
        <ele>572.000</ele>
      </trkpt>
      <trkpt lat="42.500870000" lon="-3.026560000">
        <ele>572.000</ele>
      </trkpt>
      <trkpt lat="42.500900000" lon="-3.026940000">
        <ele>572.000</ele>
      </trkpt>
      <trkpt lat="42.500940000" lon="-3.027270000">
        <ele>572.000</ele>
      </trkpt>
      <trkpt lat="42.500990000" lon="-3.027570000">
        <ele>572.000</ele>
      </trkpt>
      <trkpt lat="42.501040000" lon="-3.027840000">
        <ele>572.000</ele>
      </trkpt>
      <trkpt lat="42.501060000" lon="-3.027970000">
        <ele>573.000</ele>
      </trkpt>
      <trkpt lat="42.501100000" lon="-3.028130000">
        <ele>573.000</ele>
      </trkpt>
      <trkpt lat="42.501150000" lon="-3.028310000">
        <ele>573.000</ele>
      </trkpt>
      <trkpt lat="42.501240000" lon="-3.028550000">
        <ele>573.000</ele>
      </trkpt>
      <trkpt lat="42.501540000" lon="-3.029380000">
        <ele>574.000</ele>
      </trkpt>
      <trkpt lat="42.501630000" lon="-3.029610000">
        <ele>575.000</ele>
      </trkpt>
      <trkpt lat="42.501710000" lon="-3.029880000">
        <ele>575.000</ele>
      </trkpt>
      <trkpt lat="42.501760000" lon="-3.030050000">
        <ele>575.000</ele>
      </trkpt>
      <trkpt lat="42.501800000" lon="-3.030200000">
        <ele>576.000</ele>
      </trkpt>
      <trkpt lat="42.501830000" lon="-3.030370000">
        <ele>576.000</ele>
      </trkpt>
      <trkpt lat="42.501850000" lon="-3.030490000">
        <ele>576.000</ele>
      </trkpt>
      <trkpt lat="42.501870000" lon="-3.030650000">
        <ele>576.000</ele>
      </trkpt>
      <trkpt lat="42.501880000" lon="-3.030880000">
        <ele>576.000</ele>
      </trkpt>
      <trkpt lat="42.501890000" lon="-3.031300000">
        <ele>577.000</ele>
      </trkpt>
      <trkpt lat="42.501900000" lon="-3.031590000">
        <ele>577.000</ele>
      </trkpt>
      <trkpt lat="42.501920000" lon="-3.032000000">
        <ele>577.000</ele>
      </trkpt>
      <trkpt lat="42.501930000" lon="-3.032130000">
        <ele>577.000</ele>
      </trkpt>
      <trkpt lat="42.501960000" lon="-3.032320000">
        <ele>577.000</ele>
      </trkpt>
      <trkpt lat="42.501980000" lon="-3.032520000">
        <ele>577.000</ele>
      </trkpt>
      <trkpt lat="42.502040000" lon="-3.032860000">
        <ele>578.000</ele>
      </trkpt>
      <trkpt lat="42.502140000" lon="-3.033350000">
        <ele>578.000</ele>
      </trkpt>
      <trkpt lat="42.502220000" lon="-3.033760000">
        <ele>578.000</ele>
      </trkpt>
      <trkpt lat="42.502320000" lon="-3.034200000">
        <ele>578.000</ele>
      </trkpt>
      <trkpt lat="42.502380000" lon="-3.034510000">
        <ele>578.000</ele>
      </trkpt>
      <trkpt lat="42.502400000" lon="-3.034620000">
        <ele>578.000</ele>
      </trkpt>
      <trkpt lat="42.502410000" lon="-3.034700000">
        <ele>578.000</ele>
      </trkpt>
      <trkpt lat="42.502440000" lon="-3.034810000">
        <ele>579.000</ele>
      </trkpt>
      <trkpt lat="42.502500000" lon="-3.035250000">
        <ele>579.000</ele>
      </trkpt>
      <trkpt lat="42.502520000" lon="-3.035510000">
        <ele>579.000</ele>
      </trkpt>
      <trkpt lat="42.502570000" lon="-3.035950000">
        <ele>579.000</ele>
      </trkpt>
      <trkpt lat="42.502590000" lon="-3.036460000">
        <ele>579.000</ele>
      </trkpt>
      <trkpt lat="42.502630000" lon="-3.036930000">
        <ele>580.000</ele>
      </trkpt>
      <trkpt lat="42.502660000" lon="-3.037270000">
        <ele>580.000</ele>
      </trkpt>
      <trkpt lat="42.502670000" lon="-3.037360000">
        <ele>580.000</ele>
      </trkpt>
      <trkpt lat="42.502690000" lon="-3.037490000">
        <ele>581.000</ele>
      </trkpt>
      <trkpt lat="42.502710000" lon="-3.037590000">
        <ele>581.000</ele>
      </trkpt>
      <trkpt lat="42.502730000" lon="-3.037700000">
        <ele>581.000</ele>
      </trkpt>
      <trkpt lat="42.502770000" lon="-3.037840000">
        <ele>581.000</ele>
      </trkpt>
      <trkpt lat="42.502880000" lon="-3.038310000">
        <ele>581.000</ele>
      </trkpt>
      <trkpt lat="42.502970000" lon="-3.038650000">
        <ele>581.000</ele>
      </trkpt>
      <trkpt lat="42.503010000" lon="-3.038820000">
        <ele>582.000</ele>
      </trkpt>
      <trkpt lat="42.503040000" lon="-3.038930000">
        <ele>582.000</ele>
      </trkpt>
      <trkpt lat="42.503070000" lon="-3.039140000">
        <ele>582.000</ele>
      </trkpt>
      <trkpt lat="42.503090000" lon="-3.039370000">
        <ele>582.000</ele>
      </trkpt>
      <trkpt lat="42.503110000" lon="-3.039640000">
        <ele>582.000</ele>
      </trkpt>
      <trkpt lat="42.503100000" lon="-3.039840000">
        <ele>582.000</ele>
      </trkpt>
      <trkpt lat="42.503090000" lon="-3.040010000">
        <ele>583.000</ele>
      </trkpt>
      <trkpt lat="42.503080000" lon="-3.040320000">
        <ele>583.000</ele>
      </trkpt>
      <trkpt lat="42.503040000" lon="-3.040740000">
        <ele>583.000</ele>
      </trkpt>
      <trkpt lat="42.503000000" lon="-3.041140000">
        <ele>583.000</ele>
      </trkpt>
      <trkpt lat="42.503000000" lon="-3.041170000">
        <ele>583.000</ele>
      </trkpt>
      <trkpt lat="42.502930000" lon="-3.041720000">
        <ele>583.000</ele>
      </trkpt>
      <trkpt lat="42.502880000" lon="-3.042210000">
        <ele>583.000</ele>
      </trkpt>
      <trkpt lat="42.502860000" lon="-3.042380000">
        <ele>583.000</ele>
      </trkpt>
      <trkpt lat="42.502820000" lon="-3.042790000">
        <ele>583.000</ele>
      </trkpt>
      <trkpt lat="42.502810000" lon="-3.042910000">
        <ele>584.000</ele>
      </trkpt>
      <trkpt lat="42.502710000" lon="-3.043870000">
        <ele>584.000</ele>
      </trkpt>
      <trkpt lat="42.502580000" lon="-3.044720000">
        <ele>584.000</ele>
      </trkpt>
      <trkpt lat="42.502490000" lon="-3.045270000">
        <ele>585.000</ele>
      </trkpt>
      <trkpt lat="42.502430000" lon="-3.045510000">
        <ele>585.000</ele>
      </trkpt>
      <trkpt lat="42.502330000" lon="-3.045980000">
        <ele>586.000</ele>
      </trkpt>
      <trkpt lat="42.502290000" lon="-3.046180000">
        <ele>586.000</ele>
      </trkpt>
      <trkpt lat="42.502230000" lon="-3.046420000">
        <ele>587.000</ele>
      </trkpt>
      <trkpt lat="42.502210000" lon="-3.046510000">
        <ele>587.000</ele>
      </trkpt>
      <trkpt lat="42.502130000" lon="-3.046810000">
        <ele>588.000</ele>
      </trkpt>
      <trkpt lat="42.502060000" lon="-3.047020000">
        <ele>588.000</ele>
      </trkpt>
      <trkpt lat="42.502040000" lon="-3.047110000">
        <ele>589.000</ele>
      </trkpt>
      <trkpt lat="42.501950000" lon="-3.047500000">
        <ele>589.000</ele>
      </trkpt>
      <trkpt lat="42.501870000" lon="-3.047780000">
        <ele>589.000</ele>
      </trkpt>
      <trkpt lat="42.501850000" lon="-3.047840000">
        <ele>590.000</ele>
      </trkpt>
      <trkpt lat="42.501680000" lon="-3.048300000">
        <ele>590.000</ele>
      </trkpt>
      <trkpt lat="42.501460000" lon="-3.048890000">
        <ele>590.000</ele>
      </trkpt>
      <trkpt lat="42.501210000" lon="-3.049650000">
        <ele>591.000</ele>
      </trkpt>
      <trkpt lat="42.501170000" lon="-3.049790000">
        <ele>591.000</ele>
      </trkpt>
      <trkpt lat="42.501040000" lon="-3.050340000">
        <ele>591.000</ele>
      </trkpt>
      <trkpt lat="42.500860000" lon="-3.051110000">
        <ele>592.000</ele>
      </trkpt>
      <trkpt lat="42.500820000" lon="-3.051270000">
        <ele>592.000</ele>
      </trkpt>
      <trkpt lat="42.500810000" lon="-3.051300000">
        <ele>592.000</ele>
      </trkpt>
      <trkpt lat="42.500760000" lon="-3.051490000">
        <ele>592.000</ele>
      </trkpt>
      <trkpt lat="42.500630000" lon="-3.052050000">
        <ele>592.000</ele>
      </trkpt>
      <trkpt lat="42.500600000" lon="-3.052160000">
        <ele>592.000</ele>
      </trkpt>
      <trkpt lat="42.500510000" lon="-3.052440000">
        <ele>592.000</ele>
      </trkpt>
      <trkpt lat="42.500510000" lon="-3.052450000">
        <ele>593.000</ele>
      </trkpt>
      <trkpt lat="42.500410000" lon="-3.052730000">
        <ele>593.000</ele>
      </trkpt>
      <trkpt lat="42.500340000" lon="-3.052900000">
        <ele>593.000</ele>
      </trkpt>
      <trkpt lat="42.500280000" lon="-3.053020000">
        <ele>593.000</ele>
      </trkpt>
      <trkpt lat="42.500230000" lon="-3.053140000">
        <ele>593.000</ele>
      </trkpt>
      <trkpt lat="42.500130000" lon="-3.053330000">
        <ele>593.000</ele>
      </trkpt>
      <trkpt lat="42.500020000" lon="-3.053520000">
        <ele>593.000</ele>
      </trkpt>
      <trkpt lat="42.500010000" lon="-3.053550000">
        <ele>593.000</ele>
      </trkpt>
      <trkpt lat="42.499930000" lon="-3.053670000">
        <ele>593.000</ele>
      </trkpt>
      <trkpt lat="42.499850000" lon="-3.053830000">
        <ele>593.000</ele>
      </trkpt>
      <trkpt lat="42.499760000" lon="-3.054000000">
        <ele>593.000</ele>
      </trkpt>
      <trkpt lat="42.499670000" lon="-3.054160000">
        <ele>593.000</ele>
      </trkpt>
      <trkpt lat="42.499580000" lon="-3.054330000">
        <ele>593.000</ele>
      </trkpt>
      <trkpt lat="42.499560000" lon="-3.054390000">
        <ele>593.000</ele>
      </trkpt>
      <trkpt lat="42.499550000" lon="-3.054400000">
        <ele>594.000</ele>
      </trkpt>
      <trkpt lat="42.499500000" lon="-3.054500000">
        <ele>594.000</ele>
      </trkpt>
      <trkpt lat="42.499450000" lon="-3.054640000">
        <ele>594.000</ele>
      </trkpt>
      <trkpt lat="42.499260000" lon="-3.055170000">
        <ele>594.000</ele>
      </trkpt>
      <trkpt lat="42.499250000" lon="-3.055180000">
        <ele>594.000</ele>
      </trkpt>
      <trkpt lat="42.499170000" lon="-3.055440000">
        <ele>594.000</ele>
      </trkpt>
      <trkpt lat="42.499120000" lon="-3.055570000">
        <ele>594.000</ele>
      </trkpt>
      <trkpt lat="42.499080000" lon="-3.055730000">
        <ele>594.000</ele>
      </trkpt>
      <trkpt lat="42.499030000" lon="-3.055880000">
        <ele>594.000</ele>
      </trkpt>
      <trkpt lat="42.498990000" lon="-3.056050000">
        <ele>594.000</ele>
      </trkpt>
      <trkpt lat="42.498950000" lon="-3.056190000">
        <ele>594.000</ele>
      </trkpt>
      <trkpt lat="42.498830000" lon="-3.056580000">
        <ele>594.000</ele>
      </trkpt>
      <trkpt lat="42.498650000" lon="-3.057070000">
        <ele>595.000</ele>
      </trkpt>
      <trkpt lat="42.498570000" lon="-3.057290000">
        <ele>595.000</ele>
      </trkpt>
      <trkpt lat="42.498390000" lon="-3.057700000">
        <ele>595.000</ele>
      </trkpt>
      <trkpt lat="42.498250000" lon="-3.058020000">
        <ele>595.000</ele>
      </trkpt>
      <trkpt lat="42.498080000" lon="-3.058360000">
        <ele>596.000</ele>
      </trkpt>
      <trkpt lat="42.497900000" lon="-3.058750000">
        <ele>596.000</ele>
      </trkpt>
      <trkpt lat="42.497610000" lon="-3.059370000">
        <ele>596.000</ele>
      </trkpt>
      <trkpt lat="42.497510000" lon="-3.059590000">
        <ele>597.000</ele>
      </trkpt>
      <trkpt lat="42.497340000" lon="-3.060010000">
        <ele>597.000</ele>
      </trkpt>
      <trkpt lat="42.497270000" lon="-3.060230000">
        <ele>597.000</ele>
      </trkpt>
      <trkpt lat="42.497250000" lon="-3.060290000">
        <ele>597.000</ele>
      </trkpt>
      <trkpt lat="42.497200000" lon="-3.060450000">
        <ele>598.000</ele>
      </trkpt>
      <trkpt lat="42.497130000" lon="-3.060660000">
        <ele>598.000</ele>
      </trkpt>
      <trkpt lat="42.497070000" lon="-3.060850000">
        <ele>598.000</ele>
      </trkpt>
      <trkpt lat="42.497000000" lon="-3.061130000">
        <ele>598.000</ele>
      </trkpt>
      <trkpt lat="42.496940000" lon="-3.061370000">
        <ele>598.000</ele>
      </trkpt>
      <trkpt lat="42.496880000" lon="-3.061710000">
        <ele>599.000</ele>
      </trkpt>
      <trkpt lat="42.496830000" lon="-3.062020000">
        <ele>599.000</ele>
      </trkpt>
      <trkpt lat="42.496790000" lon="-3.062340000">
        <ele>599.000</ele>
      </trkpt>
      <trkpt lat="42.496770000" lon="-3.062560000">
        <ele>599.000</ele>
      </trkpt>
      <trkpt lat="42.496710000" lon="-3.063360000">
        <ele>599.000</ele>
      </trkpt>
      <trkpt lat="42.496660000" lon="-3.064040000">
        <ele>600.000</ele>
      </trkpt>
      <trkpt lat="42.496640000" lon="-3.064260000">
        <ele>600.000</ele>
      </trkpt>
      <trkpt lat="42.496620000" lon="-3.064540000">
        <ele>600.000</ele>
      </trkpt>
      <trkpt lat="42.496570000" lon="-3.065230000">
        <ele>601.000</ele>
      </trkpt>
      <trkpt lat="42.496500000" lon="-3.066100000">
        <ele>601.000</ele>
      </trkpt>
      <trkpt lat="42.496430000" lon="-3.066670000">
        <ele>602.000</ele>
      </trkpt>
      <trkpt lat="42.496410000" lon="-3.066790000">
        <ele>602.000</ele>
      </trkpt>
      <trkpt lat="42.496360000" lon="-3.067120000">
        <ele>602.000</ele>
      </trkpt>
      <trkpt lat="42.496240000" lon="-3.067700000">
        <ele>603.000</ele>
      </trkpt>
      <trkpt lat="42.496190000" lon="-3.067900000">
        <ele>603.000</ele>
      </trkpt>
      <trkpt lat="42.496140000" lon="-3.068090000">
        <ele>603.000</ele>
      </trkpt>
      <trkpt lat="42.496090000" lon="-3.068250000">
        <ele>603.000</ele>
      </trkpt>
      <trkpt lat="42.495910000" lon="-3.068730000">
        <ele>604.000</ele>
      </trkpt>
      <trkpt lat="42.495900000" lon="-3.068740000">
        <ele>604.000</ele>
      </trkpt>
      <trkpt lat="42.495840000" lon="-3.068910000">
        <ele>604.000</ele>
      </trkpt>
      <trkpt lat="42.495800000" lon="-3.069020000">
        <ele>604.000</ele>
      </trkpt>
      <trkpt lat="42.495590000" lon="-3.069450000">
        <ele>604.000</ele>
      </trkpt>
      <trkpt lat="42.495310000" lon="-3.069990000">
        <ele>604.000</ele>
      </trkpt>
      <trkpt lat="42.495170000" lon="-3.070240000">
        <ele>604.000</ele>
      </trkpt>
      <trkpt lat="42.495050000" lon="-3.070460000">
        <ele>604.000</ele>
      </trkpt>
      <trkpt lat="42.495040000" lon="-3.070490000">
        <ele>603.000</ele>
      </trkpt>
      <trkpt lat="42.494950000" lon="-3.070660000">
        <ele>603.000</ele>
      </trkpt>
      <trkpt lat="42.494930000" lon="-3.070690000">
        <ele>603.000</ele>
      </trkpt>
      <trkpt lat="42.494870000" lon="-3.070830000">
        <ele>603.000</ele>
      </trkpt>
      <trkpt lat="42.494760000" lon="-3.071050000">
        <ele>603.000</ele>
      </trkpt>
      <trkpt lat="42.494630000" lon="-3.071380000">
        <ele>603.000</ele>
      </trkpt>
      <trkpt lat="42.494500000" lon="-3.071700000">
        <ele>603.000</ele>
      </trkpt>
      <trkpt lat="42.494380000" lon="-3.072010000">
        <ele>604.000</ele>
      </trkpt>
      <trkpt lat="42.494360000" lon="-3.072030000">
        <ele>604.000</ele>
      </trkpt>
      <trkpt lat="42.494250000" lon="-3.072260000">
        <ele>605.000</ele>
      </trkpt>
      <trkpt lat="42.494210000" lon="-3.072360000">
        <ele>605.000</ele>
      </trkpt>
      <trkpt lat="42.494130000" lon="-3.072490000">
        <ele>606.000</ele>
      </trkpt>
      <trkpt lat="42.494030000" lon="-3.072650000">
        <ele>606.000</ele>
      </trkpt>
      <trkpt lat="42.493810000" lon="-3.072960000">
        <ele>607.000</ele>
      </trkpt>
      <trkpt lat="42.493670000" lon="-3.073140000">
        <ele>607.000</ele>
      </trkpt>
      <trkpt lat="42.493560000" lon="-3.073300000">
        <ele>608.000</ele>
      </trkpt>
      <trkpt lat="42.493530000" lon="-3.073370000">
        <ele>608.000</ele>
      </trkpt>
      <trkpt lat="42.493440000" lon="-3.073640000">
        <ele>608.000</ele>
      </trkpt>
      <trkpt lat="42.493400000" lon="-3.073800000">
        <ele>608.000</ele>
      </trkpt>
      <trkpt lat="42.493360000" lon="-3.074000000">
        <ele>609.000</ele>
      </trkpt>
      <trkpt lat="42.493320000" lon="-3.074310000">
        <ele>609.000</ele>
      </trkpt>
      <trkpt lat="42.493240000" lon="-3.075080000">
        <ele>609.000</ele>
      </trkpt>
      <trkpt lat="42.493230000" lon="-3.075330000">
        <ele>609.000</ele>
      </trkpt>
      <trkpt lat="42.493200000" lon="-3.075590000">
        <ele>609.000</ele>
      </trkpt>
      <trkpt lat="42.493180000" lon="-3.075780000">
        <ele>609.000</ele>
      </trkpt>
      <trkpt lat="42.493160000" lon="-3.075970000">
        <ele>609.000</ele>
      </trkpt>
      <trkpt lat="42.493110000" lon="-3.076330000">
        <ele>610.000</ele>
      </trkpt>
      <trkpt lat="42.493070000" lon="-3.076560000">
        <ele>610.000</ele>
      </trkpt>
      <trkpt lat="42.493040000" lon="-3.076710000">
        <ele>610.000</ele>
      </trkpt>
      <trkpt lat="42.493010000" lon="-3.076830000">
        <ele>610.000</ele>
      </trkpt>
      <trkpt lat="42.492930000" lon="-3.077070000">
        <ele>610.000</ele>
      </trkpt>
      <trkpt lat="42.492870000" lon="-3.077280000">
        <ele>610.000</ele>
      </trkpt>
      <trkpt lat="42.492790000" lon="-3.077510000">
        <ele>611.000</ele>
      </trkpt>
      <trkpt lat="42.492680000" lon="-3.077790000">
        <ele>611.000</ele>
      </trkpt>
      <trkpt lat="42.492550000" lon="-3.078130000">
        <ele>611.000</ele>
      </trkpt>
      <trkpt lat="42.492510000" lon="-3.078250000">
        <ele>611.000</ele>
      </trkpt>
      <trkpt lat="42.492450000" lon="-3.078410000">
        <ele>611.000</ele>
      </trkpt>
      <trkpt lat="42.492310000" lon="-3.078750000">
        <ele>612.000</ele>
      </trkpt>
      <trkpt lat="42.492190000" lon="-3.079080000">
        <ele>612.000</ele>
      </trkpt>
      <trkpt lat="42.492170000" lon="-3.079140000">
        <ele>612.000</ele>
      </trkpt>
      <trkpt lat="42.492150000" lon="-3.079180000">
        <ele>612.000</ele>
      </trkpt>
      <trkpt lat="42.492000000" lon="-3.079590000">
        <ele>612.000</ele>
      </trkpt>
      <trkpt lat="42.491980000" lon="-3.079630000">
        <ele>612.000</ele>
      </trkpt>
      <trkpt lat="42.491820000" lon="-3.080060000">
        <ele>613.000</ele>
      </trkpt>
      <trkpt lat="42.491790000" lon="-3.080130000">
        <ele>613.000</ele>
      </trkpt>
      <trkpt lat="42.491590000" lon="-3.080650000">
        <ele>613.000</ele>
      </trkpt>
      <trkpt lat="42.491450000" lon="-3.081020000">
        <ele>613.000</ele>
      </trkpt>
      <trkpt lat="42.491190000" lon="-3.081780000">
        <ele>614.000</ele>
      </trkpt>
      <trkpt lat="42.491050000" lon="-3.082220000">
        <ele>615.000</ele>
      </trkpt>
      <trkpt lat="42.490730000" lon="-3.083330000">
        <ele>616.000</ele>
      </trkpt>
      <trkpt lat="42.490600000" lon="-3.083810000">
        <ele>616.000</ele>
      </trkpt>
      <trkpt lat="42.490380000" lon="-3.084610000">
        <ele>617.000</ele>
      </trkpt>
      <trkpt lat="42.490220000" lon="-3.085190000">
        <ele>618.000</ele>
      </trkpt>
      <trkpt lat="42.490210000" lon="-3.085220000">
        <ele>618.000</ele>
      </trkpt>
      <trkpt lat="42.490160000" lon="-3.085410000">
        <ele>619.000</ele>
      </trkpt>
      <trkpt lat="42.490150000" lon="-3.085450000">
        <ele>619.000</ele>
      </trkpt>
      <trkpt lat="42.490080000" lon="-3.085640000">
        <ele>619.000</ele>
      </trkpt>
      <trkpt lat="42.490080000" lon="-3.085660000">
        <ele>619.000</ele>
      </trkpt>
      <trkpt lat="42.490040000" lon="-3.085750000">
        <ele>619.000</ele>
      </trkpt>
      <trkpt lat="42.490000000" lon="-3.085840000">
        <ele>619.000</ele>
      </trkpt>
      <trkpt lat="42.490000000" lon="-3.085850000">
        <ele>619.000</ele>
      </trkpt>
      <trkpt lat="42.489980000" lon="-3.085880000">
        <ele>619.000</ele>
      </trkpt>
      <trkpt lat="42.489960000" lon="-3.085940000">
        <ele>619.000</ele>
      </trkpt>
      <trkpt lat="42.489840000" lon="-3.086180000">
        <ele>619.000</ele>
      </trkpt>
      <trkpt lat="42.489730000" lon="-3.086370000">
        <ele>619.000</ele>
      </trkpt>
      <trkpt lat="42.489600000" lon="-3.086580000">
        <ele>619.000</ele>
      </trkpt>
      <trkpt lat="42.489570000" lon="-3.086640000">
        <ele>619.000</ele>
      </trkpt>
      <trkpt lat="42.489530000" lon="-3.086730000">
        <ele>619.000</ele>
      </trkpt>
      <trkpt lat="42.489490000" lon="-3.086810000">
        <ele>619.000</ele>
      </trkpt>
      <trkpt lat="42.489480000" lon="-3.086850000">
        <ele>619.000</ele>
      </trkpt>
      <trkpt lat="42.489470000" lon="-3.086880000">
        <ele>619.000</ele>
      </trkpt>
      <trkpt lat="42.489470000" lon="-3.086890000">
        <ele>619.000</ele>
      </trkpt>
      <trkpt lat="42.489410000" lon="-3.087070000">
        <ele>618.000</ele>
      </trkpt>
      <trkpt lat="42.489380000" lon="-3.087180000">
        <ele>618.000</ele>
      </trkpt>
      <trkpt lat="42.489300000" lon="-3.087500000">
        <ele>618.000</ele>
      </trkpt>
      <trkpt lat="42.489290000" lon="-3.087530000">
        <ele>618.000</ele>
      </trkpt>
      <trkpt lat="42.489280000" lon="-3.087560000">
        <ele>618.000</ele>
      </trkpt>
      <trkpt lat="42.489240000" lon="-3.087710000">
        <ele>618.000</ele>
      </trkpt>
      <trkpt lat="42.489120000" lon="-3.088160000">
        <ele>618.000</ele>
      </trkpt>
      <trkpt lat="42.489100000" lon="-3.088220000">
        <ele>618.000</ele>
      </trkpt>
      <trkpt lat="42.489090000" lon="-3.088250000">
        <ele>618.000</ele>
      </trkpt>
      <trkpt lat="42.488940000" lon="-3.088810000">
        <ele>618.000</ele>
      </trkpt>
      <trkpt lat="42.488890000" lon="-3.089040000">
        <ele>619.000</ele>
      </trkpt>
      <trkpt lat="42.488850000" lon="-3.089180000">
        <ele>619.000</ele>
      </trkpt>
      <trkpt lat="42.488820000" lon="-3.089360000">
        <ele>619.000</ele>
      </trkpt>
      <trkpt lat="42.488810000" lon="-3.089370000">
        <ele>620.000</ele>
      </trkpt>
      <trkpt lat="42.488810000" lon="-3.089400000">
        <ele>620.000</ele>
      </trkpt>
      <trkpt lat="42.488780000" lon="-3.089560000">
        <ele>620.000</ele>
      </trkpt>
      <trkpt lat="42.488750000" lon="-3.089730000">
        <ele>620.000</ele>
      </trkpt>
      <trkpt lat="42.488720000" lon="-3.089980000">
        <ele>621.000</ele>
      </trkpt>
      <trkpt lat="42.488710000" lon="-3.090130000">
        <ele>621.000</ele>
      </trkpt>
      <trkpt lat="42.488520000" lon="-3.092030000">
        <ele>622.000</ele>
      </trkpt>
      <trkpt lat="42.488450000" lon="-3.092790000">
        <ele>624.000</ele>
      </trkpt>
      <trkpt lat="42.488430000" lon="-3.093040000">
        <ele>625.000</ele>
      </trkpt>
      <trkpt lat="42.488370000" lon="-3.093650000">
        <ele>626.000</ele>
      </trkpt>
      <trkpt lat="42.488350000" lon="-3.093850000">
        <ele>626.000</ele>
      </trkpt>
      <trkpt lat="42.488340000" lon="-3.094070000">
        <ele>627.000</ele>
      </trkpt>
      <trkpt lat="42.488270000" lon="-3.094620000">
        <ele>627.000</ele>
      </trkpt>
      <trkpt lat="42.488260000" lon="-3.094880000">
        <ele>628.000</ele>
      </trkpt>
      <trkpt lat="42.488260000" lon="-3.095160000">
        <ele>628.000</ele>
      </trkpt>
      <trkpt lat="42.488260000" lon="-3.095680000">
        <ele>629.000</ele>
      </trkpt>
      <trkpt lat="42.488300000" lon="-3.096540000">
        <ele>630.000</ele>
      </trkpt>
      <trkpt lat="42.488310000" lon="-3.096660000">
        <ele>630.000</ele>
      </trkpt>
      <trkpt lat="42.488320000" lon="-3.096900000">
        <ele>631.000</ele>
      </trkpt>
      <trkpt lat="42.488340000" lon="-3.097300000">
        <ele>631.000</ele>
      </trkpt>
      <trkpt lat="42.488360000" lon="-3.097940000">
        <ele>632.000</ele>
      </trkpt>
      <trkpt lat="42.488360000" lon="-3.098180000">
        <ele>633.000</ele>
      </trkpt>
      <trkpt lat="42.488330000" lon="-3.098590000">
        <ele>633.000</ele>
      </trkpt>
      <trkpt lat="42.488210000" lon="-3.099360000">
        <ele>634.000</ele>
      </trkpt>
      <trkpt lat="42.488080000" lon="-3.099980000">
        <ele>635.000</ele>
      </trkpt>
      <trkpt lat="42.487960000" lon="-3.100490000">
        <ele>636.000</ele>
      </trkpt>
      <trkpt lat="42.487860000" lon="-3.100960000">
        <ele>636.000</ele>
      </trkpt>
      <trkpt lat="42.487830000" lon="-3.101050000">
        <ele>637.000</ele>
      </trkpt>
      <trkpt lat="42.487800000" lon="-3.101190000">
        <ele>637.000</ele>
      </trkpt>
      <trkpt lat="42.487370000" lon="-3.102710000">
        <ele>638.000</ele>
      </trkpt>
      <trkpt lat="42.487020000" lon="-3.103990000">
        <ele>639.000</ele>
      </trkpt>
      <trkpt lat="42.487000000" lon="-3.104080000">
        <ele>639.000</ele>
      </trkpt>
      <trkpt lat="42.486940000" lon="-3.104310000">
        <ele>639.000</ele>
      </trkpt>
      <trkpt lat="42.486450000" lon="-3.106150000">
        <ele>640.000</ele>
      </trkpt>
      <trkpt lat="42.486360000" lon="-3.106470000">
        <ele>640.000</ele>
      </trkpt>
      <trkpt lat="42.486140000" lon="-3.107290000">
        <ele>641.000</ele>
      </trkpt>
      <trkpt lat="42.486010000" lon="-3.107750000">
        <ele>641.000</ele>
      </trkpt>
      <trkpt lat="42.485890000" lon="-3.108210000">
        <ele>641.000</ele>
      </trkpt>
      <trkpt lat="42.485790000" lon="-3.108560000">
        <ele>642.000</ele>
      </trkpt>
      <trkpt lat="42.485780000" lon="-3.108590000">
        <ele>642.000</ele>
      </trkpt>
      <trkpt lat="42.485750000" lon="-3.108710000">
        <ele>642.000</ele>
      </trkpt>
      <trkpt lat="42.485670000" lon="-3.109020000">
        <ele>642.000</ele>
      </trkpt>
      <trkpt lat="42.485490000" lon="-3.109710000">
        <ele>643.000</ele>
      </trkpt>
      <trkpt lat="42.485440000" lon="-3.109910000">
        <ele>643.000</ele>
      </trkpt>
      <trkpt lat="42.485370000" lon="-3.110170000">
        <ele>643.000</ele>
      </trkpt>
      <trkpt lat="42.485190000" lon="-3.110860000">
        <ele>644.000</ele>
      </trkpt>
      <trkpt lat="42.485020000" lon="-3.111560000">
        <ele>644.000</ele>
      </trkpt>
      <trkpt lat="42.484970000" lon="-3.111740000">
        <ele>645.000</ele>
      </trkpt>
      <trkpt lat="42.484960000" lon="-3.111780000">
        <ele>645.000</ele>
      </trkpt>
      <trkpt lat="42.484900000" lon="-3.111990000">
        <ele>645.000</ele>
      </trkpt>
      <trkpt lat="42.484890000" lon="-3.112010000">
        <ele>645.000</ele>
      </trkpt>
      <trkpt lat="42.484390000" lon="-3.113840000">
        <ele>646.000</ele>
      </trkpt>
      <trkpt lat="42.484320000" lon="-3.114070000">
        <ele>647.000</ele>
      </trkpt>
      <trkpt lat="42.484010000" lon="-3.115210000">
        <ele>648.000</ele>
      </trkpt>
      <trkpt lat="42.483950000" lon="-3.115440000">
        <ele>649.000</ele>
      </trkpt>
      <trkpt lat="42.483890000" lon="-3.115650000">
        <ele>650.000</ele>
      </trkpt>
      <trkpt lat="42.483450000" lon="-3.117170000">
        <ele>651.000</ele>
      </trkpt>
      <trkpt lat="42.483430000" lon="-3.117260000">
        <ele>652.000</ele>
      </trkpt>
      <trkpt lat="42.483200000" lon="-3.118190000">
        <ele>653.000</ele>
      </trkpt>
      <trkpt lat="42.483150000" lon="-3.118420000">
        <ele>654.000</ele>
      </trkpt>
      <trkpt lat="42.483060000" lon="-3.118780000">
        <ele>655.000</ele>
      </trkpt>
      <trkpt lat="42.482990000" lon="-3.119010000">
        <ele>655.000</ele>
      </trkpt>
      <trkpt lat="42.482620000" lon="-3.120240000">
        <ele>656.000</ele>
      </trkpt>
      <trkpt lat="42.482590000" lon="-3.120340000">
        <ele>657.000</ele>
      </trkpt>
      <trkpt lat="42.482560000" lon="-3.120460000">
        <ele>657.000</ele>
      </trkpt>
      <trkpt lat="42.482500000" lon="-3.120690000">
        <ele>657.000</ele>
      </trkpt>
      <trkpt lat="42.482290000" lon="-3.121470000">
        <ele>658.000</ele>
      </trkpt>
      <trkpt lat="42.482250000" lon="-3.121610000">
        <ele>658.000</ele>
      </trkpt>
      <trkpt lat="42.482190000" lon="-3.121840000">
        <ele>659.000</ele>
      </trkpt>
      <trkpt lat="42.482020000" lon="-3.122530000">
        <ele>659.000</ele>
      </trkpt>
      <trkpt lat="42.481960000" lon="-3.122760000">
        <ele>660.000</ele>
      </trkpt>
      <trkpt lat="42.481820000" lon="-3.123300000">
        <ele>660.000</ele>
      </trkpt>
      <trkpt lat="42.481770000" lon="-3.123510000">
        <ele>660.000</ele>
      </trkpt>
      <trkpt lat="42.481420000" lon="-3.124730000">
        <ele>661.000</ele>
      </trkpt>
      <trkpt lat="42.481310000" lon="-3.125040000">
        <ele>662.000</ele>
      </trkpt>
      <trkpt lat="42.481310000" lon="-3.125060000">
        <ele>662.000</ele>
      </trkpt>
      <trkpt lat="42.481230000" lon="-3.125250000">
        <ele>662.000</ele>
      </trkpt>
      <trkpt lat="42.481200000" lon="-3.125330000">
        <ele>663.000</ele>
      </trkpt>
      <trkpt lat="42.481130000" lon="-3.125460000">
        <ele>663.000</ele>
      </trkpt>
      <trkpt lat="42.481130000" lon="-3.125480000">
        <ele>663.000</ele>
      </trkpt>
      <trkpt lat="42.481050000" lon="-3.125610000">
        <ele>663.000</ele>
      </trkpt>
      <trkpt lat="42.480890000" lon="-3.125900000">
        <ele>664.000</ele>
      </trkpt>
      <trkpt lat="42.480640000" lon="-3.126340000">
        <ele>664.000</ele>
      </trkpt>
      <trkpt lat="42.480170000" lon="-3.127030000">
        <ele>665.000</ele>
      </trkpt>
      <trkpt lat="42.480170000" lon="-3.127040000">
        <ele>666.000</ele>
      </trkpt>
      <trkpt lat="42.479990000" lon="-3.127300000">
        <ele>666.000</ele>
      </trkpt>
      <trkpt lat="42.479860000" lon="-3.127490000">
        <ele>667.000</ele>
      </trkpt>
      <trkpt lat="42.479820000" lon="-3.127560000">
        <ele>667.000</ele>
      </trkpt>
      <trkpt lat="42.479720000" lon="-3.127720000">
        <ele>667.000</ele>
      </trkpt>
      <trkpt lat="42.479230000" lon="-3.128440000">
        <ele>666.000</ele>
      </trkpt>
      <trkpt lat="42.479200000" lon="-3.128480000">
        <ele>666.000</ele>
      </trkpt>
      <trkpt lat="42.479110000" lon="-3.128620000">
        <ele>666.000</ele>
      </trkpt>
      <trkpt lat="42.479100000" lon="-3.128640000">
        <ele>666.000</ele>
      </trkpt>
      <trkpt lat="42.479060000" lon="-3.128690000">
        <ele>666.000</ele>
      </trkpt>
      <trkpt lat="42.479020000" lon="-3.128760000">
        <ele>666.000</ele>
      </trkpt>
      <trkpt lat="42.479010000" lon="-3.128780000">
        <ele>666.000</ele>
      </trkpt>
      <trkpt lat="42.478990000" lon="-3.128810000">
        <ele>666.000</ele>
      </trkpt>
      <trkpt lat="42.478940000" lon="-3.128900000">
        <ele>666.000</ele>
      </trkpt>
      <trkpt lat="42.478860000" lon="-3.129020000">
        <ele>666.000</ele>
      </trkpt>
      <trkpt lat="42.478750000" lon="-3.129160000">
        <ele>666.000</ele>
      </trkpt>
      <trkpt lat="42.478620000" lon="-3.129330000">
        <ele>666.000</ele>
      </trkpt>
      <trkpt lat="42.478560000" lon="-3.129420000">
        <ele>667.000</ele>
      </trkpt>
      <trkpt lat="42.478500000" lon="-3.129510000">
        <ele>667.000</ele>
      </trkpt>
      <trkpt lat="42.478480000" lon="-3.129540000">
        <ele>667.000</ele>
      </trkpt>
      <trkpt lat="42.478460000" lon="-3.129580000">
        <ele>668.000</ele>
      </trkpt>
      <trkpt lat="42.478390000" lon="-3.129680000">
        <ele>668.000</ele>
      </trkpt>
      <trkpt lat="42.478230000" lon="-3.129940000">
        <ele>668.000</ele>
      </trkpt>
      <trkpt lat="42.478150000" lon="-3.130070000">
        <ele>669.000</ele>
      </trkpt>
      <trkpt lat="42.478020000" lon="-3.130240000">
        <ele>669.000</ele>
      </trkpt>
      <trkpt lat="42.477890000" lon="-3.130410000">
        <ele>670.000</ele>
      </trkpt>
      <trkpt lat="42.477850000" lon="-3.130470000">
        <ele>670.000</ele>
      </trkpt>
      <trkpt lat="42.477620000" lon="-3.130810000">
        <ele>671.000</ele>
      </trkpt>
      <trkpt lat="42.477260000" lon="-3.131350000">
        <ele>671.000</ele>
      </trkpt>
      <trkpt lat="42.477240000" lon="-3.131380000">
        <ele>672.000</ele>
      </trkpt>
      <trkpt lat="42.476880000" lon="-3.131910000">
        <ele>672.000</ele>
      </trkpt>
      <trkpt lat="42.476760000" lon="-3.132090000">
        <ele>672.000</ele>
      </trkpt>
      <trkpt lat="42.476680000" lon="-3.132210000">
        <ele>672.000</ele>
      </trkpt>
      <trkpt lat="42.476310000" lon="-3.132760000">
        <ele>672.000</ele>
      </trkpt>
      <trkpt lat="42.476250000" lon="-3.132860000">
        <ele>672.000</ele>
      </trkpt>
      <trkpt lat="42.475910000" lon="-3.133350000">
        <ele>672.000</ele>
      </trkpt>
      <trkpt lat="42.475830000" lon="-3.133460000">
        <ele>672.000</ele>
      </trkpt>
      <trkpt lat="42.475790000" lon="-3.133530000">
        <ele>672.000</ele>
      </trkpt>
      <trkpt lat="42.475700000" lon="-3.133650000">
        <ele>672.000</ele>
      </trkpt>
      <trkpt lat="42.475470000" lon="-3.134000000">
        <ele>672.000</ele>
      </trkpt>
      <trkpt lat="42.474810000" lon="-3.134960000">
        <ele>673.000</ele>
      </trkpt>
      <trkpt lat="42.474730000" lon="-3.135090000">
        <ele>673.000</ele>
      </trkpt>
      <trkpt lat="42.474690000" lon="-3.135140000">
        <ele>673.000</ele>
      </trkpt>
      <trkpt lat="42.473990000" lon="-3.136170000">
        <ele>674.000</ele>
      </trkpt>
      <trkpt lat="42.473660000" lon="-3.136720000">
        <ele>675.000</ele>
      </trkpt>
      <trkpt lat="42.473040000" lon="-3.137620000">
        <ele>676.000</ele>
      </trkpt>
      <trkpt lat="42.472920000" lon="-3.137780000">
        <ele>677.000</ele>
      </trkpt>
      <trkpt lat="42.472880000" lon="-3.137850000">
        <ele>678.000</ele>
      </trkpt>
      <trkpt lat="42.472730000" lon="-3.138070000">
        <ele>678.000</ele>
      </trkpt>
      <trkpt lat="42.472560000" lon="-3.138320000">
        <ele>678.000</ele>
      </trkpt>
      <trkpt lat="42.472550000" lon="-3.138330000">
        <ele>678.000</ele>
      </trkpt>
      <trkpt lat="42.471630000" lon="-3.139700000">
        <ele>679.000</ele>
      </trkpt>
      <trkpt lat="42.471260000" lon="-3.140210000">
        <ele>679.000</ele>
      </trkpt>
      <trkpt lat="42.471010000" lon="-3.140560000">
        <ele>680.000</ele>
      </trkpt>
      <trkpt lat="42.470850000" lon="-3.140830000">
        <ele>681.000</ele>
      </trkpt>
      <trkpt lat="42.470730000" lon="-3.141010000">
        <ele>681.000</ele>
      </trkpt>
      <trkpt lat="42.470610000" lon="-3.141190000">
        <ele>682.000</ele>
      </trkpt>
      <trkpt lat="42.470410000" lon="-3.141470000">
        <ele>682.000</ele>
      </trkpt>
      <trkpt lat="42.470240000" lon="-3.141730000">
        <ele>683.000</ele>
      </trkpt>
      <trkpt lat="42.469190000" lon="-3.143280000">
        <ele>685.000</ele>
      </trkpt>
      <trkpt lat="42.468820000" lon="-3.143820000">
        <ele>687.000</ele>
      </trkpt>
      <trkpt lat="42.468640000" lon="-3.144100000">
        <ele>689.000</ele>
      </trkpt>
      <trkpt lat="42.468240000" lon="-3.144670000">
        <ele>690.000</ele>
      </trkpt>
      <trkpt lat="42.468010000" lon="-3.144990000">
        <ele>692.000</ele>
      </trkpt>
      <trkpt lat="42.467580000" lon="-3.145660000">
        <ele>693.000</ele>
      </trkpt>
      <trkpt lat="42.467220000" lon="-3.146190000">
        <ele>695.000</ele>
      </trkpt>
      <trkpt lat="42.467200000" lon="-3.146220000">
        <ele>696.000</ele>
      </trkpt>
      <trkpt lat="42.467080000" lon="-3.146400000">
        <ele>696.000</ele>
      </trkpt>
      <trkpt lat="42.466980000" lon="-3.146560000">
        <ele>697.000</ele>
      </trkpt>
      <trkpt lat="42.466840000" lon="-3.146760000">
        <ele>697.000</ele>
      </trkpt>
      <trkpt lat="42.466320000" lon="-3.147520000">
        <ele>698.000</ele>
      </trkpt>
      <trkpt lat="42.466110000" lon="-3.147840000">
        <ele>699.000</ele>
      </trkpt>
      <trkpt lat="42.465990000" lon="-3.148020000">
        <ele>700.000</ele>
      </trkpt>
      <trkpt lat="42.465640000" lon="-3.148570000">
        <ele>701.000</ele>
      </trkpt>
      <trkpt lat="42.465570000" lon="-3.148680000">
        <ele>701.000</ele>
      </trkpt>
      <trkpt lat="42.465270000" lon="-3.149110000">
        <ele>702.000</ele>
      </trkpt>
      <trkpt lat="42.464950000" lon="-3.149560000">
        <ele>703.000</ele>
      </trkpt>
      <trkpt lat="42.464240000" lon="-3.150630000">
        <ele>706.000</ele>
      </trkpt>
      <trkpt lat="42.464170000" lon="-3.150720000">
        <ele>707.000</ele>
      </trkpt>
      <trkpt lat="42.464050000" lon="-3.150900000">
        <ele>709.000</ele>
      </trkpt>
      <trkpt lat="42.463800000" lon="-3.151260000">
        <ele>710.000</ele>
      </trkpt>
      <trkpt lat="42.463560000" lon="-3.151620000">
        <ele>712.000</ele>
      </trkpt>
      <trkpt lat="42.462900000" lon="-3.152580000">
        <ele>713.000</ele>
      </trkpt>
      <trkpt lat="42.462710000" lon="-3.152870000">
        <ele>714.000</ele>
      </trkpt>
      <trkpt lat="42.462590000" lon="-3.153050000">
        <ele>715.000</ele>
      </trkpt>
      <trkpt lat="42.461950000" lon="-3.154030000">
        <ele>716.000</ele>
      </trkpt>
      <trkpt lat="42.461620000" lon="-3.154540000">
        <ele>717.000</ele>
      </trkpt>
      <trkpt lat="42.461390000" lon="-3.154880000">
        <ele>717.000</ele>
      </trkpt>
      <trkpt lat="42.461300000" lon="-3.155030000">
        <ele>718.000</ele>
      </trkpt>
      <trkpt lat="42.461270000" lon="-3.155060000">
        <ele>718.000</ele>
      </trkpt>
      <trkpt lat="42.460640000" lon="-3.156010000">
        <ele>719.000</ele>
      </trkpt>
      <trkpt lat="42.460550000" lon="-3.156150000">
        <ele>720.000</ele>
      </trkpt>
      <trkpt lat="42.460290000" lon="-3.156560000">
        <ele>720.000</ele>
      </trkpt>
      <trkpt lat="42.460170000" lon="-3.156760000">
        <ele>720.000</ele>
      </trkpt>
      <trkpt lat="42.459960000" lon="-3.157070000">
        <ele>721.000</ele>
      </trkpt>
      <trkpt lat="42.459840000" lon="-3.157250000">
        <ele>721.000</ele>
      </trkpt>
      <trkpt lat="42.459760000" lon="-3.157370000">
        <ele>721.000</ele>
      </trkpt>
      <trkpt lat="42.459600000" lon="-3.157610000">
        <ele>722.000</ele>
      </trkpt>
      <trkpt lat="42.459490000" lon="-3.157800000">
        <ele>722.000</ele>
      </trkpt>
      <trkpt lat="42.459430000" lon="-3.157880000">
        <ele>722.000</ele>
      </trkpt>
      <trkpt lat="42.459130000" lon="-3.158350000">
        <ele>722.000</ele>
      </trkpt>
      <trkpt lat="42.458870000" lon="-3.158710000">
        <ele>723.000</ele>
      </trkpt>
      <trkpt lat="42.458530000" lon="-3.159080000">
        <ele>723.000</ele>
      </trkpt>
      <trkpt lat="42.458260000" lon="-3.159370000">
        <ele>724.000</ele>
      </trkpt>
      <trkpt lat="42.457520000" lon="-3.160160000">
        <ele>724.000</ele>
      </trkpt>
      <trkpt lat="42.457430000" lon="-3.160250000">
        <ele>725.000</ele>
      </trkpt>
      <trkpt lat="42.457420000" lon="-3.160260000">
        <ele>725.000</ele>
      </trkpt>
      <trkpt lat="42.457170000" lon="-3.160520000">
        <ele>725.000</ele>
      </trkpt>
      <trkpt lat="42.456490000" lon="-3.161250000">
        <ele>726.000</ele>
      </trkpt>
      <trkpt lat="42.455900000" lon="-3.161870000">
        <ele>727.000</ele>
      </trkpt>
      <trkpt lat="42.455170000" lon="-3.162650000">
        <ele>728.000</ele>
      </trkpt>
      <trkpt lat="42.455110000" lon="-3.162710000">
        <ele>728.000</ele>
      </trkpt>
      <trkpt lat="42.454240000" lon="-3.163650000">
        <ele>729.000</ele>
      </trkpt>
      <trkpt lat="42.454080000" lon="-3.163820000">
        <ele>730.000</ele>
      </trkpt>
      <trkpt lat="42.454070000" lon="-3.163830000">
        <ele>730.000</ele>
      </trkpt>
      <trkpt lat="42.453730000" lon="-3.164180000">
        <ele>731.000</ele>
      </trkpt>
      <trkpt lat="42.452780000" lon="-3.165180000">
        <ele>732.000</ele>
      </trkpt>
      <trkpt lat="42.452230000" lon="-3.165770000">
        <ele>732.000</ele>
      </trkpt>
      <trkpt lat="42.451670000" lon="-3.166360000">
        <ele>733.000</ele>
      </trkpt>
      <trkpt lat="42.451560000" lon="-3.166480000">
        <ele>734.000</ele>
      </trkpt>
      <trkpt lat="42.451530000" lon="-3.166510000">
        <ele>735.000</ele>
      </trkpt>
      <trkpt lat="42.451000000" lon="-3.167070000">
        <ele>735.000</ele>
      </trkpt>
      <trkpt lat="42.450680000" lon="-3.167420000">
        <ele>736.000</ele>
      </trkpt>
      <trkpt lat="42.450560000" lon="-3.167550000">
        <ele>736.000</ele>
      </trkpt>
      <trkpt lat="42.450430000" lon="-3.167680000">
        <ele>737.000</ele>
      </trkpt>
      <trkpt lat="42.450290000" lon="-3.167830000">
        <ele>737.000</ele>
      </trkpt>
      <trkpt lat="42.449660000" lon="-3.168490000">
        <ele>738.000</ele>
      </trkpt>
      <trkpt lat="42.447920000" lon="-3.170330000">
        <ele>740.000</ele>
      </trkpt>
      <trkpt lat="42.447300000" lon="-3.170990000">
        <ele>741.000</ele>
      </trkpt>
      <trkpt lat="42.447130000" lon="-3.171160000">
        <ele>742.000</ele>
      </trkpt>
      <trkpt lat="42.446850000" lon="-3.171450000">
        <ele>743.000</ele>
      </trkpt>
      <trkpt lat="42.446280000" lon="-3.172060000">
        <ele>744.000</ele>
      </trkpt>
      <trkpt lat="42.446240000" lon="-3.172100000">
        <ele>744.000</ele>
      </trkpt>
      <trkpt lat="42.446140000" lon="-3.172210000">
        <ele>745.000</ele>
      </trkpt>
      <trkpt lat="42.445900000" lon="-3.172470000">
        <ele>745.000</ele>
      </trkpt>
      <trkpt lat="42.445620000" lon="-3.172750000">
        <ele>745.000</ele>
      </trkpt>
      <trkpt lat="42.444860000" lon="-3.173530000">
        <ele>745.000</ele>
      </trkpt>
      <trkpt lat="42.444710000" lon="-3.173680000">
        <ele>745.000</ele>
      </trkpt>
      <trkpt lat="42.444480000" lon="-3.173920000">
        <ele>746.000</ele>
      </trkpt>
      <trkpt lat="42.443990000" lon="-3.174420000">
        <ele>746.000</ele>
      </trkpt>
      <trkpt lat="42.443940000" lon="-3.174470000">
        <ele>746.000</ele>
      </trkpt>
      <trkpt lat="42.443750000" lon="-3.174660000">
        <ele>747.000</ele>
      </trkpt>
      <trkpt lat="42.443480000" lon="-3.174930000">
        <ele>747.000</ele>
      </trkpt>
      <trkpt lat="42.443130000" lon="-3.175300000">
        <ele>748.000</ele>
      </trkpt>
      <trkpt lat="42.442750000" lon="-3.175690000">
        <ele>748.000</ele>
      </trkpt>
      <trkpt lat="42.442410000" lon="-3.176030000">
        <ele>749.000</ele>
      </trkpt>
      <trkpt lat="42.442270000" lon="-3.176180000">
        <ele>749.000</ele>
      </trkpt>
      <trkpt lat="42.442260000" lon="-3.176190000">
        <ele>749.000</ele>
      </trkpt>
      <trkpt lat="42.442040000" lon="-3.176420000">
        <ele>750.000</ele>
      </trkpt>
      <trkpt lat="42.441980000" lon="-3.176470000">
        <ele>750.000</ele>
      </trkpt>
      <trkpt lat="42.441820000" lon="-3.176630000">
        <ele>750.000</ele>
      </trkpt>
      <trkpt lat="42.441720000" lon="-3.176710000">
        <ele>751.000</ele>
      </trkpt>
      <trkpt lat="42.441520000" lon="-3.176850000">
        <ele>751.000</ele>
      </trkpt>
      <trkpt lat="42.441020000" lon="-3.177210000">
        <ele>750.000</ele>
      </trkpt>
      <trkpt lat="42.440510000" lon="-3.177550000">
        <ele>749.000</ele>
      </trkpt>
      <trkpt lat="42.439930000" lon="-3.177940000">
        <ele>748.000</ele>
      </trkpt>
      <trkpt lat="42.439710000" lon="-3.178090000">
        <ele>746.000</ele>
      </trkpt>
      <trkpt lat="42.439280000" lon="-3.178380000">
        <ele>745.000</ele>
      </trkpt>
      <trkpt lat="42.439230000" lon="-3.178420000">
        <ele>744.000</ele>
      </trkpt>
      <trkpt lat="42.439080000" lon="-3.178510000">
        <ele>744.000</ele>
      </trkpt>
      <trkpt lat="42.439070000" lon="-3.178520000">
        <ele>744.000</ele>
      </trkpt>
      <trkpt lat="42.438560000" lon="-3.178870000">
        <ele>743.000</ele>
      </trkpt>
      <trkpt lat="42.438290000" lon="-3.179040000">
        <ele>743.000</ele>
      </trkpt>
      <trkpt lat="42.437930000" lon="-3.179290000">
        <ele>742.000</ele>
      </trkpt>
      <trkpt lat="42.437620000" lon="-3.179500000">
        <ele>742.000</ele>
      </trkpt>
      <trkpt lat="42.437580000" lon="-3.179520000">
        <ele>742.000</ele>
      </trkpt>
      <trkpt lat="42.437240000" lon="-3.179750000">
        <ele>742.000</ele>
      </trkpt>
      <trkpt lat="42.437030000" lon="-3.179900000">
        <ele>743.000</ele>
      </trkpt>
      <trkpt lat="42.436490000" lon="-3.180250000">
        <ele>743.000</ele>
      </trkpt>
      <trkpt lat="42.436440000" lon="-3.180280000">
        <ele>743.000</ele>
      </trkpt>
      <trkpt lat="42.436220000" lon="-3.180430000">
        <ele>744.000</ele>
      </trkpt>
      <trkpt lat="42.435490000" lon="-3.180930000">
        <ele>744.000</ele>
      </trkpt>
      <trkpt lat="42.435070000" lon="-3.181210000">
        <ele>744.000</ele>
      </trkpt>
      <trkpt lat="42.434000000" lon="-3.181930000">
        <ele>745.000</ele>
      </trkpt>
      <trkpt lat="42.433360000" lon="-3.182350000">
        <ele>745.000</ele>
      </trkpt>
      <trkpt lat="42.432840000" lon="-3.182700000">
        <ele>745.000</ele>
      </trkpt>
      <trkpt lat="42.432320000" lon="-3.183060000">
        <ele>745.000</ele>
      </trkpt>
      <trkpt lat="42.431850000" lon="-3.183380000">
        <ele>745.000</ele>
      </trkpt>
      <trkpt lat="42.431740000" lon="-3.183450000">
        <ele>745.000</ele>
      </trkpt>
      <trkpt lat="42.431370000" lon="-3.183690000">
        <ele>745.000</ele>
      </trkpt>
      <trkpt lat="42.430650000" lon="-3.184160000">
        <ele>746.000</ele>
      </trkpt>
      <trkpt lat="42.430000000" lon="-3.184610000">
        <ele>746.000</ele>
      </trkpt>
      <trkpt lat="42.429810000" lon="-3.184740000">
        <ele>747.000</ele>
      </trkpt>
      <trkpt lat="42.429430000" lon="-3.185010000">
        <ele>747.000</ele>
      </trkpt>
      <trkpt lat="42.429200000" lon="-3.185160000">
        <ele>748.000</ele>
      </trkpt>
      <trkpt lat="42.428410000" lon="-3.185680000">
        <ele>748.000</ele>
      </trkpt>
      <trkpt lat="42.428360000" lon="-3.185710000">
        <ele>749.000</ele>
      </trkpt>
      <trkpt lat="42.427870000" lon="-3.186040000">
        <ele>749.000</ele>
      </trkpt>
      <trkpt lat="42.427230000" lon="-3.186470000">
        <ele>750.000</ele>
      </trkpt>
      <trkpt lat="42.426780000" lon="-3.186770000">
        <ele>751.000</ele>
      </trkpt>
      <trkpt lat="42.426460000" lon="-3.186990000">
        <ele>752.000</ele>
      </trkpt>
      <trkpt lat="42.426310000" lon="-3.187090000">
        <ele>752.000</ele>
      </trkpt>
      <trkpt lat="42.426200000" lon="-3.187170000">
        <ele>753.000</ele>
      </trkpt>
      <trkpt lat="42.426040000" lon="-3.187270000">
        <ele>754.000</ele>
      </trkpt>
      <trkpt lat="42.425860000" lon="-3.187390000">
        <ele>754.000</ele>
      </trkpt>
      <trkpt lat="42.425640000" lon="-3.187540000">
        <ele>755.000</ele>
      </trkpt>
      <trkpt lat="42.425350000" lon="-3.187740000">
        <ele>755.000</ele>
      </trkpt>
      <trkpt lat="42.425250000" lon="-3.187800000">
        <ele>756.000</ele>
      </trkpt>
      <trkpt lat="42.425140000" lon="-3.187880000">
        <ele>757.000</ele>
      </trkpt>
      <trkpt lat="42.424960000" lon="-3.187990000">
        <ele>757.000</ele>
      </trkpt>
      <trkpt lat="42.424910000" lon="-3.188030000">
        <ele>757.000</ele>
      </trkpt>
      <trkpt lat="42.424910000" lon="-3.188030000">
        <ele>757.000</ele>
      </trkpt>
      <trkpt lat="42.424870000" lon="-3.187860000">
        <ele>757.000</ele>
      </trkpt>
      <trkpt lat="42.424870000" lon="-3.187860000">
        <ele>757.000</ele>
      </trkpt>
      <trkpt lat="42.424910000" lon="-3.188030000">
        <ele>757.000</ele>
      </trkpt>
      <trkpt lat="42.424910000" lon="-3.188030000">
        <ele>757.000</ele>
      </trkpt>
      <trkpt lat="42.424900000" lon="-3.188030000">
        <ele>757.000</ele>
      </trkpt>
      <trkpt lat="42.424600000" lon="-3.188260000">
        <ele>757.000</ele>
      </trkpt>
      <trkpt lat="42.424510000" lon="-3.188340000">
        <ele>757.000</ele>
      </trkpt>
      <trkpt lat="42.424450000" lon="-3.188410000">
        <ele>757.000</ele>
      </trkpt>
      <trkpt lat="42.424410000" lon="-3.188460000">
        <ele>757.000</ele>
      </trkpt>
      <trkpt lat="42.424390000" lon="-3.188530000">
        <ele>757.000</ele>
      </trkpt>
      <trkpt lat="42.424370000" lon="-3.188580000">
        <ele>757.000</ele>
      </trkpt>
      <trkpt lat="42.424350000" lon="-3.188690000">
        <ele>757.000</ele>
      </trkpt>
      <trkpt lat="42.424310000" lon="-3.188920000">
        <ele>757.000</ele>
      </trkpt>
      <trkpt lat="42.424290000" lon="-3.189010000">
        <ele>757.000</ele>
      </trkpt>
      <trkpt lat="42.424250000" lon="-3.189100000">
        <ele>757.000</ele>
      </trkpt>
      <trkpt lat="42.424210000" lon="-3.189180000">
        <ele>757.000</ele>
      </trkpt>
      <trkpt lat="42.424210000" lon="-3.189180000">
        <ele>757.000</ele>
      </trkpt>
      <trkpt lat="42.424140000" lon="-3.189270000">
        <ele>757.000</ele>
      </trkpt>
      <trkpt lat="42.424070000" lon="-3.189330000">
        <ele>757.000</ele>
      </trkpt>
      <trkpt lat="42.423980000" lon="-3.189390000">
        <ele>758.000</ele>
      </trkpt>
      <trkpt lat="42.423870000" lon="-3.189470000">
        <ele>758.000</ele>
      </trkpt>
      <trkpt lat="42.423810000" lon="-3.189530000">
        <ele>758.000</ele>
      </trkpt>
      <trkpt lat="42.423500000" lon="-3.189770000">
        <ele>759.000</ele>
      </trkpt>
      <trkpt lat="42.423160000" lon="-3.190040000">
        <ele>759.000</ele>
      </trkpt>
      <trkpt lat="42.423060000" lon="-3.190110000">
        <ele>760.000</ele>
      </trkpt>
      <trkpt lat="42.422960000" lon="-3.190170000">
        <ele>761.000</ele>
      </trkpt>
      <trkpt lat="42.422880000" lon="-3.190200000">
        <ele>761.000</ele>
      </trkpt>
      <trkpt lat="42.422470000" lon="-3.190490000">
        <ele>762.000</ele>
      </trkpt>
      <trkpt lat="42.422440000" lon="-3.190520000">
        <ele>762.000</ele>
      </trkpt>
      <trkpt lat="42.422370000" lon="-3.190570000">
        <ele>763.000</ele>
      </trkpt>
      <trkpt lat="42.422200000" lon="-3.190700000">
        <ele>763.000</ele>
      </trkpt>
      <trkpt lat="42.421940000" lon="-3.190910000">
        <ele>763.000</ele>
      </trkpt>
      <trkpt lat="42.421850000" lon="-3.191010000">
        <ele>764.000</ele>
      </trkpt>
      <trkpt lat="42.421700000" lon="-3.191190000">
        <ele>764.000</ele>
      </trkpt>
      <trkpt lat="42.421680000" lon="-3.191210000">
        <ele>764.000</ele>
      </trkpt>
      <trkpt lat="42.421640000" lon="-3.191260000">
        <ele>764.000</ele>
      </trkpt>
      <trkpt lat="42.421500000" lon="-3.191450000">
        <ele>764.000</ele>
      </trkpt>
      <trkpt lat="42.421410000" lon="-3.191580000">
        <ele>764.000</ele>
      </trkpt>
      <trkpt lat="42.421310000" lon="-3.191730000">
        <ele>764.000</ele>
      </trkpt>
      <trkpt lat="42.421210000" lon="-3.191900000">
        <ele>764.000</ele>
      </trkpt>
      <trkpt lat="42.421100000" lon="-3.192080000">
        <ele>764.000</ele>
      </trkpt>
      <trkpt lat="42.421040000" lon="-3.192180000">
        <ele>764.000</ele>
      </trkpt>
      <trkpt lat="42.420980000" lon="-3.192270000">
        <ele>765.000</ele>
      </trkpt>
      <trkpt lat="42.420970000" lon="-3.192270000">
        <ele>765.000</ele>
      </trkpt>
      <trkpt lat="42.420970000" lon="-3.192280000">
        <ele>765.000</ele>
      </trkpt>
      <trkpt lat="42.420960000" lon="-3.192290000">
        <ele>765.000</ele>
      </trkpt>
      <trkpt lat="42.420930000" lon="-3.192320000">
        <ele>765.000</ele>
      </trkpt>
      <trkpt lat="42.420900000" lon="-3.192340000">
        <ele>765.000</ele>
      </trkpt>
      <trkpt lat="42.420900000" lon="-3.192350000">
        <ele>765.000</ele>
      </trkpt>
      <trkpt lat="42.420890000" lon="-3.192350000">
        <ele>765.000</ele>
      </trkpt>
      <trkpt lat="42.420880000" lon="-3.192360000">
        <ele>765.000</ele>
      </trkpt>
      <trkpt lat="42.420870000" lon="-3.192370000">
        <ele>765.000</ele>
      </trkpt>
      <trkpt lat="42.420860000" lon="-3.192370000">
        <ele>765.000</ele>
      </trkpt>
      <trkpt lat="42.420850000" lon="-3.192380000">
        <ele>765.000</ele>
      </trkpt>
      <trkpt lat="42.420840000" lon="-3.192380000">
        <ele>765.000</ele>
      </trkpt>
      <trkpt lat="42.420830000" lon="-3.192390000">
        <ele>765.000</ele>
      </trkpt>
      <trkpt lat="42.420800000" lon="-3.192400000">
        <ele>765.000</ele>
      </trkpt>
      <trkpt lat="42.420780000" lon="-3.192400000">
        <ele>765.000</ele>
      </trkpt>
      <trkpt lat="42.420740000" lon="-3.192410000">
        <ele>765.000</ele>
      </trkpt>
      <trkpt lat="42.420710000" lon="-3.192410000">
        <ele>765.000</ele>
      </trkpt>
      <trkpt lat="42.420670000" lon="-3.192410000">
        <ele>765.000</ele>
      </trkpt>
      <trkpt lat="42.420640000" lon="-3.192410000">
        <ele>765.000</ele>
      </trkpt>
      <trkpt lat="42.420600000" lon="-3.192400000">
        <ele>765.000</ele>
      </trkpt>
      <trkpt lat="42.420550000" lon="-3.192380000">
        <ele>765.000</ele>
      </trkpt>
      <trkpt lat="42.420550000" lon="-3.192380000">
        <ele>765.000</ele>
      </trkpt>
      <trkpt lat="42.420530000" lon="-3.192370000">
        <ele>765.000</ele>
      </trkpt>
      <trkpt lat="42.420510000" lon="-3.192360000">
        <ele>765.000</ele>
      </trkpt>
      <trkpt lat="42.420500000" lon="-3.192340000">
        <ele>765.000</ele>
      </trkpt>
      <trkpt lat="42.420480000" lon="-3.192330000">
        <ele>765.000</ele>
      </trkpt>
      <trkpt lat="42.420460000" lon="-3.192300000">
        <ele>765.000</ele>
      </trkpt>
      <trkpt lat="42.420420000" lon="-3.192240000">
        <ele>765.000</ele>
      </trkpt>
      <trkpt lat="42.420410000" lon="-3.192220000">
        <ele>765.000</ele>
      </trkpt>
      <trkpt lat="42.420400000" lon="-3.192210000">
        <ele>765.000</ele>
      </trkpt>
      <trkpt lat="42.420200000" lon="-3.191810000">
        <ele>766.000</ele>
      </trkpt>
      <trkpt lat="42.420130000" lon="-3.191640000">
        <ele>766.000</ele>
      </trkpt>
      <trkpt lat="42.420110000" lon="-3.191590000">
        <ele>766.000</ele>
      </trkpt>
      <trkpt lat="42.420040000" lon="-3.191440000">
        <ele>766.000</ele>
      </trkpt>
      <trkpt lat="42.419880000" lon="-3.191080000">
        <ele>766.000</ele>
      </trkpt>
      <trkpt lat="42.419700000" lon="-3.190730000">
        <ele>766.000</ele>
      </trkpt>
      <trkpt lat="42.419580000" lon="-3.190630000">
        <ele>767.000</ele>
      </trkpt>
      <trkpt lat="42.419540000" lon="-3.190610000">
        <ele>767.000</ele>
      </trkpt>
      <trkpt lat="42.419500000" lon="-3.190600000">
        <ele>767.000</ele>
      </trkpt>
      <trkpt lat="42.419450000" lon="-3.190600000">
        <ele>767.000</ele>
      </trkpt>
      <trkpt lat="42.419390000" lon="-3.190620000">
        <ele>767.000</ele>
      </trkpt>
      <trkpt lat="42.419190000" lon="-3.190830000">
        <ele>768.000</ele>
      </trkpt>
      <trkpt lat="42.419180000" lon="-3.190850000">
        <ele>768.000</ele>
      </trkpt>
      <trkpt lat="42.419140000" lon="-3.190870000">
        <ele>768.000</ele>
      </trkpt>
      <trkpt lat="42.419140000" lon="-3.190870000">
        <ele>768.000</ele>
      </trkpt>
      <trkpt lat="42.419110000" lon="-3.191080000">
        <ele>768.000</ele>
      </trkpt>
      <trkpt lat="42.419110000" lon="-3.191080000">
        <ele>768.000</ele>
      </trkpt>
      <trkpt lat="42.419000000" lon="-3.191120000">
        <ele>768.000</ele>
      </trkpt>
      <trkpt lat="42.418920000" lon="-3.191190000">
        <ele>768.000</ele>
      </trkpt>
      <trkpt lat="42.418810000" lon="-3.191270000">
        <ele>769.000</ele>
      </trkpt>
      <trkpt lat="42.418740000" lon="-3.191330000">
        <ele>769.000</ele>
      </trkpt>
      <trkpt lat="42.418720000" lon="-3.191350000">
        <ele>769.000</ele>
      </trkpt>
      <trkpt lat="42.418580000" lon="-3.191460000">
        <ele>769.000</ele>
      </trkpt>
      <trkpt lat="42.418490000" lon="-3.191550000">
        <ele>769.000</ele>
      </trkpt>
      <trkpt lat="42.418430000" lon="-3.191600000">
        <ele>769.000</ele>
      </trkpt>
      <trkpt lat="42.418350000" lon="-3.191660000">
        <ele>769.000</ele>
      </trkpt>
      <trkpt lat="42.418230000" lon="-3.191760000">
        <ele>769.000</ele>
      </trkpt>
      <trkpt lat="42.418150000" lon="-3.191820000">
        <ele>770.000</ele>
      </trkpt>
      <trkpt lat="42.418070000" lon="-3.191880000">
        <ele>770.000</ele>
      </trkpt>
      <trkpt lat="42.417830000" lon="-3.192100000">
        <ele>770.000</ele>
      </trkpt>
      <trkpt lat="42.417750000" lon="-3.192160000">
        <ele>770.000</ele>
      </trkpt>
      <trkpt lat="42.417500000" lon="-3.192350000">
        <ele>770.000</ele>
      </trkpt>
      <trkpt lat="42.417280000" lon="-3.192540000">
        <ele>770.000</ele>
      </trkpt>
      <trkpt lat="42.417230000" lon="-3.192580000">
        <ele>770.000</ele>
      </trkpt>
      <trkpt lat="42.417010000" lon="-3.192750000">
        <ele>770.000</ele>
      </trkpt>
      <trkpt lat="42.416840000" lon="-3.192920000">
        <ele>770.000</ele>
      </trkpt>
      <trkpt lat="42.416710000" lon="-3.193050000">
        <ele>770.000</ele>
      </trkpt>
      <trkpt lat="42.416660000" lon="-3.193100000">
        <ele>771.000</ele>
      </trkpt>
      <trkpt lat="42.416310000" lon="-3.193450000">
        <ele>771.000</ele>
      </trkpt>
      <trkpt lat="42.416020000" lon="-3.193730000">
        <ele>771.000</ele>
      </trkpt>
      <trkpt lat="42.416010000" lon="-3.193740000">
        <ele>771.000</ele>
      </trkpt>
      <trkpt lat="42.415860000" lon="-3.193890000">
        <ele>771.000</ele>
      </trkpt>
      <trkpt lat="42.415810000" lon="-3.193950000">
        <ele>772.000</ele>
      </trkpt>
      <trkpt lat="42.415740000" lon="-3.194010000">
        <ele>772.000</ele>
      </trkpt>
      <trkpt lat="42.415500000" lon="-3.194250000">
        <ele>772.000</ele>
      </trkpt>
      <trkpt lat="42.415430000" lon="-3.194320000">
        <ele>772.000</ele>
      </trkpt>
      <trkpt lat="42.415370000" lon="-3.194380000">
        <ele>772.000</ele>
      </trkpt>
      <trkpt lat="42.415240000" lon="-3.194500000">
        <ele>772.000</ele>
      </trkpt>
      <trkpt lat="42.415110000" lon="-3.194640000">
        <ele>773.000</ele>
      </trkpt>
      <trkpt lat="42.414680000" lon="-3.195090000">
        <ele>773.000</ele>
      </trkpt>
      <trkpt lat="42.414460000" lon="-3.195300000">
        <ele>773.000</ele>
      </trkpt>
      <trkpt lat="42.414450000" lon="-3.195310000">
        <ele>773.000</ele>
      </trkpt>
      <trkpt lat="42.414300000" lon="-3.195460000">
        <ele>774.000</ele>
      </trkpt>
      <trkpt lat="42.413930000" lon="-3.195820000">
        <ele>774.000</ele>
      </trkpt>
      <trkpt lat="42.413460000" lon="-3.196270000">
        <ele>775.000</ele>
      </trkpt>
      <trkpt lat="42.413160000" lon="-3.196560000">
        <ele>775.000</ele>
      </trkpt>
      <trkpt lat="42.413130000" lon="-3.196590000">
        <ele>776.000</ele>
      </trkpt>
      <trkpt lat="42.412970000" lon="-3.196760000">
        <ele>776.000</ele>
      </trkpt>
      <trkpt lat="42.412960000" lon="-3.196770000">
        <ele>776.000</ele>
      </trkpt>
      <trkpt lat="42.412550000" lon="-3.197180000">
        <ele>777.000</ele>
      </trkpt>
      <trkpt lat="42.412180000" lon="-3.197550000">
        <ele>777.000</ele>
      </trkpt>
      <trkpt lat="42.412140000" lon="-3.197580000">
        <ele>778.000</ele>
      </trkpt>
      <trkpt lat="42.411910000" lon="-3.197810000">
        <ele>778.000</ele>
      </trkpt>
      <trkpt lat="42.411590000" lon="-3.198120000">
        <ele>779.000</ele>
      </trkpt>
      <trkpt lat="42.411380000" lon="-3.198340000">
        <ele>779.000</ele>
      </trkpt>
      <trkpt lat="42.411170000" lon="-3.198570000">
        <ele>779.000</ele>
      </trkpt>
      <trkpt lat="42.410840000" lon="-3.198880000">
        <ele>778.000</ele>
      </trkpt>
      <trkpt lat="42.410700000" lon="-3.199020000">
        <ele>778.000</ele>
      </trkpt>
      <trkpt lat="42.410580000" lon="-3.199130000">
        <ele>778.000</ele>
      </trkpt>
      <trkpt lat="42.410550000" lon="-3.199170000">
        <ele>778.000</ele>
      </trkpt>
      <trkpt lat="42.410360000" lon="-3.199360000">
        <ele>778.000</ele>
      </trkpt>
      <trkpt lat="42.410160000" lon="-3.199560000">
        <ele>778.000</ele>
      </trkpt>
      <trkpt lat="42.410120000" lon="-3.199610000">
        <ele>778.000</ele>
      </trkpt>
      <trkpt lat="42.410000000" lon="-3.199730000">
        <ele>779.000</ele>
      </trkpt>
      <trkpt lat="42.409980000" lon="-3.199750000">
        <ele>779.000</ele>
      </trkpt>
      <trkpt lat="42.409840000" lon="-3.199900000">
        <ele>779.000</ele>
      </trkpt>
      <trkpt lat="42.409620000" lon="-3.200140000">
        <ele>780.000</ele>
      </trkpt>
      <trkpt lat="42.409420000" lon="-3.200370000">
        <ele>780.000</ele>
      </trkpt>
      <trkpt lat="42.409420000" lon="-3.200380000">
        <ele>781.000</ele>
      </trkpt>
      <trkpt lat="42.409220000" lon="-3.200610000">
        <ele>781.000</ele>
      </trkpt>
      <trkpt lat="42.409030000" lon="-3.200850000">
        <ele>782.000</ele>
      </trkpt>
      <trkpt lat="42.408860000" lon="-3.201070000">
        <ele>783.000</ele>
      </trkpt>
      <trkpt lat="42.408760000" lon="-3.201190000">
        <ele>784.000</ele>
      </trkpt>
      <trkpt lat="42.408680000" lon="-3.201290000">
        <ele>784.000</ele>
      </trkpt>
      <trkpt lat="42.408480000" lon="-3.201510000">
        <ele>785.000</ele>
      </trkpt>
      <trkpt lat="42.408450000" lon="-3.201550000">
        <ele>786.000</ele>
      </trkpt>
      <trkpt lat="42.408350000" lon="-3.201670000">
        <ele>786.000</ele>
      </trkpt>
      <trkpt lat="42.408250000" lon="-3.201770000">
        <ele>787.000</ele>
      </trkpt>
      <trkpt lat="42.407870000" lon="-3.202140000">
        <ele>788.000</ele>
      </trkpt>
      <trkpt lat="42.407500000" lon="-3.202470000">
        <ele>789.000</ele>
      </trkpt>
      <trkpt lat="42.407260000" lon="-3.202680000">
        <ele>790.000</ele>
      </trkpt>
      <trkpt lat="42.407010000" lon="-3.202900000">
        <ele>791.000</ele>
      </trkpt>
      <trkpt lat="42.406970000" lon="-3.202930000">
        <ele>792.000</ele>
      </trkpt>
      <trkpt lat="42.406550000" lon="-3.203290000">
        <ele>793.000</ele>
      </trkpt>
      <trkpt lat="42.406520000" lon="-3.203320000">
        <ele>794.000</ele>
      </trkpt>
      <trkpt lat="42.406090000" lon="-3.203670000">
        <ele>795.000</ele>
      </trkpt>
      <trkpt lat="42.406090000" lon="-3.203680000">
        <ele>796.000</ele>
      </trkpt>
      <trkpt lat="42.405940000" lon="-3.203800000">
        <ele>797.000</ele>
      </trkpt>
      <trkpt lat="42.405470000" lon="-3.204200000">
        <ele>798.000</ele>
      </trkpt>
      <trkpt lat="42.405120000" lon="-3.204500000">
        <ele>799.000</ele>
      </trkpt>
      <trkpt lat="42.405030000" lon="-3.204580000">
        <ele>800.000</ele>
      </trkpt>
      <trkpt lat="42.404750000" lon="-3.204830000">
        <ele>801.000</ele>
      </trkpt>
      <trkpt lat="42.404500000" lon="-3.205030000">
        <ele>802.000</ele>
      </trkpt>
      <trkpt lat="42.404380000" lon="-3.205130000">
        <ele>803.000</ele>
      </trkpt>
      <trkpt lat="42.404120000" lon="-3.205350000">
        <ele>803.000</ele>
      </trkpt>
      <trkpt lat="42.404040000" lon="-3.205420000">
        <ele>804.000</ele>
      </trkpt>
      <trkpt lat="42.403940000" lon="-3.205510000">
        <ele>804.000</ele>
      </trkpt>
      <trkpt lat="42.403730000" lon="-3.205690000">
        <ele>805.000</ele>
      </trkpt>
      <trkpt lat="42.403510000" lon="-3.205900000">
        <ele>804.000</ele>
      </trkpt>
      <trkpt lat="42.403510000" lon="-3.205910000">
        <ele>804.000</ele>
      </trkpt>
      <trkpt lat="42.403300000" lon="-3.206110000">
        <ele>804.000</ele>
      </trkpt>
      <trkpt lat="42.403080000" lon="-3.206350000">
        <ele>804.000</ele>
      </trkpt>
      <trkpt lat="42.402870000" lon="-3.206600000">
        <ele>803.000</ele>
      </trkpt>
      <trkpt lat="42.402810000" lon="-3.206670000">
        <ele>802.000</ele>
      </trkpt>
      <trkpt lat="42.402600000" lon="-3.206900000">
        <ele>802.000</ele>
      </trkpt>
      <trkpt lat="42.402540000" lon="-3.206980000">
        <ele>801.000</ele>
      </trkpt>
      <trkpt lat="42.402230000" lon="-3.207320000">
        <ele>801.000</ele>
      </trkpt>
      <trkpt lat="42.402220000" lon="-3.207330000">
        <ele>800.000</ele>
      </trkpt>
      <trkpt lat="42.401950000" lon="-3.207630000">
        <ele>801.000</ele>
      </trkpt>
      <trkpt lat="42.401920000" lon="-3.207660000">
        <ele>801.000</ele>
      </trkpt>
      <trkpt lat="42.401600000" lon="-3.208020000">
        <ele>801.000</ele>
      </trkpt>
      <trkpt lat="42.401290000" lon="-3.208380000">
        <ele>802.000</ele>
      </trkpt>
      <trkpt lat="42.401130000" lon="-3.208560000">
        <ele>803.000</ele>
      </trkpt>
      <trkpt lat="42.400940000" lon="-3.208770000">
        <ele>804.000</ele>
      </trkpt>
      <trkpt lat="42.400710000" lon="-3.209020000">
        <ele>805.000</ele>
      </trkpt>
      <trkpt lat="42.400690000" lon="-3.209040000">
        <ele>806.000</ele>
      </trkpt>
      <trkpt lat="42.400400000" lon="-3.209380000">
        <ele>806.000</ele>
      </trkpt>
      <trkpt lat="42.400300000" lon="-3.209490000">
        <ele>807.000</ele>
      </trkpt>
      <trkpt lat="42.400160000" lon="-3.209650000">
        <ele>807.000</ele>
      </trkpt>
      <trkpt lat="42.400150000" lon="-3.209650000">
        <ele>807.000</ele>
      </trkpt>
      <trkpt lat="42.400030000" lon="-3.209780000">
        <ele>807.000</ele>
      </trkpt>
      <trkpt lat="42.400010000" lon="-3.209790000">
        <ele>807.000</ele>
      </trkpt>
      <trkpt lat="42.399920000" lon="-3.209860000">
        <ele>807.000</ele>
      </trkpt>
      <trkpt lat="42.399820000" lon="-3.209940000">
        <ele>807.000</ele>
      </trkpt>
      <trkpt lat="42.399710000" lon="-3.210010000">
        <ele>806.000</ele>
      </trkpt>
      <trkpt lat="42.399510000" lon="-3.210110000">
        <ele>806.000</ele>
      </trkpt>
      <trkpt lat="42.399360000" lon="-3.210190000">
        <ele>806.000</ele>
      </trkpt>
      <trkpt lat="42.399340000" lon="-3.210190000">
        <ele>806.000</ele>
      </trkpt>
      <trkpt lat="42.399020000" lon="-3.210330000">
        <ele>806.000</ele>
      </trkpt>
      <trkpt lat="42.398570000" lon="-3.210520000">
        <ele>806.000</ele>
      </trkpt>
      <trkpt lat="42.398310000" lon="-3.210630000">
        <ele>805.000</ele>
      </trkpt>
      <trkpt lat="42.398130000" lon="-3.210700000">
        <ele>805.000</ele>
      </trkpt>
      <trkpt lat="42.398050000" lon="-3.210730000">
        <ele>805.000</ele>
      </trkpt>
      <trkpt lat="42.397980000" lon="-3.210750000">
        <ele>805.000</ele>
      </trkpt>
      <trkpt lat="42.397910000" lon="-3.210770000">
        <ele>805.000</ele>
      </trkpt>
      <trkpt lat="42.397820000" lon="-3.210790000">
        <ele>805.000</ele>
      </trkpt>
      <trkpt lat="42.397800000" lon="-3.210790000">
        <ele>805.000</ele>
      </trkpt>
      <trkpt lat="42.397760000" lon="-3.210790000">
        <ele>805.000</ele>
      </trkpt>
      <trkpt lat="42.397610000" lon="-3.210810000">
        <ele>805.000</ele>
      </trkpt>
      <trkpt lat="42.397490000" lon="-3.210800000">
        <ele>805.000</ele>
      </trkpt>
      <trkpt lat="42.397440000" lon="-3.210790000">
        <ele>805.000</ele>
      </trkpt>
      <trkpt lat="42.397350000" lon="-3.210780000">
        <ele>805.000</ele>
      </trkpt>
      <trkpt lat="42.397270000" lon="-3.210760000">
        <ele>805.000</ele>
      </trkpt>
      <trkpt lat="42.397180000" lon="-3.210750000">
        <ele>805.000</ele>
      </trkpt>
      <trkpt lat="42.397050000" lon="-3.210720000">
        <ele>805.000</ele>
      </trkpt>
      <trkpt lat="42.396960000" lon="-3.210690000">
        <ele>805.000</ele>
      </trkpt>
      <trkpt lat="42.396900000" lon="-3.210670000">
        <ele>805.000</ele>
      </trkpt>
      <trkpt lat="42.396800000" lon="-3.210630000">
        <ele>805.000</ele>
      </trkpt>
      <trkpt lat="42.396680000" lon="-3.210570000">
        <ele>805.000</ele>
      </trkpt>
      <trkpt lat="42.396570000" lon="-3.210520000">
        <ele>805.000</ele>
      </trkpt>
      <trkpt lat="42.396530000" lon="-3.210500000">
        <ele>805.000</ele>
      </trkpt>
      <trkpt lat="42.396420000" lon="-3.210470000">
        <ele>805.000</ele>
      </trkpt>
      <trkpt lat="42.396320000" lon="-3.210460000">
        <ele>805.000</ele>
      </trkpt>
      <trkpt lat="42.396220000" lon="-3.210440000">
        <ele>805.000</ele>
      </trkpt>
      <trkpt lat="42.395920000" lon="-3.210410000">
        <ele>806.000</ele>
      </trkpt>
      <trkpt lat="42.395860000" lon="-3.210400000">
        <ele>806.000</ele>
      </trkpt>
      <trkpt lat="42.395530000" lon="-3.210390000">
        <ele>806.000</ele>
      </trkpt>
      <trkpt lat="42.395350000" lon="-3.210380000">
        <ele>806.000</ele>
      </trkpt>
      <trkpt lat="42.394980000" lon="-3.210360000">
        <ele>806.000</ele>
      </trkpt>
      <trkpt lat="42.394560000" lon="-3.210360000">
        <ele>807.000</ele>
      </trkpt>
      <trkpt lat="42.394270000" lon="-3.210360000">
        <ele>807.000</ele>
      </trkpt>
      <trkpt lat="42.394090000" lon="-3.210380000">
        <ele>808.000</ele>
      </trkpt>
      <trkpt lat="42.393910000" lon="-3.210390000">
        <ele>808.000</ele>
      </trkpt>
      <trkpt lat="42.393860000" lon="-3.210390000">
        <ele>808.000</ele>
      </trkpt>
      <trkpt lat="42.393390000" lon="-3.210410000">
        <ele>809.000</ele>
      </trkpt>
      <trkpt lat="42.392840000" lon="-3.210440000">
        <ele>809.000</ele>
      </trkpt>
      <trkpt lat="42.392450000" lon="-3.210450000">
        <ele>810.000</ele>
      </trkpt>
      <trkpt lat="42.392290000" lon="-3.210440000">
        <ele>811.000</ele>
      </trkpt>
      <trkpt lat="42.392270000" lon="-3.210440000">
        <ele>811.000</ele>
      </trkpt>
      <trkpt lat="42.392120000" lon="-3.210410000">
        <ele>812.000</ele>
      </trkpt>
      <trkpt lat="42.391710000" lon="-3.210330000">
        <ele>813.000</ele>
      </trkpt>
      <trkpt lat="42.391130000" lon="-3.210230000">
        <ele>814.000</ele>
      </trkpt>
      <trkpt lat="42.390870000" lon="-3.210210000">
        <ele>814.000</ele>
      </trkpt>
      <trkpt lat="42.390690000" lon="-3.210200000">
        <ele>815.000</ele>
      </trkpt>
      <trkpt lat="42.390590000" lon="-3.210200000">
        <ele>815.000</ele>
      </trkpt>
      <trkpt lat="42.390260000" lon="-3.210190000">
        <ele>815.000</ele>
      </trkpt>
      <trkpt lat="42.390150000" lon="-3.210180000">
        <ele>816.000</ele>
      </trkpt>
      <trkpt lat="42.389970000" lon="-3.210170000">
        <ele>816.000</ele>
      </trkpt>
      <trkpt lat="42.389880000" lon="-3.210170000">
        <ele>816.000</ele>
      </trkpt>
      <trkpt lat="42.389790000" lon="-3.210160000">
        <ele>816.000</ele>
      </trkpt>
      <trkpt lat="42.389610000" lon="-3.210160000">
        <ele>816.000</ele>
      </trkpt>
      <trkpt lat="42.389500000" lon="-3.210150000">
        <ele>816.000</ele>
      </trkpt>
      <trkpt lat="42.389050000" lon="-3.210130000">
        <ele>816.000</ele>
      </trkpt>
      <trkpt lat="42.388890000" lon="-3.210140000">
        <ele>816.000</ele>
      </trkpt>
      <trkpt lat="42.388780000" lon="-3.210150000">
        <ele>817.000</ele>
      </trkpt>
      <trkpt lat="42.388540000" lon="-3.210170000">
        <ele>817.000</ele>
      </trkpt>
      <trkpt lat="42.388250000" lon="-3.210220000">
        <ele>817.000</ele>
      </trkpt>
      <trkpt lat="42.388000000" lon="-3.210250000">
        <ele>817.000</ele>
      </trkpt>
      <trkpt lat="42.387990000" lon="-3.210250000">
        <ele>817.000</ele>
      </trkpt>
      <trkpt lat="42.387850000" lon="-3.210300000">
        <ele>817.000</ele>
      </trkpt>
      <trkpt lat="42.387710000" lon="-3.210360000">
        <ele>818.000</ele>
      </trkpt>
      <trkpt lat="42.387650000" lon="-3.210400000">
        <ele>818.000</ele>
      </trkpt>
      <trkpt lat="42.387500000" lon="-3.210490000">
        <ele>818.000</ele>
      </trkpt>
      <trkpt lat="42.387490000" lon="-3.210500000">
        <ele>818.000</ele>
      </trkpt>
      <trkpt lat="42.387360000" lon="-3.210580000">
        <ele>818.000</ele>
      </trkpt>
      <trkpt lat="42.387160000" lon="-3.210690000">
        <ele>818.000</ele>
      </trkpt>
      <trkpt lat="42.387130000" lon="-3.210710000">
        <ele>818.000</ele>
      </trkpt>
      <trkpt lat="42.386950000" lon="-3.210740000">
        <ele>818.000</ele>
      </trkpt>
      <trkpt lat="42.386650000" lon="-3.210790000">
        <ele>818.000</ele>
      </trkpt>
      <trkpt lat="42.386230000" lon="-3.210800000">
        <ele>818.000</ele>
      </trkpt>
      <trkpt lat="42.386090000" lon="-3.210810000">
        <ele>818.000</ele>
      </trkpt>
      <trkpt lat="42.385690000" lon="-3.210840000">
        <ele>817.000</ele>
      </trkpt>
      <trkpt lat="42.385370000" lon="-3.210860000">
        <ele>817.000</ele>
      </trkpt>
      <trkpt lat="42.385040000" lon="-3.210840000">
        <ele>817.000</ele>
      </trkpt>
      <trkpt lat="42.384640000" lon="-3.210800000">
        <ele>817.000</ele>
      </trkpt>
      <trkpt lat="42.384170000" lon="-3.210750000">
        <ele>817.000</ele>
      </trkpt>
      <trkpt lat="42.383750000" lon="-3.210750000">
        <ele>817.000</ele>
      </trkpt>
      <trkpt lat="42.383700000" lon="-3.210750000">
        <ele>817.000</ele>
      </trkpt>
      <trkpt lat="42.383520000" lon="-3.210760000">
        <ele>817.000</ele>
      </trkpt>
      <trkpt lat="42.383280000" lon="-3.210770000">
        <ele>818.000</ele>
      </trkpt>
      <trkpt lat="42.382600000" lon="-3.210810000">
        <ele>819.000</ele>
      </trkpt>
      <trkpt lat="42.382230000" lon="-3.210840000">
        <ele>820.000</ele>
      </trkpt>
      <trkpt lat="42.381720000" lon="-3.210920000">
        <ele>822.000</ele>
      </trkpt>
      <trkpt lat="42.381340000" lon="-3.210980000">
        <ele>822.000</ele>
      </trkpt>
      <trkpt lat="42.381190000" lon="-3.211010000">
        <ele>823.000</ele>
      </trkpt>
      <trkpt lat="42.380790000" lon="-3.211090000">
        <ele>823.000</ele>
      </trkpt>
      <trkpt lat="42.380380000" lon="-3.211260000">
        <ele>823.000</ele>
      </trkpt>
      <trkpt lat="42.380000000" lon="-3.211470000">
        <ele>823.000</ele>
      </trkpt>
      <trkpt lat="42.379980000" lon="-3.211480000">
        <ele>823.000</ele>
      </trkpt>
      <trkpt lat="42.379820000" lon="-3.211580000">
        <ele>824.000</ele>
      </trkpt>
      <trkpt lat="42.379550000" lon="-3.211760000">
        <ele>824.000</ele>
      </trkpt>
      <trkpt lat="42.379150000" lon="-3.212020000">
        <ele>824.000</ele>
      </trkpt>
      <trkpt lat="42.378980000" lon="-3.212130000">
        <ele>825.000</ele>
      </trkpt>
      <trkpt lat="42.378830000" lon="-3.212220000">
        <ele>825.000</ele>
      </trkpt>
      <trkpt lat="42.378730000" lon="-3.212260000">
        <ele>826.000</ele>
      </trkpt>
      <trkpt lat="42.378520000" lon="-3.212320000">
        <ele>826.000</ele>
      </trkpt>
      <trkpt lat="42.378310000" lon="-3.212330000">
        <ele>827.000</ele>
      </trkpt>
      <trkpt lat="42.378120000" lon="-3.212300000">
        <ele>827.000</ele>
      </trkpt>
      <trkpt lat="42.377990000" lon="-3.212280000">
        <ele>827.000</ele>
      </trkpt>
      <trkpt lat="42.377770000" lon="-3.212250000">
        <ele>828.000</ele>
      </trkpt>
      <trkpt lat="42.377560000" lon="-3.212220000">
        <ele>828.000</ele>
      </trkpt>
      <trkpt lat="42.377320000" lon="-3.212180000">
        <ele>828.000</ele>
      </trkpt>
      <trkpt lat="42.377060000" lon="-3.212140000">
        <ele>828.000</ele>
      </trkpt>
      <trkpt lat="42.376880000" lon="-3.212110000">
        <ele>829.000</ele>
      </trkpt>
      <trkpt lat="42.376870000" lon="-3.212110000">
        <ele>829.000</ele>
      </trkpt>
      <trkpt lat="42.376700000" lon="-3.212050000">
        <ele>829.000</ele>
      </trkpt>
      <trkpt lat="42.376680000" lon="-3.212040000">
        <ele>829.000</ele>
      </trkpt>
      <trkpt lat="42.376510000" lon="-3.211960000">
        <ele>829.000</ele>
      </trkpt>
      <trkpt lat="42.376330000" lon="-3.211870000">
        <ele>829.000</ele>
      </trkpt>
      <trkpt lat="42.376040000" lon="-3.211650000">
        <ele>830.000</ele>
      </trkpt>
      <trkpt lat="42.375870000" lon="-3.211480000">
        <ele>830.000</ele>
      </trkpt>
      <trkpt lat="42.375800000" lon="-3.211410000">
        <ele>830.000</ele>
      </trkpt>
      <trkpt lat="42.375760000" lon="-3.211360000">
        <ele>830.000</ele>
      </trkpt>
      <trkpt lat="42.375610000" lon="-3.211170000">
        <ele>830.000</ele>
      </trkpt>
      <trkpt lat="42.375480000" lon="-3.211050000">
        <ele>830.000</ele>
      </trkpt>
      <trkpt lat="42.375410000" lon="-3.210980000">
        <ele>831.000</ele>
      </trkpt>
      <trkpt lat="42.375270000" lon="-3.210860000">
        <ele>831.000</ele>
      </trkpt>
      <trkpt lat="42.375170000" lon="-3.210800000">
        <ele>831.000</ele>
      </trkpt>
      <trkpt lat="42.375060000" lon="-3.210730000">
        <ele>831.000</ele>
      </trkpt>
      <trkpt lat="42.374870000" lon="-3.210590000">
        <ele>831.000</ele>
      </trkpt>
      <trkpt lat="42.374430000" lon="-3.210290000">
        <ele>832.000</ele>
      </trkpt>
      <trkpt lat="42.374170000" lon="-3.210130000">
        <ele>832.000</ele>
      </trkpt>
      <trkpt lat="42.374080000" lon="-3.210080000">
        <ele>833.000</ele>
      </trkpt>
      <trkpt lat="42.373990000" lon="-3.210050000">
        <ele>833.000</ele>
      </trkpt>
      <trkpt lat="42.373890000" lon="-3.210020000">
        <ele>833.000</ele>
      </trkpt>
      <trkpt lat="42.373760000" lon="-3.209980000">
        <ele>834.000</ele>
      </trkpt>
      <trkpt lat="42.373550000" lon="-3.209950000">
        <ele>834.000</ele>
      </trkpt>
      <trkpt lat="42.373510000" lon="-3.209940000">
        <ele>834.000</ele>
      </trkpt>
      <trkpt lat="42.373360000" lon="-3.209910000">
        <ele>834.000</ele>
      </trkpt>
      <trkpt lat="42.373150000" lon="-3.209880000">
        <ele>835.000</ele>
      </trkpt>
      <trkpt lat="42.372970000" lon="-3.209850000">
        <ele>835.000</ele>
      </trkpt>
      <trkpt lat="42.372960000" lon="-3.209840000">
        <ele>836.000</ele>
      </trkpt>
      <trkpt lat="42.372750000" lon="-3.209800000">
        <ele>836.000</ele>
      </trkpt>
      <trkpt lat="42.372570000" lon="-3.209770000">
        <ele>836.000</ele>
      </trkpt>
      <trkpt lat="42.372400000" lon="-3.209740000">
        <ele>837.000</ele>
      </trkpt>
      <trkpt lat="42.372240000" lon="-3.209690000">
        <ele>837.000</ele>
      </trkpt>
      <trkpt lat="42.372070000" lon="-3.209630000">
        <ele>838.000</ele>
      </trkpt>
      <trkpt lat="42.371840000" lon="-3.209530000">
        <ele>838.000</ele>
      </trkpt>
      <trkpt lat="42.371650000" lon="-3.209450000">
        <ele>839.000</ele>
      </trkpt>
      <trkpt lat="42.371570000" lon="-3.209420000">
        <ele>839.000</ele>
      </trkpt>
      <trkpt lat="42.371420000" lon="-3.209350000">
        <ele>840.000</ele>
      </trkpt>
      <trkpt lat="42.371230000" lon="-3.209280000">
        <ele>840.000</ele>
      </trkpt>
      <trkpt lat="42.371210000" lon="-3.209270000">
        <ele>841.000</ele>
      </trkpt>
      <trkpt lat="42.371050000" lon="-3.209240000">
        <ele>841.000</ele>
      </trkpt>
      <trkpt lat="42.371040000" lon="-3.209240000">
        <ele>841.000</ele>
      </trkpt>
      <trkpt lat="42.370890000" lon="-3.209230000">
        <ele>841.000</ele>
      </trkpt>
      <trkpt lat="42.370800000" lon="-3.209240000">
        <ele>841.000</ele>
      </trkpt>
      <trkpt lat="42.370690000" lon="-3.209250000">
        <ele>841.000</ele>
      </trkpt>
      <trkpt lat="42.370610000" lon="-3.209260000">
        <ele>841.000</ele>
      </trkpt>
      <trkpt lat="42.370550000" lon="-3.209260000">
        <ele>841.000</ele>
      </trkpt>
      <trkpt lat="42.370430000" lon="-3.209280000">
        <ele>841.000</ele>
      </trkpt>
      <trkpt lat="42.370300000" lon="-3.209290000">
        <ele>841.000</ele>
      </trkpt>
      <trkpt lat="42.370120000" lon="-3.209320000">
        <ele>841.000</ele>
      </trkpt>
      <trkpt lat="42.370030000" lon="-3.209330000">
        <ele>840.000</ele>
      </trkpt>
      <trkpt lat="42.369880000" lon="-3.209340000">
        <ele>840.000</ele>
      </trkpt>
      <trkpt lat="42.369680000" lon="-3.209340000">
        <ele>840.000</ele>
      </trkpt>
      <trkpt lat="42.369450000" lon="-3.209350000">
        <ele>840.000</ele>
      </trkpt>
      <trkpt lat="42.369340000" lon="-3.209360000">
        <ele>840.000</ele>
      </trkpt>
      <trkpt lat="42.369260000" lon="-3.209370000">
        <ele>840.000</ele>
      </trkpt>
      <trkpt lat="42.369180000" lon="-3.209400000">
        <ele>840.000</ele>
      </trkpt>
      <trkpt lat="42.369070000" lon="-3.209440000">
        <ele>840.000</ele>
      </trkpt>
      <trkpt lat="42.368920000" lon="-3.209520000">
        <ele>840.000</ele>
      </trkpt>
      <trkpt lat="42.368720000" lon="-3.209650000">
        <ele>840.000</ele>
      </trkpt>
      <trkpt lat="42.368710000" lon="-3.209650000">
        <ele>840.000</ele>
      </trkpt>
      <trkpt lat="42.368600000" lon="-3.209750000">
        <ele>840.000</ele>
      </trkpt>
      <trkpt lat="42.368490000" lon="-3.209840000">
        <ele>840.000</ele>
      </trkpt>
      <trkpt lat="42.368420000" lon="-3.209910000">
        <ele>840.000</ele>
      </trkpt>
      <trkpt lat="42.368320000" lon="-3.210010000">
        <ele>840.000</ele>
      </trkpt>
      <trkpt lat="42.368270000" lon="-3.210050000">
        <ele>840.000</ele>
      </trkpt>
      <trkpt lat="42.368160000" lon="-3.210150000">
        <ele>840.000</ele>
      </trkpt>
      <trkpt lat="42.368120000" lon="-3.210190000">
        <ele>840.000</ele>
      </trkpt>
      <trkpt lat="42.368010000" lon="-3.210290000">
        <ele>840.000</ele>
      </trkpt>
      <trkpt lat="42.367910000" lon="-3.210350000">
        <ele>840.000</ele>
      </trkpt>
      <trkpt lat="42.367870000" lon="-3.210370000">
        <ele>840.000</ele>
      </trkpt>
      <trkpt lat="42.367800000" lon="-3.210400000">
        <ele>840.000</ele>
      </trkpt>
      <trkpt lat="42.367780000" lon="-3.210400000">
        <ele>840.000</ele>
      </trkpt>
      <trkpt lat="42.367620000" lon="-3.210420000">
        <ele>840.000</ele>
      </trkpt>
      <trkpt lat="42.367610000" lon="-3.210420000">
        <ele>840.000</ele>
      </trkpt>
      <trkpt lat="42.367500000" lon="-3.210420000">
        <ele>840.000</ele>
      </trkpt>
      <trkpt lat="42.367430000" lon="-3.210400000">
        <ele>840.000</ele>
      </trkpt>
      <trkpt lat="42.367260000" lon="-3.210320000">
        <ele>840.000</ele>
      </trkpt>
      <trkpt lat="42.367110000" lon="-3.210230000">
        <ele>840.000</ele>
      </trkpt>
      <trkpt lat="42.367060000" lon="-3.210200000">
        <ele>841.000</ele>
      </trkpt>
      <trkpt lat="42.366790000" lon="-3.210070000">
        <ele>841.000</ele>
      </trkpt>
      <trkpt lat="42.366770000" lon="-3.210050000">
        <ele>841.000</ele>
      </trkpt>
      <trkpt lat="42.366610000" lon="-3.209950000">
        <ele>842.000</ele>
      </trkpt>
      <trkpt lat="42.366600000" lon="-3.209940000">
        <ele>842.000</ele>
      </trkpt>
      <trkpt lat="42.366440000" lon="-3.209870000">
        <ele>842.000</ele>
      </trkpt>
      <trkpt lat="42.366380000" lon="-3.209850000">
        <ele>842.000</ele>
      </trkpt>
      <trkpt lat="42.366180000" lon="-3.209770000">
        <ele>843.000</ele>
      </trkpt>
      <trkpt lat="42.366000000" lon="-3.209730000">
        <ele>843.000</ele>
      </trkpt>
      <trkpt lat="42.365740000" lon="-3.209740000">
        <ele>844.000</ele>
      </trkpt>
      <trkpt lat="42.365550000" lon="-3.209770000">
        <ele>844.000</ele>
      </trkpt>
      <trkpt lat="42.365380000" lon="-3.209800000">
        <ele>845.000</ele>
      </trkpt>
      <trkpt lat="42.365300000" lon="-3.209810000">
        <ele>845.000</ele>
      </trkpt>
      <trkpt lat="42.365230000" lon="-3.209820000">
        <ele>845.000</ele>
      </trkpt>
      <trkpt lat="42.365100000" lon="-3.209820000">
        <ele>846.000</ele>
      </trkpt>
      <trkpt lat="42.365010000" lon="-3.209830000">
        <ele>846.000</ele>
      </trkpt>
      <trkpt lat="42.364840000" lon="-3.209810000">
        <ele>846.000</ele>
      </trkpt>
      <trkpt lat="42.364620000" lon="-3.209760000">
        <ele>847.000</ele>
      </trkpt>
      <trkpt lat="42.364360000" lon="-3.209650000">
        <ele>847.000</ele>
      </trkpt>
      <trkpt lat="42.364150000" lon="-3.209570000">
        <ele>848.000</ele>
      </trkpt>
      <trkpt lat="42.363970000" lon="-3.209500000">
        <ele>848.000</ele>
      </trkpt>
      <trkpt lat="42.363930000" lon="-3.209480000">
        <ele>849.000</ele>
      </trkpt>
      <trkpt lat="42.363670000" lon="-3.209390000">
        <ele>849.000</ele>
      </trkpt>
      <trkpt lat="42.363490000" lon="-3.209310000">
        <ele>849.000</ele>
      </trkpt>
      <trkpt lat="42.363320000" lon="-3.209210000">
        <ele>849.000</ele>
      </trkpt>
      <trkpt lat="42.363290000" lon="-3.209190000">
        <ele>849.000</ele>
      </trkpt>
      <trkpt lat="42.363190000" lon="-3.209100000">
        <ele>849.000</ele>
      </trkpt>
      <trkpt lat="42.363020000" lon="-3.208930000">
        <ele>849.000</ele>
      </trkpt>
      <trkpt lat="42.362860000" lon="-3.208730000">
        <ele>849.000</ele>
      </trkpt>
      <trkpt lat="42.362680000" lon="-3.208510000">
        <ele>849.000</ele>
      </trkpt>
      <trkpt lat="42.362600000" lon="-3.208410000">
        <ele>849.000</ele>
      </trkpt>
      <trkpt lat="42.362510000" lon="-3.208290000">
        <ele>849.000</ele>
      </trkpt>
      <trkpt lat="42.362470000" lon="-3.208240000">
        <ele>849.000</ele>
      </trkpt>
      <trkpt lat="42.362350000" lon="-3.208090000">
        <ele>849.000</ele>
      </trkpt>
      <trkpt lat="42.362190000" lon="-3.207890000">
        <ele>849.000</ele>
      </trkpt>
      <trkpt lat="42.361980000" lon="-3.207630000">
        <ele>850.000</ele>
      </trkpt>
      <trkpt lat="42.361830000" lon="-3.207430000">
        <ele>851.000</ele>
      </trkpt>
      <trkpt lat="42.361700000" lon="-3.207220000">
        <ele>851.000</ele>
      </trkpt>
      <trkpt lat="42.361670000" lon="-3.207170000">
        <ele>852.000</ele>
      </trkpt>
      <trkpt lat="42.361600000" lon="-3.207020000">
        <ele>852.000</ele>
      </trkpt>
      <trkpt lat="42.361560000" lon="-3.206960000">
        <ele>853.000</ele>
      </trkpt>
      <trkpt lat="42.361500000" lon="-3.206810000">
        <ele>853.000</ele>
      </trkpt>
      <trkpt lat="42.361430000" lon="-3.206620000">
        <ele>854.000</ele>
      </trkpt>
      <trkpt lat="42.361340000" lon="-3.206380000">
        <ele>854.000</ele>
      </trkpt>
      <trkpt lat="42.361290000" lon="-3.206280000">
        <ele>855.000</ele>
      </trkpt>
      <trkpt lat="42.361210000" lon="-3.206130000">
        <ele>855.000</ele>
      </trkpt>
      <trkpt lat="42.361130000" lon="-3.205990000">
        <ele>856.000</ele>
      </trkpt>
      <trkpt lat="42.361110000" lon="-3.205950000">
        <ele>856.000</ele>
      </trkpt>
      <trkpt lat="42.361000000" lon="-3.205810000">
        <ele>857.000</ele>
      </trkpt>
      <trkpt lat="42.360960000" lon="-3.205760000">
        <ele>857.000</ele>
      </trkpt>
      <trkpt lat="42.360880000" lon="-3.205690000">
        <ele>857.000</ele>
      </trkpt>
      <trkpt lat="42.360770000" lon="-3.205600000">
        <ele>858.000</ele>
      </trkpt>
      <trkpt lat="42.360590000" lon="-3.205490000">
        <ele>858.000</ele>
      </trkpt>
      <trkpt lat="42.360540000" lon="-3.205460000">
        <ele>859.000</ele>
      </trkpt>
      <trkpt lat="42.360440000" lon="-3.205410000">
        <ele>859.000</ele>
      </trkpt>
      <trkpt lat="42.360370000" lon="-3.205370000">
        <ele>860.000</ele>
      </trkpt>
      <trkpt lat="42.360350000" lon="-3.205360000">
        <ele>860.000</ele>
      </trkpt>
      <trkpt lat="42.360220000" lon="-3.205300000">
        <ele>860.000</ele>
      </trkpt>
      <trkpt lat="42.360200000" lon="-3.205290000">
        <ele>861.000</ele>
      </trkpt>
      <trkpt lat="42.360130000" lon="-3.205260000">
        <ele>861.000</ele>
      </trkpt>
      <trkpt lat="42.359850000" lon="-3.205170000">
        <ele>861.000</ele>
      </trkpt>
      <trkpt lat="42.359750000" lon="-3.205140000">
        <ele>862.000</ele>
      </trkpt>
      <trkpt lat="42.359680000" lon="-3.205110000">
        <ele>862.000</ele>
      </trkpt>
      <trkpt lat="42.359460000" lon="-3.205040000">
        <ele>862.000</ele>
      </trkpt>
      <trkpt lat="42.359330000" lon="-3.204990000">
        <ele>862.000</ele>
      </trkpt>
      <trkpt lat="42.359260000" lon="-3.204960000">
        <ele>862.000</ele>
      </trkpt>
      <trkpt lat="42.358990000" lon="-3.204830000">
        <ele>862.000</ele>
      </trkpt>
      <trkpt lat="42.358970000" lon="-3.204830000">
        <ele>862.000</ele>
      </trkpt>
      <trkpt lat="42.358820000" lon="-3.204760000">
        <ele>862.000</ele>
      </trkpt>
      <trkpt lat="42.358710000" lon="-3.204710000">
        <ele>862.000</ele>
      </trkpt>
      <trkpt lat="42.358640000" lon="-3.204680000">
        <ele>861.000</ele>
      </trkpt>
      <trkpt lat="42.358490000" lon="-3.204620000">
        <ele>861.000</ele>
      </trkpt>
      <trkpt lat="42.358180000" lon="-3.204490000">
        <ele>861.000</ele>
      </trkpt>
      <trkpt lat="42.357990000" lon="-3.204410000">
        <ele>861.000</ele>
      </trkpt>
      <trkpt lat="42.357960000" lon="-3.204390000">
        <ele>861.000</ele>
      </trkpt>
      <trkpt lat="42.357720000" lon="-3.204290000">
        <ele>861.000</ele>
      </trkpt>
      <trkpt lat="42.357480000" lon="-3.204200000">
        <ele>861.000</ele>
      </trkpt>
      <trkpt lat="42.357030000" lon="-3.204030000">
        <ele>861.000</ele>
      </trkpt>
      <trkpt lat="42.356960000" lon="-3.204010000">
        <ele>861.000</ele>
      </trkpt>
      <trkpt lat="42.356440000" lon="-3.203810000">
        <ele>862.000</ele>
      </trkpt>
      <trkpt lat="42.355090000" lon="-3.203290000">
        <ele>862.000</ele>
      </trkpt>
      <trkpt lat="42.354720000" lon="-3.203160000">
        <ele>862.000</ele>
      </trkpt>
      <trkpt lat="42.354500000" lon="-3.203090000">
        <ele>863.000</ele>
      </trkpt>
      <trkpt lat="42.354280000" lon="-3.203050000">
        <ele>863.000</ele>
      </trkpt>
      <trkpt lat="42.354040000" lon="-3.203050000">
        <ele>863.000</ele>
      </trkpt>
      <trkpt lat="42.353890000" lon="-3.203090000">
        <ele>862.000</ele>
      </trkpt>
      <trkpt lat="42.353790000" lon="-3.203150000">
        <ele>862.000</ele>
      </trkpt>
      <trkpt lat="42.353570000" lon="-3.203280000">
        <ele>862.000</ele>
      </trkpt>
      <trkpt lat="42.353320000" lon="-3.203440000">
        <ele>862.000</ele>
      </trkpt>
      <trkpt lat="42.353320000" lon="-3.203440000">
        <ele>862.000</ele>
      </trkpt>
      <trkpt lat="42.353270000" lon="-3.203360000">
        <ele>862.000</ele>
      </trkpt>
      <trkpt lat="42.353170000" lon="-3.203280000">
        <ele>862.000</ele>
      </trkpt>
      <trkpt lat="42.353140000" lon="-3.203260000">
        <ele>862.000</ele>
      </trkpt>
      <trkpt lat="42.353070000" lon="-3.203190000">
        <ele>862.000</ele>
      </trkpt>
      <trkpt lat="42.353050000" lon="-3.203160000">
        <ele>862.000</ele>
      </trkpt>
      <trkpt lat="42.352980000" lon="-3.203080000">
        <ele>862.000</ele>
      </trkpt>
      <trkpt lat="42.352920000" lon="-3.203000000">
        <ele>863.000</ele>
      </trkpt>
      <trkpt lat="42.352910000" lon="-3.203000000">
        <ele>863.000</ele>
      </trkpt>
      <trkpt lat="42.352860000" lon="-3.202900000">
        <ele>863.000</ele>
      </trkpt>
      <trkpt lat="42.352800000" lon="-3.202800000">
        <ele>863.000</ele>
      </trkpt>
      <trkpt lat="42.352710000" lon="-3.202600000">
        <ele>863.000</ele>
      </trkpt>
      <trkpt lat="42.352630000" lon="-3.202440000">
        <ele>864.000</ele>
      </trkpt>
      <trkpt lat="42.352580000" lon="-3.202300000">
        <ele>864.000</ele>
      </trkpt>
      <trkpt lat="42.352520000" lon="-3.202180000">
        <ele>864.000</ele>
      </trkpt>
      <trkpt lat="42.352470000" lon="-3.202070000">
        <ele>865.000</ele>
      </trkpt>
      <trkpt lat="42.352370000" lon="-3.201820000">
        <ele>865.000</ele>
      </trkpt>
      <trkpt lat="42.352280000" lon="-3.201580000">
        <ele>865.000</ele>
      </trkpt>
      <trkpt lat="42.352230000" lon="-3.201420000">
        <ele>866.000</ele>
      </trkpt>
      <trkpt lat="42.352200000" lon="-3.201310000">
        <ele>866.000</ele>
      </trkpt>
      <trkpt lat="42.352190000" lon="-3.201280000">
        <ele>866.000</ele>
      </trkpt>
      <trkpt lat="42.352170000" lon="-3.201200000">
        <ele>866.000</ele>
      </trkpt>
      <trkpt lat="42.352110000" lon="-3.201010000">
        <ele>867.000</ele>
      </trkpt>
      <trkpt lat="42.352070000" lon="-3.200890000">
        <ele>867.000</ele>
      </trkpt>
      <trkpt lat="42.352020000" lon="-3.200720000">
        <ele>867.000</ele>
      </trkpt>
      <trkpt lat="42.351950000" lon="-3.200550000">
        <ele>867.000</ele>
      </trkpt>
      <trkpt lat="42.351950000" lon="-3.200530000">
        <ele>867.000</ele>
      </trkpt>
      <trkpt lat="42.351910000" lon="-3.200420000">
        <ele>867.000</ele>
      </trkpt>
      <trkpt lat="42.351910000" lon="-3.200410000">
        <ele>867.000</ele>
      </trkpt>
      <trkpt lat="42.351840000" lon="-3.200210000">
        <ele>867.000</ele>
      </trkpt>
      <trkpt lat="42.351820000" lon="-3.200150000">
        <ele>867.000</ele>
      </trkpt>
      <trkpt lat="42.351770000" lon="-3.200060000">
        <ele>868.000</ele>
      </trkpt>
      <trkpt lat="42.351670000" lon="-3.199940000">
        <ele>868.000</ele>
      </trkpt>
      <trkpt lat="42.351660000" lon="-3.199930000">
        <ele>868.000</ele>
      </trkpt>
      <trkpt lat="42.351580000" lon="-3.199870000">
        <ele>868.000</ele>
      </trkpt>
      <trkpt lat="42.351500000" lon="-3.199810000">
        <ele>868.000</ele>
      </trkpt>
      <trkpt lat="42.351490000" lon="-3.199810000">
        <ele>868.000</ele>
      </trkpt>
      <trkpt lat="42.351420000" lon="-3.199760000">
        <ele>868.000</ele>
      </trkpt>
      <trkpt lat="42.351180000" lon="-3.199590000">
        <ele>868.000</ele>
      </trkpt>
      <trkpt lat="42.351150000" lon="-3.199560000">
        <ele>868.000</ele>
      </trkpt>
      <trkpt lat="42.351100000" lon="-3.199530000">
        <ele>868.000</ele>
      </trkpt>
      <trkpt lat="42.350970000" lon="-3.199430000">
        <ele>869.000</ele>
      </trkpt>
      <trkpt lat="42.350890000" lon="-3.199330000">
        <ele>869.000</ele>
      </trkpt>
      <trkpt lat="42.350830000" lon="-3.199220000">
        <ele>869.000</ele>
      </trkpt>
      <trkpt lat="42.350770000" lon="-3.199130000">
        <ele>870.000</ele>
      </trkpt>
      <trkpt lat="42.350760000" lon="-3.199100000">
        <ele>870.000</ele>
      </trkpt>
      <trkpt lat="42.350720000" lon="-3.199030000">
        <ele>870.000</ele>
      </trkpt>
      <trkpt lat="42.350700000" lon="-3.198990000">
        <ele>870.000</ele>
      </trkpt>
      <trkpt lat="42.350660000" lon="-3.198940000">
        <ele>871.000</ele>
      </trkpt>
      <trkpt lat="42.350610000" lon="-3.198890000">
        <ele>871.000</ele>
      </trkpt>
      <trkpt lat="42.350470000" lon="-3.198760000">
        <ele>871.000</ele>
      </trkpt>
      <trkpt lat="42.350310000" lon="-3.198600000">
        <ele>871.000</ele>
      </trkpt>
      <trkpt lat="42.350300000" lon="-3.198580000">
        <ele>872.000</ele>
      </trkpt>
      <trkpt lat="42.350240000" lon="-3.198490000">
        <ele>872.000</ele>
      </trkpt>
      <trkpt lat="42.350190000" lon="-3.198410000">
        <ele>872.000</ele>
      </trkpt>
      <trkpt lat="42.350180000" lon="-3.198390000">
        <ele>873.000</ele>
      </trkpt>
      <trkpt lat="42.350050000" lon="-3.198150000">
        <ele>873.000</ele>
      </trkpt>
      <trkpt lat="42.349920000" lon="-3.197890000">
        <ele>873.000</ele>
      </trkpt>
      <trkpt lat="42.349900000" lon="-3.197850000">
        <ele>874.000</ele>
      </trkpt>
      <trkpt lat="42.349880000" lon="-3.197790000">
        <ele>874.000</ele>
      </trkpt>
      <trkpt lat="42.349820000" lon="-3.197600000">
        <ele>875.000</ele>
      </trkpt>
      <trkpt lat="42.349810000" lon="-3.197570000">
        <ele>875.000</ele>
      </trkpt>
      <trkpt lat="42.349760000" lon="-3.197300000">
        <ele>875.000</ele>
      </trkpt>
      <trkpt lat="42.349670000" lon="-3.196730000">
        <ele>876.000</ele>
      </trkpt>
      <trkpt lat="42.349630000" lon="-3.196380000">
        <ele>877.000</ele>
      </trkpt>
      <trkpt lat="42.349620000" lon="-3.196280000">
        <ele>877.000</ele>
      </trkpt>
      <trkpt lat="42.349610000" lon="-3.196250000">
        <ele>878.000</ele>
      </trkpt>
      <trkpt lat="42.349590000" lon="-3.196010000">
        <ele>878.000</ele>
      </trkpt>
      <trkpt lat="42.349580000" lon="-3.195890000">
        <ele>878.000</ele>
      </trkpt>
      <trkpt lat="42.349580000" lon="-3.195870000">
        <ele>879.000</ele>
      </trkpt>
      <trkpt lat="42.349590000" lon="-3.195770000">
        <ele>879.000</ele>
      </trkpt>
      <trkpt lat="42.349590000" lon="-3.195650000">
        <ele>879.000</ele>
      </trkpt>
      <trkpt lat="42.349590000" lon="-3.195530000">
        <ele>880.000</ele>
      </trkpt>
      <trkpt lat="42.349600000" lon="-3.195370000">
        <ele>880.000</ele>
      </trkpt>
      <trkpt lat="42.349610000" lon="-3.195220000">
        <ele>880.000</ele>
      </trkpt>
      <trkpt lat="42.349610000" lon="-3.195060000">
        <ele>881.000</ele>
      </trkpt>
      <trkpt lat="42.349610000" lon="-3.194940000">
        <ele>881.000</ele>
      </trkpt>
      <trkpt lat="42.349610000" lon="-3.194880000">
        <ele>881.000</ele>
      </trkpt>
      <trkpt lat="42.349600000" lon="-3.194700000">
        <ele>882.000</ele>
      </trkpt>
      <trkpt lat="42.349540000" lon="-3.194210000">
        <ele>883.000</ele>
      </trkpt>
      <trkpt lat="42.349540000" lon="-3.194200000">
        <ele>883.000</ele>
      </trkpt>
      <trkpt lat="42.349500000" lon="-3.193860000">
        <ele>884.000</ele>
      </trkpt>
      <trkpt lat="42.349490000" lon="-3.193720000">
        <ele>885.000</ele>
      </trkpt>
      <trkpt lat="42.349470000" lon="-3.193570000">
        <ele>885.000</ele>
      </trkpt>
      <trkpt lat="42.349460000" lon="-3.193460000">
        <ele>886.000</ele>
      </trkpt>
      <trkpt lat="42.349450000" lon="-3.193360000">
        <ele>886.000</ele>
      </trkpt>
      <trkpt lat="42.349440000" lon="-3.193220000">
        <ele>887.000</ele>
      </trkpt>
      <trkpt lat="42.349410000" lon="-3.193040000">
        <ele>887.000</ele>
      </trkpt>
      <trkpt lat="42.349380000" lon="-3.192930000">
        <ele>888.000</ele>
      </trkpt>
      <trkpt lat="42.349350000" lon="-3.192830000">
        <ele>888.000</ele>
      </trkpt>
      <trkpt lat="42.349320000" lon="-3.192760000">
        <ele>888.000</ele>
      </trkpt>
      <trkpt lat="42.349290000" lon="-3.192700000">
        <ele>889.000</ele>
      </trkpt>
      <trkpt lat="42.349240000" lon="-3.192630000">
        <ele>889.000</ele>
      </trkpt>
      <trkpt lat="42.349120000" lon="-3.192510000">
        <ele>889.000</ele>
      </trkpt>
      <trkpt lat="42.349030000" lon="-3.192420000">
        <ele>890.000</ele>
      </trkpt>
      <trkpt lat="42.348860000" lon="-3.192280000">
        <ele>890.000</ele>
      </trkpt>
      <trkpt lat="42.348770000" lon="-3.192170000">
        <ele>891.000</ele>
      </trkpt>
      <trkpt lat="42.348720000" lon="-3.192110000">
        <ele>891.000</ele>
      </trkpt>
      <trkpt lat="42.348640000" lon="-3.192010000">
        <ele>892.000</ele>
      </trkpt>
      <trkpt lat="42.348590000" lon="-3.191880000">
        <ele>892.000</ele>
      </trkpt>
      <trkpt lat="42.348570000" lon="-3.191810000">
        <ele>892.000</ele>
      </trkpt>
      <trkpt lat="42.348570000" lon="-3.191790000">
        <ele>893.000</ele>
      </trkpt>
      <trkpt lat="42.348560000" lon="-3.191700000">
        <ele>893.000</ele>
      </trkpt>
      <trkpt lat="42.348520000" lon="-3.191450000">
        <ele>893.000</ele>
      </trkpt>
      <trkpt lat="42.348520000" lon="-3.191370000">
        <ele>894.000</ele>
      </trkpt>
      <trkpt lat="42.348520000" lon="-3.191250000">
        <ele>894.000</ele>
      </trkpt>
      <trkpt lat="42.348480000" lon="-3.191130000">
        <ele>894.000</ele>
      </trkpt>
      <trkpt lat="42.348460000" lon="-3.191090000">
        <ele>895.000</ele>
      </trkpt>
      <trkpt lat="42.348400000" lon="-3.191020000">
        <ele>895.000</ele>
      </trkpt>
      <trkpt lat="42.348240000" lon="-3.190910000">
        <ele>895.000</ele>
      </trkpt>
      <trkpt lat="42.348120000" lon="-3.190830000">
        <ele>895.000</ele>
      </trkpt>
      <trkpt lat="42.348070000" lon="-3.190790000">
        <ele>895.000</ele>
      </trkpt>
      <trkpt lat="42.347960000" lon="-3.190710000">
        <ele>895.000</ele>
      </trkpt>
      <trkpt lat="42.347850000" lon="-3.190640000">
        <ele>895.000</ele>
      </trkpt>
      <trkpt lat="42.347800000" lon="-3.190620000">
        <ele>895.000</ele>
      </trkpt>
      <trkpt lat="42.347750000" lon="-3.190600000">
        <ele>895.000</ele>
      </trkpt>
      <trkpt lat="42.347660000" lon="-3.190570000">
        <ele>895.000</ele>
      </trkpt>
      <trkpt lat="42.347620000" lon="-3.190560000">
        <ele>895.000</ele>
      </trkpt>
      <trkpt lat="42.347600000" lon="-3.190550000">
        <ele>895.000</ele>
      </trkpt>
      <trkpt lat="42.347560000" lon="-3.190550000">
        <ele>895.000</ele>
      </trkpt>
      <trkpt lat="42.347430000" lon="-3.190530000">
        <ele>895.000</ele>
      </trkpt>
      <trkpt lat="42.347320000" lon="-3.190480000">
        <ele>895.000</ele>
      </trkpt>
      <trkpt lat="42.347280000" lon="-3.190450000">
        <ele>895.000</ele>
      </trkpt>
      <trkpt lat="42.347250000" lon="-3.190430000">
        <ele>895.000</ele>
      </trkpt>
      <trkpt lat="42.347180000" lon="-3.190390000">
        <ele>895.000</ele>
      </trkpt>
      <trkpt lat="42.347100000" lon="-3.190300000">
        <ele>895.000</ele>
      </trkpt>
      <trkpt lat="42.347050000" lon="-3.190250000">
        <ele>895.000</ele>
      </trkpt>
      <trkpt lat="42.347010000" lon="-3.190190000">
        <ele>895.000</ele>
      </trkpt>
      <trkpt lat="42.346970000" lon="-3.190130000">
        <ele>895.000</ele>
      </trkpt>
      <trkpt lat="42.346960000" lon="-3.190120000">
        <ele>895.000</ele>
      </trkpt>
      <trkpt lat="42.346830000" lon="-3.189970000">
        <ele>895.000</ele>
      </trkpt>
      <trkpt lat="42.346750000" lon="-3.189880000">
        <ele>895.000</ele>
      </trkpt>
      <trkpt lat="42.346700000" lon="-3.189810000">
        <ele>896.000</ele>
      </trkpt>
      <trkpt lat="42.346320000" lon="-3.189370000">
        <ele>897.000</ele>
      </trkpt>
      <trkpt lat="42.346160000" lon="-3.189170000">
        <ele>898.000</ele>
      </trkpt>
      <trkpt lat="42.346060000" lon="-3.189060000">
        <ele>899.000</ele>
      </trkpt>
      <trkpt lat="42.346020000" lon="-3.189010000">
        <ele>899.000</ele>
      </trkpt>
      <trkpt lat="42.345880000" lon="-3.188860000">
        <ele>900.000</ele>
      </trkpt>
      <trkpt lat="42.345730000" lon="-3.188680000">
        <ele>901.000</ele>
      </trkpt>
      <trkpt lat="42.345050000" lon="-3.187930000">
        <ele>903.000</ele>
      </trkpt>
      <trkpt lat="42.344970000" lon="-3.187840000">
        <ele>905.000</ele>
      </trkpt>
      <trkpt lat="42.344910000" lon="-3.187780000">
        <ele>906.000</ele>
      </trkpt>
      <trkpt lat="42.344680000" lon="-3.187510000">
        <ele>907.000</ele>
      </trkpt>
      <trkpt lat="42.344500000" lon="-3.187300000">
        <ele>908.000</ele>
      </trkpt>
      <trkpt lat="42.344230000" lon="-3.187000000">
        <ele>909.000</ele>
      </trkpt>
      <trkpt lat="42.344220000" lon="-3.186990000">
        <ele>909.000</ele>
      </trkpt>
      <trkpt lat="42.344090000" lon="-3.186830000">
        <ele>910.000</ele>
      </trkpt>
      <trkpt lat="42.343950000" lon="-3.186670000">
        <ele>911.000</ele>
      </trkpt>
      <trkpt lat="42.343770000" lon="-3.186460000">
        <ele>911.000</ele>
      </trkpt>
      <trkpt lat="42.343680000" lon="-3.186360000">
        <ele>912.000</ele>
      </trkpt>
      <trkpt lat="42.343540000" lon="-3.186200000">
        <ele>912.000</ele>
      </trkpt>
      <trkpt lat="42.343370000" lon="-3.186000000">
        <ele>913.000</ele>
      </trkpt>
      <trkpt lat="42.343090000" lon="-3.185700000">
        <ele>914.000</ele>
      </trkpt>
      <trkpt lat="42.342710000" lon="-3.185240000">
        <ele>915.000</ele>
      </trkpt>
      <trkpt lat="42.342550000" lon="-3.185070000">
        <ele>915.000</ele>
      </trkpt>
      <trkpt lat="42.342430000" lon="-3.184960000">
        <ele>916.000</ele>
      </trkpt>
      <trkpt lat="42.342200000" lon="-3.184720000">
        <ele>917.000</ele>
      </trkpt>
      <trkpt lat="42.342110000" lon="-3.184610000">
        <ele>917.000</ele>
      </trkpt>
      <trkpt lat="42.342010000" lon="-3.184500000">
        <ele>918.000</ele>
      </trkpt>
      <trkpt lat="42.341910000" lon="-3.184370000">
        <ele>919.000</ele>
      </trkpt>
      <trkpt lat="42.341700000" lon="-3.184120000">
        <ele>919.000</ele>
      </trkpt>
      <trkpt lat="42.341610000" lon="-3.184020000">
        <ele>920.000</ele>
      </trkpt>
      <trkpt lat="42.341470000" lon="-3.183870000">
        <ele>921.000</ele>
      </trkpt>
      <trkpt lat="42.341400000" lon="-3.183790000">
        <ele>921.000</ele>
      </trkpt>
      <trkpt lat="42.341330000" lon="-3.183710000">
        <ele>922.000</ele>
      </trkpt>
      <trkpt lat="42.341310000" lon="-3.183680000">
        <ele>922.000</ele>
      </trkpt>
      <trkpt lat="42.341190000" lon="-3.183560000">
        <ele>923.000</ele>
      </trkpt>
      <trkpt lat="42.341090000" lon="-3.183450000">
        <ele>923.000</ele>
      </trkpt>
      <trkpt lat="42.341050000" lon="-3.183410000">
        <ele>924.000</ele>
      </trkpt>
      <trkpt lat="42.340580000" lon="-3.182860000">
        <ele>925.000</ele>
      </trkpt>
      <trkpt lat="42.340480000" lon="-3.182750000">
        <ele>926.000</ele>
      </trkpt>
      <trkpt lat="42.340230000" lon="-3.182460000">
        <ele>926.000</ele>
      </trkpt>
      <trkpt lat="42.340200000" lon="-3.182420000">
        <ele>926.000</ele>
      </trkpt>
      <trkpt lat="42.340090000" lon="-3.182300000">
        <ele>926.000</ele>
      </trkpt>
      <trkpt lat="42.340090000" lon="-3.182300000">
        <ele>926.000</ele>
      </trkpt>
      <trkpt lat="42.340080000" lon="-3.182060000">
        <ele>925.000</ele>
      </trkpt>
      <trkpt lat="42.340080000" lon="-3.182000000">
        <ele>925.000</ele>
      </trkpt>
      <trkpt lat="42.340090000" lon="-3.181520000">
        <ele>925.000</ele>
      </trkpt>
      <trkpt lat="42.340090000" lon="-3.181020000">
        <ele>924.000</ele>
      </trkpt>
      <trkpt lat="42.340090000" lon="-3.180600000">
        <ele>923.000</ele>
      </trkpt>
      <trkpt lat="42.340080000" lon="-3.180360000">
        <ele>923.000</ele>
      </trkpt>
      <trkpt lat="42.340080000" lon="-3.180110000">
        <ele>922.000</ele>
      </trkpt>
      <trkpt lat="42.340080000" lon="-3.179990000">
        <ele>922.000</ele>
      </trkpt>
      <trkpt lat="42.340080000" lon="-3.179870000">
        <ele>921.000</ele>
      </trkpt>
      <trkpt lat="42.340080000" lon="-3.179700000">
        <ele>921.000</ele>
      </trkpt>
      <trkpt lat="42.340090000" lon="-3.179630000">
        <ele>921.000</ele>
      </trkpt>
      <trkpt lat="42.340100000" lon="-3.179520000">
        <ele>921.000</ele>
      </trkpt>
      <trkpt lat="42.340150000" lon="-3.179300000">
        <ele>921.000</ele>
      </trkpt>
      <trkpt lat="42.340220000" lon="-3.179000000">
        <ele>921.000</ele>
      </trkpt>
      <trkpt lat="42.340290000" lon="-3.178780000">
        <ele>920.000</ele>
      </trkpt>
      <trkpt lat="42.340350000" lon="-3.178440000">
        <ele>920.000</ele>
      </trkpt>
      <trkpt lat="42.340390000" lon="-3.178170000">
        <ele>920.000</ele>
      </trkpt>
      <trkpt lat="42.340420000" lon="-3.177950000">
        <ele>920.000</ele>
      </trkpt>
      <trkpt lat="42.340440000" lon="-3.177730000">
        <ele>920.000</ele>
      </trkpt>
      <trkpt lat="42.340510000" lon="-3.176920000">
        <ele>919.000</ele>
      </trkpt>
      <trkpt lat="42.340520000" lon="-3.176840000">
        <ele>919.000</ele>
      </trkpt>
      <trkpt lat="42.340550000" lon="-3.176600000">
        <ele>919.000</ele>
      </trkpt>
      <trkpt lat="42.340560000" lon="-3.176510000">
        <ele>919.000</ele>
      </trkpt>
      <trkpt lat="42.340580000" lon="-3.176320000">
        <ele>918.000</ele>
      </trkpt>
      <trkpt lat="42.340590000" lon="-3.176100000">
        <ele>918.000</ele>
      </trkpt>
      <trkpt lat="42.340590000" lon="-3.175890000">
        <ele>918.000</ele>
      </trkpt>
      <trkpt lat="42.340590000" lon="-3.175870000">
        <ele>918.000</ele>
      </trkpt>
      <trkpt lat="42.340580000" lon="-3.175780000">
        <ele>918.000</ele>
      </trkpt>
      <trkpt lat="42.340560000" lon="-3.175680000">
        <ele>918.000</ele>
      </trkpt>
      <trkpt lat="42.340530000" lon="-3.175550000">
        <ele>918.000</ele>
      </trkpt>
      <trkpt lat="42.340520000" lon="-3.175500000">
        <ele>918.000</ele>
      </trkpt>
      <trkpt lat="42.340460000" lon="-3.175340000">
        <ele>918.000</ele>
      </trkpt>
      <trkpt lat="42.340390000" lon="-3.175170000">
        <ele>918.000</ele>
      </trkpt>
      <trkpt lat="42.340380000" lon="-3.175140000">
        <ele>918.000</ele>
      </trkpt>
      <trkpt lat="42.340320000" lon="-3.175030000">
        <ele>919.000</ele>
      </trkpt>
      <trkpt lat="42.340100000" lon="-3.174650000">
        <ele>919.000</ele>
      </trkpt>
      <trkpt lat="42.340090000" lon="-3.174610000">
        <ele>920.000</ele>
      </trkpt>
      <trkpt lat="42.340080000" lon="-3.174610000">
        <ele>920.000</ele>
      </trkpt>
      <trkpt lat="42.339740000" lon="-3.174060000">
        <ele>920.000</ele>
      </trkpt>
      <trkpt lat="42.339610000" lon="-3.173860000">
        <ele>921.000</ele>
      </trkpt>
      <trkpt lat="42.339580000" lon="-3.173800000">
        <ele>922.000</ele>
      </trkpt>
      <trkpt lat="42.339370000" lon="-3.173510000">
        <ele>922.000</ele>
      </trkpt>
      <trkpt lat="42.339240000" lon="-3.173340000">
        <ele>923.000</ele>
      </trkpt>
      <trkpt lat="42.338970000" lon="-3.172990000">
        <ele>923.000</ele>
      </trkpt>
      <trkpt lat="42.338810000" lon="-3.172840000">
        <ele>924.000</ele>
      </trkpt>
      <trkpt lat="42.338660000" lon="-3.172710000">
        <ele>924.000</ele>
      </trkpt>
      <trkpt lat="42.338650000" lon="-3.172700000">
        <ele>924.000</ele>
      </trkpt>
      <trkpt lat="42.338530000" lon="-3.172590000">
        <ele>924.000</ele>
      </trkpt>
      <trkpt lat="42.338510000" lon="-3.172580000">
        <ele>924.000</ele>
      </trkpt>
      <trkpt lat="42.338420000" lon="-3.172480000">
        <ele>925.000</ele>
      </trkpt>
      <trkpt lat="42.338370000" lon="-3.172410000">
        <ele>925.000</ele>
      </trkpt>
      <trkpt lat="42.338310000" lon="-3.172320000">
        <ele>925.000</ele>
      </trkpt>
      <trkpt lat="42.338290000" lon="-3.172310000">
        <ele>925.000</ele>
      </trkpt>
      <trkpt lat="42.338210000" lon="-3.172160000">
        <ele>925.000</ele>
      </trkpt>
      <trkpt lat="42.338080000" lon="-3.171950000">
        <ele>925.000</ele>
      </trkpt>
      <trkpt lat="42.338050000" lon="-3.171890000">
        <ele>925.000</ele>
      </trkpt>
      <trkpt lat="42.337920000" lon="-3.171660000">
        <ele>925.000</ele>
      </trkpt>
      <trkpt lat="42.337730000" lon="-3.171330000">
        <ele>926.000</ele>
      </trkpt>
      <trkpt lat="42.337570000" lon="-3.171040000">
        <ele>926.000</ele>
      </trkpt>
      <trkpt lat="42.337480000" lon="-3.170880000">
        <ele>926.000</ele>
      </trkpt>
      <trkpt lat="42.337290000" lon="-3.170550000">
        <ele>926.000</ele>
      </trkpt>
      <trkpt lat="42.336980000" lon="-3.170020000">
        <ele>927.000</ele>
      </trkpt>
      <trkpt lat="42.336870000" lon="-3.169850000">
        <ele>927.000</ele>
      </trkpt>
      <trkpt lat="42.336750000" lon="-3.169640000">
        <ele>927.000</ele>
      </trkpt>
      <trkpt lat="42.336600000" lon="-3.169410000">
        <ele>927.000</ele>
      </trkpt>
      <trkpt lat="42.336550000" lon="-3.169330000">
        <ele>927.000</ele>
      </trkpt>
      <trkpt lat="42.336520000" lon="-3.169300000">
        <ele>927.000</ele>
      </trkpt>
      <trkpt lat="42.336500000" lon="-3.169270000">
        <ele>927.000</ele>
      </trkpt>
      <trkpt lat="42.336420000" lon="-3.169180000">
        <ele>927.000</ele>
      </trkpt>
      <trkpt lat="42.336380000" lon="-3.169140000">
        <ele>927.000</ele>
      </trkpt>
      <trkpt lat="42.336360000" lon="-3.169120000">
        <ele>927.000</ele>
      </trkpt>
      <trkpt lat="42.336290000" lon="-3.169060000">
        <ele>927.000</ele>
      </trkpt>
      <trkpt lat="42.336230000" lon="-3.169010000">
        <ele>926.000</ele>
      </trkpt>
      <trkpt lat="42.336180000" lon="-3.168980000">
        <ele>926.000</ele>
      </trkpt>
      <trkpt lat="42.335910000" lon="-3.168800000">
        <ele>926.000</ele>
      </trkpt>
      <trkpt lat="42.335530000" lon="-3.168570000">
        <ele>926.000</ele>
      </trkpt>
      <trkpt lat="42.335040000" lon="-3.168260000">
        <ele>925.000</ele>
      </trkpt>
      <trkpt lat="42.334660000" lon="-3.168000000">
        <ele>925.000</ele>
      </trkpt>
      <trkpt lat="42.334610000" lon="-3.167970000">
        <ele>925.000</ele>
      </trkpt>
      <trkpt lat="42.334550000" lon="-3.167920000">
        <ele>925.000</ele>
      </trkpt>
      <trkpt lat="42.334510000" lon="-3.167880000">
        <ele>924.000</ele>
      </trkpt>
      <trkpt lat="42.334460000" lon="-3.167820000">
        <ele>924.000</ele>
      </trkpt>
      <trkpt lat="42.334450000" lon="-3.167810000">
        <ele>924.000</ele>
      </trkpt>
      <trkpt lat="42.334410000" lon="-3.167760000">
        <ele>924.000</ele>
      </trkpt>
      <trkpt lat="42.334360000" lon="-3.167700000">
        <ele>924.000</ele>
      </trkpt>
      <trkpt lat="42.334330000" lon="-3.167650000">
        <ele>924.000</ele>
      </trkpt>
      <trkpt lat="42.334290000" lon="-3.167590000">
        <ele>924.000</ele>
      </trkpt>
      <trkpt lat="42.334220000" lon="-3.167490000">
        <ele>924.000</ele>
      </trkpt>
      <trkpt lat="42.334160000" lon="-3.167390000">
        <ele>924.000</ele>
      </trkpt>
      <trkpt lat="42.334000000" lon="-3.167140000">
        <ele>924.000</ele>
      </trkpt>
      <trkpt lat="42.333980000" lon="-3.167100000">
        <ele>924.000</ele>
      </trkpt>
      <trkpt lat="42.333670000" lon="-3.166620000">
        <ele>924.000</ele>
      </trkpt>
      <trkpt lat="42.333410000" lon="-3.166210000">
        <ele>924.000</ele>
      </trkpt>
      <trkpt lat="42.333390000" lon="-3.166180000">
        <ele>924.000</ele>
      </trkpt>
      <trkpt lat="42.332490000" lon="-3.164740000">
        <ele>924.000</ele>
      </trkpt>
      <trkpt lat="42.332220000" lon="-3.164290000">
        <ele>925.000</ele>
      </trkpt>
      <trkpt lat="42.332000000" lon="-3.163940000">
        <ele>925.000</ele>
      </trkpt>
      <trkpt lat="42.331620000" lon="-3.163330000">
        <ele>926.000</ele>
      </trkpt>
      <trkpt lat="42.331000000" lon="-3.162330000">
        <ele>927.000</ele>
      </trkpt>
      <trkpt lat="42.330460000" lon="-3.161450000">
        <ele>928.000</ele>
      </trkpt>
      <trkpt lat="42.330160000" lon="-3.160960000">
        <ele>929.000</ele>
      </trkpt>
      <trkpt lat="42.329930000" lon="-3.160590000">
        <ele>930.000</ele>
      </trkpt>
      <trkpt lat="42.329130000" lon="-3.159320000">
        <ele>931.000</ele>
      </trkpt>
      <trkpt lat="42.328480000" lon="-3.158250000">
        <ele>933.000</ele>
      </trkpt>
      <trkpt lat="42.328140000" lon="-3.157730000">
        <ele>934.000</ele>
      </trkpt>
      <trkpt lat="42.327830000" lon="-3.157230000">
        <ele>936.000</ele>
      </trkpt>
      <trkpt lat="42.327640000" lon="-3.156930000">
        <ele>937.000</ele>
      </trkpt>
      <trkpt lat="42.327180000" lon="-3.156180000">
        <ele>938.000</ele>
      </trkpt>
      <trkpt lat="42.326760000" lon="-3.155500000">
        <ele>940.000</ele>
      </trkpt>
      <trkpt lat="42.325920000" lon="-3.154150000">
        <ele>942.000</ele>
      </trkpt>
      <trkpt lat="42.325910000" lon="-3.154130000">
        <ele>944.000</ele>
      </trkpt>
      <trkpt lat="42.325860000" lon="-3.154040000">
        <ele>945.000</ele>
      </trkpt>
      <trkpt lat="42.325850000" lon="-3.154030000">
        <ele>945.000</ele>
      </trkpt>
      <trkpt lat="42.325270000" lon="-3.153100000">
        <ele>946.000</ele>
      </trkpt>
      <trkpt lat="42.324780000" lon="-3.152290000">
        <ele>947.000</ele>
      </trkpt>
      <trkpt lat="42.324670000" lon="-3.152120000">
        <ele>948.000</ele>
      </trkpt>
      <trkpt lat="42.324560000" lon="-3.151930000">
        <ele>949.000</ele>
      </trkpt>
      <trkpt lat="42.324500000" lon="-3.151830000">
        <ele>949.000</ele>
      </trkpt>
      <trkpt lat="42.324440000" lon="-3.151750000">
        <ele>949.000</ele>
      </trkpt>
      <trkpt lat="42.324260000" lon="-3.151450000">
        <ele>950.000</ele>
      </trkpt>
      <trkpt lat="42.324150000" lon="-3.151260000">
        <ele>950.000</ele>
      </trkpt>
      <trkpt lat="42.324040000" lon="-3.151110000">
        <ele>950.000</ele>
      </trkpt>
      <trkpt lat="42.323940000" lon="-3.150990000">
        <ele>951.000</ele>
      </trkpt>
      <trkpt lat="42.323750000" lon="-3.150780000">
        <ele>951.000</ele>
      </trkpt>
      <trkpt lat="42.323690000" lon="-3.150720000">
        <ele>951.000</ele>
      </trkpt>
      <trkpt lat="42.323540000" lon="-3.150570000">
        <ele>951.000</ele>
      </trkpt>
      <trkpt lat="42.323490000" lon="-3.150520000">
        <ele>951.000</ele>
      </trkpt>
      <trkpt lat="42.323110000" lon="-3.150140000">
        <ele>952.000</ele>
      </trkpt>
      <trkpt lat="42.323030000" lon="-3.150070000">
        <ele>952.000</ele>
      </trkpt>
      <trkpt lat="42.322870000" lon="-3.149920000">
        <ele>952.000</ele>
      </trkpt>
      <trkpt lat="42.322760000" lon="-3.149780000">
        <ele>953.000</ele>
      </trkpt>
      <trkpt lat="42.322580000" lon="-3.149520000">
        <ele>953.000</ele>
      </trkpt>
      <trkpt lat="42.322450000" lon="-3.149280000">
        <ele>954.000</ele>
      </trkpt>
      <trkpt lat="42.322350000" lon="-3.149110000">
        <ele>954.000</ele>
      </trkpt>
      <trkpt lat="42.322300000" lon="-3.149020000">
        <ele>955.000</ele>
      </trkpt>
      <trkpt lat="42.322160000" lon="-3.148770000">
        <ele>955.000</ele>
      </trkpt>
      <trkpt lat="42.322130000" lon="-3.148730000">
        <ele>955.000</ele>
      </trkpt>
      <trkpt lat="42.322020000" lon="-3.148540000">
        <ele>956.000</ele>
      </trkpt>
      <trkpt lat="42.322000000" lon="-3.148520000">
        <ele>956.000</ele>
      </trkpt>
      <trkpt lat="42.321730000" lon="-3.148090000">
        <ele>956.000</ele>
      </trkpt>
      <trkpt lat="42.321540000" lon="-3.147820000">
        <ele>957.000</ele>
      </trkpt>
      <trkpt lat="42.321390000" lon="-3.147630000">
        <ele>957.000</ele>
      </trkpt>
      <trkpt lat="42.321290000" lon="-3.147470000">
        <ele>957.000</ele>
      </trkpt>
      <trkpt lat="42.321230000" lon="-3.147370000">
        <ele>957.000</ele>
      </trkpt>
      <trkpt lat="42.320980000" lon="-3.146870000">
        <ele>957.000</ele>
      </trkpt>
      <trkpt lat="42.320960000" lon="-3.146820000">
        <ele>957.000</ele>
      </trkpt>
      <trkpt lat="42.320720000" lon="-3.146340000">
        <ele>957.000</ele>
      </trkpt>
      <trkpt lat="42.320680000" lon="-3.146260000">
        <ele>957.000</ele>
      </trkpt>
      <trkpt lat="42.320470000" lon="-3.145870000">
        <ele>957.000</ele>
      </trkpt>
      <trkpt lat="42.320370000" lon="-3.145670000">
        <ele>958.000</ele>
      </trkpt>
      <trkpt lat="42.320210000" lon="-3.145360000">
        <ele>958.000</ele>
      </trkpt>
      <trkpt lat="42.319870000" lon="-3.144700000">
        <ele>959.000</ele>
      </trkpt>
      <trkpt lat="42.319510000" lon="-3.144020000">
        <ele>960.000</ele>
      </trkpt>
      <trkpt lat="42.319240000" lon="-3.143480000">
        <ele>961.000</ele>
      </trkpt>
      <trkpt lat="42.319230000" lon="-3.143470000">
        <ele>961.000</ele>
      </trkpt>
      <trkpt lat="42.318940000" lon="-3.142860000">
        <ele>962.000</ele>
      </trkpt>
      <trkpt lat="42.318880000" lon="-3.142740000">
        <ele>963.000</ele>
      </trkpt>
      <trkpt lat="42.318840000" lon="-3.142660000">
        <ele>963.000</ele>
      </trkpt>
      <trkpt lat="42.318510000" lon="-3.142000000">
        <ele>964.000</ele>
      </trkpt>
      <trkpt lat="42.318460000" lon="-3.141880000">
        <ele>964.000</ele>
      </trkpt>
      <trkpt lat="42.318380000" lon="-3.141710000">
        <ele>965.000</ele>
      </trkpt>
      <trkpt lat="42.318280000" lon="-3.141500000">
        <ele>965.000</ele>
      </trkpt>
      <trkpt lat="42.318200000" lon="-3.141270000">
        <ele>966.000</ele>
      </trkpt>
      <trkpt lat="42.318130000" lon="-3.141090000">
        <ele>966.000</ele>
      </trkpt>
      <trkpt lat="42.317950000" lon="-3.140570000">
        <ele>967.000</ele>
      </trkpt>
      <trkpt lat="42.317890000" lon="-3.140390000">
        <ele>967.000</ele>
      </trkpt>
      <trkpt lat="42.317660000" lon="-3.139740000">
        <ele>968.000</ele>
      </trkpt>
      <trkpt lat="42.317640000" lon="-3.139670000">
        <ele>968.000</ele>
      </trkpt>
      <trkpt lat="42.317360000" lon="-3.138860000">
        <ele>969.000</ele>
      </trkpt>
      <trkpt lat="42.317240000" lon="-3.138520000">
        <ele>970.000</ele>
      </trkpt>
      <trkpt lat="42.317050000" lon="-3.137970000">
        <ele>971.000</ele>
      </trkpt>
      <trkpt lat="42.316990000" lon="-3.137800000">
        <ele>972.000</ele>
      </trkpt>
      <trkpt lat="42.316980000" lon="-3.137750000">
        <ele>972.000</ele>
      </trkpt>
      <trkpt lat="42.316960000" lon="-3.137700000">
        <ele>973.000</ele>
      </trkpt>
      <trkpt lat="42.316930000" lon="-3.137640000">
        <ele>973.000</ele>
      </trkpt>
      <trkpt lat="42.316910000" lon="-3.137590000">
        <ele>973.000</ele>
      </trkpt>
      <trkpt lat="42.316880000" lon="-3.137540000">
        <ele>974.000</ele>
      </trkpt>
      <trkpt lat="42.316790000" lon="-3.137370000">
        <ele>974.000</ele>
      </trkpt>
      <trkpt lat="42.316780000" lon="-3.137360000">
        <ele>974.000</ele>
      </trkpt>
      <trkpt lat="42.316720000" lon="-3.137270000">
        <ele>974.000</ele>
      </trkpt>
      <trkpt lat="42.316670000" lon="-3.137200000">
        <ele>975.000</ele>
      </trkpt>
      <trkpt lat="42.316590000" lon="-3.137100000">
        <ele>975.000</ele>
      </trkpt>
      <trkpt lat="42.316520000" lon="-3.137040000">
        <ele>975.000</ele>
      </trkpt>
      <trkpt lat="42.316350000" lon="-3.136850000">
        <ele>976.000</ele>
      </trkpt>
      <trkpt lat="42.316200000" lon="-3.136690000">
        <ele>976.000</ele>
      </trkpt>
      <trkpt lat="42.316150000" lon="-3.136630000">
        <ele>976.000</ele>
      </trkpt>
      <trkpt lat="42.316000000" lon="-3.136450000">
        <ele>977.000</ele>
      </trkpt>
      <trkpt lat="42.315930000" lon="-3.136380000">
        <ele>977.000</ele>
      </trkpt>
      <trkpt lat="42.315850000" lon="-3.136290000">
        <ele>977.000</ele>
      </trkpt>
      <trkpt lat="42.315730000" lon="-3.136160000">
        <ele>977.000</ele>
      </trkpt>
      <trkpt lat="42.315720000" lon="-3.136150000">
        <ele>978.000</ele>
      </trkpt>
      <trkpt lat="42.315580000" lon="-3.135880000">
        <ele>978.000</ele>
      </trkpt>
      <trkpt lat="42.315500000" lon="-3.135730000">
        <ele>978.000</ele>
      </trkpt>
      <trkpt lat="42.315450000" lon="-3.135620000">
        <ele>978.000</ele>
      </trkpt>
      <trkpt lat="42.315410000" lon="-3.135550000">
        <ele>978.000</ele>
      </trkpt>
      <trkpt lat="42.315300000" lon="-3.135310000">
        <ele>979.000</ele>
      </trkpt>
      <trkpt lat="42.315200000" lon="-3.135100000">
        <ele>979.000</ele>
      </trkpt>
      <trkpt lat="42.315180000" lon="-3.135050000">
        <ele>979.000</ele>
      </trkpt>
      <trkpt lat="42.315160000" lon="-3.134990000">
        <ele>979.000</ele>
      </trkpt>
      <trkpt lat="42.315130000" lon="-3.134890000">
        <ele>979.000</ele>
      </trkpt>
      <trkpt lat="42.315090000" lon="-3.134740000">
        <ele>979.000</ele>
      </trkpt>
      <trkpt lat="42.315070000" lon="-3.134680000">
        <ele>979.000</ele>
      </trkpt>
      <trkpt lat="42.315020000" lon="-3.134540000">
        <ele>979.000</ele>
      </trkpt>
      <trkpt lat="42.315010000" lon="-3.134500000">
        <ele>979.000</ele>
      </trkpt>
      <trkpt lat="42.315000000" lon="-3.134470000">
        <ele>979.000</ele>
      </trkpt>
      <trkpt lat="42.314990000" lon="-3.134400000">
        <ele>979.000</ele>
      </trkpt>
      <trkpt lat="42.315020000" lon="-3.134320000">
        <ele>979.000</ele>
      </trkpt>
      <trkpt lat="42.315030000" lon="-3.134300000">
        <ele>979.000</ele>
      </trkpt>
      <trkpt lat="42.315030000" lon="-3.134290000">
        <ele>979.000</ele>
      </trkpt>
      <trkpt lat="42.315040000" lon="-3.134270000">
        <ele>979.000</ele>
      </trkpt>
      <trkpt lat="42.315040000" lon="-3.134260000">
        <ele>979.000</ele>
      </trkpt>
      <trkpt lat="42.315050000" lon="-3.134240000">
        <ele>979.000</ele>
      </trkpt>
      <trkpt lat="42.315060000" lon="-3.134240000">
        <ele>979.000</ele>
      </trkpt>
      <trkpt lat="42.315070000" lon="-3.134230000">
        <ele>979.000</ele>
      </trkpt>
      <trkpt lat="42.315080000" lon="-3.134220000">
        <ele>979.000</ele>
      </trkpt>
      <trkpt lat="42.315080000" lon="-3.134210000">
        <ele>979.000</ele>
      </trkpt>
      <trkpt lat="42.315260000" lon="-3.134060000">
        <ele>979.000</ele>
      </trkpt>
      <trkpt lat="42.315290000" lon="-3.134030000">
        <ele>979.000</ele>
      </trkpt>
      <trkpt lat="42.315440000" lon="-3.133890000">
        <ele>979.000</ele>
      </trkpt>
      <trkpt lat="42.315460000" lon="-3.133860000">
        <ele>979.000</ele>
      </trkpt>
      <trkpt lat="42.315530000" lon="-3.133800000">
        <ele>979.000</ele>
      </trkpt>
      <trkpt lat="42.315550000" lon="-3.133760000">
        <ele>979.000</ele>
      </trkpt>
      <trkpt lat="42.315570000" lon="-3.133730000">
        <ele>979.000</ele>
      </trkpt>
      <trkpt lat="42.315590000" lon="-3.133690000">
        <ele>979.000</ele>
      </trkpt>
      <trkpt lat="42.315620000" lon="-3.133600000">
        <ele>979.000</ele>
      </trkpt>
      <trkpt lat="42.315680000" lon="-3.133400000">
        <ele>979.000</ele>
      </trkpt>
      <trkpt lat="42.315690000" lon="-3.133370000">
        <ele>979.000</ele>
      </trkpt>
      <trkpt lat="42.315710000" lon="-3.133290000">
        <ele>979.000</ele>
      </trkpt>
      <trkpt lat="42.315720000" lon="-3.133280000">
        <ele>979.000</ele>
      </trkpt>
      <trkpt lat="42.315750000" lon="-3.133150000">
        <ele>979.000</ele>
      </trkpt>
      <trkpt lat="42.315760000" lon="-3.133130000">
        <ele>979.000</ele>
      </trkpt>
      <trkpt lat="42.315760000" lon="-3.133080000">
        <ele>979.000</ele>
      </trkpt>
      <trkpt lat="42.315760000" lon="-3.133060000">
        <ele>979.000</ele>
      </trkpt>
      <trkpt lat="42.315770000" lon="-3.133040000">
        <ele>979.000</ele>
      </trkpt>
      <trkpt lat="42.315770000" lon="-3.133030000">
        <ele>980.000</ele>
      </trkpt>
      <trkpt lat="42.315770000" lon="-3.132900000">
        <ele>980.000</ele>
      </trkpt>
      <trkpt lat="42.315780000" lon="-3.132810000">
        <ele>980.000</ele>
      </trkpt>
      <trkpt lat="42.315790000" lon="-3.132620000">
        <ele>981.000</ele>
      </trkpt>
      <trkpt lat="42.315790000" lon="-3.132440000">
        <ele>981.000</ele>
      </trkpt>
      <trkpt lat="42.315820000" lon="-3.131680000">
        <ele>983.000</ele>
      </trkpt>
      <trkpt lat="42.315820000" lon="-3.131580000">
        <ele>984.000</ele>
      </trkpt>
      <trkpt lat="42.315840000" lon="-3.131110000">
        <ele>986.000</ele>
      </trkpt>
      <trkpt lat="42.315850000" lon="-3.130960000">
        <ele>987.000</ele>
      </trkpt>
      <trkpt lat="42.315850000" lon="-3.130870000">
        <ele>989.000</ele>
      </trkpt>
      <trkpt lat="42.315860000" lon="-3.130840000">
        <ele>989.000</ele>
      </trkpt>
      <trkpt lat="42.315870000" lon="-3.130810000">
        <ele>990.000</ele>
      </trkpt>
      <trkpt lat="42.315880000" lon="-3.130780000">
        <ele>990.000</ele>
      </trkpt>
      <trkpt lat="42.315900000" lon="-3.130720000">
        <ele>991.000</ele>
      </trkpt>
      <trkpt lat="42.315940000" lon="-3.130660000">
        <ele>991.000</ele>
      </trkpt>
      <trkpt lat="42.316000000" lon="-3.130620000">
        <ele>992.000</ele>
      </trkpt>
      <trkpt lat="42.316010000" lon="-3.130610000">
        <ele>992.000</ele>
      </trkpt>
      <trkpt lat="42.316040000" lon="-3.130600000">
        <ele>992.000</ele>
      </trkpt>
      <trkpt lat="42.316090000" lon="-3.130590000">
        <ele>993.000</ele>
      </trkpt>
      <trkpt lat="42.316100000" lon="-3.130590000">
        <ele>993.000</ele>
      </trkpt>
      <trkpt lat="42.316140000" lon="-3.130590000">
        <ele>993.000</ele>
      </trkpt>
      <trkpt lat="42.316180000" lon="-3.130610000">
        <ele>993.000</ele>
      </trkpt>
      <trkpt lat="42.316210000" lon="-3.130640000">
        <ele>994.000</ele>
      </trkpt>
      <trkpt lat="42.316250000" lon="-3.130690000">
        <ele>994.000</ele>
      </trkpt>
      <trkpt lat="42.316250000" lon="-3.130700000">
        <ele>994.000</ele>
      </trkpt>
      <trkpt lat="42.316360000" lon="-3.130870000">
        <ele>995.000</ele>
      </trkpt>
      <trkpt lat="42.316450000" lon="-3.131000000">
        <ele>995.000</ele>
      </trkpt>
      <trkpt lat="42.316740000" lon="-3.131440000">
        <ele>997.000</ele>
      </trkpt>
      <trkpt lat="42.316840000" lon="-3.131600000">
        <ele>998.000</ele>
      </trkpt>
      <trkpt lat="42.317010000" lon="-3.131840000">
        <ele>1000.000</ele>
      </trkpt>
      <trkpt lat="42.317030000" lon="-3.131880000">
        <ele>1001.000</ele>
      </trkpt>
      <trkpt lat="42.317050000" lon="-3.131920000">
        <ele>1002.000</ele>
      </trkpt>
      <trkpt lat="42.317070000" lon="-3.131960000">
        <ele>1002.000</ele>
      </trkpt>
      <trkpt lat="42.317070000" lon="-3.131970000">
        <ele>1003.000</ele>
      </trkpt>
      <trkpt lat="42.317090000" lon="-3.132000000">
        <ele>1003.000</ele>
      </trkpt>
      <trkpt lat="42.317100000" lon="-3.132040000">
        <ele>1003.000</ele>
      </trkpt>
      <trkpt lat="42.317150000" lon="-3.132200000">
        <ele>1004.000</ele>
      </trkpt>
      <trkpt lat="42.317180000" lon="-3.132300000">
        <ele>1004.000</ele>
      </trkpt>
      <trkpt lat="42.317200000" lon="-3.132400000">
        <ele>1005.000</ele>
      </trkpt>
      <trkpt lat="42.317220000" lon="-3.132470000">
        <ele>1005.000</ele>
      </trkpt>
      <trkpt lat="42.317250000" lon="-3.132570000">
        <ele>1006.000</ele>
      </trkpt>
      <trkpt lat="42.317270000" lon="-3.132600000">
        <ele>1006.000</ele>
      </trkpt>
      <trkpt lat="42.317280000" lon="-3.132630000">
        <ele>1006.000</ele>
      </trkpt>
      <trkpt lat="42.317290000" lon="-3.132640000">
        <ele>1006.000</ele>
      </trkpt>
      <trkpt lat="42.317320000" lon="-3.132700000">
        <ele>1007.000</ele>
      </trkpt>
      <trkpt lat="42.317350000" lon="-3.132750000">
        <ele>1007.000</ele>
      </trkpt>
      <trkpt lat="42.317380000" lon="-3.132810000">
        <ele>1007.000</ele>
      </trkpt>
      <trkpt lat="42.317400000" lon="-3.132830000">
        <ele>1007.000</ele>
      </trkpt>
      <trkpt lat="42.317460000" lon="-3.132900000">
        <ele>1008.000</ele>
      </trkpt>
      <trkpt lat="42.317550000" lon="-3.133010000">
        <ele>1008.000</ele>
      </trkpt>
      <trkpt lat="42.317690000" lon="-3.133200000">
        <ele>1008.000</ele>
      </trkpt>
      <trkpt lat="42.317770000" lon="-3.133330000">
        <ele>1009.000</ele>
      </trkpt>
      <trkpt lat="42.317790000" lon="-3.133350000">
        <ele>1009.000</ele>
      </trkpt>
      <trkpt lat="42.317820000" lon="-3.133380000">
        <ele>1010.000</ele>
      </trkpt>
      <trkpt lat="42.317850000" lon="-3.133390000">
        <ele>1010.000</ele>
      </trkpt>
      <trkpt lat="42.317870000" lon="-3.133400000">
        <ele>1010.000</ele>
      </trkpt>
      <trkpt lat="42.317880000" lon="-3.133400000">
        <ele>1010.000</ele>
      </trkpt>
      <trkpt lat="42.317890000" lon="-3.133400000">
        <ele>1011.000</ele>
      </trkpt>
      <trkpt lat="42.317910000" lon="-3.133390000">
        <ele>1011.000</ele>
      </trkpt>
      <trkpt lat="42.317930000" lon="-3.133390000">
        <ele>1011.000</ele>
      </trkpt>
      <trkpt lat="42.317940000" lon="-3.133380000">
        <ele>1011.000</ele>
      </trkpt>
      <trkpt lat="42.317970000" lon="-3.133370000">
        <ele>1011.000</ele>
      </trkpt>
      <trkpt lat="42.318000000" lon="-3.133360000">
        <ele>1011.000</ele>
      </trkpt>
      <trkpt lat="42.318020000" lon="-3.133340000">
        <ele>1011.000</ele>
      </trkpt>
      <trkpt lat="42.318040000" lon="-3.133330000">
        <ele>1011.000</ele>
      </trkpt>
      <trkpt lat="42.318220000" lon="-3.133220000">
        <ele>1012.000</ele>
      </trkpt>
      <trkpt lat="42.318280000" lon="-3.133200000">
        <ele>1012.000</ele>
      </trkpt>
      <trkpt lat="42.318330000" lon="-3.133170000">
        <ele>1012.000</ele>
      </trkpt>
      <trkpt lat="42.318450000" lon="-3.133130000">
        <ele>1013.000</ele>
      </trkpt>
      <trkpt lat="42.318490000" lon="-3.133120000">
        <ele>1013.000</ele>
      </trkpt>
      <trkpt lat="42.318610000" lon="-3.133090000">
        <ele>1014.000</ele>
      </trkpt>
      <trkpt lat="42.318630000" lon="-3.133090000">
        <ele>1014.000</ele>
      </trkpt>
      <trkpt lat="42.318640000" lon="-3.133090000">
        <ele>1014.000</ele>
      </trkpt>
      <trkpt lat="42.318650000" lon="-3.133100000">
        <ele>1014.000</ele>
      </trkpt>
      <trkpt lat="42.318670000" lon="-3.133110000">
        <ele>1015.000</ele>
      </trkpt>
      <trkpt lat="42.318690000" lon="-3.133120000">
        <ele>1015.000</ele>
      </trkpt>
      <trkpt lat="42.318700000" lon="-3.133130000">
        <ele>1015.000</ele>
      </trkpt>
      <trkpt lat="42.318710000" lon="-3.133150000">
        <ele>1015.000</ele>
      </trkpt>
      <trkpt lat="42.318720000" lon="-3.133170000">
        <ele>1015.000</ele>
      </trkpt>
      <trkpt lat="42.318730000" lon="-3.133200000">
        <ele>1015.000</ele>
      </trkpt>
      <trkpt lat="42.318740000" lon="-3.133230000">
        <ele>1015.000</ele>
      </trkpt>
      <trkpt lat="42.318740000" lon="-3.133250000">
        <ele>1015.000</ele>
      </trkpt>
      <trkpt lat="42.318720000" lon="-3.133380000">
        <ele>1016.000</ele>
      </trkpt>
      <trkpt lat="42.318700000" lon="-3.133490000">
        <ele>1016.000</ele>
      </trkpt>
      <trkpt lat="42.318680000" lon="-3.133550000">
        <ele>1016.000</ele>
      </trkpt>
      <trkpt lat="42.318670000" lon="-3.133600000">
        <ele>1017.000</ele>
      </trkpt>
      <trkpt lat="42.318670000" lon="-3.133640000">
        <ele>1017.000</ele>
      </trkpt>
      <trkpt lat="42.318670000" lon="-3.133700000">
        <ele>1017.000</ele>
      </trkpt>
      <trkpt lat="42.318680000" lon="-3.133760000">
        <ele>1017.000</ele>
      </trkpt>
      <trkpt lat="42.318700000" lon="-3.133820000">
        <ele>1017.000</ele>
      </trkpt>
      <trkpt lat="42.318710000" lon="-3.133880000">
        <ele>1018.000</ele>
      </trkpt>
      <trkpt lat="42.318740000" lon="-3.133960000">
        <ele>1018.000</ele>
      </trkpt>
      <trkpt lat="42.318810000" lon="-3.134280000">
        <ele>1019.000</ele>
      </trkpt>
      <trkpt lat="42.318840000" lon="-3.134460000">
        <ele>1019.000</ele>
      </trkpt>
      <trkpt lat="42.318850000" lon="-3.134480000">
        <ele>1020.000</ele>
      </trkpt>
      <trkpt lat="42.318860000" lon="-3.134490000">
        <ele>1020.000</ele>
      </trkpt>
      <trkpt lat="42.318870000" lon="-3.134510000">
        <ele>1020.000</ele>
      </trkpt>
      <trkpt lat="42.318880000" lon="-3.134530000">
        <ele>1021.000</ele>
      </trkpt>
      <trkpt lat="42.318930000" lon="-3.134570000">
        <ele>1021.000</ele>
      </trkpt>
      <trkpt lat="42.319070000" lon="-3.134660000">
        <ele>1021.000</ele>
      </trkpt>
      <trkpt lat="42.319460000" lon="-3.134860000">
        <ele>1022.000</ele>
      </trkpt>
      <trkpt lat="42.319880000" lon="-3.135120000">
        <ele>1024.000</ele>
      </trkpt>
      <trkpt lat="42.320260000" lon="-3.135370000">
        <ele>1026.000</ele>
      </trkpt>
      <trkpt lat="42.320360000" lon="-3.135420000">
        <ele>1027.000</ele>
      </trkpt>
      <trkpt lat="42.320450000" lon="-3.135470000">
        <ele>1028.000</ele>
      </trkpt>
      <trkpt lat="42.320500000" lon="-3.135480000">
        <ele>1029.000</ele>
      </trkpt>
      <trkpt lat="42.320540000" lon="-3.135480000">
        <ele>1029.000</ele>
      </trkpt>
      <trkpt lat="42.320570000" lon="-3.135470000">
        <ele>1030.000</ele>
      </trkpt>
      <trkpt lat="42.320590000" lon="-3.135460000">
        <ele>1030.000</ele>
      </trkpt>
      <trkpt lat="42.320620000" lon="-3.135450000">
        <ele>1030.000</ele>
      </trkpt>
      <trkpt lat="42.320640000" lon="-3.135430000">
        <ele>1031.000</ele>
      </trkpt>
      <trkpt lat="42.320670000" lon="-3.135410000">
        <ele>1031.000</ele>
      </trkpt>
      <trkpt lat="42.320690000" lon="-3.135370000">
        <ele>1031.000</ele>
      </trkpt>
      <trkpt lat="42.320700000" lon="-3.135340000">
        <ele>1031.000</ele>
      </trkpt>
      <trkpt lat="42.320710000" lon="-3.135320000">
        <ele>1031.000</ele>
      </trkpt>
      <trkpt lat="42.320710000" lon="-3.135290000">
        <ele>1031.000</ele>
      </trkpt>
      <trkpt lat="42.320710000" lon="-3.135260000">
        <ele>1032.000</ele>
      </trkpt>
      <trkpt lat="42.320710000" lon="-3.135230000">
        <ele>1032.000</ele>
      </trkpt>
      <trkpt lat="42.320700000" lon="-3.135200000">
        <ele>1032.000</ele>
      </trkpt>
      <trkpt lat="42.320690000" lon="-3.135170000">
        <ele>1032.000</ele>
      </trkpt>
      <trkpt lat="42.320640000" lon="-3.135080000">
        <ele>1032.000</ele>
      </trkpt>
      <trkpt lat="42.320600000" lon="-3.135030000">
        <ele>1032.000</ele>
      </trkpt>
      <trkpt lat="42.320360000" lon="-3.134770000">
        <ele>1033.000</ele>
      </trkpt>
      <trkpt lat="42.320120000" lon="-3.134510000">
        <ele>1034.000</ele>
      </trkpt>
      <trkpt lat="42.320110000" lon="-3.134490000">
        <ele>1035.000</ele>
      </trkpt>
      <trkpt lat="42.320050000" lon="-3.134420000">
        <ele>1035.000</ele>
      </trkpt>
      <trkpt lat="42.320010000" lon="-3.134340000">
        <ele>1036.000</ele>
      </trkpt>
      <trkpt lat="42.320000000" lon="-3.134330000">
        <ele>1036.000</ele>
      </trkpt>
      <trkpt lat="42.319980000" lon="-3.134280000">
        <ele>1037.000</ele>
      </trkpt>
      <trkpt lat="42.319950000" lon="-3.134220000">
        <ele>1037.000</ele>
      </trkpt>
      <trkpt lat="42.319910000" lon="-3.134140000">
        <ele>1037.000</ele>
      </trkpt>
      <trkpt lat="42.319890000" lon="-3.134060000">
        <ele>1038.000</ele>
      </trkpt>
      <trkpt lat="42.319860000" lon="-3.133960000">
        <ele>1038.000</ele>
      </trkpt>
      <trkpt lat="42.319840000" lon="-3.133850000">
        <ele>1039.000</ele>
      </trkpt>
      <trkpt lat="42.319800000" lon="-3.133620000">
        <ele>1039.000</ele>
      </trkpt>
      <trkpt lat="42.319770000" lon="-3.133260000">
        <ele>1040.000</ele>
      </trkpt>
      <trkpt lat="42.319780000" lon="-3.133070000">
        <ele>1041.000</ele>
      </trkpt>
      <trkpt lat="42.319810000" lon="-3.132930000">
        <ele>1042.000</ele>
      </trkpt>
      <trkpt lat="42.319930000" lon="-3.132620000">
        <ele>1043.000</ele>
      </trkpt>
      <trkpt lat="42.319980000" lon="-3.132510000">
        <ele>1043.000</ele>
      </trkpt>
      <trkpt lat="42.320000000" lon="-3.132460000">
        <ele>1044.000</ele>
      </trkpt>
      <trkpt lat="42.320030000" lon="-3.132380000">
        <ele>1045.000</ele>
      </trkpt>
      <trkpt lat="42.320070000" lon="-3.132300000">
        <ele>1045.000</ele>
      </trkpt>
      <trkpt lat="42.320080000" lon="-3.132270000">
        <ele>1045.000</ele>
      </trkpt>
      <trkpt lat="42.320090000" lon="-3.132200000">
        <ele>1046.000</ele>
      </trkpt>
      <trkpt lat="42.320100000" lon="-3.132150000">
        <ele>1046.000</ele>
      </trkpt>
      <trkpt lat="42.320100000" lon="-3.132100000">
        <ele>1046.000</ele>
      </trkpt>
      <trkpt lat="42.320090000" lon="-3.132040000">
        <ele>1047.000</ele>
      </trkpt>
      <trkpt lat="42.320080000" lon="-3.132000000">
        <ele>1047.000</ele>
      </trkpt>
      <trkpt lat="42.320040000" lon="-3.131950000">
        <ele>1047.000</ele>
      </trkpt>
      <trkpt lat="42.320010000" lon="-3.131910000">
        <ele>1047.000</ele>
      </trkpt>
      <trkpt lat="42.319850000" lon="-3.131720000">
        <ele>1048.000</ele>
      </trkpt>
      <trkpt lat="42.319690000" lon="-3.131540000">
        <ele>1048.000</ele>
      </trkpt>
      <trkpt lat="42.319570000" lon="-3.131410000">
        <ele>1049.000</ele>
      </trkpt>
      <trkpt lat="42.319540000" lon="-3.131350000">
        <ele>1050.000</ele>
      </trkpt>
      <trkpt lat="42.319520000" lon="-3.131300000">
        <ele>1050.000</ele>
      </trkpt>
      <trkpt lat="42.319510000" lon="-3.131220000">
        <ele>1051.000</ele>
      </trkpt>
      <trkpt lat="42.319510000" lon="-3.131100000">
        <ele>1051.000</ele>
      </trkpt>
      <trkpt lat="42.319520000" lon="-3.131010000">
        <ele>1052.000</ele>
      </trkpt>
      <trkpt lat="42.319530000" lon="-3.130940000">
        <ele>1052.000</ele>
      </trkpt>
      <trkpt lat="42.319530000" lon="-3.130900000">
        <ele>1052.000</ele>
      </trkpt>
      <trkpt lat="42.319530000" lon="-3.130780000">
        <ele>1053.000</ele>
      </trkpt>
      <trkpt lat="42.319520000" lon="-3.130700000">
        <ele>1053.000</ele>
      </trkpt>
      <trkpt lat="42.319500000" lon="-3.130620000">
        <ele>1053.000</ele>
      </trkpt>
      <trkpt lat="42.319450000" lon="-3.130500000">
        <ele>1054.000</ele>
      </trkpt>
      <trkpt lat="42.319400000" lon="-3.130450000">
        <ele>1054.000</ele>
      </trkpt>
      <trkpt lat="42.319340000" lon="-3.130420000">
        <ele>1054.000</ele>
      </trkpt>
      <trkpt lat="42.319270000" lon="-3.130410000">
        <ele>1055.000</ele>
      </trkpt>
      <trkpt lat="42.319210000" lon="-3.130410000">
        <ele>1055.000</ele>
      </trkpt>
      <trkpt lat="42.319120000" lon="-3.130420000">
        <ele>1055.000</ele>
      </trkpt>
      <trkpt lat="42.319100000" lon="-3.130420000">
        <ele>1056.000</ele>
      </trkpt>
      <trkpt lat="42.319090000" lon="-3.130420000">
        <ele>1056.000</ele>
      </trkpt>
      <trkpt lat="42.319020000" lon="-3.130430000">
        <ele>1056.000</ele>
      </trkpt>
      <trkpt lat="42.318950000" lon="-3.130410000">
        <ele>1056.000</ele>
      </trkpt>
      <trkpt lat="42.318910000" lon="-3.130400000">
        <ele>1056.000</ele>
      </trkpt>
      <trkpt lat="42.318890000" lon="-3.130390000">
        <ele>1057.000</ele>
      </trkpt>
      <trkpt lat="42.318870000" lon="-3.130370000">
        <ele>1057.000</ele>
      </trkpt>
      <trkpt lat="42.318840000" lon="-3.130330000">
        <ele>1057.000</ele>
      </trkpt>
      <trkpt lat="42.318760000" lon="-3.130170000">
        <ele>1057.000</ele>
      </trkpt>
      <trkpt lat="42.318740000" lon="-3.130130000">
        <ele>1058.000</ele>
      </trkpt>
      <trkpt lat="42.318730000" lon="-3.130080000">
        <ele>1058.000</ele>
      </trkpt>
      <trkpt lat="42.318690000" lon="-3.129910000">
        <ele>1058.000</ele>
      </trkpt>
      <trkpt lat="42.318600000" lon="-3.129550000">
        <ele>1059.000</ele>
      </trkpt>
      <trkpt lat="42.318590000" lon="-3.129480000">
        <ele>1059.000</ele>
      </trkpt>
      <trkpt lat="42.318540000" lon="-3.129340000">
        <ele>1060.000</ele>
      </trkpt>
      <trkpt lat="42.318490000" lon="-3.129230000">
        <ele>1060.000</ele>
      </trkpt>
      <trkpt lat="42.318410000" lon="-3.129090000">
        <ele>1061.000</ele>
      </trkpt>
      <trkpt lat="42.318290000" lon="-3.128910000">
        <ele>1061.000</ele>
      </trkpt>
      <trkpt lat="42.318270000" lon="-3.128860000">
        <ele>1062.000</ele>
      </trkpt>
      <trkpt lat="42.318260000" lon="-3.128830000">
        <ele>1062.000</ele>
      </trkpt>
      <trkpt lat="42.318270000" lon="-3.128790000">
        <ele>1062.000</ele>
      </trkpt>
      <trkpt lat="42.318290000" lon="-3.128740000">
        <ele>1063.000</ele>
      </trkpt>
      <trkpt lat="42.318290000" lon="-3.128730000">
        <ele>1063.000</ele>
      </trkpt>
      <trkpt lat="42.318300000" lon="-3.128700000">
        <ele>1063.000</ele>
      </trkpt>
      <trkpt lat="42.318330000" lon="-3.128680000">
        <ele>1063.000</ele>
      </trkpt>
      <trkpt lat="42.318360000" lon="-3.128670000">
        <ele>1064.000</ele>
      </trkpt>
      <trkpt lat="42.318400000" lon="-3.128660000">
        <ele>1064.000</ele>
      </trkpt>
      <trkpt lat="42.318440000" lon="-3.128660000">
        <ele>1064.000</ele>
      </trkpt>
      <trkpt lat="42.318480000" lon="-3.128660000">
        <ele>1064.000</ele>
      </trkpt>
      <trkpt lat="42.318530000" lon="-3.128670000">
        <ele>1064.000</ele>
      </trkpt>
      <trkpt lat="42.318580000" lon="-3.128720000">
        <ele>1065.000</ele>
      </trkpt>
      <trkpt lat="42.318630000" lon="-3.128770000">
        <ele>1065.000</ele>
      </trkpt>
      <trkpt lat="42.318660000" lon="-3.128830000">
        <ele>1065.000</ele>
      </trkpt>
      <trkpt lat="42.318690000" lon="-3.128900000">
        <ele>1066.000</ele>
      </trkpt>
      <trkpt lat="42.318750000" lon="-3.129140000">
        <ele>1066.000</ele>
      </trkpt>
      <trkpt lat="42.318810000" lon="-3.129340000">
        <ele>1067.000</ele>
      </trkpt>
      <trkpt lat="42.318880000" lon="-3.129510000">
        <ele>1068.000</ele>
      </trkpt>
      <trkpt lat="42.319020000" lon="-3.129640000">
        <ele>1069.000</ele>
      </trkpt>
      <trkpt lat="42.319120000" lon="-3.129690000">
        <ele>1069.000</ele>
      </trkpt>
      <trkpt lat="42.319180000" lon="-3.129720000">
        <ele>1070.000</ele>
      </trkpt>
      <trkpt lat="42.319320000" lon="-3.129720000">
        <ele>1071.000</ele>
      </trkpt>
      <trkpt lat="42.319710000" lon="-3.129650000">
        <ele>1072.000</ele>
      </trkpt>
      <trkpt lat="42.319950000" lon="-3.129670000">
        <ele>1073.000</ele>
      </trkpt>
      <trkpt lat="42.320090000" lon="-3.129720000">
        <ele>1074.000</ele>
      </trkpt>
      <trkpt lat="42.320180000" lon="-3.129770000">
        <ele>1075.000</ele>
      </trkpt>
      <trkpt lat="42.320210000" lon="-3.129790000">
        <ele>1076.000</ele>
      </trkpt>
      <trkpt lat="42.320330000" lon="-3.129880000">
        <ele>1077.000</ele>
      </trkpt>
      <trkpt lat="42.320400000" lon="-3.129930000">
        <ele>1078.000</ele>
      </trkpt>
      <trkpt lat="42.320820000" lon="-3.130190000">
        <ele>1079.000</ele>
      </trkpt>
      <trkpt lat="42.320960000" lon="-3.130270000">
        <ele>1080.000</ele>
      </trkpt>
      <trkpt lat="42.320990000" lon="-3.130290000">
        <ele>1081.000</ele>
      </trkpt>
      <trkpt lat="42.321150000" lon="-3.130410000">
        <ele>1082.000</ele>
      </trkpt>
      <trkpt lat="42.321380000" lon="-3.130590000">
        <ele>1083.000</ele>
      </trkpt>
      <trkpt lat="42.321560000" lon="-3.130830000">
        <ele>1084.000</ele>
      </trkpt>
      <trkpt lat="42.321570000" lon="-3.130840000">
        <ele>1085.000</ele>
      </trkpt>
      <trkpt lat="42.321610000" lon="-3.130950000">
        <ele>1086.000</ele>
      </trkpt>
      <trkpt lat="42.321640000" lon="-3.131170000">
        <ele>1086.000</ele>
      </trkpt>
      <trkpt lat="42.321660000" lon="-3.131590000">
        <ele>1087.000</ele>
      </trkpt>
      <trkpt lat="42.321670000" lon="-3.131970000">
        <ele>1088.000</ele>
      </trkpt>
      <trkpt lat="42.321710000" lon="-3.132470000">
        <ele>1090.000</ele>
      </trkpt>
      <trkpt lat="42.321740000" lon="-3.132600000">
        <ele>1091.000</ele>
      </trkpt>
      <trkpt lat="42.321780000" lon="-3.132730000">
        <ele>1091.000</ele>
      </trkpt>
      <trkpt lat="42.321860000" lon="-3.132850000">
        <ele>1092.000</ele>
      </trkpt>
      <trkpt lat="42.321920000" lon="-3.132910000">
        <ele>1093.000</ele>
      </trkpt>
      <trkpt lat="42.321990000" lon="-3.132970000">
        <ele>1093.000</ele>
      </trkpt>
      <trkpt lat="42.322050000" lon="-3.133020000">
        <ele>1094.000</ele>
      </trkpt>
      <trkpt lat="42.322080000" lon="-3.133020000">
        <ele>1094.000</ele>
      </trkpt>
      <trkpt lat="42.322110000" lon="-3.133030000">
        <ele>1095.000</ele>
      </trkpt>
      <trkpt lat="42.322180000" lon="-3.133010000">
        <ele>1095.000</ele>
      </trkpt>
      <trkpt lat="42.322220000" lon="-3.132980000">
        <ele>1095.000</ele>
      </trkpt>
      <trkpt lat="42.322250000" lon="-3.132920000">
        <ele>1096.000</ele>
      </trkpt>
      <trkpt lat="42.322290000" lon="-3.132820000">
        <ele>1096.000</ele>
      </trkpt>
      <trkpt lat="42.322310000" lon="-3.132730000">
        <ele>1096.000</ele>
      </trkpt>
      <trkpt lat="42.322310000" lon="-3.132720000">
        <ele>1097.000</ele>
      </trkpt>
      <trkpt lat="42.322320000" lon="-3.132590000">
        <ele>1097.000</ele>
      </trkpt>
      <trkpt lat="42.322330000" lon="-3.132480000">
        <ele>1097.000</ele>
      </trkpt>
      <trkpt lat="42.322350000" lon="-3.132260000">
        <ele>1098.000</ele>
      </trkpt>
      <trkpt lat="42.322340000" lon="-3.132000000">
        <ele>1099.000</ele>
      </trkpt>
      <trkpt lat="42.322340000" lon="-3.131660000">
        <ele>1100.000</ele>
      </trkpt>
      <trkpt lat="42.322310000" lon="-3.131320000">
        <ele>1101.000</ele>
      </trkpt>
      <trkpt lat="42.322290000" lon="-3.131020000">
        <ele>1102.000</ele>
      </trkpt>
      <trkpt lat="42.322300000" lon="-3.130680000">
        <ele>1103.000</ele>
      </trkpt>
      <trkpt lat="42.322300000" lon="-3.130540000">
        <ele>1105.000</ele>
      </trkpt>
      <trkpt lat="42.322300000" lon="-3.130380000">
        <ele>1106.000</ele>
      </trkpt>
      <trkpt lat="42.322300000" lon="-3.130260000">
        <ele>1106.000</ele>
      </trkpt>
      <trkpt lat="42.322280000" lon="-3.130170000">
        <ele>1107.000</ele>
      </trkpt>
      <trkpt lat="42.322260000" lon="-3.130080000">
        <ele>1108.000</ele>
      </trkpt>
      <trkpt lat="42.322230000" lon="-3.130000000">
        <ele>1108.000</ele>
      </trkpt>
      <trkpt lat="42.322180000" lon="-3.129930000">
        <ele>1109.000</ele>
      </trkpt>
      <trkpt lat="42.322140000" lon="-3.129890000">
        <ele>1109.000</ele>
      </trkpt>
      <trkpt lat="42.322110000" lon="-3.129860000">
        <ele>1110.000</ele>
      </trkpt>
      <trkpt lat="42.322050000" lon="-3.129820000">
        <ele>1110.000</ele>
      </trkpt>
      <trkpt lat="42.321900000" lon="-3.129740000">
        <ele>1111.000</ele>
      </trkpt>
      <trkpt lat="42.321820000" lon="-3.129700000">
        <ele>1111.000</ele>
      </trkpt>
      <trkpt lat="42.321760000" lon="-3.129680000">
        <ele>1112.000</ele>
      </trkpt>
      <trkpt lat="42.321630000" lon="-3.129570000">
        <ele>1113.000</ele>
      </trkpt>
      <trkpt lat="42.321520000" lon="-3.129460000">
        <ele>1114.000</ele>
      </trkpt>
      <trkpt lat="42.321390000" lon="-3.129300000">
        <ele>1114.000</ele>
      </trkpt>
      <trkpt lat="42.321240000" lon="-3.129130000">
        <ele>1115.000</ele>
      </trkpt>
      <trkpt lat="42.321110000" lon="-3.128950000">
        <ele>1116.000</ele>
      </trkpt>
      <trkpt lat="42.321110000" lon="-3.128940000">
        <ele>1117.000</ele>
      </trkpt>
      <trkpt lat="42.321090000" lon="-3.128920000">
        <ele>1118.000</ele>
      </trkpt>
      <trkpt lat="42.321000000" lon="-3.128750000">
        <ele>1118.000</ele>
      </trkpt>
      <trkpt lat="42.320910000" lon="-3.128570000">
        <ele>1119.000</ele>
      </trkpt>
      <trkpt lat="42.320860000" lon="-3.128460000">
        <ele>1119.000</ele>
      </trkpt>
      <trkpt lat="42.320800000" lon="-3.128350000">
        <ele>1120.000</ele>
      </trkpt>
      <trkpt lat="42.320750000" lon="-3.128250000">
        <ele>1121.000</ele>
      </trkpt>
      <trkpt lat="42.320690000" lon="-3.128170000">
        <ele>1121.000</ele>
      </trkpt>
      <trkpt lat="42.320610000" lon="-3.128110000">
        <ele>1121.000</ele>
      </trkpt>
      <trkpt lat="42.320450000" lon="-3.128010000">
        <ele>1122.000</ele>
      </trkpt>
      <trkpt lat="42.320360000" lon="-3.127950000">
        <ele>1123.000</ele>
      </trkpt>
      <trkpt lat="42.320290000" lon="-3.127900000">
        <ele>1123.000</ele>
      </trkpt>
      <trkpt lat="42.320170000" lon="-3.127810000">
        <ele>1124.000</ele>
      </trkpt>
      <trkpt lat="42.320070000" lon="-3.127700000">
        <ele>1124.000</ele>
      </trkpt>
      <trkpt lat="42.320070000" lon="-3.127690000">
        <ele>1125.000</ele>
      </trkpt>
      <trkpt lat="42.319990000" lon="-3.127560000">
        <ele>1125.000</ele>
      </trkpt>
      <trkpt lat="42.319950000" lon="-3.127480000">
        <ele>1126.000</ele>
      </trkpt>
      <trkpt lat="42.319910000" lon="-3.127420000">
        <ele>1126.000</ele>
      </trkpt>
      <trkpt lat="42.319860000" lon="-3.127290000">
        <ele>1126.000</ele>
      </trkpt>
      <trkpt lat="42.319830000" lon="-3.127220000">
        <ele>1127.000</ele>
      </trkpt>
      <trkpt lat="42.319830000" lon="-3.127210000">
        <ele>1127.000</ele>
      </trkpt>
      <trkpt lat="42.319790000" lon="-3.127110000">
        <ele>1127.000</ele>
      </trkpt>
      <trkpt lat="42.319780000" lon="-3.127060000">
        <ele>1128.000</ele>
      </trkpt>
      <trkpt lat="42.319770000" lon="-3.127020000">
        <ele>1128.000</ele>
      </trkpt>
      <trkpt lat="42.319750000" lon="-3.126960000">
        <ele>1128.000</ele>
      </trkpt>
      <trkpt lat="42.319740000" lon="-3.126870000">
        <ele>1129.000</ele>
      </trkpt>
      <trkpt lat="42.319740000" lon="-3.126780000">
        <ele>1129.000</ele>
      </trkpt>
      <trkpt lat="42.319750000" lon="-3.126690000">
        <ele>1129.000</ele>
      </trkpt>
      <trkpt lat="42.319770000" lon="-3.126610000">
        <ele>1130.000</ele>
      </trkpt>
      <trkpt lat="42.319810000" lon="-3.126440000">
        <ele>1130.000</ele>
      </trkpt>
      <trkpt lat="42.319840000" lon="-3.126270000">
        <ele>1130.000</ele>
      </trkpt>
      <trkpt lat="42.319900000" lon="-3.125800000">
        <ele>1131.000</ele>
      </trkpt>
      <trkpt lat="42.319930000" lon="-3.125390000">
        <ele>1133.000</ele>
      </trkpt>
      <trkpt lat="42.319960000" lon="-3.124980000">
        <ele>1134.000</ele>
      </trkpt>
      <trkpt lat="42.319970000" lon="-3.124790000">
        <ele>1135.000</ele>
      </trkpt>
      <trkpt lat="42.319990000" lon="-3.124660000">
        <ele>1136.000</ele>
      </trkpt>
      <trkpt lat="42.320020000" lon="-3.124560000">
        <ele>1137.000</ele>
      </trkpt>
      <trkpt lat="42.320050000" lon="-3.124480000">
        <ele>1138.000</ele>
      </trkpt>
      <trkpt lat="42.320070000" lon="-3.124460000">
        <ele>1138.000</ele>
      </trkpt>
      <trkpt lat="42.320100000" lon="-3.124430000">
        <ele>1139.000</ele>
      </trkpt>
      <trkpt lat="42.320170000" lon="-3.124340000">
        <ele>1139.000</ele>
      </trkpt>
      <trkpt lat="42.320320000" lon="-3.124130000">
        <ele>1140.000</ele>
      </trkpt>
      <trkpt lat="42.320380000" lon="-3.124050000">
        <ele>1141.000</ele>
      </trkpt>
      <trkpt lat="42.320460000" lon="-3.123920000">
        <ele>1142.000</ele>
      </trkpt>
      <trkpt lat="42.320560000" lon="-3.123800000">
        <ele>1143.000</ele>
      </trkpt>
      <trkpt lat="42.320850000" lon="-3.123560000">
        <ele>1144.000</ele>
      </trkpt>
      <trkpt lat="42.320880000" lon="-3.123520000">
        <ele>1145.000</ele>
      </trkpt>
      <trkpt lat="42.321020000" lon="-3.123350000">
        <ele>1146.000</ele>
      </trkpt>
      <trkpt lat="42.321020000" lon="-3.123340000">
        <ele>1147.000</ele>
      </trkpt>
      <trkpt lat="42.321050000" lon="-3.123280000">
        <ele>1147.000</ele>
      </trkpt>
      <trkpt lat="42.321070000" lon="-3.123200000">
        <ele>1148.000</ele>
      </trkpt>
      <trkpt lat="42.321070000" lon="-3.123140000">
        <ele>1149.000</ele>
      </trkpt>
      <trkpt lat="42.321040000" lon="-3.123080000">
        <ele>1149.000</ele>
      </trkpt>
      <trkpt lat="42.321000000" lon="-3.123030000">
        <ele>1149.000</ele>
      </trkpt>
      <trkpt lat="42.320960000" lon="-3.122990000">
        <ele>1149.000</ele>
      </trkpt>
      <trkpt lat="42.320930000" lon="-3.122980000">
        <ele>1149.000</ele>
      </trkpt>
      <trkpt lat="42.320760000" lon="-3.122890000">
        <ele>1150.000</ele>
      </trkpt>
      <trkpt lat="42.320740000" lon="-3.122880000">
        <ele>1150.000</ele>
      </trkpt>
      <trkpt lat="42.320580000" lon="-3.122800000">
        <ele>1150.000</ele>
      </trkpt>
      <trkpt lat="42.320430000" lon="-3.122740000">
        <ele>1150.000</ele>
      </trkpt>
      <trkpt lat="42.320420000" lon="-3.122740000">
        <ele>1150.000</ele>
      </trkpt>
      <trkpt lat="42.320260000" lon="-3.122700000">
        <ele>1150.000</ele>
      </trkpt>
      <trkpt lat="42.320110000" lon="-3.122670000">
        <ele>1150.000</ele>
      </trkpt>
      <trkpt lat="42.319970000" lon="-3.122610000">
        <ele>1150.000</ele>
      </trkpt>
      <trkpt lat="42.319890000" lon="-3.122570000">
        <ele>1151.000</ele>
      </trkpt>
      <trkpt lat="42.319830000" lon="-3.122530000">
        <ele>1151.000</ele>
      </trkpt>
      <trkpt lat="42.319750000" lon="-3.122450000">
        <ele>1151.000</ele>
      </trkpt>
      <trkpt lat="42.319540000" lon="-3.122260000">
        <ele>1151.000</ele>
      </trkpt>
      <trkpt lat="42.319410000" lon="-3.122100000">
        <ele>1151.000</ele>
      </trkpt>
      <trkpt lat="42.319350000" lon="-3.121990000">
        <ele>1151.000</ele>
      </trkpt>
      <trkpt lat="42.319310000" lon="-3.121860000">
        <ele>1152.000</ele>
      </trkpt>
      <trkpt lat="42.319300000" lon="-3.121710000">
        <ele>1152.000</ele>
      </trkpt>
      <trkpt lat="42.319310000" lon="-3.121590000">
        <ele>1153.000</ele>
      </trkpt>
      <trkpt lat="42.319330000" lon="-3.121520000">
        <ele>1153.000</ele>
      </trkpt>
      <trkpt lat="42.319340000" lon="-3.121500000">
        <ele>1154.000</ele>
      </trkpt>
      <trkpt lat="42.319550000" lon="-3.120850000">
        <ele>1155.000</ele>
      </trkpt>
      <trkpt lat="42.319670000" lon="-3.120470000">
        <ele>1157.000</ele>
      </trkpt>
      <trkpt lat="42.319680000" lon="-3.120400000">
        <ele>1158.000</ele>
      </trkpt>
      <trkpt lat="42.319680000" lon="-3.120380000">
        <ele>1159.000</ele>
      </trkpt>
      <trkpt lat="42.319690000" lon="-3.120380000">
        <ele>1159.000</ele>
      </trkpt>
      <trkpt lat="42.319690000" lon="-3.120270000">
        <ele>1160.000</ele>
      </trkpt>
      <trkpt lat="42.319690000" lon="-3.120140000">
        <ele>1160.000</ele>
      </trkpt>
      <trkpt lat="42.319680000" lon="-3.120030000">
        <ele>1161.000</ele>
      </trkpt>
      <trkpt lat="42.319570000" lon="-3.119690000">
        <ele>1162.000</ele>
      </trkpt>
      <trkpt lat="42.319560000" lon="-3.119580000">
        <ele>1162.000</ele>
      </trkpt>
      <trkpt lat="42.319570000" lon="-3.119470000">
        <ele>1163.000</ele>
      </trkpt>
      <trkpt lat="42.319600000" lon="-3.119350000">
        <ele>1164.000</ele>
      </trkpt>
      <trkpt lat="42.319650000" lon="-3.119250000">
        <ele>1164.000</ele>
      </trkpt>
      <trkpt lat="42.319650000" lon="-3.119240000">
        <ele>1164.000</ele>
      </trkpt>
      <trkpt lat="42.319660000" lon="-3.119230000">
        <ele>1165.000</ele>
      </trkpt>
      <trkpt lat="42.319670000" lon="-3.119180000">
        <ele>1165.000</ele>
      </trkpt>
      <trkpt lat="42.319700000" lon="-3.119100000">
        <ele>1165.000</ele>
      </trkpt>
      <trkpt lat="42.319700000" lon="-3.119030000">
        <ele>1165.000</ele>
      </trkpt>
      <trkpt lat="42.319700000" lon="-3.118940000">
        <ele>1166.000</ele>
      </trkpt>
      <trkpt lat="42.319670000" lon="-3.118830000">
        <ele>1166.000</ele>
      </trkpt>
      <trkpt lat="42.319630000" lon="-3.118780000">
        <ele>1166.000</ele>
      </trkpt>
      <trkpt lat="42.319510000" lon="-3.118630000">
        <ele>1167.000</ele>
      </trkpt>
      <trkpt lat="42.319490000" lon="-3.118610000">
        <ele>1167.000</ele>
      </trkpt>
      <trkpt lat="42.319310000" lon="-3.118230000">
        <ele>1168.000</ele>
      </trkpt>
      <trkpt lat="42.319220000" lon="-3.117780000">
        <ele>1169.000</ele>
      </trkpt>
      <trkpt lat="42.319140000" lon="-3.117380000">
        <ele>1170.000</ele>
      </trkpt>
      <trkpt lat="42.318980000" lon="-3.116650000">
        <ele>1172.000</ele>
      </trkpt>
      <trkpt lat="42.318960000" lon="-3.116600000">
        <ele>1173.000</ele>
      </trkpt>
      <trkpt lat="42.318890000" lon="-3.116340000">
        <ele>1174.000</ele>
      </trkpt>
      <trkpt lat="42.318820000" lon="-3.116090000">
        <ele>1175.000</ele>
      </trkpt>
      <trkpt lat="42.318750000" lon="-3.115850000">
        <ele>1176.000</ele>
      </trkpt>
      <trkpt lat="42.318630000" lon="-3.115310000">
        <ele>1178.000</ele>
      </trkpt>
      <trkpt lat="42.318630000" lon="-3.115180000">
        <ele>1179.000</ele>
      </trkpt>
      <trkpt lat="42.318630000" lon="-3.115070000">
        <ele>1179.000</ele>
      </trkpt>
      <trkpt lat="42.318660000" lon="-3.114940000">
        <ele>1180.000</ele>
      </trkpt>
      <trkpt lat="42.318740000" lon="-3.114800000">
        <ele>1181.000</ele>
      </trkpt>
      <trkpt lat="42.318830000" lon="-3.114620000">
        <ele>1182.000</ele>
      </trkpt>
      <trkpt lat="42.318930000" lon="-3.114450000">
        <ele>1183.000</ele>
      </trkpt>
      <trkpt lat="42.318950000" lon="-3.114410000">
        <ele>1183.000</ele>
      </trkpt>
      <trkpt lat="42.319010000" lon="-3.114290000">
        <ele>1184.000</ele>
      </trkpt>
      <trkpt lat="42.319040000" lon="-3.114210000">
        <ele>1184.000</ele>
      </trkpt>
      <trkpt lat="42.319040000" lon="-3.114200000">
        <ele>1185.000</ele>
      </trkpt>
      <trkpt lat="42.319060000" lon="-3.114120000">
        <ele>1185.000</ele>
      </trkpt>
      <trkpt lat="42.319040000" lon="-3.114020000">
        <ele>1186.000</ele>
      </trkpt>
      <trkpt lat="42.318990000" lon="-3.113880000">
        <ele>1186.000</ele>
      </trkpt>
      <trkpt lat="42.318880000" lon="-3.113620000">
        <ele>1187.000</ele>
      </trkpt>
      <trkpt lat="42.318330000" lon="-3.112070000">
        <ele>1190.000</ele>
      </trkpt>
      <trkpt lat="42.318320000" lon="-3.112040000">
        <ele>1192.000</ele>
      </trkpt>
      <trkpt lat="42.318180000" lon="-3.111610000">
        <ele>1195.000</ele>
      </trkpt>
      <trkpt lat="42.318090000" lon="-3.111180000">
        <ele>1197.000</ele>
      </trkpt>
      <trkpt lat="42.318080000" lon="-3.111080000">
        <ele>1199.000</ele>
      </trkpt>
      <trkpt lat="42.318020000" lon="-3.110660000">
        <ele>1202.000</ele>
      </trkpt>
      <trkpt lat="42.317960000" lon="-3.110350000">
        <ele>1204.000</ele>
      </trkpt>
      <trkpt lat="42.317860000" lon="-3.109910000">
        <ele>1206.000</ele>
      </trkpt>
      <trkpt lat="42.317810000" lon="-3.109700000">
        <ele>1208.000</ele>
      </trkpt>
      <trkpt lat="42.317790000" lon="-3.109560000">
        <ele>1210.000</ele>
      </trkpt>
      <trkpt lat="42.317770000" lon="-3.109350000">
        <ele>1211.000</ele>
      </trkpt>
      <trkpt lat="42.317770000" lon="-3.109230000">
        <ele>1213.000</ele>
      </trkpt>
      <trkpt lat="42.317780000" lon="-3.109190000">
        <ele>1213.000</ele>
      </trkpt>
      <trkpt lat="42.317780000" lon="-3.109180000">
        <ele>1214.000</ele>
      </trkpt>
      <trkpt lat="42.317790000" lon="-3.109040000">
        <ele>1215.000</ele>
      </trkpt>
      <trkpt lat="42.317820000" lon="-3.108890000">
        <ele>1215.000</ele>
      </trkpt>
      <trkpt lat="42.317900000" lon="-3.108620000">
        <ele>1216.000</ele>
      </trkpt>
      <trkpt lat="42.317940000" lon="-3.108500000">
        <ele>1217.000</ele>
      </trkpt>
      <trkpt lat="42.317960000" lon="-3.108420000">
        <ele>1218.000</ele>
      </trkpt>
      <trkpt lat="42.318030000" lon="-3.108170000">
        <ele>1219.000</ele>
      </trkpt>
      <trkpt lat="42.318060000" lon="-3.107920000">
        <ele>1220.000</ele>
      </trkpt>
      <trkpt lat="42.318100000" lon="-3.107440000">
        <ele>1221.000</ele>
      </trkpt>
      <trkpt lat="42.318150000" lon="-3.106620000">
        <ele>1224.000</ele>
      </trkpt>
      <trkpt lat="42.318160000" lon="-3.106530000">
        <ele>1225.000</ele>
      </trkpt>
      <trkpt lat="42.318170000" lon="-3.106340000">
        <ele>1227.000</ele>
      </trkpt>
      <trkpt lat="42.318190000" lon="-3.106170000">
        <ele>1228.000</ele>
      </trkpt>
      <trkpt lat="42.318230000" lon="-3.105670000">
        <ele>1230.000</ele>
      </trkpt>
      <trkpt lat="42.318240000" lon="-3.105450000">
        <ele>1232.000</ele>
      </trkpt>
      <trkpt lat="42.318240000" lon="-3.105430000">
        <ele>1233.000</ele>
      </trkpt>
      <trkpt lat="42.318250000" lon="-3.105330000">
        <ele>1234.000</ele>
      </trkpt>
      <trkpt lat="42.318270000" lon="-3.105030000">
        <ele>1235.000</ele>
      </trkpt>
      <trkpt lat="42.318260000" lon="-3.104930000">
        <ele>1236.000</ele>
      </trkpt>
      <trkpt lat="42.318260000" lon="-3.104910000">
        <ele>1237.000</ele>
      </trkpt>
      <trkpt lat="42.318260000" lon="-3.104880000">
        <ele>1237.000</ele>
      </trkpt>
      <trkpt lat="42.318250000" lon="-3.104850000">
        <ele>1238.000</ele>
      </trkpt>
      <trkpt lat="42.318230000" lon="-3.104790000">
        <ele>1238.000</ele>
      </trkpt>
      <trkpt lat="42.318220000" lon="-3.104770000">
        <ele>1239.000</ele>
      </trkpt>
      <trkpt lat="42.318200000" lon="-3.104740000">
        <ele>1239.000</ele>
      </trkpt>
      <trkpt lat="42.318180000" lon="-3.104720000">
        <ele>1239.000</ele>
      </trkpt>
      <trkpt lat="42.318160000" lon="-3.104680000">
        <ele>1239.000</ele>
      </trkpt>
      <trkpt lat="42.318050000" lon="-3.104560000">
        <ele>1240.000</ele>
      </trkpt>
      <trkpt lat="42.318050000" lon="-3.104560000">
        <ele>1240.000</ele>
      </trkpt>
      <trkpt lat="42.317940000" lon="-3.104460000">
        <ele>1241.000</ele>
      </trkpt>
      <trkpt lat="42.317900000" lon="-3.104410000">
        <ele>1241.000</ele>
      </trkpt>
      <trkpt lat="42.317900000" lon="-3.104410000">
        <ele>1242.000</ele>
      </trkpt>
      <trkpt lat="42.317890000" lon="-3.104380000">
        <ele>1242.000</ele>
      </trkpt>
      <trkpt lat="42.317870000" lon="-3.104330000">
        <ele>1242.000</ele>
      </trkpt>
      <trkpt lat="42.317860000" lon="-3.104310000">
        <ele>1242.000</ele>
      </trkpt>
      <trkpt lat="42.317840000" lon="-3.104270000">
        <ele>1242.000</ele>
      </trkpt>
      <trkpt lat="42.317840000" lon="-3.104240000">
        <ele>1242.000</ele>
      </trkpt>
      <trkpt lat="42.317830000" lon="-3.104210000">
        <ele>1241.000</ele>
      </trkpt>
      <trkpt lat="42.317830000" lon="-3.104160000">
        <ele>1241.000</ele>
      </trkpt>
      <trkpt lat="42.317830000" lon="-3.104080000">
        <ele>1241.000</ele>
      </trkpt>
      <trkpt lat="42.317850000" lon="-3.103810000">
        <ele>1240.000</ele>
      </trkpt>
      <trkpt lat="42.317870000" lon="-3.103530000">
        <ele>1239.000</ele>
      </trkpt>
      <trkpt lat="42.317870000" lon="-3.103490000">
        <ele>1238.000</ele>
      </trkpt>
      <trkpt lat="42.317880000" lon="-3.103390000">
        <ele>1237.000</ele>
      </trkpt>
      <trkpt lat="42.317890000" lon="-3.103330000">
        <ele>1237.000</ele>
      </trkpt>
      <trkpt lat="42.317960000" lon="-3.103080000">
        <ele>1236.000</ele>
      </trkpt>
      <trkpt lat="42.317970000" lon="-3.103030000">
        <ele>1235.000</ele>
      </trkpt>
      <trkpt lat="42.317980000" lon="-3.102970000">
        <ele>1234.000</ele>
      </trkpt>
      <trkpt lat="42.317990000" lon="-3.102910000">
        <ele>1234.000</ele>
      </trkpt>
      <trkpt lat="42.318000000" lon="-3.102840000">
        <ele>1233.000</ele>
      </trkpt>
      <trkpt lat="42.318010000" lon="-3.102780000">
        <ele>1233.000</ele>
      </trkpt>
      <trkpt lat="42.318010000" lon="-3.102760000">
        <ele>1232.000</ele>
      </trkpt>
      <trkpt lat="42.318020000" lon="-3.102720000">
        <ele>1232.000</ele>
      </trkpt>
      <trkpt lat="42.318020000" lon="-3.102690000">
        <ele>1232.000</ele>
      </trkpt>
      <trkpt lat="42.318040000" lon="-3.102650000">
        <ele>1231.000</ele>
      </trkpt>
      <trkpt lat="42.318070000" lon="-3.102560000">
        <ele>1231.000</ele>
      </trkpt>
      <trkpt lat="42.318180000" lon="-3.102410000">
        <ele>1230.000</ele>
      </trkpt>
      <trkpt lat="42.318310000" lon="-3.102250000">
        <ele>1229.000</ele>
      </trkpt>
      <trkpt lat="42.318330000" lon="-3.102210000">
        <ele>1228.000</ele>
      </trkpt>
      <trkpt lat="42.318370000" lon="-3.102160000">
        <ele>1228.000</ele>
      </trkpt>
      <trkpt lat="42.318390000" lon="-3.102100000">
        <ele>1227.000</ele>
      </trkpt>
      <trkpt lat="42.318440000" lon="-3.101990000">
        <ele>1227.000</ele>
      </trkpt>
      <trkpt lat="42.318470000" lon="-3.101900000">
        <ele>1226.000</ele>
      </trkpt>
      <trkpt lat="42.318490000" lon="-3.101800000">
        <ele>1225.000</ele>
      </trkpt>
      <trkpt lat="42.318500000" lon="-3.101740000">
        <ele>1225.000</ele>
      </trkpt>
      <trkpt lat="42.318510000" lon="-3.101660000">
        <ele>1224.000</ele>
      </trkpt>
      <trkpt lat="42.318520000" lon="-3.101590000">
        <ele>1224.000</ele>
      </trkpt>
      <trkpt lat="42.318540000" lon="-3.101530000">
        <ele>1223.000</ele>
      </trkpt>
      <trkpt lat="42.318570000" lon="-3.101420000">
        <ele>1223.000</ele>
      </trkpt>
      <trkpt lat="42.318610000" lon="-3.101310000">
        <ele>1222.000</ele>
      </trkpt>
      <trkpt lat="42.318640000" lon="-3.101200000">
        <ele>1221.000</ele>
      </trkpt>
      <trkpt lat="42.318690000" lon="-3.100980000">
        <ele>1220.000</ele>
      </trkpt>
      <trkpt lat="42.318720000" lon="-3.100850000">
        <ele>1219.000</ele>
      </trkpt>
      <trkpt lat="42.318750000" lon="-3.100710000">
        <ele>1219.000</ele>
      </trkpt>
      <trkpt lat="42.318760000" lon="-3.100620000">
        <ele>1218.000</ele>
      </trkpt>
      <trkpt lat="42.318800000" lon="-3.100490000">
        <ele>1217.000</ele>
      </trkpt>
      <trkpt lat="42.318830000" lon="-3.100430000">
        <ele>1216.000</ele>
      </trkpt>
      <trkpt lat="42.318850000" lon="-3.100390000">
        <ele>1216.000</ele>
      </trkpt>
      <trkpt lat="42.318880000" lon="-3.100340000">
        <ele>1215.000</ele>
      </trkpt>
      <trkpt lat="42.318920000" lon="-3.100310000">
        <ele>1215.000</ele>
      </trkpt>
      <trkpt lat="42.318950000" lon="-3.100280000">
        <ele>1214.000</ele>
      </trkpt>
      <trkpt lat="42.318970000" lon="-3.100280000">
        <ele>1214.000</ele>
      </trkpt>
      <trkpt lat="42.319040000" lon="-3.100310000">
        <ele>1213.000</ele>
      </trkpt>
      <trkpt lat="42.319100000" lon="-3.100330000">
        <ele>1213.000</ele>
      </trkpt>
      <trkpt lat="42.319260000" lon="-3.100460000">
        <ele>1212.000</ele>
      </trkpt>
      <trkpt lat="42.319420000" lon="-3.100580000">
        <ele>1211.000</ele>
      </trkpt>
      <trkpt lat="42.319460000" lon="-3.100610000">
        <ele>1210.000</ele>
      </trkpt>
      <trkpt lat="42.319510000" lon="-3.100640000">
        <ele>1210.000</ele>
      </trkpt>
      <trkpt lat="42.319580000" lon="-3.100670000">
        <ele>1209.000</ele>
      </trkpt>
      <trkpt lat="42.319610000" lon="-3.100670000">
        <ele>1209.000</ele>
      </trkpt>
      <trkpt lat="42.319640000" lon="-3.100670000">
        <ele>1208.000</ele>
      </trkpt>
      <trkpt lat="42.319660000" lon="-3.100660000">
        <ele>1208.000</ele>
      </trkpt>
      <trkpt lat="42.319700000" lon="-3.100640000">
        <ele>1208.000</ele>
      </trkpt>
      <trkpt lat="42.319730000" lon="-3.100590000">
        <ele>1208.000</ele>
      </trkpt>
      <trkpt lat="42.319770000" lon="-3.100500000">
        <ele>1207.000</ele>
      </trkpt>
      <trkpt lat="42.319830000" lon="-3.100340000">
        <ele>1207.000</ele>
      </trkpt>
      <trkpt lat="42.319880000" lon="-3.100180000">
        <ele>1206.000</ele>
      </trkpt>
      <trkpt lat="42.319940000" lon="-3.099940000">
        <ele>1205.000</ele>
      </trkpt>
      <trkpt lat="42.319980000" lon="-3.099760000">
        <ele>1204.000</ele>
      </trkpt>
      <trkpt lat="42.320000000" lon="-3.099580000">
        <ele>1203.000</ele>
      </trkpt>
      <trkpt lat="42.320020000" lon="-3.099390000">
        <ele>1202.000</ele>
      </trkpt>
      <trkpt lat="42.320020000" lon="-3.099180000">
        <ele>1201.000</ele>
      </trkpt>
      <trkpt lat="42.320020000" lon="-3.099010000">
        <ele>1200.000</ele>
      </trkpt>
      <trkpt lat="42.320020000" lon="-3.098790000">
        <ele>1199.000</ele>
      </trkpt>
      <trkpt lat="42.320010000" lon="-3.098400000">
        <ele>1198.000</ele>
      </trkpt>
      <trkpt lat="42.319990000" lon="-3.098180000">
        <ele>1197.000</ele>
      </trkpt>
      <trkpt lat="42.319980000" lon="-3.098050000">
        <ele>1196.000</ele>
      </trkpt>
      <trkpt lat="42.319960000" lon="-3.097890000">
        <ele>1195.000</ele>
      </trkpt>
      <trkpt lat="42.319930000" lon="-3.097710000">
        <ele>1194.000</ele>
      </trkpt>
      <trkpt lat="42.319930000" lon="-3.097670000">
        <ele>1194.000</ele>
      </trkpt>
      <trkpt lat="42.319920000" lon="-3.097530000">
        <ele>1193.000</ele>
      </trkpt>
      <trkpt lat="42.319930000" lon="-3.097440000">
        <ele>1192.000</ele>
      </trkpt>
      <trkpt lat="42.319970000" lon="-3.097270000">
        <ele>1192.000</ele>
      </trkpt>
      <trkpt lat="42.320020000" lon="-3.097060000">
        <ele>1191.000</ele>
      </trkpt>
      <trkpt lat="42.320060000" lon="-3.096840000">
        <ele>1190.000</ele>
      </trkpt>
      <trkpt lat="42.320090000" lon="-3.096650000">
        <ele>1189.000</ele>
      </trkpt>
      <trkpt lat="42.320120000" lon="-3.096440000">
        <ele>1188.000</ele>
      </trkpt>
      <trkpt lat="42.320150000" lon="-3.096200000">
        <ele>1187.000</ele>
      </trkpt>
      <trkpt lat="42.320130000" lon="-3.095860000">
        <ele>1186.000</ele>
      </trkpt>
      <trkpt lat="42.320100000" lon="-3.095710000">
        <ele>1185.000</ele>
      </trkpt>
      <trkpt lat="42.320040000" lon="-3.095450000">
        <ele>1184.000</ele>
      </trkpt>
      <trkpt lat="42.319940000" lon="-3.095080000">
        <ele>1183.000</ele>
      </trkpt>
      <trkpt lat="42.319870000" lon="-3.094900000">
        <ele>1181.000</ele>
      </trkpt>
      <trkpt lat="42.319800000" lon="-3.094730000">
        <ele>1180.000</ele>
      </trkpt>
      <trkpt lat="42.319710000" lon="-3.094510000">
        <ele>1179.000</ele>
      </trkpt>
      <trkpt lat="42.319630000" lon="-3.094340000">
        <ele>1178.000</ele>
      </trkpt>
      <trkpt lat="42.319600000" lon="-3.094280000">
        <ele>1177.000</ele>
      </trkpt>
      <trkpt lat="42.319510000" lon="-3.094120000">
        <ele>1176.000</ele>
      </trkpt>
      <trkpt lat="42.319470000" lon="-3.094040000">
        <ele>1175.000</ele>
      </trkpt>
      <trkpt lat="42.319450000" lon="-3.093940000">
        <ele>1175.000</ele>
      </trkpt>
      <trkpt lat="42.319420000" lon="-3.093810000">
        <ele>1174.000</ele>
      </trkpt>
      <trkpt lat="42.319410000" lon="-3.093690000">
        <ele>1173.000</ele>
      </trkpt>
      <trkpt lat="42.319380000" lon="-3.093580000">
        <ele>1173.000</ele>
      </trkpt>
      <trkpt lat="42.319360000" lon="-3.093500000">
        <ele>1172.000</ele>
      </trkpt>
      <trkpt lat="42.319340000" lon="-3.093470000">
        <ele>1172.000</ele>
      </trkpt>
      <trkpt lat="42.319320000" lon="-3.093440000">
        <ele>1171.000</ele>
      </trkpt>
      <trkpt lat="42.319290000" lon="-3.093430000">
        <ele>1171.000</ele>
      </trkpt>
      <trkpt lat="42.319270000" lon="-3.093420000">
        <ele>1171.000</ele>
      </trkpt>
      <trkpt lat="42.319240000" lon="-3.093410000">
        <ele>1171.000</ele>
      </trkpt>
      <trkpt lat="42.319210000" lon="-3.093420000">
        <ele>1170.000</ele>
      </trkpt>
      <trkpt lat="42.319180000" lon="-3.093440000">
        <ele>1170.000</ele>
      </trkpt>
      <trkpt lat="42.319180000" lon="-3.093440000">
        <ele>1170.000</ele>
      </trkpt>
      <trkpt lat="42.319200000" lon="-3.093550000">
        <ele>1170.000</ele>
      </trkpt>
      <trkpt lat="42.319210000" lon="-3.093640000">
        <ele>1169.000</ele>
      </trkpt>
      <trkpt lat="42.319240000" lon="-3.093820000">
        <ele>1169.000</ele>
      </trkpt>
      <trkpt lat="42.319270000" lon="-3.093910000">
        <ele>1168.000</ele>
      </trkpt>
      <trkpt lat="42.319320000" lon="-3.094080000">
        <ele>1167.000</ele>
      </trkpt>
      <trkpt lat="42.319400000" lon="-3.094330000">
        <ele>1166.000</ele>
      </trkpt>
      <trkpt lat="42.319520000" lon="-3.094790000">
        <ele>1165.000</ele>
      </trkpt>
      <trkpt lat="42.319580000" lon="-3.095050000">
        <ele>1163.000</ele>
      </trkpt>
      <trkpt lat="42.319610000" lon="-3.095340000">
        <ele>1162.000</ele>
      </trkpt>
      <trkpt lat="42.319630000" lon="-3.095810000">
        <ele>1160.000</ele>
      </trkpt>
      <trkpt lat="42.319620000" lon="-3.096000000">
        <ele>1159.000</ele>
      </trkpt>
      <trkpt lat="42.319620000" lon="-3.096020000">
        <ele>1158.000</ele>
      </trkpt>
      <trkpt lat="42.319600000" lon="-3.096170000">
        <ele>1157.000</ele>
      </trkpt>
      <trkpt lat="42.319560000" lon="-3.096300000">
        <ele>1156.000</ele>
      </trkpt>
      <trkpt lat="42.319490000" lon="-3.096450000">
        <ele>1155.000</ele>
      </trkpt>
      <trkpt lat="42.319480000" lon="-3.096460000">
        <ele>1155.000</ele>
      </trkpt>
      <trkpt lat="42.319350000" lon="-3.096640000">
        <ele>1154.000</ele>
      </trkpt>
      <trkpt lat="42.319240000" lon="-3.096800000">
        <ele>1153.000</ele>
      </trkpt>
      <trkpt lat="42.319140000" lon="-3.097030000">
        <ele>1152.000</ele>
      </trkpt>
      <trkpt lat="42.319090000" lon="-3.097240000">
        <ele>1151.000</ele>
      </trkpt>
      <trkpt lat="42.319050000" lon="-3.097490000">
        <ele>1150.000</ele>
      </trkpt>
      <trkpt lat="42.319020000" lon="-3.097640000">
        <ele>1149.000</ele>
      </trkpt>
      <trkpt lat="42.319000000" lon="-3.097710000">
        <ele>1148.000</ele>
      </trkpt>
      <trkpt lat="42.319000000" lon="-3.097770000">
        <ele>1148.000</ele>
      </trkpt>
      <trkpt lat="42.318990000" lon="-3.097800000">
        <ele>1147.000</ele>
      </trkpt>
      <trkpt lat="42.318990000" lon="-3.097820000">
        <ele>1147.000</ele>
      </trkpt>
      <trkpt lat="42.318980000" lon="-3.097940000">
        <ele>1146.000</ele>
      </trkpt>
      <trkpt lat="42.318980000" lon="-3.098010000">
        <ele>1146.000</ele>
      </trkpt>
      <trkpt lat="42.318980000" lon="-3.098020000">
        <ele>1146.000</ele>
      </trkpt>
      <trkpt lat="42.318980000" lon="-3.098070000">
        <ele>1146.000</ele>
      </trkpt>
      <trkpt lat="42.318990000" lon="-3.098120000">
        <ele>1146.000</ele>
      </trkpt>
      <trkpt lat="42.318990000" lon="-3.098170000">
        <ele>1145.000</ele>
      </trkpt>
      <trkpt lat="42.318990000" lon="-3.098210000">
        <ele>1145.000</ele>
      </trkpt>
      <trkpt lat="42.318980000" lon="-3.098250000">
        <ele>1145.000</ele>
      </trkpt>
      <trkpt lat="42.318980000" lon="-3.098270000">
        <ele>1145.000</ele>
      </trkpt>
      <trkpt lat="42.318970000" lon="-3.098300000">
        <ele>1145.000</ele>
      </trkpt>
      <trkpt lat="42.318960000" lon="-3.098340000">
        <ele>1145.000</ele>
      </trkpt>
      <trkpt lat="42.318940000" lon="-3.098380000">
        <ele>1144.000</ele>
      </trkpt>
      <trkpt lat="42.318920000" lon="-3.098400000">
        <ele>1144.000</ele>
      </trkpt>
      <trkpt lat="42.318900000" lon="-3.098420000">
        <ele>1144.000</ele>
      </trkpt>
      <trkpt lat="42.318850000" lon="-3.098450000">
        <ele>1144.000</ele>
      </trkpt>
      <trkpt lat="42.318790000" lon="-3.098460000">
        <ele>1144.000</ele>
      </trkpt>
      <trkpt lat="42.318740000" lon="-3.098470000">
        <ele>1143.000</ele>
      </trkpt>
      <trkpt lat="42.318700000" lon="-3.098470000">
        <ele>1143.000</ele>
      </trkpt>
      <trkpt lat="42.318670000" lon="-3.098470000">
        <ele>1143.000</ele>
      </trkpt>
      <trkpt lat="42.318630000" lon="-3.098470000">
        <ele>1143.000</ele>
      </trkpt>
      <trkpt lat="42.318610000" lon="-3.098470000">
        <ele>1143.000</ele>
      </trkpt>
      <trkpt lat="42.318570000" lon="-3.098470000">
        <ele>1143.000</ele>
      </trkpt>
      <trkpt lat="42.318540000" lon="-3.098470000">
        <ele>1142.000</ele>
      </trkpt>
      <trkpt lat="42.318500000" lon="-3.098470000">
        <ele>1142.000</ele>
      </trkpt>
      <trkpt lat="42.318480000" lon="-3.098460000">
        <ele>1142.000</ele>
      </trkpt>
      <trkpt lat="42.318460000" lon="-3.098460000">
        <ele>1142.000</ele>
      </trkpt>
      <trkpt lat="42.318440000" lon="-3.098460000">
        <ele>1142.000</ele>
      </trkpt>
      <trkpt lat="42.318380000" lon="-3.098460000">
        <ele>1142.000</ele>
      </trkpt>
      <trkpt lat="42.318350000" lon="-3.098460000">
        <ele>1141.000</ele>
      </trkpt>
      <trkpt lat="42.318310000" lon="-3.098480000">
        <ele>1141.000</ele>
      </trkpt>
      <trkpt lat="42.318280000" lon="-3.098500000">
        <ele>1141.000</ele>
      </trkpt>
      <trkpt lat="42.318260000" lon="-3.098520000">
        <ele>1141.000</ele>
      </trkpt>
      <trkpt lat="42.318240000" lon="-3.098550000">
        <ele>1141.000</ele>
      </trkpt>
      <trkpt lat="42.318220000" lon="-3.098580000">
        <ele>1141.000</ele>
      </trkpt>
      <trkpt lat="42.318160000" lon="-3.098730000">
        <ele>1140.000</ele>
      </trkpt>
      <trkpt lat="42.318130000" lon="-3.098810000">
        <ele>1140.000</ele>
      </trkpt>
      <trkpt lat="42.318130000" lon="-3.098830000">
        <ele>1140.000</ele>
      </trkpt>
      <trkpt lat="42.318100000" lon="-3.098880000">
        <ele>1139.000</ele>
      </trkpt>
      <trkpt lat="42.318040000" lon="-3.098980000">
        <ele>1139.000</ele>
      </trkpt>
      <trkpt lat="42.317970000" lon="-3.099070000">
        <ele>1139.000</ele>
      </trkpt>
      <trkpt lat="42.317870000" lon="-3.099210000">
        <ele>1138.000</ele>
      </trkpt>
      <trkpt lat="42.317720000" lon="-3.099430000">
        <ele>1137.000</ele>
      </trkpt>
      <trkpt lat="42.317660000" lon="-3.099510000">
        <ele>1136.000</ele>
      </trkpt>
      <trkpt lat="42.317630000" lon="-3.099550000">
        <ele>1136.000</ele>
      </trkpt>
      <trkpt lat="42.317560000" lon="-3.099630000">
        <ele>1135.000</ele>
      </trkpt>
      <trkpt lat="42.317500000" lon="-3.099680000">
        <ele>1134.000</ele>
      </trkpt>
      <trkpt lat="42.317370000" lon="-3.099740000">
        <ele>1134.000</ele>
      </trkpt>
      <trkpt lat="42.317280000" lon="-3.099780000">
        <ele>1133.000</ele>
      </trkpt>
      <trkpt lat="42.317200000" lon="-3.099830000">
        <ele>1132.000</ele>
      </trkpt>
      <trkpt lat="42.317140000" lon="-3.099860000">
        <ele>1132.000</ele>
      </trkpt>
      <trkpt lat="42.317070000" lon="-3.099890000">
        <ele>1131.000</ele>
      </trkpt>
      <trkpt lat="42.317020000" lon="-3.099910000">
        <ele>1131.000</ele>
      </trkpt>
      <trkpt lat="42.316980000" lon="-3.099920000">
        <ele>1130.000</ele>
      </trkpt>
      <trkpt lat="42.316970000" lon="-3.099920000">
        <ele>1130.000</ele>
      </trkpt>
      <trkpt lat="42.316940000" lon="-3.099920000">
        <ele>1130.000</ele>
      </trkpt>
      <trkpt lat="42.316920000" lon="-3.099910000">
        <ele>1129.000</ele>
      </trkpt>
      <trkpt lat="42.316910000" lon="-3.099900000">
        <ele>1129.000</ele>
      </trkpt>
      <trkpt lat="42.316900000" lon="-3.099890000">
        <ele>1129.000</ele>
      </trkpt>
      <trkpt lat="42.316890000" lon="-3.099880000">
        <ele>1129.000</ele>
      </trkpt>
      <trkpt lat="42.316880000" lon="-3.099870000">
        <ele>1129.000</ele>
      </trkpt>
      <trkpt lat="42.316880000" lon="-3.099840000">
        <ele>1129.000</ele>
      </trkpt>
      <trkpt lat="42.316890000" lon="-3.099780000">
        <ele>1129.000</ele>
      </trkpt>
      <trkpt lat="42.316900000" lon="-3.099750000">
        <ele>1128.000</ele>
      </trkpt>
      <trkpt lat="42.316920000" lon="-3.099720000">
        <ele>1128.000</ele>
      </trkpt>
      <trkpt lat="42.316950000" lon="-3.099690000">
        <ele>1128.000</ele>
      </trkpt>
      <trkpt lat="42.316970000" lon="-3.099670000">
        <ele>1128.000</ele>
      </trkpt>
      <trkpt lat="42.317000000" lon="-3.099650000">
        <ele>1127.000</ele>
      </trkpt>
      <trkpt lat="42.317030000" lon="-3.099640000">
        <ele>1127.000</ele>
      </trkpt>
      <trkpt lat="42.317110000" lon="-3.099600000">
        <ele>1127.000</ele>
      </trkpt>
      <trkpt lat="42.317210000" lon="-3.099550000">
        <ele>1126.000</ele>
      </trkpt>
      <trkpt lat="42.317300000" lon="-3.099490000">
        <ele>1126.000</ele>
      </trkpt>
      <trkpt lat="42.317390000" lon="-3.099430000">
        <ele>1126.000</ele>
      </trkpt>
      <trkpt lat="42.317430000" lon="-3.099380000">
        <ele>1125.000</ele>
      </trkpt>
      <trkpt lat="42.317460000" lon="-3.099350000">
        <ele>1125.000</ele>
      </trkpt>
      <trkpt lat="42.317520000" lon="-3.099240000">
        <ele>1124.000</ele>
      </trkpt>
      <trkpt lat="42.317540000" lon="-3.099190000">
        <ele>1124.000</ele>
      </trkpt>
      <trkpt lat="42.317590000" lon="-3.099090000">
        <ele>1124.000</ele>
      </trkpt>
      <trkpt lat="42.317700000" lon="-3.098830000">
        <ele>1123.000</ele>
      </trkpt>
      <trkpt lat="42.317790000" lon="-3.098630000">
        <ele>1123.000</ele>
      </trkpt>
      <trkpt lat="42.317900000" lon="-3.098420000">
        <ele>1122.000</ele>
      </trkpt>
      <trkpt lat="42.317930000" lon="-3.098370000">
        <ele>1122.000</ele>
      </trkpt>
      <trkpt lat="42.317970000" lon="-3.098300000">
        <ele>1121.000</ele>
      </trkpt>
      <trkpt lat="42.318000000" lon="-3.098250000">
        <ele>1121.000</ele>
      </trkpt>
      <trkpt lat="42.318040000" lon="-3.098190000">
        <ele>1120.000</ele>
      </trkpt>
      <trkpt lat="42.318050000" lon="-3.098180000">
        <ele>1120.000</ele>
      </trkpt>
      <trkpt lat="42.318140000" lon="-3.098080000">
        <ele>1120.000</ele>
      </trkpt>
      <trkpt lat="42.318250000" lon="-3.098000000">
        <ele>1119.000</ele>
      </trkpt>
      <trkpt lat="42.318380000" lon="-3.097920000">
        <ele>1119.000</ele>
      </trkpt>
      <trkpt lat="42.318440000" lon="-3.097880000">
        <ele>1119.000</ele>
      </trkpt>
      <trkpt lat="42.318480000" lon="-3.097840000">
        <ele>1118.000</ele>
      </trkpt>
      <trkpt lat="42.318500000" lon="-3.097810000">
        <ele>1118.000</ele>
      </trkpt>
      <trkpt lat="42.318500000" lon="-3.097770000">
        <ele>1118.000</ele>
      </trkpt>
      <trkpt lat="42.318510000" lon="-3.097680000">
        <ele>1117.000</ele>
      </trkpt>
      <trkpt lat="42.318520000" lon="-3.097650000">
        <ele>1117.000</ele>
      </trkpt>
      <trkpt lat="42.318510000" lon="-3.097440000">
        <ele>1117.000</ele>
      </trkpt>
      <trkpt lat="42.318480000" lon="-3.097150000">
        <ele>1116.000</ele>
      </trkpt>
      <trkpt lat="42.318460000" lon="-3.096960000">
        <ele>1115.000</ele>
      </trkpt>
      <trkpt lat="42.318430000" lon="-3.096750000">
        <ele>1114.000</ele>
      </trkpt>
      <trkpt lat="42.318410000" lon="-3.096600000">
        <ele>1113.000</ele>
      </trkpt>
      <trkpt lat="42.318400000" lon="-3.096570000">
        <ele>1112.000</ele>
      </trkpt>
      <trkpt lat="42.318400000" lon="-3.096460000">
        <ele>1112.000</ele>
      </trkpt>
      <trkpt lat="42.318420000" lon="-3.096330000">
        <ele>1111.000</ele>
      </trkpt>
      <trkpt lat="42.318450000" lon="-3.096210000">
        <ele>1111.000</ele>
      </trkpt>
      <trkpt lat="42.318480000" lon="-3.096070000">
        <ele>1110.000</ele>
      </trkpt>
      <trkpt lat="42.318520000" lon="-3.095920000">
        <ele>1109.000</ele>
      </trkpt>
      <trkpt lat="42.318540000" lon="-3.095800000">
        <ele>1109.000</ele>
      </trkpt>
      <trkpt lat="42.318540000" lon="-3.095620000">
        <ele>1108.000</ele>
      </trkpt>
      <trkpt lat="42.318520000" lon="-3.095500000">
        <ele>1107.000</ele>
      </trkpt>
      <trkpt lat="42.318510000" lon="-3.095420000">
        <ele>1107.000</ele>
      </trkpt>
      <trkpt lat="42.318500000" lon="-3.095410000">
        <ele>1106.000</ele>
      </trkpt>
      <trkpt lat="42.318390000" lon="-3.095060000">
        <ele>1106.000</ele>
      </trkpt>
      <trkpt lat="42.318250000" lon="-3.094660000">
        <ele>1104.000</ele>
      </trkpt>
      <trkpt lat="42.318050000" lon="-3.094100000">
        <ele>1103.000</ele>
      </trkpt>
      <trkpt lat="42.318020000" lon="-3.094020000">
        <ele>1102.000</ele>
      </trkpt>
      <trkpt lat="42.317980000" lon="-3.093880000">
        <ele>1101.000</ele>
      </trkpt>
      <trkpt lat="42.317960000" lon="-3.093830000">
        <ele>1100.000</ele>
      </trkpt>
      <trkpt lat="42.317920000" lon="-3.093730000">
        <ele>1100.000</ele>
      </trkpt>
      <trkpt lat="42.317920000" lon="-3.093700000">
        <ele>1099.000</ele>
      </trkpt>
      <trkpt lat="42.317850000" lon="-3.093510000">
        <ele>1099.000</ele>
      </trkpt>
      <trkpt lat="42.317840000" lon="-3.093480000">
        <ele>1098.000</ele>
      </trkpt>
      <trkpt lat="42.317780000" lon="-3.093250000">
        <ele>1098.000</ele>
      </trkpt>
      <trkpt lat="42.317720000" lon="-3.093020000">
        <ele>1097.000</ele>
      </trkpt>
      <trkpt lat="42.317700000" lon="-3.092980000">
        <ele>1096.000</ele>
      </trkpt>
      <trkpt lat="42.317670000" lon="-3.092850000">
        <ele>1096.000</ele>
      </trkpt>
      <trkpt lat="42.317660000" lon="-3.092800000">
        <ele>1095.000</ele>
      </trkpt>
      <trkpt lat="42.317640000" lon="-3.092720000">
        <ele>1095.000</ele>
      </trkpt>
      <trkpt lat="42.317620000" lon="-3.092560000">
        <ele>1094.000</ele>
      </trkpt>
      <trkpt lat="42.317610000" lon="-3.092380000">
        <ele>1094.000</ele>
      </trkpt>
      <trkpt lat="42.317610000" lon="-3.092310000">
        <ele>1093.000</ele>
      </trkpt>
      <trkpt lat="42.317610000" lon="-3.092230000">
        <ele>1093.000</ele>
      </trkpt>
      <trkpt lat="42.317600000" lon="-3.092070000">
        <ele>1092.000</ele>
      </trkpt>
      <trkpt lat="42.317580000" lon="-3.091940000">
        <ele>1092.000</ele>
      </trkpt>
      <trkpt lat="42.317540000" lon="-3.091770000">
        <ele>1091.000</ele>
      </trkpt>
      <trkpt lat="42.317500000" lon="-3.091600000">
        <ele>1090.000</ele>
      </trkpt>
      <trkpt lat="42.317490000" lon="-3.091580000">
        <ele>1090.000</ele>
      </trkpt>
      <trkpt lat="42.317470000" lon="-3.091460000">
        <ele>1089.000</ele>
      </trkpt>
      <trkpt lat="42.317460000" lon="-3.091400000">
        <ele>1089.000</ele>
      </trkpt>
      <trkpt lat="42.317440000" lon="-3.091320000">
        <ele>1088.000</ele>
      </trkpt>
      <trkpt lat="42.317440000" lon="-3.091180000">
        <ele>1088.000</ele>
      </trkpt>
      <trkpt lat="42.317420000" lon="-3.091020000">
        <ele>1087.000</ele>
      </trkpt>
      <trkpt lat="42.317410000" lon="-3.090890000">
        <ele>1087.000</ele>
      </trkpt>
      <trkpt lat="42.317390000" lon="-3.090640000">
        <ele>1086.000</ele>
      </trkpt>
      <trkpt lat="42.317380000" lon="-3.090430000">
        <ele>1085.000</ele>
      </trkpt>
      <trkpt lat="42.317380000" lon="-3.090220000">
        <ele>1084.000</ele>
      </trkpt>
      <trkpt lat="42.317390000" lon="-3.089770000">
        <ele>1083.000</ele>
      </trkpt>
      <trkpt lat="42.317390000" lon="-3.089500000">
        <ele>1081.000</ele>
      </trkpt>
      <trkpt lat="42.317390000" lon="-3.089460000">
        <ele>1080.000</ele>
      </trkpt>
      <trkpt lat="42.317390000" lon="-3.089200000">
        <ele>1079.000</ele>
      </trkpt>
      <trkpt lat="42.317380000" lon="-3.089040000">
        <ele>1078.000</ele>
      </trkpt>
      <trkpt lat="42.317380000" lon="-3.088970000">
        <ele>1077.000</ele>
      </trkpt>
      <trkpt lat="42.317380000" lon="-3.088870000">
        <ele>1077.000</ele>
      </trkpt>
      <trkpt lat="42.317400000" lon="-3.088800000">
        <ele>1076.000</ele>
      </trkpt>
      <trkpt lat="42.317430000" lon="-3.088720000">
        <ele>1076.000</ele>
      </trkpt>
      <trkpt lat="42.317510000" lon="-3.088610000">
        <ele>1075.000</ele>
      </trkpt>
      <trkpt lat="42.317620000" lon="-3.088480000">
        <ele>1074.000</ele>
      </trkpt>
      <trkpt lat="42.317750000" lon="-3.088330000">
        <ele>1073.000</ele>
      </trkpt>
      <trkpt lat="42.317820000" lon="-3.088260000">
        <ele>1073.000</ele>
      </trkpt>
      <trkpt lat="42.317900000" lon="-3.088160000">
        <ele>1072.000</ele>
      </trkpt>
      <trkpt lat="42.318000000" lon="-3.088070000">
        <ele>1071.000</ele>
      </trkpt>
      <trkpt lat="42.318080000" lon="-3.088010000">
        <ele>1071.000</ele>
      </trkpt>
      <trkpt lat="42.318150000" lon="-3.087940000">
        <ele>1070.000</ele>
      </trkpt>
      <trkpt lat="42.318230000" lon="-3.087830000">
        <ele>1070.000</ele>
      </trkpt>
      <trkpt lat="42.318270000" lon="-3.087790000">
        <ele>1069.000</ele>
      </trkpt>
      <trkpt lat="42.318300000" lon="-3.087750000">
        <ele>1069.000</ele>
      </trkpt>
      <trkpt lat="42.318330000" lon="-3.087700000">
        <ele>1069.000</ele>
      </trkpt>
      <trkpt lat="42.318370000" lon="-3.087640000">
        <ele>1069.000</ele>
      </trkpt>
      <trkpt lat="42.318370000" lon="-3.087630000">
        <ele>1068.000</ele>
      </trkpt>
      <trkpt lat="42.318380000" lon="-3.087610000">
        <ele>1068.000</ele>
      </trkpt>
      <trkpt lat="42.318460000" lon="-3.087450000">
        <ele>1068.000</ele>
      </trkpt>
      <trkpt lat="42.318500000" lon="-3.087370000">
        <ele>1068.000</ele>
      </trkpt>
      <trkpt lat="42.318650000" lon="-3.087230000">
        <ele>1067.000</ele>
      </trkpt>
      <trkpt lat="42.318720000" lon="-3.087170000">
        <ele>1067.000</ele>
      </trkpt>
      <trkpt lat="42.318860000" lon="-3.087080000">
        <ele>1066.000</ele>
      </trkpt>
      <trkpt lat="42.318970000" lon="-3.087000000">
        <ele>1066.000</ele>
      </trkpt>
      <trkpt lat="42.319020000" lon="-3.086950000">
        <ele>1065.000</ele>
      </trkpt>
      <trkpt lat="42.319040000" lon="-3.086920000">
        <ele>1065.000</ele>
      </trkpt>
      <trkpt lat="42.319050000" lon="-3.086890000">
        <ele>1065.000</ele>
      </trkpt>
      <trkpt lat="42.319060000" lon="-3.086810000">
        <ele>1064.000</ele>
      </trkpt>
      <trkpt lat="42.319050000" lon="-3.086740000">
        <ele>1064.000</ele>
      </trkpt>
      <trkpt lat="42.319040000" lon="-3.086660000">
        <ele>1064.000</ele>
      </trkpt>
      <trkpt lat="42.319020000" lon="-3.086580000">
        <ele>1063.000</ele>
      </trkpt>
      <trkpt lat="42.318960000" lon="-3.086490000">
        <ele>1063.000</ele>
      </trkpt>
      <trkpt lat="42.318930000" lon="-3.086450000">
        <ele>1063.000</ele>
      </trkpt>
      <trkpt lat="42.318900000" lon="-3.086430000">
        <ele>1062.000</ele>
      </trkpt>
      <trkpt lat="42.318800000" lon="-3.086370000">
        <ele>1062.000</ele>
      </trkpt>
      <trkpt lat="42.318650000" lon="-3.086360000">
        <ele>1061.000</ele>
      </trkpt>
      <trkpt lat="42.318580000" lon="-3.086350000">
        <ele>1061.000</ele>
      </trkpt>
      <trkpt lat="42.318560000" lon="-3.086350000">
        <ele>1061.000</ele>
      </trkpt>
      <trkpt lat="42.318400000" lon="-3.086370000">
        <ele>1060.000</ele>
      </trkpt>
      <trkpt lat="42.318210000" lon="-3.086400000">
        <ele>1059.000</ele>
      </trkpt>
      <trkpt lat="42.318160000" lon="-3.086410000">
        <ele>1059.000</ele>
      </trkpt>
      <trkpt lat="42.318060000" lon="-3.086410000">
        <ele>1058.000</ele>
      </trkpt>
      <trkpt lat="42.317980000" lon="-3.086420000">
        <ele>1057.000</ele>
      </trkpt>
      <trkpt lat="42.317890000" lon="-3.086400000">
        <ele>1057.000</ele>
      </trkpt>
      <trkpt lat="42.317820000" lon="-3.086370000">
        <ele>1056.000</ele>
      </trkpt>
      <trkpt lat="42.317760000" lon="-3.086340000">
        <ele>1056.000</ele>
      </trkpt>
      <trkpt lat="42.317700000" lon="-3.086310000">
        <ele>1055.000</ele>
      </trkpt>
      <trkpt lat="42.317680000" lon="-3.086300000">
        <ele>1055.000</ele>
      </trkpt>
      <trkpt lat="42.317670000" lon="-3.086290000">
        <ele>1055.000</ele>
      </trkpt>
      <trkpt lat="42.317600000" lon="-3.086250000">
        <ele>1055.000</ele>
      </trkpt>
      <trkpt lat="42.317540000" lon="-3.086210000">
        <ele>1054.000</ele>
      </trkpt>
      <trkpt lat="42.317470000" lon="-3.086160000">
        <ele>1054.000</ele>
      </trkpt>
      <trkpt lat="42.317400000" lon="-3.086070000">
        <ele>1053.000</ele>
      </trkpt>
      <trkpt lat="42.317380000" lon="-3.086040000">
        <ele>1053.000</ele>
      </trkpt>
      <trkpt lat="42.317320000" lon="-3.085930000">
        <ele>1053.000</ele>
      </trkpt>
      <trkpt lat="42.317290000" lon="-3.085860000">
        <ele>1052.000</ele>
      </trkpt>
      <trkpt lat="42.317290000" lon="-3.085840000">
        <ele>1052.000</ele>
      </trkpt>
      <trkpt lat="42.317280000" lon="-3.085830000">
        <ele>1052.000</ele>
      </trkpt>
      <trkpt lat="42.317250000" lon="-3.085700000">
        <ele>1051.000</ele>
      </trkpt>
      <trkpt lat="42.317250000" lon="-3.085590000">
        <ele>1051.000</ele>
      </trkpt>
      <trkpt lat="42.317240000" lon="-3.085410000">
        <ele>1050.000</ele>
      </trkpt>
      <trkpt lat="42.317260000" lon="-3.085210000">
        <ele>1049.000</ele>
      </trkpt>
      <trkpt lat="42.317260000" lon="-3.085110000">
        <ele>1049.000</ele>
      </trkpt>
      <trkpt lat="42.317260000" lon="-3.084990000">
        <ele>1048.000</ele>
      </trkpt>
      <trkpt lat="42.317270000" lon="-3.084950000">
        <ele>1048.000</ele>
      </trkpt>
      <trkpt lat="42.317270000" lon="-3.084870000">
        <ele>1047.000</ele>
      </trkpt>
      <trkpt lat="42.317280000" lon="-3.084680000">
        <ele>1046.000</ele>
      </trkpt>
      <trkpt lat="42.317310000" lon="-3.084470000">
        <ele>1046.000</ele>
      </trkpt>
      <trkpt lat="42.317350000" lon="-3.084220000">
        <ele>1045.000</ele>
      </trkpt>
      <trkpt lat="42.317390000" lon="-3.084100000">
        <ele>1044.000</ele>
      </trkpt>
      <trkpt lat="42.317420000" lon="-3.083980000">
        <ele>1043.000</ele>
      </trkpt>
      <trkpt lat="42.317450000" lon="-3.083840000">
        <ele>1042.000</ele>
      </trkpt>
      <trkpt lat="42.317520000" lon="-3.083580000">
        <ele>1041.000</ele>
      </trkpt>
      <trkpt lat="42.317530000" lon="-3.083530000">
        <ele>1041.000</ele>
      </trkpt>
      <trkpt lat="42.317540000" lon="-3.083490000">
        <ele>1040.000</ele>
      </trkpt>
      <trkpt lat="42.317550000" lon="-3.083470000">
        <ele>1040.000</ele>
      </trkpt>
      <trkpt lat="42.317600000" lon="-3.083260000">
        <ele>1039.000</ele>
      </trkpt>
      <trkpt lat="42.317690000" lon="-3.083020000">
        <ele>1039.000</ele>
      </trkpt>
      <trkpt lat="42.317780000" lon="-3.082810000">
        <ele>1038.000</ele>
      </trkpt>
      <trkpt lat="42.317780000" lon="-3.082800000">
        <ele>1037.000</ele>
      </trkpt>
      <trkpt lat="42.317870000" lon="-3.082660000">
        <ele>1037.000</ele>
      </trkpt>
      <trkpt lat="42.317960000" lon="-3.082550000">
        <ele>1036.000</ele>
      </trkpt>
      <trkpt lat="42.318030000" lon="-3.082470000">
        <ele>1036.000</ele>
      </trkpt>
      <trkpt lat="42.318060000" lon="-3.082440000">
        <ele>1035.000</ele>
      </trkpt>
      <trkpt lat="42.318110000" lon="-3.082390000">
        <ele>1035.000</ele>
      </trkpt>
      <trkpt lat="42.318150000" lon="-3.082340000">
        <ele>1035.000</ele>
      </trkpt>
      <trkpt lat="42.318160000" lon="-3.082330000">
        <ele>1034.000</ele>
      </trkpt>
      <trkpt lat="42.318300000" lon="-3.082180000">
        <ele>1034.000</ele>
      </trkpt>
      <trkpt lat="42.318410000" lon="-3.082060000">
        <ele>1033.000</ele>
      </trkpt>
      <trkpt lat="42.318590000" lon="-3.081850000">
        <ele>1033.000</ele>
      </trkpt>
      <trkpt lat="42.318620000" lon="-3.081810000">
        <ele>1032.000</ele>
      </trkpt>
      <trkpt lat="42.318830000" lon="-3.081520000">
        <ele>1031.000</ele>
      </trkpt>
      <trkpt lat="42.318910000" lon="-3.081310000">
        <ele>1030.000</ele>
      </trkpt>
      <trkpt lat="42.318940000" lon="-3.081110000">
        <ele>1029.000</ele>
      </trkpt>
      <trkpt lat="42.318970000" lon="-3.080910000">
        <ele>1028.000</ele>
      </trkpt>
      <trkpt lat="42.319020000" lon="-3.080680000">
        <ele>1027.000</ele>
      </trkpt>
      <trkpt lat="42.319080000" lon="-3.080410000">
        <ele>1026.000</ele>
      </trkpt>
      <trkpt lat="42.319140000" lon="-3.080180000">
        <ele>1025.000</ele>
      </trkpt>
      <trkpt lat="42.319240000" lon="-3.079920000">
        <ele>1024.000</ele>
      </trkpt>
      <trkpt lat="42.319320000" lon="-3.079650000">
        <ele>1022.000</ele>
      </trkpt>
      <trkpt lat="42.319380000" lon="-3.079460000">
        <ele>1021.000</ele>
      </trkpt>
      <trkpt lat="42.319440000" lon="-3.079230000">
        <ele>1020.000</ele>
      </trkpt>
      <trkpt lat="42.319480000" lon="-3.079100000">
        <ele>1019.000</ele>
      </trkpt>
      <trkpt lat="42.319500000" lon="-3.079050000">
        <ele>1018.000</ele>
      </trkpt>
      <trkpt lat="42.319530000" lon="-3.078940000">
        <ele>1017.000</ele>
      </trkpt>
      <trkpt lat="42.319560000" lon="-3.078780000">
        <ele>1017.000</ele>
      </trkpt>
      <trkpt lat="42.319590000" lon="-3.078670000">
        <ele>1016.000</ele>
      </trkpt>
      <trkpt lat="42.319630000" lon="-3.078570000">
        <ele>1016.000</ele>
      </trkpt>
      <trkpt lat="42.319640000" lon="-3.078540000">
        <ele>1015.000</ele>
      </trkpt>
      <trkpt lat="42.319700000" lon="-3.078370000">
        <ele>1015.000</ele>
      </trkpt>
      <trkpt lat="42.319780000" lon="-3.078180000">
        <ele>1014.000</ele>
      </trkpt>
      <trkpt lat="42.319870000" lon="-3.078040000">
        <ele>1013.000</ele>
      </trkpt>
      <trkpt lat="42.319910000" lon="-3.077980000">
        <ele>1013.000</ele>
      </trkpt>
      <trkpt lat="42.319950000" lon="-3.077910000">
        <ele>1012.000</ele>
      </trkpt>
      <trkpt lat="42.319970000" lon="-3.077880000">
        <ele>1012.000</ele>
      </trkpt>
      <trkpt lat="42.319980000" lon="-3.077850000">
        <ele>1011.000</ele>
      </trkpt>
      <trkpt lat="42.319990000" lon="-3.077800000">
        <ele>1011.000</ele>
      </trkpt>
      <trkpt lat="42.319990000" lon="-3.077780000">
        <ele>1011.000</ele>
      </trkpt>
      <trkpt lat="42.319990000" lon="-3.077740000">
        <ele>1011.000</ele>
      </trkpt>
      <trkpt lat="42.319990000" lon="-3.077720000">
        <ele>1011.000</ele>
      </trkpt>
      <trkpt lat="42.319980000" lon="-3.077690000">
        <ele>1010.000</ele>
      </trkpt>
      <trkpt lat="42.319980000" lon="-3.077670000">
        <ele>1010.000</ele>
      </trkpt>
      <trkpt lat="42.319970000" lon="-3.077650000">
        <ele>1010.000</ele>
      </trkpt>
      <trkpt lat="42.319940000" lon="-3.077630000">
        <ele>1010.000</ele>
      </trkpt>
      <trkpt lat="42.319930000" lon="-3.077620000">
        <ele>1010.000</ele>
      </trkpt>
      <trkpt lat="42.319900000" lon="-3.077610000">
        <ele>1010.000</ele>
      </trkpt>
      <trkpt lat="42.319860000" lon="-3.077620000">
        <ele>1010.000</ele>
      </trkpt>
      <trkpt lat="42.319850000" lon="-3.077620000">
        <ele>1009.000</ele>
      </trkpt>
      <trkpt lat="42.319830000" lon="-3.077630000">
        <ele>1009.000</ele>
      </trkpt>
      <trkpt lat="42.319770000" lon="-3.077680000">
        <ele>1009.000</ele>
      </trkpt>
      <trkpt lat="42.319760000" lon="-3.077680000">
        <ele>1009.000</ele>
      </trkpt>
      <trkpt lat="42.319710000" lon="-3.077740000">
        <ele>1009.000</ele>
      </trkpt>
      <trkpt lat="42.319620000" lon="-3.077900000">
        <ele>1008.000</ele>
      </trkpt>
      <trkpt lat="42.319550000" lon="-3.078080000">
        <ele>1008.000</ele>
      </trkpt>
      <trkpt lat="42.319470000" lon="-3.078270000">
        <ele>1007.000</ele>
      </trkpt>
      <trkpt lat="42.319430000" lon="-3.078380000">
        <ele>1006.000</ele>
      </trkpt>
      <trkpt lat="42.319420000" lon="-3.078400000">
        <ele>1006.000</ele>
      </trkpt>
      <trkpt lat="42.319370000" lon="-3.078540000">
        <ele>1006.000</ele>
      </trkpt>
      <trkpt lat="42.319310000" lon="-3.078680000">
        <ele>1005.000</ele>
      </trkpt>
      <trkpt lat="42.319260000" lon="-3.078810000">
        <ele>1004.000</ele>
      </trkpt>
      <trkpt lat="42.319180000" lon="-3.078960000">
        <ele>1004.000</ele>
      </trkpt>
      <trkpt lat="42.319170000" lon="-3.078990000">
        <ele>1003.000</ele>
      </trkpt>
      <trkpt lat="42.319130000" lon="-3.079060000">
        <ele>1003.000</ele>
      </trkpt>
      <trkpt lat="42.319100000" lon="-3.079110000">
        <ele>1003.000</ele>
      </trkpt>
      <trkpt lat="42.319080000" lon="-3.079140000">
        <ele>1002.000</ele>
      </trkpt>
      <trkpt lat="42.319040000" lon="-3.079210000">
        <ele>1002.000</ele>
      </trkpt>
      <trkpt lat="42.318990000" lon="-3.079290000">
        <ele>1002.000</ele>
      </trkpt>
      <trkpt lat="42.318890000" lon="-3.079450000">
        <ele>1001.000</ele>
      </trkpt>
      <trkpt lat="42.318810000" lon="-3.079590000">
        <ele>1001.000</ele>
      </trkpt>
      <trkpt lat="42.318750000" lon="-3.079690000">
        <ele>1000.000</ele>
      </trkpt>
      <trkpt lat="42.318530000" lon="-3.080080000">
        <ele>999.000</ele>
      </trkpt>
      <trkpt lat="42.318500000" lon="-3.080140000">
        <ele>999.000</ele>
      </trkpt>
      <trkpt lat="42.318490000" lon="-3.080150000">
        <ele>998.000</ele>
      </trkpt>
      <trkpt lat="42.318440000" lon="-3.080250000">
        <ele>998.000</ele>
      </trkpt>
      <trkpt lat="42.318360000" lon="-3.080370000">
        <ele>997.000</ele>
      </trkpt>
      <trkpt lat="42.318310000" lon="-3.080450000">
        <ele>996.000</ele>
      </trkpt>
      <trkpt lat="42.318250000" lon="-3.080520000">
        <ele>996.000</ele>
      </trkpt>
      <trkpt lat="42.318210000" lon="-3.080560000">
        <ele>996.000</ele>
      </trkpt>
      <trkpt lat="42.318170000" lon="-3.080580000">
        <ele>995.000</ele>
      </trkpt>
      <trkpt lat="42.318110000" lon="-3.080630000">
        <ele>995.000</ele>
      </trkpt>
      <trkpt lat="42.318100000" lon="-3.080630000">
        <ele>994.000</ele>
      </trkpt>
      <trkpt lat="42.318090000" lon="-3.080640000">
        <ele>994.000</ele>
      </trkpt>
      <trkpt lat="42.318010000" lon="-3.080680000">
        <ele>994.000</ele>
      </trkpt>
      <trkpt lat="42.317930000" lon="-3.080730000">
        <ele>994.000</ele>
      </trkpt>
      <trkpt lat="42.317850000" lon="-3.080770000">
        <ele>993.000</ele>
      </trkpt>
      <trkpt lat="42.317770000" lon="-3.080810000">
        <ele>993.000</ele>
      </trkpt>
      <trkpt lat="42.317650000" lon="-3.080840000">
        <ele>992.000</ele>
      </trkpt>
      <trkpt lat="42.317580000" lon="-3.080880000">
        <ele>992.000</ele>
      </trkpt>
      <trkpt lat="42.317560000" lon="-3.080880000">
        <ele>991.000</ele>
      </trkpt>
      <trkpt lat="42.317450000" lon="-3.080940000">
        <ele>991.000</ele>
      </trkpt>
      <trkpt lat="42.317430000" lon="-3.080950000">
        <ele>990.000</ele>
      </trkpt>
      <trkpt lat="42.317410000" lon="-3.080960000">
        <ele>990.000</ele>
      </trkpt>
      <trkpt lat="42.317370000" lon="-3.080980000">
        <ele>990.000</ele>
      </trkpt>
      <trkpt lat="42.317330000" lon="-3.081030000">
        <ele>989.000</ele>
      </trkpt>
      <trkpt lat="42.317300000" lon="-3.081050000">
        <ele>989.000</ele>
      </trkpt>
      <trkpt lat="42.317200000" lon="-3.081150000">
        <ele>989.000</ele>
      </trkpt>
      <trkpt lat="42.317160000" lon="-3.081220000">
        <ele>988.000</ele>
      </trkpt>
      <trkpt lat="42.317110000" lon="-3.081330000">
        <ele>988.000</ele>
      </trkpt>
      <trkpt lat="42.317070000" lon="-3.081420000">
        <ele>987.000</ele>
      </trkpt>
      <trkpt lat="42.317050000" lon="-3.081470000">
        <ele>987.000</ele>
      </trkpt>
      <trkpt lat="42.317040000" lon="-3.081490000">
        <ele>987.000</ele>
      </trkpt>
      <trkpt lat="42.317010000" lon="-3.081550000">
        <ele>986.000</ele>
      </trkpt>
      <trkpt lat="42.316980000" lon="-3.081610000">
        <ele>986.000</ele>
      </trkpt>
      <trkpt lat="42.316960000" lon="-3.081650000">
        <ele>986.000</ele>
      </trkpt>
      <trkpt lat="42.316950000" lon="-3.081680000">
        <ele>986.000</ele>
      </trkpt>
      <trkpt lat="42.316950000" lon="-3.081690000">
        <ele>985.000</ele>
      </trkpt>
      <trkpt lat="42.316930000" lon="-3.081740000">
        <ele>985.000</ele>
      </trkpt>
      <trkpt lat="42.316910000" lon="-3.081790000">
        <ele>985.000</ele>
      </trkpt>
      <trkpt lat="42.316880000" lon="-3.081830000">
        <ele>985.000</ele>
      </trkpt>
      <trkpt lat="42.316860000" lon="-3.081850000">
        <ele>985.000</ele>
      </trkpt>
      <trkpt lat="42.316840000" lon="-3.081860000">
        <ele>984.000</ele>
      </trkpt>
      <trkpt lat="42.316820000" lon="-3.081860000">
        <ele>984.000</ele>
      </trkpt>
      <trkpt lat="42.316810000" lon="-3.081860000">
        <ele>984.000</ele>
      </trkpt>
      <trkpt lat="42.316750000" lon="-3.081850000">
        <ele>984.000</ele>
      </trkpt>
      <trkpt lat="42.316730000" lon="-3.081820000">
        <ele>984.000</ele>
      </trkpt>
      <trkpt lat="42.316710000" lon="-3.081790000">
        <ele>983.000</ele>
      </trkpt>
      <trkpt lat="42.316700000" lon="-3.081740000">
        <ele>983.000</ele>
      </trkpt>
      <trkpt lat="42.316690000" lon="-3.081700000">
        <ele>983.000</ele>
      </trkpt>
      <trkpt lat="42.316690000" lon="-3.081660000">
        <ele>983.000</ele>
      </trkpt>
      <trkpt lat="42.316700000" lon="-3.081620000">
        <ele>983.000</ele>
      </trkpt>
      <trkpt lat="42.316710000" lon="-3.081590000">
        <ele>982.000</ele>
      </trkpt>
      <trkpt lat="42.316720000" lon="-3.081540000">
        <ele>982.000</ele>
      </trkpt>
      <trkpt lat="42.316760000" lon="-3.081470000">
        <ele>982.000</ele>
      </trkpt>
      <trkpt lat="42.316810000" lon="-3.081350000">
        <ele>982.000</ele>
      </trkpt>
      <trkpt lat="42.316870000" lon="-3.081230000">
        <ele>981.000</ele>
      </trkpt>
      <trkpt lat="42.316880000" lon="-3.081210000">
        <ele>981.000</ele>
      </trkpt>
      <trkpt lat="42.316950000" lon="-3.081060000">
        <ele>980.000</ele>
      </trkpt>
      <trkpt lat="42.317160000" lon="-3.080630000">
        <ele>979.000</ele>
      </trkpt>
      <trkpt lat="42.317370000" lon="-3.080230000">
        <ele>978.000</ele>
      </trkpt>
      <trkpt lat="42.317470000" lon="-3.080030000">
        <ele>976.000</ele>
      </trkpt>
      <trkpt lat="42.317570000" lon="-3.079830000">
        <ele>975.000</ele>
      </trkpt>
      <trkpt lat="42.317680000" lon="-3.079630000">
        <ele>974.000</ele>
      </trkpt>
      <trkpt lat="42.317770000" lon="-3.079440000">
        <ele>973.000</ele>
      </trkpt>
      <trkpt lat="42.317870000" lon="-3.079240000">
        <ele>973.000</ele>
      </trkpt>
      <trkpt lat="42.317890000" lon="-3.079200000">
        <ele>972.000</ele>
      </trkpt>
      <trkpt lat="42.317970000" lon="-3.079030000">
        <ele>972.000</ele>
      </trkpt>
      <trkpt lat="42.318020000" lon="-3.078860000">
        <ele>971.000</ele>
      </trkpt>
      <trkpt lat="42.318030000" lon="-3.078810000">
        <ele>971.000</ele>
      </trkpt>
      <trkpt lat="42.318050000" lon="-3.078730000">
        <ele>970.000</ele>
      </trkpt>
      <trkpt lat="42.318070000" lon="-3.078570000">
        <ele>970.000</ele>
      </trkpt>
      <trkpt lat="42.318080000" lon="-3.078450000">
        <ele>969.000</ele>
      </trkpt>
      <trkpt lat="42.318110000" lon="-3.078330000">
        <ele>969.000</ele>
      </trkpt>
      <trkpt lat="42.318120000" lon="-3.078250000">
        <ele>969.000</ele>
      </trkpt>
      <trkpt lat="42.318190000" lon="-3.078050000">
        <ele>968.000</ele>
      </trkpt>
      <trkpt lat="42.318250000" lon="-3.077830000">
        <ele>968.000</ele>
      </trkpt>
      <trkpt lat="42.318400000" lon="-3.077320000">
        <ele>966.000</ele>
      </trkpt>
      <trkpt lat="42.318550000" lon="-3.076810000">
        <ele>965.000</ele>
      </trkpt>
      <trkpt lat="42.318640000" lon="-3.076520000">
        <ele>963.000</ele>
      </trkpt>
      <trkpt lat="42.318750000" lon="-3.076080000">
        <ele>961.000</ele>
      </trkpt>
      <trkpt lat="42.318790000" lon="-3.075830000">
        <ele>959.000</ele>
      </trkpt>
      <trkpt lat="42.318800000" lon="-3.075790000">
        <ele>958.000</ele>
      </trkpt>
      <trkpt lat="42.318830000" lon="-3.075590000">
        <ele>957.000</ele>
      </trkpt>
      <trkpt lat="42.318880000" lon="-3.075320000">
        <ele>956.000</ele>
      </trkpt>
      <trkpt lat="42.318930000" lon="-3.075010000">
        <ele>954.000</ele>
      </trkpt>
      <trkpt lat="42.318970000" lon="-3.074780000">
        <ele>953.000</ele>
      </trkpt>
      <trkpt lat="42.319000000" lon="-3.074540000">
        <ele>952.000</ele>
      </trkpt>
      <trkpt lat="42.319020000" lon="-3.074220000">
        <ele>951.000</ele>
      </trkpt>
      <trkpt lat="42.319030000" lon="-3.074050000">
        <ele>950.000</ele>
      </trkpt>
      <trkpt lat="42.319030000" lon="-3.073980000">
        <ele>949.000</ele>
      </trkpt>
      <trkpt lat="42.319030000" lon="-3.073920000">
        <ele>948.000</ele>
      </trkpt>
      <trkpt lat="42.319030000" lon="-3.073910000">
        <ele>948.000</ele>
      </trkpt>
      <trkpt lat="42.319040000" lon="-3.073680000">
        <ele>947.000</ele>
      </trkpt>
      <trkpt lat="42.319000000" lon="-3.073420000">
        <ele>947.000</ele>
      </trkpt>
      <trkpt lat="42.318960000" lon="-3.073100000">
        <ele>946.000</ele>
      </trkpt>
      <trkpt lat="42.318950000" lon="-3.073020000">
        <ele>945.000</ele>
      </trkpt>
      <trkpt lat="42.318930000" lon="-3.072920000">
        <ele>944.000</ele>
      </trkpt>
      <trkpt lat="42.318900000" lon="-3.072800000">
        <ele>943.000</ele>
      </trkpt>
      <trkpt lat="42.318880000" lon="-3.072720000">
        <ele>943.000</ele>
      </trkpt>
      <trkpt lat="42.318870000" lon="-3.072690000">
        <ele>943.000</ele>
      </trkpt>
      <trkpt lat="42.318820000" lon="-3.072530000">
        <ele>942.000</ele>
      </trkpt>
      <trkpt lat="42.318730000" lon="-3.072290000">
        <ele>941.000</ele>
      </trkpt>
      <trkpt lat="42.318710000" lon="-3.072240000">
        <ele>941.000</ele>
      </trkpt>
      <trkpt lat="42.318640000" lon="-3.072070000">
        <ele>940.000</ele>
      </trkpt>
      <trkpt lat="42.318640000" lon="-3.072060000">
        <ele>940.000</ele>
      </trkpt>
      <trkpt lat="42.318600000" lon="-3.071980000">
        <ele>940.000</ele>
      </trkpt>
      <trkpt lat="42.318510000" lon="-3.071790000">
        <ele>939.000</ele>
      </trkpt>
      <trkpt lat="42.318500000" lon="-3.071780000">
        <ele>939.000</ele>
      </trkpt>
      <trkpt lat="42.318440000" lon="-3.071670000">
        <ele>938.000</ele>
      </trkpt>
      <trkpt lat="42.318400000" lon="-3.071600000">
        <ele>938.000</ele>
      </trkpt>
      <trkpt lat="42.318380000" lon="-3.071560000">
        <ele>937.000</ele>
      </trkpt>
      <trkpt lat="42.318290000" lon="-3.071410000">
        <ele>937.000</ele>
      </trkpt>
      <trkpt lat="42.318100000" lon="-3.071100000">
        <ele>936.000</ele>
      </trkpt>
      <trkpt lat="42.317970000" lon="-3.070930000">
        <ele>935.000</ele>
      </trkpt>
      <trkpt lat="42.317940000" lon="-3.070870000">
        <ele>935.000</ele>
      </trkpt>
      <trkpt lat="42.317900000" lon="-3.070810000">
        <ele>934.000</ele>
      </trkpt>
      <trkpt lat="42.317870000" lon="-3.070710000">
        <ele>934.000</ele>
      </trkpt>
      <trkpt lat="42.317840000" lon="-3.070580000">
        <ele>933.000</ele>
      </trkpt>
      <trkpt lat="42.317830000" lon="-3.070490000">
        <ele>933.000</ele>
      </trkpt>
      <trkpt lat="42.317820000" lon="-3.070370000">
        <ele>933.000</ele>
      </trkpt>
      <trkpt lat="42.317800000" lon="-3.070170000">
        <ele>933.000</ele>
      </trkpt>
      <trkpt lat="42.317810000" lon="-3.070040000">
        <ele>932.000</ele>
      </trkpt>
      <trkpt lat="42.317820000" lon="-3.069940000">
        <ele>932.000</ele>
      </trkpt>
      <trkpt lat="42.317830000" lon="-3.069850000">
        <ele>932.000</ele>
      </trkpt>
      <trkpt lat="42.317840000" lon="-3.069850000">
        <ele>932.000</ele>
      </trkpt>
      <trkpt lat="42.317940000" lon="-3.069470000">
        <ele>931.000</ele>
      </trkpt>
      <trkpt lat="42.318020000" lon="-3.069170000">
        <ele>931.000</ele>
      </trkpt>
      <trkpt lat="42.318050000" lon="-3.069080000">
        <ele>931.000</ele>
      </trkpt>
      <trkpt lat="42.318120000" lon="-3.068790000">
        <ele>930.000</ele>
      </trkpt>
      <trkpt lat="42.318260000" lon="-3.068390000">
        <ele>930.000</ele>
      </trkpt>
      <trkpt lat="42.318290000" lon="-3.068290000">
        <ele>929.000</ele>
      </trkpt>
      <trkpt lat="42.318300000" lon="-3.068230000">
        <ele>929.000</ele>
      </trkpt>
      <trkpt lat="42.318480000" lon="-3.067610000">
        <ele>928.000</ele>
      </trkpt>
      <trkpt lat="42.318570000" lon="-3.067310000">
        <ele>928.000</ele>
      </trkpt>
      <trkpt lat="42.318650000" lon="-3.067060000">
        <ele>928.000</ele>
      </trkpt>
      <trkpt lat="42.318900000" lon="-3.066230000">
        <ele>927.000</ele>
      </trkpt>
      <trkpt lat="42.318930000" lon="-3.066120000">
        <ele>926.000</ele>
      </trkpt>
      <trkpt lat="42.319000000" lon="-3.065890000">
        <ele>926.000</ele>
      </trkpt>
      <trkpt lat="42.319050000" lon="-3.065720000">
        <ele>926.000</ele>
      </trkpt>
      <trkpt lat="42.319130000" lon="-3.065450000">
        <ele>925.000</ele>
      </trkpt>
      <trkpt lat="42.319580000" lon="-3.063980000">
        <ele>924.000</ele>
      </trkpt>
      <trkpt lat="42.319660000" lon="-3.063740000">
        <ele>923.000</ele>
      </trkpt>
      <trkpt lat="42.319710000" lon="-3.063570000">
        <ele>922.000</ele>
      </trkpt>
      <trkpt lat="42.319920000" lon="-3.062860000">
        <ele>920.000</ele>
      </trkpt>
      <trkpt lat="42.319970000" lon="-3.062710000">
        <ele>919.000</ele>
      </trkpt>
      <trkpt lat="42.320060000" lon="-3.062410000">
        <ele>918.000</ele>
      </trkpt>
      <trkpt lat="42.320200000" lon="-3.061960000">
        <ele>917.000</ele>
      </trkpt>
      <trkpt lat="42.320440000" lon="-3.061170000">
        <ele>915.000</ele>
      </trkpt>
      <trkpt lat="42.321030000" lon="-3.059190000">
        <ele>912.000</ele>
      </trkpt>
      <trkpt lat="42.321220000" lon="-3.058560000">
        <ele>909.000</ele>
      </trkpt>
      <trkpt lat="42.321760000" lon="-3.056790000">
        <ele>906.000</ele>
      </trkpt>
      <trkpt lat="42.321890000" lon="-3.056330000">
        <ele>903.000</ele>
      </trkpt>
      <trkpt lat="42.321960000" lon="-3.056120000">
        <ele>901.000</ele>
      </trkpt>
      <trkpt lat="42.322030000" lon="-3.055880000">
        <ele>899.000</ele>
      </trkpt>
      <trkpt lat="42.322780000" lon="-3.053440000">
        <ele>895.000</ele>
      </trkpt>
      <trkpt lat="42.322850000" lon="-3.053180000">
        <ele>892.000</ele>
      </trkpt>
      <trkpt lat="42.322970000" lon="-3.052770000">
        <ele>890.000</ele>
      </trkpt>
      <trkpt lat="42.322990000" lon="-3.052690000">
        <ele>888.000</ele>
      </trkpt>
      <trkpt lat="42.323500000" lon="-3.051040000">
        <ele>885.000</ele>
      </trkpt>
      <trkpt lat="42.323720000" lon="-3.050300000">
        <ele>883.000</ele>
      </trkpt>
      <trkpt lat="42.323740000" lon="-3.050240000">
        <ele>881.000</ele>
      </trkpt>
      <trkpt lat="42.323850000" lon="-3.049880000">
        <ele>880.000</ele>
      </trkpt>
      <trkpt lat="42.323940000" lon="-3.049570000">
        <ele>879.000</ele>
      </trkpt>
      <trkpt lat="42.324100000" lon="-3.049050000">
        <ele>877.000</ele>
      </trkpt>
      <trkpt lat="42.324180000" lon="-3.048780000">
        <ele>876.000</ele>
      </trkpt>
      <trkpt lat="42.324340000" lon="-3.048260000">
        <ele>876.000</ele>
      </trkpt>
      <trkpt lat="42.324440000" lon="-3.047910000">
        <ele>875.000</ele>
      </trkpt>
      <trkpt lat="42.324490000" lon="-3.047690000">
        <ele>874.000</ele>
      </trkpt>
      <trkpt lat="42.324550000" lon="-3.047380000">
        <ele>874.000</ele>
      </trkpt>
      <trkpt lat="42.324580000" lon="-3.047150000">
        <ele>873.000</ele>
      </trkpt>
      <trkpt lat="42.324590000" lon="-3.046910000">
        <ele>873.000</ele>
      </trkpt>
      <trkpt lat="42.324600000" lon="-3.045990000">
        <ele>872.000</ele>
      </trkpt>
      <trkpt lat="42.324610000" lon="-3.045320000">
        <ele>871.000</ele>
      </trkpt>
      <trkpt lat="42.324610000" lon="-3.044860000">
        <ele>870.000</ele>
      </trkpt>
      <trkpt lat="42.324610000" lon="-3.044770000">
        <ele>870.000</ele>
      </trkpt>
      <trkpt lat="42.324610000" lon="-3.043300000">
        <ele>869.000</ele>
      </trkpt>
      <trkpt lat="42.324610000" lon="-3.043140000">
        <ele>868.000</ele>
      </trkpt>
      <trkpt lat="42.324620000" lon="-3.042670000">
        <ele>867.000</ele>
      </trkpt>
      <trkpt lat="42.324620000" lon="-3.042570000">
        <ele>867.000</ele>
      </trkpt>
      <trkpt lat="42.324620000" lon="-3.042550000">
        <ele>866.000</ele>
      </trkpt>
      <trkpt lat="42.324680000" lon="-3.042200000">
        <ele>866.000</ele>
      </trkpt>
      <trkpt lat="42.324780000" lon="-3.041690000">
        <ele>865.000</ele>
      </trkpt>
      <trkpt lat="42.324830000" lon="-3.041470000">
        <ele>865.000</ele>
      </trkpt>
      <trkpt lat="42.324940000" lon="-3.041010000">
        <ele>865.000</ele>
      </trkpt>
      <trkpt lat="42.324970000" lon="-3.040880000">
        <ele>864.000</ele>
      </trkpt>
      <trkpt lat="42.325020000" lon="-3.040690000">
        <ele>864.000</ele>
      </trkpt>
      <trkpt lat="42.325090000" lon="-3.040400000">
        <ele>863.000</ele>
      </trkpt>
      <trkpt lat="42.325270000" lon="-3.039580000">
        <ele>862.000</ele>
      </trkpt>
      <trkpt lat="42.325290000" lon="-3.039470000">
        <ele>861.000</ele>
      </trkpt>
      <trkpt lat="42.325330000" lon="-3.039280000">
        <ele>860.000</ele>
      </trkpt>
      <trkpt lat="42.325540000" lon="-3.038350000">
        <ele>858.000</ele>
      </trkpt>
      <trkpt lat="42.325610000" lon="-3.038080000">
        <ele>857.000</ele>
      </trkpt>
      <trkpt lat="42.325620000" lon="-3.037990000">
        <ele>856.000</ele>
      </trkpt>
      <trkpt lat="42.325640000" lon="-3.037930000">
        <ele>855.000</ele>
      </trkpt>
      <trkpt lat="42.325650000" lon="-3.037890000">
        <ele>854.000</ele>
      </trkpt>
      <trkpt lat="42.325660000" lon="-3.037800000">
        <ele>854.000</ele>
      </trkpt>
      <trkpt lat="42.325660000" lon="-3.037760000">
        <ele>854.000</ele>
      </trkpt>
      <trkpt lat="42.325670000" lon="-3.037660000">
        <ele>854.000</ele>
      </trkpt>
      <trkpt lat="42.325660000" lon="-3.037590000">
        <ele>853.000</ele>
      </trkpt>
      <trkpt lat="42.325650000" lon="-3.037430000">
        <ele>853.000</ele>
      </trkpt>
      <trkpt lat="42.325640000" lon="-3.037310000">
        <ele>853.000</ele>
      </trkpt>
      <trkpt lat="42.325620000" lon="-3.037180000">
        <ele>853.000</ele>
      </trkpt>
      <trkpt lat="42.325600000" lon="-3.037080000">
        <ele>852.000</ele>
      </trkpt>
      <trkpt lat="42.325580000" lon="-3.036960000">
        <ele>852.000</ele>
      </trkpt>
      <trkpt lat="42.325570000" lon="-3.036930000">
        <ele>852.000</ele>
      </trkpt>
      <trkpt lat="42.325540000" lon="-3.036720000">
        <ele>852.000</ele>
      </trkpt>
      <trkpt lat="42.325520000" lon="-3.036660000">
        <ele>851.000</ele>
      </trkpt>
      <trkpt lat="42.325410000" lon="-3.036330000">
        <ele>851.000</ele>
      </trkpt>
      <trkpt lat="42.325380000" lon="-3.036220000">
        <ele>851.000</ele>
      </trkpt>
      <trkpt lat="42.325300000" lon="-3.035970000">
        <ele>850.000</ele>
      </trkpt>
      <trkpt lat="42.325270000" lon="-3.035840000">
        <ele>850.000</ele>
      </trkpt>
      <trkpt lat="42.325200000" lon="-3.035620000">
        <ele>850.000</ele>
      </trkpt>
      <trkpt lat="42.325090000" lon="-3.035260000">
        <ele>849.000</ele>
      </trkpt>
      <trkpt lat="42.325040000" lon="-3.035090000">
        <ele>849.000</ele>
      </trkpt>
      <trkpt lat="42.324890000" lon="-3.034580000">
        <ele>848.000</ele>
      </trkpt>
      <trkpt lat="42.324880000" lon="-3.034520000">
        <ele>847.000</ele>
      </trkpt>
      <trkpt lat="42.324830000" lon="-3.034360000">
        <ele>847.000</ele>
      </trkpt>
      <trkpt lat="42.324790000" lon="-3.034210000">
        <ele>846.000</ele>
      </trkpt>
      <trkpt lat="42.324680000" lon="-3.033820000">
        <ele>846.000</ele>
      </trkpt>
      <trkpt lat="42.324640000" lon="-3.033670000">
        <ele>845.000</ele>
      </trkpt>
      <trkpt lat="42.324600000" lon="-3.033520000">
        <ele>845.000</ele>
      </trkpt>
      <trkpt lat="42.324590000" lon="-3.033460000">
        <ele>845.000</ele>
      </trkpt>
      <trkpt lat="42.324540000" lon="-3.033240000">
        <ele>844.000</ele>
      </trkpt>
      <trkpt lat="42.324520000" lon="-3.033130000">
        <ele>844.000</ele>
      </trkpt>
      <trkpt lat="42.324510000" lon="-3.033020000">
        <ele>844.000</ele>
      </trkpt>
      <trkpt lat="42.324480000" lon="-3.032830000">
        <ele>844.000</ele>
      </trkpt>
      <trkpt lat="42.324460000" lon="-3.032610000">
        <ele>843.000</ele>
      </trkpt>
      <trkpt lat="42.324450000" lon="-3.032480000">
        <ele>843.000</ele>
      </trkpt>
      <trkpt lat="42.324440000" lon="-3.032350000">
        <ele>843.000</ele>
      </trkpt>
      <trkpt lat="42.324430000" lon="-3.031980000">
        <ele>843.000</ele>
      </trkpt>
      <trkpt lat="42.324450000" lon="-3.031690000">
        <ele>842.000</ele>
      </trkpt>
      <trkpt lat="42.324580000" lon="-3.030910000">
        <ele>842.000</ele>
      </trkpt>
      <trkpt lat="42.324820000" lon="-3.029620000">
        <ele>841.000</ele>
      </trkpt>
      <trkpt lat="42.325030000" lon="-3.028330000">
        <ele>839.000</ele>
      </trkpt>
      <trkpt lat="42.325060000" lon="-3.028200000">
        <ele>838.000</ele>
      </trkpt>
      <trkpt lat="42.325200000" lon="-3.027430000">
        <ele>837.000</ele>
      </trkpt>
      <trkpt lat="42.325240000" lon="-3.027200000">
        <ele>836.000</ele>
      </trkpt>
      <trkpt lat="42.325280000" lon="-3.026960000">
        <ele>836.000</ele>
      </trkpt>
      <trkpt lat="42.325310000" lon="-3.026810000">
        <ele>835.000</ele>
      </trkpt>
      <trkpt lat="42.325390000" lon="-3.026330000">
        <ele>834.000</ele>
      </trkpt>
      <trkpt lat="42.325430000" lon="-3.025930000">
        <ele>834.000</ele>
      </trkpt>
      <trkpt lat="42.325520000" lon="-3.024370000">
        <ele>833.000</ele>
      </trkpt>
      <trkpt lat="42.325520000" lon="-3.024330000">
        <ele>832.000</ele>
      </trkpt>
      <trkpt lat="42.325540000" lon="-3.024050000">
        <ele>832.000</ele>
      </trkpt>
      <trkpt lat="42.325610000" lon="-3.022870000">
        <ele>831.000</ele>
      </trkpt>
      <trkpt lat="42.325610000" lon="-3.022790000">
        <ele>830.000</ele>
      </trkpt>
      <trkpt lat="42.325620000" lon="-3.022590000">
        <ele>830.000</ele>
      </trkpt>
      <trkpt lat="42.325630000" lon="-3.022580000">
        <ele>829.000</ele>
      </trkpt>
      <trkpt lat="42.325630000" lon="-3.022350000">
        <ele>829.000</ele>
      </trkpt>
      <trkpt lat="42.325630000" lon="-3.022160000">
        <ele>829.000</ele>
      </trkpt>
      <trkpt lat="42.325640000" lon="-3.021930000">
        <ele>828.000</ele>
      </trkpt>
      <trkpt lat="42.325650000" lon="-3.021240000">
        <ele>827.000</ele>
      </trkpt>
      <trkpt lat="42.325650000" lon="-3.021020000">
        <ele>826.000</ele>
      </trkpt>
      <trkpt lat="42.325660000" lon="-3.020730000">
        <ele>825.000</ele>
      </trkpt>
      <trkpt lat="42.325700000" lon="-3.020250000">
        <ele>824.000</ele>
      </trkpt>
      <trkpt lat="42.325700000" lon="-3.020090000">
        <ele>824.000</ele>
      </trkpt>
      <trkpt lat="42.325730000" lon="-3.019480000">
        <ele>823.000</ele>
      </trkpt>
      <trkpt lat="42.325730000" lon="-3.019410000">
        <ele>822.000</ele>
      </trkpt>
      <trkpt lat="42.325740000" lon="-3.019160000">
        <ele>822.000</ele>
      </trkpt>
      <trkpt lat="42.325770000" lon="-3.018450000">
        <ele>821.000</ele>
      </trkpt>
      <trkpt lat="42.325770000" lon="-3.018370000">
        <ele>820.000</ele>
      </trkpt>
      <trkpt lat="42.325780000" lon="-3.018210000">
        <ele>820.000</ele>
      </trkpt>
      <trkpt lat="42.325780000" lon="-3.018190000">
        <ele>819.000</ele>
      </trkpt>
      <trkpt lat="42.325810000" lon="-3.017480000">
        <ele>819.000</ele>
      </trkpt>
      <trkpt lat="42.325810000" lon="-3.017260000">
        <ele>818.000</ele>
      </trkpt>
      <trkpt lat="42.325810000" lon="-3.017020000">
        <ele>818.000</ele>
      </trkpt>
      <trkpt lat="42.325780000" lon="-3.016930000">
        <ele>818.000</ele>
      </trkpt>
      <trkpt lat="42.325730000" lon="-3.016520000">
        <ele>818.000</ele>
      </trkpt>
      <trkpt lat="42.325680000" lon="-3.016190000">
        <ele>817.000</ele>
      </trkpt>
      <trkpt lat="42.325610000" lon="-3.015640000">
        <ele>817.000</ele>
      </trkpt>
      <trkpt lat="42.325610000" lon="-3.015560000">
        <ele>817.000</ele>
      </trkpt>
      <trkpt lat="42.325610000" lon="-3.015490000">
        <ele>817.000</ele>
      </trkpt>
      <trkpt lat="42.325610000" lon="-3.015410000">
        <ele>817.000</ele>
      </trkpt>
      <trkpt lat="42.325620000" lon="-3.015270000">
        <ele>817.000</ele>
      </trkpt>
      <trkpt lat="42.325640000" lon="-3.015040000">
        <ele>817.000</ele>
      </trkpt>
      <trkpt lat="42.325660000" lon="-3.014870000">
        <ele>816.000</ele>
      </trkpt>
      <trkpt lat="42.325660000" lon="-3.014860000">
        <ele>816.000</ele>
      </trkpt>
      <trkpt lat="42.325660000" lon="-3.014850000">
        <ele>816.000</ele>
      </trkpt>
      <trkpt lat="42.325670000" lon="-3.014800000">
        <ele>816.000</ele>
      </trkpt>
      <trkpt lat="42.325670000" lon="-3.014750000">
        <ele>816.000</ele>
      </trkpt>
      <trkpt lat="42.325680000" lon="-3.014710000">
        <ele>816.000</ele>
      </trkpt>
      <trkpt lat="42.325700000" lon="-3.014670000">
        <ele>816.000</ele>
      </trkpt>
      <trkpt lat="42.325710000" lon="-3.014640000">
        <ele>816.000</ele>
      </trkpt>
      <trkpt lat="42.325740000" lon="-3.014580000">
        <ele>816.000</ele>
      </trkpt>
      <trkpt lat="42.325780000" lon="-3.014510000">
        <ele>815.000</ele>
      </trkpt>
      <trkpt lat="42.325800000" lon="-3.014470000">
        <ele>815.000</ele>
      </trkpt>
      <trkpt lat="42.325830000" lon="-3.014430000">
        <ele>815.000</ele>
      </trkpt>
      <trkpt lat="42.325860000" lon="-3.014390000">
        <ele>815.000</ele>
      </trkpt>
      <trkpt lat="42.325880000" lon="-3.014370000">
        <ele>815.000</ele>
      </trkpt>
      <trkpt lat="42.325900000" lon="-3.014360000">
        <ele>815.000</ele>
      </trkpt>
      <trkpt lat="42.325920000" lon="-3.014340000">
        <ele>815.000</ele>
      </trkpt>
      <trkpt lat="42.326110000" lon="-3.014300000">
        <ele>814.000</ele>
      </trkpt>
      <trkpt lat="42.326150000" lon="-3.014300000">
        <ele>814.000</ele>
      </trkpt>
      <trkpt lat="42.326250000" lon="-3.014280000">
        <ele>814.000</ele>
      </trkpt>
      <trkpt lat="42.326290000" lon="-3.014270000">
        <ele>814.000</ele>
      </trkpt>
      <trkpt lat="42.326320000" lon="-3.014270000">
        <ele>813.000</ele>
      </trkpt>
      <trkpt lat="42.326430000" lon="-3.014230000">
        <ele>813.000</ele>
      </trkpt>
      <trkpt lat="42.326500000" lon="-3.014190000">
        <ele>813.000</ele>
      </trkpt>
      <trkpt lat="42.326610000" lon="-3.014130000">
        <ele>813.000</ele>
      </trkpt>
      <trkpt lat="42.326710000" lon="-3.014080000">
        <ele>812.000</ele>
      </trkpt>
      <trkpt lat="42.326860000" lon="-3.013980000">
        <ele>812.000</ele>
      </trkpt>
      <trkpt lat="42.326890000" lon="-3.013970000">
        <ele>812.000</ele>
      </trkpt>
      <trkpt lat="42.327040000" lon="-3.013990000">
        <ele>811.000</ele>
      </trkpt>
      <trkpt lat="42.327080000" lon="-3.013990000">
        <ele>811.000</ele>
      </trkpt>
      <trkpt lat="42.327170000" lon="-3.014010000">
        <ele>811.000</ele>
      </trkpt>
      <trkpt lat="42.327260000" lon="-3.014030000">
        <ele>811.000</ele>
      </trkpt>
      <trkpt lat="42.327390000" lon="-3.014060000">
        <ele>811.000</ele>
      </trkpt>
      <trkpt lat="42.327520000" lon="-3.014080000">
        <ele>810.000</ele>
      </trkpt>
      <trkpt lat="42.327620000" lon="-3.014090000">
        <ele>810.000</ele>
      </trkpt>
      <trkpt lat="42.327680000" lon="-3.014090000">
        <ele>810.000</ele>
      </trkpt>
      <trkpt lat="42.327760000" lon="-3.014080000">
        <ele>810.000</ele>
      </trkpt>
      <trkpt lat="42.327790000" lon="-3.014070000">
        <ele>810.000</ele>
      </trkpt>
      <trkpt lat="42.328250000" lon="-3.013970000">
        <ele>810.000</ele>
      </trkpt>
      <trkpt lat="42.328680000" lon="-3.013890000">
        <ele>810.000</ele>
      </trkpt>
      <trkpt lat="42.328910000" lon="-3.013840000">
        <ele>810.000</ele>
      </trkpt>
      <trkpt lat="42.328960000" lon="-3.013830000">
        <ele>810.000</ele>
      </trkpt>
      <trkpt lat="42.329110000" lon="-3.013790000">
        <ele>810.000</ele>
      </trkpt>
      <trkpt lat="42.329220000" lon="-3.013770000">
        <ele>809.000</ele>
      </trkpt>
      <trkpt lat="42.329370000" lon="-3.013730000">
        <ele>809.000</ele>
      </trkpt>
      <trkpt lat="42.329460000" lon="-3.013700000">
        <ele>809.000</ele>
      </trkpt>
      <trkpt lat="42.329840000" lon="-3.013590000">
        <ele>809.000</ele>
      </trkpt>
      <trkpt lat="42.329900000" lon="-3.013580000">
        <ele>809.000</ele>
      </trkpt>
      <trkpt lat="42.330070000" lon="-3.013530000">
        <ele>809.000</ele>
      </trkpt>
      <trkpt lat="42.330260000" lon="-3.013480000">
        <ele>808.000</ele>
      </trkpt>
      <trkpt lat="42.330720000" lon="-3.013360000">
        <ele>808.000</ele>
      </trkpt>
      <trkpt lat="42.330930000" lon="-3.013300000">
        <ele>808.000</ele>
      </trkpt>
      <trkpt lat="42.331510000" lon="-3.013150000">
        <ele>807.000</ele>
      </trkpt>
      <trkpt lat="42.331600000" lon="-3.013130000">
        <ele>806.000</ele>
      </trkpt>
      <trkpt lat="42.332300000" lon="-3.012930000">
        <ele>805.000</ele>
      </trkpt>
      <trkpt lat="42.332400000" lon="-3.012900000">
        <ele>804.000</ele>
      </trkpt>
      <trkpt lat="42.332450000" lon="-3.012880000">
        <ele>804.000</ele>
      </trkpt>
      <trkpt lat="42.332480000" lon="-3.012870000">
        <ele>803.000</ele>
      </trkpt>
      <trkpt lat="42.332520000" lon="-3.012850000">
        <ele>803.000</ele>
      </trkpt>
      <trkpt lat="42.332650000" lon="-3.012790000">
        <ele>803.000</ele>
      </trkpt>
      <trkpt lat="42.332880000" lon="-3.012660000">
        <ele>802.000</ele>
      </trkpt>
      <trkpt lat="42.333090000" lon="-3.012540000">
        <ele>802.000</ele>
      </trkpt>
      <trkpt lat="42.333730000" lon="-3.012170000">
        <ele>801.000</ele>
      </trkpt>
      <trkpt lat="42.333880000" lon="-3.012080000">
        <ele>801.000</ele>
      </trkpt>
      <trkpt lat="42.334120000" lon="-3.011940000">
        <ele>800.000</ele>
      </trkpt>
      <trkpt lat="42.334320000" lon="-3.011820000">
        <ele>800.000</ele>
      </trkpt>
      <trkpt lat="42.334340000" lon="-3.011810000">
        <ele>799.000</ele>
      </trkpt>
      <trkpt lat="42.334400000" lon="-3.011770000">
        <ele>799.000</ele>
      </trkpt>
      <trkpt lat="42.334460000" lon="-3.011740000">
        <ele>799.000</ele>
      </trkpt>
      <trkpt lat="42.334580000" lon="-3.011660000">
        <ele>799.000</ele>
      </trkpt>
      <trkpt lat="42.334650000" lon="-3.011620000">
        <ele>798.000</ele>
      </trkpt>
      <trkpt lat="42.334970000" lon="-3.011430000">
        <ele>798.000</ele>
      </trkpt>
      <trkpt lat="42.335130000" lon="-3.011330000">
        <ele>798.000</ele>
      </trkpt>
      <trkpt lat="42.335280000" lon="-3.011260000">
        <ele>798.000</ele>
      </trkpt>
      <trkpt lat="42.335590000" lon="-3.011040000">
        <ele>798.000</ele>
      </trkpt>
      <trkpt lat="42.335670000" lon="-3.011010000">
        <ele>797.000</ele>
      </trkpt>
      <trkpt lat="42.335970000" lon="-3.010890000">
        <ele>797.000</ele>
      </trkpt>
      <trkpt lat="42.336290000" lon="-3.010730000">
        <ele>797.000</ele>
      </trkpt>
      <trkpt lat="42.336480000" lon="-3.010630000">
        <ele>797.000</ele>
      </trkpt>
      <trkpt lat="42.336610000" lon="-3.010560000">
        <ele>797.000</ele>
      </trkpt>
      <trkpt lat="42.336970000" lon="-3.010370000">
        <ele>797.000</ele>
      </trkpt>
      <trkpt lat="42.337240000" lon="-3.010260000">
        <ele>797.000</ele>
      </trkpt>
      <trkpt lat="42.337450000" lon="-3.010200000">
        <ele>797.000</ele>
      </trkpt>
      <trkpt lat="42.337570000" lon="-3.010150000">
        <ele>797.000</ele>
      </trkpt>
      <trkpt lat="42.337700000" lon="-3.010100000">
        <ele>797.000</ele>
      </trkpt>
      <trkpt lat="42.337820000" lon="-3.010060000">
        <ele>797.000</ele>
      </trkpt>
      <trkpt lat="42.337980000" lon="-3.009990000">
        <ele>797.000</ele>
      </trkpt>
      <trkpt lat="42.338140000" lon="-3.009920000">
        <ele>797.000</ele>
      </trkpt>
      <trkpt lat="42.338310000" lon="-3.009840000">
        <ele>797.000</ele>
      </trkpt>
      <trkpt lat="42.338440000" lon="-3.009780000">
        <ele>797.000</ele>
      </trkpt>
      <trkpt lat="42.338590000" lon="-3.009710000">
        <ele>797.000</ele>
      </trkpt>
      <trkpt lat="42.338660000" lon="-3.009670000">
        <ele>797.000</ele>
      </trkpt>
      <trkpt lat="42.338770000" lon="-3.009620000">
        <ele>797.000</ele>
      </trkpt>
      <trkpt lat="42.338890000" lon="-3.009540000">
        <ele>797.000</ele>
      </trkpt>
      <trkpt lat="42.339020000" lon="-3.009470000">
        <ele>797.000</ele>
      </trkpt>
      <trkpt lat="42.339090000" lon="-3.009420000">
        <ele>797.000</ele>
      </trkpt>
      <trkpt lat="42.339150000" lon="-3.009370000">
        <ele>797.000</ele>
      </trkpt>
      <trkpt lat="42.339290000" lon="-3.009260000">
        <ele>796.000</ele>
      </trkpt>
      <trkpt lat="42.339420000" lon="-3.009130000">
        <ele>796.000</ele>
      </trkpt>
      <trkpt lat="42.339540000" lon="-3.009010000">
        <ele>796.000</ele>
      </trkpt>
      <trkpt lat="42.339650000" lon="-3.008890000">
        <ele>796.000</ele>
      </trkpt>
      <trkpt lat="42.339690000" lon="-3.008840000">
        <ele>796.000</ele>
      </trkpt>
      <trkpt lat="42.339740000" lon="-3.008780000">
        <ele>796.000</ele>
      </trkpt>
      <trkpt lat="42.339790000" lon="-3.008700000">
        <ele>796.000</ele>
      </trkpt>
      <trkpt lat="42.339920000" lon="-3.008510000">
        <ele>795.000</ele>
      </trkpt>
      <trkpt lat="42.339990000" lon="-3.008380000">
        <ele>795.000</ele>
      </trkpt>
      <trkpt lat="42.340020000" lon="-3.008320000">
        <ele>795.000</ele>
      </trkpt>
      <trkpt lat="42.340110000" lon="-3.008150000">
        <ele>795.000</ele>
      </trkpt>
      <trkpt lat="42.340160000" lon="-3.008050000">
        <ele>795.000</ele>
      </trkpt>
      <trkpt lat="42.340220000" lon="-3.007910000">
        <ele>795.000</ele>
      </trkpt>
      <trkpt lat="42.340270000" lon="-3.007790000">
        <ele>794.000</ele>
      </trkpt>
      <trkpt lat="42.340310000" lon="-3.007710000">
        <ele>794.000</ele>
      </trkpt>
      <trkpt lat="42.340330000" lon="-3.007670000">
        <ele>794.000</ele>
      </trkpt>
      <trkpt lat="42.340370000" lon="-3.007550000">
        <ele>794.000</ele>
      </trkpt>
      <trkpt lat="42.340390000" lon="-3.007520000">
        <ele>794.000</ele>
      </trkpt>
      <trkpt lat="42.340610000" lon="-3.007010000">
        <ele>794.000</ele>
      </trkpt>
      <trkpt lat="42.340690000" lon="-3.006850000">
        <ele>793.000</ele>
      </trkpt>
      <trkpt lat="42.340790000" lon="-3.006670000">
        <ele>793.000</ele>
      </trkpt>
      <trkpt lat="42.340890000" lon="-3.006480000">
        <ele>793.000</ele>
      </trkpt>
      <trkpt lat="42.341010000" lon="-3.006290000">
        <ele>793.000</ele>
      </trkpt>
      <trkpt lat="42.341020000" lon="-3.006270000">
        <ele>793.000</ele>
      </trkpt>
      <trkpt lat="42.341090000" lon="-3.006160000">
        <ele>793.000</ele>
      </trkpt>
      <trkpt lat="42.341190000" lon="-3.005990000">
        <ele>793.000</ele>
      </trkpt>
      <trkpt lat="42.341310000" lon="-3.005780000">
        <ele>793.000</ele>
      </trkpt>
      <trkpt lat="42.341390000" lon="-3.005640000">
        <ele>794.000</ele>
      </trkpt>
      <trkpt lat="42.341490000" lon="-3.005490000">
        <ele>794.000</ele>
      </trkpt>
      <trkpt lat="42.341580000" lon="-3.005350000">
        <ele>794.000</ele>
      </trkpt>
      <trkpt lat="42.341880000" lon="-3.004860000">
        <ele>794.000</ele>
      </trkpt>
      <trkpt lat="42.342020000" lon="-3.004690000">
        <ele>795.000</ele>
      </trkpt>
      <trkpt lat="42.342070000" lon="-3.004640000">
        <ele>795.000</ele>
      </trkpt>
      <trkpt lat="42.342110000" lon="-3.004600000">
        <ele>795.000</ele>
      </trkpt>
      <trkpt lat="42.342170000" lon="-3.004540000">
        <ele>795.000</ele>
      </trkpt>
      <trkpt lat="42.342220000" lon="-3.004500000">
        <ele>794.000</ele>
      </trkpt>
      <trkpt lat="42.342250000" lon="-3.004480000">
        <ele>794.000</ele>
      </trkpt>
      <trkpt lat="42.342440000" lon="-3.004370000">
        <ele>794.000</ele>
      </trkpt>
      <trkpt lat="42.342520000" lon="-3.004320000">
        <ele>793.000</ele>
      </trkpt>
      <trkpt lat="42.342620000" lon="-3.004260000">
        <ele>793.000</ele>
      </trkpt>
      <trkpt lat="42.342750000" lon="-3.004180000">
        <ele>792.000</ele>
      </trkpt>
      <trkpt lat="42.342950000" lon="-3.004060000">
        <ele>791.000</ele>
      </trkpt>
      <trkpt lat="42.343000000" lon="-3.004030000">
        <ele>790.000</ele>
      </trkpt>
      <trkpt lat="42.343110000" lon="-3.003960000">
        <ele>790.000</ele>
      </trkpt>
      <trkpt lat="42.343160000" lon="-3.003930000">
        <ele>789.000</ele>
      </trkpt>
      <trkpt lat="42.343230000" lon="-3.003890000">
        <ele>788.000</ele>
      </trkpt>
      <trkpt lat="42.343340000" lon="-3.003820000">
        <ele>788.000</ele>
      </trkpt>
      <trkpt lat="42.343390000" lon="-3.003790000">
        <ele>787.000</ele>
      </trkpt>
      <trkpt lat="42.343520000" lon="-3.003740000">
        <ele>787.000</ele>
      </trkpt>
      <trkpt lat="42.343590000" lon="-3.003720000">
        <ele>786.000</ele>
      </trkpt>
      <trkpt lat="42.343670000" lon="-3.003710000">
        <ele>786.000</ele>
      </trkpt>
      <trkpt lat="42.343720000" lon="-3.003710000">
        <ele>785.000</ele>
      </trkpt>
      <trkpt lat="42.343790000" lon="-3.003700000">
        <ele>785.000</ele>
      </trkpt>
      <trkpt lat="42.343820000" lon="-3.003690000">
        <ele>785.000</ele>
      </trkpt>
      <trkpt lat="42.343960000" lon="-3.003670000">
        <ele>785.000</ele>
      </trkpt>
      <trkpt lat="42.344000000" lon="-3.003660000">
        <ele>784.000</ele>
      </trkpt>
      <trkpt lat="42.344020000" lon="-3.003660000">
        <ele>784.000</ele>
      </trkpt>
      <trkpt lat="42.344160000" lon="-3.003610000">
        <ele>784.000</ele>
      </trkpt>
      <trkpt lat="42.344310000" lon="-3.003520000">
        <ele>784.000</ele>
      </trkpt>
      <trkpt lat="42.344680000" lon="-3.003290000">
        <ele>784.000</ele>
      </trkpt>
      <trkpt lat="42.345080000" lon="-3.003060000">
        <ele>784.000</ele>
      </trkpt>
      <trkpt lat="42.345130000" lon="-3.003020000">
        <ele>783.000</ele>
      </trkpt>
      <trkpt lat="42.345660000" lon="-3.002690000">
        <ele>783.000</ele>
      </trkpt>
      <trkpt lat="42.346180000" lon="-3.002400000">
        <ele>783.000</ele>
      </trkpt>
      <trkpt lat="42.346510000" lon="-3.002220000">
        <ele>783.000</ele>
      </trkpt>
      <trkpt lat="42.346690000" lon="-3.002110000">
        <ele>783.000</ele>
      </trkpt>
      <trkpt lat="42.346820000" lon="-3.002030000">
        <ele>783.000</ele>
      </trkpt>
      <trkpt lat="42.346830000" lon="-3.002020000">
        <ele>783.000</ele>
      </trkpt>
      <trkpt lat="42.347090000" lon="-3.001880000">
        <ele>783.000</ele>
      </trkpt>
      <trkpt lat="42.347310000" lon="-3.001770000">
        <ele>783.000</ele>
      </trkpt>
      <trkpt lat="42.347610000" lon="-3.001600000">
        <ele>783.000</ele>
      </trkpt>
      <trkpt lat="42.347740000" lon="-3.001520000">
        <ele>782.000</ele>
      </trkpt>
      <trkpt lat="42.347920000" lon="-3.001380000">
        <ele>782.000</ele>
      </trkpt>
      <trkpt lat="42.348090000" lon="-3.001240000">
        <ele>781.000</ele>
      </trkpt>
      <trkpt lat="42.348200000" lon="-3.001160000">
        <ele>781.000</ele>
      </trkpt>
      <trkpt lat="42.348470000" lon="-3.000930000">
        <ele>780.000</ele>
      </trkpt>
      <trkpt lat="42.348930000" lon="-3.000570000">
        <ele>779.000</ele>
      </trkpt>
      <trkpt lat="42.349180000" lon="-3.000380000">
        <ele>778.000</ele>
      </trkpt>
      <trkpt lat="42.349500000" lon="-3.000150000">
        <ele>777.000</ele>
      </trkpt>
      <trkpt lat="42.349750000" lon="-2.999950000">
        <ele>776.000</ele>
      </trkpt>
      <trkpt lat="42.349960000" lon="-2.999800000">
        <ele>775.000</ele>
      </trkpt>
      <trkpt lat="42.350030000" lon="-2.999730000">
        <ele>775.000</ele>
      </trkpt>
      <trkpt lat="42.350120000" lon="-2.999620000">
        <ele>775.000</ele>
      </trkpt>
      <trkpt lat="42.350360000" lon="-2.999380000">
        <ele>774.000</ele>
      </trkpt>
      <trkpt lat="42.350410000" lon="-2.999330000">
        <ele>774.000</ele>
      </trkpt>
      <trkpt lat="42.350550000" lon="-2.999170000">
        <ele>774.000</ele>
      </trkpt>
      <trkpt lat="42.350770000" lon="-2.998910000">
        <ele>773.000</ele>
      </trkpt>
      <trkpt lat="42.350790000" lon="-2.998890000">
        <ele>773.000</ele>
      </trkpt>
      <trkpt lat="42.350980000" lon="-2.998590000">
        <ele>773.000</ele>
      </trkpt>
      <trkpt lat="42.351080000" lon="-2.998400000">
        <ele>773.000</ele>
      </trkpt>
      <trkpt lat="42.351100000" lon="-2.998370000">
        <ele>773.000</ele>
      </trkpt>
      <trkpt lat="42.351390000" lon="-2.997760000">
        <ele>773.000</ele>
      </trkpt>
      <trkpt lat="42.351430000" lon="-2.997670000">
        <ele>773.000</ele>
      </trkpt>
      <trkpt lat="42.351520000" lon="-2.997490000">
        <ele>773.000</ele>
      </trkpt>
      <trkpt lat="42.351850000" lon="-2.996820000">
        <ele>773.000</ele>
      </trkpt>
      <trkpt lat="42.351880000" lon="-2.996770000">
        <ele>773.000</ele>
      </trkpt>
      <trkpt lat="42.352030000" lon="-2.996470000">
        <ele>772.000</ele>
      </trkpt>
      <trkpt lat="42.352200000" lon="-2.996130000">
        <ele>772.000</ele>
      </trkpt>
      <trkpt lat="42.352350000" lon="-2.995820000">
        <ele>772.000</ele>
      </trkpt>
      <trkpt lat="42.352480000" lon="-2.995580000">
        <ele>772.000</ele>
      </trkpt>
      <trkpt lat="42.352540000" lon="-2.995460000">
        <ele>772.000</ele>
      </trkpt>
      <trkpt lat="42.352670000" lon="-2.995200000">
        <ele>772.000</ele>
      </trkpt>
      <trkpt lat="42.352920000" lon="-2.994820000">
        <ele>772.000</ele>
      </trkpt>
      <trkpt lat="42.353090000" lon="-2.994600000">
        <ele>772.000</ele>
      </trkpt>
      <trkpt lat="42.353120000" lon="-2.994570000">
        <ele>772.000</ele>
      </trkpt>
      <trkpt lat="42.353200000" lon="-2.994480000">
        <ele>772.000</ele>
      </trkpt>
      <trkpt lat="42.353400000" lon="-2.994270000">
        <ele>772.000</ele>
      </trkpt>
      <trkpt lat="42.353540000" lon="-2.994130000">
        <ele>772.000</ele>
      </trkpt>
      <trkpt lat="42.353540000" lon="-2.994120000">
        <ele>772.000</ele>
      </trkpt>
      <trkpt lat="42.353690000" lon="-2.993960000">
        <ele>772.000</ele>
      </trkpt>
      <trkpt lat="42.353830000" lon="-2.993850000">
        <ele>772.000</ele>
      </trkpt>
      <trkpt lat="42.353900000" lon="-2.993780000">
        <ele>772.000</ele>
      </trkpt>
      <trkpt lat="42.353960000" lon="-2.993730000">
        <ele>772.000</ele>
      </trkpt>
      <trkpt lat="42.354290000" lon="-2.993440000">
        <ele>772.000</ele>
      </trkpt>
      <trkpt lat="42.354470000" lon="-2.993320000">
        <ele>772.000</ele>
      </trkpt>
      <trkpt lat="42.354480000" lon="-2.993320000">
        <ele>772.000</ele>
      </trkpt>
      <trkpt lat="42.354580000" lon="-2.993250000">
        <ele>772.000</ele>
      </trkpt>
      <trkpt lat="42.354700000" lon="-2.993190000">
        <ele>772.000</ele>
      </trkpt>
      <trkpt lat="42.354810000" lon="-2.993120000">
        <ele>772.000</ele>
      </trkpt>
      <trkpt lat="42.354970000" lon="-2.993050000">
        <ele>771.000</ele>
      </trkpt>
      <trkpt lat="42.355210000" lon="-2.992910000">
        <ele>770.000</ele>
      </trkpt>
      <trkpt lat="42.355350000" lon="-2.992800000">
        <ele>770.000</ele>
      </trkpt>
      <trkpt lat="42.355410000" lon="-2.992750000">
        <ele>769.000</ele>
      </trkpt>
      <trkpt lat="42.355630000" lon="-2.992530000">
        <ele>768.000</ele>
      </trkpt>
      <trkpt lat="42.355750000" lon="-2.992420000">
        <ele>767.000</ele>
      </trkpt>
      <trkpt lat="42.355840000" lon="-2.992320000">
        <ele>767.000</ele>
      </trkpt>
      <trkpt lat="42.355890000" lon="-2.992270000">
        <ele>766.000</ele>
      </trkpt>
      <trkpt lat="42.356170000" lon="-2.992000000">
        <ele>765.000</ele>
      </trkpt>
      <trkpt lat="42.356430000" lon="-2.991730000">
        <ele>765.000</ele>
      </trkpt>
      <trkpt lat="42.356730000" lon="-2.991440000">
        <ele>764.000</ele>
      </trkpt>
      <trkpt lat="42.356910000" lon="-2.991270000">
        <ele>763.000</ele>
      </trkpt>
      <trkpt lat="42.357100000" lon="-2.991080000">
        <ele>763.000</ele>
      </trkpt>
      <trkpt lat="42.357490000" lon="-2.990700000">
        <ele>763.000</ele>
      </trkpt>
      <trkpt lat="42.357640000" lon="-2.990550000">
        <ele>762.000</ele>
      </trkpt>
      <trkpt lat="42.357740000" lon="-2.990460000">
        <ele>762.000</ele>
      </trkpt>
      <trkpt lat="42.357880000" lon="-2.990320000">
        <ele>762.000</ele>
      </trkpt>
      <trkpt lat="42.358180000" lon="-2.990040000">
        <ele>762.000</ele>
      </trkpt>
      <trkpt lat="42.358230000" lon="-2.989990000">
        <ele>762.000</ele>
      </trkpt>
      <trkpt lat="42.358280000" lon="-2.989940000">
        <ele>762.000</ele>
      </trkpt>
      <trkpt lat="42.358330000" lon="-2.989900000">
        <ele>763.000</ele>
      </trkpt>
      <trkpt lat="42.358640000" lon="-2.989620000">
        <ele>763.000</ele>
      </trkpt>
      <trkpt lat="42.358900000" lon="-2.989410000">
        <ele>763.000</ele>
      </trkpt>
      <trkpt lat="42.358930000" lon="-2.989380000">
        <ele>763.000</ele>
      </trkpt>
      <trkpt lat="42.359090000" lon="-2.989250000">
        <ele>764.000</ele>
      </trkpt>
      <trkpt lat="42.359240000" lon="-2.989130000">
        <ele>764.000</ele>
      </trkpt>
      <trkpt lat="42.359400000" lon="-2.989010000">
        <ele>764.000</ele>
      </trkpt>
      <trkpt lat="42.359490000" lon="-2.988930000">
        <ele>764.000</ele>
      </trkpt>
      <trkpt lat="42.359550000" lon="-2.988880000">
        <ele>764.000</ele>
      </trkpt>
      <trkpt lat="42.359710000" lon="-2.988760000">
        <ele>763.000</ele>
      </trkpt>
      <trkpt lat="42.360040000" lon="-2.988500000">
        <ele>763.000</ele>
      </trkpt>
      <trkpt lat="42.360330000" lon="-2.988270000">
        <ele>762.000</ele>
      </trkpt>
      <trkpt lat="42.360480000" lon="-2.988140000">
        <ele>761.000</ele>
      </trkpt>
      <trkpt lat="42.360560000" lon="-2.988080000">
        <ele>760.000</ele>
      </trkpt>
      <trkpt lat="42.360640000" lon="-2.988020000">
        <ele>760.000</ele>
      </trkpt>
      <trkpt lat="42.360950000" lon="-2.987770000">
        <ele>759.000</ele>
      </trkpt>
      <trkpt lat="42.361080000" lon="-2.987670000">
        <ele>758.000</ele>
      </trkpt>
      <trkpt lat="42.361410000" lon="-2.987400000">
        <ele>758.000</ele>
      </trkpt>
      <trkpt lat="42.361610000" lon="-2.987240000">
        <ele>757.000</ele>
      </trkpt>
      <trkpt lat="42.362180000" lon="-2.986780000">
        <ele>756.000</ele>
      </trkpt>
      <trkpt lat="42.362200000" lon="-2.986770000">
        <ele>755.000</ele>
      </trkpt>
      <trkpt lat="42.362340000" lon="-2.986660000">
        <ele>754.000</ele>
      </trkpt>
      <trkpt lat="42.362500000" lon="-2.986530000">
        <ele>754.000</ele>
      </trkpt>
      <trkpt lat="42.362650000" lon="-2.986410000">
        <ele>753.000</ele>
      </trkpt>
      <trkpt lat="42.362860000" lon="-2.986240000">
        <ele>753.000</ele>
      </trkpt>
      <trkpt lat="42.362960000" lon="-2.986160000">
        <ele>753.000</ele>
      </trkpt>
      <trkpt lat="42.363260000" lon="-2.985920000">
        <ele>754.000</ele>
      </trkpt>
      <trkpt lat="42.363430000" lon="-2.985780000">
        <ele>754.000</ele>
      </trkpt>
      <trkpt lat="42.363730000" lon="-2.985550000">
        <ele>754.000</ele>
      </trkpt>
      <trkpt lat="42.364080000" lon="-2.985260000">
        <ele>755.000</ele>
      </trkpt>
      <trkpt lat="42.364290000" lon="-2.985080000">
        <ele>755.000</ele>
      </trkpt>
      <trkpt lat="42.364380000" lon="-2.985000000">
        <ele>755.000</ele>
      </trkpt>
      <trkpt lat="42.364430000" lon="-2.984950000">
        <ele>754.000</ele>
      </trkpt>
      <trkpt lat="42.364490000" lon="-2.984890000">
        <ele>754.000</ele>
      </trkpt>
      <trkpt lat="42.364560000" lon="-2.984810000">
        <ele>754.000</ele>
      </trkpt>
      <trkpt lat="42.364720000" lon="-2.984610000">
        <ele>754.000</ele>
      </trkpt>
      <trkpt lat="42.364880000" lon="-2.984420000">
        <ele>753.000</ele>
      </trkpt>
      <trkpt lat="42.365000000" lon="-2.984280000">
        <ele>753.000</ele>
      </trkpt>
      <trkpt lat="42.365050000" lon="-2.984220000">
        <ele>752.000</ele>
      </trkpt>
      <trkpt lat="42.365140000" lon="-2.984130000">
        <ele>752.000</ele>
      </trkpt>
      <trkpt lat="42.365260000" lon="-2.984000000">
        <ele>751.000</ele>
      </trkpt>
      <trkpt lat="42.365390000" lon="-2.983890000">
        <ele>751.000</ele>
      </trkpt>
      <trkpt lat="42.365540000" lon="-2.983770000">
        <ele>750.000</ele>
      </trkpt>
      <trkpt lat="42.365810000" lon="-2.983540000">
        <ele>750.000</ele>
      </trkpt>
      <trkpt lat="42.366250000" lon="-2.983200000">
        <ele>749.000</ele>
      </trkpt>
      <trkpt lat="42.366560000" lon="-2.982960000">
        <ele>749.000</ele>
      </trkpt>
      <trkpt lat="42.366710000" lon="-2.982840000">
        <ele>748.000</ele>
      </trkpt>
      <trkpt lat="42.367000000" lon="-2.982630000">
        <ele>748.000</ele>
      </trkpt>
      <trkpt lat="42.367280000" lon="-2.982460000">
        <ele>747.000</ele>
      </trkpt>
      <trkpt lat="42.367830000" lon="-2.982170000">
        <ele>747.000</ele>
      </trkpt>
      <trkpt lat="42.368200000" lon="-2.981980000">
        <ele>747.000</ele>
      </trkpt>
      <trkpt lat="42.368370000" lon="-2.981900000">
        <ele>746.000</ele>
      </trkpt>
      <trkpt lat="42.368540000" lon="-2.981810000">
        <ele>746.000</ele>
      </trkpt>
      <trkpt lat="42.368640000" lon="-2.981760000">
        <ele>746.000</ele>
      </trkpt>
      <trkpt lat="42.368700000" lon="-2.981730000">
        <ele>746.000</ele>
      </trkpt>
      <trkpt lat="42.369040000" lon="-2.981550000">
        <ele>746.000</ele>
      </trkpt>
      <trkpt lat="42.369210000" lon="-2.981470000">
        <ele>746.000</ele>
      </trkpt>
      <trkpt lat="42.369310000" lon="-2.981420000">
        <ele>746.000</ele>
      </trkpt>
      <trkpt lat="42.369880000" lon="-2.981120000">
        <ele>747.000</ele>
      </trkpt>
      <trkpt lat="42.369990000" lon="-2.981070000">
        <ele>748.000</ele>
      </trkpt>
      <trkpt lat="42.370220000" lon="-2.980950000">
        <ele>748.000</ele>
      </trkpt>
      <trkpt lat="42.370720000" lon="-2.980670000">
        <ele>749.000</ele>
      </trkpt>
      <trkpt lat="42.370750000" lon="-2.980650000">
        <ele>750.000</ele>
      </trkpt>
      <trkpt lat="42.371050000" lon="-2.980490000">
        <ele>750.000</ele>
      </trkpt>
      <trkpt lat="42.371290000" lon="-2.980360000">
        <ele>750.000</ele>
      </trkpt>
      <trkpt lat="42.371380000" lon="-2.980300000">
        <ele>750.000</ele>
      </trkpt>
      <trkpt lat="42.371550000" lon="-2.980210000">
        <ele>749.000</ele>
      </trkpt>
      <trkpt lat="42.371880000" lon="-2.980010000">
        <ele>748.000</ele>
      </trkpt>
      <trkpt lat="42.371940000" lon="-2.979970000">
        <ele>748.000</ele>
      </trkpt>
      <trkpt lat="42.372150000" lon="-2.979840000">
        <ele>747.000</ele>
      </trkpt>
      <trkpt lat="42.372200000" lon="-2.979800000">
        <ele>747.000</ele>
      </trkpt>
      <trkpt lat="42.372550000" lon="-2.979590000">
        <ele>746.000</ele>
      </trkpt>
      <trkpt lat="42.373020000" lon="-2.979310000">
        <ele>745.000</ele>
      </trkpt>
      <trkpt lat="42.373270000" lon="-2.979160000">
        <ele>744.000</ele>
      </trkpt>
      <trkpt lat="42.373350000" lon="-2.979110000">
        <ele>743.000</ele>
      </trkpt>
      <trkpt lat="42.373520000" lon="-2.979010000">
        <ele>742.000</ele>
      </trkpt>
      <trkpt lat="42.374170000" lon="-2.978610000">
        <ele>741.000</ele>
      </trkpt>
      <trkpt lat="42.375240000" lon="-2.977950000">
        <ele>738.000</ele>
      </trkpt>
      <trkpt lat="42.375320000" lon="-2.977910000">
        <ele>737.000</ele>
      </trkpt>
      <trkpt lat="42.375480000" lon="-2.977800000">
        <ele>735.000</ele>
      </trkpt>
      <trkpt lat="42.376330000" lon="-2.977270000">
        <ele>734.000</ele>
      </trkpt>
      <trkpt lat="42.377150000" lon="-2.976780000">
        <ele>733.000</ele>
      </trkpt>
      <trkpt lat="42.378180000" lon="-2.976160000">
        <ele>732.000</ele>
      </trkpt>
      <trkpt lat="42.378270000" lon="-2.976110000">
        <ele>731.000</ele>
      </trkpt>
      <trkpt lat="42.378600000" lon="-2.975920000">
        <ele>730.000</ele>
      </trkpt>
      <trkpt lat="42.378930000" lon="-2.975720000">
        <ele>729.000</ele>
      </trkpt>
      <trkpt lat="42.378990000" lon="-2.975690000">
        <ele>728.000</ele>
      </trkpt>
      <trkpt lat="42.379370000" lon="-2.975460000">
        <ele>728.000</ele>
      </trkpt>
      <trkpt lat="42.379800000" lon="-2.975230000">
        <ele>727.000</ele>
      </trkpt>
      <trkpt lat="42.379870000" lon="-2.975200000">
        <ele>727.000</ele>
      </trkpt>
      <trkpt lat="42.380040000" lon="-2.975130000">
        <ele>727.000</ele>
      </trkpt>
      <trkpt lat="42.380240000" lon="-2.975030000">
        <ele>727.000</ele>
      </trkpt>
      <trkpt lat="42.380730000" lon="-2.974840000">
        <ele>726.000</ele>
      </trkpt>
      <trkpt lat="42.380900000" lon="-2.974770000">
        <ele>726.000</ele>
      </trkpt>
      <trkpt lat="42.381660000" lon="-2.974460000">
        <ele>725.000</ele>
      </trkpt>
      <trkpt lat="42.381930000" lon="-2.974350000">
        <ele>725.000</ele>
      </trkpt>
      <trkpt lat="42.382680000" lon="-2.974050000">
        <ele>724.000</ele>
      </trkpt>
      <trkpt lat="42.382970000" lon="-2.973940000">
        <ele>723.000</ele>
      </trkpt>
      <trkpt lat="42.383490000" lon="-2.973730000">
        <ele>723.000</ele>
      </trkpt>
      <trkpt lat="42.384620000" lon="-2.973260000">
        <ele>722.000</ele>
      </trkpt>
      <trkpt lat="42.385350000" lon="-2.972970000">
        <ele>721.000</ele>
      </trkpt>
      <trkpt lat="42.385640000" lon="-2.972850000">
        <ele>720.000</ele>
      </trkpt>
      <trkpt lat="42.386210000" lon="-2.972620000">
        <ele>719.000</ele>
      </trkpt>
      <trkpt lat="42.386780000" lon="-2.972390000">
        <ele>718.000</ele>
      </trkpt>
      <trkpt lat="42.387130000" lon="-2.972250000">
        <ele>718.000</ele>
      </trkpt>
      <trkpt lat="42.387300000" lon="-2.972180000">
        <ele>717.000</ele>
      </trkpt>
      <trkpt lat="42.387850000" lon="-2.971970000">
        <ele>717.000</ele>
      </trkpt>
      <trkpt lat="42.387980000" lon="-2.971920000">
        <ele>717.000</ele>
      </trkpt>
      <trkpt lat="42.388160000" lon="-2.971840000">
        <ele>717.000</ele>
      </trkpt>
      <trkpt lat="42.389530000" lon="-2.971280000">
        <ele>717.000</ele>
      </trkpt>
      <trkpt lat="42.389680000" lon="-2.971210000">
        <ele>717.000</ele>
      </trkpt>
      <trkpt lat="42.390040000" lon="-2.971070000">
        <ele>717.000</ele>
      </trkpt>
      <trkpt lat="42.390390000" lon="-2.970930000">
        <ele>717.000</ele>
      </trkpt>
      <trkpt lat="42.390420000" lon="-2.970920000">
        <ele>717.000</ele>
      </trkpt>
      <trkpt lat="42.390520000" lon="-2.970850000">
        <ele>717.000</ele>
      </trkpt>
      <trkpt lat="42.390540000" lon="-2.970840000">
        <ele>717.000</ele>
      </trkpt>
      <trkpt lat="42.390570000" lon="-2.970820000">
        <ele>717.000</ele>
      </trkpt>
      <trkpt lat="42.390620000" lon="-2.970800000">
        <ele>717.000</ele>
      </trkpt>
      <trkpt lat="42.391070000" lon="-2.970620000">
        <ele>717.000</ele>
      </trkpt>
      <trkpt lat="42.391230000" lon="-2.970560000">
        <ele>716.000</ele>
      </trkpt>
      <trkpt lat="42.391890000" lon="-2.970300000">
        <ele>716.000</ele>
      </trkpt>
      <trkpt lat="42.392220000" lon="-2.970170000">
        <ele>716.000</ele>
      </trkpt>
      <trkpt lat="42.392440000" lon="-2.970080000">
        <ele>715.000</ele>
      </trkpt>
      <trkpt lat="42.392540000" lon="-2.970020000">
        <ele>715.000</ele>
      </trkpt>
      <trkpt lat="42.392590000" lon="-2.969990000">
        <ele>715.000</ele>
      </trkpt>
      <trkpt lat="42.392890000" lon="-2.969850000">
        <ele>715.000</ele>
      </trkpt>
      <trkpt lat="42.393140000" lon="-2.969740000">
        <ele>714.000</ele>
      </trkpt>
      <trkpt lat="42.393910000" lon="-2.969420000">
        <ele>714.000</ele>
      </trkpt>
      <trkpt lat="42.394230000" lon="-2.969290000">
        <ele>713.000</ele>
      </trkpt>
      <trkpt lat="42.394240000" lon="-2.969290000">
        <ele>713.000</ele>
      </trkpt>
      <trkpt lat="42.394660000" lon="-2.969130000">
        <ele>712.000</ele>
      </trkpt>
      <trkpt lat="42.394840000" lon="-2.969060000">
        <ele>711.000</ele>
      </trkpt>
      <trkpt lat="42.394930000" lon="-2.969020000">
        <ele>711.000</ele>
      </trkpt>
      <trkpt lat="42.395150000" lon="-2.968930000">
        <ele>710.000</ele>
      </trkpt>
      <trkpt lat="42.395670000" lon="-2.968720000">
        <ele>709.000</ele>
      </trkpt>
      <trkpt lat="42.395690000" lon="-2.968710000">
        <ele>709.000</ele>
      </trkpt>
      <trkpt lat="42.396220000" lon="-2.968530000">
        <ele>708.000</ele>
      </trkpt>
      <trkpt lat="42.396950000" lon="-2.968290000">
        <ele>706.000</ele>
      </trkpt>
      <trkpt lat="42.397110000" lon="-2.968260000">
        <ele>705.000</ele>
      </trkpt>
      <trkpt lat="42.397280000" lon="-2.968190000">
        <ele>705.000</ele>
      </trkpt>
      <trkpt lat="42.397460000" lon="-2.968120000">
        <ele>704.000</ele>
      </trkpt>
      <trkpt lat="42.397720000" lon="-2.968020000">
        <ele>703.000</ele>
      </trkpt>
      <trkpt lat="42.397800000" lon="-2.967990000">
        <ele>703.000</ele>
      </trkpt>
      <trkpt lat="42.397970000" lon="-2.967920000">
        <ele>702.000</ele>
      </trkpt>
      <trkpt lat="42.398160000" lon="-2.967850000">
        <ele>702.000</ele>
      </trkpt>
      <trkpt lat="42.398170000" lon="-2.967840000">
        <ele>702.000</ele>
      </trkpt>
      <trkpt lat="42.399070000" lon="-2.967490000">
        <ele>701.000</ele>
      </trkpt>
      <trkpt lat="42.399180000" lon="-2.967440000">
        <ele>700.000</ele>
      </trkpt>
      <trkpt lat="42.400250000" lon="-2.967030000">
        <ele>699.000</ele>
      </trkpt>
      <trkpt lat="42.400560000" lon="-2.966900000">
        <ele>698.000</ele>
      </trkpt>
      <trkpt lat="42.400590000" lon="-2.966890000">
        <ele>697.000</ele>
      </trkpt>
      <trkpt lat="42.400940000" lon="-2.966760000">
        <ele>697.000</ele>
      </trkpt>
      <trkpt lat="42.401460000" lon="-2.966560000">
        <ele>696.000</ele>
      </trkpt>
      <trkpt lat="42.401980000" lon="-2.966360000">
        <ele>695.000</ele>
      </trkpt>
      <trkpt lat="42.402200000" lon="-2.966270000">
        <ele>694.000</ele>
      </trkpt>
      <trkpt lat="42.402490000" lon="-2.966150000">
        <ele>694.000</ele>
      </trkpt>
      <trkpt lat="42.402840000" lon="-2.966020000">
        <ele>693.000</ele>
      </trkpt>
      <trkpt lat="42.403290000" lon="-2.965840000">
        <ele>693.000</ele>
      </trkpt>
      <trkpt lat="42.403610000" lon="-2.965720000">
        <ele>692.000</ele>
      </trkpt>
      <trkpt lat="42.403690000" lon="-2.965690000">
        <ele>692.000</ele>
      </trkpt>
      <trkpt lat="42.403950000" lon="-2.965580000">
        <ele>691.000</ele>
      </trkpt>
      <trkpt lat="42.404640000" lon="-2.965300000">
        <ele>691.000</ele>
      </trkpt>
      <trkpt lat="42.405610000" lon="-2.964910000">
        <ele>689.000</ele>
      </trkpt>
      <trkpt lat="42.405870000" lon="-2.964810000">
        <ele>688.000</ele>
      </trkpt>
      <trkpt lat="42.405950000" lon="-2.964780000">
        <ele>688.000</ele>
      </trkpt>
      <trkpt lat="42.406140000" lon="-2.964710000">
        <ele>687.000</ele>
      </trkpt>
      <trkpt lat="42.406380000" lon="-2.964620000">
        <ele>687.000</ele>
      </trkpt>
      <trkpt lat="42.406510000" lon="-2.964570000">
        <ele>686.000</ele>
      </trkpt>
      <trkpt lat="42.406710000" lon="-2.964490000">
        <ele>686.000</ele>
      </trkpt>
      <trkpt lat="42.407830000" lon="-2.964060000">
        <ele>685.000</ele>
      </trkpt>
      <trkpt lat="42.408350000" lon="-2.963870000">
        <ele>684.000</ele>
      </trkpt>
      <trkpt lat="42.409560000" lon="-2.963410000">
        <ele>684.000</ele>
      </trkpt>
      <trkpt lat="42.409830000" lon="-2.963310000">
        <ele>683.000</ele>
      </trkpt>
      <trkpt lat="42.410270000" lon="-2.963140000">
        <ele>683.000</ele>
      </trkpt>
      <trkpt lat="42.412310000" lon="-2.962340000">
        <ele>681.000</ele>
      </trkpt>
      <trkpt lat="42.412500000" lon="-2.962270000">
        <ele>680.000</ele>
      </trkpt>
      <trkpt lat="42.412500000" lon="-2.962260000">
        <ele>680.000</ele>
      </trkpt>
      <trkpt lat="42.412920000" lon="-2.962100000">
        <ele>679.000</ele>
      </trkpt>
      <trkpt lat="42.413010000" lon="-2.962060000">
        <ele>678.000</ele>
      </trkpt>
      <trkpt lat="42.413040000" lon="-2.962050000">
        <ele>678.000</ele>
      </trkpt>
      <trkpt lat="42.413050000" lon="-2.962050000">
        <ele>677.000</ele>
      </trkpt>
      <trkpt lat="42.414280000" lon="-2.961570000">
        <ele>676.000</ele>
      </trkpt>
      <trkpt lat="42.414630000" lon="-2.961440000">
        <ele>675.000</ele>
      </trkpt>
      <trkpt lat="42.414800000" lon="-2.961370000">
        <ele>674.000</ele>
      </trkpt>
      <trkpt lat="42.415150000" lon="-2.961240000">
        <ele>674.000</ele>
      </trkpt>
      <trkpt lat="42.415840000" lon="-2.960980000">
        <ele>673.000</ele>
      </trkpt>
      <trkpt lat="42.416010000" lon="-2.960910000">
        <ele>673.000</ele>
      </trkpt>
      <trkpt lat="42.416360000" lon="-2.960780000">
        <ele>672.000</ele>
      </trkpt>
      <trkpt lat="42.416560000" lon="-2.960700000">
        <ele>672.000</ele>
      </trkpt>
      <trkpt lat="42.416580000" lon="-2.960700000">
        <ele>671.000</ele>
      </trkpt>
      <trkpt lat="42.416790000" lon="-2.960600000">
        <ele>671.000</ele>
      </trkpt>
      <trkpt lat="42.416840000" lon="-2.960580000">
        <ele>671.000</ele>
      </trkpt>
      <trkpt lat="42.417360000" lon="-2.960390000">
        <ele>671.000</ele>
      </trkpt>
      <trkpt lat="42.418040000" lon="-2.960130000">
        <ele>670.000</ele>
      </trkpt>
      <trkpt lat="42.418450000" lon="-2.959970000">
        <ele>670.000</ele>
      </trkpt>
      <trkpt lat="42.418820000" lon="-2.959830000">
        <ele>670.000</ele>
      </trkpt>
      <trkpt lat="42.418830000" lon="-2.959830000">
        <ele>669.000</ele>
      </trkpt>
      <trkpt lat="42.418900000" lon="-2.959800000">
        <ele>669.000</ele>
      </trkpt>
      <trkpt lat="42.419140000" lon="-2.959710000">
        <ele>669.000</ele>
      </trkpt>
      <trkpt lat="42.419160000" lon="-2.959700000">
        <ele>669.000</ele>
      </trkpt>
      <trkpt lat="42.419500000" lon="-2.959580000">
        <ele>668.000</ele>
      </trkpt>
      <trkpt lat="42.420100000" lon="-2.959340000">
        <ele>668.000</ele>
      </trkpt>
      <trkpt lat="42.420520000" lon="-2.959170000">
        <ele>668.000</ele>
      </trkpt>
      <trkpt lat="42.420700000" lon="-2.959100000">
        <ele>667.000</ele>
      </trkpt>
      <trkpt lat="42.421380000" lon="-2.958840000">
        <ele>667.000</ele>
      </trkpt>
      <trkpt lat="42.422800000" lon="-2.958290000">
        <ele>666.000</ele>
      </trkpt>
      <trkpt lat="42.423220000" lon="-2.958130000">
        <ele>665.000</ele>
      </trkpt>
      <trkpt lat="42.423950000" lon="-2.957850000">
        <ele>664.000</ele>
      </trkpt>
      <trkpt lat="42.423980000" lon="-2.957840000">
        <ele>663.000</ele>
      </trkpt>
      <trkpt lat="42.425340000" lon="-2.957310000">
        <ele>662.000</ele>
      </trkpt>
      <trkpt lat="42.426200000" lon="-2.956980000">
        <ele>661.000</ele>
      </trkpt>
      <trkpt lat="42.427230000" lon="-2.956580000">
        <ele>659.000</ele>
      </trkpt>
      <trkpt lat="42.427350000" lon="-2.956540000">
        <ele>658.000</ele>
      </trkpt>
      <trkpt lat="42.427410000" lon="-2.956520000">
        <ele>658.000</ele>
      </trkpt>
      <trkpt lat="42.427490000" lon="-2.956480000">
        <ele>657.000</ele>
      </trkpt>
      <trkpt lat="42.427820000" lon="-2.956360000">
        <ele>657.000</ele>
      </trkpt>
      <trkpt lat="42.427930000" lon="-2.956320000">
        <ele>656.000</ele>
      </trkpt>
      <trkpt lat="42.428100000" lon="-2.956250000">
        <ele>656.000</ele>
      </trkpt>
      <trkpt lat="42.428910000" lon="-2.955940000">
        <ele>656.000</ele>
      </trkpt>
      <trkpt lat="42.429080000" lon="-2.955870000">
        <ele>655.000</ele>
      </trkpt>
      <trkpt lat="42.429110000" lon="-2.955860000">
        <ele>655.000</ele>
      </trkpt>
      <trkpt lat="42.429960000" lon="-2.955530000">
        <ele>654.000</ele>
      </trkpt>
      <trkpt lat="42.430290000" lon="-2.955400000">
        <ele>654.000</ele>
      </trkpt>
      <trkpt lat="42.430490000" lon="-2.955320000">
        <ele>653.000</ele>
      </trkpt>
      <trkpt lat="42.431120000" lon="-2.955080000">
        <ele>653.000</ele>
      </trkpt>
      <trkpt lat="42.431950000" lon="-2.954760000">
        <ele>652.000</ele>
      </trkpt>
      <trkpt lat="42.432020000" lon="-2.954730000">
        <ele>651.000</ele>
      </trkpt>
      <trkpt lat="42.432080000" lon="-2.954710000">
        <ele>651.000</ele>
      </trkpt>
      <trkpt lat="42.432200000" lon="-2.954660000">
        <ele>651.000</ele>
      </trkpt>
      <trkpt lat="42.432610000" lon="-2.954500000">
        <ele>650.000</ele>
      </trkpt>
      <trkpt lat="42.432870000" lon="-2.954410000">
        <ele>650.000</ele>
      </trkpt>
      <trkpt lat="42.432980000" lon="-2.954370000">
        <ele>650.000</ele>
      </trkpt>
      <trkpt lat="42.433260000" lon="-2.954270000">
        <ele>649.000</ele>
      </trkpt>
      <trkpt lat="42.433660000" lon="-2.954150000">
        <ele>649.000</ele>
      </trkpt>
      <trkpt lat="42.433980000" lon="-2.954080000">
        <ele>648.000</ele>
      </trkpt>
      <trkpt lat="42.434110000" lon="-2.954050000">
        <ele>648.000</ele>
      </trkpt>
      <trkpt lat="42.434250000" lon="-2.954020000">
        <ele>647.000</ele>
      </trkpt>
      <trkpt lat="42.435230000" lon="-2.953790000">
        <ele>646.000</ele>
      </trkpt>
      <trkpt lat="42.436650000" lon="-2.953500000">
        <ele>646.000</ele>
      </trkpt>
      <trkpt lat="42.436680000" lon="-2.953490000">
        <ele>645.000</ele>
      </trkpt>
      <trkpt lat="42.436710000" lon="-2.953480000">
        <ele>645.000</ele>
      </trkpt>
      <trkpt lat="42.436740000" lon="-2.953470000">
        <ele>644.000</ele>
      </trkpt>
      <trkpt lat="42.436760000" lon="-2.953450000">
        <ele>644.000</ele>
      </trkpt>
      <trkpt lat="42.436850000" lon="-2.953420000">
        <ele>644.000</ele>
      </trkpt>
      <trkpt lat="42.437020000" lon="-2.953390000">
        <ele>644.000</ele>
      </trkpt>
      <trkpt lat="42.437170000" lon="-2.953380000">
        <ele>644.000</ele>
      </trkpt>
      <trkpt lat="42.437220000" lon="-2.953370000">
        <ele>644.000</ele>
      </trkpt>
      <trkpt lat="42.437300000" lon="-2.953360000">
        <ele>643.000</ele>
      </trkpt>
      <trkpt lat="42.437520000" lon="-2.953330000">
        <ele>643.000</ele>
      </trkpt>
      <trkpt lat="42.437580000" lon="-2.953320000">
        <ele>643.000</ele>
      </trkpt>
      <trkpt lat="42.437680000" lon="-2.953320000">
        <ele>643.000</ele>
      </trkpt>
      <trkpt lat="42.437780000" lon="-2.953310000">
        <ele>643.000</ele>
      </trkpt>
      <trkpt lat="42.437800000" lon="-2.953310000">
        <ele>643.000</ele>
      </trkpt>
      <trkpt lat="42.437830000" lon="-2.953320000">
        <ele>643.000</ele>
      </trkpt>
      <trkpt lat="42.437930000" lon="-2.953320000">
        <ele>643.000</ele>
      </trkpt>
      <trkpt lat="42.438070000" lon="-2.953330000">
        <ele>643.000</ele>
      </trkpt>
      <trkpt lat="42.438460000" lon="-2.953350000">
        <ele>642.000</ele>
      </trkpt>
      <trkpt lat="42.438570000" lon="-2.953360000">
        <ele>642.000</ele>
      </trkpt>
      <trkpt lat="42.438770000" lon="-2.953380000">
        <ele>642.000</ele>
      </trkpt>
      <trkpt lat="42.438910000" lon="-2.953400000">
        <ele>642.000</ele>
      </trkpt>
      <trkpt lat="42.438990000" lon="-2.953400000">
        <ele>642.000</ele>
      </trkpt>
      <trkpt lat="42.439190000" lon="-2.953390000">
        <ele>642.000</ele>
      </trkpt>
      <trkpt lat="42.439410000" lon="-2.953390000">
        <ele>641.000</ele>
      </trkpt>
      <trkpt lat="42.439410000" lon="-2.953390000">
        <ele>641.000</ele>
      </trkpt>
      <trkpt lat="42.439360000" lon="-2.952740000">
        <ele>641.000</ele>
      </trkpt>
      <trkpt lat="42.439280000" lon="-2.951910000">
        <ele>641.000</ele>
      </trkpt>
      <trkpt lat="42.439240000" lon="-2.951440000">
        <ele>640.000</ele>
      </trkpt>
      <trkpt lat="42.439240000" lon="-2.951440000">
        <ele>640.000</ele>
      </trkpt>
      <trkpt lat="42.439230000" lon="-2.951310000">
        <ele>640.000</ele>
      </trkpt>
      <trkpt lat="42.439210000" lon="-2.950960000">
        <ele>640.000</ele>
      </trkpt>
      <trkpt lat="42.439230000" lon="-2.950050000">
        <ele>639.000</ele>
      </trkpt>
      <trkpt lat="42.439230000" lon="-2.949470000">
        <ele>639.000</ele>
      </trkpt>
      <trkpt lat="42.439230000" lon="-2.949470000">
        <ele>639.000</ele>
      </trkpt>
      <trkpt lat="42.439240000" lon="-2.948870000">
        <ele>638.000</ele>
      </trkpt>
      <trkpt lat="42.439250000" lon="-2.948400000">
        <ele>638.000</ele>
      </trkpt>
      <trkpt lat="42.439260000" lon="-2.947840000">
        <ele>638.000</ele>
      </trkpt>
      <trkpt lat="42.439260000" lon="-2.947210000">
        <ele>637.000</ele>
      </trkpt>
      <trkpt lat="42.439280000" lon="-2.946700000">
        <ele>637.000</ele>
      </trkpt>
      <trkpt lat="42.439290000" lon="-2.945690000">
        <ele>637.000</ele>
      </trkpt>
      <trkpt lat="42.439270000" lon="-2.945420000">
        <ele>637.000</ele>
      </trkpt>
      <trkpt lat="42.439270000" lon="-2.945170000">
        <ele>637.000</ele>
      </trkpt>
      <trkpt lat="42.439270000" lon="-2.945170000">
        <ele>636.000</ele>
      </trkpt>
      <trkpt lat="42.439270000" lon="-2.945110000">
        <ele>636.000</ele>
      </trkpt>
      <trkpt lat="42.439270000" lon="-2.944970000">
        <ele>636.000</ele>
      </trkpt>
      <trkpt lat="42.439270000" lon="-2.944830000">
        <ele>636.000</ele>
      </trkpt>
      <trkpt lat="42.439270000" lon="-2.944760000">
        <ele>636.000</ele>
      </trkpt>
      <trkpt lat="42.439260000" lon="-2.944670000">
        <ele>636.000</ele>
      </trkpt>
      <trkpt lat="42.439250000" lon="-2.944610000">
        <ele>636.000</ele>
      </trkpt>
      <trkpt lat="42.439240000" lon="-2.944530000">
        <ele>636.000</ele>
      </trkpt>
      <trkpt lat="42.439170000" lon="-2.944180000">
        <ele>636.000</ele>
      </trkpt>
      <trkpt lat="42.439150000" lon="-2.943980000">
        <ele>635.000</ele>
      </trkpt>
      <trkpt lat="42.439150000" lon="-2.943980000">
        <ele>635.000</ele>
      </trkpt>
      <trkpt lat="42.439140000" lon="-2.943970000">
        <ele>635.000</ele>
      </trkpt>
      <trkpt lat="42.439130000" lon="-2.943960000">
        <ele>635.000</ele>
      </trkpt>
      <trkpt lat="42.439130000" lon="-2.943950000">
        <ele>635.000</ele>
      </trkpt>
      <trkpt lat="42.439120000" lon="-2.943940000">
        <ele>635.000</ele>
      </trkpt>
      <trkpt lat="42.439120000" lon="-2.943930000">
        <ele>635.000</ele>
      </trkpt>
      <trkpt lat="42.439120000" lon="-2.943920000">
        <ele>635.000</ele>
      </trkpt>
      <trkpt lat="42.439110000" lon="-2.943910000">
        <ele>635.000</ele>
      </trkpt>
      <trkpt lat="42.439110000" lon="-2.943900000">
        <ele>635.000</ele>
      </trkpt>
      <trkpt lat="42.439110000" lon="-2.943890000">
        <ele>635.000</ele>
      </trkpt>
      <trkpt lat="42.439110000" lon="-2.943880000">
        <ele>635.000</ele>
      </trkpt>
      <trkpt lat="42.439110000" lon="-2.943870000">
        <ele>635.000</ele>
      </trkpt>
      <trkpt lat="42.439110000" lon="-2.943860000">
        <ele>635.000</ele>
      </trkpt>
      <trkpt lat="42.439110000" lon="-2.943850000">
        <ele>635.000</ele>
      </trkpt>
      <trkpt lat="42.439110000" lon="-2.943840000">
        <ele>635.000</ele>
      </trkpt>
      <trkpt lat="42.439110000" lon="-2.943830000">
        <ele>635.000</ele>
      </trkpt>
      <trkpt lat="42.439060000" lon="-2.943520000">
        <ele>635.000</ele>
      </trkpt>
      <trkpt lat="42.439020000" lon="-2.943280000">
        <ele>635.000</ele>
      </trkpt>
      <trkpt lat="42.438910000" lon="-2.942680000">
        <ele>635.000</ele>
      </trkpt>
      <trkpt lat="42.438710000" lon="-2.941580000">
        <ele>635.000</ele>
      </trkpt>
      <trkpt lat="42.438360000" lon="-2.939680000">
        <ele>635.000</ele>
      </trkpt>
      <trkpt lat="42.438300000" lon="-2.939380000">
        <ele>635.000</ele>
      </trkpt>
      <trkpt lat="42.438230000" lon="-2.938990000">
        <ele>634.000</ele>
      </trkpt>
      <trkpt lat="42.438190000" lon="-2.938730000">
        <ele>634.000</ele>
      </trkpt>
      <trkpt lat="42.438100000" lon="-2.938200000">
        <ele>634.000</ele>
      </trkpt>
      <trkpt lat="42.438020000" lon="-2.937750000">
        <ele>634.000</ele>
      </trkpt>
      <trkpt lat="42.437970000" lon="-2.937460000">
        <ele>634.000</ele>
      </trkpt>
      <trkpt lat="42.437500000" lon="-2.935100000">
        <ele>634.000</ele>
      </trkpt>
      <trkpt lat="42.437490000" lon="-2.935010000">
        <ele>634.000</ele>
      </trkpt>
      <trkpt lat="42.437320000" lon="-2.934040000">
        <ele>634.000</ele>
      </trkpt>
      <trkpt lat="42.437200000" lon="-2.933410000">
        <ele>633.000</ele>
      </trkpt>
      <trkpt lat="42.437090000" lon="-2.932800000">
        <ele>633.000</ele>
      </trkpt>
      <trkpt lat="42.436700000" lon="-2.930670000">
        <ele>632.000</ele>
      </trkpt>
      <trkpt lat="42.436680000" lon="-2.930530000">
        <ele>632.000</ele>
      </trkpt>
      <trkpt lat="42.436550000" lon="-2.929840000">
        <ele>633.000</ele>
      </trkpt>
      <trkpt lat="42.436440000" lon="-2.929210000">
        <ele>633.000</ele>
      </trkpt>
      <trkpt lat="42.436440000" lon="-2.929200000">
        <ele>634.000</ele>
      </trkpt>
      <trkpt lat="42.436310000" lon="-2.928510000">
        <ele>635.000</ele>
      </trkpt>
      <trkpt lat="42.436150000" lon="-2.927700000">
        <ele>636.000</ele>
      </trkpt>
      <trkpt lat="42.436110000" lon="-2.927470000">
        <ele>637.000</ele>
      </trkpt>
      <trkpt lat="42.435980000" lon="-2.926770000">
        <ele>638.000</ele>
      </trkpt>
      <trkpt lat="42.435960000" lon="-2.926700000">
        <ele>639.000</ele>
      </trkpt>
      <trkpt lat="42.435870000" lon="-2.926170000">
        <ele>640.000</ele>
      </trkpt>
      <trkpt lat="42.435600000" lon="-2.924620000">
        <ele>642.000</ele>
      </trkpt>
      <trkpt lat="42.435500000" lon="-2.924020000">
        <ele>643.000</ele>
      </trkpt>
      <trkpt lat="42.435480000" lon="-2.923910000">
        <ele>644.000</ele>
      </trkpt>
      <trkpt lat="42.435430000" lon="-2.923670000">
        <ele>645.000</ele>
      </trkpt>
      <trkpt lat="42.435280000" lon="-2.922900000">
        <ele>645.000</ele>
      </trkpt>
      <trkpt lat="42.435020000" lon="-2.921550000">
        <ele>646.000</ele>
      </trkpt>
      <trkpt lat="42.434830000" lon="-2.920520000">
        <ele>648.000</ele>
      </trkpt>
      <trkpt lat="42.434750000" lon="-2.920120000">
        <ele>649.000</ele>
      </trkpt>
      <trkpt lat="42.434660000" lon="-2.919630000">
        <ele>650.000</ele>
      </trkpt>
      <trkpt lat="42.434410000" lon="-2.918220000">
        <ele>653.000</ele>
      </trkpt>
      <trkpt lat="42.434390000" lon="-2.918090000">
        <ele>654.000</ele>
      </trkpt>
      <trkpt lat="42.434280000" lon="-2.917510000">
        <ele>656.000</ele>
      </trkpt>
      <trkpt lat="42.434110000" lon="-2.916560000">
        <ele>657.000</ele>
      </trkpt>
      <trkpt lat="42.433940000" lon="-2.915640000">
        <ele>659.000</ele>
      </trkpt>
      <trkpt lat="42.433930000" lon="-2.915610000">
        <ele>660.000</ele>
      </trkpt>
      <trkpt lat="42.433920000" lon="-2.915510000">
        <ele>660.000</ele>
      </trkpt>
      <trkpt lat="42.433870000" lon="-2.915280000">
        <ele>661.000</ele>
      </trkpt>
      <trkpt lat="42.433800000" lon="-2.914930000">
        <ele>661.000</ele>
      </trkpt>
      <trkpt lat="42.433730000" lon="-2.914630000">
        <ele>661.000</ele>
      </trkpt>
      <trkpt lat="42.433640000" lon="-2.914360000">
        <ele>661.000</ele>
      </trkpt>
      <trkpt lat="42.433550000" lon="-2.914050000">
        <ele>660.000</ele>
      </trkpt>
      <trkpt lat="42.433470000" lon="-2.913840000">
        <ele>660.000</ele>
      </trkpt>
      <trkpt lat="42.433400000" lon="-2.913630000">
        <ele>660.000</ele>
      </trkpt>
      <trkpt lat="42.433350000" lon="-2.913500000">
        <ele>660.000</ele>
      </trkpt>
      <trkpt lat="42.433320000" lon="-2.913410000">
        <ele>660.000</ele>
      </trkpt>
      <trkpt lat="42.433300000" lon="-2.913340000">
        <ele>660.000</ele>
      </trkpt>
      <trkpt lat="42.433240000" lon="-2.913130000">
        <ele>660.000</ele>
      </trkpt>
      <trkpt lat="42.433190000" lon="-2.912890000">
        <ele>660.000</ele>
      </trkpt>
      <trkpt lat="42.433140000" lon="-2.912620000">
        <ele>660.000</ele>
      </trkpt>
      <trkpt lat="42.433070000" lon="-2.912280000">
        <ele>660.000</ele>
      </trkpt>
      <trkpt lat="42.433020000" lon="-2.912010000">
        <ele>660.000</ele>
      </trkpt>
      <trkpt lat="42.433010000" lon="-2.911970000">
        <ele>660.000</ele>
      </trkpt>
      <trkpt lat="42.432970000" lon="-2.911780000">
        <ele>660.000</ele>
      </trkpt>
      <trkpt lat="42.432920000" lon="-2.911540000">
        <ele>661.000</ele>
      </trkpt>
      <trkpt lat="42.432890000" lon="-2.911410000">
        <ele>661.000</ele>
      </trkpt>
      <trkpt lat="42.432830000" lon="-2.911070000">
        <ele>661.000</ele>
      </trkpt>
      <trkpt lat="42.432790000" lon="-2.910830000">
        <ele>661.000</ele>
      </trkpt>
      <trkpt lat="42.432770000" lon="-2.910670000">
        <ele>661.000</ele>
      </trkpt>
      <trkpt lat="42.432720000" lon="-2.910310000">
        <ele>662.000</ele>
      </trkpt>
      <trkpt lat="42.432680000" lon="-2.909870000">
        <ele>662.000</ele>
      </trkpt>
      <trkpt lat="42.432610000" lon="-2.908900000">
        <ele>664.000</ele>
      </trkpt>
      <trkpt lat="42.432560000" lon="-2.908230000">
        <ele>665.000</ele>
      </trkpt>
      <trkpt lat="42.432500000" lon="-2.907850000">
        <ele>666.000</ele>
      </trkpt>
      <trkpt lat="42.432480000" lon="-2.907740000">
        <ele>667.000</ele>
      </trkpt>
      <trkpt lat="42.432470000" lon="-2.907660000">
        <ele>668.000</ele>
      </trkpt>
      <trkpt lat="42.432400000" lon="-2.907450000">
        <ele>668.000</ele>
      </trkpt>
      <trkpt lat="42.432350000" lon="-2.907300000">
        <ele>669.000</ele>
      </trkpt>
      <trkpt lat="42.432260000" lon="-2.907070000">
        <ele>669.000</ele>
      </trkpt>
      <trkpt lat="42.432250000" lon="-2.907060000">
        <ele>670.000</ele>
      </trkpt>
      <trkpt lat="42.432000000" lon="-2.906460000">
        <ele>670.000</ele>
      </trkpt>
      <trkpt lat="42.431990000" lon="-2.906420000">
        <ele>671.000</ele>
      </trkpt>
      <trkpt lat="42.431930000" lon="-2.906290000">
        <ele>672.000</ele>
      </trkpt>
      <trkpt lat="42.431910000" lon="-2.906260000">
        <ele>672.000</ele>
      </trkpt>
      <trkpt lat="42.431890000" lon="-2.906200000">
        <ele>672.000</ele>
      </trkpt>
      <trkpt lat="42.431850000" lon="-2.906120000">
        <ele>672.000</ele>
      </trkpt>
      <trkpt lat="42.431820000" lon="-2.906050000">
        <ele>673.000</ele>
      </trkpt>
      <trkpt lat="42.431770000" lon="-2.905950000">
        <ele>673.000</ele>
      </trkpt>
      <trkpt lat="42.431710000" lon="-2.905850000">
        <ele>673.000</ele>
      </trkpt>
      <trkpt lat="42.431700000" lon="-2.905820000">
        <ele>673.000</ele>
      </trkpt>
      <trkpt lat="42.431640000" lon="-2.905730000">
        <ele>674.000</ele>
      </trkpt>
      <trkpt lat="42.431590000" lon="-2.905660000">
        <ele>674.000</ele>
      </trkpt>
      <trkpt lat="42.431490000" lon="-2.905530000">
        <ele>674.000</ele>
      </trkpt>
      <trkpt lat="42.431320000" lon="-2.905350000">
        <ele>674.000</ele>
      </trkpt>
      <trkpt lat="42.431120000" lon="-2.905160000">
        <ele>675.000</ele>
      </trkpt>
      <trkpt lat="42.430580000" lon="-2.904650000">
        <ele>675.000</ele>
      </trkpt>
      <trkpt lat="42.430560000" lon="-2.904630000">
        <ele>676.000</ele>
      </trkpt>
      <trkpt lat="42.430320000" lon="-2.904420000">
        <ele>676.000</ele>
      </trkpt>
      <trkpt lat="42.430080000" lon="-2.904210000">
        <ele>677.000</ele>
      </trkpt>
      <trkpt lat="42.429900000" lon="-2.904080000">
        <ele>678.000</ele>
      </trkpt>
      <trkpt lat="42.429690000" lon="-2.903950000">
        <ele>679.000</ele>
      </trkpt>
      <trkpt lat="42.429240000" lon="-2.903640000">
        <ele>680.000</ele>
      </trkpt>
      <trkpt lat="42.428190000" lon="-2.902970000">
        <ele>683.000</ele>
      </trkpt>
      <trkpt lat="42.428010000" lon="-2.902840000">
        <ele>685.000</ele>
      </trkpt>
      <trkpt lat="42.427650000" lon="-2.902610000">
        <ele>687.000</ele>
      </trkpt>
      <trkpt lat="42.426420000" lon="-2.901820000">
        <ele>689.000</ele>
      </trkpt>
      <trkpt lat="42.426350000" lon="-2.901770000">
        <ele>691.000</ele>
      </trkpt>
      <trkpt lat="42.426190000" lon="-2.901670000">
        <ele>692.000</ele>
      </trkpt>
      <trkpt lat="42.426090000" lon="-2.901610000">
        <ele>693.000</ele>
      </trkpt>
      <trkpt lat="42.425990000" lon="-2.901550000">
        <ele>694.000</ele>
      </trkpt>
      <trkpt lat="42.425730000" lon="-2.901390000">
        <ele>694.000</ele>
      </trkpt>
      <trkpt lat="42.425390000" lon="-2.901200000">
        <ele>695.000</ele>
      </trkpt>
      <trkpt lat="42.424740000" lon="-2.900850000">
        <ele>695.000</ele>
      </trkpt>
      <trkpt lat="42.424720000" lon="-2.900840000">
        <ele>696.000</ele>
      </trkpt>
      <trkpt lat="42.424620000" lon="-2.900800000">
        <ele>696.000</ele>
      </trkpt>
      <trkpt lat="42.424600000" lon="-2.900800000">
        <ele>696.000</ele>
      </trkpt>
      <trkpt lat="42.424490000" lon="-2.900750000">
        <ele>697.000</ele>
      </trkpt>
      <trkpt lat="42.424410000" lon="-2.900730000">
        <ele>697.000</ele>
      </trkpt>
      <trkpt lat="42.424380000" lon="-2.900730000">
        <ele>697.000</ele>
      </trkpt>
      <trkpt lat="42.424220000" lon="-2.900720000">
        <ele>698.000</ele>
      </trkpt>
      <trkpt lat="42.424220000" lon="-2.900720000">
        <ele>698.000</ele>
      </trkpt>
      <trkpt lat="42.424170000" lon="-2.900770000">
        <ele>698.000</ele>
      </trkpt>
      <trkpt lat="42.424140000" lon="-2.900780000">
        <ele>698.000</ele>
      </trkpt>
      <trkpt lat="42.424110000" lon="-2.900790000">
        <ele>698.000</ele>
      </trkpt>
      <trkpt lat="42.424070000" lon="-2.900800000">
        <ele>698.000</ele>
      </trkpt>
      <trkpt lat="42.424040000" lon="-2.900800000">
        <ele>698.000</ele>
      </trkpt>
      <trkpt lat="42.424010000" lon="-2.900800000">
        <ele>699.000</ele>
      </trkpt>
      <trkpt lat="42.423980000" lon="-2.900790000">
        <ele>699.000</ele>
      </trkpt>
      <trkpt lat="42.423950000" lon="-2.900770000">
        <ele>699.000</ele>
      </trkpt>
      <trkpt lat="42.423920000" lon="-2.900750000">
        <ele>699.000</ele>
      </trkpt>
      <trkpt lat="42.423890000" lon="-2.900730000">
        <ele>699.000</ele>
      </trkpt>
      <trkpt lat="42.423870000" lon="-2.900700000">
        <ele>699.000</ele>
      </trkpt>
      <trkpt lat="42.423840000" lon="-2.900670000">
        <ele>699.000</ele>
      </trkpt>
      <trkpt lat="42.423820000" lon="-2.900640000">
        <ele>699.000</ele>
      </trkpt>
      <trkpt lat="42.423810000" lon="-2.900600000">
        <ele>699.000</ele>
      </trkpt>
      <trkpt lat="42.423800000" lon="-2.900560000">
        <ele>699.000</ele>
      </trkpt>
      <trkpt lat="42.423790000" lon="-2.900510000">
        <ele>700.000</ele>
      </trkpt>
      <trkpt lat="42.423780000" lon="-2.900470000">
        <ele>700.000</ele>
      </trkpt>
      <trkpt lat="42.423780000" lon="-2.900430000">
        <ele>700.000</ele>
      </trkpt>
      <trkpt lat="42.423740000" lon="-2.900380000">
        <ele>700.000</ele>
      </trkpt>
      <trkpt lat="42.423720000" lon="-2.900350000">
        <ele>700.000</ele>
      </trkpt>
      <trkpt lat="42.423680000" lon="-2.900290000">
        <ele>700.000</ele>
      </trkpt>
      <trkpt lat="42.423500000" lon="-2.900130000">
        <ele>700.000</ele>
      </trkpt>
      <trkpt lat="42.423460000" lon="-2.900110000">
        <ele>701.000</ele>
      </trkpt>
      <trkpt lat="42.423350000" lon="-2.900050000">
        <ele>701.000</ele>
      </trkpt>
      <trkpt lat="42.423320000" lon="-2.900030000">
        <ele>701.000</ele>
      </trkpt>
      <trkpt lat="42.423290000" lon="-2.900020000">
        <ele>701.000</ele>
      </trkpt>
      <trkpt lat="42.423230000" lon="-2.899990000">
        <ele>702.000</ele>
      </trkpt>
      <trkpt lat="42.423060000" lon="-2.899930000">
        <ele>702.000</ele>
      </trkpt>
      <trkpt lat="42.422940000" lon="-2.899900000">
        <ele>702.000</ele>
      </trkpt>
      <trkpt lat="42.422870000" lon="-2.899880000">
        <ele>703.000</ele>
      </trkpt>
      <trkpt lat="42.422640000" lon="-2.899830000">
        <ele>703.000</ele>
      </trkpt>
      <trkpt lat="42.422190000" lon="-2.899740000">
        <ele>704.000</ele>
      </trkpt>
      <trkpt lat="42.422000000" lon="-2.899710000">
        <ele>705.000</ele>
      </trkpt>
      <trkpt lat="42.420600000" lon="-2.899480000">
        <ele>707.000</ele>
      </trkpt>
      <trkpt lat="42.419490000" lon="-2.899290000">
        <ele>710.000</ele>
      </trkpt>
      <trkpt lat="42.419170000" lon="-2.899230000">
        <ele>712.000</ele>
      </trkpt>
      <trkpt lat="42.419150000" lon="-2.899230000">
        <ele>713.000</ele>
      </trkpt>
      <trkpt lat="42.419080000" lon="-2.899210000">
        <ele>714.000</ele>
      </trkpt>
      <trkpt lat="42.418990000" lon="-2.899200000">
        <ele>715.000</ele>
      </trkpt>
      <trkpt lat="42.417920000" lon="-2.899020000">
        <ele>717.000</ele>
      </trkpt>
      <trkpt lat="42.417820000" lon="-2.899000000">
        <ele>718.000</ele>
      </trkpt>
      <trkpt lat="42.417210000" lon="-2.898890000">
        <ele>719.000</ele>
      </trkpt>
      <trkpt lat="42.417180000" lon="-2.898890000">
        <ele>720.000</ele>
      </trkpt>
      <trkpt lat="42.417030000" lon="-2.898860000">
        <ele>721.000</ele>
      </trkpt>
      <trkpt lat="42.416780000" lon="-2.898820000">
        <ele>722.000</ele>
      </trkpt>
      <trkpt lat="42.416670000" lon="-2.898800000">
        <ele>722.000</ele>
      </trkpt>
      <trkpt lat="42.415960000" lon="-2.898680000">
        <ele>723.000</ele>
      </trkpt>
      <trkpt lat="42.415870000" lon="-2.898670000">
        <ele>723.000</ele>
      </trkpt>
      <trkpt lat="42.415780000" lon="-2.898650000">
        <ele>724.000</ele>
      </trkpt>
      <trkpt lat="42.415610000" lon="-2.898620000">
        <ele>724.000</ele>
      </trkpt>
      <trkpt lat="42.415400000" lon="-2.898580000">
        <ele>725.000</ele>
      </trkpt>
      <trkpt lat="42.415250000" lon="-2.898550000">
        <ele>725.000</ele>
      </trkpt>
      <trkpt lat="42.415130000" lon="-2.898490000">
        <ele>726.000</ele>
      </trkpt>
      <trkpt lat="42.415030000" lon="-2.898410000">
        <ele>726.000</ele>
      </trkpt>
      <trkpt lat="42.414920000" lon="-2.898320000">
        <ele>726.000</ele>
      </trkpt>
      <trkpt lat="42.414840000" lon="-2.898230000">
        <ele>727.000</ele>
      </trkpt>
      <trkpt lat="42.414750000" lon="-2.898090000">
        <ele>727.000</ele>
      </trkpt>
      <trkpt lat="42.414690000" lon="-2.897970000">
        <ele>727.000</ele>
      </trkpt>
      <trkpt lat="42.414680000" lon="-2.897930000">
        <ele>727.000</ele>
      </trkpt>
      <trkpt lat="42.414610000" lon="-2.897790000">
        <ele>728.000</ele>
      </trkpt>
      <trkpt lat="42.414590000" lon="-2.897720000">
        <ele>728.000</ele>
      </trkpt>
      <trkpt lat="42.414530000" lon="-2.897490000">
        <ele>728.000</ele>
      </trkpt>
      <trkpt lat="42.414500000" lon="-2.897390000">
        <ele>728.000</ele>
      </trkpt>
      <trkpt lat="42.414420000" lon="-2.897150000">
        <ele>729.000</ele>
      </trkpt>
      <trkpt lat="42.414400000" lon="-2.897040000">
        <ele>730.000</ele>
      </trkpt>
      <trkpt lat="42.414340000" lon="-2.896970000">
        <ele>730.000</ele>
      </trkpt>
      <trkpt lat="42.414300000" lon="-2.896930000">
        <ele>731.000</ele>
      </trkpt>
      <trkpt lat="42.414240000" lon="-2.896890000">
        <ele>731.000</ele>
      </trkpt>
      <trkpt lat="42.414190000" lon="-2.896840000">
        <ele>732.000</ele>
      </trkpt>
      <trkpt lat="42.414190000" lon="-2.896840000">
        <ele>732.000</ele>
      </trkpt>
      <trkpt lat="42.414150000" lon="-2.896850000">
        <ele>732.000</ele>
      </trkpt>
      <trkpt lat="42.414140000" lon="-2.896850000">
        <ele>732.000</ele>
      </trkpt>
      <trkpt lat="42.414120000" lon="-2.896840000">
        <ele>733.000</ele>
      </trkpt>
      <trkpt lat="42.414100000" lon="-2.896840000">
        <ele>733.000</ele>
      </trkpt>
      <trkpt lat="42.414080000" lon="-2.896830000">
        <ele>733.000</ele>
      </trkpt>
      <trkpt lat="42.414060000" lon="-2.896820000">
        <ele>733.000</ele>
      </trkpt>
      <trkpt lat="42.414040000" lon="-2.896810000">
        <ele>733.000</ele>
      </trkpt>
      <trkpt lat="42.414030000" lon="-2.896790000">
        <ele>733.000</ele>
      </trkpt>
      <trkpt lat="42.414010000" lon="-2.896770000">
        <ele>733.000</ele>
      </trkpt>
      <trkpt lat="42.414000000" lon="-2.896750000">
        <ele>734.000</ele>
      </trkpt>
      <trkpt lat="42.413980000" lon="-2.896730000">
        <ele>734.000</ele>
      </trkpt>
      <trkpt lat="42.413970000" lon="-2.896710000">
        <ele>734.000</ele>
      </trkpt>
      <trkpt lat="42.413960000" lon="-2.896690000">
        <ele>734.000</ele>
      </trkpt>
      <trkpt lat="42.413960000" lon="-2.896660000">
        <ele>734.000</ele>
      </trkpt>
      <trkpt lat="42.413950000" lon="-2.896640000">
        <ele>734.000</ele>
      </trkpt>
      <trkpt lat="42.413940000" lon="-2.896610000">
        <ele>734.000</ele>
      </trkpt>
      <trkpt lat="42.413940000" lon="-2.896580000">
        <ele>734.000</ele>
      </trkpt>
      <trkpt lat="42.413940000" lon="-2.896560000">
        <ele>735.000</ele>
      </trkpt>
      <trkpt lat="42.413850000" lon="-2.896430000">
        <ele>735.000</ele>
      </trkpt>
      <trkpt lat="42.413800000" lon="-2.896380000">
        <ele>735.000</ele>
      </trkpt>
      <trkpt lat="42.413740000" lon="-2.896320000">
        <ele>736.000</ele>
      </trkpt>
      <trkpt lat="42.413730000" lon="-2.896310000">
        <ele>736.000</ele>
      </trkpt>
      <trkpt lat="42.413710000" lon="-2.896300000">
        <ele>736.000</ele>
      </trkpt>
      <trkpt lat="42.413690000" lon="-2.896290000">
        <ele>736.000</ele>
      </trkpt>
      <trkpt lat="42.413680000" lon="-2.896290000">
        <ele>737.000</ele>
      </trkpt>
      <trkpt lat="42.413630000" lon="-2.896280000">
        <ele>737.000</ele>
      </trkpt>
      <trkpt lat="42.413590000" lon="-2.896280000">
        <ele>737.000</ele>
      </trkpt>
      <trkpt lat="42.413480000" lon="-2.896290000">
        <ele>737.000</ele>
      </trkpt>
      <trkpt lat="42.413450000" lon="-2.896300000">
        <ele>738.000</ele>
      </trkpt>
      <trkpt lat="42.413290000" lon="-2.896320000">
        <ele>738.000</ele>
      </trkpt>
      <trkpt lat="42.413130000" lon="-2.896350000">
        <ele>739.000</ele>
      </trkpt>
      <trkpt lat="42.413000000" lon="-2.896370000">
        <ele>740.000</ele>
      </trkpt>
      <trkpt lat="42.412630000" lon="-2.896430000">
        <ele>741.000</ele>
      </trkpt>
      <trkpt lat="42.412550000" lon="-2.896440000">
        <ele>742.000</ele>
      </trkpt>
      <trkpt lat="42.412430000" lon="-2.896440000">
        <ele>743.000</ele>
      </trkpt>
      <trkpt lat="42.412370000" lon="-2.896430000">
        <ele>744.000</ele>
      </trkpt>
      <trkpt lat="42.412320000" lon="-2.896420000">
        <ele>744.000</ele>
      </trkpt>
      <trkpt lat="42.412290000" lon="-2.896410000">
        <ele>745.000</ele>
      </trkpt>
      <trkpt lat="42.412100000" lon="-2.896340000">
        <ele>746.000</ele>
      </trkpt>
      <trkpt lat="42.412030000" lon="-2.896320000">
        <ele>746.000</ele>
      </trkpt>
      <trkpt lat="42.411860000" lon="-2.896300000">
        <ele>747.000</ele>
      </trkpt>
      <trkpt lat="42.411520000" lon="-2.896260000">
        <ele>748.000</ele>
      </trkpt>
      <trkpt lat="42.411450000" lon="-2.896250000">
        <ele>749.000</ele>
      </trkpt>
      <trkpt lat="42.411360000" lon="-2.896230000">
        <ele>750.000</ele>
      </trkpt>
      <trkpt lat="42.411070000" lon="-2.896200000">
        <ele>751.000</ele>
      </trkpt>
      <trkpt lat="42.410640000" lon="-2.896150000">
        <ele>752.000</ele>
      </trkpt>
      <trkpt lat="42.410570000" lon="-2.896150000">
        <ele>753.000</ele>
      </trkpt>
      <trkpt lat="42.410420000" lon="-2.896170000">
        <ele>754.000</ele>
      </trkpt>
      <trkpt lat="42.410340000" lon="-2.896190000">
        <ele>754.000</ele>
      </trkpt>
      <trkpt lat="42.410260000" lon="-2.896200000">
        <ele>755.000</ele>
      </trkpt>
      <trkpt lat="42.410240000" lon="-2.896190000">
        <ele>755.000</ele>
      </trkpt>
      <trkpt lat="42.410170000" lon="-2.896190000">
        <ele>755.000</ele>
      </trkpt>
      <trkpt lat="42.410120000" lon="-2.896170000">
        <ele>755.000</ele>
      </trkpt>
      <trkpt lat="42.409870000" lon="-2.896070000">
        <ele>756.000</ele>
      </trkpt>
      <trkpt lat="42.409580000" lon="-2.895930000">
        <ele>756.000</ele>
      </trkpt>
      <trkpt lat="42.409500000" lon="-2.895860000">
        <ele>756.000</ele>
      </trkpt>
      <trkpt lat="42.409460000" lon="-2.895830000">
        <ele>757.000</ele>
      </trkpt>
      <trkpt lat="42.409420000" lon="-2.895790000">
        <ele>757.000</ele>
      </trkpt>
      <trkpt lat="42.409350000" lon="-2.895710000">
        <ele>757.000</ele>
      </trkpt>
      <trkpt lat="42.409300000" lon="-2.895630000">
        <ele>757.000</ele>
      </trkpt>
      <trkpt lat="42.409200000" lon="-2.895470000">
        <ele>757.000</ele>
      </trkpt>
      <trkpt lat="42.409150000" lon="-2.895400000">
        <ele>758.000</ele>
      </trkpt>
      <trkpt lat="42.409090000" lon="-2.895320000">
        <ele>758.000</ele>
      </trkpt>
      <trkpt lat="42.408990000" lon="-2.895170000">
        <ele>758.000</ele>
      </trkpt>
      <trkpt lat="42.408890000" lon="-2.895060000">
        <ele>758.000</ele>
      </trkpt>
      <trkpt lat="42.408840000" lon="-2.895010000">
        <ele>758.000</ele>
      </trkpt>
      <trkpt lat="42.408820000" lon="-2.895000000">
        <ele>758.000</ele>
      </trkpt>
      <trkpt lat="42.408790000" lon="-2.894970000">
        <ele>758.000</ele>
      </trkpt>
      <trkpt lat="42.408750000" lon="-2.894950000">
        <ele>758.000</ele>
      </trkpt>
      <trkpt lat="42.408720000" lon="-2.894930000">
        <ele>758.000</ele>
      </trkpt>
      <trkpt lat="42.408680000" lon="-2.894910000">
        <ele>758.000</ele>
      </trkpt>
      <trkpt lat="42.408640000" lon="-2.894890000">
        <ele>758.000</ele>
      </trkpt>
      <trkpt lat="42.408600000" lon="-2.894880000">
        <ele>758.000</ele>
      </trkpt>
      <trkpt lat="42.408410000" lon="-2.894830000">
        <ele>759.000</ele>
      </trkpt>
      <trkpt lat="42.408300000" lon="-2.894810000">
        <ele>759.000</ele>
      </trkpt>
      <trkpt lat="42.407630000" lon="-2.894670000">
        <ele>759.000</ele>
      </trkpt>
      <trkpt lat="42.407160000" lon="-2.894580000">
        <ele>759.000</ele>
      </trkpt>
      <trkpt lat="42.407060000" lon="-2.894560000">
        <ele>760.000</ele>
      </trkpt>
      <trkpt lat="42.406150000" lon="-2.894370000">
        <ele>761.000</ele>
      </trkpt>
      <trkpt lat="42.405990000" lon="-2.894340000">
        <ele>762.000</ele>
      </trkpt>
      <trkpt lat="42.405750000" lon="-2.894290000">
        <ele>762.000</ele>
      </trkpt>
      <trkpt lat="42.405640000" lon="-2.894260000">
        <ele>763.000</ele>
      </trkpt>
      <trkpt lat="42.405490000" lon="-2.894230000">
        <ele>763.000</ele>
      </trkpt>
      <trkpt lat="42.405300000" lon="-2.894180000">
        <ele>763.000</ele>
      </trkpt>
      <trkpt lat="42.405150000" lon="-2.894120000">
        <ele>763.000</ele>
      </trkpt>
      <trkpt lat="42.405040000" lon="-2.894080000">
        <ele>764.000</ele>
      </trkpt>
      <trkpt lat="42.404950000" lon="-2.894050000">
        <ele>764.000</ele>
      </trkpt>
      <trkpt lat="42.404840000" lon="-2.894000000">
        <ele>764.000</ele>
      </trkpt>
      <trkpt lat="42.404750000" lon="-2.893950000">
        <ele>764.000</ele>
      </trkpt>
      <trkpt lat="42.404660000" lon="-2.893910000">
        <ele>764.000</ele>
      </trkpt>
      <trkpt lat="42.404500000" lon="-2.893800000">
        <ele>764.000</ele>
      </trkpt>
      <trkpt lat="42.404280000" lon="-2.893660000">
        <ele>764.000</ele>
      </trkpt>
      <trkpt lat="42.404060000" lon="-2.893500000">
        <ele>764.000</ele>
      </trkpt>
      <trkpt lat="42.403850000" lon="-2.893350000">
        <ele>765.000</ele>
      </trkpt>
      <trkpt lat="42.403650000" lon="-2.893210000">
        <ele>765.000</ele>
      </trkpt>
      <trkpt lat="42.403580000" lon="-2.893160000">
        <ele>765.000</ele>
      </trkpt>
      <trkpt lat="42.403500000" lon="-2.893100000">
        <ele>766.000</ele>
      </trkpt>
      <trkpt lat="42.403240000" lon="-2.892880000">
        <ele>766.000</ele>
      </trkpt>
      <trkpt lat="42.402990000" lon="-2.892640000">
        <ele>767.000</ele>
      </trkpt>
      <trkpt lat="42.402820000" lon="-2.892470000">
        <ele>768.000</ele>
      </trkpt>
      <trkpt lat="42.402730000" lon="-2.892380000">
        <ele>768.000</ele>
      </trkpt>
      <trkpt lat="42.402670000" lon="-2.892320000">
        <ele>769.000</ele>
      </trkpt>
      <trkpt lat="42.402620000" lon="-2.892250000">
        <ele>769.000</ele>
      </trkpt>
      <trkpt lat="42.402390000" lon="-2.892010000">
        <ele>769.000</ele>
      </trkpt>
      <trkpt lat="42.402390000" lon="-2.892000000">
        <ele>770.000</ele>
      </trkpt>
      <trkpt lat="42.402060000" lon="-2.891640000">
        <ele>770.000</ele>
      </trkpt>
      <trkpt lat="42.402000000" lon="-2.891570000">
        <ele>771.000</ele>
      </trkpt>
      <trkpt lat="42.401780000" lon="-2.891340000">
        <ele>772.000</ele>
      </trkpt>
      <trkpt lat="42.401610000" lon="-2.891150000">
        <ele>772.000</ele>
      </trkpt>
      <trkpt lat="42.401250000" lon="-2.890770000">
        <ele>773.000</ele>
      </trkpt>
      <trkpt lat="42.400910000" lon="-2.890390000">
        <ele>774.000</ele>
      </trkpt>
      <trkpt lat="42.400690000" lon="-2.890160000">
        <ele>775.000</ele>
      </trkpt>
      <trkpt lat="42.400620000" lon="-2.890090000">
        <ele>776.000</ele>
      </trkpt>
      <trkpt lat="42.400550000" lon="-2.890010000">
        <ele>776.000</ele>
      </trkpt>
      <trkpt lat="42.400540000" lon="-2.890000000">
        <ele>776.000</ele>
      </trkpt>
      <trkpt lat="42.400510000" lon="-2.889980000">
        <ele>776.000</ele>
      </trkpt>
      <trkpt lat="42.400470000" lon="-2.889950000">
        <ele>776.000</ele>
      </trkpt>
      <trkpt lat="42.400360000" lon="-2.889860000">
        <ele>776.000</ele>
      </trkpt>
      <trkpt lat="42.400290000" lon="-2.889810000">
        <ele>776.000</ele>
      </trkpt>
      <trkpt lat="42.400240000" lon="-2.889770000">
        <ele>776.000</ele>
      </trkpt>
      <trkpt lat="42.400210000" lon="-2.889760000">
        <ele>776.000</ele>
      </trkpt>
      <trkpt lat="42.400050000" lon="-2.889670000">
        <ele>776.000</ele>
      </trkpt>
      <trkpt lat="42.399810000" lon="-2.889570000">
        <ele>776.000</ele>
      </trkpt>
      <trkpt lat="42.399680000" lon="-2.889510000">
        <ele>776.000</ele>
      </trkpt>
      <trkpt lat="42.399550000" lon="-2.889460000">
        <ele>776.000</ele>
      </trkpt>
      <trkpt lat="42.399360000" lon="-2.889390000">
        <ele>776.000</ele>
      </trkpt>
      <trkpt lat="42.399210000" lon="-2.889320000">
        <ele>776.000</ele>
      </trkpt>
      <trkpt lat="42.399190000" lon="-2.889300000">
        <ele>777.000</ele>
      </trkpt>
      <trkpt lat="42.399160000" lon="-2.889290000">
        <ele>777.000</ele>
      </trkpt>
      <trkpt lat="42.399050000" lon="-2.889220000">
        <ele>777.000</ele>
      </trkpt>
      <trkpt lat="42.399030000" lon="-2.889210000">
        <ele>777.000</ele>
      </trkpt>
      <trkpt lat="42.398860000" lon="-2.889050000">
        <ele>778.000</ele>
      </trkpt>
      <trkpt lat="42.398770000" lon="-2.888920000">
        <ele>778.000</ele>
      </trkpt>
      <trkpt lat="42.398750000" lon="-2.888880000">
        <ele>779.000</ele>
      </trkpt>
      <trkpt lat="42.398680000" lon="-2.888750000">
        <ele>779.000</ele>
      </trkpt>
      <trkpt lat="42.398640000" lon="-2.888650000">
        <ele>780.000</ele>
      </trkpt>
      <trkpt lat="42.398610000" lon="-2.888540000">
        <ele>780.000</ele>
      </trkpt>
      <trkpt lat="42.398540000" lon="-2.888250000">
        <ele>781.000</ele>
      </trkpt>
      <trkpt lat="42.398500000" lon="-2.888050000">
        <ele>782.000</ele>
      </trkpt>
      <trkpt lat="42.398440000" lon="-2.887830000">
        <ele>782.000</ele>
      </trkpt>
      <trkpt lat="42.398370000" lon="-2.887550000">
        <ele>783.000</ele>
      </trkpt>
      <trkpt lat="42.398300000" lon="-2.887260000">
        <ele>784.000</ele>
      </trkpt>
      <trkpt lat="42.398250000" lon="-2.887110000">
        <ele>785.000</ele>
      </trkpt>
      <trkpt lat="42.398230000" lon="-2.887040000">
        <ele>786.000</ele>
      </trkpt>
      <trkpt lat="42.398230000" lon="-2.887030000">
        <ele>786.000</ele>
      </trkpt>
      <trkpt lat="42.398170000" lon="-2.886840000">
        <ele>787.000</ele>
      </trkpt>
      <trkpt lat="42.398110000" lon="-2.886720000">
        <ele>787.000</ele>
      </trkpt>
      <trkpt lat="42.398070000" lon="-2.886610000">
        <ele>787.000</ele>
      </trkpt>
      <trkpt lat="42.398060000" lon="-2.886590000">
        <ele>787.000</ele>
      </trkpt>
      <trkpt lat="42.398010000" lon="-2.886470000">
        <ele>788.000</ele>
      </trkpt>
      <trkpt lat="42.398000000" lon="-2.886460000">
        <ele>788.000</ele>
      </trkpt>
      <trkpt lat="42.397960000" lon="-2.886370000">
        <ele>788.000</ele>
      </trkpt>
      <trkpt lat="42.397900000" lon="-2.886280000">
        <ele>788.000</ele>
      </trkpt>
      <trkpt lat="42.397850000" lon="-2.886180000">
        <ele>788.000</ele>
      </trkpt>
      <trkpt lat="42.397790000" lon="-2.886080000">
        <ele>789.000</ele>
      </trkpt>
      <trkpt lat="42.397720000" lon="-2.885980000">
        <ele>789.000</ele>
      </trkpt>
      <trkpt lat="42.397660000" lon="-2.885900000">
        <ele>789.000</ele>
      </trkpt>
      <trkpt lat="42.397650000" lon="-2.885880000">
        <ele>789.000</ele>
      </trkpt>
      <trkpt lat="42.397620000" lon="-2.885850000">
        <ele>789.000</ele>
      </trkpt>
      <trkpt lat="42.397570000" lon="-2.885790000">
        <ele>790.000</ele>
      </trkpt>
      <trkpt lat="42.397490000" lon="-2.885690000">
        <ele>790.000</ele>
      </trkpt>
      <trkpt lat="42.397370000" lon="-2.885560000">
        <ele>790.000</ele>
      </trkpt>
      <trkpt lat="42.397270000" lon="-2.885460000">
        <ele>790.000</ele>
      </trkpt>
      <trkpt lat="42.397090000" lon="-2.885300000">
        <ele>791.000</ele>
      </trkpt>
      <trkpt lat="42.396950000" lon="-2.885170000">
        <ele>791.000</ele>
      </trkpt>
      <trkpt lat="42.396710000" lon="-2.884970000">
        <ele>791.000</ele>
      </trkpt>
      <trkpt lat="42.396640000" lon="-2.884900000">
        <ele>792.000</ele>
      </trkpt>
      <trkpt lat="42.396380000" lon="-2.884670000">
        <ele>792.000</ele>
      </trkpt>
      <trkpt lat="42.396100000" lon="-2.884430000">
        <ele>792.000</ele>
      </trkpt>
      <trkpt lat="42.395880000" lon="-2.884250000">
        <ele>792.000</ele>
      </trkpt>
      <trkpt lat="42.395860000" lon="-2.884240000">
        <ele>793.000</ele>
      </trkpt>
      <trkpt lat="42.395590000" lon="-2.883990000">
        <ele>793.000</ele>
      </trkpt>
      <trkpt lat="42.395280000" lon="-2.883720000">
        <ele>793.000</ele>
      </trkpt>
      <trkpt lat="42.395120000" lon="-2.883590000">
        <ele>793.000</ele>
      </trkpt>
      <trkpt lat="42.394210000" lon="-2.882810000">
        <ele>792.000</ele>
      </trkpt>
      <trkpt lat="42.393910000" lon="-2.882550000">
        <ele>791.000</ele>
      </trkpt>
      <trkpt lat="42.393760000" lon="-2.882420000">
        <ele>790.000</ele>
      </trkpt>
      <trkpt lat="42.393450000" lon="-2.882160000">
        <ele>789.000</ele>
      </trkpt>
      <trkpt lat="42.393000000" lon="-2.881770000">
        <ele>788.000</ele>
      </trkpt>
      <trkpt lat="42.392950000" lon="-2.881730000">
        <ele>787.000</ele>
      </trkpt>
      <trkpt lat="42.392850000" lon="-2.881640000">
        <ele>786.000</ele>
      </trkpt>
      <trkpt lat="42.392810000" lon="-2.881600000">
        <ele>785.000</ele>
      </trkpt>
      <trkpt lat="42.392740000" lon="-2.881550000">
        <ele>785.000</ele>
      </trkpt>
      <trkpt lat="42.392690000" lon="-2.881500000">
        <ele>784.000</ele>
      </trkpt>
      <trkpt lat="42.392560000" lon="-2.881380000">
        <ele>784.000</ele>
      </trkpt>
      <trkpt lat="42.392540000" lon="-2.881360000">
        <ele>784.000</ele>
      </trkpt>
      <trkpt lat="42.392410000" lon="-2.881240000">
        <ele>783.000</ele>
      </trkpt>
      <trkpt lat="42.392270000" lon="-2.881100000">
        <ele>783.000</ele>
      </trkpt>
      <trkpt lat="42.392250000" lon="-2.881080000">
        <ele>782.000</ele>
      </trkpt>
      <trkpt lat="42.392120000" lon="-2.880930000">
        <ele>781.000</ele>
      </trkpt>
      <trkpt lat="42.391950000" lon="-2.880730000">
        <ele>780.000</ele>
      </trkpt>
      <trkpt lat="42.391940000" lon="-2.880710000">
        <ele>779.000</ele>
      </trkpt>
      <trkpt lat="42.391770000" lon="-2.880480000">
        <ele>778.000</ele>
      </trkpt>
      <trkpt lat="42.391700000" lon="-2.880370000">
        <ele>777.000</ele>
      </trkpt>
      <trkpt lat="42.391620000" lon="-2.880250000">
        <ele>775.000</ele>
      </trkpt>
      <trkpt lat="42.391460000" lon="-2.880010000">
        <ele>774.000</ele>
      </trkpt>
      <trkpt lat="42.391440000" lon="-2.879970000">
        <ele>772.000</ele>
      </trkpt>
      <trkpt lat="42.391250000" lon="-2.879650000">
        <ele>771.000</ele>
      </trkpt>
      <trkpt lat="42.391230000" lon="-2.879630000">
        <ele>769.000</ele>
      </trkpt>
      <trkpt lat="42.391190000" lon="-2.879570000">
        <ele>768.000</ele>
      </trkpt>
      <trkpt lat="42.391020000" lon="-2.879270000">
        <ele>767.000</ele>
      </trkpt>
      <trkpt lat="42.390920000" lon="-2.879110000">
        <ele>765.000</ele>
      </trkpt>
      <trkpt lat="42.390830000" lon="-2.878960000">
        <ele>764.000</ele>
      </trkpt>
      <trkpt lat="42.390800000" lon="-2.878920000">
        <ele>764.000</ele>
      </trkpt>
      <trkpt lat="42.390680000" lon="-2.878750000">
        <ele>763.000</ele>
      </trkpt>
      <trkpt lat="42.390550000" lon="-2.878580000">
        <ele>762.000</ele>
      </trkpt>
      <trkpt lat="42.390490000" lon="-2.878500000">
        <ele>761.000</ele>
      </trkpt>
      <trkpt lat="42.390320000" lon="-2.878290000">
        <ele>760.000</ele>
      </trkpt>
      <trkpt lat="42.390150000" lon="-2.878110000">
        <ele>760.000</ele>
      </trkpt>
      <trkpt lat="42.389980000" lon="-2.877920000">
        <ele>759.000</ele>
      </trkpt>
      <trkpt lat="42.389560000" lon="-2.877470000">
        <ele>757.000</ele>
      </trkpt>
      <trkpt lat="42.389490000" lon="-2.877420000">
        <ele>756.000</ele>
      </trkpt>
      <trkpt lat="42.389490000" lon="-2.877410000">
        <ele>755.000</ele>
      </trkpt>
      <trkpt lat="42.389190000" lon="-2.877100000">
        <ele>754.000</ele>
      </trkpt>
      <trkpt lat="42.388910000" lon="-2.876800000">
        <ele>752.000</ele>
      </trkpt>
      <trkpt lat="42.388800000" lon="-2.876680000">
        <ele>750.000</ele>
      </trkpt>
      <trkpt lat="42.388240000" lon="-2.876110000">
        <ele>747.000</ele>
      </trkpt>
      <trkpt lat="42.387760000" lon="-2.875610000">
        <ele>744.000</ele>
      </trkpt>
      <trkpt lat="42.387460000" lon="-2.875290000">
        <ele>741.000</ele>
      </trkpt>
      <trkpt lat="42.387340000" lon="-2.875170000">
        <ele>738.000</ele>
      </trkpt>
      <trkpt lat="42.387050000" lon="-2.874880000">
        <ele>736.000</ele>
      </trkpt>
      <trkpt lat="42.386760000" lon="-2.874580000">
        <ele>734.000</ele>
      </trkpt>
      <trkpt lat="42.386480000" lon="-2.874290000">
        <ele>733.000</ele>
      </trkpt>
      <trkpt lat="42.386240000" lon="-2.874050000">
        <ele>731.000</ele>
      </trkpt>
      <trkpt lat="42.386190000" lon="-2.874000000">
        <ele>730.000</ele>
      </trkpt>
      <trkpt lat="42.385780000" lon="-2.873570000">
        <ele>729.000</ele>
      </trkpt>
      <trkpt lat="42.385620000" lon="-2.873420000">
        <ele>729.000</ele>
      </trkpt>
      <trkpt lat="42.385010000" lon="-2.872770000">
        <ele>730.000</ele>
      </trkpt>
      <trkpt lat="42.384700000" lon="-2.872460000">
        <ele>730.000</ele>
      </trkpt>
      <trkpt lat="42.384350000" lon="-2.872090000">
        <ele>731.000</ele>
      </trkpt>
      <trkpt lat="42.384250000" lon="-2.871990000">
        <ele>731.000</ele>
      </trkpt>
      <trkpt lat="42.384060000" lon="-2.871800000">
        <ele>731.000</ele>
      </trkpt>
      <trkpt lat="42.384010000" lon="-2.871750000">
        <ele>731.000</ele>
      </trkpt>
      <trkpt lat="42.383290000" lon="-2.871010000">
        <ele>730.000</ele>
      </trkpt>
      <trkpt lat="42.383150000" lon="-2.870860000">
        <ele>730.000</ele>
      </trkpt>
      <trkpt lat="42.383010000" lon="-2.870710000">
        <ele>730.000</ele>
      </trkpt>
      <trkpt lat="42.382860000" lon="-2.870570000">
        <ele>730.000</ele>
      </trkpt>
      <trkpt lat="42.382720000" lon="-2.870420000">
        <ele>730.000</ele>
      </trkpt>
      <trkpt lat="42.382640000" lon="-2.870330000">
        <ele>730.000</ele>
      </trkpt>
      <trkpt lat="42.382580000" lon="-2.870270000">
        <ele>730.000</ele>
      </trkpt>
      <trkpt lat="42.382300000" lon="-2.869970000">
        <ele>730.000</ele>
      </trkpt>
      <trkpt lat="42.382160000" lon="-2.869820000">
        <ele>730.000</ele>
      </trkpt>
      <trkpt lat="42.382020000" lon="-2.869670000">
        <ele>730.000</ele>
      </trkpt>
      <trkpt lat="42.381800000" lon="-2.869450000">
        <ele>730.000</ele>
      </trkpt>
      <trkpt lat="42.381660000" lon="-2.869310000">
        <ele>730.000</ele>
      </trkpt>
      <trkpt lat="42.381360000" lon="-2.869010000">
        <ele>729.000</ele>
      </trkpt>
      <trkpt lat="42.381240000" lon="-2.868890000">
        <ele>729.000</ele>
      </trkpt>
      <trkpt lat="42.381080000" lon="-2.868720000">
        <ele>729.000</ele>
      </trkpt>
      <trkpt lat="42.381010000" lon="-2.868650000">
        <ele>729.000</ele>
      </trkpt>
      <trkpt lat="42.380930000" lon="-2.868570000">
        <ele>729.000</ele>
      </trkpt>
      <trkpt lat="42.380900000" lon="-2.868540000">
        <ele>729.000</ele>
      </trkpt>
      <trkpt lat="42.380790000" lon="-2.868430000">
        <ele>729.000</ele>
      </trkpt>
      <trkpt lat="42.380690000" lon="-2.868330000">
        <ele>728.000</ele>
      </trkpt>
      <trkpt lat="42.380640000" lon="-2.868280000">
        <ele>728.000</ele>
      </trkpt>
      <trkpt lat="42.380630000" lon="-2.868270000">
        <ele>728.000</ele>
      </trkpt>
      <trkpt lat="42.380500000" lon="-2.868140000">
        <ele>728.000</ele>
      </trkpt>
      <trkpt lat="42.380360000" lon="-2.867990000">
        <ele>728.000</ele>
      </trkpt>
      <trkpt lat="42.380220000" lon="-2.867840000">
        <ele>728.000</ele>
      </trkpt>
      <trkpt lat="42.379930000" lon="-2.867540000">
        <ele>728.000</ele>
      </trkpt>
      <trkpt lat="42.379820000" lon="-2.867430000">
        <ele>727.000</ele>
      </trkpt>
      <trkpt lat="42.379790000" lon="-2.867390000">
        <ele>727.000</ele>
      </trkpt>
      <trkpt lat="42.379640000" lon="-2.867250000">
        <ele>727.000</ele>
      </trkpt>
      <trkpt lat="42.379500000" lon="-2.867100000">
        <ele>727.000</ele>
      </trkpt>
      <trkpt lat="42.379360000" lon="-2.866960000">
        <ele>726.000</ele>
      </trkpt>
      <trkpt lat="42.379340000" lon="-2.866940000">
        <ele>726.000</ele>
      </trkpt>
      <trkpt lat="42.379210000" lon="-2.866810000">
        <ele>726.000</ele>
      </trkpt>
      <trkpt lat="42.378950000" lon="-2.866530000">
        <ele>726.000</ele>
      </trkpt>
      <trkpt lat="42.378930000" lon="-2.866510000">
        <ele>725.000</ele>
      </trkpt>
      <trkpt lat="42.378650000" lon="-2.866220000">
        <ele>725.000</ele>
      </trkpt>
      <trkpt lat="42.378600000" lon="-2.866170000">
        <ele>725.000</ele>
      </trkpt>
      <trkpt lat="42.377960000" lon="-2.865510000">
        <ele>726.000</ele>
      </trkpt>
      <trkpt lat="42.377940000" lon="-2.865480000">
        <ele>727.000</ele>
      </trkpt>
      <trkpt lat="42.377820000" lon="-2.865360000">
        <ele>727.000</ele>
      </trkpt>
      <trkpt lat="42.377790000" lon="-2.865330000">
        <ele>728.000</ele>
      </trkpt>
      <trkpt lat="42.377520000" lon="-2.865050000">
        <ele>728.000</ele>
      </trkpt>
      <trkpt lat="42.377120000" lon="-2.864620000">
        <ele>729.000</ele>
      </trkpt>
      <trkpt lat="42.377080000" lon="-2.864590000">
        <ele>730.000</ele>
      </trkpt>
      <trkpt lat="42.376840000" lon="-2.864330000">
        <ele>731.000</ele>
      </trkpt>
      <trkpt lat="42.376830000" lon="-2.864310000">
        <ele>732.000</ele>
      </trkpt>
      <trkpt lat="42.376560000" lon="-2.864050000">
        <ele>733.000</ele>
      </trkpt>
      <trkpt lat="42.376450000" lon="-2.863960000">
        <ele>734.000</ele>
      </trkpt>
      <trkpt lat="42.376380000" lon="-2.863910000">
        <ele>735.000</ele>
      </trkpt>
      <trkpt lat="42.376350000" lon="-2.863890000">
        <ele>735.000</ele>
      </trkpt>
      <trkpt lat="42.376280000" lon="-2.863850000">
        <ele>736.000</ele>
      </trkpt>
      <trkpt lat="42.376170000" lon="-2.863800000">
        <ele>736.000</ele>
      </trkpt>
      <trkpt lat="42.376000000" lon="-2.863750000">
        <ele>737.000</ele>
      </trkpt>
      <trkpt lat="42.375760000" lon="-2.863720000">
        <ele>738.000</ele>
      </trkpt>
      <trkpt lat="42.375640000" lon="-2.863720000">
        <ele>738.000</ele>
      </trkpt>
      <trkpt lat="42.375490000" lon="-2.863730000">
        <ele>739.000</ele>
      </trkpt>
      <trkpt lat="42.375220000" lon="-2.863780000">
        <ele>740.000</ele>
      </trkpt>
      <trkpt lat="42.375220000" lon="-2.863790000">
        <ele>741.000</ele>
      </trkpt>
      <trkpt lat="42.374800000" lon="-2.863920000">
        <ele>742.000</ele>
      </trkpt>
      <trkpt lat="42.374780000" lon="-2.863930000">
        <ele>742.000</ele>
      </trkpt>
      <trkpt lat="42.374750000" lon="-2.863940000">
        <ele>743.000</ele>
      </trkpt>
      <trkpt lat="42.374620000" lon="-2.863980000">
        <ele>743.000</ele>
      </trkpt>
      <trkpt lat="42.374490000" lon="-2.864030000">
        <ele>744.000</ele>
      </trkpt>
      <trkpt lat="42.374380000" lon="-2.864070000">
        <ele>745.000</ele>
      </trkpt>
      <trkpt lat="42.374120000" lon="-2.864160000">
        <ele>745.000</ele>
      </trkpt>
      <trkpt lat="42.374030000" lon="-2.864190000">
        <ele>746.000</ele>
      </trkpt>
      <trkpt lat="42.373850000" lon="-2.864250000">
        <ele>747.000</ele>
      </trkpt>
      <trkpt lat="42.373750000" lon="-2.864280000">
        <ele>747.000</ele>
      </trkpt>
      <trkpt lat="42.373570000" lon="-2.864340000">
        <ele>748.000</ele>
      </trkpt>
      <trkpt lat="42.373360000" lon="-2.864410000">
        <ele>749.000</ele>
      </trkpt>
      <trkpt lat="42.373220000" lon="-2.864440000">
        <ele>750.000</ele>
      </trkpt>
      <trkpt lat="42.372870000" lon="-2.864520000">
        <ele>751.000</ele>
      </trkpt>
      <trkpt lat="42.372740000" lon="-2.864540000">
        <ele>752.000</ele>
      </trkpt>
      <trkpt lat="42.372330000" lon="-2.864610000">
        <ele>753.000</ele>
      </trkpt>
      <trkpt lat="42.372300000" lon="-2.864610000">
        <ele>754.000</ele>
      </trkpt>
      <trkpt lat="42.372030000" lon="-2.864650000">
        <ele>755.000</ele>
      </trkpt>
      <trkpt lat="42.371940000" lon="-2.864650000">
        <ele>756.000</ele>
      </trkpt>
      <trkpt lat="42.371900000" lon="-2.864640000">
        <ele>757.000</ele>
      </trkpt>
      <trkpt lat="42.371860000" lon="-2.864630000">
        <ele>758.000</ele>
      </trkpt>
      <trkpt lat="42.371710000" lon="-2.864560000">
        <ele>758.000</ele>
      </trkpt>
      <trkpt lat="42.371510000" lon="-2.864440000">
        <ele>759.000</ele>
      </trkpt>
      <trkpt lat="42.371450000" lon="-2.864400000">
        <ele>759.000</ele>
      </trkpt>
      <trkpt lat="42.371310000" lon="-2.864340000">
        <ele>760.000</ele>
      </trkpt>
      <trkpt lat="42.370960000" lon="-2.864140000">
        <ele>760.000</ele>
      </trkpt>
      <trkpt lat="42.370890000" lon="-2.864090000">
        <ele>761.000</ele>
      </trkpt>
      <trkpt lat="42.370870000" lon="-2.864080000">
        <ele>761.000</ele>
      </trkpt>
      <trkpt lat="42.370830000" lon="-2.864050000">
        <ele>762.000</ele>
      </trkpt>
      <trkpt lat="42.370790000" lon="-2.864020000">
        <ele>762.000</ele>
      </trkpt>
      <trkpt lat="42.370680000" lon="-2.863900000">
        <ele>762.000</ele>
      </trkpt>
      <trkpt lat="42.370590000" lon="-2.863790000">
        <ele>762.000</ele>
      </trkpt>
      <trkpt lat="42.370490000" lon="-2.863660000">
        <ele>763.000</ele>
      </trkpt>
      <trkpt lat="42.370430000" lon="-2.863560000">
        <ele>763.000</ele>
      </trkpt>
      <trkpt lat="42.370340000" lon="-2.863430000">
        <ele>763.000</ele>
      </trkpt>
      <trkpt lat="42.370300000" lon="-2.863360000">
        <ele>764.000</ele>
      </trkpt>
      <trkpt lat="42.370290000" lon="-2.863340000">
        <ele>764.000</ele>
      </trkpt>
      <trkpt lat="42.370280000" lon="-2.863320000">
        <ele>764.000</ele>
      </trkpt>
      <trkpt lat="42.370280000" lon="-2.863310000">
        <ele>764.000</ele>
      </trkpt>
      <trkpt lat="42.370240000" lon="-2.863230000">
        <ele>764.000</ele>
      </trkpt>
      <trkpt lat="42.370220000" lon="-2.863130000">
        <ele>764.000</ele>
      </trkpt>
      <trkpt lat="42.370200000" lon="-2.863070000">
        <ele>764.000</ele>
      </trkpt>
      <trkpt lat="42.370180000" lon="-2.863020000">
        <ele>764.000</ele>
      </trkpt>
      <trkpt lat="42.370170000" lon="-2.862940000">
        <ele>764.000</ele>
      </trkpt>
      <trkpt lat="42.370130000" lon="-2.862680000">
        <ele>764.000</ele>
      </trkpt>
      <trkpt lat="42.370040000" lon="-2.862140000">
        <ele>764.000</ele>
      </trkpt>
      <trkpt lat="42.370040000" lon="-2.862100000">
        <ele>764.000</ele>
      </trkpt>
      <trkpt lat="42.369860000" lon="-2.861010000">
        <ele>764.000</ele>
      </trkpt>
      <trkpt lat="42.369810000" lon="-2.860690000">
        <ele>764.000</ele>
      </trkpt>
      <trkpt lat="42.369800000" lon="-2.860450000">
        <ele>764.000</ele>
      </trkpt>
      <trkpt lat="42.369800000" lon="-2.860440000">
        <ele>763.000</ele>
      </trkpt>
      <trkpt lat="42.369800000" lon="-2.860310000">
        <ele>763.000</ele>
      </trkpt>
      <trkpt lat="42.369800000" lon="-2.860210000">
        <ele>763.000</ele>
      </trkpt>
      <trkpt lat="42.369800000" lon="-2.860150000">
        <ele>762.000</ele>
      </trkpt>
      <trkpt lat="42.369810000" lon="-2.859880000">
        <ele>762.000</ele>
      </trkpt>
      <trkpt lat="42.369870000" lon="-2.859130000">
        <ele>761.000</ele>
      </trkpt>
      <trkpt lat="42.369870000" lon="-2.859080000">
        <ele>760.000</ele>
      </trkpt>
      <trkpt lat="42.369870000" lon="-2.858930000">
        <ele>760.000</ele>
      </trkpt>
      <trkpt lat="42.369870000" lon="-2.858920000">
        <ele>759.000</ele>
      </trkpt>
      <trkpt lat="42.369870000" lon="-2.858770000">
        <ele>759.000</ele>
      </trkpt>
      <trkpt lat="42.369870000" lon="-2.858470000">
        <ele>759.000</ele>
      </trkpt>
      <trkpt lat="42.369870000" lon="-2.858130000">
        <ele>758.000</ele>
      </trkpt>
      <trkpt lat="42.369870000" lon="-2.857750000">
        <ele>757.000</ele>
      </trkpt>
      <trkpt lat="42.369870000" lon="-2.857700000">
        <ele>756.000</ele>
      </trkpt>
      <trkpt lat="42.369870000" lon="-2.856800000">
        <ele>755.000</ele>
      </trkpt>
      <trkpt lat="42.369860000" lon="-2.856640000">
        <ele>754.000</ele>
      </trkpt>
      <trkpt lat="42.369850000" lon="-2.856340000">
        <ele>753.000</ele>
      </trkpt>
      <trkpt lat="42.369850000" lon="-2.856030000">
        <ele>752.000</ele>
      </trkpt>
      <trkpt lat="42.369840000" lon="-2.855620000">
        <ele>751.000</ele>
      </trkpt>
      <trkpt lat="42.369840000" lon="-2.855600000">
        <ele>750.000</ele>
      </trkpt>
      <trkpt lat="42.369820000" lon="-2.855200000">
        <ele>749.000</ele>
      </trkpt>
      <trkpt lat="42.369830000" lon="-2.855130000">
        <ele>748.000</ele>
      </trkpt>
      <trkpt lat="42.369800000" lon="-2.854990000">
        <ele>748.000</ele>
      </trkpt>
      <trkpt lat="42.369790000" lon="-2.854900000">
        <ele>747.000</ele>
      </trkpt>
      <trkpt lat="42.369770000" lon="-2.854800000">
        <ele>747.000</ele>
      </trkpt>
      <trkpt lat="42.369750000" lon="-2.854760000">
        <ele>746.000</ele>
      </trkpt>
      <trkpt lat="42.369720000" lon="-2.854660000">
        <ele>746.000</ele>
      </trkpt>
      <trkpt lat="42.369720000" lon="-2.854660000">
        <ele>746.000</ele>
      </trkpt>
      <trkpt lat="42.369700000" lon="-2.854640000">
        <ele>746.000</ele>
      </trkpt>
      <trkpt lat="42.369680000" lon="-2.854630000">
        <ele>746.000</ele>
      </trkpt>
      <trkpt lat="42.369650000" lon="-2.854610000">
        <ele>745.000</ele>
      </trkpt>
      <trkpt lat="42.369630000" lon="-2.854580000">
        <ele>745.000</ele>
      </trkpt>
      <trkpt lat="42.369620000" lon="-2.854560000">
        <ele>745.000</ele>
      </trkpt>
      <trkpt lat="42.369600000" lon="-2.854530000">
        <ele>745.000</ele>
      </trkpt>
      <trkpt lat="42.369590000" lon="-2.854510000">
        <ele>745.000</ele>
      </trkpt>
      <trkpt lat="42.369590000" lon="-2.854500000">
        <ele>745.000</ele>
      </trkpt>
      <trkpt lat="42.369570000" lon="-2.854470000">
        <ele>745.000</ele>
      </trkpt>
      <trkpt lat="42.369570000" lon="-2.854430000">
        <ele>745.000</ele>
      </trkpt>
      <trkpt lat="42.369510000" lon="-2.854400000">
        <ele>744.000</ele>
      </trkpt>
      <trkpt lat="42.369470000" lon="-2.854380000">
        <ele>744.000</ele>
      </trkpt>
      <trkpt lat="42.369430000" lon="-2.854320000">
        <ele>744.000</ele>
      </trkpt>
      <trkpt lat="42.369360000" lon="-2.854220000">
        <ele>744.000</ele>
      </trkpt>
      <trkpt lat="42.369300000" lon="-2.854130000">
        <ele>744.000</ele>
      </trkpt>
      <trkpt lat="42.369230000" lon="-2.854050000">
        <ele>743.000</ele>
      </trkpt>
      <trkpt lat="42.369200000" lon="-2.854020000">
        <ele>743.000</ele>
      </trkpt>
      <trkpt lat="42.369150000" lon="-2.853900000">
        <ele>743.000</ele>
      </trkpt>
      <trkpt lat="42.369130000" lon="-2.853850000">
        <ele>742.000</ele>
      </trkpt>
      <trkpt lat="42.369100000" lon="-2.853750000">
        <ele>742.000</ele>
      </trkpt>
      <trkpt lat="42.369060000" lon="-2.853630000">
        <ele>742.000</ele>
      </trkpt>
      <trkpt lat="42.369050000" lon="-2.853620000">
        <ele>741.000</ele>
      </trkpt>
      <trkpt lat="42.369000000" lon="-2.853470000">
        <ele>741.000</ele>
      </trkpt>
      <trkpt lat="42.368940000" lon="-2.853340000">
        <ele>741.000</ele>
      </trkpt>
      <trkpt lat="42.368860000" lon="-2.853230000">
        <ele>740.000</ele>
      </trkpt>
      <trkpt lat="42.368450000" lon="-2.852710000">
        <ele>739.000</ele>
      </trkpt>
      <trkpt lat="42.368340000" lon="-2.852560000">
        <ele>738.000</ele>
      </trkpt>
      <trkpt lat="42.368230000" lon="-2.852440000">
        <ele>737.000</ele>
      </trkpt>
      <trkpt lat="42.368170000" lon="-2.852370000">
        <ele>737.000</ele>
      </trkpt>
      <trkpt lat="42.368130000" lon="-2.852330000">
        <ele>736.000</ele>
      </trkpt>
      <trkpt lat="42.368030000" lon="-2.852230000">
        <ele>736.000</ele>
      </trkpt>
      <trkpt lat="42.367930000" lon="-2.852150000">
        <ele>735.000</ele>
      </trkpt>
      <trkpt lat="42.367850000" lon="-2.852090000">
        <ele>735.000</ele>
      </trkpt>
      <trkpt lat="42.367820000" lon="-2.852070000">
        <ele>734.000</ele>
      </trkpt>
      <trkpt lat="42.367690000" lon="-2.851980000">
        <ele>734.000</ele>
      </trkpt>
      <trkpt lat="42.367600000" lon="-2.851930000">
        <ele>733.000</ele>
      </trkpt>
      <trkpt lat="42.367530000" lon="-2.851870000">
        <ele>733.000</ele>
      </trkpt>
      <trkpt lat="42.367450000" lon="-2.851810000">
        <ele>733.000</ele>
      </trkpt>
      <trkpt lat="42.367390000" lon="-2.851750000">
        <ele>733.000</ele>
      </trkpt>
      <trkpt lat="42.367330000" lon="-2.851690000">
        <ele>733.000</ele>
      </trkpt>
      <trkpt lat="42.367250000" lon="-2.851570000">
        <ele>732.000</ele>
      </trkpt>
      <trkpt lat="42.367200000" lon="-2.851490000">
        <ele>732.000</ele>
      </trkpt>
      <trkpt lat="42.367140000" lon="-2.851350000">
        <ele>732.000</ele>
      </trkpt>
      <trkpt lat="42.367070000" lon="-2.851210000">
        <ele>732.000</ele>
      </trkpt>
      <trkpt lat="42.367050000" lon="-2.851150000">
        <ele>732.000</ele>
      </trkpt>
      <trkpt lat="42.366980000" lon="-2.851000000">
        <ele>732.000</ele>
      </trkpt>
      <trkpt lat="42.366980000" lon="-2.850990000">
        <ele>732.000</ele>
      </trkpt>
      <trkpt lat="42.366980000" lon="-2.850980000">
        <ele>732.000</ele>
      </trkpt>
      <trkpt lat="42.366890000" lon="-2.850800000">
        <ele>732.000</ele>
      </trkpt>
      <trkpt lat="42.366880000" lon="-2.850790000">
        <ele>732.000</ele>
      </trkpt>
      <trkpt lat="42.366810000" lon="-2.850640000">
        <ele>732.000</ele>
      </trkpt>
      <trkpt lat="42.366730000" lon="-2.850500000">
        <ele>732.000</ele>
      </trkpt>
      <trkpt lat="42.366620000" lon="-2.850340000">
        <ele>732.000</ele>
      </trkpt>
      <trkpt lat="42.366540000" lon="-2.850250000">
        <ele>732.000</ele>
      </trkpt>
      <trkpt lat="42.366450000" lon="-2.850160000">
        <ele>732.000</ele>
      </trkpt>
      <trkpt lat="42.366370000" lon="-2.850090000">
        <ele>732.000</ele>
      </trkpt>
      <trkpt lat="42.366290000" lon="-2.850030000">
        <ele>732.000</ele>
      </trkpt>
      <trkpt lat="42.366180000" lon="-2.849980000">
        <ele>731.000</ele>
      </trkpt>
      <trkpt lat="42.366090000" lon="-2.849930000">
        <ele>731.000</ele>
      </trkpt>
      <trkpt lat="42.366050000" lon="-2.849920000">
        <ele>731.000</ele>
      </trkpt>
      <trkpt lat="42.366000000" lon="-2.849900000">
        <ele>731.000</ele>
      </trkpt>
      <trkpt lat="42.365890000" lon="-2.849870000">
        <ele>731.000</ele>
      </trkpt>
      <trkpt lat="42.365860000" lon="-2.849860000">
        <ele>731.000</ele>
      </trkpt>
      <trkpt lat="42.365720000" lon="-2.849840000">
        <ele>730.000</ele>
      </trkpt>
      <trkpt lat="42.365670000" lon="-2.849840000">
        <ele>730.000</ele>
      </trkpt>
      <trkpt lat="42.365540000" lon="-2.849850000">
        <ele>730.000</ele>
      </trkpt>
      <trkpt lat="42.365510000" lon="-2.849850000">
        <ele>730.000</ele>
      </trkpt>
      <trkpt lat="42.365460000" lon="-2.849860000">
        <ele>730.000</ele>
      </trkpt>
      <trkpt lat="42.365360000" lon="-2.849880000">
        <ele>730.000</ele>
      </trkpt>
      <trkpt lat="42.365320000" lon="-2.849880000">
        <ele>729.000</ele>
      </trkpt>
      <trkpt lat="42.365240000" lon="-2.849950000">
        <ele>729.000</ele>
      </trkpt>
      <trkpt lat="42.365160000" lon="-2.850020000">
        <ele>729.000</ele>
      </trkpt>
      <trkpt lat="42.365100000" lon="-2.850120000">
        <ele>729.000</ele>
      </trkpt>
      <trkpt lat="42.365080000" lon="-2.850170000">
        <ele>729.000</ele>
      </trkpt>
      <trkpt lat="42.365070000" lon="-2.850190000">
        <ele>729.000</ele>
      </trkpt>
      <trkpt lat="42.365040000" lon="-2.850280000">
        <ele>728.000</ele>
      </trkpt>
      <trkpt lat="42.364990000" lon="-2.850480000">
        <ele>728.000</ele>
      </trkpt>
      <trkpt lat="42.364950000" lon="-2.850690000">
        <ele>728.000</ele>
      </trkpt>
      <trkpt lat="42.364930000" lon="-2.850870000">
        <ele>728.000</ele>
      </trkpt>
      <trkpt lat="42.364920000" lon="-2.850980000">
        <ele>727.000</ele>
      </trkpt>
      <trkpt lat="42.364850000" lon="-2.851660000">
        <ele>726.000</ele>
      </trkpt>
      <trkpt lat="42.364820000" lon="-2.851840000">
        <ele>725.000</ele>
      </trkpt>
      <trkpt lat="42.364800000" lon="-2.851920000">
        <ele>724.000</ele>
      </trkpt>
      <trkpt lat="42.364770000" lon="-2.852020000">
        <ele>723.000</ele>
      </trkpt>
      <trkpt lat="42.364750000" lon="-2.852070000">
        <ele>723.000</ele>
      </trkpt>
      <trkpt lat="42.364750000" lon="-2.852080000">
        <ele>723.000</ele>
      </trkpt>
      <trkpt lat="42.364740000" lon="-2.852100000">
        <ele>722.000</ele>
      </trkpt>
      <trkpt lat="42.364710000" lon="-2.852180000">
        <ele>722.000</ele>
      </trkpt>
      <trkpt lat="42.364670000" lon="-2.852230000">
        <ele>722.000</ele>
      </trkpt>
      <trkpt lat="42.364650000" lon="-2.852270000">
        <ele>721.000</ele>
      </trkpt>
      <trkpt lat="42.364620000" lon="-2.852310000">
        <ele>721.000</ele>
      </trkpt>
      <trkpt lat="42.364540000" lon="-2.852400000">
        <ele>721.000</ele>
      </trkpt>
      <trkpt lat="42.364490000" lon="-2.852450000">
        <ele>720.000</ele>
      </trkpt>
      <trkpt lat="42.364430000" lon="-2.852490000">
        <ele>720.000</ele>
      </trkpt>
      <trkpt lat="42.364350000" lon="-2.852530000">
        <ele>720.000</ele>
      </trkpt>
      <trkpt lat="42.364180000" lon="-2.852570000">
        <ele>719.000</ele>
      </trkpt>
      <trkpt lat="42.364170000" lon="-2.852570000">
        <ele>719.000</ele>
      </trkpt>
      <trkpt lat="42.364100000" lon="-2.852580000">
        <ele>718.000</ele>
      </trkpt>
      <trkpt lat="42.364050000" lon="-2.852580000">
        <ele>718.000</ele>
      </trkpt>
      <trkpt lat="42.364020000" lon="-2.852580000">
        <ele>718.000</ele>
      </trkpt>
      <trkpt lat="42.363960000" lon="-2.852570000">
        <ele>718.000</ele>
      </trkpt>
      <trkpt lat="42.363870000" lon="-2.852530000">
        <ele>717.000</ele>
      </trkpt>
      <trkpt lat="42.363760000" lon="-2.852460000">
        <ele>717.000</ele>
      </trkpt>
      <trkpt lat="42.363660000" lon="-2.852370000">
        <ele>717.000</ele>
      </trkpt>
      <trkpt lat="42.363570000" lon="-2.852250000">
        <ele>717.000</ele>
      </trkpt>
      <trkpt lat="42.363490000" lon="-2.852070000">
        <ele>716.000</ele>
      </trkpt>
      <trkpt lat="42.363480000" lon="-2.852030000">
        <ele>716.000</ele>
      </trkpt>
      <trkpt lat="42.363440000" lon="-2.851900000">
        <ele>716.000</ele>
      </trkpt>
      <trkpt lat="42.363420000" lon="-2.851780000">
        <ele>715.000</ele>
      </trkpt>
      <trkpt lat="42.363410000" lon="-2.851610000">
        <ele>715.000</ele>
      </trkpt>
      <trkpt lat="42.363410000" lon="-2.851560000">
        <ele>715.000</ele>
      </trkpt>
      <trkpt lat="42.363400000" lon="-2.851340000">
        <ele>715.000</ele>
      </trkpt>
      <trkpt lat="42.363390000" lon="-2.851150000">
        <ele>714.000</ele>
      </trkpt>
      <trkpt lat="42.363390000" lon="-2.850990000">
        <ele>714.000</ele>
      </trkpt>
      <trkpt lat="42.363370000" lon="-2.850850000">
        <ele>714.000</ele>
      </trkpt>
      <trkpt lat="42.363360000" lon="-2.850720000">
        <ele>713.000</ele>
      </trkpt>
      <trkpt lat="42.363320000" lon="-2.850540000">
        <ele>713.000</ele>
      </trkpt>
      <trkpt lat="42.363280000" lon="-2.850410000">
        <ele>713.000</ele>
      </trkpt>
      <trkpt lat="42.363230000" lon="-2.850270000">
        <ele>712.000</ele>
      </trkpt>
      <trkpt lat="42.363140000" lon="-2.850100000">
        <ele>712.000</ele>
      </trkpt>
      <trkpt lat="42.363100000" lon="-2.850030000">
        <ele>712.000</ele>
      </trkpt>
      <trkpt lat="42.363030000" lon="-2.849930000">
        <ele>712.000</ele>
      </trkpt>
      <trkpt lat="42.362850000" lon="-2.849740000">
        <ele>711.000</ele>
      </trkpt>
      <trkpt lat="42.362610000" lon="-2.849560000">
        <ele>711.000</ele>
      </trkpt>
      <trkpt lat="42.362300000" lon="-2.849390000">
        <ele>710.000</ele>
      </trkpt>
      <trkpt lat="42.361700000" lon="-2.849050000">
        <ele>709.000</ele>
      </trkpt>
      <trkpt lat="42.361370000" lon="-2.848870000">
        <ele>708.000</ele>
      </trkpt>
      <trkpt lat="42.361030000" lon="-2.848680000">
        <ele>708.000</ele>
      </trkpt>
      <trkpt lat="42.360870000" lon="-2.848590000">
        <ele>708.000</ele>
      </trkpt>
      <trkpt lat="42.360530000" lon="-2.848410000">
        <ele>709.000</ele>
      </trkpt>
      <trkpt lat="42.359700000" lon="-2.847950000">
        <ele>710.000</ele>
      </trkpt>
      <trkpt lat="42.359540000" lon="-2.847850000">
        <ele>710.000</ele>
      </trkpt>
      <trkpt lat="42.358690000" lon="-2.847390000">
        <ele>711.000</ele>
      </trkpt>
      <trkpt lat="42.358610000" lon="-2.847360000">
        <ele>711.000</ele>
      </trkpt>
      <trkpt lat="42.358520000" lon="-2.847330000">
        <ele>711.000</ele>
      </trkpt>
      <trkpt lat="42.358500000" lon="-2.847320000">
        <ele>711.000</ele>
      </trkpt>
      <trkpt lat="42.358380000" lon="-2.847310000">
        <ele>711.000</ele>
      </trkpt>
      <trkpt lat="42.358340000" lon="-2.847310000">
        <ele>711.000</ele>
      </trkpt>
      <trkpt lat="42.358270000" lon="-2.847310000">
        <ele>711.000</ele>
      </trkpt>
      <trkpt lat="42.358160000" lon="-2.847340000">
        <ele>711.000</ele>
      </trkpt>
      <trkpt lat="42.358040000" lon="-2.847390000">
        <ele>711.000</ele>
      </trkpt>
      <trkpt lat="42.357990000" lon="-2.847410000">
        <ele>711.000</ele>
      </trkpt>
      <trkpt lat="42.357940000" lon="-2.847450000">
        <ele>711.000</ele>
      </trkpt>
      <trkpt lat="42.357830000" lon="-2.847540000">
        <ele>711.000</ele>
      </trkpt>
      <trkpt lat="42.357730000" lon="-2.847640000">
        <ele>711.000</ele>
      </trkpt>
      <trkpt lat="42.357530000" lon="-2.847860000">
        <ele>711.000</ele>
      </trkpt>
      <trkpt lat="42.357290000" lon="-2.848170000">
        <ele>710.000</ele>
      </trkpt>
      <trkpt lat="42.357220000" lon="-2.848280000">
        <ele>710.000</ele>
      </trkpt>
      <trkpt lat="42.357120000" lon="-2.848440000">
        <ele>709.000</ele>
      </trkpt>
      <trkpt lat="42.357070000" lon="-2.848550000">
        <ele>709.000</ele>
      </trkpt>
      <trkpt lat="42.357010000" lon="-2.848700000">
        <ele>709.000</ele>
      </trkpt>
      <trkpt lat="42.356900000" lon="-2.848980000">
        <ele>708.000</ele>
      </trkpt>
      <trkpt lat="42.356860000" lon="-2.849110000">
        <ele>708.000</ele>
      </trkpt>
      <trkpt lat="42.356830000" lon="-2.849200000">
        <ele>708.000</ele>
      </trkpt>
      <trkpt lat="42.356750000" lon="-2.849420000">
        <ele>707.000</ele>
      </trkpt>
      <trkpt lat="42.356670000" lon="-2.849680000">
        <ele>707.000</ele>
      </trkpt>
      <trkpt lat="42.356390000" lon="-2.850620000">
        <ele>706.000</ele>
      </trkpt>
      <trkpt lat="42.356250000" lon="-2.850930000">
        <ele>706.000</ele>
      </trkpt>
      <trkpt lat="42.356190000" lon="-2.851040000">
        <ele>705.000</ele>
      </trkpt>
      <trkpt lat="42.356120000" lon="-2.851160000">
        <ele>705.000</ele>
      </trkpt>
      <trkpt lat="42.356050000" lon="-2.851250000">
        <ele>705.000</ele>
      </trkpt>
      <trkpt lat="42.355980000" lon="-2.851310000">
        <ele>704.000</ele>
      </trkpt>
      <trkpt lat="42.355960000" lon="-2.851320000">
        <ele>704.000</ele>
      </trkpt>
      <trkpt lat="42.355870000" lon="-2.851390000">
        <ele>704.000</ele>
      </trkpt>
      <trkpt lat="42.355760000" lon="-2.851430000">
        <ele>704.000</ele>
      </trkpt>
      <trkpt lat="42.355640000" lon="-2.851430000">
        <ele>704.000</ele>
      </trkpt>
      <trkpt lat="42.355570000" lon="-2.851430000">
        <ele>704.000</ele>
      </trkpt>
      <trkpt lat="42.355470000" lon="-2.851430000">
        <ele>704.000</ele>
      </trkpt>
      <trkpt lat="42.355460000" lon="-2.851430000">
        <ele>704.000</ele>
      </trkpt>
      <trkpt lat="42.355340000" lon="-2.851410000">
        <ele>705.000</ele>
      </trkpt>
      <trkpt lat="42.355280000" lon="-2.851400000">
        <ele>705.000</ele>
      </trkpt>
      <trkpt lat="42.354860000" lon="-2.851270000">
        <ele>706.000</ele>
      </trkpt>
      <trkpt lat="42.353680000" lon="-2.850890000">
        <ele>708.000</ele>
      </trkpt>
      <trkpt lat="42.353530000" lon="-2.850840000">
        <ele>709.000</ele>
      </trkpt>
      <trkpt lat="42.353350000" lon="-2.850780000">
        <ele>710.000</ele>
      </trkpt>
      <trkpt lat="42.352980000" lon="-2.850650000">
        <ele>710.000</ele>
      </trkpt>
      <trkpt lat="42.352820000" lon="-2.850620000">
        <ele>710.000</ele>
      </trkpt>
      <trkpt lat="42.352640000" lon="-2.850600000">
        <ele>711.000</ele>
      </trkpt>
      <trkpt lat="42.352220000" lon="-2.850560000">
        <ele>711.000</ele>
      </trkpt>
      <trkpt lat="42.351340000" lon="-2.850600000">
        <ele>711.000</ele>
      </trkpt>
      <trkpt lat="42.351290000" lon="-2.850600000">
        <ele>711.000</ele>
      </trkpt>
      <trkpt lat="42.350220000" lon="-2.850640000">
        <ele>711.000</ele>
      </trkpt>
      <trkpt lat="42.350040000" lon="-2.850640000">
        <ele>712.000</ele>
      </trkpt>
      <trkpt lat="42.349680000" lon="-2.850660000">
        <ele>712.000</ele>
      </trkpt>
      <trkpt lat="42.349270000" lon="-2.850670000">
        <ele>713.000</ele>
      </trkpt>
      <trkpt lat="42.349140000" lon="-2.850680000">
        <ele>713.000</ele>
      </trkpt>
      <trkpt lat="42.348690000" lon="-2.850710000">
        <ele>714.000</ele>
      </trkpt>
      <trkpt lat="42.348550000" lon="-2.850730000">
        <ele>715.000</ele>
      </trkpt>
      <trkpt lat="42.348360000" lon="-2.850770000">
        <ele>716.000</ele>
      </trkpt>
      <trkpt lat="42.348130000" lon="-2.850890000">
        <ele>717.000</ele>
      </trkpt>
      <trkpt lat="42.348080000" lon="-2.850920000">
        <ele>718.000</ele>
      </trkpt>
      <trkpt lat="42.347920000" lon="-2.851030000">
        <ele>719.000</ele>
      </trkpt>
      <trkpt lat="42.347840000" lon="-2.851080000">
        <ele>719.000</ele>
      </trkpt>
      <trkpt lat="42.347630000" lon="-2.851230000">
        <ele>720.000</ele>
      </trkpt>
      <trkpt lat="42.347520000" lon="-2.851290000">
        <ele>721.000</ele>
      </trkpt>
      <trkpt lat="42.347360000" lon="-2.851360000">
        <ele>722.000</ele>
      </trkpt>
      <trkpt lat="42.347140000" lon="-2.851420000">
        <ele>723.000</ele>
      </trkpt>
      <trkpt lat="42.346940000" lon="-2.851410000">
        <ele>724.000</ele>
      </trkpt>
      <trkpt lat="42.346790000" lon="-2.851390000">
        <ele>725.000</ele>
      </trkpt>
      <trkpt lat="42.346600000" lon="-2.851310000">
        <ele>726.000</ele>
      </trkpt>
      <trkpt lat="42.346280000" lon="-2.851130000">
        <ele>727.000</ele>
      </trkpt>
      <trkpt lat="42.346100000" lon="-2.851060000">
        <ele>728.000</ele>
      </trkpt>
      <trkpt lat="42.345930000" lon="-2.850990000">
        <ele>729.000</ele>
      </trkpt>
      <trkpt lat="42.345850000" lon="-2.850950000">
        <ele>730.000</ele>
      </trkpt>
      <trkpt lat="42.345760000" lon="-2.850930000">
        <ele>731.000</ele>
      </trkpt>
      <trkpt lat="42.345680000" lon="-2.850900000">
        <ele>731.000</ele>
      </trkpt>
      <trkpt lat="42.345570000" lon="-2.850900000">
        <ele>732.000</ele>
      </trkpt>
      <trkpt lat="42.345410000" lon="-2.850920000">
        <ele>732.000</ele>
      </trkpt>
      <trkpt lat="42.345400000" lon="-2.850930000">
        <ele>732.000</ele>
      </trkpt>
      <trkpt lat="42.345270000" lon="-2.850990000">
        <ele>732.000</ele>
      </trkpt>
      <trkpt lat="42.345230000" lon="-2.851010000">
        <ele>732.000</ele>
      </trkpt>
      <trkpt lat="42.345050000" lon="-2.851100000">
        <ele>732.000</ele>
      </trkpt>
      <trkpt lat="42.344920000" lon="-2.851200000">
        <ele>731.000</ele>
      </trkpt>
      <trkpt lat="42.344800000" lon="-2.851270000">
        <ele>731.000</ele>
      </trkpt>
      <trkpt lat="42.344700000" lon="-2.851360000">
        <ele>731.000</ele>
      </trkpt>
      <trkpt lat="42.344650000" lon="-2.851390000">
        <ele>731.000</ele>
      </trkpt>
      <trkpt lat="42.344580000" lon="-2.851440000">
        <ele>731.000</ele>
      </trkpt>
      <trkpt lat="42.344490000" lon="-2.851530000">
        <ele>731.000</ele>
      </trkpt>
      <trkpt lat="42.344370000" lon="-2.851640000">
        <ele>730.000</ele>
      </trkpt>
      <trkpt lat="42.344270000" lon="-2.851760000">
        <ele>730.000</ele>
      </trkpt>
      <trkpt lat="42.344180000" lon="-2.851870000">
        <ele>730.000</ele>
      </trkpt>
      <trkpt lat="42.344100000" lon="-2.851980000">
        <ele>730.000</ele>
      </trkpt>
      <trkpt lat="42.344060000" lon="-2.852060000">
        <ele>730.000</ele>
      </trkpt>
      <trkpt lat="42.344000000" lon="-2.852210000">
        <ele>729.000</ele>
      </trkpt>
      <trkpt lat="42.343920000" lon="-2.852430000">
        <ele>729.000</ele>
      </trkpt>
      <trkpt lat="42.343910000" lon="-2.852440000">
        <ele>729.000</ele>
      </trkpt>
      <trkpt lat="42.343860000" lon="-2.852730000">
        <ele>728.000</ele>
      </trkpt>
      <trkpt lat="42.343820000" lon="-2.852900000">
        <ele>728.000</ele>
      </trkpt>
      <trkpt lat="42.343790000" lon="-2.853050000">
        <ele>728.000</ele>
      </trkpt>
      <trkpt lat="42.343760000" lon="-2.853220000">
        <ele>727.000</ele>
      </trkpt>
      <trkpt lat="42.343730000" lon="-2.853280000">
        <ele>727.000</ele>
      </trkpt>
      <trkpt lat="42.343650000" lon="-2.853510000">
        <ele>726.000</ele>
      </trkpt>
      <trkpt lat="42.343570000" lon="-2.853650000">
        <ele>726.000</ele>
      </trkpt>
      <trkpt lat="42.343390000" lon="-2.853900000">
        <ele>725.000</ele>
      </trkpt>
      <trkpt lat="42.343280000" lon="-2.854010000">
        <ele>725.000</ele>
      </trkpt>
      <trkpt lat="42.343190000" lon="-2.854100000">
        <ele>724.000</ele>
      </trkpt>
      <trkpt lat="42.343090000" lon="-2.854190000">
        <ele>724.000</ele>
      </trkpt>
      <trkpt lat="42.343080000" lon="-2.854200000">
        <ele>724.000</ele>
      </trkpt>
      <trkpt lat="42.343030000" lon="-2.854230000">
        <ele>724.000</ele>
      </trkpt>
      <trkpt lat="42.342980000" lon="-2.854260000">
        <ele>724.000</ele>
      </trkpt>
      <trkpt lat="42.342970000" lon="-2.854270000">
        <ele>724.000</ele>
      </trkpt>
      <trkpt lat="42.342860000" lon="-2.854300000">
        <ele>724.000</ele>
      </trkpt>
      <trkpt lat="42.342850000" lon="-2.854300000">
        <ele>724.000</ele>
      </trkpt>
      <trkpt lat="42.342800000" lon="-2.854300000">
        <ele>724.000</ele>
      </trkpt>
      <trkpt lat="42.342730000" lon="-2.854310000">
        <ele>724.000</ele>
      </trkpt>
      <trkpt lat="42.342690000" lon="-2.854310000">
        <ele>724.000</ele>
      </trkpt>
      <trkpt lat="42.342620000" lon="-2.854300000">
        <ele>724.000</ele>
      </trkpt>
      <trkpt lat="42.342610000" lon="-2.854300000">
        <ele>724.000</ele>
      </trkpt>
      <trkpt lat="42.342500000" lon="-2.854290000">
        <ele>724.000</ele>
      </trkpt>
      <trkpt lat="42.342490000" lon="-2.854290000">
        <ele>724.000</ele>
      </trkpt>
      <trkpt lat="42.342340000" lon="-2.854220000">
        <ele>724.000</ele>
      </trkpt>
      <trkpt lat="42.342300000" lon="-2.854180000">
        <ele>724.000</ele>
      </trkpt>
      <trkpt lat="42.342190000" lon="-2.854060000">
        <ele>724.000</ele>
      </trkpt>
      <trkpt lat="42.342130000" lon="-2.854000000">
        <ele>725.000</ele>
      </trkpt>
      <trkpt lat="42.342000000" lon="-2.853790000">
        <ele>725.000</ele>
      </trkpt>
      <trkpt lat="42.341960000" lon="-2.853730000">
        <ele>725.000</ele>
      </trkpt>
      <trkpt lat="42.341910000" lon="-2.853650000">
        <ele>725.000</ele>
      </trkpt>
      <trkpt lat="42.341780000" lon="-2.853500000">
        <ele>725.000</ele>
      </trkpt>
      <trkpt lat="42.341690000" lon="-2.853400000">
        <ele>725.000</ele>
      </trkpt>
      <trkpt lat="42.341630000" lon="-2.853350000">
        <ele>725.000</ele>
      </trkpt>
      <trkpt lat="42.341590000" lon="-2.853320000">
        <ele>726.000</ele>
      </trkpt>
      <trkpt lat="42.341590000" lon="-2.853320000">
        <ele>726.000</ele>
      </trkpt>
      <trkpt lat="42.341580000" lon="-2.853320000">
        <ele>726.000</ele>
      </trkpt>
      <trkpt lat="42.341350000" lon="-2.853230000">
        <ele>726.000</ele>
      </trkpt>
      <trkpt lat="42.341260000" lon="-2.853200000">
        <ele>726.000</ele>
      </trkpt>
      <trkpt lat="42.341100000" lon="-2.853140000">
        <ele>727.000</ele>
      </trkpt>
      <trkpt lat="42.340940000" lon="-2.853090000">
        <ele>727.000</ele>
      </trkpt>
      <trkpt lat="42.340850000" lon="-2.853060000">
        <ele>727.000</ele>
      </trkpt>
      <trkpt lat="42.340780000" lon="-2.853030000">
        <ele>727.000</ele>
      </trkpt>
      <trkpt lat="42.340660000" lon="-2.852990000">
        <ele>727.000</ele>
      </trkpt>
      <trkpt lat="42.340630000" lon="-2.852980000">
        <ele>727.000</ele>
      </trkpt>
      <trkpt lat="42.340470000" lon="-2.852920000">
        <ele>727.000</ele>
      </trkpt>
      <trkpt lat="42.340420000" lon="-2.852910000">
        <ele>727.000</ele>
      </trkpt>
      <trkpt lat="42.340310000" lon="-2.852870000">
        <ele>727.000</ele>
      </trkpt>
      <trkpt lat="42.340240000" lon="-2.852850000">
        <ele>727.000</ele>
      </trkpt>
      <trkpt lat="42.340150000" lon="-2.852810000">
        <ele>727.000</ele>
      </trkpt>
      <trkpt lat="42.340030000" lon="-2.852760000">
        <ele>727.000</ele>
      </trkpt>
      <trkpt lat="42.339800000" lon="-2.852650000">
        <ele>727.000</ele>
      </trkpt>
      <trkpt lat="42.339800000" lon="-2.852650000">
        <ele>727.000</ele>
      </trkpt>
      <trkpt lat="42.340030000" lon="-2.852760000">
        <ele>727.000</ele>
      </trkpt>
      <trkpt lat="42.340150000" lon="-2.852810000">
        <ele>727.000</ele>
      </trkpt>
      <trkpt lat="42.340240000" lon="-2.852850000">
        <ele>727.000</ele>
      </trkpt>
      <trkpt lat="42.340310000" lon="-2.852870000">
        <ele>727.000</ele>
      </trkpt>
      <trkpt lat="42.340420000" lon="-2.852910000">
        <ele>727.000</ele>
      </trkpt>
      <trkpt lat="42.340470000" lon="-2.852920000">
        <ele>727.000</ele>
      </trkpt>
      <trkpt lat="42.340630000" lon="-2.852980000">
        <ele>727.000</ele>
      </trkpt>
      <trkpt lat="42.340660000" lon="-2.852990000">
        <ele>727.000</ele>
      </trkpt>
      <trkpt lat="42.340780000" lon="-2.853030000">
        <ele>727.000</ele>
      </trkpt>
      <trkpt lat="42.340850000" lon="-2.853060000">
        <ele>727.000</ele>
      </trkpt>
      <trkpt lat="42.340940000" lon="-2.853090000">
        <ele>727.000</ele>
      </trkpt>
      <trkpt lat="42.341100000" lon="-2.853140000">
        <ele>727.000</ele>
      </trkpt>
      <trkpt lat="42.341260000" lon="-2.853200000">
        <ele>727.000</ele>
      </trkpt>
      <trkpt lat="42.341350000" lon="-2.853230000">
        <ele>727.000</ele>
      </trkpt>
      <trkpt lat="42.341580000" lon="-2.853320000">
        <ele>727.000</ele>
      </trkpt>
      <trkpt lat="42.341590000" lon="-2.853320000">
        <ele>727.000</ele>
      </trkpt>
      <trkpt lat="42.341590000" lon="-2.853320000">
        <ele>727.000</ele>
      </trkpt>
      <trkpt lat="42.341660000" lon="-2.853100000">
        <ele>726.000</ele>
      </trkpt>
      <trkpt lat="42.341670000" lon="-2.853070000">
        <ele>726.000</ele>
      </trkpt>
      <trkpt lat="42.341670000" lon="-2.853030000">
        <ele>726.000</ele>
      </trkpt>
      <trkpt lat="42.341690000" lon="-2.852940000">
        <ele>726.000</ele>
      </trkpt>
      <trkpt lat="42.341690000" lon="-2.852890000">
        <ele>725.000</ele>
      </trkpt>
      <trkpt lat="42.341690000" lon="-2.852860000">
        <ele>725.000</ele>
      </trkpt>
      <trkpt lat="42.341690000" lon="-2.852820000">
        <ele>725.000</ele>
      </trkpt>
      <trkpt lat="42.341690000" lon="-2.852720000">
        <ele>725.000</ele>
      </trkpt>
      <trkpt lat="42.341670000" lon="-2.852610000">
        <ele>725.000</ele>
      </trkpt>
      <trkpt lat="42.341530000" lon="-2.852170000">
        <ele>724.000</ele>
      </trkpt>
      <trkpt lat="42.341450000" lon="-2.851940000">
        <ele>723.000</ele>
      </trkpt>
      <trkpt lat="42.341390000" lon="-2.851730000">
        <ele>722.000</ele>
      </trkpt>
      <trkpt lat="42.341380000" lon="-2.851720000">
        <ele>722.000</ele>
      </trkpt>
      <trkpt lat="42.341300000" lon="-2.851500000">
        <ele>721.000</ele>
      </trkpt>
      <trkpt lat="42.341230000" lon="-2.851280000">
        <ele>721.000</ele>
      </trkpt>
      <trkpt lat="42.341160000" lon="-2.851090000">
        <ele>720.000</ele>
      </trkpt>
      <trkpt lat="42.341160000" lon="-2.851070000">
        <ele>719.000</ele>
      </trkpt>
      <trkpt lat="42.341150000" lon="-2.851050000">
        <ele>719.000</ele>
      </trkpt>
      <trkpt lat="42.341020000" lon="-2.850680000">
        <ele>718.000</ele>
      </trkpt>
      <trkpt lat="42.340910000" lon="-2.850300000">
        <ele>716.000</ele>
      </trkpt>
      <trkpt lat="42.340890000" lon="-2.850250000">
        <ele>715.000</ele>
      </trkpt>
      <trkpt lat="42.340850000" lon="-2.850040000">
        <ele>713.000</ele>
      </trkpt>
      <trkpt lat="42.340820000" lon="-2.849810000">
        <ele>712.000</ele>
      </trkpt>
      <trkpt lat="42.340800000" lon="-2.849480000">
        <ele>710.000</ele>
      </trkpt>
      <trkpt lat="42.340820000" lon="-2.849160000">
        <ele>708.000</ele>
      </trkpt>
      <trkpt lat="42.340840000" lon="-2.848790000">
        <ele>706.000</ele>
      </trkpt>
      <trkpt lat="42.340850000" lon="-2.848740000">
        <ele>705.000</ele>
      </trkpt>
      <trkpt lat="42.340850000" lon="-2.848720000">
        <ele>704.000</ele>
      </trkpt>
      <trkpt lat="42.340860000" lon="-2.848590000">
        <ele>703.000</ele>
      </trkpt>
      <trkpt lat="42.340910000" lon="-2.848250000">
        <ele>702.000</ele>
      </trkpt>
      <trkpt lat="42.340950000" lon="-2.848080000">
        <ele>702.000</ele>
      </trkpt>
      <trkpt lat="42.341020000" lon="-2.847860000">
        <ele>701.000</ele>
      </trkpt>
      <trkpt lat="42.341090000" lon="-2.847630000">
        <ele>701.000</ele>
      </trkpt>
      <trkpt lat="42.341090000" lon="-2.847620000">
        <ele>700.000</ele>
      </trkpt>
      <trkpt lat="42.341150000" lon="-2.847490000">
        <ele>700.000</ele>
      </trkpt>
      <trkpt lat="42.341170000" lon="-2.847420000">
        <ele>700.000</ele>
      </trkpt>
      <trkpt lat="42.341200000" lon="-2.847350000">
        <ele>700.000</ele>
      </trkpt>
      <trkpt lat="42.341240000" lon="-2.847230000">
        <ele>699.000</ele>
      </trkpt>
      <trkpt lat="42.341260000" lon="-2.847200000">
        <ele>699.000</ele>
      </trkpt>
      <trkpt lat="42.341310000" lon="-2.847090000">
        <ele>699.000</ele>
      </trkpt>
      <trkpt lat="42.341420000" lon="-2.846870000">
        <ele>699.000</ele>
      </trkpt>
      <trkpt lat="42.341620000" lon="-2.846490000">
        <ele>698.000</ele>
      </trkpt>
      <trkpt lat="42.341810000" lon="-2.846160000">
        <ele>698.000</ele>
      </trkpt>
      <trkpt lat="42.342040000" lon="-2.845820000">
        <ele>697.000</ele>
      </trkpt>
      <trkpt lat="42.342100000" lon="-2.845730000">
        <ele>697.000</ele>
      </trkpt>
      <trkpt lat="42.342190000" lon="-2.845620000">
        <ele>696.000</ele>
      </trkpt>
      <trkpt lat="42.342350000" lon="-2.845430000">
        <ele>696.000</ele>
      </trkpt>
      <trkpt lat="42.342430000" lon="-2.845320000">
        <ele>696.000</ele>
      </trkpt>
      <trkpt lat="42.342510000" lon="-2.845220000">
        <ele>695.000</ele>
      </trkpt>
      <trkpt lat="42.342600000" lon="-2.845110000">
        <ele>695.000</ele>
      </trkpt>
      <trkpt lat="42.342680000" lon="-2.845020000">
        <ele>695.000</ele>
      </trkpt>
      <trkpt lat="42.342770000" lon="-2.844920000">
        <ele>695.000</ele>
      </trkpt>
      <trkpt lat="42.342930000" lon="-2.844720000">
        <ele>694.000</ele>
      </trkpt>
      <trkpt lat="42.343020000" lon="-2.844610000">
        <ele>694.000</ele>
      </trkpt>
      <trkpt lat="42.343100000" lon="-2.844510000">
        <ele>694.000</ele>
      </trkpt>
      <trkpt lat="42.343190000" lon="-2.844420000">
        <ele>693.000</ele>
      </trkpt>
      <trkpt lat="42.343270000" lon="-2.844320000">
        <ele>693.000</ele>
      </trkpt>
      <trkpt lat="42.343360000" lon="-2.844210000">
        <ele>693.000</ele>
      </trkpt>
      <trkpt lat="42.343380000" lon="-2.844190000">
        <ele>693.000</ele>
      </trkpt>
      <trkpt lat="42.343450000" lon="-2.844110000">
        <ele>693.000</ele>
      </trkpt>
      <trkpt lat="42.343510000" lon="-2.844030000">
        <ele>692.000</ele>
      </trkpt>
      <trkpt lat="42.343530000" lon="-2.844000000">
        <ele>692.000</ele>
      </trkpt>
      <trkpt lat="42.343710000" lon="-2.843810000">
        <ele>692.000</ele>
      </trkpt>
      <trkpt lat="42.343790000" lon="-2.843720000">
        <ele>692.000</ele>
      </trkpt>
      <trkpt lat="42.343890000" lon="-2.843630000">
        <ele>692.000</ele>
      </trkpt>
      <trkpt lat="42.343910000" lon="-2.843610000">
        <ele>691.000</ele>
      </trkpt>
      <trkpt lat="42.343940000" lon="-2.843580000">
        <ele>691.000</ele>
      </trkpt>
      <trkpt lat="42.344000000" lon="-2.843530000">
        <ele>691.000</ele>
      </trkpt>
      <trkpt lat="42.344090000" lon="-2.843460000">
        <ele>691.000</ele>
      </trkpt>
      <trkpt lat="42.344590000" lon="-2.843090000">
        <ele>690.000</ele>
      </trkpt>
      <trkpt lat="42.344700000" lon="-2.843030000">
        <ele>690.000</ele>
      </trkpt>
      <trkpt lat="42.344800000" lon="-2.842970000">
        <ele>690.000</ele>
      </trkpt>
      <trkpt lat="42.344900000" lon="-2.842920000">
        <ele>689.000</ele>
      </trkpt>
      <trkpt lat="42.344910000" lon="-2.842920000">
        <ele>689.000</ele>
      </trkpt>
      <trkpt lat="42.345010000" lon="-2.842860000">
        <ele>688.000</ele>
      </trkpt>
      <trkpt lat="42.345060000" lon="-2.842830000">
        <ele>688.000</ele>
      </trkpt>
      <trkpt lat="42.345210000" lon="-2.842760000">
        <ele>688.000</ele>
      </trkpt>
      <trkpt lat="42.345320000" lon="-2.842700000">
        <ele>687.000</ele>
      </trkpt>
      <trkpt lat="42.345430000" lon="-2.842650000">
        <ele>687.000</ele>
      </trkpt>
      <trkpt lat="42.345530000" lon="-2.842590000">
        <ele>687.000</ele>
      </trkpt>
      <trkpt lat="42.345570000" lon="-2.842570000">
        <ele>686.000</ele>
      </trkpt>
      <trkpt lat="42.345640000" lon="-2.842530000">
        <ele>686.000</ele>
      </trkpt>
      <trkpt lat="42.345660000" lon="-2.842500000">
        <ele>686.000</ele>
      </trkpt>
      <trkpt lat="42.345860000" lon="-2.842360000">
        <ele>685.000</ele>
      </trkpt>
      <trkpt lat="42.345950000" lon="-2.842280000">
        <ele>685.000</ele>
      </trkpt>
      <trkpt lat="42.346050000" lon="-2.842200000">
        <ele>684.000</ele>
      </trkpt>
      <trkpt lat="42.346140000" lon="-2.842110000">
        <ele>684.000</ele>
      </trkpt>
      <trkpt lat="42.346200000" lon="-2.842050000">
        <ele>684.000</ele>
      </trkpt>
      <trkpt lat="42.346290000" lon="-2.841960000">
        <ele>683.000</ele>
      </trkpt>
      <trkpt lat="42.346320000" lon="-2.841920000">
        <ele>683.000</ele>
      </trkpt>
      <trkpt lat="42.346370000" lon="-2.841850000">
        <ele>683.000</ele>
      </trkpt>
      <trkpt lat="42.346440000" lon="-2.841740000">
        <ele>683.000</ele>
      </trkpt>
      <trkpt lat="42.346560000" lon="-2.841590000">
        <ele>683.000</ele>
      </trkpt>
      <trkpt lat="42.346560000" lon="-2.841580000">
        <ele>683.000</ele>
      </trkpt>
      <trkpt lat="42.346590000" lon="-2.841530000">
        <ele>683.000</ele>
      </trkpt>
      <trkpt lat="42.346670000" lon="-2.841420000">
        <ele>683.000</ele>
      </trkpt>
      <trkpt lat="42.346710000" lon="-2.841360000">
        <ele>684.000</ele>
      </trkpt>
      <trkpt lat="42.346790000" lon="-2.841240000">
        <ele>684.000</ele>
      </trkpt>
      <trkpt lat="42.346860000" lon="-2.841130000">
        <ele>684.000</ele>
      </trkpt>
      <trkpt lat="42.346910000" lon="-2.841060000">
        <ele>684.000</ele>
      </trkpt>
      <trkpt lat="42.346940000" lon="-2.841020000">
        <ele>684.000</ele>
      </trkpt>
      <trkpt lat="42.347010000" lon="-2.840900000">
        <ele>684.000</ele>
      </trkpt>
      <trkpt lat="42.347160000" lon="-2.840680000">
        <ele>685.000</ele>
      </trkpt>
      <trkpt lat="42.347240000" lon="-2.840560000">
        <ele>685.000</ele>
      </trkpt>
      <trkpt lat="42.347270000" lon="-2.840510000">
        <ele>685.000</ele>
      </trkpt>
      <trkpt lat="42.347270000" lon="-2.840500000">
        <ele>685.000</ele>
      </trkpt>
      <trkpt lat="42.347340000" lon="-2.840390000">
        <ele>686.000</ele>
      </trkpt>
      <trkpt lat="42.347380000" lon="-2.840330000">
        <ele>686.000</ele>
      </trkpt>
      <trkpt lat="42.347420000" lon="-2.840270000">
        <ele>686.000</ele>
      </trkpt>
      <trkpt lat="42.347500000" lon="-2.840140000">
        <ele>686.000</ele>
      </trkpt>
      <trkpt lat="42.347570000" lon="-2.840050000">
        <ele>686.000</ele>
      </trkpt>
      <trkpt lat="42.347620000" lon="-2.839960000">
        <ele>686.000</ele>
      </trkpt>
      <trkpt lat="42.347640000" lon="-2.839930000">
        <ele>686.000</ele>
      </trkpt>
      <trkpt lat="42.347710000" lon="-2.839820000">
        <ele>686.000</ele>
      </trkpt>
      <trkpt lat="42.347740000" lon="-2.839770000">
        <ele>686.000</ele>
      </trkpt>
      <trkpt lat="42.347780000" lon="-2.839690000">
        <ele>685.000</ele>
      </trkpt>
      <trkpt lat="42.347860000" lon="-2.839590000">
        <ele>685.000</ele>
      </trkpt>
      <trkpt lat="42.347860000" lon="-2.839580000">
        <ele>685.000</ele>
      </trkpt>
      <trkpt lat="42.347910000" lon="-2.839510000">
        <ele>685.000</ele>
      </trkpt>
      <trkpt lat="42.347940000" lon="-2.839460000">
        <ele>684.000</ele>
      </trkpt>
      <trkpt lat="42.348000000" lon="-2.839370000">
        <ele>684.000</ele>
      </trkpt>
      <trkpt lat="42.348070000" lon="-2.839240000">
        <ele>684.000</ele>
      </trkpt>
      <trkpt lat="42.348220000" lon="-2.839030000">
        <ele>683.000</ele>
      </trkpt>
      <trkpt lat="42.348290000" lon="-2.838910000">
        <ele>683.000</ele>
      </trkpt>
      <trkpt lat="42.348290000" lon="-2.838900000">
        <ele>683.000</ele>
      </trkpt>
      <trkpt lat="42.348360000" lon="-2.838790000">
        <ele>682.000</ele>
      </trkpt>
      <trkpt lat="42.348440000" lon="-2.838670000">
        <ele>682.000</ele>
      </trkpt>
      <trkpt lat="42.348470000" lon="-2.838640000">
        <ele>682.000</ele>
      </trkpt>
      <trkpt lat="42.348510000" lon="-2.838560000">
        <ele>681.000</ele>
      </trkpt>
      <trkpt lat="42.348580000" lon="-2.838440000">
        <ele>681.000</ele>
      </trkpt>
      <trkpt lat="42.348660000" lon="-2.838330000">
        <ele>681.000</ele>
      </trkpt>
      <trkpt lat="42.348730000" lon="-2.838210000">
        <ele>680.000</ele>
      </trkpt>
      <trkpt lat="42.348800000" lon="-2.838100000">
        <ele>680.000</ele>
      </trkpt>
      <trkpt lat="42.348870000" lon="-2.837980000">
        <ele>680.000</ele>
      </trkpt>
      <trkpt lat="42.349100000" lon="-2.837640000">
        <ele>679.000</ele>
      </trkpt>
      <trkpt lat="42.349100000" lon="-2.837630000">
        <ele>679.000</ele>
      </trkpt>
      <trkpt lat="42.349180000" lon="-2.837520000">
        <ele>679.000</ele>
      </trkpt>
      <trkpt lat="42.349250000" lon="-2.837400000">
        <ele>678.000</ele>
      </trkpt>
      <trkpt lat="42.349320000" lon="-2.837290000">
        <ele>678.000</ele>
      </trkpt>
      <trkpt lat="42.349390000" lon="-2.837160000">
        <ele>678.000</ele>
      </trkpt>
      <trkpt lat="42.349470000" lon="-2.837060000">
        <ele>678.000</ele>
      </trkpt>
      <trkpt lat="42.349550000" lon="-2.836930000">
        <ele>677.000</ele>
      </trkpt>
      <trkpt lat="42.349690000" lon="-2.836710000">
        <ele>677.000</ele>
      </trkpt>
      <trkpt lat="42.349770000" lon="-2.836590000">
        <ele>677.000</ele>
      </trkpt>
      <trkpt lat="42.349820000" lon="-2.836510000">
        <ele>676.000</ele>
      </trkpt>
      <trkpt lat="42.349900000" lon="-2.836390000">
        <ele>676.000</ele>
      </trkpt>
      <trkpt lat="42.349980000" lon="-2.836280000">
        <ele>676.000</ele>
      </trkpt>
      <trkpt lat="42.350050000" lon="-2.836160000">
        <ele>676.000</ele>
      </trkpt>
      <trkpt lat="42.350120000" lon="-2.836050000">
        <ele>676.000</ele>
      </trkpt>
      <trkpt lat="42.350200000" lon="-2.835940000">
        <ele>675.000</ele>
      </trkpt>
      <trkpt lat="42.350270000" lon="-2.835810000">
        <ele>675.000</ele>
      </trkpt>
      <trkpt lat="42.350420000" lon="-2.835600000">
        <ele>675.000</ele>
      </trkpt>
      <trkpt lat="42.350500000" lon="-2.835470000">
        <ele>674.000</ele>
      </trkpt>
      <trkpt lat="42.350580000" lon="-2.835340000">
        <ele>674.000</ele>
      </trkpt>
      <trkpt lat="42.350680000" lon="-2.835190000">
        <ele>674.000</ele>
      </trkpt>
      <trkpt lat="42.350750000" lon="-2.835080000">
        <ele>674.000</ele>
      </trkpt>
      <trkpt lat="42.350820000" lon="-2.834960000">
        <ele>673.000</ele>
      </trkpt>
      <trkpt lat="42.350890000" lon="-2.834850000">
        <ele>673.000</ele>
      </trkpt>
      <trkpt lat="42.350970000" lon="-2.834730000">
        <ele>673.000</ele>
      </trkpt>
      <trkpt lat="42.351190000" lon="-2.834390000">
        <ele>672.000</ele>
      </trkpt>
      <trkpt lat="42.351260000" lon="-2.834270000">
        <ele>672.000</ele>
      </trkpt>
      <trkpt lat="42.351340000" lon="-2.834160000">
        <ele>672.000</ele>
      </trkpt>
      <trkpt lat="42.351400000" lon="-2.834050000">
        <ele>671.000</ele>
      </trkpt>
      <trkpt lat="42.351410000" lon="-2.834040000">
        <ele>671.000</ele>
      </trkpt>
      <trkpt lat="42.351490000" lon="-2.833930000">
        <ele>671.000</ele>
      </trkpt>
      <trkpt lat="42.351530000" lon="-2.833880000">
        <ele>671.000</ele>
      </trkpt>
      <trkpt lat="42.351560000" lon="-2.833820000">
        <ele>671.000</ele>
      </trkpt>
      <trkpt lat="42.351630000" lon="-2.833700000">
        <ele>671.000</ele>
      </trkpt>
      <trkpt lat="42.351710000" lon="-2.833590000">
        <ele>671.000</ele>
      </trkpt>
      <trkpt lat="42.351780000" lon="-2.833470000">
        <ele>670.000</ele>
      </trkpt>
      <trkpt lat="42.351850000" lon="-2.833360000">
        <ele>670.000</ele>
      </trkpt>
      <trkpt lat="42.351930000" lon="-2.833240000">
        <ele>670.000</ele>
      </trkpt>
      <trkpt lat="42.352000000" lon="-2.833130000">
        <ele>670.000</ele>
      </trkpt>
      <trkpt lat="42.352080000" lon="-2.833010000">
        <ele>670.000</ele>
      </trkpt>
      <trkpt lat="42.352150000" lon="-2.832900000">
        <ele>669.000</ele>
      </trkpt>
      <trkpt lat="42.352220000" lon="-2.832780000">
        <ele>669.000</ele>
      </trkpt>
      <trkpt lat="42.352250000" lon="-2.832740000">
        <ele>669.000</ele>
      </trkpt>
      <trkpt lat="42.352330000" lon="-2.832620000">
        <ele>669.000</ele>
      </trkpt>
      <trkpt lat="42.352400000" lon="-2.832510000">
        <ele>669.000</ele>
      </trkpt>
      <trkpt lat="42.352470000" lon="-2.832400000">
        <ele>669.000</ele>
      </trkpt>
      <trkpt lat="42.352470000" lon="-2.832390000">
        <ele>668.000</ele>
      </trkpt>
      <trkpt lat="42.352540000" lon="-2.832280000">
        <ele>668.000</ele>
      </trkpt>
      <trkpt lat="42.352580000" lon="-2.832220000">
        <ele>668.000</ele>
      </trkpt>
      <trkpt lat="42.352620000" lon="-2.832160000">
        <ele>668.000</ele>
      </trkpt>
      <trkpt lat="42.352700000" lon="-2.832050000">
        <ele>668.000</ele>
      </trkpt>
      <trkpt lat="42.352770000" lon="-2.831930000">
        <ele>667.000</ele>
      </trkpt>
      <trkpt lat="42.352910000" lon="-2.831710000">
        <ele>667.000</ele>
      </trkpt>
      <trkpt lat="42.352940000" lon="-2.831670000">
        <ele>667.000</ele>
      </trkpt>
      <trkpt lat="42.352990000" lon="-2.831590000">
        <ele>667.000</ele>
      </trkpt>
      <trkpt lat="42.353060000" lon="-2.831480000">
        <ele>666.000</ele>
      </trkpt>
      <trkpt lat="42.353140000" lon="-2.831360000">
        <ele>666.000</ele>
      </trkpt>
      <trkpt lat="42.353210000" lon="-2.831250000">
        <ele>666.000</ele>
      </trkpt>
      <trkpt lat="42.353280000" lon="-2.831120000">
        <ele>665.000</ele>
      </trkpt>
      <trkpt lat="42.353360000" lon="-2.831020000">
        <ele>665.000</ele>
      </trkpt>
      <trkpt lat="42.353430000" lon="-2.830890000">
        <ele>665.000</ele>
      </trkpt>
      <trkpt lat="42.353500000" lon="-2.830780000">
        <ele>664.000</ele>
      </trkpt>
      <trkpt lat="42.353530000" lon="-2.830750000">
        <ele>664.000</ele>
      </trkpt>
      <trkpt lat="42.353580000" lon="-2.830660000">
        <ele>664.000</ele>
      </trkpt>
      <trkpt lat="42.353730000" lon="-2.830440000">
        <ele>664.000</ele>
      </trkpt>
      <trkpt lat="42.353800000" lon="-2.830320000">
        <ele>663.000</ele>
      </trkpt>
      <trkpt lat="42.353870000" lon="-2.830210000">
        <ele>663.000</ele>
      </trkpt>
      <trkpt lat="42.353940000" lon="-2.830090000">
        <ele>663.000</ele>
      </trkpt>
      <trkpt lat="42.354020000" lon="-2.829980000">
        <ele>662.000</ele>
      </trkpt>
      <trkpt lat="42.354100000" lon="-2.829860000">
        <ele>662.000</ele>
      </trkpt>
      <trkpt lat="42.354240000" lon="-2.829640000">
        <ele>662.000</ele>
      </trkpt>
      <trkpt lat="42.354310000" lon="-2.829520000">
        <ele>661.000</ele>
      </trkpt>
      <trkpt lat="42.354390000" lon="-2.829410000">
        <ele>661.000</ele>
      </trkpt>
      <trkpt lat="42.354460000" lon="-2.829290000">
        <ele>661.000</ele>
      </trkpt>
      <trkpt lat="42.354540000" lon="-2.829180000">
        <ele>660.000</ele>
      </trkpt>
      <trkpt lat="42.354610000" lon="-2.829060000">
        <ele>660.000</ele>
      </trkpt>
      <trkpt lat="42.354680000" lon="-2.828950000">
        <ele>660.000</ele>
      </trkpt>
      <trkpt lat="42.354760000" lon="-2.828830000">
        <ele>659.000</ele>
      </trkpt>
      <trkpt lat="42.354830000" lon="-2.828720000">
        <ele>659.000</ele>
      </trkpt>
      <trkpt lat="42.354900000" lon="-2.828600000">
        <ele>659.000</ele>
      </trkpt>
      <trkpt lat="42.354980000" lon="-2.828490000">
        <ele>659.000</ele>
      </trkpt>
      <trkpt lat="42.355050000" lon="-2.828380000">
        <ele>658.000</ele>
      </trkpt>
      <trkpt lat="42.355120000" lon="-2.828260000">
        <ele>658.000</ele>
      </trkpt>
      <trkpt lat="42.355200000" lon="-2.828150000">
        <ele>658.000</ele>
      </trkpt>
      <trkpt lat="42.355250000" lon="-2.828060000">
        <ele>658.000</ele>
      </trkpt>
      <trkpt lat="42.355320000" lon="-2.827950000">
        <ele>657.000</ele>
      </trkpt>
      <trkpt lat="42.355400000" lon="-2.827830000">
        <ele>657.000</ele>
      </trkpt>
      <trkpt lat="42.355470000" lon="-2.827720000">
        <ele>657.000</ele>
      </trkpt>
      <trkpt lat="42.355550000" lon="-2.827600000">
        <ele>657.000</ele>
      </trkpt>
      <trkpt lat="42.355690000" lon="-2.827380000">
        <ele>656.000</ele>
      </trkpt>
      <trkpt lat="42.355760000" lon="-2.827260000">
        <ele>656.000</ele>
      </trkpt>
      <trkpt lat="42.355770000" lon="-2.827260000">
        <ele>656.000</ele>
      </trkpt>
      <trkpt lat="42.355990000" lon="-2.826920000">
        <ele>655.000</ele>
      </trkpt>
      <trkpt lat="42.356060000" lon="-2.826800000">
        <ele>655.000</ele>
      </trkpt>
      <trkpt lat="42.356130000" lon="-2.826690000">
        <ele>655.000</ele>
      </trkpt>
      <trkpt lat="42.356220000" lon="-2.826580000">
        <ele>655.000</ele>
      </trkpt>
      <trkpt lat="42.356290000" lon="-2.826460000">
        <ele>654.000</ele>
      </trkpt>
      <trkpt lat="42.356430000" lon="-2.826240000">
        <ele>654.000</ele>
      </trkpt>
      <trkpt lat="42.356500000" lon="-2.826120000">
        <ele>653.000</ele>
      </trkpt>
      <trkpt lat="42.356590000" lon="-2.826010000">
        <ele>653.000</ele>
      </trkpt>
      <trkpt lat="42.356660000" lon="-2.825890000">
        <ele>653.000</ele>
      </trkpt>
      <trkpt lat="42.356730000" lon="-2.825780000">
        <ele>652.000</ele>
      </trkpt>
      <trkpt lat="42.356800000" lon="-2.825660000">
        <ele>652.000</ele>
      </trkpt>
      <trkpt lat="42.356880000" lon="-2.825550000">
        <ele>652.000</ele>
      </trkpt>
      <trkpt lat="42.357310000" lon="-2.824890000">
        <ele>651.000</ele>
      </trkpt>
      <trkpt lat="42.357430000" lon="-2.824700000">
        <ele>650.000</ele>
      </trkpt>
      <trkpt lat="42.357550000" lon="-2.824520000">
        <ele>649.000</ele>
      </trkpt>
      <trkpt lat="42.357620000" lon="-2.824420000">
        <ele>648.000</ele>
      </trkpt>
      <trkpt lat="42.357780000" lon="-2.824150000">
        <ele>647.000</ele>
      </trkpt>
      <trkpt lat="42.358020000" lon="-2.823780000">
        <ele>646.000</ele>
      </trkpt>
      <trkpt lat="42.358140000" lon="-2.823600000">
        <ele>645.000</ele>
      </trkpt>
      <trkpt lat="42.358250000" lon="-2.823410000">
        <ele>643.000</ele>
      </trkpt>
      <trkpt lat="42.358370000" lon="-2.823230000">
        <ele>642.000</ele>
      </trkpt>
      <trkpt lat="42.358860000" lon="-2.822470000">
        <ele>640.000</ele>
      </trkpt>
      <trkpt lat="42.359140000" lon="-2.822160000">
        <ele>638.000</ele>
      </trkpt>
      <trkpt lat="42.359200000" lon="-2.822090000">
        <ele>637.000</ele>
      </trkpt>
      <trkpt lat="42.359360000" lon="-2.821910000">
        <ele>637.000</ele>
      </trkpt>
      <trkpt lat="42.359420000" lon="-2.821860000">
        <ele>636.000</ele>
      </trkpt>
      <trkpt lat="42.359570000" lon="-2.821730000">
        <ele>636.000</ele>
      </trkpt>
      <trkpt lat="42.359820000" lon="-2.821510000">
        <ele>636.000</ele>
      </trkpt>
      <trkpt lat="42.360220000" lon="-2.821180000">
        <ele>636.000</ele>
      </trkpt>
      <trkpt lat="42.360500000" lon="-2.820930000">
        <ele>636.000</ele>
      </trkpt>
      <trkpt lat="42.360550000" lon="-2.820890000">
        <ele>636.000</ele>
      </trkpt>
      <trkpt lat="42.360700000" lon="-2.820770000">
        <ele>635.000</ele>
      </trkpt>
      <trkpt lat="42.360920000" lon="-2.820570000">
        <ele>635.000</ele>
      </trkpt>
      <trkpt lat="42.361150000" lon="-2.820340000">
        <ele>635.000</ele>
      </trkpt>
      <trkpt lat="42.361420000" lon="-2.820040000">
        <ele>635.000</ele>
      </trkpt>
      <trkpt lat="42.361780000" lon="-2.819550000">
        <ele>635.000</ele>
      </trkpt>
      <trkpt lat="42.362090000" lon="-2.819100000">
        <ele>634.000</ele>
      </trkpt>
      <trkpt lat="42.362350000" lon="-2.818720000">
        <ele>634.000</ele>
      </trkpt>
      <trkpt lat="42.362620000" lon="-2.818320000">
        <ele>633.000</ele>
      </trkpt>
      <trkpt lat="42.362620000" lon="-2.818310000">
        <ele>632.000</ele>
      </trkpt>
      <trkpt lat="42.362880000" lon="-2.817910000">
        <ele>631.000</ele>
      </trkpt>
      <trkpt lat="42.362970000" lon="-2.817760000">
        <ele>631.000</ele>
      </trkpt>
      <trkpt lat="42.363100000" lon="-2.817550000">
        <ele>630.000</ele>
      </trkpt>
      <trkpt lat="42.363350000" lon="-2.817130000">
        <ele>629.000</ele>
      </trkpt>
      <trkpt lat="42.363530000" lon="-2.816820000">
        <ele>629.000</ele>
      </trkpt>
      <trkpt lat="42.363670000" lon="-2.816590000">
        <ele>628.000</ele>
      </trkpt>
      <trkpt lat="42.363820000" lon="-2.816330000">
        <ele>628.000</ele>
      </trkpt>
      <trkpt lat="42.363960000" lon="-2.816100000">
        <ele>628.000</ele>
      </trkpt>
      <trkpt lat="42.364050000" lon="-2.815950000">
        <ele>628.000</ele>
      </trkpt>
      <trkpt lat="42.364160000" lon="-2.815760000">
        <ele>628.000</ele>
      </trkpt>
      <trkpt lat="42.364280000" lon="-2.815570000">
        <ele>628.000</ele>
      </trkpt>
      <trkpt lat="42.364390000" lon="-2.815390000">
        <ele>628.000</ele>
      </trkpt>
      <trkpt lat="42.364500000" lon="-2.815210000">
        <ele>628.000</ele>
      </trkpt>
      <trkpt lat="42.364690000" lon="-2.814880000">
        <ele>628.000</ele>
      </trkpt>
      <trkpt lat="42.364940000" lon="-2.814440000">
        <ele>628.000</ele>
      </trkpt>
      <trkpt lat="42.365160000" lon="-2.814040000">
        <ele>628.000</ele>
      </trkpt>
      <trkpt lat="42.365160000" lon="-2.814030000">
        <ele>629.000</ele>
      </trkpt>
      <trkpt lat="42.365300000" lon="-2.813760000">
        <ele>629.000</ele>
      </trkpt>
      <trkpt lat="42.365330000" lon="-2.813700000">
        <ele>629.000</ele>
      </trkpt>
      <trkpt lat="42.365410000" lon="-2.813520000">
        <ele>630.000</ele>
      </trkpt>
      <trkpt lat="42.365450000" lon="-2.813420000">
        <ele>630.000</ele>
      </trkpt>
      <trkpt lat="42.365460000" lon="-2.813410000">
        <ele>630.000</ele>
      </trkpt>
      <trkpt lat="42.365500000" lon="-2.813290000">
        <ele>630.000</ele>
      </trkpt>
      <trkpt lat="42.365540000" lon="-2.813160000">
        <ele>630.000</ele>
      </trkpt>
      <trkpt lat="42.365560000" lon="-2.813050000">
        <ele>630.000</ele>
      </trkpt>
      <trkpt lat="42.365580000" lon="-2.812940000">
        <ele>630.000</ele>
      </trkpt>
      <trkpt lat="42.365610000" lon="-2.812840000">
        <ele>630.000</ele>
      </trkpt>
      <trkpt lat="42.365610000" lon="-2.812840000">
        <ele>630.000</ele>
      </trkpt>
      <trkpt lat="42.365630000" lon="-2.812660000">
        <ele>630.000</ele>
      </trkpt>
      <trkpt lat="42.365640000" lon="-2.812610000">
        <ele>630.000</ele>
      </trkpt>
      <trkpt lat="42.365640000" lon="-2.812480000">
        <ele>630.000</ele>
      </trkpt>
      <trkpt lat="42.365640000" lon="-2.812230000">
        <ele>630.000</ele>
      </trkpt>
      <trkpt lat="42.365640000" lon="-2.812100000">
        <ele>630.000</ele>
      </trkpt>
      <trkpt lat="42.365640000" lon="-2.811940000">
        <ele>630.000</ele>
      </trkpt>
      <trkpt lat="42.365650000" lon="-2.811660000">
        <ele>630.000</ele>
      </trkpt>
      <trkpt lat="42.365670000" lon="-2.811510000">
        <ele>630.000</ele>
      </trkpt>
      <trkpt lat="42.365700000" lon="-2.811350000">
        <ele>630.000</ele>
      </trkpt>
      <trkpt lat="42.365750000" lon="-2.811170000">
        <ele>630.000</ele>
      </trkpt>
      <trkpt lat="42.365810000" lon="-2.811020000">
        <ele>630.000</ele>
      </trkpt>
      <trkpt lat="42.365890000" lon="-2.810830000">
        <ele>630.000</ele>
      </trkpt>
      <trkpt lat="42.365940000" lon="-2.810740000">
        <ele>630.000</ele>
      </trkpt>
      <trkpt lat="42.366020000" lon="-2.810620000">
        <ele>630.000</ele>
      </trkpt>
      <trkpt lat="42.366280000" lon="-2.810240000">
        <ele>629.000</ele>
      </trkpt>
      <trkpt lat="42.366370000" lon="-2.810090000">
        <ele>629.000</ele>
      </trkpt>
      <trkpt lat="42.366430000" lon="-2.809980000">
        <ele>629.000</ele>
      </trkpt>
      <trkpt lat="42.366450000" lon="-2.809940000">
        <ele>628.000</ele>
      </trkpt>
      <trkpt lat="42.366560000" lon="-2.809720000">
        <ele>628.000</ele>
      </trkpt>
      <trkpt lat="42.366590000" lon="-2.809620000">
        <ele>628.000</ele>
      </trkpt>
      <trkpt lat="42.366660000" lon="-2.809460000">
        <ele>628.000</ele>
      </trkpt>
      <trkpt lat="42.366780000" lon="-2.809150000">
        <ele>627.000</ele>
      </trkpt>
      <trkpt lat="42.366830000" lon="-2.809010000">
        <ele>627.000</ele>
      </trkpt>
      <trkpt lat="42.366930000" lon="-2.808760000">
        <ele>626.000</ele>
      </trkpt>
      <trkpt lat="42.366990000" lon="-2.808620000">
        <ele>626.000</ele>
      </trkpt>
      <trkpt lat="42.367060000" lon="-2.808460000">
        <ele>626.000</ele>
      </trkpt>
      <trkpt lat="42.367090000" lon="-2.808380000">
        <ele>626.000</ele>
      </trkpt>
      <trkpt lat="42.367170000" lon="-2.808180000">
        <ele>625.000</ele>
      </trkpt>
      <trkpt lat="42.367290000" lon="-2.807910000">
        <ele>625.000</ele>
      </trkpt>
      <trkpt lat="42.367390000" lon="-2.807660000">
        <ele>624.000</ele>
      </trkpt>
      <trkpt lat="42.367440000" lon="-2.807540000">
        <ele>624.000</ele>
      </trkpt>
      <trkpt lat="42.367550000" lon="-2.807270000">
        <ele>623.000</ele>
      </trkpt>
      <trkpt lat="42.367610000" lon="-2.807110000">
        <ele>623.000</ele>
      </trkpt>
      <trkpt lat="42.367690000" lon="-2.806950000">
        <ele>623.000</ele>
      </trkpt>
      <trkpt lat="42.367810000" lon="-2.806630000">
        <ele>622.000</ele>
      </trkpt>
      <trkpt lat="42.367830000" lon="-2.806560000">
        <ele>622.000</ele>
      </trkpt>
      <trkpt lat="42.367840000" lon="-2.806520000">
        <ele>621.000</ele>
      </trkpt>
      <trkpt lat="42.367870000" lon="-2.806340000">
        <ele>621.000</ele>
      </trkpt>
      <trkpt lat="42.367880000" lon="-2.806310000">
        <ele>621.000</ele>
      </trkpt>
      <trkpt lat="42.368080000" lon="-2.805620000">
        <ele>619.000</ele>
      </trkpt>
      <trkpt lat="42.368100000" lon="-2.805550000">
        <ele>617.000</ele>
      </trkpt>
      <trkpt lat="42.368270000" lon="-2.805080000">
        <ele>615.000</ele>
      </trkpt>
      <trkpt lat="42.368430000" lon="-2.804770000">
        <ele>613.000</ele>
      </trkpt>
      <trkpt lat="42.368500000" lon="-2.804670000">
        <ele>611.000</ele>
      </trkpt>
      <trkpt lat="42.368580000" lon="-2.804560000">
        <ele>609.000</ele>
      </trkpt>
      <trkpt lat="42.368610000" lon="-2.804530000">
        <ele>608.000</ele>
      </trkpt>
      <trkpt lat="42.368640000" lon="-2.804490000">
        <ele>607.000</ele>
      </trkpt>
      <trkpt lat="42.368660000" lon="-2.804440000">
        <ele>606.000</ele>
      </trkpt>
      <trkpt lat="42.368670000" lon="-2.804400000">
        <ele>605.000</ele>
      </trkpt>
      <trkpt lat="42.368680000" lon="-2.804380000">
        <ele>605.000</ele>
      </trkpt>
      <trkpt lat="42.368680000" lon="-2.804300000">
        <ele>604.000</ele>
      </trkpt>
      <trkpt lat="42.368660000" lon="-2.804260000">
        <ele>604.000</ele>
      </trkpt>
      <trkpt lat="42.368640000" lon="-2.804220000">
        <ele>603.000</ele>
      </trkpt>
      <trkpt lat="42.368620000" lon="-2.804190000">
        <ele>603.000</ele>
      </trkpt>
      <trkpt lat="42.368600000" lon="-2.804170000">
        <ele>603.000</ele>
      </trkpt>
      <trkpt lat="42.368570000" lon="-2.804130000">
        <ele>603.000</ele>
      </trkpt>
      <trkpt lat="42.368540000" lon="-2.804100000">
        <ele>602.000</ele>
      </trkpt>
      <trkpt lat="42.368520000" lon="-2.804090000">
        <ele>602.000</ele>
      </trkpt>
      <trkpt lat="42.368490000" lon="-2.804070000">
        <ele>602.000</ele>
      </trkpt>
      <trkpt lat="42.368290000" lon="-2.803920000">
        <ele>602.000</ele>
      </trkpt>
      <trkpt lat="42.368250000" lon="-2.803890000">
        <ele>602.000</ele>
      </trkpt>
      <trkpt lat="42.368250000" lon="-2.803890000">
        <ele>602.000</ele>
      </trkpt>
      <trkpt lat="42.368190000" lon="-2.803840000">
        <ele>602.000</ele>
      </trkpt>
      <trkpt lat="42.368110000" lon="-2.803770000">
        <ele>601.000</ele>
      </trkpt>
      <trkpt lat="42.368080000" lon="-2.803740000">
        <ele>601.000</ele>
      </trkpt>
      <trkpt lat="42.368060000" lon="-2.803720000">
        <ele>601.000</ele>
      </trkpt>
      <trkpt lat="42.367970000" lon="-2.803620000">
        <ele>601.000</ele>
      </trkpt>
      <trkpt lat="42.367900000" lon="-2.803530000">
        <ele>601.000</ele>
      </trkpt>
      <trkpt lat="42.367800000" lon="-2.803420000">
        <ele>601.000</ele>
      </trkpt>
      <trkpt lat="42.367710000" lon="-2.803310000">
        <ele>600.000</ele>
      </trkpt>
      <trkpt lat="42.367630000" lon="-2.803220000">
        <ele>600.000</ele>
      </trkpt>
      <trkpt lat="42.367580000" lon="-2.803170000">
        <ele>600.000</ele>
      </trkpt>
      <trkpt lat="42.367500000" lon="-2.803070000">
        <ele>600.000</ele>
      </trkpt>
      <trkpt lat="42.367410000" lon="-2.802970000">
        <ele>600.000</ele>
      </trkpt>
      <trkpt lat="42.367310000" lon="-2.802870000">
        <ele>599.000</ele>
      </trkpt>
      <trkpt lat="42.367200000" lon="-2.802720000">
        <ele>599.000</ele>
      </trkpt>
      <trkpt lat="42.367120000" lon="-2.802620000">
        <ele>599.000</ele>
      </trkpt>
      <trkpt lat="42.367090000" lon="-2.802590000">
        <ele>599.000</ele>
      </trkpt>
      <trkpt lat="42.367040000" lon="-2.802500000">
        <ele>599.000</ele>
      </trkpt>
      <trkpt lat="42.367000000" lon="-2.802400000">
        <ele>600.000</ele>
      </trkpt>
      <trkpt lat="42.366990000" lon="-2.802390000">
        <ele>600.000</ele>
      </trkpt>
      <trkpt lat="42.366970000" lon="-2.802320000">
        <ele>600.000</ele>
      </trkpt>
      <trkpt lat="42.366960000" lon="-2.802220000">
        <ele>601.000</ele>
      </trkpt>
      <trkpt lat="42.366950000" lon="-2.802150000">
        <ele>601.000</ele>
      </trkpt>
      <trkpt lat="42.366950000" lon="-2.802130000">
        <ele>601.000</ele>
      </trkpt>
      <trkpt lat="42.366950000" lon="-2.802010000">
        <ele>602.000</ele>
      </trkpt>
      <trkpt lat="42.366960000" lon="-2.801910000">
        <ele>602.000</ele>
      </trkpt>
      <trkpt lat="42.366980000" lon="-2.801770000">
        <ele>603.000</ele>
      </trkpt>
      <trkpt lat="42.366990000" lon="-2.801670000">
        <ele>603.000</ele>
      </trkpt>
      <trkpt lat="42.367030000" lon="-2.801430000">
        <ele>604.000</ele>
      </trkpt>
      <trkpt lat="42.367060000" lon="-2.801280000">
        <ele>605.000</ele>
      </trkpt>
      <trkpt lat="42.367160000" lon="-2.800770000">
        <ele>606.000</ele>
      </trkpt>
      <trkpt lat="42.367200000" lon="-2.800540000">
        <ele>607.000</ele>
      </trkpt>
      <trkpt lat="42.367310000" lon="-2.800020000">
        <ele>609.000</ele>
      </trkpt>
      <trkpt lat="42.367350000" lon="-2.799820000">
        <ele>610.000</ele>
      </trkpt>
      <trkpt lat="42.367360000" lon="-2.799790000">
        <ele>611.000</ele>
      </trkpt>
      <trkpt lat="42.367460000" lon="-2.799320000">
        <ele>611.000</ele>
      </trkpt>
      <trkpt lat="42.367580000" lon="-2.798750000">
        <ele>612.000</ele>
      </trkpt>
      <trkpt lat="42.367740000" lon="-2.798030000">
        <ele>612.000</ele>
      </trkpt>
      <trkpt lat="42.367790000" lon="-2.797790000">
        <ele>612.000</ele>
      </trkpt>
      <trkpt lat="42.367850000" lon="-2.797420000">
        <ele>612.000</ele>
      </trkpt>
      <trkpt lat="42.367880000" lon="-2.797260000">
        <ele>611.000</ele>
      </trkpt>
      <trkpt lat="42.367970000" lon="-2.796810000">
        <ele>611.000</ele>
      </trkpt>
      <trkpt lat="42.368100000" lon="-2.796170000">
        <ele>611.000</ele>
      </trkpt>
      <trkpt lat="42.368420000" lon="-2.794550000">
        <ele>609.000</ele>
      </trkpt>
      <trkpt lat="42.368430000" lon="-2.794470000">
        <ele>608.000</ele>
      </trkpt>
      <trkpt lat="42.368720000" lon="-2.792830000">
        <ele>607.000</ele>
      </trkpt>
      <trkpt lat="42.368890000" lon="-2.791800000">
        <ele>605.000</ele>
      </trkpt>
      <trkpt lat="42.369260000" lon="-2.789570000">
        <ele>603.000</ele>
      </trkpt>
      <trkpt lat="42.369430000" lon="-2.788520000">
        <ele>600.000</ele>
      </trkpt>
      <trkpt lat="42.369430000" lon="-2.788480000">
        <ele>599.000</ele>
      </trkpt>
      <trkpt lat="42.369540000" lon="-2.787810000">
        <ele>597.000</ele>
      </trkpt>
      <trkpt lat="42.369570000" lon="-2.787570000">
        <ele>596.000</ele>
      </trkpt>
      <trkpt lat="42.369650000" lon="-2.787090000">
        <ele>596.000</ele>
      </trkpt>
      <trkpt lat="42.369880000" lon="-2.785670000">
        <ele>595.000</ele>
      </trkpt>
      <trkpt lat="42.369920000" lon="-2.785380000">
        <ele>594.000</ele>
      </trkpt>
      <trkpt lat="42.369990000" lon="-2.784950000">
        <ele>593.000</ele>
      </trkpt>
      <trkpt lat="42.370250000" lon="-2.783370000">
        <ele>591.000</ele>
      </trkpt>
      <trkpt lat="42.370470000" lon="-2.782260000">
        <ele>590.000</ele>
      </trkpt>
      <trkpt lat="42.370670000" lon="-2.781420000">
        <ele>588.000</ele>
      </trkpt>
      <trkpt lat="42.370790000" lon="-2.780960000">
        <ele>587.000</ele>
      </trkpt>
      <trkpt lat="42.370790000" lon="-2.780930000">
        <ele>586.000</ele>
      </trkpt>
      <trkpt lat="42.370840000" lon="-2.780730000">
        <ele>586.000</ele>
      </trkpt>
      <trkpt lat="42.371080000" lon="-2.779810000">
        <ele>585.000</ele>
      </trkpt>
      <trkpt lat="42.371140000" lon="-2.779580000">
        <ele>584.000</ele>
      </trkpt>
      <trkpt lat="42.371240000" lon="-2.779180000">
        <ele>584.000</ele>
      </trkpt>
      <trkpt lat="42.371760000" lon="-2.777090000">
        <ele>582.000</ele>
      </trkpt>
      <trkpt lat="42.371810000" lon="-2.776850000">
        <ele>581.000</ele>
      </trkpt>
      <trkpt lat="42.372100000" lon="-2.775690000">
        <ele>580.000</ele>
      </trkpt>
      <trkpt lat="42.372110000" lon="-2.775640000">
        <ele>579.000</ele>
      </trkpt>
      <trkpt lat="42.372160000" lon="-2.775460000">
        <ele>578.000</ele>
      </trkpt>
      <trkpt lat="42.372200000" lon="-2.775290000">
        <ele>578.000</ele>
      </trkpt>
      <trkpt lat="42.372220000" lon="-2.775230000">
        <ele>577.000</ele>
      </trkpt>
      <trkpt lat="42.372250000" lon="-2.775110000">
        <ele>577.000</ele>
      </trkpt>
      <trkpt lat="42.372290000" lon="-2.774960000">
        <ele>577.000</ele>
      </trkpt>
      <trkpt lat="42.372330000" lon="-2.774830000">
        <ele>576.000</ele>
      </trkpt>
      <trkpt lat="42.372390000" lon="-2.774660000">
        <ele>576.000</ele>
      </trkpt>
      <trkpt lat="42.372450000" lon="-2.774510000">
        <ele>576.000</ele>
      </trkpt>
      <trkpt lat="42.372500000" lon="-2.774390000">
        <ele>575.000</ele>
      </trkpt>
      <trkpt lat="42.372520000" lon="-2.774350000">
        <ele>575.000</ele>
      </trkpt>
      <trkpt lat="42.372580000" lon="-2.774230000">
        <ele>575.000</ele>
      </trkpt>
      <trkpt lat="42.372670000" lon="-2.774080000">
        <ele>575.000</ele>
      </trkpt>
      <trkpt lat="42.372740000" lon="-2.773970000">
        <ele>574.000</ele>
      </trkpt>
      <trkpt lat="42.372830000" lon="-2.773830000">
        <ele>574.000</ele>
      </trkpt>
      <trkpt lat="42.372990000" lon="-2.773610000">
        <ele>574.000</ele>
      </trkpt>
      <trkpt lat="42.373010000" lon="-2.773590000">
        <ele>573.000</ele>
      </trkpt>
      <trkpt lat="42.373110000" lon="-2.773460000">
        <ele>573.000</ele>
      </trkpt>
      <trkpt lat="42.373160000" lon="-2.773390000">
        <ele>573.000</ele>
      </trkpt>
      <trkpt lat="42.373270000" lon="-2.773240000">
        <ele>572.000</ele>
      </trkpt>
      <trkpt lat="42.373310000" lon="-2.773190000">
        <ele>572.000</ele>
      </trkpt>
      <trkpt lat="42.373340000" lon="-2.773150000">
        <ele>572.000</ele>
      </trkpt>
      <trkpt lat="42.373340000" lon="-2.773130000">
        <ele>572.000</ele>
      </trkpt>
      <trkpt lat="42.373380000" lon="-2.773060000">
        <ele>572.000</ele>
      </trkpt>
      <trkpt lat="42.373430000" lon="-2.772950000">
        <ele>571.000</ele>
      </trkpt>
      <trkpt lat="42.373510000" lon="-2.772760000">
        <ele>571.000</ele>
      </trkpt>
      <trkpt lat="42.373540000" lon="-2.772670000">
        <ele>571.000</ele>
      </trkpt>
      <trkpt lat="42.373610000" lon="-2.772460000">
        <ele>571.000</ele>
      </trkpt>
      <trkpt lat="42.373650000" lon="-2.772300000">
        <ele>571.000</ele>
      </trkpt>
      <trkpt lat="42.373690000" lon="-2.772030000">
        <ele>571.000</ele>
      </trkpt>
      <trkpt lat="42.373810000" lon="-2.771520000">
        <ele>571.000</ele>
      </trkpt>
      <trkpt lat="42.373900000" lon="-2.771020000">
        <ele>571.000</ele>
      </trkpt>
      <trkpt lat="42.374190000" lon="-2.769410000">
        <ele>571.000</ele>
      </trkpt>
      <trkpt lat="42.374250000" lon="-2.768970000">
        <ele>571.000</ele>
      </trkpt>
      <trkpt lat="42.374290000" lon="-2.768780000">
        <ele>571.000</ele>
      </trkpt>
      <trkpt lat="42.374300000" lon="-2.768630000">
        <ele>571.000</ele>
      </trkpt>
      <trkpt lat="42.374320000" lon="-2.768480000">
        <ele>570.000</ele>
      </trkpt>
      <trkpt lat="42.374320000" lon="-2.768440000">
        <ele>570.000</ele>
      </trkpt>
      <trkpt lat="42.374340000" lon="-2.768310000">
        <ele>570.000</ele>
      </trkpt>
      <trkpt lat="42.374380000" lon="-2.768000000">
        <ele>570.000</ele>
      </trkpt>
      <trkpt lat="42.374380000" lon="-2.767760000">
        <ele>569.000</ele>
      </trkpt>
      <trkpt lat="42.374380000" lon="-2.767690000">
        <ele>569.000</ele>
      </trkpt>
      <trkpt lat="42.374370000" lon="-2.767560000">
        <ele>569.000</ele>
      </trkpt>
      <trkpt lat="42.374370000" lon="-2.767170000">
        <ele>569.000</ele>
      </trkpt>
      <trkpt lat="42.374370000" lon="-2.767000000">
        <ele>568.000</ele>
      </trkpt>
      <trkpt lat="42.374380000" lon="-2.766860000">
        <ele>568.000</ele>
      </trkpt>
      <trkpt lat="42.374390000" lon="-2.766700000">
        <ele>568.000</ele>
      </trkpt>
      <trkpt lat="42.374410000" lon="-2.766540000">
        <ele>567.000</ele>
      </trkpt>
      <trkpt lat="42.374430000" lon="-2.766300000">
        <ele>567.000</ele>
      </trkpt>
      <trkpt lat="42.374430000" lon="-2.766150000">
        <ele>567.000</ele>
      </trkpt>
      <trkpt lat="42.374430000" lon="-2.766080000">
        <ele>567.000</ele>
      </trkpt>
      <trkpt lat="42.374430000" lon="-2.766020000">
        <ele>567.000</ele>
      </trkpt>
      <trkpt lat="42.374440000" lon="-2.765950000">
        <ele>566.000</ele>
      </trkpt>
      <trkpt lat="42.374440000" lon="-2.765870000">
        <ele>566.000</ele>
      </trkpt>
      <trkpt lat="42.374460000" lon="-2.765790000">
        <ele>566.000</ele>
      </trkpt>
      <trkpt lat="42.374470000" lon="-2.765700000">
        <ele>566.000</ele>
      </trkpt>
      <trkpt lat="42.374520000" lon="-2.765590000">
        <ele>566.000</ele>
      </trkpt>
      <trkpt lat="42.374570000" lon="-2.765480000">
        <ele>566.000</ele>
      </trkpt>
      <trkpt lat="42.374620000" lon="-2.765370000">
        <ele>566.000</ele>
      </trkpt>
      <trkpt lat="42.374650000" lon="-2.765300000">
        <ele>566.000</ele>
      </trkpt>
      <trkpt lat="42.374660000" lon="-2.765240000">
        <ele>566.000</ele>
      </trkpt>
      <trkpt lat="42.374680000" lon="-2.765180000">
        <ele>565.000</ele>
      </trkpt>
      <trkpt lat="42.374700000" lon="-2.765100000">
        <ele>565.000</ele>
      </trkpt>
      <trkpt lat="42.374700000" lon="-2.765090000">
        <ele>565.000</ele>
      </trkpt>
      <trkpt lat="42.374730000" lon="-2.764880000">
        <ele>565.000</ele>
      </trkpt>
      <trkpt lat="42.374770000" lon="-2.764560000">
        <ele>565.000</ele>
      </trkpt>
      <trkpt lat="42.374790000" lon="-2.764380000">
        <ele>565.000</ele>
      </trkpt>
      <trkpt lat="42.374800000" lon="-2.764330000">
        <ele>565.000</ele>
      </trkpt>
      <trkpt lat="42.374810000" lon="-2.764180000">
        <ele>564.000</ele>
      </trkpt>
      <trkpt lat="42.374830000" lon="-2.763990000">
        <ele>564.000</ele>
      </trkpt>
      <trkpt lat="42.374840000" lon="-2.763820000">
        <ele>564.000</ele>
      </trkpt>
      <trkpt lat="42.374860000" lon="-2.763690000">
        <ele>564.000</ele>
      </trkpt>
      <trkpt lat="42.374880000" lon="-2.763550000">
        <ele>563.000</ele>
      </trkpt>
      <trkpt lat="42.374910000" lon="-2.763420000">
        <ele>563.000</ele>
      </trkpt>
      <trkpt lat="42.374940000" lon="-2.763250000">
        <ele>563.000</ele>
      </trkpt>
      <trkpt lat="42.375000000" lon="-2.763020000">
        <ele>563.000</ele>
      </trkpt>
      <trkpt lat="42.375020000" lon="-2.762950000">
        <ele>562.000</ele>
      </trkpt>
      <trkpt lat="42.375050000" lon="-2.762790000">
        <ele>562.000</ele>
      </trkpt>
      <trkpt lat="42.375140000" lon="-2.762500000">
        <ele>562.000</ele>
      </trkpt>
      <trkpt lat="42.375170000" lon="-2.762390000">
        <ele>562.000</ele>
      </trkpt>
      <trkpt lat="42.375220000" lon="-2.762250000">
        <ele>561.000</ele>
      </trkpt>
      <trkpt lat="42.375260000" lon="-2.762110000">
        <ele>561.000</ele>
      </trkpt>
      <trkpt lat="42.375300000" lon="-2.762000000">
        <ele>561.000</ele>
      </trkpt>
      <trkpt lat="42.375320000" lon="-2.761950000">
        <ele>561.000</ele>
      </trkpt>
      <trkpt lat="42.375340000" lon="-2.761880000">
        <ele>560.000</ele>
      </trkpt>
      <trkpt lat="42.375370000" lon="-2.761780000">
        <ele>560.000</ele>
      </trkpt>
      <trkpt lat="42.375380000" lon="-2.761780000">
        <ele>560.000</ele>
      </trkpt>
      <trkpt lat="42.375410000" lon="-2.761660000">
        <ele>560.000</ele>
      </trkpt>
      <trkpt lat="42.375420000" lon="-2.761660000">
        <ele>560.000</ele>
      </trkpt>
      <trkpt lat="42.375450000" lon="-2.761560000">
        <ele>560.000</ele>
      </trkpt>
      <trkpt lat="42.375460000" lon="-2.761500000">
        <ele>560.000</ele>
      </trkpt>
      <trkpt lat="42.375470000" lon="-2.761500000">
        <ele>560.000</ele>
      </trkpt>
      <trkpt lat="42.375480000" lon="-2.761440000">
        <ele>560.000</ele>
      </trkpt>
      <trkpt lat="42.375490000" lon="-2.761430000">
        <ele>560.000</ele>
      </trkpt>
      <trkpt lat="42.375510000" lon="-2.761340000">
        <ele>560.000</ele>
      </trkpt>
      <trkpt lat="42.375510000" lon="-2.761330000">
        <ele>560.000</ele>
      </trkpt>
      <trkpt lat="42.375540000" lon="-2.761230000">
        <ele>560.000</ele>
      </trkpt>
      <trkpt lat="42.375540000" lon="-2.761210000">
        <ele>560.000</ele>
      </trkpt>
      <trkpt lat="42.375560000" lon="-2.761130000">
        <ele>559.000</ele>
      </trkpt>
      <trkpt lat="42.375580000" lon="-2.761040000">
        <ele>559.000</ele>
      </trkpt>
      <trkpt lat="42.375590000" lon="-2.760950000">
        <ele>559.000</ele>
      </trkpt>
      <trkpt lat="42.375610000" lon="-2.760880000">
        <ele>559.000</ele>
      </trkpt>
      <trkpt lat="42.375610000" lon="-2.760860000">
        <ele>559.000</ele>
      </trkpt>
      <trkpt lat="42.375620000" lon="-2.760790000">
        <ele>559.000</ele>
      </trkpt>
      <trkpt lat="42.375630000" lon="-2.760710000">
        <ele>559.000</ele>
      </trkpt>
      <trkpt lat="42.375640000" lon="-2.760670000">
        <ele>559.000</ele>
      </trkpt>
      <trkpt lat="42.375670000" lon="-2.760420000">
        <ele>559.000</ele>
      </trkpt>
      <trkpt lat="42.375680000" lon="-2.760300000">
        <ele>559.000</ele>
      </trkpt>
      <trkpt lat="42.375700000" lon="-2.760170000">
        <ele>559.000</ele>
      </trkpt>
      <trkpt lat="42.375720000" lon="-2.759990000">
        <ele>558.000</ele>
      </trkpt>
      <trkpt lat="42.375730000" lon="-2.759900000">
        <ele>558.000</ele>
      </trkpt>
      <trkpt lat="42.375780000" lon="-2.759510000">
        <ele>558.000</ele>
      </trkpt>
      <trkpt lat="42.375780000" lon="-2.759450000">
        <ele>558.000</ele>
      </trkpt>
      <trkpt lat="42.375800000" lon="-2.759360000">
        <ele>558.000</ele>
      </trkpt>
      <trkpt lat="42.375800000" lon="-2.759300000">
        <ele>558.000</ele>
      </trkpt>
      <trkpt lat="42.375830000" lon="-2.759140000">
        <ele>557.000</ele>
      </trkpt>
      <trkpt lat="42.375850000" lon="-2.759000000">
        <ele>557.000</ele>
      </trkpt>
      <trkpt lat="42.375890000" lon="-2.758840000">
        <ele>557.000</ele>
      </trkpt>
      <trkpt lat="42.375920000" lon="-2.758680000">
        <ele>557.000</ele>
      </trkpt>
      <trkpt lat="42.375970000" lon="-2.758480000">
        <ele>557.000</ele>
      </trkpt>
      <trkpt lat="42.376020000" lon="-2.758300000">
        <ele>557.000</ele>
      </trkpt>
      <trkpt lat="42.376030000" lon="-2.758250000">
        <ele>557.000</ele>
      </trkpt>
      <trkpt lat="42.376060000" lon="-2.758140000">
        <ele>557.000</ele>
      </trkpt>
      <trkpt lat="42.376110000" lon="-2.757970000">
        <ele>556.000</ele>
      </trkpt>
      <trkpt lat="42.376150000" lon="-2.757820000">
        <ele>556.000</ele>
      </trkpt>
      <trkpt lat="42.376170000" lon="-2.757760000">
        <ele>556.000</ele>
      </trkpt>
      <trkpt lat="42.376200000" lon="-2.757690000">
        <ele>556.000</ele>
      </trkpt>
      <trkpt lat="42.376240000" lon="-2.757540000">
        <ele>556.000</ele>
      </trkpt>
      <trkpt lat="42.376300000" lon="-2.757380000">
        <ele>556.000</ele>
      </trkpt>
      <trkpt lat="42.376320000" lon="-2.757320000">
        <ele>556.000</ele>
      </trkpt>
      <trkpt lat="42.376370000" lon="-2.757200000">
        <ele>556.000</ele>
      </trkpt>
      <trkpt lat="42.376440000" lon="-2.757020000">
        <ele>556.000</ele>
      </trkpt>
      <trkpt lat="42.376580000" lon="-2.756720000">
        <ele>555.000</ele>
      </trkpt>
      <trkpt lat="42.376730000" lon="-2.756400000">
        <ele>555.000</ele>
      </trkpt>
      <trkpt lat="42.376780000" lon="-2.756300000">
        <ele>555.000</ele>
      </trkpt>
      <trkpt lat="42.376790000" lon="-2.756260000">
        <ele>554.000</ele>
      </trkpt>
      <trkpt lat="42.376930000" lon="-2.755970000">
        <ele>554.000</ele>
      </trkpt>
      <trkpt lat="42.377070000" lon="-2.755650000">
        <ele>554.000</ele>
      </trkpt>
      <trkpt lat="42.377140000" lon="-2.755500000">
        <ele>553.000</ele>
      </trkpt>
      <trkpt lat="42.377200000" lon="-2.755360000">
        <ele>553.000</ele>
      </trkpt>
      <trkpt lat="42.377260000" lon="-2.755210000">
        <ele>553.000</ele>
      </trkpt>
      <trkpt lat="42.377270000" lon="-2.755200000">
        <ele>552.000</ele>
      </trkpt>
      <trkpt lat="42.377370000" lon="-2.754920000">
        <ele>552.000</ele>
      </trkpt>
      <trkpt lat="42.377460000" lon="-2.754690000">
        <ele>552.000</ele>
      </trkpt>
      <trkpt lat="42.377530000" lon="-2.754460000">
        <ele>551.000</ele>
      </trkpt>
      <trkpt lat="42.377580000" lon="-2.754280000">
        <ele>551.000</ele>
      </trkpt>
      <trkpt lat="42.377640000" lon="-2.754060000">
        <ele>550.000</ele>
      </trkpt>
      <trkpt lat="42.377690000" lon="-2.753850000">
        <ele>549.000</ele>
      </trkpt>
      <trkpt lat="42.377740000" lon="-2.753590000">
        <ele>549.000</ele>
      </trkpt>
      <trkpt lat="42.377750000" lon="-2.753550000">
        <ele>548.000</ele>
      </trkpt>
      <trkpt lat="42.377790000" lon="-2.753330000">
        <ele>548.000</ele>
      </trkpt>
      <trkpt lat="42.377880000" lon="-2.752840000">
        <ele>547.000</ele>
      </trkpt>
      <trkpt lat="42.377880000" lon="-2.752830000">
        <ele>546.000</ele>
      </trkpt>
      <trkpt lat="42.377910000" lon="-2.752610000">
        <ele>546.000</ele>
      </trkpt>
      <trkpt lat="42.377930000" lon="-2.752470000">
        <ele>545.000</ele>
      </trkpt>
      <trkpt lat="42.377960000" lon="-2.752300000">
        <ele>545.000</ele>
      </trkpt>
      <trkpt lat="42.378000000" lon="-2.752080000">
        <ele>544.000</ele>
      </trkpt>
      <trkpt lat="42.378050000" lon="-2.751710000">
        <ele>544.000</ele>
      </trkpt>
      <trkpt lat="42.378090000" lon="-2.751430000">
        <ele>544.000</ele>
      </trkpt>
      <trkpt lat="42.378120000" lon="-2.751240000">
        <ele>543.000</ele>
      </trkpt>
      <trkpt lat="42.378130000" lon="-2.751120000">
        <ele>543.000</ele>
      </trkpt>
      <trkpt lat="42.378150000" lon="-2.750940000">
        <ele>543.000</ele>
      </trkpt>
      <trkpt lat="42.378160000" lon="-2.750720000">
        <ele>542.000</ele>
      </trkpt>
      <trkpt lat="42.378170000" lon="-2.750550000">
        <ele>542.000</ele>
      </trkpt>
      <trkpt lat="42.378180000" lon="-2.750320000">
        <ele>542.000</ele>
      </trkpt>
      <trkpt lat="42.378170000" lon="-2.749980000">
        <ele>541.000</ele>
      </trkpt>
      <trkpt lat="42.378170000" lon="-2.749790000">
        <ele>541.000</ele>
      </trkpt>
      <trkpt lat="42.378170000" lon="-2.749600000">
        <ele>541.000</ele>
      </trkpt>
      <trkpt lat="42.378160000" lon="-2.749430000">
        <ele>540.000</ele>
      </trkpt>
      <trkpt lat="42.378140000" lon="-2.749220000">
        <ele>540.000</ele>
      </trkpt>
      <trkpt lat="42.378130000" lon="-2.749080000">
        <ele>540.000</ele>
      </trkpt>
      <trkpt lat="42.378050000" lon="-2.748240000">
        <ele>539.000</ele>
      </trkpt>
      <trkpt lat="42.378050000" lon="-2.748150000">
        <ele>539.000</ele>
      </trkpt>
      <trkpt lat="42.378050000" lon="-2.748020000">
        <ele>539.000</ele>
      </trkpt>
      <trkpt lat="42.378050000" lon="-2.747850000">
        <ele>538.000</ele>
      </trkpt>
      <trkpt lat="42.378060000" lon="-2.747510000">
        <ele>538.000</ele>
      </trkpt>
      <trkpt lat="42.378060000" lon="-2.747380000">
        <ele>538.000</ele>
      </trkpt>
      <trkpt lat="42.378070000" lon="-2.747070000">
        <ele>537.000</ele>
      </trkpt>
      <trkpt lat="42.378080000" lon="-2.746870000">
        <ele>536.000</ele>
      </trkpt>
      <trkpt lat="42.378080000" lon="-2.746820000">
        <ele>536.000</ele>
      </trkpt>
      <trkpt lat="42.378090000" lon="-2.746700000">
        <ele>535.000</ele>
      </trkpt>
      <trkpt lat="42.378090000" lon="-2.746660000">
        <ele>535.000</ele>
      </trkpt>
      <trkpt lat="42.378090000" lon="-2.746570000">
        <ele>535.000</ele>
      </trkpt>
      <trkpt lat="42.378090000" lon="-2.746450000">
        <ele>534.000</ele>
      </trkpt>
      <trkpt lat="42.378080000" lon="-2.746360000">
        <ele>534.000</ele>
      </trkpt>
      <trkpt lat="42.378080000" lon="-2.746300000">
        <ele>534.000</ele>
      </trkpt>
      <trkpt lat="42.378060000" lon="-2.746040000">
        <ele>533.000</ele>
      </trkpt>
      <trkpt lat="42.378050000" lon="-2.745920000">
        <ele>533.000</ele>
      </trkpt>
      <trkpt lat="42.378040000" lon="-2.745590000">
        <ele>532.000</ele>
      </trkpt>
      <trkpt lat="42.378020000" lon="-2.745390000">
        <ele>531.000</ele>
      </trkpt>
      <trkpt lat="42.378020000" lon="-2.745320000">
        <ele>531.000</ele>
      </trkpt>
      <trkpt lat="42.378000000" lon="-2.745070000">
        <ele>530.000</ele>
      </trkpt>
      <trkpt lat="42.377980000" lon="-2.744930000">
        <ele>529.000</ele>
      </trkpt>
      <trkpt lat="42.378010000" lon="-2.744790000">
        <ele>528.000</ele>
      </trkpt>
      <trkpt lat="42.378010000" lon="-2.744790000">
        <ele>528.000</ele>
      </trkpt>
      <trkpt lat="42.378220000" lon="-2.744510000">
        <ele>527.000</ele>
      </trkpt>
      <trkpt lat="42.378310000" lon="-2.744330000">
        <ele>526.000</ele>
      </trkpt>
      <trkpt lat="42.378350000" lon="-2.744210000">
        <ele>525.000</ele>
      </trkpt>
      <trkpt lat="42.378370000" lon="-2.744120000">
        <ele>524.000</ele>
      </trkpt>
      <trkpt lat="42.378390000" lon="-2.744040000">
        <ele>524.000</ele>
      </trkpt>
      <trkpt lat="42.378440000" lon="-2.743950000">
        <ele>523.000</ele>
      </trkpt>
      <trkpt lat="42.378490000" lon="-2.743560000">
        <ele>522.000</ele>
      </trkpt>
      <trkpt lat="42.378530000" lon="-2.743220000">
        <ele>521.000</ele>
      </trkpt>
      <trkpt lat="42.378540000" lon="-2.743200000">
        <ele>520.000</ele>
      </trkpt>
      <trkpt lat="42.378560000" lon="-2.742950000">
        <ele>519.000</ele>
      </trkpt>
      <trkpt lat="42.378580000" lon="-2.742730000">
        <ele>518.000</ele>
      </trkpt>
      <trkpt lat="42.378600000" lon="-2.742520000">
        <ele>517.000</ele>
      </trkpt>
      <trkpt lat="42.378610000" lon="-2.742480000">
        <ele>516.000</ele>
      </trkpt>
      <trkpt lat="42.378620000" lon="-2.742330000">
        <ele>516.000</ele>
      </trkpt>
      <trkpt lat="42.378620000" lon="-2.742250000">
        <ele>516.000</ele>
      </trkpt>
      <trkpt lat="42.378670000" lon="-2.741850000">
        <ele>516.000</ele>
      </trkpt>
      <trkpt lat="42.378750000" lon="-2.740980000">
        <ele>515.000</ele>
      </trkpt>
      <trkpt lat="42.378790000" lon="-2.740640000">
        <ele>515.000</ele>
      </trkpt>
      <trkpt lat="42.378860000" lon="-2.739910000">
        <ele>515.000</ele>
      </trkpt>
      <trkpt lat="42.378870000" lon="-2.739810000">
        <ele>515.000</ele>
      </trkpt>
      <trkpt lat="42.378910000" lon="-2.739480000">
        <ele>515.000</ele>
      </trkpt>
      <trkpt lat="42.378950000" lon="-2.739190000">
        <ele>515.000</ele>
      </trkpt>
      <trkpt lat="42.379030000" lon="-2.738920000">
        <ele>515.000</ele>
      </trkpt>
      <trkpt lat="42.379160000" lon="-2.738640000">
        <ele>515.000</ele>
      </trkpt>
      <trkpt lat="42.379240000" lon="-2.738510000">
        <ele>515.000</ele>
      </trkpt>
      <trkpt lat="42.379310000" lon="-2.738460000">
        <ele>515.000</ele>
      </trkpt>
      <trkpt lat="42.379650000" lon="-2.738150000">
        <ele>515.000</ele>
      </trkpt>
      <trkpt lat="42.379810000" lon="-2.738030000">
        <ele>515.000</ele>
      </trkpt>
      <trkpt lat="42.379830000" lon="-2.738020000">
        <ele>515.000</ele>
      </trkpt>
      <trkpt lat="42.379980000" lon="-2.737910000">
        <ele>515.000</ele>
      </trkpt>
      <trkpt lat="42.380370000" lon="-2.737640000">
        <ele>515.000</ele>
      </trkpt>
      <trkpt lat="42.380390000" lon="-2.737620000">
        <ele>515.000</ele>
      </trkpt>
      <trkpt lat="42.380490000" lon="-2.737560000">
        <ele>515.000</ele>
      </trkpt>
      <trkpt lat="42.380690000" lon="-2.737420000">
        <ele>515.000</ele>
      </trkpt>
      <trkpt lat="42.381010000" lon="-2.737210000">
        <ele>515.000</ele>
      </trkpt>
      <trkpt lat="42.381220000" lon="-2.737070000">
        <ele>515.000</ele>
      </trkpt>
      <trkpt lat="42.381340000" lon="-2.737000000">
        <ele>515.000</ele>
      </trkpt>
      <trkpt lat="42.382110000" lon="-2.736520000">
        <ele>515.000</ele>
      </trkpt>
      <trkpt lat="42.382150000" lon="-2.736500000">
        <ele>515.000</ele>
      </trkpt>
      <trkpt lat="42.382310000" lon="-2.736400000">
        <ele>515.000</ele>
      </trkpt>
      <trkpt lat="42.382560000" lon="-2.736250000">
        <ele>514.000</ele>
      </trkpt>
      <trkpt lat="42.382600000" lon="-2.736220000">
        <ele>514.000</ele>
      </trkpt>
      <trkpt lat="42.382640000" lon="-2.736200000">
        <ele>514.000</ele>
      </trkpt>
      <trkpt lat="42.382680000" lon="-2.736180000">
        <ele>514.000</ele>
      </trkpt>
      <trkpt lat="42.382960000" lon="-2.735990000">
        <ele>514.000</ele>
      </trkpt>
      <trkpt lat="42.383120000" lon="-2.735890000">
        <ele>514.000</ele>
      </trkpt>
      <trkpt lat="42.383210000" lon="-2.735840000">
        <ele>514.000</ele>
      </trkpt>
      <trkpt lat="42.383280000" lon="-2.735790000">
        <ele>514.000</ele>
      </trkpt>
      <trkpt lat="42.383930000" lon="-2.735380000">
        <ele>514.000</ele>
      </trkpt>
      <trkpt lat="42.384100000" lon="-2.735280000">
        <ele>514.000</ele>
      </trkpt>
      <trkpt lat="42.384580000" lon="-2.734980000">
        <ele>513.000</ele>
      </trkpt>
      <trkpt lat="42.385070000" lon="-2.734670000">
        <ele>513.000</ele>
      </trkpt>
      <trkpt lat="42.385170000" lon="-2.734610000">
        <ele>513.000</ele>
      </trkpt>
      <trkpt lat="42.385200000" lon="-2.734590000">
        <ele>513.000</ele>
      </trkpt>
      <trkpt lat="42.385390000" lon="-2.734450000">
        <ele>512.000</ele>
      </trkpt>
      <trkpt lat="42.385750000" lon="-2.734200000">
        <ele>512.000</ele>
      </trkpt>
      <trkpt lat="42.385780000" lon="-2.734170000">
        <ele>512.000</ele>
      </trkpt>
      <trkpt lat="42.386110000" lon="-2.733880000">
        <ele>512.000</ele>
      </trkpt>
      <trkpt lat="42.386200000" lon="-2.733780000">
        <ele>512.000</ele>
      </trkpt>
      <trkpt lat="42.386520000" lon="-2.733430000">
        <ele>511.000</ele>
      </trkpt>
      <trkpt lat="42.386600000" lon="-2.733350000">
        <ele>511.000</ele>
      </trkpt>
      <trkpt lat="42.386790000" lon="-2.733140000">
        <ele>511.000</ele>
      </trkpt>
      <trkpt lat="42.386970000" lon="-2.732980000">
        <ele>511.000</ele>
      </trkpt>
      <trkpt lat="42.387180000" lon="-2.732870000">
        <ele>511.000</ele>
      </trkpt>
      <trkpt lat="42.387330000" lon="-2.732790000">
        <ele>511.000</ele>
      </trkpt>
      <trkpt lat="42.387530000" lon="-2.732730000">
        <ele>511.000</ele>
      </trkpt>
      <trkpt lat="42.387610000" lon="-2.732710000">
        <ele>510.000</ele>
      </trkpt>
      <trkpt lat="42.387780000" lon="-2.732700000">
        <ele>510.000</ele>
      </trkpt>
      <trkpt lat="42.388170000" lon="-2.732720000">
        <ele>510.000</ele>
      </trkpt>
      <trkpt lat="42.388180000" lon="-2.732730000">
        <ele>510.000</ele>
      </trkpt>
      <trkpt lat="42.388210000" lon="-2.732750000">
        <ele>509.000</ele>
      </trkpt>
      <trkpt lat="42.388450000" lon="-2.732740000">
        <ele>509.000</ele>
      </trkpt>
      <trkpt lat="42.388780000" lon="-2.732760000">
        <ele>509.000</ele>
      </trkpt>
      <trkpt lat="42.389680000" lon="-2.732810000">
        <ele>508.000</ele>
      </trkpt>
      <trkpt lat="42.389760000" lon="-2.732770000">
        <ele>508.000</ele>
      </trkpt>
      <trkpt lat="42.389770000" lon="-2.732770000">
        <ele>507.000</ele>
      </trkpt>
      <trkpt lat="42.390090000" lon="-2.732790000">
        <ele>507.000</ele>
      </trkpt>
      <trkpt lat="42.390350000" lon="-2.732810000">
        <ele>507.000</ele>
      </trkpt>
      <trkpt lat="42.390510000" lon="-2.732820000">
        <ele>507.000</ele>
      </trkpt>
      <trkpt lat="42.390510000" lon="-2.732820000">
        <ele>507.000</ele>
      </trkpt>
      <trkpt lat="42.390750000" lon="-2.732740000">
        <ele>507.000</ele>
      </trkpt>
      <trkpt lat="42.390910000" lon="-2.732680000">
        <ele>507.000</ele>
      </trkpt>
      <trkpt lat="42.391030000" lon="-2.732620000">
        <ele>507.000</ele>
      </trkpt>
      <trkpt lat="42.391150000" lon="-2.732540000">
        <ele>507.000</ele>
      </trkpt>
      <trkpt lat="42.391230000" lon="-2.732490000">
        <ele>507.000</ele>
      </trkpt>
      <trkpt lat="42.391330000" lon="-2.732390000">
        <ele>507.000</ele>
      </trkpt>
      <trkpt lat="42.391350000" lon="-2.732370000">
        <ele>507.000</ele>
      </trkpt>
      <trkpt lat="42.391400000" lon="-2.732330000">
        <ele>507.000</ele>
      </trkpt>
      <trkpt lat="42.391480000" lon="-2.732240000">
        <ele>508.000</ele>
      </trkpt>
      <trkpt lat="42.391520000" lon="-2.732210000">
        <ele>508.000</ele>
      </trkpt>
      <trkpt lat="42.391540000" lon="-2.732180000">
        <ele>508.000</ele>
      </trkpt>
      <trkpt lat="42.391550000" lon="-2.732160000">
        <ele>508.000</ele>
      </trkpt>
      <trkpt lat="42.391570000" lon="-2.732140000">
        <ele>508.000</ele>
      </trkpt>
      <trkpt lat="42.391600000" lon="-2.732090000">
        <ele>508.000</ele>
      </trkpt>
      <trkpt lat="42.391640000" lon="-2.732030000">
        <ele>509.000</ele>
      </trkpt>
      <trkpt lat="42.391690000" lon="-2.731940000">
        <ele>509.000</ele>
      </trkpt>
      <trkpt lat="42.391740000" lon="-2.731840000">
        <ele>509.000</ele>
      </trkpt>
      <trkpt lat="42.391760000" lon="-2.731800000">
        <ele>509.000</ele>
      </trkpt>
      <trkpt lat="42.391820000" lon="-2.731670000">
        <ele>510.000</ele>
      </trkpt>
      <trkpt lat="42.391860000" lon="-2.731550000">
        <ele>510.000</ele>
      </trkpt>
      <trkpt lat="42.391890000" lon="-2.731460000">
        <ele>510.000</ele>
      </trkpt>
      <trkpt lat="42.391900000" lon="-2.731410000">
        <ele>511.000</ele>
      </trkpt>
      <trkpt lat="42.391920000" lon="-2.731330000">
        <ele>511.000</ele>
      </trkpt>
      <trkpt lat="42.391950000" lon="-2.731220000">
        <ele>511.000</ele>
      </trkpt>
      <trkpt lat="42.391980000" lon="-2.731030000">
        <ele>512.000</ele>
      </trkpt>
      <trkpt lat="42.391990000" lon="-2.730980000">
        <ele>512.000</ele>
      </trkpt>
      <trkpt lat="42.392010000" lon="-2.730860000">
        <ele>512.000</ele>
      </trkpt>
      <trkpt lat="42.392020000" lon="-2.730860000">
        <ele>513.000</ele>
      </trkpt>
      <trkpt lat="42.392050000" lon="-2.730640000">
        <ele>513.000</ele>
      </trkpt>
      <trkpt lat="42.392080000" lon="-2.730490000">
        <ele>513.000</ele>
      </trkpt>
      <trkpt lat="42.392110000" lon="-2.730380000">
        <ele>514.000</ele>
      </trkpt>
      <trkpt lat="42.392140000" lon="-2.730260000">
        <ele>514.000</ele>
      </trkpt>
      <trkpt lat="42.392170000" lon="-2.730140000">
        <ele>515.000</ele>
      </trkpt>
      <trkpt lat="42.392210000" lon="-2.730020000">
        <ele>515.000</ele>
      </trkpt>
      <trkpt lat="42.392250000" lon="-2.729940000">
        <ele>515.000</ele>
      </trkpt>
      <trkpt lat="42.392260000" lon="-2.729920000">
        <ele>516.000</ele>
      </trkpt>
      <trkpt lat="42.392350000" lon="-2.729720000">
        <ele>516.000</ele>
      </trkpt>
      <trkpt lat="42.392480000" lon="-2.729430000">
        <ele>517.000</ele>
      </trkpt>
      <trkpt lat="42.392580000" lon="-2.729230000">
        <ele>517.000</ele>
      </trkpt>
      <trkpt lat="42.392700000" lon="-2.728980000">
        <ele>518.000</ele>
      </trkpt>
      <trkpt lat="42.392870000" lon="-2.728620000">
        <ele>518.000</ele>
      </trkpt>
      <trkpt lat="42.393060000" lon="-2.728220000">
        <ele>519.000</ele>
      </trkpt>
      <trkpt lat="42.393290000" lon="-2.727730000">
        <ele>520.000</ele>
      </trkpt>
      <trkpt lat="42.393490000" lon="-2.727330000">
        <ele>521.000</ele>
      </trkpt>
      <trkpt lat="42.393880000" lon="-2.726650000">
        <ele>522.000</ele>
      </trkpt>
      <trkpt lat="42.393940000" lon="-2.726530000">
        <ele>523.000</ele>
      </trkpt>
      <trkpt lat="42.394120000" lon="-2.726220000">
        <ele>523.000</ele>
      </trkpt>
      <trkpt lat="42.394450000" lon="-2.725640000">
        <ele>523.000</ele>
      </trkpt>
      <trkpt lat="42.394670000" lon="-2.725250000">
        <ele>524.000</ele>
      </trkpt>
      <trkpt lat="42.395050000" lon="-2.724540000">
        <ele>525.000</ele>
      </trkpt>
      <trkpt lat="42.395160000" lon="-2.724360000">
        <ele>526.000</ele>
      </trkpt>
      <trkpt lat="42.395200000" lon="-2.724270000">
        <ele>526.000</ele>
      </trkpt>
      <trkpt lat="42.395460000" lon="-2.723800000">
        <ele>527.000</ele>
      </trkpt>
      <trkpt lat="42.395620000" lon="-2.723480000">
        <ele>528.000</ele>
      </trkpt>
      <trkpt lat="42.395730000" lon="-2.723290000">
        <ele>529.000</ele>
      </trkpt>
      <trkpt lat="42.395740000" lon="-2.723260000">
        <ele>529.000</ele>
      </trkpt>
      <trkpt lat="42.395830000" lon="-2.723090000">
        <ele>529.000</ele>
      </trkpt>
      <trkpt lat="42.395910000" lon="-2.722940000">
        <ele>529.000</ele>
      </trkpt>
      <trkpt lat="42.395960000" lon="-2.722840000">
        <ele>530.000</ele>
      </trkpt>
      <trkpt lat="42.395990000" lon="-2.722770000">
        <ele>530.000</ele>
      </trkpt>
      <trkpt lat="42.396010000" lon="-2.722710000">
        <ele>530.000</ele>
      </trkpt>
      <trkpt lat="42.396020000" lon="-2.722680000">
        <ele>530.000</ele>
      </trkpt>
      <trkpt lat="42.396030000" lon="-2.722660000">
        <ele>530.000</ele>
      </trkpt>
      <trkpt lat="42.396040000" lon="-2.722630000">
        <ele>530.000</ele>
      </trkpt>
      <trkpt lat="42.396070000" lon="-2.722550000">
        <ele>530.000</ele>
      </trkpt>
      <trkpt lat="42.396110000" lon="-2.722400000">
        <ele>530.000</ele>
      </trkpt>
      <trkpt lat="42.396150000" lon="-2.722250000">
        <ele>530.000</ele>
      </trkpt>
      <trkpt lat="42.396200000" lon="-2.722060000">
        <ele>530.000</ele>
      </trkpt>
      <trkpt lat="42.396260000" lon="-2.721820000">
        <ele>530.000</ele>
      </trkpt>
      <trkpt lat="42.396270000" lon="-2.721760000">
        <ele>530.000</ele>
      </trkpt>
      <trkpt lat="42.396310000" lon="-2.721630000">
        <ele>530.000</ele>
      </trkpt>
      <trkpt lat="42.396330000" lon="-2.721550000">
        <ele>530.000</ele>
      </trkpt>
      <trkpt lat="42.396340000" lon="-2.721530000">
        <ele>530.000</ele>
      </trkpt>
      <trkpt lat="42.396370000" lon="-2.721420000">
        <ele>530.000</ele>
      </trkpt>
      <trkpt lat="42.396400000" lon="-2.721340000">
        <ele>530.000</ele>
      </trkpt>
      <trkpt lat="42.396430000" lon="-2.721240000">
        <ele>530.000</ele>
      </trkpt>
      <trkpt lat="42.396470000" lon="-2.721140000">
        <ele>531.000</ele>
      </trkpt>
      <trkpt lat="42.396480000" lon="-2.721120000">
        <ele>531.000</ele>
      </trkpt>
      <trkpt lat="42.396510000" lon="-2.721040000">
        <ele>531.000</ele>
      </trkpt>
      <trkpt lat="42.396540000" lon="-2.720980000">
        <ele>531.000</ele>
      </trkpt>
      <trkpt lat="42.396560000" lon="-2.720930000">
        <ele>531.000</ele>
      </trkpt>
      <trkpt lat="42.396570000" lon="-2.720910000">
        <ele>531.000</ele>
      </trkpt>
      <trkpt lat="42.396610000" lon="-2.720820000">
        <ele>532.000</ele>
      </trkpt>
      <trkpt lat="42.396670000" lon="-2.720720000">
        <ele>532.000</ele>
      </trkpt>
      <trkpt lat="42.396670000" lon="-2.720710000">
        <ele>532.000</ele>
      </trkpt>
      <trkpt lat="42.396680000" lon="-2.720680000">
        <ele>532.000</ele>
      </trkpt>
      <trkpt lat="42.396720000" lon="-2.720620000">
        <ele>532.000</ele>
      </trkpt>
      <trkpt lat="42.396750000" lon="-2.720560000">
        <ele>532.000</ele>
      </trkpt>
      <trkpt lat="42.396790000" lon="-2.720500000">
        <ele>533.000</ele>
      </trkpt>
      <trkpt lat="42.396830000" lon="-2.720440000">
        <ele>533.000</ele>
      </trkpt>
      <trkpt lat="42.396880000" lon="-2.720360000">
        <ele>533.000</ele>
      </trkpt>
      <trkpt lat="42.396900000" lon="-2.720340000">
        <ele>533.000</ele>
      </trkpt>
      <trkpt lat="42.396940000" lon="-2.720270000">
        <ele>533.000</ele>
      </trkpt>
      <trkpt lat="42.397180000" lon="-2.719960000">
        <ele>534.000</ele>
      </trkpt>
      <trkpt lat="42.397340000" lon="-2.719740000">
        <ele>535.000</ele>
      </trkpt>
      <trkpt lat="42.397400000" lon="-2.719650000">
        <ele>535.000</ele>
      </trkpt>
      <trkpt lat="42.397500000" lon="-2.719520000">
        <ele>536.000</ele>
      </trkpt>
      <trkpt lat="42.397530000" lon="-2.719480000">
        <ele>536.000</ele>
      </trkpt>
      <trkpt lat="42.397550000" lon="-2.719410000">
        <ele>537.000</ele>
      </trkpt>
      <trkpt lat="42.397580000" lon="-2.719360000">
        <ele>537.000</ele>
      </trkpt>
      <trkpt lat="42.397670000" lon="-2.719220000">
        <ele>537.000</ele>
      </trkpt>
      <trkpt lat="42.397680000" lon="-2.719200000">
        <ele>537.000</ele>
      </trkpt>
      <trkpt lat="42.397790000" lon="-2.719040000">
        <ele>537.000</ele>
      </trkpt>
      <trkpt lat="42.397880000" lon="-2.718880000">
        <ele>537.000</ele>
      </trkpt>
      <trkpt lat="42.397900000" lon="-2.718850000">
        <ele>537.000</ele>
      </trkpt>
      <trkpt lat="42.398180000" lon="-2.718430000">
        <ele>537.000</ele>
      </trkpt>
      <trkpt lat="42.398370000" lon="-2.718090000">
        <ele>537.000</ele>
      </trkpt>
      <trkpt lat="42.398740000" lon="-2.717480000">
        <ele>537.000</ele>
      </trkpt>
      <trkpt lat="42.398850000" lon="-2.717300000">
        <ele>538.000</ele>
      </trkpt>
      <trkpt lat="42.398920000" lon="-2.717250000">
        <ele>538.000</ele>
      </trkpt>
      <trkpt lat="42.399010000" lon="-2.717110000">
        <ele>538.000</ele>
      </trkpt>
      <trkpt lat="42.399110000" lon="-2.716930000">
        <ele>538.000</ele>
      </trkpt>
      <trkpt lat="42.399450000" lon="-2.716340000">
        <ele>539.000</ele>
      </trkpt>
      <trkpt lat="42.399660000" lon="-2.715960000">
        <ele>540.000</ele>
      </trkpt>
      <trkpt lat="42.399700000" lon="-2.715890000">
        <ele>540.000</ele>
      </trkpt>
      <trkpt lat="42.399850000" lon="-2.715610000">
        <ele>541.000</ele>
      </trkpt>
      <trkpt lat="42.399900000" lon="-2.715520000">
        <ele>542.000</ele>
      </trkpt>
      <trkpt lat="42.399900000" lon="-2.715430000">
        <ele>542.000</ele>
      </trkpt>
      <trkpt lat="42.399980000" lon="-2.715310000">
        <ele>542.000</ele>
      </trkpt>
      <trkpt lat="42.400010000" lon="-2.715260000">
        <ele>542.000</ele>
      </trkpt>
      <trkpt lat="42.400070000" lon="-2.715170000">
        <ele>542.000</ele>
      </trkpt>
      <trkpt lat="42.400140000" lon="-2.715090000">
        <ele>542.000</ele>
      </trkpt>
      <trkpt lat="42.400150000" lon="-2.715070000">
        <ele>542.000</ele>
      </trkpt>
      <trkpt lat="42.400190000" lon="-2.715030000">
        <ele>542.000</ele>
      </trkpt>
      <trkpt lat="42.400240000" lon="-2.714970000">
        <ele>542.000</ele>
      </trkpt>
      <trkpt lat="42.400290000" lon="-2.714900000">
        <ele>542.000</ele>
      </trkpt>
      <trkpt lat="42.400410000" lon="-2.714760000">
        <ele>542.000</ele>
      </trkpt>
      <trkpt lat="42.400420000" lon="-2.714760000">
        <ele>542.000</ele>
      </trkpt>
      <trkpt lat="42.400550000" lon="-2.714620000">
        <ele>542.000</ele>
      </trkpt>
      <trkpt lat="42.400610000" lon="-2.714560000">
        <ele>542.000</ele>
      </trkpt>
      <trkpt lat="42.400690000" lon="-2.714500000">
        <ele>542.000</ele>
      </trkpt>
      <trkpt lat="42.400710000" lon="-2.714480000">
        <ele>542.000</ele>
      </trkpt>
      <trkpt lat="42.400770000" lon="-2.714420000">
        <ele>542.000</ele>
      </trkpt>
      <trkpt lat="42.400830000" lon="-2.714370000">
        <ele>542.000</ele>
      </trkpt>
      <trkpt lat="42.400890000" lon="-2.714320000">
        <ele>542.000</ele>
      </trkpt>
      <trkpt lat="42.400990000" lon="-2.714250000">
        <ele>542.000</ele>
      </trkpt>
      <trkpt lat="42.401100000" lon="-2.714170000">
        <ele>542.000</ele>
      </trkpt>
      <trkpt lat="42.401110000" lon="-2.714160000">
        <ele>542.000</ele>
      </trkpt>
      <trkpt lat="42.401170000" lon="-2.714130000">
        <ele>542.000</ele>
      </trkpt>
      <trkpt lat="42.401230000" lon="-2.714090000">
        <ele>542.000</ele>
      </trkpt>
      <trkpt lat="42.401320000" lon="-2.714040000">
        <ele>542.000</ele>
      </trkpt>
      <trkpt lat="42.401420000" lon="-2.714000000">
        <ele>542.000</ele>
      </trkpt>
      <trkpt lat="42.401830000" lon="-2.713890000">
        <ele>542.000</ele>
      </trkpt>
      <trkpt lat="42.401920000" lon="-2.713920000">
        <ele>542.000</ele>
      </trkpt>
      <trkpt lat="42.402320000" lon="-2.713860000">
        <ele>542.000</ele>
      </trkpt>
      <trkpt lat="42.402520000" lon="-2.713830000">
        <ele>541.000</ele>
      </trkpt>
      <trkpt lat="42.404960000" lon="-2.713440000">
        <ele>540.000</ele>
      </trkpt>
      <trkpt lat="42.405150000" lon="-2.713410000">
        <ele>539.000</ele>
      </trkpt>
      <trkpt lat="42.405290000" lon="-2.713390000">
        <ele>539.000</ele>
      </trkpt>
      <trkpt lat="42.405380000" lon="-2.713370000">
        <ele>538.000</ele>
      </trkpt>
      <trkpt lat="42.405510000" lon="-2.713340000">
        <ele>538.000</ele>
      </trkpt>
      <trkpt lat="42.405540000" lon="-2.713330000">
        <ele>538.000</ele>
      </trkpt>
      <trkpt lat="42.405620000" lon="-2.713290000">
        <ele>538.000</ele>
      </trkpt>
      <trkpt lat="42.405700000" lon="-2.713260000">
        <ele>538.000</ele>
      </trkpt>
      <trkpt lat="42.405900000" lon="-2.713160000">
        <ele>538.000</ele>
      </trkpt>
      <trkpt lat="42.406100000" lon="-2.713040000">
        <ele>538.000</ele>
      </trkpt>
      <trkpt lat="42.406170000" lon="-2.712970000">
        <ele>538.000</ele>
      </trkpt>
      <trkpt lat="42.406190000" lon="-2.712950000">
        <ele>538.000</ele>
      </trkpt>
      <trkpt lat="42.406240000" lon="-2.712920000">
        <ele>538.000</ele>
      </trkpt>
      <trkpt lat="42.406330000" lon="-2.712830000">
        <ele>538.000</ele>
      </trkpt>
      <trkpt lat="42.406430000" lon="-2.712720000">
        <ele>538.000</ele>
      </trkpt>
      <trkpt lat="42.406580000" lon="-2.712540000">
        <ele>538.000</ele>
      </trkpt>
      <trkpt lat="42.406660000" lon="-2.712430000">
        <ele>538.000</ele>
      </trkpt>
      <trkpt lat="42.406700000" lon="-2.712380000">
        <ele>538.000</ele>
      </trkpt>
      <trkpt lat="42.406810000" lon="-2.712230000">
        <ele>539.000</ele>
      </trkpt>
      <trkpt lat="42.406920000" lon="-2.712050000">
        <ele>539.000</ele>
      </trkpt>
      <trkpt lat="42.407020000" lon="-2.711880000">
        <ele>539.000</ele>
      </trkpt>
      <trkpt lat="42.407030000" lon="-2.711860000">
        <ele>539.000</ele>
      </trkpt>
      <trkpt lat="42.407160000" lon="-2.711650000">
        <ele>539.000</ele>
      </trkpt>
      <trkpt lat="42.407410000" lon="-2.711240000">
        <ele>539.000</ele>
      </trkpt>
      <trkpt lat="42.407490000" lon="-2.711120000">
        <ele>539.000</ele>
      </trkpt>
      <trkpt lat="42.407770000" lon="-2.710690000">
        <ele>540.000</ele>
      </trkpt>
      <trkpt lat="42.408040000" lon="-2.710270000">
        <ele>540.000</ele>
      </trkpt>
      <trkpt lat="42.408150000" lon="-2.710110000">
        <ele>540.000</ele>
      </trkpt>
      <trkpt lat="42.408190000" lon="-2.710040000">
        <ele>540.000</ele>
      </trkpt>
      <trkpt lat="42.408270000" lon="-2.709920000">
        <ele>540.000</ele>
      </trkpt>
      <trkpt lat="42.408790000" lon="-2.709250000">
        <ele>540.000</ele>
      </trkpt>
      <trkpt lat="42.409390000" lon="-2.708460000">
        <ele>540.000</ele>
      </trkpt>
      <trkpt lat="42.409750000" lon="-2.707910000">
        <ele>540.000</ele>
      </trkpt>
      <trkpt lat="42.409890000" lon="-2.707680000">
        <ele>540.000</ele>
      </trkpt>
      <trkpt lat="42.410100000" lon="-2.707360000">
        <ele>539.000</ele>
      </trkpt>
      <trkpt lat="42.410220000" lon="-2.707170000">
        <ele>539.000</ele>
      </trkpt>
      <trkpt lat="42.410570000" lon="-2.706640000">
        <ele>538.000</ele>
      </trkpt>
      <trkpt lat="42.410580000" lon="-2.706620000">
        <ele>537.000</ele>
      </trkpt>
      <trkpt lat="42.410700000" lon="-2.706450000">
        <ele>537.000</ele>
      </trkpt>
      <trkpt lat="42.410820000" lon="-2.706300000">
        <ele>537.000</ele>
      </trkpt>
      <trkpt lat="42.410990000" lon="-2.706110000">
        <ele>537.000</ele>
      </trkpt>
      <trkpt lat="42.411190000" lon="-2.705940000">
        <ele>537.000</ele>
      </trkpt>
      <trkpt lat="42.411410000" lon="-2.705730000">
        <ele>537.000</ele>
      </trkpt>
      <trkpt lat="42.411630000" lon="-2.705520000">
        <ele>537.000</ele>
      </trkpt>
      <trkpt lat="42.411950000" lon="-2.705250000">
        <ele>537.000</ele>
      </trkpt>
      <trkpt lat="42.412090000" lon="-2.705140000">
        <ele>537.000</ele>
      </trkpt>
      <trkpt lat="42.412130000" lon="-2.705090000">
        <ele>537.000</ele>
      </trkpt>
      <trkpt lat="42.412210000" lon="-2.705040000">
        <ele>538.000</ele>
      </trkpt>
      <trkpt lat="42.412250000" lon="-2.705000000">
        <ele>538.000</ele>
      </trkpt>
      <trkpt lat="42.412270000" lon="-2.704970000">
        <ele>538.000</ele>
      </trkpt>
      <trkpt lat="42.412350000" lon="-2.704840000">
        <ele>538.000</ele>
      </trkpt>
      <trkpt lat="42.412350000" lon="-2.704840000">
        <ele>538.000</ele>
      </trkpt>
      <trkpt lat="42.412350000" lon="-2.704800000">
        <ele>538.000</ele>
      </trkpt>
      <trkpt lat="42.412360000" lon="-2.704770000">
        <ele>538.000</ele>
      </trkpt>
      <trkpt lat="42.412360000" lon="-2.704730000">
        <ele>538.000</ele>
      </trkpt>
      <trkpt lat="42.412370000" lon="-2.704710000">
        <ele>538.000</ele>
      </trkpt>
      <trkpt lat="42.412330000" lon="-2.704470000">
        <ele>539.000</ele>
      </trkpt>
      <trkpt lat="42.412320000" lon="-2.704400000">
        <ele>539.000</ele>
      </trkpt>
      <trkpt lat="42.412260000" lon="-2.704200000">
        <ele>539.000</ele>
      </trkpt>
      <trkpt lat="42.412260000" lon="-2.704140000">
        <ele>539.000</ele>
      </trkpt>
      <trkpt lat="42.412180000" lon="-2.703810000">
        <ele>540.000</ele>
      </trkpt>
      <trkpt lat="42.412140000" lon="-2.703630000">
        <ele>540.000</ele>
      </trkpt>
      <trkpt lat="42.412100000" lon="-2.703500000">
        <ele>540.000</ele>
      </trkpt>
      <trkpt lat="42.412000000" lon="-2.703130000">
        <ele>541.000</ele>
      </trkpt>
      <trkpt lat="42.411880000" lon="-2.702730000">
        <ele>541.000</ele>
      </trkpt>
      <trkpt lat="42.411640000" lon="-2.701880000">
        <ele>542.000</ele>
      </trkpt>
      <trkpt lat="42.411580000" lon="-2.701680000">
        <ele>543.000</ele>
      </trkpt>
      <trkpt lat="42.411550000" lon="-2.701590000">
        <ele>543.000</ele>
      </trkpt>
      <trkpt lat="42.411440000" lon="-2.701190000">
        <ele>544.000</ele>
      </trkpt>
      <trkpt lat="42.411370000" lon="-2.700940000">
        <ele>544.000</ele>
      </trkpt>
      <trkpt lat="42.411310000" lon="-2.700730000">
        <ele>545.000</ele>
      </trkpt>
      <trkpt lat="42.411250000" lon="-2.700520000">
        <ele>545.000</ele>
      </trkpt>
      <trkpt lat="42.411180000" lon="-2.700270000">
        <ele>546.000</ele>
      </trkpt>
      <trkpt lat="42.411090000" lon="-2.699970000">
        <ele>546.000</ele>
      </trkpt>
      <trkpt lat="42.411020000" lon="-2.699720000">
        <ele>547.000</ele>
      </trkpt>
      <trkpt lat="42.410980000" lon="-2.699580000">
        <ele>547.000</ele>
      </trkpt>
      <trkpt lat="42.410580000" lon="-2.698210000">
        <ele>548.000</ele>
      </trkpt>
      <trkpt lat="42.410500000" lon="-2.697930000">
        <ele>549.000</ele>
      </trkpt>
      <trkpt lat="42.410460000" lon="-2.697770000">
        <ele>550.000</ele>
      </trkpt>
      <trkpt lat="42.410270000" lon="-2.697080000">
        <ele>551.000</ele>
      </trkpt>
      <trkpt lat="42.410210000" lon="-2.696880000">
        <ele>552.000</ele>
      </trkpt>
      <trkpt lat="42.410200000" lon="-2.696850000">
        <ele>552.000</ele>
      </trkpt>
      <trkpt lat="42.410170000" lon="-2.696730000">
        <ele>553.000</ele>
      </trkpt>
      <trkpt lat="42.410150000" lon="-2.696660000">
        <ele>553.000</ele>
      </trkpt>
      <trkpt lat="42.410100000" lon="-2.696500000">
        <ele>553.000</ele>
      </trkpt>
      <trkpt lat="42.410040000" lon="-2.696270000">
        <ele>554.000</ele>
      </trkpt>
      <trkpt lat="42.410030000" lon="-2.696270000">
        <ele>554.000</ele>
      </trkpt>
      <trkpt lat="42.409920000" lon="-2.695860000">
        <ele>554.000</ele>
      </trkpt>
      <trkpt lat="42.409910000" lon="-2.695810000">
        <ele>554.000</ele>
      </trkpt>
      <trkpt lat="42.409820000" lon="-2.695530000">
        <ele>555.000</ele>
      </trkpt>
      <trkpt lat="42.409770000" lon="-2.695330000">
        <ele>555.000</ele>
      </trkpt>
      <trkpt lat="42.409610000" lon="-2.694770000">
        <ele>555.000</ele>
      </trkpt>
      <trkpt lat="42.409540000" lon="-2.694520000">
        <ele>555.000</ele>
      </trkpt>
      <trkpt lat="42.409470000" lon="-2.694280000">
        <ele>555.000</ele>
      </trkpt>
      <trkpt lat="42.409410000" lon="-2.694040000">
        <ele>555.000</ele>
      </trkpt>
      <trkpt lat="42.409320000" lon="-2.693600000">
        <ele>555.000</ele>
      </trkpt>
      <trkpt lat="42.409280000" lon="-2.693380000">
        <ele>555.000</ele>
      </trkpt>
      <trkpt lat="42.409240000" lon="-2.693120000">
        <ele>555.000</ele>
      </trkpt>
      <trkpt lat="42.409210000" lon="-2.692940000">
        <ele>555.000</ele>
      </trkpt>
      <trkpt lat="42.409190000" lon="-2.692750000">
        <ele>555.000</ele>
      </trkpt>
      <trkpt lat="42.409150000" lon="-2.692410000">
        <ele>555.000</ele>
      </trkpt>
      <trkpt lat="42.409140000" lon="-2.692280000">
        <ele>555.000</ele>
      </trkpt>
      <trkpt lat="42.409140000" lon="-2.692210000">
        <ele>555.000</ele>
      </trkpt>
      <trkpt lat="42.409120000" lon="-2.691950000">
        <ele>555.000</ele>
      </trkpt>
      <trkpt lat="42.409120000" lon="-2.691920000">
        <ele>555.000</ele>
      </trkpt>
      <trkpt lat="42.409110000" lon="-2.691710000">
        <ele>555.000</ele>
      </trkpt>
      <trkpt lat="42.409100000" lon="-2.691530000">
        <ele>555.000</ele>
      </trkpt>
      <trkpt lat="42.409090000" lon="-2.691230000">
        <ele>555.000</ele>
      </trkpt>
      <trkpt lat="42.409090000" lon="-2.691070000">
        <ele>555.000</ele>
      </trkpt>
      <trkpt lat="42.409080000" lon="-2.690870000">
        <ele>555.000</ele>
      </trkpt>
      <trkpt lat="42.409090000" lon="-2.690730000">
        <ele>555.000</ele>
      </trkpt>
      <trkpt lat="42.409090000" lon="-2.690590000">
        <ele>555.000</ele>
      </trkpt>
      <trkpt lat="42.409090000" lon="-2.690440000">
        <ele>555.000</ele>
      </trkpt>
      <trkpt lat="42.409100000" lon="-2.690280000">
        <ele>555.000</ele>
      </trkpt>
      <trkpt lat="42.409110000" lon="-2.690140000">
        <ele>555.000</ele>
      </trkpt>
      <trkpt lat="42.409120000" lon="-2.689990000">
        <ele>555.000</ele>
      </trkpt>
      <trkpt lat="42.409130000" lon="-2.689910000">
        <ele>555.000</ele>
      </trkpt>
      <trkpt lat="42.409130000" lon="-2.689900000">
        <ele>555.000</ele>
      </trkpt>
      <trkpt lat="42.409130000" lon="-2.689840000">
        <ele>555.000</ele>
      </trkpt>
      <trkpt lat="42.409160000" lon="-2.689630000">
        <ele>555.000</ele>
      </trkpt>
      <trkpt lat="42.409190000" lon="-2.689470000">
        <ele>555.000</ele>
      </trkpt>
      <trkpt lat="42.409220000" lon="-2.689300000">
        <ele>554.000</ele>
      </trkpt>
      <trkpt lat="42.409220000" lon="-2.689280000">
        <ele>554.000</ele>
      </trkpt>
      <trkpt lat="42.409280000" lon="-2.689000000">
        <ele>554.000</ele>
      </trkpt>
      <trkpt lat="42.409310000" lon="-2.688850000">
        <ele>554.000</ele>
      </trkpt>
      <trkpt lat="42.409350000" lon="-2.688630000">
        <ele>554.000</ele>
      </trkpt>
      <trkpt lat="42.409430000" lon="-2.688230000">
        <ele>553.000</ele>
      </trkpt>
      <trkpt lat="42.409520000" lon="-2.687830000">
        <ele>553.000</ele>
      </trkpt>
      <trkpt lat="42.409560000" lon="-2.687620000">
        <ele>553.000</ele>
      </trkpt>
      <trkpt lat="42.409610000" lon="-2.687340000">
        <ele>553.000</ele>
      </trkpt>
      <trkpt lat="42.409700000" lon="-2.686940000">
        <ele>553.000</ele>
      </trkpt>
      <trkpt lat="42.409760000" lon="-2.686610000">
        <ele>553.000</ele>
      </trkpt>
      <trkpt lat="42.409830000" lon="-2.686300000">
        <ele>553.000</ele>
      </trkpt>
      <trkpt lat="42.409900000" lon="-2.685920000">
        <ele>553.000</ele>
      </trkpt>
      <trkpt lat="42.409960000" lon="-2.685660000">
        <ele>553.000</ele>
      </trkpt>
      <trkpt lat="42.410080000" lon="-2.685050000">
        <ele>553.000</ele>
      </trkpt>
      <trkpt lat="42.410140000" lon="-2.684760000">
        <ele>553.000</ele>
      </trkpt>
      <trkpt lat="42.410160000" lon="-2.684670000">
        <ele>553.000</ele>
      </trkpt>
      <trkpt lat="42.410320000" lon="-2.683890000">
        <ele>553.000</ele>
      </trkpt>
      <trkpt lat="42.410610000" lon="-2.682510000">
        <ele>553.000</ele>
      </trkpt>
      <trkpt lat="42.410780000" lon="-2.681590000">
        <ele>554.000</ele>
      </trkpt>
      <trkpt lat="42.411030000" lon="-2.680380000">
        <ele>554.000</ele>
      </trkpt>
      <trkpt lat="42.411120000" lon="-2.679940000">
        <ele>555.000</ele>
      </trkpt>
      <trkpt lat="42.411220000" lon="-2.679450000">
        <ele>556.000</ele>
      </trkpt>
      <trkpt lat="42.411270000" lon="-2.679220000">
        <ele>556.000</ele>
      </trkpt>
      <trkpt lat="42.411370000" lon="-2.678730000">
        <ele>557.000</ele>
      </trkpt>
      <trkpt lat="42.411520000" lon="-2.678050000">
        <ele>558.000</ele>
      </trkpt>
      <trkpt lat="42.411520000" lon="-2.678030000">
        <ele>558.000</ele>
      </trkpt>
      <trkpt lat="42.411600000" lon="-2.677650000">
        <ele>559.000</ele>
      </trkpt>
      <trkpt lat="42.411660000" lon="-2.677350000">
        <ele>559.000</ele>
      </trkpt>
      <trkpt lat="42.411690000" lon="-2.677200000">
        <ele>560.000</ele>
      </trkpt>
      <trkpt lat="42.411720000" lon="-2.677050000">
        <ele>561.000</ele>
      </trkpt>
      <trkpt lat="42.411740000" lon="-2.676980000">
        <ele>561.000</ele>
      </trkpt>
      <trkpt lat="42.411760000" lon="-2.676870000">
        <ele>562.000</ele>
      </trkpt>
      <trkpt lat="42.411770000" lon="-2.676830000">
        <ele>562.000</ele>
      </trkpt>
      <trkpt lat="42.411800000" lon="-2.676680000">
        <ele>562.000</ele>
      </trkpt>
      <trkpt lat="42.411810000" lon="-2.676640000">
        <ele>563.000</ele>
      </trkpt>
      <trkpt lat="42.411840000" lon="-2.676480000">
        <ele>563.000</ele>
      </trkpt>
      <trkpt lat="42.411860000" lon="-2.676400000">
        <ele>564.000</ele>
      </trkpt>
      <trkpt lat="42.411870000" lon="-2.676330000">
        <ele>564.000</ele>
      </trkpt>
      <trkpt lat="42.411880000" lon="-2.676240000">
        <ele>564.000</ele>
      </trkpt>
      <trkpt lat="42.411890000" lon="-2.676180000">
        <ele>565.000</ele>
      </trkpt>
      <trkpt lat="42.411900000" lon="-2.676140000">
        <ele>565.000</ele>
      </trkpt>
      <trkpt lat="42.411920000" lon="-2.676060000">
        <ele>565.000</ele>
      </trkpt>
      <trkpt lat="42.411970000" lon="-2.675760000">
        <ele>566.000</ele>
      </trkpt>
      <trkpt lat="42.412050000" lon="-2.675230000">
        <ele>567.000</ele>
      </trkpt>
      <trkpt lat="42.412070000" lon="-2.675040000">
        <ele>568.000</ele>
      </trkpt>
      <trkpt lat="42.412090000" lon="-2.674650000">
        <ele>569.000</ele>
      </trkpt>
      <trkpt lat="42.412100000" lon="-2.674400000">
        <ele>570.000</ele>
      </trkpt>
      <trkpt lat="42.412100000" lon="-2.674000000">
        <ele>571.000</ele>
      </trkpt>
      <trkpt lat="42.412100000" lon="-2.673950000">
        <ele>572.000</ele>
      </trkpt>
      <trkpt lat="42.412090000" lon="-2.673790000">
        <ele>573.000</ele>
      </trkpt>
      <trkpt lat="42.412080000" lon="-2.673760000">
        <ele>573.000</ele>
      </trkpt>
      <trkpt lat="42.412080000" lon="-2.673720000">
        <ele>573.000</ele>
      </trkpt>
      <trkpt lat="42.412040000" lon="-2.673320000">
        <ele>574.000</ele>
      </trkpt>
      <trkpt lat="42.411960000" lon="-2.672760000">
        <ele>575.000</ele>
      </trkpt>
      <trkpt lat="42.411880000" lon="-2.672150000">
        <ele>576.000</ele>
      </trkpt>
      <trkpt lat="42.411660000" lon="-2.670480000">
        <ele>578.000</ele>
      </trkpt>
      <trkpt lat="42.411590000" lon="-2.669930000">
        <ele>580.000</ele>
      </trkpt>
      <trkpt lat="42.411370000" lon="-2.667340000">
        <ele>584.000</ele>
      </trkpt>
      <trkpt lat="42.411310000" lon="-2.666640000">
        <ele>587.000</ele>
      </trkpt>
      <trkpt lat="42.411260000" lon="-2.665640000">
        <ele>591.000</ele>
      </trkpt>
      <trkpt lat="42.411250000" lon="-2.665490000">
        <ele>593.000</ele>
      </trkpt>
      <trkpt lat="42.411250000" lon="-2.665330000">
        <ele>595.000</ele>
      </trkpt>
      <trkpt lat="42.411250000" lon="-2.665180000">
        <ele>597.000</ele>
      </trkpt>
      <trkpt lat="42.411250000" lon="-2.665020000">
        <ele>598.000</ele>
      </trkpt>
      <trkpt lat="42.411240000" lon="-2.664870000">
        <ele>599.000</ele>
      </trkpt>
      <trkpt lat="42.411240000" lon="-2.664710000">
        <ele>600.000</ele>
      </trkpt>
      <trkpt lat="42.411230000" lon="-2.664560000">
        <ele>601.000</ele>
      </trkpt>
      <trkpt lat="42.411230000" lon="-2.664240000">
        <ele>602.000</ele>
      </trkpt>
      <trkpt lat="42.411220000" lon="-2.664080000">
        <ele>603.000</ele>
      </trkpt>
      <trkpt lat="42.411220000" lon="-2.663930000">
        <ele>603.000</ele>
      </trkpt>
      <trkpt lat="42.411210000" lon="-2.663770000">
        <ele>604.000</ele>
      </trkpt>
      <trkpt lat="42.411210000" lon="-2.663470000">
        <ele>605.000</ele>
      </trkpt>
      <trkpt lat="42.411210000" lon="-2.663450000">
        <ele>605.000</ele>
      </trkpt>
      <trkpt lat="42.411200000" lon="-2.663320000">
        <ele>606.000</ele>
      </trkpt>
      <trkpt lat="42.411200000" lon="-2.663210000">
        <ele>606.000</ele>
      </trkpt>
      <trkpt lat="42.411200000" lon="-2.663160000">
        <ele>606.000</ele>
      </trkpt>
      <trkpt lat="42.411200000" lon="-2.663010000">
        <ele>607.000</ele>
      </trkpt>
      <trkpt lat="42.411200000" lon="-2.662850000">
        <ele>607.000</ele>
      </trkpt>
      <trkpt lat="42.411190000" lon="-2.662700000">
        <ele>608.000</ele>
      </trkpt>
      <trkpt lat="42.411190000" lon="-2.662530000">
        <ele>608.000</ele>
      </trkpt>
      <trkpt lat="42.411180000" lon="-2.662480000">
        <ele>608.000</ele>
      </trkpt>
      <trkpt lat="42.411180000" lon="-2.662380000">
        <ele>609.000</ele>
      </trkpt>
      <trkpt lat="42.411180000" lon="-2.662220000">
        <ele>609.000</ele>
      </trkpt>
      <trkpt lat="42.411170000" lon="-2.662100000">
        <ele>609.000</ele>
      </trkpt>
      <trkpt lat="42.411170000" lon="-2.661980000">
        <ele>609.000</ele>
      </trkpt>
      <trkpt lat="42.411130000" lon="-2.660990000">
        <ele>610.000</ele>
      </trkpt>
      <trkpt lat="42.411110000" lon="-2.660320000">
        <ele>610.000</ele>
      </trkpt>
      <trkpt lat="42.411060000" lon="-2.659620000">
        <ele>611.000</ele>
      </trkpt>
      <trkpt lat="42.411040000" lon="-2.659320000">
        <ele>611.000</ele>
      </trkpt>
      <trkpt lat="42.411020000" lon="-2.659160000">
        <ele>611.000</ele>
      </trkpt>
      <trkpt lat="42.411010000" lon="-2.659010000">
        <ele>612.000</ele>
      </trkpt>
      <trkpt lat="42.410990000" lon="-2.658850000">
        <ele>612.000</ele>
      </trkpt>
      <trkpt lat="42.410960000" lon="-2.658560000">
        <ele>612.000</ele>
      </trkpt>
      <trkpt lat="42.410940000" lon="-2.658400000">
        <ele>612.000</ele>
      </trkpt>
      <trkpt lat="42.410930000" lon="-2.658250000">
        <ele>612.000</ele>
      </trkpt>
      <trkpt lat="42.410910000" lon="-2.658100000">
        <ele>612.000</ele>
      </trkpt>
      <trkpt lat="42.410890000" lon="-2.657940000">
        <ele>613.000</ele>
      </trkpt>
      <trkpt lat="42.410870000" lon="-2.657790000">
        <ele>613.000</ele>
      </trkpt>
      <trkpt lat="42.410870000" lon="-2.657770000">
        <ele>613.000</ele>
      </trkpt>
      <trkpt lat="42.410850000" lon="-2.657610000">
        <ele>613.000</ele>
      </trkpt>
      <trkpt lat="42.410840000" lon="-2.657460000">
        <ele>613.000</ele>
      </trkpt>
      <trkpt lat="42.410820000" lon="-2.657300000">
        <ele>613.000</ele>
      </trkpt>
      <trkpt lat="42.410810000" lon="-2.657150000">
        <ele>613.000</ele>
      </trkpt>
      <trkpt lat="42.410790000" lon="-2.657000000">
        <ele>613.000</ele>
      </trkpt>
      <trkpt lat="42.410770000" lon="-2.656840000">
        <ele>614.000</ele>
      </trkpt>
      <trkpt lat="42.410730000" lon="-2.656540000">
        <ele>614.000</ele>
      </trkpt>
      <trkpt lat="42.410720000" lon="-2.656380000">
        <ele>614.000</ele>
      </trkpt>
      <trkpt lat="42.410680000" lon="-2.656090000">
        <ele>615.000</ele>
      </trkpt>
      <trkpt lat="42.410670000" lon="-2.655960000">
        <ele>615.000</ele>
      </trkpt>
      <trkpt lat="42.410580000" lon="-2.655140000">
        <ele>615.000</ele>
      </trkpt>
      <trkpt lat="42.410550000" lon="-2.654620000">
        <ele>616.000</ele>
      </trkpt>
      <trkpt lat="42.410540000" lon="-2.654520000">
        <ele>617.000</ele>
      </trkpt>
      <trkpt lat="42.410540000" lon="-2.654130000">
        <ele>617.000</ele>
      </trkpt>
      <trkpt lat="42.410540000" lon="-2.653890000">
        <ele>618.000</ele>
      </trkpt>
      <trkpt lat="42.410530000" lon="-2.653570000">
        <ele>618.000</ele>
      </trkpt>
      <trkpt lat="42.410550000" lon="-2.652710000">
        <ele>619.000</ele>
      </trkpt>
      <trkpt lat="42.410560000" lon="-2.652670000">
        <ele>619.000</ele>
      </trkpt>
      <trkpt lat="42.410560000" lon="-2.652660000">
        <ele>620.000</ele>
      </trkpt>
      <trkpt lat="42.410570000" lon="-2.652430000">
        <ele>620.000</ele>
      </trkpt>
      <trkpt lat="42.410580000" lon="-2.652210000">
        <ele>620.000</ele>
      </trkpt>
      <trkpt lat="42.410650000" lon="-2.651860000">
        <ele>621.000</ele>
      </trkpt>
      <trkpt lat="42.410680000" lon="-2.651710000">
        <ele>621.000</ele>
      </trkpt>
      <trkpt lat="42.410710000" lon="-2.651580000">
        <ele>621.000</ele>
      </trkpt>
      <trkpt lat="42.410840000" lon="-2.651230000">
        <ele>622.000</ele>
      </trkpt>
      <trkpt lat="42.410920000" lon="-2.651060000">
        <ele>622.000</ele>
      </trkpt>
      <trkpt lat="42.410940000" lon="-2.651020000">
        <ele>622.000</ele>
      </trkpt>
      <trkpt lat="42.411060000" lon="-2.650800000">
        <ele>622.000</ele>
      </trkpt>
      <trkpt lat="42.411250000" lon="-2.650550000">
        <ele>623.000</ele>
      </trkpt>
      <trkpt lat="42.411270000" lon="-2.650530000">
        <ele>623.000</ele>
      </trkpt>
      <trkpt lat="42.411370000" lon="-2.650410000">
        <ele>623.000</ele>
      </trkpt>
      <trkpt lat="42.411590000" lon="-2.650230000">
        <ele>623.000</ele>
      </trkpt>
      <trkpt lat="42.411730000" lon="-2.650140000">
        <ele>624.000</ele>
      </trkpt>
      <trkpt lat="42.411860000" lon="-2.650050000">
        <ele>624.000</ele>
      </trkpt>
      <trkpt lat="42.411970000" lon="-2.649980000">
        <ele>624.000</ele>
      </trkpt>
      <trkpt lat="42.412030000" lon="-2.649960000">
        <ele>625.000</ele>
      </trkpt>
      <trkpt lat="42.412080000" lon="-2.649940000">
        <ele>625.000</ele>
      </trkpt>
      <trkpt lat="42.412130000" lon="-2.649920000">
        <ele>625.000</ele>
      </trkpt>
      <trkpt lat="42.412200000" lon="-2.649900000">
        <ele>625.000</ele>
      </trkpt>
      <trkpt lat="42.412240000" lon="-2.649890000">
        <ele>626.000</ele>
      </trkpt>
      <trkpt lat="42.412350000" lon="-2.649860000">
        <ele>626.000</ele>
      </trkpt>
      <trkpt lat="42.412360000" lon="-2.649860000">
        <ele>626.000</ele>
      </trkpt>
      <trkpt lat="42.412460000" lon="-2.649840000">
        <ele>626.000</ele>
      </trkpt>
      <trkpt lat="42.412570000" lon="-2.649820000">
        <ele>627.000</ele>
      </trkpt>
      <trkpt lat="42.412790000" lon="-2.649780000">
        <ele>627.000</ele>
      </trkpt>
      <trkpt lat="42.412930000" lon="-2.649730000">
        <ele>628.000</ele>
      </trkpt>
      <trkpt lat="42.413030000" lon="-2.649710000">
        <ele>628.000</ele>
      </trkpt>
      <trkpt lat="42.413060000" lon="-2.649700000">
        <ele>629.000</ele>
      </trkpt>
      <trkpt lat="42.413350000" lon="-2.649610000">
        <ele>629.000</ele>
      </trkpt>
      <trkpt lat="42.413410000" lon="-2.649600000">
        <ele>630.000</ele>
      </trkpt>
      <trkpt lat="42.413620000" lon="-2.649510000">
        <ele>630.000</ele>
      </trkpt>
      <trkpt lat="42.413650000" lon="-2.649480000">
        <ele>631.000</ele>
      </trkpt>
      <trkpt lat="42.413750000" lon="-2.649430000">
        <ele>631.000</ele>
      </trkpt>
      <trkpt lat="42.413860000" lon="-2.649370000">
        <ele>632.000</ele>
      </trkpt>
      <trkpt lat="42.413950000" lon="-2.649310000">
        <ele>632.000</ele>
      </trkpt>
      <trkpt lat="42.414060000" lon="-2.649240000">
        <ele>632.000</ele>
      </trkpt>
      <trkpt lat="42.414350000" lon="-2.649040000">
        <ele>633.000</ele>
      </trkpt>
      <trkpt lat="42.414430000" lon="-2.648950000">
        <ele>633.000</ele>
      </trkpt>
      <trkpt lat="42.414470000" lon="-2.648920000">
        <ele>634.000</ele>
      </trkpt>
      <trkpt lat="42.414560000" lon="-2.648820000">
        <ele>634.000</ele>
      </trkpt>
      <trkpt lat="42.414640000" lon="-2.648730000">
        <ele>635.000</ele>
      </trkpt>
      <trkpt lat="42.414800000" lon="-2.648560000">
        <ele>635.000</ele>
      </trkpt>
      <trkpt lat="42.415030000" lon="-2.648260000">
        <ele>636.000</ele>
      </trkpt>
      <trkpt lat="42.415130000" lon="-2.648110000">
        <ele>636.000</ele>
      </trkpt>
      <trkpt lat="42.415230000" lon="-2.647950000">
        <ele>637.000</ele>
      </trkpt>
      <trkpt lat="42.415320000" lon="-2.647790000">
        <ele>637.000</ele>
      </trkpt>
      <trkpt lat="42.415380000" lon="-2.647660000">
        <ele>638.000</ele>
      </trkpt>
      <trkpt lat="42.415450000" lon="-2.647540000">
        <ele>638.000</ele>
      </trkpt>
      <trkpt lat="42.415510000" lon="-2.647420000">
        <ele>639.000</ele>
      </trkpt>
      <trkpt lat="42.415580000" lon="-2.647280000">
        <ele>639.000</ele>
      </trkpt>
      <trkpt lat="42.415630000" lon="-2.647150000">
        <ele>639.000</ele>
      </trkpt>
      <trkpt lat="42.415700000" lon="-2.647010000">
        <ele>640.000</ele>
      </trkpt>
      <trkpt lat="42.415760000" lon="-2.646870000">
        <ele>640.000</ele>
      </trkpt>
      <trkpt lat="42.415860000" lon="-2.646660000">
        <ele>640.000</ele>
      </trkpt>
      <trkpt lat="42.415970000" lon="-2.646400000">
        <ele>641.000</ele>
      </trkpt>
      <trkpt lat="42.416140000" lon="-2.646040000">
        <ele>641.000</ele>
      </trkpt>
      <trkpt lat="42.416230000" lon="-2.645840000">
        <ele>642.000</ele>
      </trkpt>
      <trkpt lat="42.416240000" lon="-2.645830000">
        <ele>642.000</ele>
      </trkpt>
      <trkpt lat="42.416260000" lon="-2.645770000">
        <ele>643.000</ele>
      </trkpt>
      <trkpt lat="42.416390000" lon="-2.645500000">
        <ele>643.000</ele>
      </trkpt>
      <trkpt lat="42.416770000" lon="-2.644680000">
        <ele>644.000</ele>
      </trkpt>
      <trkpt lat="42.416810000" lon="-2.644590000">
        <ele>645.000</ele>
      </trkpt>
      <trkpt lat="42.416980000" lon="-2.644220000">
        <ele>646.000</ele>
      </trkpt>
      <trkpt lat="42.417000000" lon="-2.644160000">
        <ele>647.000</ele>
      </trkpt>
      <trkpt lat="42.417160000" lon="-2.643820000">
        <ele>648.000</ele>
      </trkpt>
      <trkpt lat="42.417190000" lon="-2.643750000">
        <ele>648.000</ele>
      </trkpt>
      <trkpt lat="42.417280000" lon="-2.643530000">
        <ele>649.000</ele>
      </trkpt>
      <trkpt lat="42.417300000" lon="-2.643500000">
        <ele>649.000</ele>
      </trkpt>
      <trkpt lat="42.417360000" lon="-2.643310000">
        <ele>649.000</ele>
      </trkpt>
      <trkpt lat="42.417370000" lon="-2.643270000">
        <ele>649.000</ele>
      </trkpt>
      <trkpt lat="42.417430000" lon="-2.643100000">
        <ele>649.000</ele>
      </trkpt>
      <trkpt lat="42.417430000" lon="-2.643090000">
        <ele>649.000</ele>
      </trkpt>
      <trkpt lat="42.417490000" lon="-2.642910000">
        <ele>649.000</ele>
      </trkpt>
      <trkpt lat="42.417510000" lon="-2.642820000">
        <ele>649.000</ele>
      </trkpt>
      <trkpt lat="42.417560000" lon="-2.642640000">
        <ele>649.000</ele>
      </trkpt>
      <trkpt lat="42.417570000" lon="-2.642600000">
        <ele>649.000</ele>
      </trkpt>
      <trkpt lat="42.417610000" lon="-2.642420000">
        <ele>649.000</ele>
      </trkpt>
      <trkpt lat="42.417610000" lon="-2.642400000">
        <ele>649.000</ele>
      </trkpt>
      <trkpt lat="42.417650000" lon="-2.642130000">
        <ele>649.000</ele>
      </trkpt>
      <trkpt lat="42.417650000" lon="-2.642120000">
        <ele>649.000</ele>
      </trkpt>
      <trkpt lat="42.417670000" lon="-2.641840000">
        <ele>649.000</ele>
      </trkpt>
      <trkpt lat="42.417690000" lon="-2.641600000">
        <ele>649.000</ele>
      </trkpt>
      <trkpt lat="42.417700000" lon="-2.641120000">
        <ele>649.000</ele>
      </trkpt>
      <trkpt lat="42.417690000" lon="-2.640930000">
        <ele>648.000</ele>
      </trkpt>
      <trkpt lat="42.417690000" lon="-2.640910000">
        <ele>648.000</ele>
      </trkpt>
      <trkpt lat="42.417680000" lon="-2.640760000">
        <ele>648.000</ele>
      </trkpt>
      <trkpt lat="42.417660000" lon="-2.640480000">
        <ele>647.000</ele>
      </trkpt>
      <trkpt lat="42.417630000" lon="-2.640330000">
        <ele>647.000</ele>
      </trkpt>
      <trkpt lat="42.417610000" lon="-2.640210000">
        <ele>646.000</ele>
      </trkpt>
      <trkpt lat="42.417600000" lon="-2.640150000">
        <ele>646.000</ele>
      </trkpt>
      <trkpt lat="42.417580000" lon="-2.640030000">
        <ele>645.000</ele>
      </trkpt>
      <trkpt lat="42.417540000" lon="-2.639850000">
        <ele>644.000</ele>
      </trkpt>
      <trkpt lat="42.417460000" lon="-2.639510000">
        <ele>644.000</ele>
      </trkpt>
      <trkpt lat="42.417450000" lon="-2.639510000">
        <ele>643.000</ele>
      </trkpt>
      <trkpt lat="42.417360000" lon="-2.639230000">
        <ele>642.000</ele>
      </trkpt>
      <trkpt lat="42.417290000" lon="-2.639010000">
        <ele>641.000</ele>
      </trkpt>
      <trkpt lat="42.417230000" lon="-2.638840000">
        <ele>641.000</ele>
      </trkpt>
      <trkpt lat="42.417120000" lon="-2.638520000">
        <ele>640.000</ele>
      </trkpt>
      <trkpt lat="42.417060000" lon="-2.638340000">
        <ele>639.000</ele>
      </trkpt>
      <trkpt lat="42.416980000" lon="-2.638120000">
        <ele>638.000</ele>
      </trkpt>
      <trkpt lat="42.416920000" lon="-2.637960000">
        <ele>637.000</ele>
      </trkpt>
      <trkpt lat="42.416920000" lon="-2.637950000">
        <ele>637.000</ele>
      </trkpt>
      <trkpt lat="42.416900000" lon="-2.637910000">
        <ele>636.000</ele>
      </trkpt>
      <trkpt lat="42.416820000" lon="-2.637690000">
        <ele>636.000</ele>
      </trkpt>
      <trkpt lat="42.416760000" lon="-2.637530000">
        <ele>635.000</ele>
      </trkpt>
      <trkpt lat="42.416660000" lon="-2.637250000">
        <ele>635.000</ele>
      </trkpt>
      <trkpt lat="42.416630000" lon="-2.637170000">
        <ele>634.000</ele>
      </trkpt>
      <trkpt lat="42.416490000" lon="-2.636820000">
        <ele>634.000</ele>
      </trkpt>
      <trkpt lat="42.416420000" lon="-2.636670000">
        <ele>633.000</ele>
      </trkpt>
      <trkpt lat="42.416400000" lon="-2.636610000">
        <ele>633.000</ele>
      </trkpt>
      <trkpt lat="42.416320000" lon="-2.636410000">
        <ele>632.000</ele>
      </trkpt>
      <trkpt lat="42.416310000" lon="-2.636400000">
        <ele>632.000</ele>
      </trkpt>
      <trkpt lat="42.415960000" lon="-2.635620000">
        <ele>631.000</ele>
      </trkpt>
      <trkpt lat="42.415940000" lon="-2.635570000">
        <ele>630.000</ele>
      </trkpt>
      <trkpt lat="42.415890000" lon="-2.635460000">
        <ele>629.000</ele>
      </trkpt>
      <trkpt lat="42.415870000" lon="-2.635410000">
        <ele>629.000</ele>
      </trkpt>
      <trkpt lat="42.415840000" lon="-2.635360000">
        <ele>628.000</ele>
      </trkpt>
      <trkpt lat="42.415750000" lon="-2.635150000">
        <ele>628.000</ele>
      </trkpt>
      <trkpt lat="42.415540000" lon="-2.634680000">
        <ele>627.000</ele>
      </trkpt>
      <trkpt lat="42.415100000" lon="-2.633690000">
        <ele>625.000</ele>
      </trkpt>
      <trkpt lat="42.414930000" lon="-2.633320000">
        <ele>624.000</ele>
      </trkpt>
      <trkpt lat="42.414820000" lon="-2.633070000">
        <ele>622.000</ele>
      </trkpt>
      <trkpt lat="42.414720000" lon="-2.632860000">
        <ele>622.000</ele>
      </trkpt>
      <trkpt lat="42.414540000" lon="-2.632440000">
        <ele>621.000</ele>
      </trkpt>
      <trkpt lat="42.414440000" lon="-2.632240000">
        <ele>620.000</ele>
      </trkpt>
      <trkpt lat="42.414350000" lon="-2.632030000">
        <ele>619.000</ele>
      </trkpt>
      <trkpt lat="42.414320000" lon="-2.631960000">
        <ele>619.000</ele>
      </trkpt>
      <trkpt lat="42.414280000" lon="-2.631870000">
        <ele>618.000</ele>
      </trkpt>
      <trkpt lat="42.414170000" lon="-2.631610000">
        <ele>618.000</ele>
      </trkpt>
      <trkpt lat="42.414010000" lon="-2.631220000">
        <ele>618.000</ele>
      </trkpt>
      <trkpt lat="42.413990000" lon="-2.631180000">
        <ele>617.000</ele>
      </trkpt>
      <trkpt lat="42.413830000" lon="-2.630800000">
        <ele>617.000</ele>
      </trkpt>
      <trkpt lat="42.413830000" lon="-2.630790000">
        <ele>617.000</ele>
      </trkpt>
      <trkpt lat="42.413740000" lon="-2.630590000">
        <ele>616.000</ele>
      </trkpt>
      <trkpt lat="42.413720000" lon="-2.630550000">
        <ele>616.000</ele>
      </trkpt>
      <trkpt lat="42.413550000" lon="-2.630170000">
        <ele>616.000</ele>
      </trkpt>
      <trkpt lat="42.413470000" lon="-2.629980000">
        <ele>616.000</ele>
      </trkpt>
      <trkpt lat="42.413460000" lon="-2.629960000">
        <ele>616.000</ele>
      </trkpt>
      <trkpt lat="42.413440000" lon="-2.629930000">
        <ele>615.000</ele>
      </trkpt>
      <trkpt lat="42.413400000" lon="-2.629840000">
        <ele>615.000</ele>
      </trkpt>
      <trkpt lat="42.413390000" lon="-2.629810000">
        <ele>615.000</ele>
      </trkpt>
      <trkpt lat="42.413310000" lon="-2.629640000">
        <ele>615.000</ele>
      </trkpt>
      <trkpt lat="42.413290000" lon="-2.629610000">
        <ele>615.000</ele>
      </trkpt>
      <trkpt lat="42.413190000" lon="-2.629460000">
        <ele>615.000</ele>
      </trkpt>
      <trkpt lat="42.413100000" lon="-2.629380000">
        <ele>615.000</ele>
      </trkpt>
      <trkpt lat="42.412980000" lon="-2.629310000">
        <ele>615.000</ele>
      </trkpt>
      <trkpt lat="42.412950000" lon="-2.629290000">
        <ele>615.000</ele>
      </trkpt>
      <trkpt lat="42.412810000" lon="-2.629230000">
        <ele>615.000</ele>
      </trkpt>
      <trkpt lat="42.412790000" lon="-2.629220000">
        <ele>615.000</ele>
      </trkpt>
      <trkpt lat="42.412650000" lon="-2.629160000">
        <ele>615.000</ele>
      </trkpt>
      <trkpt lat="42.412580000" lon="-2.629120000">
        <ele>615.000</ele>
      </trkpt>
      <trkpt lat="42.412520000" lon="-2.629070000">
        <ele>615.000</ele>
      </trkpt>
      <trkpt lat="42.412450000" lon="-2.628990000">
        <ele>615.000</ele>
      </trkpt>
      <trkpt lat="42.412370000" lon="-2.628850000">
        <ele>615.000</ele>
      </trkpt>
      <trkpt lat="42.412350000" lon="-2.628800000">
        <ele>615.000</ele>
      </trkpt>
      <trkpt lat="42.412330000" lon="-2.628730000">
        <ele>615.000</ele>
      </trkpt>
      <trkpt lat="42.412320000" lon="-2.628680000">
        <ele>615.000</ele>
      </trkpt>
      <trkpt lat="42.412300000" lon="-2.628530000">
        <ele>615.000</ele>
      </trkpt>
      <trkpt lat="42.412280000" lon="-2.628440000">
        <ele>615.000</ele>
      </trkpt>
      <trkpt lat="42.412260000" lon="-2.628320000">
        <ele>615.000</ele>
      </trkpt>
      <trkpt lat="42.412240000" lon="-2.628180000">
        <ele>615.000</ele>
      </trkpt>
      <trkpt lat="42.412240000" lon="-2.628180000">
        <ele>615.000</ele>
      </trkpt>
      <trkpt lat="42.412230000" lon="-2.628170000">
        <ele>615.000</ele>
      </trkpt>
      <trkpt lat="42.412210000" lon="-2.628160000">
        <ele>615.000</ele>
      </trkpt>
      <trkpt lat="42.412200000" lon="-2.628150000">
        <ele>615.000</ele>
      </trkpt>
      <trkpt lat="42.412190000" lon="-2.628130000">
        <ele>615.000</ele>
      </trkpt>
      <trkpt lat="42.412180000" lon="-2.628120000">
        <ele>615.000</ele>
      </trkpt>
      <trkpt lat="42.412170000" lon="-2.628100000">
        <ele>615.000</ele>
      </trkpt>
      <trkpt lat="42.412160000" lon="-2.628090000">
        <ele>615.000</ele>
      </trkpt>
      <trkpt lat="42.412150000" lon="-2.628070000">
        <ele>615.000</ele>
      </trkpt>
      <trkpt lat="42.411980000" lon="-2.628070000">
        <ele>615.000</ele>
      </trkpt>
      <trkpt lat="42.411920000" lon="-2.628050000">
        <ele>615.000</ele>
      </trkpt>
      <trkpt lat="42.411860000" lon="-2.628060000">
        <ele>615.000</ele>
      </trkpt>
      <trkpt lat="42.411780000" lon="-2.628050000">
        <ele>615.000</ele>
      </trkpt>
      <trkpt lat="42.411720000" lon="-2.628050000">
        <ele>615.000</ele>
      </trkpt>
      <trkpt lat="42.411650000" lon="-2.628050000">
        <ele>615.000</ele>
      </trkpt>
      <trkpt lat="42.411600000" lon="-2.628050000">
        <ele>615.000</ele>
      </trkpt>
      <trkpt lat="42.411300000" lon="-2.628040000">
        <ele>615.000</ele>
      </trkpt>
      <trkpt lat="42.411250000" lon="-2.628030000">
        <ele>615.000</ele>
      </trkpt>
      <trkpt lat="42.411230000" lon="-2.628030000">
        <ele>615.000</ele>
      </trkpt>
      <trkpt lat="42.411170000" lon="-2.628020000">
        <ele>615.000</ele>
      </trkpt>
      <trkpt lat="42.410910000" lon="-2.628010000">
        <ele>615.000</ele>
      </trkpt>
      <trkpt lat="42.410890000" lon="-2.628000000">
        <ele>615.000</ele>
      </trkpt>
      <trkpt lat="42.410770000" lon="-2.627980000">
        <ele>615.000</ele>
      </trkpt>
      <trkpt lat="42.410650000" lon="-2.627960000">
        <ele>616.000</ele>
      </trkpt>
      <trkpt lat="42.410610000" lon="-2.627950000">
        <ele>616.000</ele>
      </trkpt>
      <trkpt lat="42.410530000" lon="-2.627920000">
        <ele>616.000</ele>
      </trkpt>
      <trkpt lat="42.410420000" lon="-2.627880000">
        <ele>616.000</ele>
      </trkpt>
      <trkpt lat="42.410320000" lon="-2.627840000">
        <ele>616.000</ele>
      </trkpt>
      <trkpt lat="42.410260000" lon="-2.627810000">
        <ele>616.000</ele>
      </trkpt>
      <trkpt lat="42.410190000" lon="-2.627780000">
        <ele>616.000</ele>
      </trkpt>
      <trkpt lat="42.410100000" lon="-2.627740000">
        <ele>617.000</ele>
      </trkpt>
      <trkpt lat="42.410060000" lon="-2.627730000">
        <ele>617.000</ele>
      </trkpt>
      <trkpt lat="42.409950000" lon="-2.627670000">
        <ele>617.000</ele>
      </trkpt>
      <trkpt lat="42.409630000" lon="-2.627530000">
        <ele>617.000</ele>
      </trkpt>
      <trkpt lat="42.409530000" lon="-2.627470000">
        <ele>617.000</ele>
      </trkpt>
      <trkpt lat="42.409510000" lon="-2.627450000">
        <ele>617.000</ele>
      </trkpt>
      <trkpt lat="42.409500000" lon="-2.627440000">
        <ele>617.000</ele>
      </trkpt>
      <trkpt lat="42.409420000" lon="-2.627380000">
        <ele>617.000</ele>
      </trkpt>
      <trkpt lat="42.409300000" lon="-2.627300000">
        <ele>617.000</ele>
      </trkpt>
      <trkpt lat="42.409210000" lon="-2.627210000">
        <ele>617.000</ele>
      </trkpt>
      <trkpt lat="42.409180000" lon="-2.627190000">
        <ele>617.000</ele>
      </trkpt>
      <trkpt lat="42.409090000" lon="-2.627120000">
        <ele>617.000</ele>
      </trkpt>
      <trkpt lat="42.408990000" lon="-2.627030000">
        <ele>617.000</ele>
      </trkpt>
      <trkpt lat="42.408890000" lon="-2.626960000">
        <ele>617.000</ele>
      </trkpt>
      <trkpt lat="42.408800000" lon="-2.626880000">
        <ele>617.000</ele>
      </trkpt>
      <trkpt lat="42.408790000" lon="-2.626880000">
        <ele>617.000</ele>
      </trkpt>
      <trkpt lat="42.408740000" lon="-2.626840000">
        <ele>617.000</ele>
      </trkpt>
      <trkpt lat="42.408690000" lon="-2.626820000">
        <ele>617.000</ele>
      </trkpt>
      <trkpt lat="42.408640000" lon="-2.626780000">
        <ele>617.000</ele>
      </trkpt>
      <trkpt lat="42.408570000" lon="-2.626740000">
        <ele>617.000</ele>
      </trkpt>
      <trkpt lat="42.408470000" lon="-2.626690000">
        <ele>617.000</ele>
      </trkpt>
      <trkpt lat="42.408460000" lon="-2.626680000">
        <ele>617.000</ele>
      </trkpt>
      <trkpt lat="42.408400000" lon="-2.626660000">
        <ele>617.000</ele>
      </trkpt>
      <trkpt lat="42.408360000" lon="-2.626640000">
        <ele>617.000</ele>
      </trkpt>
      <trkpt lat="42.408300000" lon="-2.626610000">
        <ele>617.000</ele>
      </trkpt>
      <trkpt lat="42.408260000" lon="-2.626590000">
        <ele>617.000</ele>
      </trkpt>
      <trkpt lat="42.408230000" lon="-2.626580000">
        <ele>617.000</ele>
      </trkpt>
      <trkpt lat="42.407990000" lon="-2.626470000">
        <ele>617.000</ele>
      </trkpt>
      <trkpt lat="42.407960000" lon="-2.626460000">
        <ele>617.000</ele>
      </trkpt>
      <trkpt lat="42.407880000" lon="-2.626430000">
        <ele>617.000</ele>
      </trkpt>
      <trkpt lat="42.407850000" lon="-2.626420000">
        <ele>617.000</ele>
      </trkpt>
      <trkpt lat="42.407770000" lon="-2.626380000">
        <ele>617.000</ele>
      </trkpt>
      <trkpt lat="42.407670000" lon="-2.626350000">
        <ele>618.000</ele>
      </trkpt>
      <trkpt lat="42.407610000" lon="-2.626320000">
        <ele>618.000</ele>
      </trkpt>
      <trkpt lat="42.407520000" lon="-2.626290000">
        <ele>619.000</ele>
      </trkpt>
      <trkpt lat="42.407430000" lon="-2.626250000">
        <ele>620.000</ele>
      </trkpt>
      <trkpt lat="42.407330000" lon="-2.626210000">
        <ele>620.000</ele>
      </trkpt>
      <trkpt lat="42.407260000" lon="-2.626190000">
        <ele>621.000</ele>
      </trkpt>
      <trkpt lat="42.407190000" lon="-2.626160000">
        <ele>621.000</ele>
      </trkpt>
      <trkpt lat="42.407070000" lon="-2.626120000">
        <ele>622.000</ele>
      </trkpt>
      <trkpt lat="42.407010000" lon="-2.626100000">
        <ele>623.000</ele>
      </trkpt>
      <trkpt lat="42.406860000" lon="-2.626060000">
        <ele>623.000</ele>
      </trkpt>
      <trkpt lat="42.406770000" lon="-2.626050000">
        <ele>624.000</ele>
      </trkpt>
      <trkpt lat="42.406680000" lon="-2.626040000">
        <ele>625.000</ele>
      </trkpt>
      <trkpt lat="42.406420000" lon="-2.626010000">
        <ele>626.000</ele>
      </trkpt>
      <trkpt lat="42.406280000" lon="-2.626010000">
        <ele>627.000</ele>
      </trkpt>
      <trkpt lat="42.406230000" lon="-2.626000000">
        <ele>628.000</ele>
      </trkpt>
      <trkpt lat="42.406170000" lon="-2.625990000">
        <ele>628.000</ele>
      </trkpt>
      <trkpt lat="42.405990000" lon="-2.625940000">
        <ele>629.000</ele>
      </trkpt>
      <trkpt lat="42.405870000" lon="-2.625780000">
        <ele>629.000</ele>
      </trkpt>
      <trkpt lat="42.405790000" lon="-2.625660000">
        <ele>629.000</ele>
      </trkpt>
      <trkpt lat="42.405790000" lon="-2.625650000">
        <ele>629.000</ele>
      </trkpt>
      <trkpt lat="42.405650000" lon="-2.625410000">
        <ele>629.000</ele>
      </trkpt>
      <trkpt lat="42.405460000" lon="-2.625080000">
        <ele>629.000</ele>
      </trkpt>
      <trkpt lat="42.405390000" lon="-2.625000000">
        <ele>629.000</ele>
      </trkpt>
      <trkpt lat="42.405140000" lon="-2.624700000">
        <ele>629.000</ele>
      </trkpt>
      <trkpt lat="42.405040000" lon="-2.624580000">
        <ele>629.000</ele>
      </trkpt>
      <trkpt lat="42.404530000" lon="-2.623980000">
        <ele>629.000</ele>
      </trkpt>
      <trkpt lat="42.404460000" lon="-2.623900000">
        <ele>629.000</ele>
      </trkpt>
      <trkpt lat="42.404400000" lon="-2.623820000">
        <ele>629.000</ele>
      </trkpt>
      <trkpt lat="42.404260000" lon="-2.623660000">
        <ele>629.000</ele>
      </trkpt>
      <trkpt lat="42.404000000" lon="-2.623330000">
        <ele>630.000</ele>
      </trkpt>
      <trkpt lat="42.403740000" lon="-2.622930000">
        <ele>631.000</ele>
      </trkpt>
      <trkpt lat="42.403640000" lon="-2.622780000">
        <ele>632.000</ele>
      </trkpt>
      <trkpt lat="42.403480000" lon="-2.622570000">
        <ele>633.000</ele>
      </trkpt>
      <trkpt lat="42.403310000" lon="-2.622280000">
        <ele>634.000</ele>
      </trkpt>
      <trkpt lat="42.403270000" lon="-2.622170000">
        <ele>635.000</ele>
      </trkpt>
      <trkpt lat="42.403240000" lon="-2.622060000">
        <ele>636.000</ele>
      </trkpt>
      <trkpt lat="42.403190000" lon="-2.621860000">
        <ele>636.000</ele>
      </trkpt>
      <trkpt lat="42.403160000" lon="-2.621650000">
        <ele>637.000</ele>
      </trkpt>
      <trkpt lat="42.403160000" lon="-2.621520000">
        <ele>638.000</ele>
      </trkpt>
      <trkpt lat="42.403160000" lon="-2.621260000">
        <ele>638.000</ele>
      </trkpt>
      <trkpt lat="42.403160000" lon="-2.621240000">
        <ele>639.000</ele>
      </trkpt>
      <trkpt lat="42.403150000" lon="-2.621170000">
        <ele>639.000</ele>
      </trkpt>
      <trkpt lat="42.403140000" lon="-2.621030000">
        <ele>640.000</ele>
      </trkpt>
      <trkpt lat="42.403120000" lon="-2.620800000">
        <ele>640.000</ele>
      </trkpt>
      <trkpt lat="42.403090000" lon="-2.620580000">
        <ele>641.000</ele>
      </trkpt>
      <trkpt lat="42.403040000" lon="-2.620430000">
        <ele>641.000</ele>
      </trkpt>
      <trkpt lat="42.402880000" lon="-2.620100000">
        <ele>642.000</ele>
      </trkpt>
      <trkpt lat="42.402850000" lon="-2.620030000">
        <ele>643.000</ele>
      </trkpt>
      <trkpt lat="42.402660000" lon="-2.619710000">
        <ele>644.000</ele>
      </trkpt>
      <trkpt lat="42.402580000" lon="-2.619560000">
        <ele>644.000</ele>
      </trkpt>
      <trkpt lat="42.402550000" lon="-2.619520000">
        <ele>645.000</ele>
      </trkpt>
      <trkpt lat="42.402100000" lon="-2.618760000">
        <ele>646.000</ele>
      </trkpt>
      <trkpt lat="42.401990000" lon="-2.618570000">
        <ele>646.000</ele>
      </trkpt>
      <trkpt lat="42.401980000" lon="-2.618550000">
        <ele>647.000</ele>
      </trkpt>
      <trkpt lat="42.401880000" lon="-2.618380000">
        <ele>647.000</ele>
      </trkpt>
      <trkpt lat="42.401760000" lon="-2.618190000">
        <ele>648.000</ele>
      </trkpt>
      <trkpt lat="42.401650000" lon="-2.618010000">
        <ele>648.000</ele>
      </trkpt>
      <trkpt lat="42.401520000" lon="-2.617790000">
        <ele>649.000</ele>
      </trkpt>
      <trkpt lat="42.401310000" lon="-2.617440000">
        <ele>649.000</ele>
      </trkpt>
      <trkpt lat="42.401250000" lon="-2.617360000">
        <ele>650.000</ele>
      </trkpt>
      <trkpt lat="42.401190000" lon="-2.617250000">
        <ele>651.000</ele>
      </trkpt>
      <trkpt lat="42.401130000" lon="-2.617140000">
        <ele>651.000</ele>
      </trkpt>
      <trkpt lat="42.401030000" lon="-2.616990000">
        <ele>652.000</ele>
      </trkpt>
      <trkpt lat="42.400950000" lon="-2.616850000">
        <ele>652.000</ele>
      </trkpt>
      <trkpt lat="42.400900000" lon="-2.616750000">
        <ele>653.000</ele>
      </trkpt>
      <trkpt lat="42.400870000" lon="-2.616670000">
        <ele>653.000</ele>
      </trkpt>
      <trkpt lat="42.400860000" lon="-2.616650000">
        <ele>654.000</ele>
      </trkpt>
      <trkpt lat="42.400820000" lon="-2.616580000">
        <ele>654.000</ele>
      </trkpt>
      <trkpt lat="42.400800000" lon="-2.616510000">
        <ele>654.000</ele>
      </trkpt>
      <trkpt lat="42.400760000" lon="-2.616340000">
        <ele>655.000</ele>
      </trkpt>
      <trkpt lat="42.400730000" lon="-2.616210000">
        <ele>655.000</ele>
      </trkpt>
      <trkpt lat="42.400660000" lon="-2.615820000">
        <ele>656.000</ele>
      </trkpt>
      <trkpt lat="42.400610000" lon="-2.615540000">
        <ele>657.000</ele>
      </trkpt>
      <trkpt lat="42.400550000" lon="-2.615150000">
        <ele>658.000</ele>
      </trkpt>
      <trkpt lat="42.400460000" lon="-2.614590000">
        <ele>659.000</ele>
      </trkpt>
      <trkpt lat="42.400430000" lon="-2.614390000">
        <ele>660.000</ele>
      </trkpt>
      <trkpt lat="42.400430000" lon="-2.614350000">
        <ele>661.000</ele>
      </trkpt>
      <trkpt lat="42.400350000" lon="-2.613850000">
        <ele>662.000</ele>
      </trkpt>
      <trkpt lat="42.400300000" lon="-2.613600000">
        <ele>662.000</ele>
      </trkpt>
      <trkpt lat="42.400280000" lon="-2.613520000">
        <ele>663.000</ele>
      </trkpt>
      <trkpt lat="42.400200000" lon="-2.613230000">
        <ele>664.000</ele>
      </trkpt>
      <trkpt lat="42.400180000" lon="-2.613140000">
        <ele>664.000</ele>
      </trkpt>
      <trkpt lat="42.400130000" lon="-2.612960000">
        <ele>665.000</ele>
      </trkpt>
      <trkpt lat="42.400000000" lon="-2.612490000">
        <ele>664.000</ele>
      </trkpt>
      <trkpt lat="42.399940000" lon="-2.612330000">
        <ele>664.000</ele>
      </trkpt>
      <trkpt lat="42.399930000" lon="-2.612310000">
        <ele>664.000</ele>
      </trkpt>
      <trkpt lat="42.399890000" lon="-2.612170000">
        <ele>664.000</ele>
      </trkpt>
      <trkpt lat="42.399810000" lon="-2.611890000">
        <ele>663.000</ele>
      </trkpt>
      <trkpt lat="42.399760000" lon="-2.611670000">
        <ele>663.000</ele>
      </trkpt>
      <trkpt lat="42.399740000" lon="-2.611560000">
        <ele>663.000</ele>
      </trkpt>
      <trkpt lat="42.399720000" lon="-2.611450000">
        <ele>662.000</ele>
      </trkpt>
      <trkpt lat="42.399700000" lon="-2.611220000">
        <ele>662.000</ele>
      </trkpt>
      <trkpt lat="42.399690000" lon="-2.611170000">
        <ele>662.000</ele>
      </trkpt>
      <trkpt lat="42.399680000" lon="-2.611050000">
        <ele>662.000</ele>
      </trkpt>
      <trkpt lat="42.399670000" lon="-2.610930000">
        <ele>661.000</ele>
      </trkpt>
      <trkpt lat="42.399670000" lon="-2.610770000">
        <ele>661.000</ele>
      </trkpt>
      <trkpt lat="42.399660000" lon="-2.610630000">
        <ele>661.000</ele>
      </trkpt>
      <trkpt lat="42.399650000" lon="-2.610470000">
        <ele>661.000</ele>
      </trkpt>
      <trkpt lat="42.399630000" lon="-2.610160000">
        <ele>660.000</ele>
      </trkpt>
      <trkpt lat="42.399620000" lon="-2.609980000">
        <ele>660.000</ele>
      </trkpt>
      <trkpt lat="42.399610000" lon="-2.609750000">
        <ele>660.000</ele>
      </trkpt>
      <trkpt lat="42.399590000" lon="-2.609510000">
        <ele>660.000</ele>
      </trkpt>
      <trkpt lat="42.399590000" lon="-2.609490000">
        <ele>660.000</ele>
      </trkpt>
      <trkpt lat="42.399590000" lon="-2.609300000">
        <ele>660.000</ele>
      </trkpt>
      <trkpt lat="42.399590000" lon="-2.609250000">
        <ele>659.000</ele>
      </trkpt>
      <trkpt lat="42.399590000" lon="-2.609010000">
        <ele>659.000</ele>
      </trkpt>
      <trkpt lat="42.399600000" lon="-2.608280000">
        <ele>659.000</ele>
      </trkpt>
      <trkpt lat="42.399600000" lon="-2.607910000">
        <ele>659.000</ele>
      </trkpt>
      <trkpt lat="42.399610000" lon="-2.607370000">
        <ele>658.000</ele>
      </trkpt>
      <trkpt lat="42.399620000" lon="-2.607210000">
        <ele>657.000</ele>
      </trkpt>
      <trkpt lat="42.399630000" lon="-2.607060000">
        <ele>657.000</ele>
      </trkpt>
      <trkpt lat="42.399630000" lon="-2.607020000">
        <ele>657.000</ele>
      </trkpt>
      <trkpt lat="42.399640000" lon="-2.606980000">
        <ele>656.000</ele>
      </trkpt>
      <trkpt lat="42.399650000" lon="-2.606890000">
        <ele>656.000</ele>
      </trkpt>
      <trkpt lat="42.399700000" lon="-2.606580000">
        <ele>656.000</ele>
      </trkpt>
      <trkpt lat="42.399740000" lon="-2.606400000">
        <ele>655.000</ele>
      </trkpt>
      <trkpt lat="42.399750000" lon="-2.606310000">
        <ele>655.000</ele>
      </trkpt>
      <trkpt lat="42.399800000" lon="-2.606070000">
        <ele>655.000</ele>
      </trkpt>
      <trkpt lat="42.399840000" lon="-2.605840000">
        <ele>654.000</ele>
      </trkpt>
      <trkpt lat="42.399890000" lon="-2.605600000">
        <ele>654.000</ele>
      </trkpt>
      <trkpt lat="42.399940000" lon="-2.605330000">
        <ele>654.000</ele>
      </trkpt>
      <trkpt lat="42.399980000" lon="-2.605150000">
        <ele>655.000</ele>
      </trkpt>
      <trkpt lat="42.399980000" lon="-2.605130000">
        <ele>655.000</ele>
      </trkpt>
      <trkpt lat="42.400000000" lon="-2.605030000">
        <ele>655.000</ele>
      </trkpt>
      <trkpt lat="42.400030000" lon="-2.604900000">
        <ele>655.000</ele>
      </trkpt>
      <trkpt lat="42.400060000" lon="-2.604730000">
        <ele>656.000</ele>
      </trkpt>
      <trkpt lat="42.400090000" lon="-2.604550000">
        <ele>656.000</ele>
      </trkpt>
      <trkpt lat="42.400110000" lon="-2.604470000">
        <ele>656.000</ele>
      </trkpt>
      <trkpt lat="42.400120000" lon="-2.604360000">
        <ele>657.000</ele>
      </trkpt>
      <trkpt lat="42.400160000" lon="-2.604160000">
        <ele>657.000</ele>
      </trkpt>
      <trkpt lat="42.400160000" lon="-2.604150000">
        <ele>657.000</ele>
      </trkpt>
      <trkpt lat="42.400180000" lon="-2.604090000">
        <ele>657.000</ele>
      </trkpt>
      <trkpt lat="42.400200000" lon="-2.604020000">
        <ele>658.000</ele>
      </trkpt>
      <trkpt lat="42.400200000" lon="-2.604010000">
        <ele>658.000</ele>
      </trkpt>
      <trkpt lat="42.400220000" lon="-2.603910000">
        <ele>658.000</ele>
      </trkpt>
      <trkpt lat="42.400250000" lon="-2.603760000">
        <ele>658.000</ele>
      </trkpt>
      <trkpt lat="42.400260000" lon="-2.603710000">
        <ele>658.000</ele>
      </trkpt>
      <trkpt lat="42.400300000" lon="-2.603560000">
        <ele>659.000</ele>
      </trkpt>
      <trkpt lat="42.400330000" lon="-2.603440000">
        <ele>659.000</ele>
      </trkpt>
      <trkpt lat="42.400360000" lon="-2.603300000">
        <ele>659.000</ele>
      </trkpt>
      <trkpt lat="42.400390000" lon="-2.603190000">
        <ele>659.000</ele>
      </trkpt>
      <trkpt lat="42.400420000" lon="-2.603060000">
        <ele>659.000</ele>
      </trkpt>
      <trkpt lat="42.400450000" lon="-2.602950000">
        <ele>659.000</ele>
      </trkpt>
      <trkpt lat="42.400500000" lon="-2.602770000">
        <ele>659.000</ele>
      </trkpt>
      <trkpt lat="42.400540000" lon="-2.602610000">
        <ele>659.000</ele>
      </trkpt>
      <trkpt lat="42.400550000" lon="-2.602470000">
        <ele>659.000</ele>
      </trkpt>
      <trkpt lat="42.400560000" lon="-2.602340000">
        <ele>659.000</ele>
      </trkpt>
      <trkpt lat="42.400560000" lon="-2.602230000">
        <ele>659.000</ele>
      </trkpt>
      <trkpt lat="42.400540000" lon="-2.602130000">
        <ele>659.000</ele>
      </trkpt>
      <trkpt lat="42.400420000" lon="-2.601750000">
        <ele>659.000</ele>
      </trkpt>
      <trkpt lat="42.400360000" lon="-2.601670000">
        <ele>659.000</ele>
      </trkpt>
      <trkpt lat="42.400330000" lon="-2.601640000">
        <ele>659.000</ele>
      </trkpt>
      <trkpt lat="42.400290000" lon="-2.601600000">
        <ele>659.000</ele>
      </trkpt>
      <trkpt lat="42.400260000" lon="-2.601580000">
        <ele>659.000</ele>
      </trkpt>
      <trkpt lat="42.400180000" lon="-2.601530000">
        <ele>659.000</ele>
      </trkpt>
      <trkpt lat="42.400140000" lon="-2.601510000">
        <ele>659.000</ele>
      </trkpt>
      <trkpt lat="42.400040000" lon="-2.601450000">
        <ele>659.000</ele>
      </trkpt>
      <trkpt lat="42.399420000" lon="-2.601210000">
        <ele>659.000</ele>
      </trkpt>
      <trkpt lat="42.399240000" lon="-2.601210000">
        <ele>659.000</ele>
      </trkpt>
      <trkpt lat="42.399230000" lon="-2.601210000">
        <ele>658.000</ele>
      </trkpt>
      <trkpt lat="42.399020000" lon="-2.601220000">
        <ele>658.000</ele>
      </trkpt>
      <trkpt lat="42.398950000" lon="-2.601230000">
        <ele>658.000</ele>
      </trkpt>
      <trkpt lat="42.398880000" lon="-2.601270000">
        <ele>658.000</ele>
      </trkpt>
      <trkpt lat="42.398790000" lon="-2.601300000">
        <ele>658.000</ele>
      </trkpt>
      <trkpt lat="42.398680000" lon="-2.601360000">
        <ele>657.000</ele>
      </trkpt>
      <trkpt lat="42.398590000" lon="-2.601420000">
        <ele>657.000</ele>
      </trkpt>
      <trkpt lat="42.398470000" lon="-2.601480000">
        <ele>657.000</ele>
      </trkpt>
      <trkpt lat="42.398370000" lon="-2.601540000">
        <ele>657.000</ele>
      </trkpt>
      <trkpt lat="42.398230000" lon="-2.601600000">
        <ele>656.000</ele>
      </trkpt>
      <trkpt lat="42.398080000" lon="-2.601610000">
        <ele>656.000</ele>
      </trkpt>
      <trkpt lat="42.397880000" lon="-2.601520000">
        <ele>656.000</ele>
      </trkpt>
      <trkpt lat="42.397750000" lon="-2.601450000">
        <ele>655.000</ele>
      </trkpt>
      <trkpt lat="42.397670000" lon="-2.601400000">
        <ele>655.000</ele>
      </trkpt>
      <trkpt lat="42.397660000" lon="-2.601390000">
        <ele>655.000</ele>
      </trkpt>
      <trkpt lat="42.397560000" lon="-2.601340000">
        <ele>655.000</ele>
      </trkpt>
      <trkpt lat="42.397470000" lon="-2.601280000">
        <ele>655.000</ele>
      </trkpt>
      <trkpt lat="42.397360000" lon="-2.601210000">
        <ele>655.000</ele>
      </trkpt>
      <trkpt lat="42.397330000" lon="-2.601190000">
        <ele>655.000</ele>
      </trkpt>
      <trkpt lat="42.397220000" lon="-2.601110000">
        <ele>655.000</ele>
      </trkpt>
      <trkpt lat="42.397160000" lon="-2.601070000">
        <ele>655.000</ele>
      </trkpt>
      <trkpt lat="42.397080000" lon="-2.601020000">
        <ele>656.000</ele>
      </trkpt>
      <trkpt lat="42.397050000" lon="-2.601000000">
        <ele>656.000</ele>
      </trkpt>
      <trkpt lat="42.396910000" lon="-2.600920000">
        <ele>656.000</ele>
      </trkpt>
      <trkpt lat="42.396820000" lon="-2.600870000">
        <ele>656.000</ele>
      </trkpt>
      <trkpt lat="42.396740000" lon="-2.600810000">
        <ele>656.000</ele>
      </trkpt>
      <trkpt lat="42.396720000" lon="-2.600810000">
        <ele>656.000</ele>
      </trkpt>
      <trkpt lat="42.396640000" lon="-2.600750000">
        <ele>657.000</ele>
      </trkpt>
      <trkpt lat="42.396570000" lon="-2.600700000">
        <ele>657.000</ele>
      </trkpt>
      <trkpt lat="42.396540000" lon="-2.600680000">
        <ele>657.000</ele>
      </trkpt>
      <trkpt lat="42.396460000" lon="-2.600610000">
        <ele>657.000</ele>
      </trkpt>
      <trkpt lat="42.396370000" lon="-2.600530000">
        <ele>657.000</ele>
      </trkpt>
      <trkpt lat="42.396310000" lon="-2.600470000">
        <ele>657.000</ele>
      </trkpt>
      <trkpt lat="42.396280000" lon="-2.600420000">
        <ele>658.000</ele>
      </trkpt>
      <trkpt lat="42.396220000" lon="-2.600340000">
        <ele>658.000</ele>
      </trkpt>
      <trkpt lat="42.396200000" lon="-2.600310000">
        <ele>658.000</ele>
      </trkpt>
      <trkpt lat="42.396140000" lon="-2.600220000">
        <ele>658.000</ele>
      </trkpt>
      <trkpt lat="42.396110000" lon="-2.600170000">
        <ele>658.000</ele>
      </trkpt>
      <trkpt lat="42.396080000" lon="-2.600100000">
        <ele>659.000</ele>
      </trkpt>
      <trkpt lat="42.396020000" lon="-2.599950000">
        <ele>659.000</ele>
      </trkpt>
      <trkpt lat="42.395990000" lon="-2.599810000">
        <ele>660.000</ele>
      </trkpt>
      <trkpt lat="42.395980000" lon="-2.599720000">
        <ele>661.000</ele>
      </trkpt>
      <trkpt lat="42.395980000" lon="-2.599580000">
        <ele>662.000</ele>
      </trkpt>
      <trkpt lat="42.395990000" lon="-2.599420000">
        <ele>663.000</ele>
      </trkpt>
      <trkpt lat="42.396020000" lon="-2.599210000">
        <ele>665.000</ele>
      </trkpt>
      <trkpt lat="42.396040000" lon="-2.599070000">
        <ele>666.000</ele>
      </trkpt>
      <trkpt lat="42.396130000" lon="-2.598870000">
        <ele>668.000</ele>
      </trkpt>
      <trkpt lat="42.396160000" lon="-2.598800000">
        <ele>669.000</ele>
      </trkpt>
      <trkpt lat="42.396200000" lon="-2.598730000">
        <ele>670.000</ele>
      </trkpt>
      <trkpt lat="42.396280000" lon="-2.598630000">
        <ele>672.000</ele>
      </trkpt>
      <trkpt lat="42.396380000" lon="-2.598520000">
        <ele>673.000</ele>
      </trkpt>
      <trkpt lat="42.396460000" lon="-2.598450000">
        <ele>674.000</ele>
      </trkpt>
      <trkpt lat="42.396680000" lon="-2.598260000">
        <ele>676.000</ele>
      </trkpt>
      <trkpt lat="42.396760000" lon="-2.598190000">
        <ele>678.000</ele>
      </trkpt>
      <trkpt lat="42.396840000" lon="-2.598130000">
        <ele>679.000</ele>
      </trkpt>
      <trkpt lat="42.396950000" lon="-2.598050000">
        <ele>681.000</ele>
      </trkpt>
      <trkpt lat="42.397030000" lon="-2.597990000">
        <ele>682.000</ele>
      </trkpt>
      <trkpt lat="42.397120000" lon="-2.597900000">
        <ele>683.000</ele>
      </trkpt>
      <trkpt lat="42.397140000" lon="-2.597870000">
        <ele>683.000</ele>
      </trkpt>
      <trkpt lat="42.397280000" lon="-2.597720000">
        <ele>684.000</ele>
      </trkpt>
      <trkpt lat="42.397300000" lon="-2.597710000">
        <ele>685.000</ele>
      </trkpt>
      <trkpt lat="42.397470000" lon="-2.597510000">
        <ele>686.000</ele>
      </trkpt>
      <trkpt lat="42.397560000" lon="-2.597350000">
        <ele>687.000</ele>
      </trkpt>
      <trkpt lat="42.397620000" lon="-2.597230000">
        <ele>687.000</ele>
      </trkpt>
      <trkpt lat="42.397670000" lon="-2.597080000">
        <ele>688.000</ele>
      </trkpt>
      <trkpt lat="42.397710000" lon="-2.596960000">
        <ele>689.000</ele>
      </trkpt>
      <trkpt lat="42.397720000" lon="-2.596890000">
        <ele>690.000</ele>
      </trkpt>
      <trkpt lat="42.397760000" lon="-2.596730000">
        <ele>691.000</ele>
      </trkpt>
      <trkpt lat="42.397760000" lon="-2.596720000">
        <ele>691.000</ele>
      </trkpt>
      <trkpt lat="42.397780000" lon="-2.596550000">
        <ele>692.000</ele>
      </trkpt>
      <trkpt lat="42.397790000" lon="-2.596480000">
        <ele>692.000</ele>
      </trkpt>
      <trkpt lat="42.397790000" lon="-2.596380000">
        <ele>693.000</ele>
      </trkpt>
      <trkpt lat="42.397800000" lon="-2.596240000">
        <ele>693.000</ele>
      </trkpt>
      <trkpt lat="42.397800000" lon="-2.596110000">
        <ele>694.000</ele>
      </trkpt>
      <trkpt lat="42.397800000" lon="-2.596010000">
        <ele>694.000</ele>
      </trkpt>
      <trkpt lat="42.397800000" lon="-2.596000000">
        <ele>694.000</ele>
      </trkpt>
      <trkpt lat="42.397790000" lon="-2.595940000">
        <ele>694.000</ele>
      </trkpt>
      <trkpt lat="42.397780000" lon="-2.595870000">
        <ele>693.000</ele>
      </trkpt>
      <trkpt lat="42.397770000" lon="-2.595800000">
        <ele>693.000</ele>
      </trkpt>
      <trkpt lat="42.397760000" lon="-2.595760000">
        <ele>693.000</ele>
      </trkpt>
      <trkpt lat="42.397730000" lon="-2.595640000">
        <ele>693.000</ele>
      </trkpt>
      <trkpt lat="42.397710000" lon="-2.595570000">
        <ele>693.000</ele>
      </trkpt>
      <trkpt lat="42.397700000" lon="-2.595530000">
        <ele>692.000</ele>
      </trkpt>
      <trkpt lat="42.397690000" lon="-2.595520000">
        <ele>692.000</ele>
      </trkpt>
      <trkpt lat="42.397660000" lon="-2.595430000">
        <ele>692.000</ele>
      </trkpt>
      <trkpt lat="42.397610000" lon="-2.595320000">
        <ele>692.000</ele>
      </trkpt>
      <trkpt lat="42.397580000" lon="-2.595240000">
        <ele>691.000</ele>
      </trkpt>
      <trkpt lat="42.397510000" lon="-2.595110000">
        <ele>691.000</ele>
      </trkpt>
      <trkpt lat="42.397450000" lon="-2.595000000">
        <ele>691.000</ele>
      </trkpt>
      <trkpt lat="42.397420000" lon="-2.594950000">
        <ele>690.000</ele>
      </trkpt>
      <trkpt lat="42.397400000" lon="-2.594920000">
        <ele>690.000</ele>
      </trkpt>
      <trkpt lat="42.397350000" lon="-2.594840000">
        <ele>690.000</ele>
      </trkpt>
      <trkpt lat="42.397280000" lon="-2.594740000">
        <ele>689.000</ele>
      </trkpt>
      <trkpt lat="42.397280000" lon="-2.594730000">
        <ele>689.000</ele>
      </trkpt>
      <trkpt lat="42.397200000" lon="-2.594610000">
        <ele>689.000</ele>
      </trkpt>
      <trkpt lat="42.397170000" lon="-2.594550000">
        <ele>688.000</ele>
      </trkpt>
      <trkpt lat="42.397140000" lon="-2.594500000">
        <ele>688.000</ele>
      </trkpt>
      <trkpt lat="42.397080000" lon="-2.594400000">
        <ele>688.000</ele>
      </trkpt>
      <trkpt lat="42.397050000" lon="-2.594360000">
        <ele>688.000</ele>
      </trkpt>
      <trkpt lat="42.396990000" lon="-2.594260000">
        <ele>687.000</ele>
      </trkpt>
      <trkpt lat="42.396840000" lon="-2.594030000">
        <ele>687.000</ele>
      </trkpt>
      <trkpt lat="42.396710000" lon="-2.593830000">
        <ele>686.000</ele>
      </trkpt>
      <trkpt lat="42.396690000" lon="-2.593800000">
        <ele>686.000</ele>
      </trkpt>
      <trkpt lat="42.396620000" lon="-2.593690000">
        <ele>686.000</ele>
      </trkpt>
      <trkpt lat="42.396540000" lon="-2.593570000">
        <ele>686.000</ele>
      </trkpt>
      <trkpt lat="42.396470000" lon="-2.593460000">
        <ele>685.000</ele>
      </trkpt>
      <trkpt lat="42.396430000" lon="-2.593390000">
        <ele>685.000</ele>
      </trkpt>
      <trkpt lat="42.396400000" lon="-2.593340000">
        <ele>685.000</ele>
      </trkpt>
      <trkpt lat="42.396330000" lon="-2.593230000">
        <ele>685.000</ele>
      </trkpt>
      <trkpt lat="42.396250000" lon="-2.593110000">
        <ele>685.000</ele>
      </trkpt>
      <trkpt lat="42.396200000" lon="-2.593020000">
        <ele>685.000</ele>
      </trkpt>
      <trkpt lat="42.396180000" lon="-2.593000000">
        <ele>685.000</ele>
      </trkpt>
      <trkpt lat="42.396080000" lon="-2.592820000">
        <ele>685.000</ele>
      </trkpt>
      <trkpt lat="42.396000000" lon="-2.592720000">
        <ele>685.000</ele>
      </trkpt>
      <trkpt lat="42.395860000" lon="-2.592480000">
        <ele>685.000</ele>
      </trkpt>
      <trkpt lat="42.395810000" lon="-2.592390000">
        <ele>685.000</ele>
      </trkpt>
      <trkpt lat="42.395790000" lon="-2.592370000">
        <ele>685.000</ele>
      </trkpt>
      <trkpt lat="42.395720000" lon="-2.592250000">
        <ele>685.000</ele>
      </trkpt>
      <trkpt lat="42.395630000" lon="-2.592120000">
        <ele>685.000</ele>
      </trkpt>
      <trkpt lat="42.395560000" lon="-2.592010000">
        <ele>685.000</ele>
      </trkpt>
      <trkpt lat="42.395490000" lon="-2.591890000">
        <ele>685.000</ele>
      </trkpt>
      <trkpt lat="42.395410000" lon="-2.591760000">
        <ele>685.000</ele>
      </trkpt>
      <trkpt lat="42.395330000" lon="-2.591640000">
        <ele>685.000</ele>
      </trkpt>
      <trkpt lat="42.395260000" lon="-2.591530000">
        <ele>685.000</ele>
      </trkpt>
      <trkpt lat="42.395190000" lon="-2.591410000">
        <ele>685.000</ele>
      </trkpt>
      <trkpt lat="42.395120000" lon="-2.591310000">
        <ele>685.000</ele>
      </trkpt>
      <trkpt lat="42.394990000" lon="-2.591090000">
        <ele>686.000</ele>
      </trkpt>
      <trkpt lat="42.394970000" lon="-2.591070000">
        <ele>686.000</ele>
      </trkpt>
      <trkpt lat="42.394900000" lon="-2.590960000">
        <ele>686.000</ele>
      </trkpt>
      <trkpt lat="42.394830000" lon="-2.590830000">
        <ele>686.000</ele>
      </trkpt>
      <trkpt lat="42.394750000" lon="-2.590720000">
        <ele>686.000</ele>
      </trkpt>
      <trkpt lat="42.394680000" lon="-2.590600000">
        <ele>687.000</ele>
      </trkpt>
      <trkpt lat="42.394600000" lon="-2.590490000">
        <ele>687.000</ele>
      </trkpt>
      <trkpt lat="42.394530000" lon="-2.590370000">
        <ele>687.000</ele>
      </trkpt>
      <trkpt lat="42.394460000" lon="-2.590260000">
        <ele>687.000</ele>
      </trkpt>
      <trkpt lat="42.394310000" lon="-2.590010000">
        <ele>687.000</ele>
      </trkpt>
      <trkpt lat="42.394240000" lon="-2.589900000">
        <ele>687.000</ele>
      </trkpt>
      <trkpt lat="42.394160000" lon="-2.589780000">
        <ele>687.000</ele>
      </trkpt>
      <trkpt lat="42.394090000" lon="-2.589670000">
        <ele>687.000</ele>
      </trkpt>
      <trkpt lat="42.394020000" lon="-2.589550000">
        <ele>687.000</ele>
      </trkpt>
      <trkpt lat="42.393830000" lon="-2.589280000">
        <ele>687.000</ele>
      </trkpt>
      <trkpt lat="42.393790000" lon="-2.589210000">
        <ele>687.000</ele>
      </trkpt>
      <trkpt lat="42.393640000" lon="-2.588960000">
        <ele>687.000</ele>
      </trkpt>
      <trkpt lat="42.393600000" lon="-2.588900000">
        <ele>687.000</ele>
      </trkpt>
      <trkpt lat="42.393560000" lon="-2.588850000">
        <ele>687.000</ele>
      </trkpt>
      <trkpt lat="42.393560000" lon="-2.588840000">
        <ele>687.000</ele>
      </trkpt>
      <trkpt lat="42.393510000" lon="-2.588760000">
        <ele>687.000</ele>
      </trkpt>
      <trkpt lat="42.393440000" lon="-2.588650000">
        <ele>687.000</ele>
      </trkpt>
      <trkpt lat="42.393360000" lon="-2.588530000">
        <ele>687.000</ele>
      </trkpt>
      <trkpt lat="42.393350000" lon="-2.588510000">
        <ele>687.000</ele>
      </trkpt>
      <trkpt lat="42.393280000" lon="-2.588390000">
        <ele>687.000</ele>
      </trkpt>
      <trkpt lat="42.393250000" lon="-2.588360000">
        <ele>687.000</ele>
      </trkpt>
      <trkpt lat="42.393200000" lon="-2.588280000">
        <ele>686.000</ele>
      </trkpt>
      <trkpt lat="42.393130000" lon="-2.588180000">
        <ele>686.000</ele>
      </trkpt>
      <trkpt lat="42.393120000" lon="-2.588160000">
        <ele>686.000</ele>
      </trkpt>
      <trkpt lat="42.393110000" lon="-2.588140000">
        <ele>686.000</ele>
      </trkpt>
      <trkpt lat="42.393030000" lon="-2.588040000">
        <ele>686.000</ele>
      </trkpt>
      <trkpt lat="42.393000000" lon="-2.588010000">
        <ele>686.000</ele>
      </trkpt>
      <trkpt lat="42.392880000" lon="-2.587840000">
        <ele>686.000</ele>
      </trkpt>
      <trkpt lat="42.392870000" lon="-2.587820000">
        <ele>686.000</ele>
      </trkpt>
      <trkpt lat="42.392830000" lon="-2.587780000">
        <ele>685.000</ele>
      </trkpt>
      <trkpt lat="42.392750000" lon="-2.587670000">
        <ele>685.000</ele>
      </trkpt>
      <trkpt lat="42.392740000" lon="-2.587670000">
        <ele>685.000</ele>
      </trkpt>
      <trkpt lat="42.392660000" lon="-2.587580000">
        <ele>685.000</ele>
      </trkpt>
      <trkpt lat="42.392560000" lon="-2.587500000">
        <ele>685.000</ele>
      </trkpt>
      <trkpt lat="42.392460000" lon="-2.587430000">
        <ele>685.000</ele>
      </trkpt>
      <trkpt lat="42.392380000" lon="-2.587380000">
        <ele>684.000</ele>
      </trkpt>
      <trkpt lat="42.392270000" lon="-2.587320000">
        <ele>684.000</ele>
      </trkpt>
      <trkpt lat="42.392170000" lon="-2.587250000">
        <ele>684.000</ele>
      </trkpt>
      <trkpt lat="42.392070000" lon="-2.587190000">
        <ele>684.000</ele>
      </trkpt>
      <trkpt lat="42.391960000" lon="-2.587130000">
        <ele>683.000</ele>
      </trkpt>
      <trkpt lat="42.391790000" lon="-2.587010000">
        <ele>683.000</ele>
      </trkpt>
      <trkpt lat="42.391770000" lon="-2.587010000">
        <ele>683.000</ele>
      </trkpt>
      <trkpt lat="42.391660000" lon="-2.586950000">
        <ele>683.000</ele>
      </trkpt>
      <trkpt lat="42.391560000" lon="-2.586890000">
        <ele>682.000</ele>
      </trkpt>
      <trkpt lat="42.391450000" lon="-2.586830000">
        <ele>682.000</ele>
      </trkpt>
      <trkpt lat="42.391350000" lon="-2.586770000">
        <ele>682.000</ele>
      </trkpt>
      <trkpt lat="42.391250000" lon="-2.586700000">
        <ele>682.000</ele>
      </trkpt>
      <trkpt lat="42.391240000" lon="-2.586690000">
        <ele>682.000</ele>
      </trkpt>
      <trkpt lat="42.391040000" lon="-2.586570000">
        <ele>682.000</ele>
      </trkpt>
      <trkpt lat="42.390940000" lon="-2.586510000">
        <ele>681.000</ele>
      </trkpt>
      <trkpt lat="42.390840000" lon="-2.586450000">
        <ele>681.000</ele>
      </trkpt>
      <trkpt lat="42.390810000" lon="-2.586440000">
        <ele>681.000</ele>
      </trkpt>
      <trkpt lat="42.390700000" lon="-2.586380000">
        <ele>681.000</ele>
      </trkpt>
      <trkpt lat="42.390600000" lon="-2.586320000">
        <ele>681.000</ele>
      </trkpt>
      <trkpt lat="42.390590000" lon="-2.586310000">
        <ele>681.000</ele>
      </trkpt>
      <trkpt lat="42.390500000" lon="-2.586240000">
        <ele>681.000</ele>
      </trkpt>
      <trkpt lat="42.390480000" lon="-2.586210000">
        <ele>680.000</ele>
      </trkpt>
      <trkpt lat="42.390430000" lon="-2.586170000">
        <ele>680.000</ele>
      </trkpt>
      <trkpt lat="42.390390000" lon="-2.586120000">
        <ele>680.000</ele>
      </trkpt>
      <trkpt lat="42.390320000" lon="-2.586020000">
        <ele>680.000</ele>
      </trkpt>
      <trkpt lat="42.390220000" lon="-2.585900000">
        <ele>680.000</ele>
      </trkpt>
      <trkpt lat="42.390140000" lon="-2.585770000">
        <ele>680.000</ele>
      </trkpt>
      <trkpt lat="42.390070000" lon="-2.585660000">
        <ele>680.000</ele>
      </trkpt>
      <trkpt lat="42.389880000" lon="-2.585370000">
        <ele>680.000</ele>
      </trkpt>
      <trkpt lat="42.389530000" lon="-2.584790000">
        <ele>682.000</ele>
      </trkpt>
      <trkpt lat="42.388950000" lon="-2.584890000">
        <ele>684.000</ele>
      </trkpt>
      <trkpt lat="42.388840000" lon="-2.584910000">
        <ele>685.000</ele>
      </trkpt>
      <trkpt lat="42.388760000" lon="-2.584930000">
        <ele>687.000</ele>
      </trkpt>
      <trkpt lat="42.388650000" lon="-2.584950000">
        <ele>688.000</ele>
      </trkpt>
      <trkpt lat="42.388470000" lon="-2.584990000">
        <ele>689.000</ele>
      </trkpt>
      <trkpt lat="42.388390000" lon="-2.585010000">
        <ele>689.000</ele>
      </trkpt>
      <trkpt lat="42.388270000" lon="-2.585030000">
        <ele>690.000</ele>
      </trkpt>
      <trkpt lat="42.388150000" lon="-2.585060000">
        <ele>691.000</ele>
      </trkpt>
      <trkpt lat="42.388140000" lon="-2.585060000">
        <ele>691.000</ele>
      </trkpt>
      <trkpt lat="42.387960000" lon="-2.585090000">
        <ele>692.000</ele>
      </trkpt>
      <trkpt lat="42.387850000" lon="-2.585110000">
        <ele>693.000</ele>
      </trkpt>
      <trkpt lat="42.387790000" lon="-2.585120000">
        <ele>693.000</ele>
      </trkpt>
      <trkpt lat="42.387760000" lon="-2.585120000">
        <ele>694.000</ele>
      </trkpt>
      <trkpt lat="42.387710000" lon="-2.585120000">
        <ele>694.000</ele>
      </trkpt>
      <trkpt lat="42.387590000" lon="-2.585140000">
        <ele>694.000</ele>
      </trkpt>
      <trkpt lat="42.387510000" lon="-2.585150000">
        <ele>695.000</ele>
      </trkpt>
      <trkpt lat="42.387470000" lon="-2.585150000">
        <ele>695.000</ele>
      </trkpt>
      <trkpt lat="42.387410000" lon="-2.585150000">
        <ele>696.000</ele>
      </trkpt>
      <trkpt lat="42.387290000" lon="-2.585140000">
        <ele>696.000</ele>
      </trkpt>
      <trkpt lat="42.387150000" lon="-2.585130000">
        <ele>697.000</ele>
      </trkpt>
      <trkpt lat="42.387110000" lon="-2.585130000">
        <ele>697.000</ele>
      </trkpt>
      <trkpt lat="42.386840000" lon="-2.585110000">
        <ele>698.000</ele>
      </trkpt>
      <trkpt lat="42.386790000" lon="-2.585100000">
        <ele>698.000</ele>
      </trkpt>
      <trkpt lat="42.386490000" lon="-2.585080000">
        <ele>699.000</ele>
      </trkpt>
      <trkpt lat="42.386440000" lon="-2.585070000">
        <ele>700.000</ele>
      </trkpt>
      <trkpt lat="42.385970000" lon="-2.585030000">
        <ele>701.000</ele>
      </trkpt>
      <trkpt lat="42.385670000" lon="-2.585000000">
        <ele>702.000</ele>
      </trkpt>
      <trkpt lat="42.385500000" lon="-2.584980000">
        <ele>702.000</ele>
      </trkpt>
      <trkpt lat="42.385400000" lon="-2.584970000">
        <ele>703.000</ele>
      </trkpt>
      <trkpt lat="42.385320000" lon="-2.584970000">
        <ele>704.000</ele>
      </trkpt>
      <trkpt lat="42.384730000" lon="-2.584910000">
        <ele>705.000</ele>
      </trkpt>
      <trkpt lat="42.384510000" lon="-2.584900000">
        <ele>706.000</ele>
      </trkpt>
      <trkpt lat="42.383750000" lon="-2.584830000">
        <ele>708.000</ele>
      </trkpt>
      <trkpt lat="42.383170000" lon="-2.584790000">
        <ele>710.000</ele>
      </trkpt>
      <trkpt lat="42.382980000" lon="-2.584770000">
        <ele>712.000</ele>
      </trkpt>
      <trkpt lat="42.382800000" lon="-2.584760000">
        <ele>713.000</ele>
      </trkpt>
      <trkpt lat="42.382150000" lon="-2.584700000">
        <ele>715.000</ele>
      </trkpt>
      <trkpt lat="42.381370000" lon="-2.584650000">
        <ele>718.000</ele>
      </trkpt>
      <trkpt lat="42.381360000" lon="-2.584650000">
        <ele>720.000</ele>
      </trkpt>
      <trkpt lat="42.381150000" lon="-2.584640000">
        <ele>721.000</ele>
      </trkpt>
      <trkpt lat="42.380840000" lon="-2.584610000">
        <ele>723.000</ele>
      </trkpt>
      <trkpt lat="42.380820000" lon="-2.584610000">
        <ele>724.000</ele>
      </trkpt>
      <trkpt lat="42.380740000" lon="-2.584600000">
        <ele>724.000</ele>
      </trkpt>
      <trkpt lat="42.380640000" lon="-2.584590000">
        <ele>725.000</ele>
      </trkpt>
      <trkpt lat="42.380300000" lon="-2.584510000">
        <ele>726.000</ele>
      </trkpt>
      <trkpt lat="42.380300000" lon="-2.584510000">
        <ele>727.000</ele>
      </trkpt>
      <trkpt lat="42.380290000" lon="-2.584600000">
        <ele>728.000</ele>
      </trkpt>
      <trkpt lat="42.380290000" lon="-2.584640000">
        <ele>728.000</ele>
      </trkpt>
      <trkpt lat="42.380300000" lon="-2.584830000">
        <ele>729.000</ele>
      </trkpt>
      <trkpt lat="42.380290000" lon="-2.584970000">
        <ele>730.000</ele>
      </trkpt>
      <trkpt lat="42.380260000" lon="-2.585110000">
        <ele>730.000</ele>
      </trkpt>
      <trkpt lat="42.380260000" lon="-2.585120000">
        <ele>731.000</ele>
      </trkpt>
      <trkpt lat="42.380220000" lon="-2.585260000">
        <ele>731.000</ele>
      </trkpt>
      <trkpt lat="42.380180000" lon="-2.585340000">
        <ele>732.000</ele>
      </trkpt>
      <trkpt lat="42.380090000" lon="-2.585550000">
        <ele>732.000</ele>
      </trkpt>
      <trkpt lat="42.380070000" lon="-2.585590000">
        <ele>733.000</ele>
      </trkpt>
      <trkpt lat="42.379990000" lon="-2.585750000">
        <ele>733.000</ele>
      </trkpt>
      <trkpt lat="42.379960000" lon="-2.585820000">
        <ele>734.000</ele>
      </trkpt>
      <trkpt lat="42.379890000" lon="-2.585960000">
        <ele>735.000</ele>
      </trkpt>
      <trkpt lat="42.379830000" lon="-2.586110000">
        <ele>735.000</ele>
      </trkpt>
      <trkpt lat="42.379720000" lon="-2.586350000">
        <ele>736.000</ele>
      </trkpt>
      <trkpt lat="42.379710000" lon="-2.586380000">
        <ele>737.000</ele>
      </trkpt>
      <trkpt lat="42.379600000" lon="-2.586640000">
        <ele>738.000</ele>
      </trkpt>
      <trkpt lat="42.379540000" lon="-2.586810000">
        <ele>738.000</ele>
      </trkpt>
      <trkpt lat="42.379470000" lon="-2.586950000">
        <ele>739.000</ele>
      </trkpt>
      <trkpt lat="42.379440000" lon="-2.587080000">
        <ele>740.000</ele>
      </trkpt>
      <trkpt lat="42.379410000" lon="-2.587210000">
        <ele>741.000</ele>
      </trkpt>
      <trkpt lat="42.379390000" lon="-2.587350000">
        <ele>741.000</ele>
      </trkpt>
      <trkpt lat="42.379360000" lon="-2.587730000">
        <ele>742.000</ele>
      </trkpt>
      <trkpt lat="42.379360000" lon="-2.587740000">
        <ele>743.000</ele>
      </trkpt>
      <trkpt lat="42.379350000" lon="-2.587980000">
        <ele>744.000</ele>
      </trkpt>
      <trkpt lat="42.379330000" lon="-2.588220000">
        <ele>745.000</ele>
      </trkpt>
      <trkpt lat="42.379330000" lon="-2.588280000">
        <ele>745.000</ele>
      </trkpt>
      <trkpt lat="42.379300000" lon="-2.588650000">
        <ele>746.000</ele>
      </trkpt>
      <trkpt lat="42.379280000" lon="-2.588810000">
        <ele>747.000</ele>
      </trkpt>
      <trkpt lat="42.379260000" lon="-2.588950000">
        <ele>748.000</ele>
      </trkpt>
      <trkpt lat="42.379250000" lon="-2.589000000">
        <ele>748.000</ele>
      </trkpt>
      <trkpt lat="42.379230000" lon="-2.589140000">
        <ele>749.000</ele>
      </trkpt>
      <trkpt lat="42.379220000" lon="-2.589190000">
        <ele>749.000</ele>
      </trkpt>
      <trkpt lat="42.379190000" lon="-2.589350000">
        <ele>749.000</ele>
      </trkpt>
      <trkpt lat="42.379180000" lon="-2.589420000">
        <ele>750.000</ele>
      </trkpt>
      <trkpt lat="42.379140000" lon="-2.589630000">
        <ele>750.000</ele>
      </trkpt>
      <trkpt lat="42.379140000" lon="-2.589660000">
        <ele>750.000</ele>
      </trkpt>
      <trkpt lat="42.379110000" lon="-2.589850000">
        <ele>750.000</ele>
      </trkpt>
      <trkpt lat="42.379110000" lon="-2.589900000">
        <ele>751.000</ele>
      </trkpt>
      <trkpt lat="42.379100000" lon="-2.590000000">
        <ele>751.000</ele>
      </trkpt>
      <trkpt lat="42.379100000" lon="-2.590150000">
        <ele>751.000</ele>
      </trkpt>
      <trkpt lat="42.379140000" lon="-2.590370000">
        <ele>751.000</ele>
      </trkpt>
      <trkpt lat="42.379140000" lon="-2.590380000">
        <ele>752.000</ele>
      </trkpt>
      <trkpt lat="42.379190000" lon="-2.590610000">
        <ele>752.000</ele>
      </trkpt>
      <trkpt lat="42.379220000" lon="-2.590730000">
        <ele>752.000</ele>
      </trkpt>
      <trkpt lat="42.379310000" lon="-2.591070000">
        <ele>753.000</ele>
      </trkpt>
      <trkpt lat="42.379360000" lon="-2.591270000">
        <ele>753.000</ele>
      </trkpt>
      <trkpt lat="42.379370000" lon="-2.591300000">
        <ele>753.000</ele>
      </trkpt>
      <trkpt lat="42.379500000" lon="-2.591760000">
        <ele>754.000</ele>
      </trkpt>
      <trkpt lat="42.379560000" lon="-2.591980000">
        <ele>754.000</ele>
      </trkpt>
      <trkpt lat="42.379650000" lon="-2.592270000">
        <ele>755.000</ele>
      </trkpt>
      <trkpt lat="42.379770000" lon="-2.592640000">
        <ele>756.000</ele>
      </trkpt>
      <trkpt lat="42.379860000" lon="-2.592870000">
        <ele>756.000</ele>
      </trkpt>
      <trkpt lat="42.379880000" lon="-2.592930000">
        <ele>757.000</ele>
      </trkpt>
      <trkpt lat="42.379940000" lon="-2.593090000">
        <ele>757.000</ele>
      </trkpt>
      <trkpt lat="42.379950000" lon="-2.593100000">
        <ele>757.000</ele>
      </trkpt>
      <trkpt lat="42.380010000" lon="-2.593240000">
        <ele>758.000</ele>
      </trkpt>
      <trkpt lat="42.380090000" lon="-2.593370000">
        <ele>758.000</ele>
      </trkpt>
      <trkpt lat="42.380150000" lon="-2.593500000">
        <ele>758.000</ele>
      </trkpt>
      <trkpt lat="42.380190000" lon="-2.593610000">
        <ele>759.000</ele>
      </trkpt>
      <trkpt lat="42.380210000" lon="-2.593660000">
        <ele>760.000</ele>
      </trkpt>
      <trkpt lat="42.380220000" lon="-2.593710000">
        <ele>760.000</ele>
      </trkpt>
      <trkpt lat="42.380230000" lon="-2.593760000">
        <ele>760.000</ele>
      </trkpt>
      <trkpt lat="42.380230000" lon="-2.593810000">
        <ele>761.000</ele>
      </trkpt>
      <trkpt lat="42.380230000" lon="-2.593850000">
        <ele>761.000</ele>
      </trkpt>
      <trkpt lat="42.380220000" lon="-2.593870000">
        <ele>761.000</ele>
      </trkpt>
      <trkpt lat="42.380210000" lon="-2.593910000">
        <ele>762.000</ele>
      </trkpt>
      <trkpt lat="42.380210000" lon="-2.593940000">
        <ele>762.000</ele>
      </trkpt>
      <trkpt lat="42.380200000" lon="-2.593960000">
        <ele>762.000</ele>
      </trkpt>
      <trkpt lat="42.380190000" lon="-2.593980000">
        <ele>762.000</ele>
      </trkpt>
      <trkpt lat="42.380110000" lon="-2.594090000">
        <ele>763.000</ele>
      </trkpt>
      <trkpt lat="42.380080000" lon="-2.594120000">
        <ele>763.000</ele>
      </trkpt>
      <trkpt lat="42.379950000" lon="-2.594260000">
        <ele>764.000</ele>
      </trkpt>
      <trkpt lat="42.379900000" lon="-2.594320000">
        <ele>765.000</ele>
      </trkpt>
      <trkpt lat="42.379800000" lon="-2.594430000">
        <ele>766.000</ele>
      </trkpt>
      <trkpt lat="42.379770000" lon="-2.594480000">
        <ele>766.000</ele>
      </trkpt>
      <trkpt lat="42.379650000" lon="-2.594640000">
        <ele>767.000</ele>
      </trkpt>
      <trkpt lat="42.379520000" lon="-2.594830000">
        <ele>768.000</ele>
      </trkpt>
      <trkpt lat="42.379470000" lon="-2.594910000">
        <ele>769.000</ele>
      </trkpt>
      <trkpt lat="42.379430000" lon="-2.594970000">
        <ele>770.000</ele>
      </trkpt>
      <trkpt lat="42.379400000" lon="-2.595120000">
        <ele>771.000</ele>
      </trkpt>
      <trkpt lat="42.379360000" lon="-2.595260000">
        <ele>772.000</ele>
      </trkpt>
      <trkpt lat="42.379330000" lon="-2.595360000">
        <ele>773.000</ele>
      </trkpt>
      <trkpt lat="42.379280000" lon="-2.595440000">
        <ele>774.000</ele>
      </trkpt>
      <trkpt lat="42.379260000" lon="-2.595460000">
        <ele>774.000</ele>
      </trkpt>
      <trkpt lat="42.379210000" lon="-2.595530000">
        <ele>775.000</ele>
      </trkpt>
      <trkpt lat="42.379130000" lon="-2.595600000">
        <ele>776.000</ele>
      </trkpt>
      <trkpt lat="42.379030000" lon="-2.595660000">
        <ele>777.000</ele>
      </trkpt>
      <trkpt lat="42.378960000" lon="-2.595710000">
        <ele>778.000</ele>
      </trkpt>
      <trkpt lat="42.378910000" lon="-2.595740000">
        <ele>779.000</ele>
      </trkpt>
      <trkpt lat="42.378770000" lon="-2.595800000">
        <ele>780.000</ele>
      </trkpt>
      <trkpt lat="42.378620000" lon="-2.595880000">
        <ele>781.000</ele>
      </trkpt>
      <trkpt lat="42.378430000" lon="-2.596020000">
        <ele>783.000</ele>
      </trkpt>
      <trkpt lat="42.378300000" lon="-2.596110000">
        <ele>784.000</ele>
      </trkpt>
      <trkpt lat="42.378290000" lon="-2.596120000">
        <ele>785.000</ele>
      </trkpt>
      <trkpt lat="42.378210000" lon="-2.596170000">
        <ele>787.000</ele>
      </trkpt>
      <trkpt lat="42.378100000" lon="-2.596230000">
        <ele>788.000</ele>
      </trkpt>
      <trkpt lat="42.377970000" lon="-2.596280000">
        <ele>789.000</ele>
      </trkpt>
      <trkpt lat="42.377920000" lon="-2.596300000">
        <ele>790.000</ele>
      </trkpt>
      <trkpt lat="42.377800000" lon="-2.596360000">
        <ele>791.000</ele>
      </trkpt>
      <trkpt lat="42.377720000" lon="-2.596390000">
        <ele>792.000</ele>
      </trkpt>
      <trkpt lat="42.377500000" lon="-2.596500000">
        <ele>794.000</ele>
      </trkpt>
      <trkpt lat="42.377460000" lon="-2.596530000">
        <ele>795.000</ele>
      </trkpt>
      <trkpt lat="42.377230000" lon="-2.596710000">
        <ele>797.000</ele>
      </trkpt>
      <trkpt lat="42.377150000" lon="-2.596780000">
        <ele>799.000</ele>
      </trkpt>
      <trkpt lat="42.377060000" lon="-2.596850000">
        <ele>800.000</ele>
      </trkpt>
      <trkpt lat="42.376940000" lon="-2.596950000">
        <ele>801.000</ele>
      </trkpt>
      <trkpt lat="42.376840000" lon="-2.597050000">
        <ele>803.000</ele>
      </trkpt>
      <trkpt lat="42.376720000" lon="-2.597220000">
        <ele>804.000</ele>
      </trkpt>
      <trkpt lat="42.376650000" lon="-2.597380000">
        <ele>806.000</ele>
      </trkpt>
      <trkpt lat="42.376580000" lon="-2.597580000">
        <ele>808.000</ele>
      </trkpt>
      <trkpt lat="42.376490000" lon="-2.597750000">
        <ele>809.000</ele>
      </trkpt>
      <trkpt lat="42.376400000" lon="-2.597910000">
        <ele>811.000</ele>
      </trkpt>
      <trkpt lat="42.376340000" lon="-2.598010000">
        <ele>813.000</ele>
      </trkpt>
      <trkpt lat="42.376320000" lon="-2.598020000">
        <ele>814.000</ele>
      </trkpt>
      <trkpt lat="42.376250000" lon="-2.598080000">
        <ele>815.000</ele>
      </trkpt>
      <trkpt lat="42.376170000" lon="-2.598130000">
        <ele>815.000</ele>
      </trkpt>
      <trkpt lat="42.376140000" lon="-2.598150000">
        <ele>816.000</ele>
      </trkpt>
      <trkpt lat="42.376040000" lon="-2.598210000">
        <ele>817.000</ele>
      </trkpt>
      <trkpt lat="42.375920000" lon="-2.598290000">
        <ele>818.000</ele>
      </trkpt>
      <trkpt lat="42.375760000" lon="-2.598400000">
        <ele>819.000</ele>
      </trkpt>
      <trkpt lat="42.375610000" lon="-2.598550000">
        <ele>820.000</ele>
      </trkpt>
      <trkpt lat="42.375470000" lon="-2.598660000">
        <ele>821.000</ele>
      </trkpt>
      <trkpt lat="42.375320000" lon="-2.598850000">
        <ele>823.000</ele>
      </trkpt>
      <trkpt lat="42.375250000" lon="-2.598900000">
        <ele>824.000</ele>
      </trkpt>
      <trkpt lat="42.375230000" lon="-2.598920000">
        <ele>825.000</ele>
      </trkpt>
      <trkpt lat="42.375130000" lon="-2.599000000">
        <ele>826.000</ele>
      </trkpt>
      <trkpt lat="42.375000000" lon="-2.599100000">
        <ele>827.000</ele>
      </trkpt>
      <trkpt lat="42.374800000" lon="-2.599260000">
        <ele>828.000</ele>
      </trkpt>
      <trkpt lat="42.374640000" lon="-2.599410000">
        <ele>829.000</ele>
      </trkpt>
      <trkpt lat="42.374620000" lon="-2.599430000">
        <ele>830.000</ele>
      </trkpt>
      <trkpt lat="42.374500000" lon="-2.599540000">
        <ele>832.000</ele>
      </trkpt>
      <trkpt lat="42.374490000" lon="-2.599540000">
        <ele>832.000</ele>
      </trkpt>
      <trkpt lat="42.374370000" lon="-2.599660000">
        <ele>833.000</ele>
      </trkpt>
      <trkpt lat="42.374220000" lon="-2.599830000">
        <ele>835.000</ele>
      </trkpt>
      <trkpt lat="42.374080000" lon="-2.600010000">
        <ele>836.000</ele>
      </trkpt>
      <trkpt lat="42.374050000" lon="-2.600040000">
        <ele>837.000</ele>
      </trkpt>
      <trkpt lat="42.373860000" lon="-2.600250000">
        <ele>839.000</ele>
      </trkpt>
      <trkpt lat="42.373800000" lon="-2.600310000">
        <ele>840.000</ele>
      </trkpt>
      <trkpt lat="42.373630000" lon="-2.600480000">
        <ele>841.000</ele>
      </trkpt>
      <trkpt lat="42.373510000" lon="-2.600590000">
        <ele>843.000</ele>
      </trkpt>
      <trkpt lat="42.373400000" lon="-2.600700000">
        <ele>844.000</ele>
      </trkpt>
      <trkpt lat="42.373330000" lon="-2.600780000">
        <ele>845.000</ele>
      </trkpt>
      <trkpt lat="42.373250000" lon="-2.600860000">
        <ele>846.000</ele>
      </trkpt>
      <trkpt lat="42.373110000" lon="-2.600950000">
        <ele>848.000</ele>
      </trkpt>
      <trkpt lat="42.373010000" lon="-2.601010000">
        <ele>849.000</ele>
      </trkpt>
      <trkpt lat="42.372860000" lon="-2.601100000">
        <ele>851.000</ele>
      </trkpt>
      <trkpt lat="42.372720000" lon="-2.601200000">
        <ele>852.000</ele>
      </trkpt>
      <trkpt lat="42.372580000" lon="-2.601290000">
        <ele>854.000</ele>
      </trkpt>
      <trkpt lat="42.372350000" lon="-2.601410000">
        <ele>856.000</ele>
      </trkpt>
      <trkpt lat="42.372210000" lon="-2.601490000">
        <ele>858.000</ele>
      </trkpt>
      <trkpt lat="42.372020000" lon="-2.601580000">
        <ele>860.000</ele>
      </trkpt>
      <trkpt lat="42.371890000" lon="-2.601650000">
        <ele>862.000</ele>
      </trkpt>
      <trkpt lat="42.371770000" lon="-2.601710000">
        <ele>864.000</ele>
      </trkpt>
      <trkpt lat="42.371720000" lon="-2.601730000">
        <ele>865.000</ele>
      </trkpt>
      <trkpt lat="42.371610000" lon="-2.601780000">
        <ele>867.000</ele>
      </trkpt>
      <trkpt lat="42.371470000" lon="-2.601820000">
        <ele>868.000</ele>
      </trkpt>
      <trkpt lat="42.371370000" lon="-2.601850000">
        <ele>869.000</ele>
      </trkpt>
      <trkpt lat="42.371340000" lon="-2.601860000">
        <ele>870.000</ele>
      </trkpt>
      <trkpt lat="42.371240000" lon="-2.601900000">
        <ele>871.000</ele>
      </trkpt>
      <trkpt lat="42.371100000" lon="-2.602000000">
        <ele>873.000</ele>
      </trkpt>
      <trkpt lat="42.370990000" lon="-2.602070000">
        <ele>874.000</ele>
      </trkpt>
      <trkpt lat="42.370900000" lon="-2.602110000">
        <ele>875.000</ele>
      </trkpt>
      <trkpt lat="42.370870000" lon="-2.602120000">
        <ele>876.000</ele>
      </trkpt>
      <trkpt lat="42.370790000" lon="-2.602140000">
        <ele>877.000</ele>
      </trkpt>
      <trkpt lat="42.370700000" lon="-2.602150000">
        <ele>878.000</ele>
      </trkpt>
      <trkpt lat="42.370680000" lon="-2.602160000">
        <ele>878.000</ele>
      </trkpt>
      <trkpt lat="42.370570000" lon="-2.602180000">
        <ele>879.000</ele>
      </trkpt>
      <trkpt lat="42.370450000" lon="-2.602190000">
        <ele>880.000</ele>
      </trkpt>
      <trkpt lat="42.370340000" lon="-2.602210000">
        <ele>881.000</ele>
      </trkpt>
      <trkpt lat="42.370260000" lon="-2.602220000">
        <ele>882.000</ele>
      </trkpt>
      <trkpt lat="42.370160000" lon="-2.602240000">
        <ele>883.000</ele>
      </trkpt>
      <trkpt lat="42.369980000" lon="-2.602270000">
        <ele>884.000</ele>
      </trkpt>
      <trkpt lat="42.369840000" lon="-2.602300000">
        <ele>886.000</ele>
      </trkpt>
      <trkpt lat="42.369800000" lon="-2.602310000">
        <ele>887.000</ele>
      </trkpt>
      <trkpt lat="42.369540000" lon="-2.602350000">
        <ele>888.000</ele>
      </trkpt>
      <trkpt lat="42.369450000" lon="-2.602370000">
        <ele>889.000</ele>
      </trkpt>
      <trkpt lat="42.369270000" lon="-2.602400000">
        <ele>890.000</ele>
      </trkpt>
      <trkpt lat="42.369200000" lon="-2.602410000">
        <ele>890.000</ele>
      </trkpt>
      <trkpt lat="42.369090000" lon="-2.602440000">
        <ele>891.000</ele>
      </trkpt>
      <trkpt lat="42.369000000" lon="-2.602490000">
        <ele>892.000</ele>
      </trkpt>
      <trkpt lat="42.368930000" lon="-2.602540000">
        <ele>892.000</ele>
      </trkpt>
      <trkpt lat="42.368840000" lon="-2.602550000">
        <ele>893.000</ele>
      </trkpt>
      <trkpt lat="42.368770000" lon="-2.602540000">
        <ele>893.000</ele>
      </trkpt>
      <trkpt lat="42.368590000" lon="-2.602540000">
        <ele>894.000</ele>
      </trkpt>
      <trkpt lat="42.368490000" lon="-2.602550000">
        <ele>894.000</ele>
      </trkpt>
      <trkpt lat="42.368400000" lon="-2.602590000">
        <ele>895.000</ele>
      </trkpt>
      <trkpt lat="42.368370000" lon="-2.602600000">
        <ele>895.000</ele>
      </trkpt>
      <trkpt lat="42.368250000" lon="-2.602680000">
        <ele>896.000</ele>
      </trkpt>
      <trkpt lat="42.368200000" lon="-2.602720000">
        <ele>896.000</ele>
      </trkpt>
      <trkpt lat="42.368150000" lon="-2.602750000">
        <ele>896.000</ele>
      </trkpt>
      <trkpt lat="42.368110000" lon="-2.602810000">
        <ele>897.000</ele>
      </trkpt>
      <trkpt lat="42.368090000" lon="-2.602840000">
        <ele>897.000</ele>
      </trkpt>
      <trkpt lat="42.368070000" lon="-2.602860000">
        <ele>897.000</ele>
      </trkpt>
      <trkpt lat="42.368030000" lon="-2.602940000">
        <ele>898.000</ele>
      </trkpt>
      <trkpt lat="42.367990000" lon="-2.603020000">
        <ele>898.000</ele>
      </trkpt>
      <trkpt lat="42.367960000" lon="-2.603140000">
        <ele>899.000</ele>
      </trkpt>
      <trkpt lat="42.367940000" lon="-2.603220000">
        <ele>899.000</ele>
      </trkpt>
      <trkpt lat="42.367910000" lon="-2.603300000">
        <ele>900.000</ele>
      </trkpt>
      <trkpt lat="42.367900000" lon="-2.603340000">
        <ele>900.000</ele>
      </trkpt>
      <trkpt lat="42.367850000" lon="-2.603400000">
        <ele>901.000</ele>
      </trkpt>
      <trkpt lat="42.367820000" lon="-2.603440000">
        <ele>901.000</ele>
      </trkpt>
      <trkpt lat="42.367770000" lon="-2.603460000">
        <ele>901.000</ele>
      </trkpt>
      <trkpt lat="42.367730000" lon="-2.603460000">
        <ele>902.000</ele>
      </trkpt>
      <trkpt lat="42.367680000" lon="-2.603460000">
        <ele>902.000</ele>
      </trkpt>
      <trkpt lat="42.367650000" lon="-2.603460000">
        <ele>902.000</ele>
      </trkpt>
      <trkpt lat="42.367630000" lon="-2.603450000">
        <ele>903.000</ele>
      </trkpt>
      <trkpt lat="42.367580000" lon="-2.603440000">
        <ele>903.000</ele>
      </trkpt>
      <trkpt lat="42.367540000" lon="-2.603410000">
        <ele>903.000</ele>
      </trkpt>
      <trkpt lat="42.367480000" lon="-2.603380000">
        <ele>904.000</ele>
      </trkpt>
      <trkpt lat="42.367460000" lon="-2.603370000">
        <ele>904.000</ele>
      </trkpt>
      <trkpt lat="42.367450000" lon="-2.603360000">
        <ele>904.000</ele>
      </trkpt>
      <trkpt lat="42.367400000" lon="-2.603310000">
        <ele>905.000</ele>
      </trkpt>
      <trkpt lat="42.367340000" lon="-2.603190000">
        <ele>905.000</ele>
      </trkpt>
      <trkpt lat="42.367300000" lon="-2.603080000">
        <ele>906.000</ele>
      </trkpt>
      <trkpt lat="42.367260000" lon="-2.602970000">
        <ele>906.000</ele>
      </trkpt>
      <trkpt lat="42.367240000" lon="-2.602900000">
        <ele>907.000</ele>
      </trkpt>
      <trkpt lat="42.367190000" lon="-2.602770000">
        <ele>907.000</ele>
      </trkpt>
      <trkpt lat="42.367180000" lon="-2.602760000">
        <ele>908.000</ele>
      </trkpt>
      <trkpt lat="42.367150000" lon="-2.602720000">
        <ele>908.000</ele>
      </trkpt>
      <trkpt lat="42.367110000" lon="-2.602690000">
        <ele>909.000</ele>
      </trkpt>
      <trkpt lat="42.367000000" lon="-2.602600000">
        <ele>909.000</ele>
      </trkpt>
      <trkpt lat="42.366870000" lon="-2.602530000">
        <ele>910.000</ele>
      </trkpt>
      <trkpt lat="42.366740000" lon="-2.602470000">
        <ele>911.000</ele>
      </trkpt>
      <trkpt lat="42.366700000" lon="-2.602440000">
        <ele>912.000</ele>
      </trkpt>
      <trkpt lat="42.366640000" lon="-2.602410000">
        <ele>913.000</ele>
      </trkpt>
      <trkpt lat="42.366490000" lon="-2.602290000">
        <ele>914.000</ele>
      </trkpt>
      <trkpt lat="42.366380000" lon="-2.602210000">
        <ele>915.000</ele>
      </trkpt>
      <trkpt lat="42.366320000" lon="-2.602190000">
        <ele>916.000</ele>
      </trkpt>
      <trkpt lat="42.366260000" lon="-2.602170000">
        <ele>917.000</ele>
      </trkpt>
      <trkpt lat="42.366140000" lon="-2.602150000">
        <ele>918.000</ele>
      </trkpt>
      <trkpt lat="42.366100000" lon="-2.602140000">
        <ele>919.000</ele>
      </trkpt>
      <trkpt lat="42.365940000" lon="-2.602120000">
        <ele>920.000</ele>
      </trkpt>
      <trkpt lat="42.365780000" lon="-2.602110000">
        <ele>921.000</ele>
      </trkpt>
      <trkpt lat="42.365710000" lon="-2.602110000">
        <ele>922.000</ele>
      </trkpt>
      <trkpt lat="42.365600000" lon="-2.602110000">
        <ele>923.000</ele>
      </trkpt>
      <trkpt lat="42.365500000" lon="-2.602110000">
        <ele>924.000</ele>
      </trkpt>
      <trkpt lat="42.365380000" lon="-2.602130000">
        <ele>925.000</ele>
      </trkpt>
      <trkpt lat="42.365280000" lon="-2.602170000">
        <ele>927.000</ele>
      </trkpt>
      <trkpt lat="42.365230000" lon="-2.602220000">
        <ele>928.000</ele>
      </trkpt>
      <trkpt lat="42.365160000" lon="-2.602300000">
        <ele>929.000</ele>
      </trkpt>
      <trkpt lat="42.365120000" lon="-2.602350000">
        <ele>929.000</ele>
      </trkpt>
      <trkpt lat="42.365090000" lon="-2.602390000">
        <ele>930.000</ele>
      </trkpt>
      <trkpt lat="42.365050000" lon="-2.602420000">
        <ele>931.000</ele>
      </trkpt>
      <trkpt lat="42.365020000" lon="-2.602450000">
        <ele>931.000</ele>
      </trkpt>
      <trkpt lat="42.364980000" lon="-2.602470000">
        <ele>931.000</ele>
      </trkpt>
      <trkpt lat="42.364960000" lon="-2.602470000">
        <ele>932.000</ele>
      </trkpt>
      <trkpt lat="42.364940000" lon="-2.602480000">
        <ele>932.000</ele>
      </trkpt>
      <trkpt lat="42.364850000" lon="-2.602510000">
        <ele>933.000</ele>
      </trkpt>
      <trkpt lat="42.364790000" lon="-2.602540000">
        <ele>933.000</ele>
      </trkpt>
      <trkpt lat="42.364770000" lon="-2.602540000">
        <ele>933.000</ele>
      </trkpt>
      <trkpt lat="42.364680000" lon="-2.602560000">
        <ele>934.000</ele>
      </trkpt>
      <trkpt lat="42.364580000" lon="-2.602590000">
        <ele>934.000</ele>
      </trkpt>
      <trkpt lat="42.364500000" lon="-2.602630000">
        <ele>935.000</ele>
      </trkpt>
      <trkpt lat="42.364440000" lon="-2.602660000">
        <ele>936.000</ele>
      </trkpt>
      <trkpt lat="42.364350000" lon="-2.602710000">
        <ele>936.000</ele>
      </trkpt>
      <trkpt lat="42.364280000" lon="-2.602760000">
        <ele>937.000</ele>
      </trkpt>
      <trkpt lat="42.364200000" lon="-2.602780000">
        <ele>938.000</ele>
      </trkpt>
      <trkpt lat="42.364070000" lon="-2.602810000">
        <ele>939.000</ele>
      </trkpt>
      <trkpt lat="42.363910000" lon="-2.602860000">
        <ele>940.000</ele>
      </trkpt>
      <trkpt lat="42.363750000" lon="-2.602940000">
        <ele>941.000</ele>
      </trkpt>
      <trkpt lat="42.363650000" lon="-2.602980000">
        <ele>942.000</ele>
      </trkpt>
      <trkpt lat="42.363610000" lon="-2.603000000">
        <ele>943.000</ele>
      </trkpt>
      <trkpt lat="42.363490000" lon="-2.603060000">
        <ele>943.000</ele>
      </trkpt>
      <trkpt lat="42.363340000" lon="-2.603140000">
        <ele>944.000</ele>
      </trkpt>
      <trkpt lat="42.363150000" lon="-2.603250000">
        <ele>946.000</ele>
      </trkpt>
      <trkpt lat="42.363070000" lon="-2.603310000">
        <ele>947.000</ele>
      </trkpt>
      <trkpt lat="42.362990000" lon="-2.603330000">
        <ele>949.000</ele>
      </trkpt>
      <trkpt lat="42.362920000" lon="-2.603330000">
        <ele>950.000</ele>
      </trkpt>
      <trkpt lat="42.362810000" lon="-2.603330000">
        <ele>951.000</ele>
      </trkpt>
      <trkpt lat="42.362720000" lon="-2.603330000">
        <ele>952.000</ele>
      </trkpt>
      <trkpt lat="42.362620000" lon="-2.603350000">
        <ele>953.000</ele>
      </trkpt>
      <trkpt lat="42.362610000" lon="-2.603350000">
        <ele>954.000</ele>
      </trkpt>
      <trkpt lat="42.362540000" lon="-2.603380000">
        <ele>955.000</ele>
      </trkpt>
      <trkpt lat="42.362440000" lon="-2.603410000">
        <ele>956.000</ele>
      </trkpt>
      <trkpt lat="42.362350000" lon="-2.603460000">
        <ele>957.000</ele>
      </trkpt>
      <trkpt lat="42.362270000" lon="-2.603490000">
        <ele>958.000</ele>
      </trkpt>
      <trkpt lat="42.362180000" lon="-2.603540000">
        <ele>959.000</ele>
      </trkpt>
      <trkpt lat="42.362060000" lon="-2.603590000">
        <ele>960.000</ele>
      </trkpt>
      <trkpt lat="42.361940000" lon="-2.603640000">
        <ele>962.000</ele>
      </trkpt>
      <trkpt lat="42.361910000" lon="-2.603660000">
        <ele>963.000</ele>
      </trkpt>
      <trkpt lat="42.361820000" lon="-2.603690000">
        <ele>964.000</ele>
      </trkpt>
      <trkpt lat="42.361760000" lon="-2.603710000">
        <ele>965.000</ele>
      </trkpt>
      <trkpt lat="42.361690000" lon="-2.603740000">
        <ele>965.000</ele>
      </trkpt>
      <trkpt lat="42.361590000" lon="-2.603760000">
        <ele>966.000</ele>
      </trkpt>
      <trkpt lat="42.361580000" lon="-2.603760000">
        <ele>967.000</ele>
      </trkpt>
      <trkpt lat="42.361500000" lon="-2.603770000">
        <ele>968.000</ele>
      </trkpt>
      <trkpt lat="42.361400000" lon="-2.603760000">
        <ele>969.000</ele>
      </trkpt>
      <trkpt lat="42.361320000" lon="-2.603760000">
        <ele>969.000</ele>
      </trkpt>
      <trkpt lat="42.361230000" lon="-2.603750000">
        <ele>970.000</ele>
      </trkpt>
      <trkpt lat="42.361100000" lon="-2.603700000">
        <ele>971.000</ele>
      </trkpt>
      <trkpt lat="42.360930000" lon="-2.603650000">
        <ele>972.000</ele>
      </trkpt>
      <trkpt lat="42.360810000" lon="-2.603600000">
        <ele>973.000</ele>
      </trkpt>
      <trkpt lat="42.360710000" lon="-2.603550000">
        <ele>974.000</ele>
      </trkpt>
      <trkpt lat="42.360620000" lon="-2.603500000">
        <ele>975.000</ele>
      </trkpt>
      <trkpt lat="42.360480000" lon="-2.603420000">
        <ele>976.000</ele>
      </trkpt>
      <trkpt lat="42.360240000" lon="-2.603280000">
        <ele>978.000</ele>
      </trkpt>
      <trkpt lat="42.360080000" lon="-2.603230000">
        <ele>980.000</ele>
      </trkpt>
      <trkpt lat="42.360040000" lon="-2.603210000">
        <ele>981.000</ele>
      </trkpt>
      <trkpt lat="42.359950000" lon="-2.603180000">
        <ele>982.000</ele>
      </trkpt>
      <trkpt lat="42.359860000" lon="-2.603170000">
        <ele>983.000</ele>
      </trkpt>
      <trkpt lat="42.359700000" lon="-2.603150000">
        <ele>984.000</ele>
      </trkpt>
      <trkpt lat="42.359340000" lon="-2.603110000">
        <ele>986.000</ele>
      </trkpt>
      <trkpt lat="42.359080000" lon="-2.603120000">
        <ele>988.000</ele>
      </trkpt>
      <trkpt lat="42.358970000" lon="-2.603120000">
        <ele>990.000</ele>
      </trkpt>
      <trkpt lat="42.358820000" lon="-2.603120000">
        <ele>992.000</ele>
      </trkpt>
      <trkpt lat="42.358790000" lon="-2.603120000">
        <ele>993.000</ele>
      </trkpt>
      <trkpt lat="42.358610000" lon="-2.603110000">
        <ele>995.000</ele>
      </trkpt>
      <trkpt lat="42.358600000" lon="-2.603110000">
        <ele>996.000</ele>
      </trkpt>
      <trkpt lat="42.358430000" lon="-2.603060000">
        <ele>997.000</ele>
      </trkpt>
      <trkpt lat="42.358250000" lon="-2.603010000">
        <ele>998.000</ele>
      </trkpt>
      <trkpt lat="42.358090000" lon="-2.602960000">
        <ele>1000.000</ele>
      </trkpt>
      <trkpt lat="42.357850000" lon="-2.602900000">
        <ele>1002.000</ele>
      </trkpt>
      <trkpt lat="42.357640000" lon="-2.602860000">
        <ele>1004.000</ele>
      </trkpt>
      <trkpt lat="42.357540000" lon="-2.602860000">
        <ele>1005.000</ele>
      </trkpt>
      <trkpt lat="42.357360000" lon="-2.602850000">
        <ele>1007.000</ele>
      </trkpt>
      <trkpt lat="42.357110000" lon="-2.602880000">
        <ele>1009.000</ele>
      </trkpt>
      <trkpt lat="42.356930000" lon="-2.602990000">
        <ele>1011.000</ele>
      </trkpt>
      <trkpt lat="42.356730000" lon="-2.603100000">
        <ele>1013.000</ele>
      </trkpt>
      <trkpt lat="42.356560000" lon="-2.603160000">
        <ele>1015.000</ele>
      </trkpt>
      <trkpt lat="42.356380000" lon="-2.603160000">
        <ele>1017.000</ele>
      </trkpt>
      <trkpt lat="42.356330000" lon="-2.603150000">
        <ele>1019.000</ele>
      </trkpt>
      <trkpt lat="42.356210000" lon="-2.603130000">
        <ele>1020.000</ele>
      </trkpt>
      <trkpt lat="42.356040000" lon="-2.603100000">
        <ele>1021.000</ele>
      </trkpt>
      <trkpt lat="42.355970000" lon="-2.603090000">
        <ele>1023.000</ele>
      </trkpt>
      <trkpt lat="42.355820000" lon="-2.603060000">
        <ele>1024.000</ele>
      </trkpt>
      <trkpt lat="42.355640000" lon="-2.603030000">
        <ele>1026.000</ele>
      </trkpt>
      <trkpt lat="42.355610000" lon="-2.603030000">
        <ele>1027.000</ele>
      </trkpt>
      <trkpt lat="42.355500000" lon="-2.603010000">
        <ele>1028.000</ele>
      </trkpt>
      <trkpt lat="42.355330000" lon="-2.602970000">
        <ele>1029.000</ele>
      </trkpt>
      <trkpt lat="42.355090000" lon="-2.602930000">
        <ele>1031.000</ele>
      </trkpt>
      <trkpt lat="42.355080000" lon="-2.602940000">
        <ele>1032.000</ele>
      </trkpt>
      <trkpt lat="42.354900000" lon="-2.602970000">
        <ele>1034.000</ele>
      </trkpt>
      <trkpt lat="42.354820000" lon="-2.602990000">
        <ele>1035.000</ele>
      </trkpt>
      <trkpt lat="42.354640000" lon="-2.603050000">
        <ele>1037.000</ele>
      </trkpt>
      <trkpt lat="42.354380000" lon="-2.603150000">
        <ele>1039.000</ele>
      </trkpt>
      <trkpt lat="42.354220000" lon="-2.603240000">
        <ele>1041.000</ele>
      </trkpt>
      <trkpt lat="42.354060000" lon="-2.603340000">
        <ele>1042.000</ele>
      </trkpt>
      <trkpt lat="42.353910000" lon="-2.603440000">
        <ele>1044.000</ele>
      </trkpt>
      <trkpt lat="42.353890000" lon="-2.603460000">
        <ele>1045.000</ele>
      </trkpt>
      <trkpt lat="42.353750000" lon="-2.603530000">
        <ele>1047.000</ele>
      </trkpt>
      <trkpt lat="42.353720000" lon="-2.603550000">
        <ele>1048.000</ele>
      </trkpt>
      <trkpt lat="42.353580000" lon="-2.603640000">
        <ele>1049.000</ele>
      </trkpt>
      <trkpt lat="42.353560000" lon="-2.603650000">
        <ele>1049.000</ele>
      </trkpt>
      <trkpt lat="42.353440000" lon="-2.603710000">
        <ele>1050.000</ele>
      </trkpt>
      <trkpt lat="42.353340000" lon="-2.603770000">
        <ele>1051.000</ele>
      </trkpt>
      <trkpt lat="42.353260000" lon="-2.603790000">
        <ele>1052.000</ele>
      </trkpt>
      <trkpt lat="42.353220000" lon="-2.603790000">
        <ele>1053.000</ele>
      </trkpt>
      <trkpt lat="42.353120000" lon="-2.603800000">
        <ele>1053.000</ele>
      </trkpt>
      <trkpt lat="42.353040000" lon="-2.603800000">
        <ele>1054.000</ele>
      </trkpt>
      <trkpt lat="42.352900000" lon="-2.603810000">
        <ele>1055.000</ele>
      </trkpt>
      <trkpt lat="42.352860000" lon="-2.603810000">
        <ele>1056.000</ele>
      </trkpt>
      <trkpt lat="42.352680000" lon="-2.603810000">
        <ele>1057.000</ele>
      </trkpt>
      <trkpt lat="42.352540000" lon="-2.603840000">
        <ele>1058.000</ele>
      </trkpt>
      <trkpt lat="42.352500000" lon="-2.603860000">
        <ele>1059.000</ele>
      </trkpt>
      <trkpt lat="42.352440000" lon="-2.603890000">
        <ele>1060.000</ele>
      </trkpt>
      <trkpt lat="42.352340000" lon="-2.603960000">
        <ele>1061.000</ele>
      </trkpt>
      <trkpt lat="42.352310000" lon="-2.603970000">
        <ele>1062.000</ele>
      </trkpt>
      <trkpt lat="42.352220000" lon="-2.604070000">
        <ele>1063.000</ele>
      </trkpt>
      <trkpt lat="42.352110000" lon="-2.604230000">
        <ele>1064.000</ele>
      </trkpt>
      <trkpt lat="42.352070000" lon="-2.604280000">
        <ele>1065.000</ele>
      </trkpt>
      <trkpt lat="42.352020000" lon="-2.604370000">
        <ele>1066.000</ele>
      </trkpt>
      <trkpt lat="42.351930000" lon="-2.604590000">
        <ele>1068.000</ele>
      </trkpt>
      <trkpt lat="42.351830000" lon="-2.604900000">
        <ele>1070.000</ele>
      </trkpt>
      <trkpt lat="42.351760000" lon="-2.605150000">
        <ele>1072.000</ele>
      </trkpt>
      <trkpt lat="42.351740000" lon="-2.605210000">
        <ele>1074.000</ele>
      </trkpt>
      <trkpt lat="42.351640000" lon="-2.605530000">
        <ele>1076.000</ele>
      </trkpt>
      <trkpt lat="42.351590000" lon="-2.605700000">
        <ele>1079.000</ele>
      </trkpt>
      <trkpt lat="42.351480000" lon="-2.605930000">
        <ele>1081.000</ele>
      </trkpt>
      <trkpt lat="42.351390000" lon="-2.606070000">
        <ele>1083.000</ele>
      </trkpt>
      <trkpt lat="42.351300000" lon="-2.606170000">
        <ele>1085.000</ele>
      </trkpt>
      <trkpt lat="42.351280000" lon="-2.606190000">
        <ele>1086.000</ele>
      </trkpt>
      <trkpt lat="42.351170000" lon="-2.606290000">
        <ele>1087.000</ele>
      </trkpt>
      <trkpt lat="42.351150000" lon="-2.606310000">
        <ele>1088.000</ele>
      </trkpt>
      <trkpt lat="42.351050000" lon="-2.606390000">
        <ele>1089.000</ele>
      </trkpt>
      <trkpt lat="42.350890000" lon="-2.606530000">
        <ele>1090.000</ele>
      </trkpt>
      <trkpt lat="42.350810000" lon="-2.606620000">
        <ele>1091.000</ele>
      </trkpt>
      <trkpt lat="42.350760000" lon="-2.606710000">
        <ele>1092.000</ele>
      </trkpt>
      <trkpt lat="42.350730000" lon="-2.606780000">
        <ele>1093.000</ele>
      </trkpt>
      <trkpt lat="42.350700000" lon="-2.606880000">
        <ele>1094.000</ele>
      </trkpt>
      <trkpt lat="42.350690000" lon="-2.606970000">
        <ele>1095.000</ele>
      </trkpt>
      <trkpt lat="42.350680000" lon="-2.607000000">
        <ele>1095.000</ele>
      </trkpt>
      <trkpt lat="42.350680000" lon="-2.607070000">
        <ele>1096.000</ele>
      </trkpt>
      <trkpt lat="42.350660000" lon="-2.607220000">
        <ele>1097.000</ele>
      </trkpt>
      <trkpt lat="42.350620000" lon="-2.607350000">
        <ele>1098.000</ele>
      </trkpt>
      <trkpt lat="42.350570000" lon="-2.607450000">
        <ele>1098.000</ele>
      </trkpt>
      <trkpt lat="42.350460000" lon="-2.607510000">
        <ele>1099.000</ele>
      </trkpt>
      <trkpt lat="42.350330000" lon="-2.607550000">
        <ele>1100.000</ele>
      </trkpt>
      <trkpt lat="42.350240000" lon="-2.607630000">
        <ele>1101.000</ele>
      </trkpt>
      <trkpt lat="42.350200000" lon="-2.607670000">
        <ele>1102.000</ele>
      </trkpt>
      <trkpt lat="42.350090000" lon="-2.607750000">
        <ele>1103.000</ele>
      </trkpt>
      <trkpt lat="42.350050000" lon="-2.607780000">
        <ele>1104.000</ele>
      </trkpt>
      <trkpt lat="42.349960000" lon="-2.607840000">
        <ele>1105.000</ele>
      </trkpt>
      <trkpt lat="42.349930000" lon="-2.607870000">
        <ele>1106.000</ele>
      </trkpt>
      <trkpt lat="42.349800000" lon="-2.608040000">
        <ele>1108.000</ele>
      </trkpt>
      <trkpt lat="42.349780000" lon="-2.608070000">
        <ele>1109.000</ele>
      </trkpt>
      <trkpt lat="42.349700000" lon="-2.608160000">
        <ele>1110.000</ele>
      </trkpt>
      <trkpt lat="42.349650000" lon="-2.608180000">
        <ele>1111.000</ele>
      </trkpt>
      <trkpt lat="42.349500000" lon="-2.608260000">
        <ele>1112.000</ele>
      </trkpt>
      <trkpt lat="42.349310000" lon="-2.608330000">
        <ele>1114.000</ele>
      </trkpt>
      <trkpt lat="42.349270000" lon="-2.608350000">
        <ele>1115.000</ele>
      </trkpt>
      <trkpt lat="42.349090000" lon="-2.608360000">
        <ele>1117.000</ele>
      </trkpt>
      <trkpt lat="42.348950000" lon="-2.608380000">
        <ele>1119.000</ele>
      </trkpt>
      <trkpt lat="42.348770000" lon="-2.608400000">
        <ele>1120.000</ele>
      </trkpt>
      <trkpt lat="42.348730000" lon="-2.608400000">
        <ele>1122.000</ele>
      </trkpt>
      <trkpt lat="42.348590000" lon="-2.608410000">
        <ele>1123.000</ele>
      </trkpt>
      <trkpt lat="42.348480000" lon="-2.608420000">
        <ele>1125.000</ele>
      </trkpt>
      <trkpt lat="42.348280000" lon="-2.608420000">
        <ele>1127.000</ele>
      </trkpt>
      <trkpt lat="42.348090000" lon="-2.608420000">
        <ele>1129.000</ele>
      </trkpt>
      <trkpt lat="42.347980000" lon="-2.608430000">
        <ele>1130.000</ele>
      </trkpt>
      <trkpt lat="42.347900000" lon="-2.608470000">
        <ele>1132.000</ele>
      </trkpt>
      <trkpt lat="42.347880000" lon="-2.608480000">
        <ele>1133.000</ele>
      </trkpt>
      <trkpt lat="42.347830000" lon="-2.608540000">
        <ele>1134.000</ele>
      </trkpt>
      <trkpt lat="42.347790000" lon="-2.608640000">
        <ele>1135.000</ele>
      </trkpt>
      <trkpt lat="42.347730000" lon="-2.608780000">
        <ele>1136.000</ele>
      </trkpt>
      <trkpt lat="42.347700000" lon="-2.608890000">
        <ele>1137.000</ele>
      </trkpt>
      <trkpt lat="42.347690000" lon="-2.608920000">
        <ele>1138.000</ele>
      </trkpt>
      <trkpt lat="42.347630000" lon="-2.609090000">
        <ele>1139.000</ele>
      </trkpt>
      <trkpt lat="42.347570000" lon="-2.609260000">
        <ele>1140.000</ele>
      </trkpt>
      <trkpt lat="42.347490000" lon="-2.609430000">
        <ele>1142.000</ele>
      </trkpt>
      <trkpt lat="42.347380000" lon="-2.609590000">
        <ele>1143.000</ele>
      </trkpt>
      <trkpt lat="42.347270000" lon="-2.609770000">
        <ele>1145.000</ele>
      </trkpt>
      <trkpt lat="42.347150000" lon="-2.609900000">
        <ele>1147.000</ele>
      </trkpt>
      <trkpt lat="42.347020000" lon="-2.610100000">
        <ele>1149.000</ele>
      </trkpt>
      <trkpt lat="42.346910000" lon="-2.610310000">
        <ele>1152.000</ele>
      </trkpt>
      <trkpt lat="42.346870000" lon="-2.610480000">
        <ele>1154.000</ele>
      </trkpt>
      <trkpt lat="42.346860000" lon="-2.610670000">
        <ele>1156.000</ele>
      </trkpt>
      <trkpt lat="42.346850000" lon="-2.610700000">
        <ele>1158.000</ele>
      </trkpt>
      <trkpt lat="42.346840000" lon="-2.610790000">
        <ele>1159.000</ele>
      </trkpt>
      <trkpt lat="42.346770000" lon="-2.610910000">
        <ele>1161.000</ele>
      </trkpt>
      <trkpt lat="42.346750000" lon="-2.610950000">
        <ele>1162.000</ele>
      </trkpt>
      <trkpt lat="42.346660000" lon="-2.611120000">
        <ele>1163.000</ele>
      </trkpt>
      <trkpt lat="42.346590000" lon="-2.611310000">
        <ele>1165.000</ele>
      </trkpt>
      <trkpt lat="42.346530000" lon="-2.611510000">
        <ele>1167.000</ele>
      </trkpt>
      <trkpt lat="42.346490000" lon="-2.611670000">
        <ele>1169.000</ele>
      </trkpt>
      <trkpt lat="42.346470000" lon="-2.611780000">
        <ele>1171.000</ele>
      </trkpt>
      <trkpt lat="42.346460000" lon="-2.611810000">
        <ele>1172.000</ele>
      </trkpt>
      <trkpt lat="42.346430000" lon="-2.611980000">
        <ele>1174.000</ele>
      </trkpt>
      <trkpt lat="42.346420000" lon="-2.612020000">
        <ele>1175.000</ele>
      </trkpt>
      <trkpt lat="42.346360000" lon="-2.612220000">
        <ele>1176.000</ele>
      </trkpt>
      <trkpt lat="42.346280000" lon="-2.612410000">
        <ele>1178.000</ele>
      </trkpt>
      <trkpt lat="42.346160000" lon="-2.612570000">
        <ele>1179.000</ele>
      </trkpt>
      <trkpt lat="42.346030000" lon="-2.612710000">
        <ele>1181.000</ele>
      </trkpt>
      <trkpt lat="42.345980000" lon="-2.612760000">
        <ele>1183.000</ele>
      </trkpt>
      <trkpt lat="42.345880000" lon="-2.612840000">
        <ele>1184.000</ele>
      </trkpt>
      <trkpt lat="42.345830000" lon="-2.612890000">
        <ele>1186.000</ele>
      </trkpt>
      <trkpt lat="42.345760000" lon="-2.612950000">
        <ele>1187.000</ele>
      </trkpt>
      <trkpt lat="42.345680000" lon="-2.613020000">
        <ele>1188.000</ele>
      </trkpt>
      <trkpt lat="42.345670000" lon="-2.613030000">
        <ele>1189.000</ele>
      </trkpt>
      <trkpt lat="42.345640000" lon="-2.613130000">
        <ele>1190.000</ele>
      </trkpt>
      <trkpt lat="42.345630000" lon="-2.613250000">
        <ele>1191.000</ele>
      </trkpt>
      <trkpt lat="42.345630000" lon="-2.613260000">
        <ele>1191.000</ele>
      </trkpt>
      <trkpt lat="42.345630000" lon="-2.613430000">
        <ele>1192.000</ele>
      </trkpt>
      <trkpt lat="42.345610000" lon="-2.613570000">
        <ele>1193.000</ele>
      </trkpt>
      <trkpt lat="42.345570000" lon="-2.613730000">
        <ele>1195.000</ele>
      </trkpt>
      <trkpt lat="42.345570000" lon="-2.613730000">
        <ele>1195.000</ele>
      </trkpt>
      <trkpt lat="42.345510000" lon="-2.613600000">
        <ele>1196.000</ele>
      </trkpt>
      <trkpt lat="42.345450000" lon="-2.613530000">
        <ele>1197.000</ele>
      </trkpt>
      <trkpt lat="42.345420000" lon="-2.613460000">
        <ele>1198.000</ele>
      </trkpt>
      <trkpt lat="42.345400000" lon="-2.613400000">
        <ele>1199.000</ele>
      </trkpt>
      <trkpt lat="42.345370000" lon="-2.613310000">
        <ele>1200.000</ele>
      </trkpt>
      <trkpt lat="42.345370000" lon="-2.613300000">
        <ele>1200.000</ele>
      </trkpt>
      <trkpt lat="42.345350000" lon="-2.613240000">
        <ele>1201.000</ele>
      </trkpt>
      <trkpt lat="42.345340000" lon="-2.613160000">
        <ele>1202.000</ele>
      </trkpt>
      <trkpt lat="42.345340000" lon="-2.613070000">
        <ele>1202.000</ele>
      </trkpt>
      <trkpt lat="42.345330000" lon="-2.612990000">
        <ele>1203.000</ele>
      </trkpt>
      <trkpt lat="42.345330000" lon="-2.612910000">
        <ele>1204.000</ele>
      </trkpt>
      <trkpt lat="42.345330000" lon="-2.612880000">
        <ele>1204.000</ele>
      </trkpt>
      <trkpt lat="42.345320000" lon="-2.612850000">
        <ele>1204.000</ele>
      </trkpt>
      <trkpt lat="42.345310000" lon="-2.612840000">
        <ele>1205.000</ele>
      </trkpt>
      <trkpt lat="42.345310000" lon="-2.612830000">
        <ele>1205.000</ele>
      </trkpt>
      <trkpt lat="42.345310000" lon="-2.612820000">
        <ele>1205.000</ele>
      </trkpt>
      <trkpt lat="42.345300000" lon="-2.612810000">
        <ele>1205.000</ele>
      </trkpt>
      <trkpt lat="42.345300000" lon="-2.612790000">
        <ele>1206.000</ele>
      </trkpt>
      <trkpt lat="42.345290000" lon="-2.612780000">
        <ele>1206.000</ele>
      </trkpt>
      <trkpt lat="42.345270000" lon="-2.612760000">
        <ele>1206.000</ele>
      </trkpt>
      <trkpt lat="42.345250000" lon="-2.612760000">
        <ele>1206.000</ele>
      </trkpt>
      <trkpt lat="42.345240000" lon="-2.612750000">
        <ele>1206.000</ele>
      </trkpt>
      <trkpt lat="42.345220000" lon="-2.612750000">
        <ele>1207.000</ele>
      </trkpt>
      <trkpt lat="42.345210000" lon="-2.612740000">
        <ele>1207.000</ele>
      </trkpt>
      <trkpt lat="42.345190000" lon="-2.612750000">
        <ele>1207.000</ele>
      </trkpt>
      <trkpt lat="42.345170000" lon="-2.612750000">
        <ele>1207.000</ele>
      </trkpt>
      <trkpt lat="42.345160000" lon="-2.612750000">
        <ele>1207.000</ele>
      </trkpt>
      <trkpt lat="42.345150000" lon="-2.612750000">
        <ele>1207.000</ele>
      </trkpt>
      <trkpt lat="42.345130000" lon="-2.612750000">
        <ele>1208.000</ele>
      </trkpt>
      <trkpt lat="42.345110000" lon="-2.612760000">
        <ele>1208.000</ele>
      </trkpt>
      <trkpt lat="42.345090000" lon="-2.612780000">
        <ele>1208.000</ele>
      </trkpt>
      <trkpt lat="42.345080000" lon="-2.612800000">
        <ele>1208.000</ele>
      </trkpt>
      <trkpt lat="42.345060000" lon="-2.612820000">
        <ele>1208.000</ele>
      </trkpt>
      <trkpt lat="42.345050000" lon="-2.612850000">
        <ele>1209.000</ele>
      </trkpt>
      <trkpt lat="42.345040000" lon="-2.612870000">
        <ele>1209.000</ele>
      </trkpt>
      <trkpt lat="42.345020000" lon="-2.612920000">
        <ele>1209.000</ele>
      </trkpt>
      <trkpt lat="42.345000000" lon="-2.613010000">
        <ele>1210.000</ele>
      </trkpt>
      <trkpt lat="42.344980000" lon="-2.613100000">
        <ele>1210.000</ele>
      </trkpt>
      <trkpt lat="42.344970000" lon="-2.613240000">
        <ele>1211.000</ele>
      </trkpt>
      <trkpt lat="42.344970000" lon="-2.613360000">
        <ele>1212.000</ele>
      </trkpt>
      <trkpt lat="42.344970000" lon="-2.613390000">
        <ele>1212.000</ele>
      </trkpt>
      <trkpt lat="42.344980000" lon="-2.613530000">
        <ele>1213.000</ele>
      </trkpt>
      <trkpt lat="42.344990000" lon="-2.613630000">
        <ele>1214.000</ele>
      </trkpt>
      <trkpt lat="42.345010000" lon="-2.613750000">
        <ele>1215.000</ele>
      </trkpt>
      <trkpt lat="42.345040000" lon="-2.613830000">
        <ele>1216.000</ele>
      </trkpt>
      <trkpt lat="42.345060000" lon="-2.613880000">
        <ele>1217.000</ele>
      </trkpt>
      <trkpt lat="42.345110000" lon="-2.614010000">
        <ele>1217.000</ele>
      </trkpt>
      <trkpt lat="42.345170000" lon="-2.614160000">
        <ele>1218.000</ele>
      </trkpt>
      <trkpt lat="42.345210000" lon="-2.614250000">
        <ele>1219.000</ele>
      </trkpt>
      <trkpt lat="42.345210000" lon="-2.614260000">
        <ele>1220.000</ele>
      </trkpt>
      <trkpt lat="42.345240000" lon="-2.614360000">
        <ele>1221.000</ele>
      </trkpt>
      <trkpt lat="42.345240000" lon="-2.614420000">
        <ele>1222.000</ele>
      </trkpt>
      <trkpt lat="42.345240000" lon="-2.614490000">
        <ele>1222.000</ele>
      </trkpt>
      <trkpt lat="42.345240000" lon="-2.614500000">
        <ele>1223.000</ele>
      </trkpt>
      <trkpt lat="42.345240000" lon="-2.614510000">
        <ele>1223.000</ele>
      </trkpt>
      <trkpt lat="42.345230000" lon="-2.614550000">
        <ele>1223.000</ele>
      </trkpt>
      <trkpt lat="42.345220000" lon="-2.614580000">
        <ele>1224.000</ele>
      </trkpt>
      <trkpt lat="42.345200000" lon="-2.614620000">
        <ele>1224.000</ele>
      </trkpt>
      <trkpt lat="42.345180000" lon="-2.614650000">
        <ele>1224.000</ele>
      </trkpt>
      <trkpt lat="42.345140000" lon="-2.614700000">
        <ele>1225.000</ele>
      </trkpt>
      <trkpt lat="42.345110000" lon="-2.614730000">
        <ele>1225.000</ele>
      </trkpt>
      <trkpt lat="42.345070000" lon="-2.614760000">
        <ele>1226.000</ele>
      </trkpt>
      <trkpt lat="42.345030000" lon="-2.614780000">
        <ele>1226.000</ele>
      </trkpt>
      <trkpt lat="42.344980000" lon="-2.614780000">
        <ele>1227.000</ele>
      </trkpt>
      <trkpt lat="42.344970000" lon="-2.614780000">
        <ele>1227.000</ele>
      </trkpt>
      <trkpt lat="42.344910000" lon="-2.614780000">
        <ele>1228.000</ele>
      </trkpt>
      <trkpt lat="42.344870000" lon="-2.614780000">
        <ele>1228.000</ele>
      </trkpt>
      <trkpt lat="42.344830000" lon="-2.614760000">
        <ele>1228.000</ele>
      </trkpt>
      <trkpt lat="42.344800000" lon="-2.614720000">
        <ele>1229.000</ele>
      </trkpt>
      <trkpt lat="42.344780000" lon="-2.614690000">
        <ele>1229.000</ele>
      </trkpt>
      <trkpt lat="42.344770000" lon="-2.614650000">
        <ele>1230.000</ele>
      </trkpt>
      <trkpt lat="42.344720000" lon="-2.614530000">
        <ele>1230.000</ele>
      </trkpt>
      <trkpt lat="42.344700000" lon="-2.614480000">
        <ele>1231.000</ele>
      </trkpt>
      <trkpt lat="42.344680000" lon="-2.614410000">
        <ele>1232.000</ele>
      </trkpt>
      <trkpt lat="42.344670000" lon="-2.614360000">
        <ele>1232.000</ele>
      </trkpt>
      <trkpt lat="42.344660000" lon="-2.614300000">
        <ele>1233.000</ele>
      </trkpt>
      <trkpt lat="42.344660000" lon="-2.614290000">
        <ele>1233.000</ele>
      </trkpt>
      <trkpt lat="42.344660000" lon="-2.614250000">
        <ele>1234.000</ele>
      </trkpt>
      <trkpt lat="42.344650000" lon="-2.614200000">
        <ele>1234.000</ele>
      </trkpt>
      <trkpt lat="42.344640000" lon="-2.614160000">
        <ele>1234.000</ele>
      </trkpt>
      <trkpt lat="42.344620000" lon="-2.614140000">
        <ele>1235.000</ele>
      </trkpt>
      <trkpt lat="42.344490000" lon="-2.614000000">
        <ele>1236.000</ele>
      </trkpt>
      <trkpt lat="42.344430000" lon="-2.613910000">
        <ele>1236.000</ele>
      </trkpt>
      <trkpt lat="42.344350000" lon="-2.613760000">
        <ele>1238.000</ele>
      </trkpt>
      <trkpt lat="42.344340000" lon="-2.613730000">
        <ele>1238.000</ele>
      </trkpt>
      <trkpt lat="42.344280000" lon="-2.613590000">
        <ele>1239.000</ele>
      </trkpt>
      <trkpt lat="42.344260000" lon="-2.613510000">
        <ele>1240.000</ele>
      </trkpt>
      <trkpt lat="42.344220000" lon="-2.613420000">
        <ele>1241.000</ele>
      </trkpt>
      <trkpt lat="42.344190000" lon="-2.613280000">
        <ele>1242.000</ele>
      </trkpt>
      <trkpt lat="42.344160000" lon="-2.613150000">
        <ele>1243.000</ele>
      </trkpt>
      <trkpt lat="42.344130000" lon="-2.612910000">
        <ele>1244.000</ele>
      </trkpt>
      <trkpt lat="42.344120000" lon="-2.612730000">
        <ele>1246.000</ele>
      </trkpt>
      <trkpt lat="42.344120000" lon="-2.612570000">
        <ele>1247.000</ele>
      </trkpt>
      <trkpt lat="42.344120000" lon="-2.612430000">
        <ele>1248.000</ele>
      </trkpt>
      <trkpt lat="42.344130000" lon="-2.612270000">
        <ele>1249.000</ele>
      </trkpt>
      <trkpt lat="42.344130000" lon="-2.612120000">
        <ele>1250.000</ele>
      </trkpt>
      <trkpt lat="42.344140000" lon="-2.612080000">
        <ele>1251.000</ele>
      </trkpt>
      <trkpt lat="42.344140000" lon="-2.612000000">
        <ele>1252.000</ele>
      </trkpt>
      <trkpt lat="42.344150000" lon="-2.611960000">
        <ele>1253.000</ele>
      </trkpt>
      <trkpt lat="42.344150000" lon="-2.611910000">
        <ele>1253.000</ele>
      </trkpt>
      <trkpt lat="42.344160000" lon="-2.611880000">
        <ele>1254.000</ele>
      </trkpt>
      <trkpt lat="42.344150000" lon="-2.611850000">
        <ele>1254.000</ele>
      </trkpt>
      <trkpt lat="42.344150000" lon="-2.611840000">
        <ele>1254.000</ele>
      </trkpt>
      <trkpt lat="42.344150000" lon="-2.611820000">
        <ele>1255.000</ele>
      </trkpt>
      <trkpt lat="42.344150000" lon="-2.611810000">
        <ele>1255.000</ele>
      </trkpt>
      <trkpt lat="42.344140000" lon="-2.611800000">
        <ele>1255.000</ele>
      </trkpt>
      <trkpt lat="42.344130000" lon="-2.611780000">
        <ele>1255.000</ele>
      </trkpt>
      <trkpt lat="42.344120000" lon="-2.611770000">
        <ele>1255.000</ele>
      </trkpt>
      <trkpt lat="42.344110000" lon="-2.611760000">
        <ele>1255.000</ele>
      </trkpt>
      <trkpt lat="42.344100000" lon="-2.611750000">
        <ele>1256.000</ele>
      </trkpt>
      <trkpt lat="42.344090000" lon="-2.611740000">
        <ele>1256.000</ele>
      </trkpt>
      <trkpt lat="42.344080000" lon="-2.611740000">
        <ele>1256.000</ele>
      </trkpt>
      <trkpt lat="42.344070000" lon="-2.611730000">
        <ele>1256.000</ele>
      </trkpt>
      <trkpt lat="42.344050000" lon="-2.611720000">
        <ele>1256.000</ele>
      </trkpt>
      <trkpt lat="42.344040000" lon="-2.611720000">
        <ele>1256.000</ele>
      </trkpt>
      <trkpt lat="42.344030000" lon="-2.611720000">
        <ele>1256.000</ele>
      </trkpt>
      <trkpt lat="42.344020000" lon="-2.611720000">
        <ele>1257.000</ele>
      </trkpt>
      <trkpt lat="42.344010000" lon="-2.611720000">
        <ele>1257.000</ele>
      </trkpt>
      <trkpt lat="42.344000000" lon="-2.611730000">
        <ele>1257.000</ele>
      </trkpt>
      <trkpt lat="42.343990000" lon="-2.611740000">
        <ele>1257.000</ele>
      </trkpt>
      <trkpt lat="42.343980000" lon="-2.611750000">
        <ele>1257.000</ele>
      </trkpt>
      <trkpt lat="42.343970000" lon="-2.611760000">
        <ele>1257.000</ele>
      </trkpt>
      <trkpt lat="42.343960000" lon="-2.611770000">
        <ele>1257.000</ele>
      </trkpt>
      <trkpt lat="42.343950000" lon="-2.611790000">
        <ele>1257.000</ele>
      </trkpt>
      <trkpt lat="42.343930000" lon="-2.611860000">
        <ele>1258.000</ele>
      </trkpt>
      <trkpt lat="42.343920000" lon="-2.611910000">
        <ele>1258.000</ele>
      </trkpt>
      <trkpt lat="42.343910000" lon="-2.611940000">
        <ele>1258.000</ele>
      </trkpt>
      <trkpt lat="42.343880000" lon="-2.612040000">
        <ele>1259.000</ele>
      </trkpt>
      <trkpt lat="42.343840000" lon="-2.612130000">
        <ele>1259.000</ele>
      </trkpt>
      <trkpt lat="42.343810000" lon="-2.612210000">
        <ele>1260.000</ele>
      </trkpt>
      <trkpt lat="42.343760000" lon="-2.612360000">
        <ele>1261.000</ele>
      </trkpt>
      <trkpt lat="42.343720000" lon="-2.612500000">
        <ele>1262.000</ele>
      </trkpt>
      <trkpt lat="42.343700000" lon="-2.612580000">
        <ele>1263.000</ele>
      </trkpt>
      <trkpt lat="42.343670000" lon="-2.612650000">
        <ele>1265.000</ele>
      </trkpt>
      <trkpt lat="42.343620000" lon="-2.612770000">
        <ele>1266.000</ele>
      </trkpt>
      <trkpt lat="42.343590000" lon="-2.612810000">
        <ele>1267.000</ele>
      </trkpt>
      <trkpt lat="42.343560000" lon="-2.612840000">
        <ele>1268.000</ele>
      </trkpt>
      <trkpt lat="42.343520000" lon="-2.612880000">
        <ele>1268.000</ele>
      </trkpt>
      <trkpt lat="42.343470000" lon="-2.612900000">
        <ele>1269.000</ele>
      </trkpt>
      <trkpt lat="42.343410000" lon="-2.612920000">
        <ele>1270.000</ele>
      </trkpt>
      <trkpt lat="42.343330000" lon="-2.612930000">
        <ele>1271.000</ele>
      </trkpt>
      <trkpt lat="42.343260000" lon="-2.612930000">
        <ele>1272.000</ele>
      </trkpt>
      <trkpt lat="42.343180000" lon="-2.612930000">
        <ele>1273.000</ele>
      </trkpt>
      <trkpt lat="42.343000000" lon="-2.612890000">
        <ele>1274.000</ele>
      </trkpt>
      <trkpt lat="42.342920000" lon="-2.612870000">
        <ele>1276.000</ele>
      </trkpt>
      <trkpt lat="42.342870000" lon="-2.612850000">
        <ele>1277.000</ele>
      </trkpt>
      <trkpt lat="42.342720000" lon="-2.612840000">
        <ele>1279.000</ele>
      </trkpt>
      <trkpt lat="42.342560000" lon="-2.612850000">
        <ele>1280.000</ele>
      </trkpt>
      <trkpt lat="42.342500000" lon="-2.612850000">
        <ele>1282.000</ele>
      </trkpt>
      <trkpt lat="42.342440000" lon="-2.612880000">
        <ele>1283.000</ele>
      </trkpt>
      <trkpt lat="42.342390000" lon="-2.612910000">
        <ele>1284.000</ele>
      </trkpt>
      <trkpt lat="42.342330000" lon="-2.612960000">
        <ele>1285.000</ele>
      </trkpt>
      <trkpt lat="42.342280000" lon="-2.613020000">
        <ele>1286.000</ele>
      </trkpt>
      <trkpt lat="42.342160000" lon="-2.613140000">
        <ele>1288.000</ele>
      </trkpt>
      <trkpt lat="42.342000000" lon="-2.613280000">
        <ele>1290.000</ele>
      </trkpt>
      <trkpt lat="42.341830000" lon="-2.613440000">
        <ele>1292.000</ele>
      </trkpt>
      <trkpt lat="42.341690000" lon="-2.613570000">
        <ele>1294.000</ele>
      </trkpt>
      <trkpt lat="42.341510000" lon="-2.613700000">
        <ele>1296.000</ele>
      </trkpt>
      <trkpt lat="42.341490000" lon="-2.613710000">
        <ele>1298.000</ele>
      </trkpt>
      <trkpt lat="42.341340000" lon="-2.613820000">
        <ele>1300.000</ele>
      </trkpt>
      <trkpt lat="42.341330000" lon="-2.613830000">
        <ele>1301.000</ele>
      </trkpt>
      <trkpt lat="42.341170000" lon="-2.613940000">
        <ele>1303.000</ele>
      </trkpt>
      <trkpt lat="42.340960000" lon="-2.614090000">
        <ele>1305.000</ele>
      </trkpt>
      <trkpt lat="42.340800000" lon="-2.614190000">
        <ele>1308.000</ele>
      </trkpt>
      <trkpt lat="42.340680000" lon="-2.614250000">
        <ele>1310.000</ele>
      </trkpt>
      <trkpt lat="42.340630000" lon="-2.614270000">
        <ele>1312.000</ele>
      </trkpt>
      <trkpt lat="42.340570000" lon="-2.614300000">
        <ele>1313.000</ele>
      </trkpt>
      <trkpt lat="42.340470000" lon="-2.614360000">
        <ele>1314.000</ele>
      </trkpt>
      <trkpt lat="42.340370000" lon="-2.614400000">
        <ele>1316.000</ele>
      </trkpt>
      <trkpt lat="42.340350000" lon="-2.614410000">
        <ele>1317.000</ele>
      </trkpt>
      <trkpt lat="42.340270000" lon="-2.614440000">
        <ele>1318.000</ele>
      </trkpt>
      <trkpt lat="42.340150000" lon="-2.614460000">
        <ele>1319.000</ele>
      </trkpt>
      <trkpt lat="42.340010000" lon="-2.614480000">
        <ele>1320.000</ele>
      </trkpt>
      <trkpt lat="42.339820000" lon="-2.614480000">
        <ele>1322.000</ele>
      </trkpt>
      <trkpt lat="42.339810000" lon="-2.614480000">
        <ele>1324.000</ele>
      </trkpt>
      <trkpt lat="42.339660000" lon="-2.614470000">
        <ele>1325.000</ele>
      </trkpt>
      <trkpt lat="42.339460000" lon="-2.614490000">
        <ele>1327.000</ele>
      </trkpt>
      <trkpt lat="42.339250000" lon="-2.614530000">
        <ele>1329.000</ele>
      </trkpt>
      <trkpt lat="42.339100000" lon="-2.614570000">
        <ele>1331.000</ele>
      </trkpt>
      <trkpt lat="42.339060000" lon="-2.614580000">
        <ele>1333.000</ele>
      </trkpt>
      <trkpt lat="42.338950000" lon="-2.614620000">
        <ele>1334.000</ele>
      </trkpt>
      <trkpt lat="42.338920000" lon="-2.614630000">
        <ele>1335.000</ele>
      </trkpt>
      <trkpt lat="42.338870000" lon="-2.614640000">
        <ele>1336.000</ele>
      </trkpt>
      <trkpt lat="42.338820000" lon="-2.614640000">
        <ele>1337.000</ele>
      </trkpt>
      <trkpt lat="42.338810000" lon="-2.614640000">
        <ele>1337.000</ele>
      </trkpt>
      <trkpt lat="42.338790000" lon="-2.614640000">
        <ele>1338.000</ele>
      </trkpt>
      <trkpt lat="42.338780000" lon="-2.614640000">
        <ele>1338.000</ele>
      </trkpt>
      <trkpt lat="42.338770000" lon="-2.614640000">
        <ele>1338.000</ele>
      </trkpt>
      <trkpt lat="42.338760000" lon="-2.614630000">
        <ele>1338.000</ele>
      </trkpt>
      <trkpt lat="42.338760000" lon="-2.614620000">
        <ele>1338.000</ele>
      </trkpt>
      <trkpt lat="42.338750000" lon="-2.614610000">
        <ele>1339.000</ele>
      </trkpt>
      <trkpt lat="42.338750000" lon="-2.614600000">
        <ele>1339.000</ele>
      </trkpt>
      <trkpt lat="42.338750000" lon="-2.614590000">
        <ele>1339.000</ele>
      </trkpt>
      <trkpt lat="42.338750000" lon="-2.614570000">
        <ele>1339.000</ele>
      </trkpt>
      <trkpt lat="42.338740000" lon="-2.614550000">
        <ele>1339.000</ele>
      </trkpt>
      <trkpt lat="42.338750000" lon="-2.614530000">
        <ele>1339.000</ele>
      </trkpt>
      <trkpt lat="42.338750000" lon="-2.614520000">
        <ele>1339.000</ele>
      </trkpt>
      <trkpt lat="42.338750000" lon="-2.614510000">
        <ele>1339.000</ele>
      </trkpt>
      <trkpt lat="42.338760000" lon="-2.614490000">
        <ele>1339.000</ele>
      </trkpt>
      <trkpt lat="42.338760000" lon="-2.614480000">
        <ele>1339.000</ele>
      </trkpt>
      <trkpt lat="42.338770000" lon="-2.614460000">
        <ele>1339.000</ele>
      </trkpt>
      <trkpt lat="42.338780000" lon="-2.614450000">
        <ele>1339.000</ele>
      </trkpt>
      <trkpt lat="42.338800000" lon="-2.614430000">
        <ele>1340.000</ele>
      </trkpt>
      <trkpt lat="42.338810000" lon="-2.614420000">
        <ele>1340.000</ele>
      </trkpt>
      <trkpt lat="42.338820000" lon="-2.614410000">
        <ele>1340.000</ele>
      </trkpt>
      <trkpt lat="42.338840000" lon="-2.614390000">
        <ele>1340.000</ele>
      </trkpt>
      <trkpt lat="42.338900000" lon="-2.614360000">
        <ele>1340.000</ele>
      </trkpt>
      <trkpt lat="42.338980000" lon="-2.614310000">
        <ele>1340.000</ele>
      </trkpt>
      <trkpt lat="42.339080000" lon="-2.614240000">
        <ele>1341.000</ele>
      </trkpt>
      <trkpt lat="42.339190000" lon="-2.614160000">
        <ele>1341.000</ele>
      </trkpt>
      <trkpt lat="42.339290000" lon="-2.614090000">
        <ele>1342.000</ele>
      </trkpt>
      <trkpt lat="42.339300000" lon="-2.614080000">
        <ele>1342.000</ele>
      </trkpt>
      <trkpt lat="42.339370000" lon="-2.614030000">
        <ele>1343.000</ele>
      </trkpt>
      <trkpt lat="42.339450000" lon="-2.613960000">
        <ele>1343.000</ele>
      </trkpt>
      <trkpt lat="42.339460000" lon="-2.613950000">
        <ele>1343.000</ele>
      </trkpt>
      <trkpt lat="42.339480000" lon="-2.613930000">
        <ele>1344.000</ele>
      </trkpt>
      <trkpt lat="42.339500000" lon="-2.613910000">
        <ele>1344.000</ele>
      </trkpt>
      <trkpt lat="42.339530000" lon="-2.613880000">
        <ele>1344.000</ele>
      </trkpt>
      <trkpt lat="42.339540000" lon="-2.613850000">
        <ele>1344.000</ele>
      </trkpt>
      <trkpt lat="42.339550000" lon="-2.613840000">
        <ele>1345.000</ele>
      </trkpt>
      <trkpt lat="42.339550000" lon="-2.613830000">
        <ele>1345.000</ele>
      </trkpt>
      <trkpt lat="42.339550000" lon="-2.613810000">
        <ele>1345.000</ele>
      </trkpt>
      <trkpt lat="42.339560000" lon="-2.613800000">
        <ele>1345.000</ele>
      </trkpt>
      <trkpt lat="42.339560000" lon="-2.613790000">
        <ele>1345.000</ele>
      </trkpt>
      <trkpt lat="42.339560000" lon="-2.613780000">
        <ele>1345.000</ele>
      </trkpt>
      <trkpt lat="42.339560000" lon="-2.613770000">
        <ele>1345.000</ele>
      </trkpt>
      <trkpt lat="42.339550000" lon="-2.613760000">
        <ele>1345.000</ele>
      </trkpt>
      <trkpt lat="42.339550000" lon="-2.613750000">
        <ele>1345.000</ele>
      </trkpt>
      <trkpt lat="42.339550000" lon="-2.613740000">
        <ele>1345.000</ele>
      </trkpt>
      <trkpt lat="42.339540000" lon="-2.613730000">
        <ele>1345.000</ele>
      </trkpt>
      <trkpt lat="42.339540000" lon="-2.613720000">
        <ele>1345.000</ele>
      </trkpt>
      <trkpt lat="42.339530000" lon="-2.613710000">
        <ele>1345.000</ele>
      </trkpt>
      <trkpt lat="42.339520000" lon="-2.613710000">
        <ele>1346.000</ele>
      </trkpt>
      <trkpt lat="42.339520000" lon="-2.613700000">
        <ele>1346.000</ele>
      </trkpt>
      <trkpt lat="42.339500000" lon="-2.613700000">
        <ele>1346.000</ele>
      </trkpt>
      <trkpt lat="42.339480000" lon="-2.613700000">
        <ele>1346.000</ele>
      </trkpt>
      <trkpt lat="42.339450000" lon="-2.613700000">
        <ele>1346.000</ele>
      </trkpt>
      <trkpt lat="42.339420000" lon="-2.613700000">
        <ele>1346.000</ele>
      </trkpt>
      <trkpt lat="42.339390000" lon="-2.613700000">
        <ele>1346.000</ele>
      </trkpt>
      <trkpt lat="42.339370000" lon="-2.613710000">
        <ele>1346.000</ele>
      </trkpt>
      <trkpt lat="42.339270000" lon="-2.613730000">
        <ele>1347.000</ele>
      </trkpt>
      <trkpt lat="42.339150000" lon="-2.613770000">
        <ele>1347.000</ele>
      </trkpt>
      <trkpt lat="42.339050000" lon="-2.613800000">
        <ele>1348.000</ele>
      </trkpt>
      <trkpt lat="42.339010000" lon="-2.613810000">
        <ele>1348.000</ele>
      </trkpt>
      <trkpt lat="42.338840000" lon="-2.613890000">
        <ele>1349.000</ele>
      </trkpt>
      <trkpt lat="42.338700000" lon="-2.613980000">
        <ele>1350.000</ele>
      </trkpt>
      <trkpt lat="42.338560000" lon="-2.614100000">
        <ele>1351.000</ele>
      </trkpt>
      <trkpt lat="42.338540000" lon="-2.614120000">
        <ele>1352.000</ele>
      </trkpt>
      <trkpt lat="42.338420000" lon="-2.614250000">
        <ele>1353.000</ele>
      </trkpt>
      <trkpt lat="42.338370000" lon="-2.614300000">
        <ele>1354.000</ele>
      </trkpt>
      <trkpt lat="42.338240000" lon="-2.614460000">
        <ele>1355.000</ele>
      </trkpt>
      <trkpt lat="42.338160000" lon="-2.614590000">
        <ele>1356.000</ele>
      </trkpt>
      <trkpt lat="42.338060000" lon="-2.614760000">
        <ele>1357.000</ele>
      </trkpt>
      <trkpt lat="42.337910000" lon="-2.614940000">
        <ele>1358.000</ele>
      </trkpt>
      <trkpt lat="42.337910000" lon="-2.614940000">
        <ele>1359.000</ele>
      </trkpt>
      <trkpt lat="42.337880000" lon="-2.614980000">
        <ele>1360.000</ele>
      </trkpt>
      <trkpt lat="42.337810000" lon="-2.615060000">
        <ele>1361.000</ele>
      </trkpt>
      <trkpt lat="42.337680000" lon="-2.615220000">
        <ele>1362.000</ele>
      </trkpt>
      <trkpt lat="42.337540000" lon="-2.615370000">
        <ele>1363.000</ele>
      </trkpt>
      <trkpt lat="42.337260000" lon="-2.615680000">
        <ele>1366.000</ele>
      </trkpt>
      <trkpt lat="42.337020000" lon="-2.615950000">
        <ele>1369.000</ele>
      </trkpt>
      <trkpt lat="42.336980000" lon="-2.615990000">
        <ele>1372.000</ele>
      </trkpt>
      <trkpt lat="42.336970000" lon="-2.616000000">
        <ele>1374.000</ele>
      </trkpt>
      <trkpt lat="42.336920000" lon="-2.616050000">
        <ele>1375.000</ele>
      </trkpt>
      <trkpt lat="42.336880000" lon="-2.616080000">
        <ele>1377.000</ele>
      </trkpt>
      <trkpt lat="42.336840000" lon="-2.616100000">
        <ele>1378.000</ele>
      </trkpt>
      <trkpt lat="42.336730000" lon="-2.616150000">
        <ele>1379.000</ele>
      </trkpt>
      <trkpt lat="42.336610000" lon="-2.616180000">
        <ele>1381.000</ele>
      </trkpt>
      <trkpt lat="42.336490000" lon="-2.616200000">
        <ele>1382.000</ele>
      </trkpt>
      <trkpt lat="42.336470000" lon="-2.616200000">
        <ele>1384.000</ele>
      </trkpt>
      <trkpt lat="42.336370000" lon="-2.616190000">
        <ele>1385.000</ele>
      </trkpt>
      <trkpt lat="42.336230000" lon="-2.616170000">
        <ele>1387.000</ele>
      </trkpt>
      <trkpt lat="42.336120000" lon="-2.616150000">
        <ele>1389.000</ele>
      </trkpt>
      <trkpt lat="42.336010000" lon="-2.616110000">
        <ele>1390.000</ele>
      </trkpt>
      <trkpt lat="42.335910000" lon="-2.616080000">
        <ele>1392.000</ele>
      </trkpt>
      <trkpt lat="42.335830000" lon="-2.616050000">
        <ele>1394.000</ele>
      </trkpt>
      <trkpt lat="42.335770000" lon="-2.616020000">
        <ele>1395.000</ele>
      </trkpt>
      <trkpt lat="42.335710000" lon="-2.615990000">
        <ele>1396.000</ele>
      </trkpt>
      <trkpt lat="42.335630000" lon="-2.615950000">
        <ele>1398.000</ele>
      </trkpt>
      <trkpt lat="42.335550000" lon="-2.615880000">
        <ele>1399.000</ele>
      </trkpt>
      <trkpt lat="42.335490000" lon="-2.615820000">
        <ele>1400.000</ele>
      </trkpt>
      <trkpt lat="42.335440000" lon="-2.615760000">
        <ele>1401.000</ele>
      </trkpt>
      <trkpt lat="42.335380000" lon="-2.615680000">
        <ele>1403.000</ele>
      </trkpt>
      <trkpt lat="42.335330000" lon="-2.615600000">
        <ele>1404.000</ele>
      </trkpt>
      <trkpt lat="42.335270000" lon="-2.615520000">
        <ele>1405.000</ele>
      </trkpt>
      <trkpt lat="42.335200000" lon="-2.615450000">
        <ele>1406.000</ele>
      </trkpt>
      <trkpt lat="42.335170000" lon="-2.615420000">
        <ele>1408.000</ele>
      </trkpt>
      <trkpt lat="42.335090000" lon="-2.615340000">
        <ele>1409.000</ele>
      </trkpt>
      <trkpt lat="42.335050000" lon="-2.615310000">
        <ele>1410.000</ele>
      </trkpt>
      <trkpt lat="42.335020000" lon="-2.615290000">
        <ele>1411.000</ele>
      </trkpt>
      <trkpt lat="42.334920000" lon="-2.615230000">
        <ele>1412.000</ele>
      </trkpt>
      <trkpt lat="42.334890000" lon="-2.615210000">
        <ele>1413.000</ele>
      </trkpt>
      <trkpt lat="42.334870000" lon="-2.615200000">
        <ele>1414.000</ele>
      </trkpt>
      <trkpt lat="42.334790000" lon="-2.615180000">
        <ele>1414.000</ele>
      </trkpt>
      <trkpt lat="42.334710000" lon="-2.615170000">
        <ele>1415.000</ele>
      </trkpt>
      <trkpt lat="42.334550000" lon="-2.615190000">
        <ele>1417.000</ele>
      </trkpt>
      <trkpt lat="42.334530000" lon="-2.615200000">
        <ele>1418.000</ele>
      </trkpt>
      <trkpt lat="42.334400000" lon="-2.615250000">
        <ele>1420.000</ele>
      </trkpt>
      <trkpt lat="42.334360000" lon="-2.615270000">
        <ele>1421.000</ele>
      </trkpt>
      <trkpt lat="42.334220000" lon="-2.615340000">
        <ele>1422.000</ele>
      </trkpt>
      <trkpt lat="42.334190000" lon="-2.615350000">
        <ele>1423.000</ele>
      </trkpt>
      <trkpt lat="42.334070000" lon="-2.615400000">
        <ele>1424.000</ele>
      </trkpt>
      <trkpt lat="42.334020000" lon="-2.615430000">
        <ele>1425.000</ele>
      </trkpt>
      <trkpt lat="42.333860000" lon="-2.615490000">
        <ele>1426.000</ele>
      </trkpt>
      <trkpt lat="42.333850000" lon="-2.615500000">
        <ele>1427.000</ele>
      </trkpt>
      <trkpt lat="42.333690000" lon="-2.615570000">
        <ele>1428.000</ele>
      </trkpt>
      <trkpt lat="42.333500000" lon="-2.615620000">
        <ele>1429.000</ele>
      </trkpt>
      <trkpt lat="42.333480000" lon="-2.615630000">
        <ele>1429.000</ele>
      </trkpt>
      <trkpt lat="42.333330000" lon="-2.615670000">
        <ele>1430.000</ele>
      </trkpt>
      <trkpt lat="42.333320000" lon="-2.615670000">
        <ele>1431.000</ele>
      </trkpt>
      <trkpt lat="42.333200000" lon="-2.615690000">
        <ele>1431.000</ele>
      </trkpt>
      <trkpt lat="42.333100000" lon="-2.615700000">
        <ele>1432.000</ele>
      </trkpt>
      <trkpt lat="42.333000000" lon="-2.615680000">
        <ele>1433.000</ele>
      </trkpt>
      <trkpt lat="42.332970000" lon="-2.615670000">
        <ele>1433.000</ele>
      </trkpt>
      <trkpt lat="42.332880000" lon="-2.615620000">
        <ele>1434.000</ele>
      </trkpt>
      <trkpt lat="42.332640000" lon="-2.615480000">
        <ele>1435.000</ele>
      </trkpt>
      <trkpt lat="42.332360000" lon="-2.615320000">
        <ele>1436.000</ele>
      </trkpt>
      <trkpt lat="42.332310000" lon="-2.615290000">
        <ele>1437.000</ele>
      </trkpt>
      <trkpt lat="42.331770000" lon="-2.614920000">
        <ele>1439.000</ele>
      </trkpt>
      <trkpt lat="42.331670000" lon="-2.614840000">
        <ele>1441.000</ele>
      </trkpt>
      <trkpt lat="42.331590000" lon="-2.614780000">
        <ele>1442.000</ele>
      </trkpt>
      <trkpt lat="42.331550000" lon="-2.614740000">
        <ele>1444.000</ele>
      </trkpt>
      <trkpt lat="42.331500000" lon="-2.614710000">
        <ele>1444.000</ele>
      </trkpt>
      <trkpt lat="42.331390000" lon="-2.614680000">
        <ele>1445.000</ele>
      </trkpt>
      <trkpt lat="42.331340000" lon="-2.614670000">
        <ele>1446.000</ele>
      </trkpt>
      <trkpt lat="42.331280000" lon="-2.614660000">
        <ele>1447.000</ele>
      </trkpt>
      <trkpt lat="42.331110000" lon="-2.614650000">
        <ele>1447.000</ele>
      </trkpt>
      <trkpt lat="42.330800000" lon="-2.614650000">
        <ele>1449.000</ele>
      </trkpt>
      <trkpt lat="42.330770000" lon="-2.614650000">
        <ele>1450.000</ele>
      </trkpt>
      <trkpt lat="42.330440000" lon="-2.614650000">
        <ele>1451.000</ele>
      </trkpt>
      <trkpt lat="42.330080000" lon="-2.614650000">
        <ele>1454.000</ele>
      </trkpt>
      <trkpt lat="42.330000000" lon="-2.614650000">
        <ele>1455.000</ele>
      </trkpt>
      <trkpt lat="42.329900000" lon="-2.614630000">
        <ele>1457.000</ele>
      </trkpt>
      <trkpt lat="42.329830000" lon="-2.614610000">
        <ele>1458.000</ele>
      </trkpt>
      <trkpt lat="42.329770000" lon="-2.614570000">
        <ele>1459.000</ele>
      </trkpt>
      <trkpt lat="42.329610000" lon="-2.614470000">
        <ele>1460.000</ele>
      </trkpt>
      <trkpt lat="42.329570000" lon="-2.614430000">
        <ele>1461.000</ele>
      </trkpt>
      <trkpt lat="42.329470000" lon="-2.614350000">
        <ele>1462.000</ele>
      </trkpt>
      <trkpt lat="42.329270000" lon="-2.614160000">
        <ele>1463.000</ele>
      </trkpt>
      <trkpt lat="42.329200000" lon="-2.614090000">
        <ele>1464.000</ele>
      </trkpt>
      <trkpt lat="42.328990000" lon="-2.613860000">
        <ele>1466.000</ele>
      </trkpt>
      <trkpt lat="42.328930000" lon="-2.613790000">
        <ele>1467.000</ele>
      </trkpt>
      <trkpt lat="42.328810000" lon="-2.613650000">
        <ele>1469.000</ele>
      </trkpt>
      <trkpt lat="42.328680000" lon="-2.613510000">
        <ele>1470.000</ele>
      </trkpt>
      <trkpt lat="42.328620000" lon="-2.613440000">
        <ele>1471.000</ele>
      </trkpt>
      <trkpt lat="42.328590000" lon="-2.613410000">
        <ele>1472.000</ele>
      </trkpt>
      <trkpt lat="42.328580000" lon="-2.613400000">
        <ele>1473.000</ele>
      </trkpt>
      <trkpt lat="42.328550000" lon="-2.613390000">
        <ele>1473.000</ele>
      </trkpt>
      <trkpt lat="42.328530000" lon="-2.613380000">
        <ele>1474.000</ele>
      </trkpt>
      <trkpt lat="42.328510000" lon="-2.613370000">
        <ele>1474.000</ele>
      </trkpt>
      <trkpt lat="42.328490000" lon="-2.613360000">
        <ele>1475.000</ele>
      </trkpt>
      <trkpt lat="42.328480000" lon="-2.613360000">
        <ele>1475.000</ele>
      </trkpt>
      <trkpt lat="42.328460000" lon="-2.613370000">
        <ele>1475.000</ele>
      </trkpt>
      <trkpt lat="42.328460000" lon="-2.613370000">
        <ele>1475.000</ele>
      </trkpt>
      <trkpt lat="42.328450000" lon="-2.613370000">
        <ele>1475.000</ele>
      </trkpt>
      <trkpt lat="42.328440000" lon="-2.613370000">
        <ele>1475.000</ele>
      </trkpt>
      <trkpt lat="42.328430000" lon="-2.613380000">
        <ele>1475.000</ele>
      </trkpt>
      <trkpt lat="42.328420000" lon="-2.613380000">
        <ele>1476.000</ele>
      </trkpt>
      <trkpt lat="42.328400000" lon="-2.613390000">
        <ele>1476.000</ele>
      </trkpt>
      <trkpt lat="42.328400000" lon="-2.613390000">
        <ele>1476.000</ele>
      </trkpt>
      <trkpt lat="42.328390000" lon="-2.613400000">
        <ele>1476.000</ele>
      </trkpt>
      <trkpt lat="42.328370000" lon="-2.613420000">
        <ele>1476.000</ele>
      </trkpt>
      <trkpt lat="42.328360000" lon="-2.613440000">
        <ele>1476.000</ele>
      </trkpt>
      <trkpt lat="42.328350000" lon="-2.613450000">
        <ele>1476.000</ele>
      </trkpt>
      <trkpt lat="42.328340000" lon="-2.613460000">
        <ele>1476.000</ele>
      </trkpt>
      <trkpt lat="42.328340000" lon="-2.613480000">
        <ele>1477.000</ele>
      </trkpt>
      <trkpt lat="42.328330000" lon="-2.613500000">
        <ele>1477.000</ele>
      </trkpt>
      <trkpt lat="42.328330000" lon="-2.613540000">
        <ele>1477.000</ele>
      </trkpt>
      <trkpt lat="42.328330000" lon="-2.613590000">
        <ele>1477.000</ele>
      </trkpt>
      <trkpt lat="42.328340000" lon="-2.613650000">
        <ele>1477.000</ele>
      </trkpt>
      <trkpt lat="42.328350000" lon="-2.613830000">
        <ele>1478.000</ele>
      </trkpt>
      <trkpt lat="42.328370000" lon="-2.614140000">
        <ele>1479.000</ele>
      </trkpt>
      <trkpt lat="42.328360000" lon="-2.614230000">
        <ele>1480.000</ele>
      </trkpt>
      <trkpt lat="42.328360000" lon="-2.614460000">
        <ele>1481.000</ele>
      </trkpt>
      <trkpt lat="42.328320000" lon="-2.614710000">
        <ele>1483.000</ele>
      </trkpt>
      <trkpt lat="42.328310000" lon="-2.614840000">
        <ele>1484.000</ele>
      </trkpt>
      <trkpt lat="42.328280000" lon="-2.614950000">
        <ele>1485.000</ele>
      </trkpt>
      <trkpt lat="42.328240000" lon="-2.615160000">
        <ele>1486.000</ele>
      </trkpt>
      <trkpt lat="42.328230000" lon="-2.615180000">
        <ele>1487.000</ele>
      </trkpt>
      <trkpt lat="42.328160000" lon="-2.615370000">
        <ele>1488.000</ele>
      </trkpt>
      <trkpt lat="42.328150000" lon="-2.615400000">
        <ele>1488.000</ele>
      </trkpt>
      <trkpt lat="42.328060000" lon="-2.615640000">
        <ele>1489.000</ele>
      </trkpt>
      <trkpt lat="42.327980000" lon="-2.615820000">
        <ele>1489.000</ele>
      </trkpt>
      <trkpt lat="42.327890000" lon="-2.616020000">
        <ele>1490.000</ele>
      </trkpt>
      <trkpt lat="42.327760000" lon="-2.616320000">
        <ele>1491.000</ele>
      </trkpt>
      <trkpt lat="42.327730000" lon="-2.616390000">
        <ele>1491.000</ele>
      </trkpt>
    </trkseg>
  </trk>
</gpx>
