<?xml version="1.0" encoding="UTF-8"?>
<gpx version="1.0" creator="GPSBabel - https://www.gpsbabel.org" xmlns="http://www.topografix.com/GPX/1/0">
  <time>2024-05-08T13:22:24.756Z</time>
  <bounds minlat="42.549280000" minlon="-6.765170000" maxlat="43.179670000" maxlon="-6.322540000"/>
  <trk>
    <trkseg>
      <trkpt lat="42.568310000" lon="-6.765170000">
        <ele>458.000</ele>
      </trkpt>
      <trkpt lat="42.568200000" lon="-6.765070000">
        <ele>457.000</ele>
      </trkpt>
      <trkpt lat="42.568060000" lon="-6.764940000">
        <ele>457.000</ele>
      </trkpt>
      <trkpt lat="42.567640000" lon="-6.764660000">
        <ele>457.000</ele>
      </trkpt>
      <trkpt lat="42.566700000" lon="-6.764160000">
        <ele>457.000</ele>
      </trkpt>
      <trkpt lat="42.566180000" lon="-6.763750000">
        <ele>456.000</ele>
      </trkpt>
      <trkpt lat="42.566010000" lon="-6.763560000">
        <ele>456.000</ele>
      </trkpt>
      <trkpt lat="42.565760000" lon="-6.763220000">
        <ele>456.000</ele>
      </trkpt>
      <trkpt lat="42.565520000" lon="-6.762780000">
        <ele>455.000</ele>
      </trkpt>
      <trkpt lat="42.565280000" lon="-6.762180000">
        <ele>455.000</ele>
      </trkpt>
      <trkpt lat="42.565150000" lon="-6.761640000">
        <ele>454.000</ele>
      </trkpt>
      <trkpt lat="42.565070000" lon="-6.760950000">
        <ele>454.000</ele>
      </trkpt>
      <trkpt lat="42.565070000" lon="-6.760600000">
        <ele>454.000</ele>
      </trkpt>
      <trkpt lat="42.565090000" lon="-6.760240000">
        <ele>453.000</ele>
      </trkpt>
      <trkpt lat="42.565130000" lon="-6.759910000">
        <ele>453.000</ele>
      </trkpt>
      <trkpt lat="42.565210000" lon="-6.759560000">
        <ele>453.000</ele>
      </trkpt>
      <trkpt lat="42.565430000" lon="-6.758980000">
        <ele>453.000</ele>
      </trkpt>
      <trkpt lat="42.565710000" lon="-6.758440000">
        <ele>453.000</ele>
      </trkpt>
      <trkpt lat="42.566080000" lon="-6.757890000">
        <ele>453.000</ele>
      </trkpt>
      <trkpt lat="42.566700000" lon="-6.757160000">
        <ele>453.000</ele>
      </trkpt>
      <trkpt lat="42.567030000" lon="-6.756620000">
        <ele>453.000</ele>
      </trkpt>
      <trkpt lat="42.567250000" lon="-6.756100000">
        <ele>453.000</ele>
      </trkpt>
      <trkpt lat="42.567610000" lon="-6.754770000">
        <ele>453.000</ele>
      </trkpt>
      <trkpt lat="42.567740000" lon="-6.754290000">
        <ele>453.000</ele>
      </trkpt>
      <trkpt lat="42.568290000" lon="-6.751690000">
        <ele>453.000</ele>
      </trkpt>
      <trkpt lat="42.568300000" lon="-6.751210000">
        <ele>454.000</ele>
      </trkpt>
      <trkpt lat="42.568280000" lon="-6.751060000">
        <ele>454.000</ele>
      </trkpt>
      <trkpt lat="42.568250000" lon="-6.750910000">
        <ele>454.000</ele>
      </trkpt>
      <trkpt lat="42.568260000" lon="-6.750840000">
        <ele>454.000</ele>
      </trkpt>
      <trkpt lat="42.568320000" lon="-6.750710000">
        <ele>454.000</ele>
      </trkpt>
      <trkpt lat="42.568340000" lon="-6.750700000">
        <ele>454.000</ele>
      </trkpt>
      <trkpt lat="42.568450000" lon="-6.750400000">
        <ele>454.000</ele>
      </trkpt>
      <trkpt lat="42.568580000" lon="-6.749930000">
        <ele>455.000</ele>
      </trkpt>
      <trkpt lat="42.568630000" lon="-6.749500000">
        <ele>455.000</ele>
      </trkpt>
      <trkpt lat="42.568680000" lon="-6.748700000">
        <ele>456.000</ele>
      </trkpt>
      <trkpt lat="42.568730000" lon="-6.747720000">
        <ele>455.000</ele>
      </trkpt>
      <trkpt lat="42.568750000" lon="-6.747130000">
        <ele>455.000</ele>
      </trkpt>
      <trkpt lat="42.568750000" lon="-6.746270000">
        <ele>454.000</ele>
      </trkpt>
      <trkpt lat="42.568700000" lon="-6.745370000">
        <ele>453.000</ele>
      </trkpt>
      <trkpt lat="42.568660000" lon="-6.744770000">
        <ele>453.000</ele>
      </trkpt>
      <trkpt lat="42.568510000" lon="-6.743490000">
        <ele>453.000</ele>
      </trkpt>
      <trkpt lat="42.568340000" lon="-6.742520000">
        <ele>453.000</ele>
      </trkpt>
      <trkpt lat="42.568210000" lon="-6.741850000">
        <ele>453.000</ele>
      </trkpt>
      <trkpt lat="42.567930000" lon="-6.740780000">
        <ele>453.000</ele>
      </trkpt>
      <trkpt lat="42.567240000" lon="-6.738090000">
        <ele>453.000</ele>
      </trkpt>
      <trkpt lat="42.566790000" lon="-6.736290000">
        <ele>453.000</ele>
      </trkpt>
      <trkpt lat="42.566410000" lon="-6.734900000">
        <ele>453.000</ele>
      </trkpt>
      <trkpt lat="42.566130000" lon="-6.734040000">
        <ele>452.000</ele>
      </trkpt>
      <trkpt lat="42.565780000" lon="-6.733050000">
        <ele>452.000</ele>
      </trkpt>
      <trkpt lat="42.565420000" lon="-6.732140000">
        <ele>451.000</ele>
      </trkpt>
      <trkpt lat="42.564940000" lon="-6.730900000">
        <ele>452.000</ele>
      </trkpt>
      <trkpt lat="42.564670000" lon="-6.730080000">
        <ele>453.000</ele>
      </trkpt>
      <trkpt lat="42.564540000" lon="-6.729680000">
        <ele>454.000</ele>
      </trkpt>
      <trkpt lat="42.564350000" lon="-6.729020000">
        <ele>455.000</ele>
      </trkpt>
      <trkpt lat="42.564110000" lon="-6.728090000">
        <ele>457.000</ele>
      </trkpt>
      <trkpt lat="42.563920000" lon="-6.727360000">
        <ele>458.000</ele>
      </trkpt>
      <trkpt lat="42.563760000" lon="-6.726600000">
        <ele>460.000</ele>
      </trkpt>
      <trkpt lat="42.563510000" lon="-6.725100000">
        <ele>460.000</ele>
      </trkpt>
      <trkpt lat="42.563310000" lon="-6.723510000">
        <ele>461.000</ele>
      </trkpt>
      <trkpt lat="42.563190000" lon="-6.721540000">
        <ele>462.000</ele>
      </trkpt>
      <trkpt lat="42.563150000" lon="-6.719840000">
        <ele>463.000</ele>
      </trkpt>
      <trkpt lat="42.563200000" lon="-6.718830000">
        <ele>463.000</ele>
      </trkpt>
      <trkpt lat="42.563320000" lon="-6.717230000">
        <ele>464.000</ele>
      </trkpt>
      <trkpt lat="42.563430000" lon="-6.716090000">
        <ele>465.000</ele>
      </trkpt>
      <trkpt lat="42.563680000" lon="-6.714550000">
        <ele>466.000</ele>
      </trkpt>
      <trkpt lat="42.564250000" lon="-6.711600000">
        <ele>467.000</ele>
      </trkpt>
      <trkpt lat="42.564380000" lon="-6.710870000">
        <ele>467.000</ele>
      </trkpt>
      <trkpt lat="42.564520000" lon="-6.710010000">
        <ele>468.000</ele>
      </trkpt>
      <trkpt lat="42.564580000" lon="-6.709630000">
        <ele>469.000</ele>
      </trkpt>
      <trkpt lat="42.564680000" lon="-6.709080000">
        <ele>470.000</ele>
      </trkpt>
      <trkpt lat="42.564700000" lon="-6.708940000">
        <ele>470.000</ele>
      </trkpt>
      <trkpt lat="42.564910000" lon="-6.707520000">
        <ele>471.000</ele>
      </trkpt>
      <trkpt lat="42.564950000" lon="-6.707260000">
        <ele>471.000</ele>
      </trkpt>
      <trkpt lat="42.565040000" lon="-6.706590000">
        <ele>471.000</ele>
      </trkpt>
      <trkpt lat="42.565130000" lon="-6.705920000">
        <ele>471.000</ele>
      </trkpt>
      <trkpt lat="42.565260000" lon="-6.704750000">
        <ele>472.000</ele>
      </trkpt>
      <trkpt lat="42.565400000" lon="-6.703480000">
        <ele>473.000</ele>
      </trkpt>
      <trkpt lat="42.565530000" lon="-6.702040000">
        <ele>473.000</ele>
      </trkpt>
      <trkpt lat="42.565710000" lon="-6.699360000">
        <ele>474.000</ele>
      </trkpt>
      <trkpt lat="42.565780000" lon="-6.698060000">
        <ele>475.000</ele>
      </trkpt>
      <trkpt lat="42.565860000" lon="-6.696030000">
        <ele>476.000</ele>
      </trkpt>
      <trkpt lat="42.565880000" lon="-6.693460000">
        <ele>477.000</ele>
      </trkpt>
      <trkpt lat="42.565870000" lon="-6.692550000">
        <ele>478.000</ele>
      </trkpt>
      <trkpt lat="42.565870000" lon="-6.692340000">
        <ele>478.000</ele>
      </trkpt>
      <trkpt lat="42.565870000" lon="-6.692240000">
        <ele>478.000</ele>
      </trkpt>
      <trkpt lat="42.565850000" lon="-6.691530000">
        <ele>479.000</ele>
      </trkpt>
      <trkpt lat="42.565810000" lon="-6.689600000">
        <ele>479.000</ele>
      </trkpt>
      <trkpt lat="42.565800000" lon="-6.687610000">
        <ele>480.000</ele>
      </trkpt>
      <trkpt lat="42.565780000" lon="-6.685800000">
        <ele>480.000</ele>
      </trkpt>
      <trkpt lat="42.565700000" lon="-6.683460000">
        <ele>481.000</ele>
      </trkpt>
      <trkpt lat="42.565400000" lon="-6.678620000">
        <ele>482.000</ele>
      </trkpt>
      <trkpt lat="42.565320000" lon="-6.675550000">
        <ele>484.000</ele>
      </trkpt>
      <trkpt lat="42.565310000" lon="-6.674290000">
        <ele>485.000</ele>
      </trkpt>
      <trkpt lat="42.565330000" lon="-6.671960000">
        <ele>486.000</ele>
      </trkpt>
      <trkpt lat="42.565420000" lon="-6.669390000">
        <ele>486.000</ele>
      </trkpt>
      <trkpt lat="42.565490000" lon="-6.668120000">
        <ele>488.000</ele>
      </trkpt>
      <trkpt lat="42.565520000" lon="-6.667760000">
        <ele>488.000</ele>
      </trkpt>
      <trkpt lat="42.565590000" lon="-6.666560000">
        <ele>490.000</ele>
      </trkpt>
      <trkpt lat="42.565750000" lon="-6.664670000">
        <ele>491.000</ele>
      </trkpt>
      <trkpt lat="42.565860000" lon="-6.663280000">
        <ele>491.000</ele>
      </trkpt>
      <trkpt lat="42.565980000" lon="-6.661210000">
        <ele>493.000</ele>
      </trkpt>
      <trkpt lat="42.566000000" lon="-6.660780000">
        <ele>494.000</ele>
      </trkpt>
      <trkpt lat="42.566050000" lon="-6.659340000">
        <ele>494.000</ele>
      </trkpt>
      <trkpt lat="42.566040000" lon="-6.659040000">
        <ele>495.000</ele>
      </trkpt>
      <trkpt lat="42.566020000" lon="-6.658940000">
        <ele>495.000</ele>
      </trkpt>
      <trkpt lat="42.565960000" lon="-6.658860000">
        <ele>495.000</ele>
      </trkpt>
      <trkpt lat="42.565900000" lon="-6.658810000">
        <ele>495.000</ele>
      </trkpt>
      <trkpt lat="42.565860000" lon="-6.658740000">
        <ele>495.000</ele>
      </trkpt>
      <trkpt lat="42.565830000" lon="-6.658650000">
        <ele>495.000</ele>
      </trkpt>
      <trkpt lat="42.565820000" lon="-6.658530000">
        <ele>495.000</ele>
      </trkpt>
      <trkpt lat="42.565830000" lon="-6.658410000">
        <ele>495.000</ele>
      </trkpt>
      <trkpt lat="42.565910000" lon="-6.658260000">
        <ele>495.000</ele>
      </trkpt>
      <trkpt lat="42.565980000" lon="-6.658200000">
        <ele>496.000</ele>
      </trkpt>
      <trkpt lat="42.566080000" lon="-6.658030000">
        <ele>496.000</ele>
      </trkpt>
      <trkpt lat="42.566110000" lon="-6.657850000">
        <ele>496.000</ele>
      </trkpt>
      <trkpt lat="42.566140000" lon="-6.656700000">
        <ele>496.000</ele>
      </trkpt>
      <trkpt lat="42.566140000" lon="-6.655350000">
        <ele>496.000</ele>
      </trkpt>
      <trkpt lat="42.566120000" lon="-6.654510000">
        <ele>497.000</ele>
      </trkpt>
      <trkpt lat="42.565960000" lon="-6.651730000">
        <ele>499.000</ele>
      </trkpt>
      <trkpt lat="42.565900000" lon="-6.651030000">
        <ele>500.000</ele>
      </trkpt>
      <trkpt lat="42.565860000" lon="-6.650800000">
        <ele>501.000</ele>
      </trkpt>
      <trkpt lat="42.565730000" lon="-6.650520000">
        <ele>501.000</ele>
      </trkpt>
      <trkpt lat="42.565670000" lon="-6.650460000">
        <ele>502.000</ele>
      </trkpt>
      <trkpt lat="42.565560000" lon="-6.650380000">
        <ele>502.000</ele>
      </trkpt>
      <trkpt lat="42.565520000" lon="-6.650320000">
        <ele>502.000</ele>
      </trkpt>
      <trkpt lat="42.565480000" lon="-6.650210000">
        <ele>502.000</ele>
      </trkpt>
      <trkpt lat="42.565470000" lon="-6.650080000">
        <ele>501.000</ele>
      </trkpt>
      <trkpt lat="42.565470000" lon="-6.650000000">
        <ele>501.000</ele>
      </trkpt>
      <trkpt lat="42.565510000" lon="-6.649910000">
        <ele>501.000</ele>
      </trkpt>
      <trkpt lat="42.565550000" lon="-6.649840000">
        <ele>501.000</ele>
      </trkpt>
      <trkpt lat="42.565590000" lon="-6.649680000">
        <ele>501.000</ele>
      </trkpt>
      <trkpt lat="42.565620000" lon="-6.649420000">
        <ele>501.000</ele>
      </trkpt>
      <trkpt lat="42.565640000" lon="-6.648990000">
        <ele>501.000</ele>
      </trkpt>
      <trkpt lat="42.565560000" lon="-6.648320000">
        <ele>501.000</ele>
      </trkpt>
      <trkpt lat="42.565430000" lon="-6.647580000">
        <ele>501.000</ele>
      </trkpt>
      <trkpt lat="42.565130000" lon="-6.646030000">
        <ele>502.000</ele>
      </trkpt>
      <trkpt lat="42.564690000" lon="-6.644130000">
        <ele>503.000</ele>
      </trkpt>
      <trkpt lat="42.564410000" lon="-6.642870000">
        <ele>505.000</ele>
      </trkpt>
      <trkpt lat="42.564180000" lon="-6.641660000">
        <ele>506.000</ele>
      </trkpt>
      <trkpt lat="42.564060000" lon="-6.640650000">
        <ele>507.000</ele>
      </trkpt>
      <trkpt lat="42.564030000" lon="-6.639820000">
        <ele>507.000</ele>
      </trkpt>
      <trkpt lat="42.564060000" lon="-6.639400000">
        <ele>508.000</ele>
      </trkpt>
      <trkpt lat="42.564100000" lon="-6.639110000">
        <ele>508.000</ele>
      </trkpt>
      <trkpt lat="42.564100000" lon="-6.639110000">
        <ele>508.000</ele>
      </trkpt>
      <trkpt lat="42.564150000" lon="-6.638690000">
        <ele>508.000</ele>
      </trkpt>
      <trkpt lat="42.564240000" lon="-6.637890000">
        <ele>508.000</ele>
      </trkpt>
      <trkpt lat="42.564250000" lon="-6.637730000">
        <ele>508.000</ele>
      </trkpt>
      <trkpt lat="42.564200000" lon="-6.637500000">
        <ele>508.000</ele>
      </trkpt>
      <trkpt lat="42.564030000" lon="-6.637180000">
        <ele>508.000</ele>
      </trkpt>
      <trkpt lat="42.563940000" lon="-6.637010000">
        <ele>508.000</ele>
      </trkpt>
      <trkpt lat="42.563920000" lon="-6.636850000">
        <ele>509.000</ele>
      </trkpt>
      <trkpt lat="42.563930000" lon="-6.636660000">
        <ele>509.000</ele>
      </trkpt>
      <trkpt lat="42.564100000" lon="-6.636100000">
        <ele>509.000</ele>
      </trkpt>
      <trkpt lat="42.564190000" lon="-6.635880000">
        <ele>509.000</ele>
      </trkpt>
      <trkpt lat="42.564320000" lon="-6.635610000">
        <ele>509.000</ele>
      </trkpt>
      <trkpt lat="42.564440000" lon="-6.635410000">
        <ele>509.000</ele>
      </trkpt>
      <trkpt lat="42.564540000" lon="-6.635170000">
        <ele>509.000</ele>
      </trkpt>
      <trkpt lat="42.564570000" lon="-6.635050000">
        <ele>509.000</ele>
      </trkpt>
      <trkpt lat="42.564570000" lon="-6.634890000">
        <ele>509.000</ele>
      </trkpt>
      <trkpt lat="42.563980000" lon="-6.633520000">
        <ele>510.000</ele>
      </trkpt>
      <trkpt lat="42.563540000" lon="-6.632530000">
        <ele>511.000</ele>
      </trkpt>
      <trkpt lat="42.563420000" lon="-6.632260000">
        <ele>511.000</ele>
      </trkpt>
      <trkpt lat="42.563360000" lon="-6.632140000">
        <ele>512.000</ele>
      </trkpt>
      <trkpt lat="42.563340000" lon="-6.632080000">
        <ele>512.000</ele>
      </trkpt>
      <trkpt lat="42.563270000" lon="-6.631920000">
        <ele>512.000</ele>
      </trkpt>
      <trkpt lat="42.563230000" lon="-6.631820000">
        <ele>513.000</ele>
      </trkpt>
      <trkpt lat="42.563070000" lon="-6.631480000">
        <ele>513.000</ele>
      </trkpt>
      <trkpt lat="42.562480000" lon="-6.630160000">
        <ele>513.000</ele>
      </trkpt>
      <trkpt lat="42.562380000" lon="-6.629940000">
        <ele>514.000</ele>
      </trkpt>
      <trkpt lat="42.562370000" lon="-6.629910000">
        <ele>514.000</ele>
      </trkpt>
      <trkpt lat="42.562310000" lon="-6.629780000">
        <ele>514.000</ele>
      </trkpt>
      <trkpt lat="42.562280000" lon="-6.629730000">
        <ele>515.000</ele>
      </trkpt>
      <trkpt lat="42.562210000" lon="-6.629560000">
        <ele>515.000</ele>
      </trkpt>
      <trkpt lat="42.562140000" lon="-6.629370000">
        <ele>515.000</ele>
      </trkpt>
      <trkpt lat="42.560750000" lon="-6.626230000">
        <ele>516.000</ele>
      </trkpt>
      <trkpt lat="42.560630000" lon="-6.625970000">
        <ele>516.000</ele>
      </trkpt>
      <trkpt lat="42.560450000" lon="-6.625560000">
        <ele>517.000</ele>
      </trkpt>
      <trkpt lat="42.560210000" lon="-6.625000000">
        <ele>518.000</ele>
      </trkpt>
      <trkpt lat="42.559930000" lon="-6.624370000">
        <ele>518.000</ele>
      </trkpt>
      <trkpt lat="42.559510000" lon="-6.623380000">
        <ele>519.000</ele>
      </trkpt>
      <trkpt lat="42.559440000" lon="-6.623220000">
        <ele>519.000</ele>
      </trkpt>
      <trkpt lat="42.559290000" lon="-6.622890000">
        <ele>520.000</ele>
      </trkpt>
      <trkpt lat="42.559240000" lon="-6.622900000">
        <ele>520.000</ele>
      </trkpt>
      <trkpt lat="42.559180000" lon="-6.622840000">
        <ele>520.000</ele>
      </trkpt>
      <trkpt lat="42.559190000" lon="-6.622760000">
        <ele>520.000</ele>
      </trkpt>
      <trkpt lat="42.559210000" lon="-6.622720000">
        <ele>520.000</ele>
      </trkpt>
      <trkpt lat="42.558980000" lon="-6.622190000">
        <ele>520.000</ele>
      </trkpt>
      <trkpt lat="42.558810000" lon="-6.621800000">
        <ele>519.000</ele>
      </trkpt>
      <trkpt lat="42.558740000" lon="-6.621650000">
        <ele>519.000</ele>
      </trkpt>
      <trkpt lat="42.558640000" lon="-6.621410000">
        <ele>519.000</ele>
      </trkpt>
      <trkpt lat="42.558520000" lon="-6.621150000">
        <ele>519.000</ele>
      </trkpt>
      <trkpt lat="42.557880000" lon="-6.619700000">
        <ele>519.000</ele>
      </trkpt>
      <trkpt lat="42.557840000" lon="-6.619610000">
        <ele>519.000</ele>
      </trkpt>
      <trkpt lat="42.557440000" lon="-6.618700000">
        <ele>519.000</ele>
      </trkpt>
      <trkpt lat="42.557170000" lon="-6.618090000">
        <ele>519.000</ele>
      </trkpt>
      <trkpt lat="42.557040000" lon="-6.617810000">
        <ele>519.000</ele>
      </trkpt>
      <trkpt lat="42.556990000" lon="-6.617690000">
        <ele>519.000</ele>
      </trkpt>
      <trkpt lat="42.556960000" lon="-6.617610000">
        <ele>519.000</ele>
      </trkpt>
      <trkpt lat="42.556460000" lon="-6.616480000">
        <ele>518.000</ele>
      </trkpt>
      <trkpt lat="42.556370000" lon="-6.616330000">
        <ele>518.000</ele>
      </trkpt>
      <trkpt lat="42.556200000" lon="-6.616120000">
        <ele>518.000</ele>
      </trkpt>
      <trkpt lat="42.556160000" lon="-6.616100000">
        <ele>518.000</ele>
      </trkpt>
      <trkpt lat="42.556130000" lon="-6.616060000">
        <ele>518.000</ele>
      </trkpt>
      <trkpt lat="42.556100000" lon="-6.615950000">
        <ele>518.000</ele>
      </trkpt>
      <trkpt lat="42.556110000" lon="-6.615860000">
        <ele>518.000</ele>
      </trkpt>
      <trkpt lat="42.556010000" lon="-6.615520000">
        <ele>518.000</ele>
      </trkpt>
      <trkpt lat="42.555340000" lon="-6.614020000">
        <ele>518.000</ele>
      </trkpt>
      <trkpt lat="42.555270000" lon="-6.613990000">
        <ele>518.000</ele>
      </trkpt>
      <trkpt lat="42.555230000" lon="-6.613880000">
        <ele>518.000</ele>
      </trkpt>
      <trkpt lat="42.555230000" lon="-6.613820000">
        <ele>518.000</ele>
      </trkpt>
      <trkpt lat="42.555150000" lon="-6.613570000">
        <ele>518.000</ele>
      </trkpt>
      <trkpt lat="42.554590000" lon="-6.612330000">
        <ele>518.000</ele>
      </trkpt>
      <trkpt lat="42.554160000" lon="-6.611430000">
        <ele>518.000</ele>
      </trkpt>
      <trkpt lat="42.554080000" lon="-6.611280000">
        <ele>518.000</ele>
      </trkpt>
      <trkpt lat="42.553850000" lon="-6.610850000">
        <ele>517.000</ele>
      </trkpt>
      <trkpt lat="42.553750000" lon="-6.610840000">
        <ele>517.000</ele>
      </trkpt>
      <trkpt lat="42.553690000" lon="-6.610780000">
        <ele>517.000</ele>
      </trkpt>
      <trkpt lat="42.553670000" lon="-6.610690000">
        <ele>516.000</ele>
      </trkpt>
      <trkpt lat="42.553670000" lon="-6.610620000">
        <ele>516.000</ele>
      </trkpt>
      <trkpt lat="42.553640000" lon="-6.610460000">
        <ele>516.000</ele>
      </trkpt>
      <trkpt lat="42.553560000" lon="-6.610290000">
        <ele>516.000</ele>
      </trkpt>
      <trkpt lat="42.553010000" lon="-6.609190000">
        <ele>515.000</ele>
      </trkpt>
      <trkpt lat="42.552210000" lon="-6.607710000">
        <ele>515.000</ele>
      </trkpt>
      <trkpt lat="42.551840000" lon="-6.606980000">
        <ele>515.000</ele>
      </trkpt>
      <trkpt lat="42.551840000" lon="-6.606980000">
        <ele>515.000</ele>
      </trkpt>
      <trkpt lat="42.550310000" lon="-6.604040000">
        <ele>516.000</ele>
      </trkpt>
      <trkpt lat="42.550260000" lon="-6.604030000">
        <ele>516.000</ele>
      </trkpt>
      <trkpt lat="42.550220000" lon="-6.603990000">
        <ele>517.000</ele>
      </trkpt>
      <trkpt lat="42.550180000" lon="-6.603920000">
        <ele>517.000</ele>
      </trkpt>
      <trkpt lat="42.550180000" lon="-6.603840000">
        <ele>517.000</ele>
      </trkpt>
      <trkpt lat="42.550200000" lon="-6.603780000">
        <ele>517.000</ele>
      </trkpt>
      <trkpt lat="42.550250000" lon="-6.603720000">
        <ele>518.000</ele>
      </trkpt>
      <trkpt lat="42.550310000" lon="-6.603700000">
        <ele>518.000</ele>
      </trkpt>
      <trkpt lat="42.550980000" lon="-6.602610000">
        <ele>518.000</ele>
      </trkpt>
      <trkpt lat="42.551040000" lon="-6.602510000">
        <ele>518.000</ele>
      </trkpt>
      <trkpt lat="42.551670000" lon="-6.601480000">
        <ele>519.000</ele>
      </trkpt>
      <trkpt lat="42.552400000" lon="-6.600320000">
        <ele>519.000</ele>
      </trkpt>
      <trkpt lat="42.552490000" lon="-6.600150000">
        <ele>520.000</ele>
      </trkpt>
      <trkpt lat="42.552480000" lon="-6.600040000">
        <ele>520.000</ele>
      </trkpt>
      <trkpt lat="42.552530000" lon="-6.599920000">
        <ele>520.000</ele>
      </trkpt>
      <trkpt lat="42.552580000" lon="-6.599880000">
        <ele>521.000</ele>
      </trkpt>
      <trkpt lat="42.552840000" lon="-6.599380000">
        <ele>521.000</ele>
      </trkpt>
      <trkpt lat="42.552910000" lon="-6.599260000">
        <ele>521.000</ele>
      </trkpt>
      <trkpt lat="42.553300000" lon="-6.598620000">
        <ele>522.000</ele>
      </trkpt>
      <trkpt lat="42.553530000" lon="-6.598250000">
        <ele>522.000</ele>
      </trkpt>
      <trkpt lat="42.553980000" lon="-6.597510000">
        <ele>523.000</ele>
      </trkpt>
      <trkpt lat="42.554030000" lon="-6.597420000">
        <ele>523.000</ele>
      </trkpt>
      <trkpt lat="42.554450000" lon="-6.596780000">
        <ele>524.000</ele>
      </trkpt>
      <trkpt lat="42.555340000" lon="-6.595270000">
        <ele>524.000</ele>
      </trkpt>
      <trkpt lat="42.555390000" lon="-6.595170000">
        <ele>524.000</ele>
      </trkpt>
      <trkpt lat="42.555430000" lon="-6.595060000">
        <ele>524.000</ele>
      </trkpt>
      <trkpt lat="42.555430000" lon="-6.595000000">
        <ele>524.000</ele>
      </trkpt>
      <trkpt lat="42.555450000" lon="-6.594920000">
        <ele>524.000</ele>
      </trkpt>
      <trkpt lat="42.555500000" lon="-6.594870000">
        <ele>524.000</ele>
      </trkpt>
      <trkpt lat="42.555570000" lon="-6.594840000">
        <ele>524.000</ele>
      </trkpt>
      <trkpt lat="42.555680000" lon="-6.594730000">
        <ele>524.000</ele>
      </trkpt>
      <trkpt lat="42.556230000" lon="-6.593840000">
        <ele>524.000</ele>
      </trkpt>
      <trkpt lat="42.556470000" lon="-6.593450000">
        <ele>524.000</ele>
      </trkpt>
      <trkpt lat="42.556960000" lon="-6.592650000">
        <ele>524.000</ele>
      </trkpt>
      <trkpt lat="42.557050000" lon="-6.592480000">
        <ele>524.000</ele>
      </trkpt>
      <trkpt lat="42.557130000" lon="-6.592280000">
        <ele>524.000</ele>
      </trkpt>
      <trkpt lat="42.557110000" lon="-6.592120000">
        <ele>523.000</ele>
      </trkpt>
      <trkpt lat="42.557130000" lon="-6.591970000">
        <ele>523.000</ele>
      </trkpt>
      <trkpt lat="42.557050000" lon="-6.591770000">
        <ele>522.000</ele>
      </trkpt>
      <trkpt lat="42.556980000" lon="-6.591620000">
        <ele>522.000</ele>
      </trkpt>
      <trkpt lat="42.555690000" lon="-6.589480000">
        <ele>518.000</ele>
      </trkpt>
      <trkpt lat="42.555520000" lon="-6.589210000">
        <ele>516.000</ele>
      </trkpt>
      <trkpt lat="42.555390000" lon="-6.589060000">
        <ele>515.000</ele>
      </trkpt>
      <trkpt lat="42.555310000" lon="-6.589000000">
        <ele>515.000</ele>
      </trkpt>
      <trkpt lat="42.555250000" lon="-6.589000000">
        <ele>515.000</ele>
      </trkpt>
      <trkpt lat="42.555150000" lon="-6.588970000">
        <ele>515.000</ele>
      </trkpt>
      <trkpt lat="42.555070000" lon="-6.588890000">
        <ele>515.000</ele>
      </trkpt>
      <trkpt lat="42.555030000" lon="-6.588810000">
        <ele>515.000</ele>
      </trkpt>
      <trkpt lat="42.555000000" lon="-6.588710000">
        <ele>515.000</ele>
      </trkpt>
      <trkpt lat="42.554990000" lon="-6.588610000">
        <ele>516.000</ele>
      </trkpt>
      <trkpt lat="42.555010000" lon="-6.588500000">
        <ele>516.000</ele>
      </trkpt>
      <trkpt lat="42.555060000" lon="-6.588390000">
        <ele>516.000</ele>
      </trkpt>
      <trkpt lat="42.555120000" lon="-6.588320000">
        <ele>517.000</ele>
      </trkpt>
      <trkpt lat="42.555190000" lon="-6.588280000">
        <ele>517.000</ele>
      </trkpt>
      <trkpt lat="42.555240000" lon="-6.588270000">
        <ele>517.000</ele>
      </trkpt>
      <trkpt lat="42.555340000" lon="-6.588170000">
        <ele>518.000</ele>
      </trkpt>
      <trkpt lat="42.555430000" lon="-6.588010000">
        <ele>518.000</ele>
      </trkpt>
      <trkpt lat="42.555460000" lon="-6.587910000">
        <ele>519.000</ele>
      </trkpt>
      <trkpt lat="42.555470000" lon="-6.587650000">
        <ele>519.000</ele>
      </trkpt>
      <trkpt lat="42.555450000" lon="-6.587530000">
        <ele>520.000</ele>
      </trkpt>
      <trkpt lat="42.555350000" lon="-6.587280000">
        <ele>520.000</ele>
      </trkpt>
      <trkpt lat="42.555180000" lon="-6.587080000">
        <ele>521.000</ele>
      </trkpt>
      <trkpt lat="42.553290000" lon="-6.585710000">
        <ele>525.000</ele>
      </trkpt>
      <trkpt lat="42.553290000" lon="-6.585710000">
        <ele>527.000</ele>
      </trkpt>
      <trkpt lat="42.552550000" lon="-6.585170000">
        <ele>531.000</ele>
      </trkpt>
      <trkpt lat="42.552170000" lon="-6.584920000">
        <ele>535.000</ele>
      </trkpt>
      <trkpt lat="42.552030000" lon="-6.584840000">
        <ele>538.000</ele>
      </trkpt>
      <trkpt lat="42.551970000" lon="-6.584850000">
        <ele>540.000</ele>
      </trkpt>
      <trkpt lat="42.551920000" lon="-6.584790000">
        <ele>542.000</ele>
      </trkpt>
      <trkpt lat="42.551920000" lon="-6.584760000">
        <ele>543.000</ele>
      </trkpt>
      <trkpt lat="42.551880000" lon="-6.584710000">
        <ele>544.000</ele>
      </trkpt>
      <trkpt lat="42.551520000" lon="-6.584500000">
        <ele>546.000</ele>
      </trkpt>
      <trkpt lat="42.551060000" lon="-6.584240000">
        <ele>547.000</ele>
      </trkpt>
      <trkpt lat="42.550680000" lon="-6.584010000">
        <ele>549.000</ele>
      </trkpt>
      <trkpt lat="42.550090000" lon="-6.583690000">
        <ele>550.000</ele>
      </trkpt>
      <trkpt lat="42.549530000" lon="-6.583420000">
        <ele>551.000</ele>
      </trkpt>
      <trkpt lat="42.549490000" lon="-6.583510000">
        <ele>552.000</ele>
      </trkpt>
      <trkpt lat="42.549420000" lon="-6.583550000">
        <ele>553.000</ele>
      </trkpt>
      <trkpt lat="42.549380000" lon="-6.583550000">
        <ele>553.000</ele>
      </trkpt>
      <trkpt lat="42.549310000" lon="-6.583480000">
        <ele>554.000</ele>
      </trkpt>
      <trkpt lat="42.549280000" lon="-6.583380000">
        <ele>554.000</ele>
      </trkpt>
      <trkpt lat="42.549300000" lon="-6.583310000">
        <ele>555.000</ele>
      </trkpt>
      <trkpt lat="42.549330000" lon="-6.583260000">
        <ele>555.000</ele>
      </trkpt>
      <trkpt lat="42.549410000" lon="-6.583210000">
        <ele>555.000</ele>
      </trkpt>
      <trkpt lat="42.549730000" lon="-6.582250000">
        <ele>557.000</ele>
      </trkpt>
      <trkpt lat="42.550420000" lon="-6.580280000">
        <ele>560.000</ele>
      </trkpt>
      <trkpt lat="42.550480000" lon="-6.580110000">
        <ele>563.000</ele>
      </trkpt>
      <trkpt lat="42.550610000" lon="-6.579610000">
        <ele>565.000</ele>
      </trkpt>
      <trkpt lat="42.550700000" lon="-6.579170000">
        <ele>567.000</ele>
      </trkpt>
      <trkpt lat="42.550850000" lon="-6.578220000">
        <ele>568.000</ele>
      </trkpt>
      <trkpt lat="42.550810000" lon="-6.578190000">
        <ele>570.000</ele>
      </trkpt>
      <trkpt lat="42.550770000" lon="-6.578090000">
        <ele>570.000</ele>
      </trkpt>
      <trkpt lat="42.550770000" lon="-6.577970000">
        <ele>571.000</ele>
      </trkpt>
      <trkpt lat="42.550820000" lon="-6.577870000">
        <ele>572.000</ele>
      </trkpt>
      <trkpt lat="42.550900000" lon="-6.577820000">
        <ele>572.000</ele>
      </trkpt>
      <trkpt lat="42.551800000" lon="-6.572090000">
        <ele>582.000</ele>
      </trkpt>
      <trkpt lat="42.551770000" lon="-6.572020000">
        <ele>588.000</ele>
      </trkpt>
      <trkpt lat="42.551770000" lon="-6.571950000">
        <ele>592.000</ele>
      </trkpt>
      <trkpt lat="42.551810000" lon="-6.571840000">
        <ele>595.000</ele>
      </trkpt>
      <trkpt lat="42.551890000" lon="-6.571800000">
        <ele>598.000</ele>
      </trkpt>
      <trkpt lat="42.551890000" lon="-6.571710000">
        <ele>599.000</ele>
      </trkpt>
      <trkpt lat="42.552270000" lon="-6.569280000">
        <ele>603.000</ele>
      </trkpt>
      <trkpt lat="42.552380000" lon="-6.568430000">
        <ele>607.000</ele>
      </trkpt>
      <trkpt lat="42.552390000" lon="-6.568280000">
        <ele>610.000</ele>
      </trkpt>
      <trkpt lat="42.552780000" lon="-6.565640000">
        <ele>616.000</ele>
      </trkpt>
      <trkpt lat="42.552900000" lon="-6.564970000">
        <ele>620.000</ele>
      </trkpt>
      <trkpt lat="42.553110000" lon="-6.564350000">
        <ele>624.000</ele>
      </trkpt>
      <trkpt lat="42.552990000" lon="-6.564840000">
        <ele>627.000</ele>
      </trkpt>
      <trkpt lat="42.552980000" lon="-6.564920000">
        <ele>628.000</ele>
      </trkpt>
      <trkpt lat="42.552980000" lon="-6.564920000">
        <ele>629.000</ele>
      </trkpt>
      <trkpt lat="42.552990000" lon="-6.564840000">
        <ele>630.000</ele>
      </trkpt>
      <trkpt lat="42.553110000" lon="-6.564350000">
        <ele>631.000</ele>
      </trkpt>
      <trkpt lat="42.553290000" lon="-6.563980000">
        <ele>631.000</ele>
      </trkpt>
      <trkpt lat="42.553920000" lon="-6.562890000">
        <ele>634.000</ele>
      </trkpt>
      <trkpt lat="42.554300000" lon="-6.562420000">
        <ele>636.000</ele>
      </trkpt>
      <trkpt lat="42.554630000" lon="-6.562010000">
        <ele>638.000</ele>
      </trkpt>
      <trkpt lat="42.555340000" lon="-6.561430000">
        <ele>640.000</ele>
      </trkpt>
      <trkpt lat="42.555680000" lon="-6.561160000">
        <ele>642.000</ele>
      </trkpt>
      <trkpt lat="42.556570000" lon="-6.560340000">
        <ele>644.000</ele>
      </trkpt>
      <trkpt lat="42.557160000" lon="-6.559580000">
        <ele>647.000</ele>
      </trkpt>
      <trkpt lat="42.557620000" lon="-6.558790000">
        <ele>650.000</ele>
      </trkpt>
      <trkpt lat="42.558020000" lon="-6.557670000">
        <ele>655.000</ele>
      </trkpt>
      <trkpt lat="42.558270000" lon="-6.556790000">
        <ele>659.000</ele>
      </trkpt>
      <trkpt lat="42.558460000" lon="-6.556380000">
        <ele>663.000</ele>
      </trkpt>
      <trkpt lat="42.558730000" lon="-6.555930000">
        <ele>667.000</ele>
      </trkpt>
      <trkpt lat="42.559050000" lon="-6.555580000">
        <ele>670.000</ele>
      </trkpt>
      <trkpt lat="42.559290000" lon="-6.555360000">
        <ele>672.000</ele>
      </trkpt>
      <trkpt lat="42.559430000" lon="-6.555270000">
        <ele>674.000</ele>
      </trkpt>
      <trkpt lat="42.559580000" lon="-6.555170000">
        <ele>675.000</ele>
      </trkpt>
      <trkpt lat="42.560030000" lon="-6.555010000">
        <ele>676.000</ele>
      </trkpt>
      <trkpt lat="42.560320000" lon="-6.554920000">
        <ele>677.000</ele>
      </trkpt>
      <trkpt lat="42.560570000" lon="-6.554830000">
        <ele>678.000</ele>
      </trkpt>
      <trkpt lat="42.560680000" lon="-6.554760000">
        <ele>678.000</ele>
      </trkpt>
      <trkpt lat="42.560720000" lon="-6.554690000">
        <ele>679.000</ele>
      </trkpt>
      <trkpt lat="42.560780000" lon="-6.554650000">
        <ele>679.000</ele>
      </trkpt>
      <trkpt lat="42.560850000" lon="-6.554640000">
        <ele>679.000</ele>
      </trkpt>
      <trkpt lat="42.560950000" lon="-6.554670000">
        <ele>680.000</ele>
      </trkpt>
      <trkpt lat="42.561000000" lon="-6.554720000">
        <ele>680.000</ele>
      </trkpt>
      <trkpt lat="42.561210000" lon="-6.554670000">
        <ele>680.000</ele>
      </trkpt>
      <trkpt lat="42.561420000" lon="-6.554650000">
        <ele>681.000</ele>
      </trkpt>
      <trkpt lat="42.561690000" lon="-6.554590000">
        <ele>681.000</ele>
      </trkpt>
      <trkpt lat="42.562510000" lon="-6.554410000">
        <ele>683.000</ele>
      </trkpt>
      <trkpt lat="42.562830000" lon="-6.554290000">
        <ele>684.000</ele>
      </trkpt>
      <trkpt lat="42.563230000" lon="-6.554020000">
        <ele>685.000</ele>
      </trkpt>
      <trkpt lat="42.563460000" lon="-6.553810000">
        <ele>686.000</ele>
      </trkpt>
      <trkpt lat="42.563630000" lon="-6.553600000">
        <ele>687.000</ele>
      </trkpt>
      <trkpt lat="42.563780000" lon="-6.553360000">
        <ele>688.000</ele>
      </trkpt>
      <trkpt lat="42.563960000" lon="-6.553010000">
        <ele>689.000</ele>
      </trkpt>
      <trkpt lat="42.564250000" lon="-6.552390000">
        <ele>690.000</ele>
      </trkpt>
      <trkpt lat="42.564450000" lon="-6.552060000">
        <ele>691.000</ele>
      </trkpt>
      <trkpt lat="42.564700000" lon="-6.551710000">
        <ele>692.000</ele>
      </trkpt>
      <trkpt lat="42.565090000" lon="-6.551360000">
        <ele>693.000</ele>
      </trkpt>
      <trkpt lat="42.565610000" lon="-6.551100000">
        <ele>695.000</ele>
      </trkpt>
      <trkpt lat="42.566360000" lon="-6.550850000">
        <ele>695.000</ele>
      </trkpt>
      <trkpt lat="42.566720000" lon="-6.550670000">
        <ele>695.000</ele>
      </trkpt>
      <trkpt lat="42.567000000" lon="-6.550450000">
        <ele>695.000</ele>
      </trkpt>
      <trkpt lat="42.567310000" lon="-6.550120000">
        <ele>695.000</ele>
      </trkpt>
      <trkpt lat="42.567530000" lon="-6.549860000">
        <ele>695.000</ele>
      </trkpt>
      <trkpt lat="42.568690000" lon="-6.548060000">
        <ele>697.000</ele>
      </trkpt>
      <trkpt lat="42.569320000" lon="-6.547140000">
        <ele>698.000</ele>
      </trkpt>
      <trkpt lat="42.569810000" lon="-6.546650000">
        <ele>697.000</ele>
      </trkpt>
      <trkpt lat="42.570330000" lon="-6.546240000">
        <ele>696.000</ele>
      </trkpt>
      <trkpt lat="42.570970000" lon="-6.545880000">
        <ele>694.000</ele>
      </trkpt>
      <trkpt lat="42.571120000" lon="-6.545820000">
        <ele>693.000</ele>
      </trkpt>
      <trkpt lat="42.571620000" lon="-6.545590000">
        <ele>692.000</ele>
      </trkpt>
      <trkpt lat="42.572010000" lon="-6.545400000">
        <ele>691.000</ele>
      </trkpt>
      <trkpt lat="42.572100000" lon="-6.545360000">
        <ele>690.000</ele>
      </trkpt>
      <trkpt lat="42.572370000" lon="-6.545220000">
        <ele>690.000</ele>
      </trkpt>
      <trkpt lat="42.572600000" lon="-6.545060000">
        <ele>689.000</ele>
      </trkpt>
      <trkpt lat="42.572860000" lon="-6.544830000">
        <ele>689.000</ele>
      </trkpt>
      <trkpt lat="42.573140000" lon="-6.544490000">
        <ele>688.000</ele>
      </trkpt>
      <trkpt lat="42.573260000" lon="-6.544300000">
        <ele>688.000</ele>
      </trkpt>
      <trkpt lat="42.573440000" lon="-6.543970000">
        <ele>687.000</ele>
      </trkpt>
      <trkpt lat="42.573580000" lon="-6.543570000">
        <ele>687.000</ele>
      </trkpt>
      <trkpt lat="42.573640000" lon="-6.543390000">
        <ele>687.000</ele>
      </trkpt>
      <trkpt lat="42.573950000" lon="-6.541970000">
        <ele>687.000</ele>
      </trkpt>
      <trkpt lat="42.574150000" lon="-6.540970000">
        <ele>687.000</ele>
      </trkpt>
      <trkpt lat="42.574320000" lon="-6.540280000">
        <ele>686.000</ele>
      </trkpt>
      <trkpt lat="42.574580000" lon="-6.539570000">
        <ele>684.000</ele>
      </trkpt>
      <trkpt lat="42.575110000" lon="-6.538630000">
        <ele>682.000</ele>
      </trkpt>
      <trkpt lat="42.575830000" lon="-6.537380000">
        <ele>679.000</ele>
      </trkpt>
      <trkpt lat="42.575830000" lon="-6.537380000">
        <ele>676.000</ele>
      </trkpt>
      <trkpt lat="42.577580000" lon="-6.534330000">
        <ele>670.000</ele>
      </trkpt>
      <trkpt lat="42.578060000" lon="-6.533400000">
        <ele>665.000</ele>
      </trkpt>
      <trkpt lat="42.578620000" lon="-6.532310000">
        <ele>660.000</ele>
      </trkpt>
      <trkpt lat="42.579220000" lon="-6.531220000">
        <ele>654.000</ele>
      </trkpt>
      <trkpt lat="42.579360000" lon="-6.531040000">
        <ele>651.000</ele>
      </trkpt>
      <trkpt lat="42.579690000" lon="-6.530610000">
        <ele>647.000</ele>
      </trkpt>
      <trkpt lat="42.580170000" lon="-6.530260000">
        <ele>644.000</ele>
      </trkpt>
      <trkpt lat="42.580410000" lon="-6.530150000">
        <ele>641.000</ele>
      </trkpt>
      <trkpt lat="42.580660000" lon="-6.530030000">
        <ele>639.000</ele>
      </trkpt>
      <trkpt lat="42.581160000" lon="-6.529850000">
        <ele>637.000</ele>
      </trkpt>
      <trkpt lat="42.582370000" lon="-6.529530000">
        <ele>634.000</ele>
      </trkpt>
      <trkpt lat="42.583290000" lon="-6.529260000">
        <ele>631.000</ele>
      </trkpt>
      <trkpt lat="42.583670000" lon="-6.529120000">
        <ele>629.000</ele>
      </trkpt>
      <trkpt lat="42.584050000" lon="-6.528950000">
        <ele>627.000</ele>
      </trkpt>
      <trkpt lat="42.584470000" lon="-6.528700000">
        <ele>626.000</ele>
      </trkpt>
      <trkpt lat="42.584870000" lon="-6.528390000">
        <ele>625.000</ele>
      </trkpt>
      <trkpt lat="42.585420000" lon="-6.527940000">
        <ele>624.000</ele>
      </trkpt>
      <trkpt lat="42.587750000" lon="-6.526090000">
        <ele>622.000</ele>
      </trkpt>
      <trkpt lat="42.587750000" lon="-6.526090000">
        <ele>620.000</ele>
      </trkpt>
      <trkpt lat="42.588430000" lon="-6.525550000">
        <ele>618.000</ele>
      </trkpt>
      <trkpt lat="42.588830000" lon="-6.525200000">
        <ele>617.000</ele>
      </trkpt>
      <trkpt lat="42.589330000" lon="-6.524630000">
        <ele>615.000</ele>
      </trkpt>
      <trkpt lat="42.589750000" lon="-6.524030000">
        <ele>612.000</ele>
      </trkpt>
      <trkpt lat="42.590120000" lon="-6.523410000">
        <ele>610.000</ele>
      </trkpt>
      <trkpt lat="42.590440000" lon="-6.522910000">
        <ele>607.000</ele>
      </trkpt>
      <trkpt lat="42.590620000" lon="-6.522720000">
        <ele>605.000</ele>
      </trkpt>
      <trkpt lat="42.591040000" lon="-6.522410000">
        <ele>604.000</ele>
      </trkpt>
      <trkpt lat="42.591470000" lon="-6.522200000">
        <ele>603.000</ele>
      </trkpt>
      <trkpt lat="42.591670000" lon="-6.522140000">
        <ele>602.000</ele>
      </trkpt>
      <trkpt lat="42.593020000" lon="-6.521690000">
        <ele>601.000</ele>
      </trkpt>
      <trkpt lat="42.593320000" lon="-6.521580000">
        <ele>600.000</ele>
      </trkpt>
      <trkpt lat="42.594560000" lon="-6.521160000">
        <ele>599.000</ele>
      </trkpt>
      <trkpt lat="42.594870000" lon="-6.520990000">
        <ele>598.000</ele>
      </trkpt>
      <trkpt lat="42.595150000" lon="-6.520750000">
        <ele>596.000</ele>
      </trkpt>
      <trkpt lat="42.595410000" lon="-6.520430000">
        <ele>595.000</ele>
      </trkpt>
      <trkpt lat="42.595600000" lon="-6.520120000">
        <ele>593.000</ele>
      </trkpt>
      <trkpt lat="42.595810000" lon="-6.519660000">
        <ele>592.000</ele>
      </trkpt>
      <trkpt lat="42.595910000" lon="-6.519240000">
        <ele>590.000</ele>
      </trkpt>
      <trkpt lat="42.595970000" lon="-6.518890000">
        <ele>589.000</ele>
      </trkpt>
      <trkpt lat="42.595990000" lon="-6.518530000">
        <ele>588.000</ele>
      </trkpt>
      <trkpt lat="42.595970000" lon="-6.518150000">
        <ele>587.000</ele>
      </trkpt>
      <trkpt lat="42.595910000" lon="-6.517770000">
        <ele>586.000</ele>
      </trkpt>
      <trkpt lat="42.595840000" lon="-6.517500000">
        <ele>586.000</ele>
      </trkpt>
      <trkpt lat="42.595710000" lon="-6.517080000">
        <ele>586.000</ele>
      </trkpt>
      <trkpt lat="42.595560000" lon="-6.516810000">
        <ele>586.000</ele>
      </trkpt>
      <trkpt lat="42.595260000" lon="-6.516370000">
        <ele>586.000</ele>
      </trkpt>
      <trkpt lat="42.595000000" lon="-6.516140000">
        <ele>586.000</ele>
      </trkpt>
      <trkpt lat="42.594960000" lon="-6.516100000">
        <ele>586.000</ele>
      </trkpt>
      <trkpt lat="42.594960000" lon="-6.516100000">
        <ele>586.000</ele>
      </trkpt>
      <trkpt lat="42.594680000" lon="-6.515870000">
        <ele>586.000</ele>
      </trkpt>
      <trkpt lat="42.594500000" lon="-6.515810000">
        <ele>586.000</ele>
      </trkpt>
      <trkpt lat="42.594390000" lon="-6.515880000">
        <ele>586.000</ele>
      </trkpt>
      <trkpt lat="42.594340000" lon="-6.515880000">
        <ele>586.000</ele>
      </trkpt>
      <trkpt lat="42.594260000" lon="-6.515840000">
        <ele>586.000</ele>
      </trkpt>
      <trkpt lat="42.594200000" lon="-6.515760000">
        <ele>586.000</ele>
      </trkpt>
      <trkpt lat="42.594180000" lon="-6.515670000">
        <ele>586.000</ele>
      </trkpt>
      <trkpt lat="42.594180000" lon="-6.515570000">
        <ele>587.000</ele>
      </trkpt>
      <trkpt lat="42.594120000" lon="-6.515480000">
        <ele>587.000</ele>
      </trkpt>
      <trkpt lat="42.593990000" lon="-6.515370000">
        <ele>587.000</ele>
      </trkpt>
      <trkpt lat="42.593430000" lon="-6.514930000">
        <ele>587.000</ele>
      </trkpt>
      <trkpt lat="42.592890000" lon="-6.514520000">
        <ele>587.000</ele>
      </trkpt>
      <trkpt lat="42.592840000" lon="-6.514490000">
        <ele>587.000</ele>
      </trkpt>
      <trkpt lat="42.592770000" lon="-6.514430000">
        <ele>586.000</ele>
      </trkpt>
      <trkpt lat="42.592720000" lon="-6.514390000">
        <ele>586.000</ele>
      </trkpt>
      <trkpt lat="42.592640000" lon="-6.514330000">
        <ele>586.000</ele>
      </trkpt>
      <trkpt lat="42.592530000" lon="-6.514230000">
        <ele>586.000</ele>
      </trkpt>
      <trkpt lat="42.591990000" lon="-6.513800000">
        <ele>585.000</ele>
      </trkpt>
      <trkpt lat="42.591780000" lon="-6.513620000">
        <ele>585.000</ele>
      </trkpt>
      <trkpt lat="42.591670000" lon="-6.513480000">
        <ele>584.000</ele>
      </trkpt>
      <trkpt lat="42.591630000" lon="-6.513400000">
        <ele>584.000</ele>
      </trkpt>
      <trkpt lat="42.591540000" lon="-6.513230000">
        <ele>584.000</ele>
      </trkpt>
      <trkpt lat="42.591460000" lon="-6.512990000">
        <ele>583.000</ele>
      </trkpt>
      <trkpt lat="42.591430000" lon="-6.512860000">
        <ele>583.000</ele>
      </trkpt>
      <trkpt lat="42.591410000" lon="-6.512610000">
        <ele>583.000</ele>
      </trkpt>
      <trkpt lat="42.591430000" lon="-6.512350000">
        <ele>582.000</ele>
      </trkpt>
      <trkpt lat="42.591500000" lon="-6.512120000">
        <ele>582.000</ele>
      </trkpt>
      <trkpt lat="42.591610000" lon="-6.511890000">
        <ele>582.000</ele>
      </trkpt>
      <trkpt lat="42.591710000" lon="-6.511760000">
        <ele>582.000</ele>
      </trkpt>
      <trkpt lat="42.591830000" lon="-6.511640000">
        <ele>581.000</ele>
      </trkpt>
      <trkpt lat="42.591980000" lon="-6.511560000">
        <ele>581.000</ele>
      </trkpt>
      <trkpt lat="42.592130000" lon="-6.511530000">
        <ele>581.000</ele>
      </trkpt>
      <trkpt lat="42.592130000" lon="-6.511530000">
        <ele>581.000</ele>
      </trkpt>
      <trkpt lat="42.592170000" lon="-6.511520000">
        <ele>581.000</ele>
      </trkpt>
      <trkpt lat="42.592310000" lon="-6.511530000">
        <ele>581.000</ele>
      </trkpt>
      <trkpt lat="42.592480000" lon="-6.511580000">
        <ele>581.000</ele>
      </trkpt>
      <trkpt lat="42.592750000" lon="-6.511740000">
        <ele>581.000</ele>
      </trkpt>
      <trkpt lat="42.593050000" lon="-6.511800000">
        <ele>581.000</ele>
      </trkpt>
      <trkpt lat="42.593060000" lon="-6.511790000">
        <ele>581.000</ele>
      </trkpt>
      <trkpt lat="42.593150000" lon="-6.511730000">
        <ele>581.000</ele>
      </trkpt>
      <trkpt lat="42.593230000" lon="-6.511740000">
        <ele>582.000</ele>
      </trkpt>
      <trkpt lat="42.593270000" lon="-6.511720000">
        <ele>582.000</ele>
      </trkpt>
      <trkpt lat="42.593360000" lon="-6.511600000">
        <ele>582.000</ele>
      </trkpt>
      <trkpt lat="42.595880000" lon="-6.506330000">
        <ele>583.000</ele>
      </trkpt>
      <trkpt lat="42.596050000" lon="-6.505960000">
        <ele>584.000</ele>
      </trkpt>
      <trkpt lat="42.597040000" lon="-6.503920000">
        <ele>585.000</ele>
      </trkpt>
      <trkpt lat="42.597620000" lon="-6.502700000">
        <ele>586.000</ele>
      </trkpt>
      <trkpt lat="42.598140000" lon="-6.501630000">
        <ele>587.000</ele>
      </trkpt>
      <trkpt lat="42.598210000" lon="-6.501480000">
        <ele>587.000</ele>
      </trkpt>
      <trkpt lat="42.598310000" lon="-6.501270000">
        <ele>587.000</ele>
      </trkpt>
      <trkpt lat="42.598900000" lon="-6.500020000">
        <ele>588.000</ele>
      </trkpt>
      <trkpt lat="42.600880000" lon="-6.495890000">
        <ele>589.000</ele>
      </trkpt>
      <trkpt lat="42.602350000" lon="-6.492810000">
        <ele>590.000</ele>
      </trkpt>
      <trkpt lat="42.608040000" lon="-6.480880000">
        <ele>593.000</ele>
      </trkpt>
      <trkpt lat="42.608260000" lon="-6.480420000">
        <ele>596.000</ele>
      </trkpt>
      <trkpt lat="42.608330000" lon="-6.480280000">
        <ele>597.000</ele>
      </trkpt>
      <trkpt lat="42.608340000" lon="-6.480250000">
        <ele>599.000</ele>
      </trkpt>
      <trkpt lat="42.608530000" lon="-6.479860000">
        <ele>599.000</ele>
      </trkpt>
      <trkpt lat="42.609390000" lon="-6.478060000">
        <ele>600.000</ele>
      </trkpt>
      <trkpt lat="42.609540000" lon="-6.477670000">
        <ele>601.000</ele>
      </trkpt>
      <trkpt lat="42.609690000" lon="-6.477210000">
        <ele>601.000</ele>
      </trkpt>
      <trkpt lat="42.610150000" lon="-6.474860000">
        <ele>602.000</ele>
      </trkpt>
      <trkpt lat="42.610240000" lon="-6.474470000">
        <ele>603.000</ele>
      </trkpt>
      <trkpt lat="42.610350000" lon="-6.474170000">
        <ele>603.000</ele>
      </trkpt>
      <trkpt lat="42.610480000" lon="-6.473890000">
        <ele>604.000</ele>
      </trkpt>
      <trkpt lat="42.610760000" lon="-6.473500000">
        <ele>604.000</ele>
      </trkpt>
      <trkpt lat="42.613470000" lon="-6.470640000">
        <ele>604.000</ele>
      </trkpt>
      <trkpt lat="42.613870000" lon="-6.470130000">
        <ele>604.000</ele>
      </trkpt>
      <trkpt lat="42.614100000" lon="-6.469800000">
        <ele>604.000</ele>
      </trkpt>
      <trkpt lat="42.614240000" lon="-6.469530000">
        <ele>604.000</ele>
      </trkpt>
      <trkpt lat="42.614630000" lon="-6.468820000">
        <ele>604.000</ele>
      </trkpt>
      <trkpt lat="42.615220000" lon="-6.467670000">
        <ele>604.000</ele>
      </trkpt>
      <trkpt lat="42.615570000" lon="-6.467010000">
        <ele>604.000</ele>
      </trkpt>
      <trkpt lat="42.615780000" lon="-6.466550000">
        <ele>605.000</ele>
      </trkpt>
      <trkpt lat="42.616010000" lon="-6.465930000">
        <ele>605.000</ele>
      </trkpt>
      <trkpt lat="42.616240000" lon="-6.465150000">
        <ele>605.000</ele>
      </trkpt>
      <trkpt lat="42.616440000" lon="-6.464620000">
        <ele>605.000</ele>
      </trkpt>
      <trkpt lat="42.616630000" lon="-6.464250000">
        <ele>606.000</ele>
      </trkpt>
      <trkpt lat="42.616850000" lon="-6.463940000">
        <ele>606.000</ele>
      </trkpt>
      <trkpt lat="42.617410000" lon="-6.463240000">
        <ele>607.000</ele>
      </trkpt>
      <trkpt lat="42.617690000" lon="-6.462840000">
        <ele>607.000</ele>
      </trkpt>
      <trkpt lat="42.617840000" lon="-6.462590000">
        <ele>607.000</ele>
      </trkpt>
      <trkpt lat="42.618240000" lon="-6.461760000">
        <ele>608.000</ele>
      </trkpt>
      <trkpt lat="42.618680000" lon="-6.460820000">
        <ele>608.000</ele>
      </trkpt>
      <trkpt lat="42.619120000" lon="-6.459950000">
        <ele>608.000</ele>
      </trkpt>
      <trkpt lat="42.619120000" lon="-6.459950000">
        <ele>609.000</ele>
      </trkpt>
      <trkpt lat="42.620890000" lon="-6.456520000">
        <ele>610.000</ele>
      </trkpt>
      <trkpt lat="42.621130000" lon="-6.456000000">
        <ele>611.000</ele>
      </trkpt>
      <trkpt lat="42.621340000" lon="-6.455470000">
        <ele>612.000</ele>
      </trkpt>
      <trkpt lat="42.621490000" lon="-6.455030000">
        <ele>612.000</ele>
      </trkpt>
      <trkpt lat="42.621680000" lon="-6.454370000">
        <ele>613.000</ele>
      </trkpt>
      <trkpt lat="42.621790000" lon="-6.453840000">
        <ele>613.000</ele>
      </trkpt>
      <trkpt lat="42.621940000" lon="-6.452820000">
        <ele>614.000</ele>
      </trkpt>
      <trkpt lat="42.621960000" lon="-6.452440000">
        <ele>615.000</ele>
      </trkpt>
      <trkpt lat="42.621950000" lon="-6.451940000">
        <ele>615.000</ele>
      </trkpt>
      <trkpt lat="42.621920000" lon="-6.451530000">
        <ele>616.000</ele>
      </trkpt>
      <trkpt lat="42.621830000" lon="-6.450870000">
        <ele>616.000</ele>
      </trkpt>
      <trkpt lat="42.621720000" lon="-6.450420000">
        <ele>617.000</ele>
      </trkpt>
      <trkpt lat="42.621570000" lon="-6.449900000">
        <ele>618.000</ele>
      </trkpt>
      <trkpt lat="42.621570000" lon="-6.449900000">
        <ele>618.000</ele>
      </trkpt>
      <trkpt lat="42.621450000" lon="-6.449490000">
        <ele>619.000</ele>
      </trkpt>
      <trkpt lat="42.621360000" lon="-6.449010000">
        <ele>619.000</ele>
      </trkpt>
      <trkpt lat="42.621320000" lon="-6.448820000">
        <ele>620.000</ele>
      </trkpt>
      <trkpt lat="42.621250000" lon="-6.448680000">
        <ele>620.000</ele>
      </trkpt>
      <trkpt lat="42.621210000" lon="-6.448650000">
        <ele>621.000</ele>
      </trkpt>
      <trkpt lat="42.621150000" lon="-6.448570000">
        <ele>621.000</ele>
      </trkpt>
      <trkpt lat="42.621130000" lon="-6.448480000">
        <ele>621.000</ele>
      </trkpt>
      <trkpt lat="42.621130000" lon="-6.448380000">
        <ele>621.000</ele>
      </trkpt>
      <trkpt lat="42.621170000" lon="-6.448270000">
        <ele>621.000</ele>
      </trkpt>
      <trkpt lat="42.621230000" lon="-6.448060000">
        <ele>621.000</ele>
      </trkpt>
      <trkpt lat="42.621250000" lon="-6.447890000">
        <ele>621.000</ele>
      </trkpt>
      <trkpt lat="42.621240000" lon="-6.447210000">
        <ele>621.000</ele>
      </trkpt>
      <trkpt lat="42.621320000" lon="-6.446650000">
        <ele>621.000</ele>
      </trkpt>
      <trkpt lat="42.621480000" lon="-6.445990000">
        <ele>621.000</ele>
      </trkpt>
      <trkpt lat="42.622360000" lon="-6.442840000">
        <ele>621.000</ele>
      </trkpt>
      <trkpt lat="42.623180000" lon="-6.439890000">
        <ele>622.000</ele>
      </trkpt>
      <trkpt lat="42.623360000" lon="-6.439260000">
        <ele>622.000</ele>
      </trkpt>
      <trkpt lat="42.623380000" lon="-6.438900000">
        <ele>622.000</ele>
      </trkpt>
      <trkpt lat="42.623340000" lon="-6.438820000">
        <ele>622.000</ele>
      </trkpt>
      <trkpt lat="42.623310000" lon="-6.438700000">
        <ele>622.000</ele>
      </trkpt>
      <trkpt lat="42.623320000" lon="-6.438550000">
        <ele>622.000</ele>
      </trkpt>
      <trkpt lat="42.623360000" lon="-6.438430000">
        <ele>622.000</ele>
      </trkpt>
      <trkpt lat="42.623320000" lon="-6.438160000">
        <ele>622.000</ele>
      </trkpt>
      <trkpt lat="42.623270000" lon="-6.438020000">
        <ele>622.000</ele>
      </trkpt>
      <trkpt lat="42.623180000" lon="-6.437860000">
        <ele>622.000</ele>
      </trkpt>
      <trkpt lat="42.623030000" lon="-6.437600000">
        <ele>622.000</ele>
      </trkpt>
      <trkpt lat="42.622820000" lon="-6.437280000">
        <ele>623.000</ele>
      </trkpt>
      <trkpt lat="42.622530000" lon="-6.436840000">
        <ele>623.000</ele>
      </trkpt>
      <trkpt lat="42.622310000" lon="-6.436390000">
        <ele>623.000</ele>
      </trkpt>
      <trkpt lat="42.622190000" lon="-6.436020000">
        <ele>623.000</ele>
      </trkpt>
      <trkpt lat="42.622160000" lon="-6.435900000">
        <ele>624.000</ele>
      </trkpt>
      <trkpt lat="42.621700000" lon="-6.434390000">
        <ele>624.000</ele>
      </trkpt>
      <trkpt lat="42.621650000" lon="-6.434200000">
        <ele>625.000</ele>
      </trkpt>
      <trkpt lat="42.621430000" lon="-6.433370000">
        <ele>626.000</ele>
      </trkpt>
      <trkpt lat="42.621400000" lon="-6.433130000">
        <ele>626.000</ele>
      </trkpt>
      <trkpt lat="42.621390000" lon="-6.432860000">
        <ele>627.000</ele>
      </trkpt>
      <trkpt lat="42.621400000" lon="-6.432320000">
        <ele>628.000</ele>
      </trkpt>
      <trkpt lat="42.621400000" lon="-6.432140000">
        <ele>628.000</ele>
      </trkpt>
      <trkpt lat="42.621410000" lon="-6.431680000">
        <ele>629.000</ele>
      </trkpt>
      <trkpt lat="42.621410000" lon="-6.431380000">
        <ele>630.000</ele>
      </trkpt>
      <trkpt lat="42.621360000" lon="-6.431010000">
        <ele>630.000</ele>
      </trkpt>
      <trkpt lat="42.620760000" lon="-6.429780000">
        <ele>631.000</ele>
      </trkpt>
      <trkpt lat="42.620010000" lon="-6.428300000">
        <ele>633.000</ele>
      </trkpt>
      <trkpt lat="42.619960000" lon="-6.428330000">
        <ele>634.000</ele>
      </trkpt>
      <trkpt lat="42.619880000" lon="-6.428300000">
        <ele>634.000</ele>
      </trkpt>
      <trkpt lat="42.619840000" lon="-6.428230000">
        <ele>635.000</ele>
      </trkpt>
      <trkpt lat="42.619830000" lon="-6.428170000">
        <ele>635.000</ele>
      </trkpt>
      <trkpt lat="42.619840000" lon="-6.428110000">
        <ele>635.000</ele>
      </trkpt>
      <trkpt lat="42.619890000" lon="-6.428050000">
        <ele>636.000</ele>
      </trkpt>
      <trkpt lat="42.619520000" lon="-6.427300000">
        <ele>636.000</ele>
      </trkpt>
      <trkpt lat="42.619210000" lon="-6.426690000">
        <ele>636.000</ele>
      </trkpt>
      <trkpt lat="42.618990000" lon="-6.426220000">
        <ele>637.000</ele>
      </trkpt>
      <trkpt lat="42.618570000" lon="-6.425080000">
        <ele>637.000</ele>
      </trkpt>
      <trkpt lat="42.618430000" lon="-6.424720000">
        <ele>638.000</ele>
      </trkpt>
      <trkpt lat="42.618380000" lon="-6.424590000">
        <ele>638.000</ele>
      </trkpt>
      <trkpt lat="42.618330000" lon="-6.424460000">
        <ele>638.000</ele>
      </trkpt>
      <trkpt lat="42.618210000" lon="-6.424130000">
        <ele>639.000</ele>
      </trkpt>
      <trkpt lat="42.618100000" lon="-6.423840000">
        <ele>639.000</ele>
      </trkpt>
      <trkpt lat="42.618010000" lon="-6.423570000">
        <ele>639.000</ele>
      </trkpt>
      <trkpt lat="42.618000000" lon="-6.423480000">
        <ele>639.000</ele>
      </trkpt>
      <trkpt lat="42.618120000" lon="-6.423400000">
        <ele>640.000</ele>
      </trkpt>
      <trkpt lat="42.618150000" lon="-6.423380000">
        <ele>640.000</ele>
      </trkpt>
      <trkpt lat="42.618130000" lon="-6.423080000">
        <ele>640.000</ele>
      </trkpt>
      <trkpt lat="42.618130000" lon="-6.423080000">
        <ele>640.000</ele>
      </trkpt>
      <trkpt lat="42.618100000" lon="-6.422390000">
        <ele>640.000</ele>
      </trkpt>
      <trkpt lat="42.618100000" lon="-6.421840000">
        <ele>641.000</ele>
      </trkpt>
      <trkpt lat="42.618200000" lon="-6.420890000">
        <ele>641.000</ele>
      </trkpt>
      <trkpt lat="42.618230000" lon="-6.420660000">
        <ele>642.000</ele>
      </trkpt>
      <trkpt lat="42.618220000" lon="-6.420490000">
        <ele>642.000</ele>
      </trkpt>
      <trkpt lat="42.618180000" lon="-6.420160000">
        <ele>643.000</ele>
      </trkpt>
      <trkpt lat="42.618170000" lon="-6.420110000">
        <ele>643.000</ele>
      </trkpt>
      <trkpt lat="42.618170000" lon="-6.420110000">
        <ele>643.000</ele>
      </trkpt>
      <trkpt lat="42.618100000" lon="-6.419710000">
        <ele>644.000</ele>
      </trkpt>
      <trkpt lat="42.618090000" lon="-6.419630000">
        <ele>644.000</ele>
      </trkpt>
      <trkpt lat="42.617980000" lon="-6.418810000">
        <ele>645.000</ele>
      </trkpt>
      <trkpt lat="42.617960000" lon="-6.418620000">
        <ele>645.000</ele>
      </trkpt>
      <trkpt lat="42.617930000" lon="-6.418480000">
        <ele>646.000</ele>
      </trkpt>
      <trkpt lat="42.617860000" lon="-6.418310000">
        <ele>646.000</ele>
      </trkpt>
      <trkpt lat="42.617800000" lon="-6.418220000">
        <ele>646.000</ele>
      </trkpt>
      <trkpt lat="42.617580000" lon="-6.417710000">
        <ele>646.000</ele>
      </trkpt>
      <trkpt lat="42.617270000" lon="-6.416970000">
        <ele>647.000</ele>
      </trkpt>
      <trkpt lat="42.617200000" lon="-6.417020000">
        <ele>647.000</ele>
      </trkpt>
      <trkpt lat="42.616840000" lon="-6.416340000">
        <ele>647.000</ele>
      </trkpt>
      <trkpt lat="42.616800000" lon="-6.416210000">
        <ele>647.000</ele>
      </trkpt>
      <trkpt lat="42.616770000" lon="-6.416160000">
        <ele>647.000</ele>
      </trkpt>
      <trkpt lat="42.616790000" lon="-6.416080000">
        <ele>648.000</ele>
      </trkpt>
      <trkpt lat="42.616830000" lon="-6.416060000">
        <ele>648.000</ele>
      </trkpt>
      <trkpt lat="42.616860000" lon="-6.416060000">
        <ele>648.000</ele>
      </trkpt>
      <trkpt lat="42.616910000" lon="-6.415960000">
        <ele>648.000</ele>
      </trkpt>
      <trkpt lat="42.617000000" lon="-6.415830000">
        <ele>648.000</ele>
      </trkpt>
      <trkpt lat="42.617170000" lon="-6.415530000">
        <ele>648.000</ele>
      </trkpt>
      <trkpt lat="42.617330000" lon="-6.415230000">
        <ele>649.000</ele>
      </trkpt>
      <trkpt lat="42.617710000" lon="-6.414650000">
        <ele>649.000</ele>
      </trkpt>
      <trkpt lat="42.617940000" lon="-6.414300000">
        <ele>650.000</ele>
      </trkpt>
      <trkpt lat="42.618040000" lon="-6.414160000">
        <ele>650.000</ele>
      </trkpt>
      <trkpt lat="42.618120000" lon="-6.414030000">
        <ele>650.000</ele>
      </trkpt>
      <trkpt lat="42.618770000" lon="-6.413050000">
        <ele>650.000</ele>
      </trkpt>
      <trkpt lat="42.618880000" lon="-6.412890000">
        <ele>651.000</ele>
      </trkpt>
      <trkpt lat="42.618990000" lon="-6.413080000">
        <ele>651.000</ele>
      </trkpt>
      <trkpt lat="42.619090000" lon="-6.413170000">
        <ele>651.000</ele>
      </trkpt>
      <trkpt lat="42.619160000" lon="-6.413180000">
        <ele>651.000</ele>
      </trkpt>
      <trkpt lat="42.619210000" lon="-6.413220000">
        <ele>651.000</ele>
      </trkpt>
      <trkpt lat="42.619270000" lon="-6.413310000">
        <ele>651.000</ele>
      </trkpt>
      <trkpt lat="42.619280000" lon="-6.413410000">
        <ele>651.000</ele>
      </trkpt>
      <trkpt lat="42.619280000" lon="-6.413430000">
        <ele>652.000</ele>
      </trkpt>
      <trkpt lat="42.619370000" lon="-6.413520000">
        <ele>652.000</ele>
      </trkpt>
      <trkpt lat="42.619480000" lon="-6.413760000">
        <ele>652.000</ele>
      </trkpt>
      <trkpt lat="42.619630000" lon="-6.414130000">
        <ele>652.000</ele>
      </trkpt>
      <trkpt lat="42.619690000" lon="-6.414360000">
        <ele>652.000</ele>
      </trkpt>
      <trkpt lat="42.619720000" lon="-6.414590000">
        <ele>652.000</ele>
      </trkpt>
      <trkpt lat="42.619730000" lon="-6.415260000">
        <ele>652.000</ele>
      </trkpt>
      <trkpt lat="42.619760000" lon="-6.415440000">
        <ele>652.000</ele>
      </trkpt>
      <trkpt lat="42.619790000" lon="-6.415710000">
        <ele>652.000</ele>
      </trkpt>
      <trkpt lat="42.619840000" lon="-6.416930000">
        <ele>653.000</ele>
      </trkpt>
      <trkpt lat="42.619830000" lon="-6.417980000">
        <ele>655.000</ele>
      </trkpt>
      <trkpt lat="42.619870000" lon="-6.418580000">
        <ele>656.000</ele>
      </trkpt>
      <trkpt lat="42.619930000" lon="-6.418970000">
        <ele>656.000</ele>
      </trkpt>
      <trkpt lat="42.620040000" lon="-6.419490000">
        <ele>656.000</ele>
      </trkpt>
      <trkpt lat="42.620120000" lon="-6.419770000">
        <ele>655.000</ele>
      </trkpt>
      <trkpt lat="42.620480000" lon="-6.420620000">
        <ele>654.000</ele>
      </trkpt>
      <trkpt lat="42.620890000" lon="-6.421390000">
        <ele>652.000</ele>
      </trkpt>
      <trkpt lat="42.621330000" lon="-6.422320000">
        <ele>650.000</ele>
      </trkpt>
      <trkpt lat="42.621650000" lon="-6.423140000">
        <ele>648.000</ele>
      </trkpt>
      <trkpt lat="42.621860000" lon="-6.423880000">
        <ele>646.000</ele>
      </trkpt>
      <trkpt lat="42.622020000" lon="-6.424680000">
        <ele>644.000</ele>
      </trkpt>
      <trkpt lat="42.622300000" lon="-6.426580000">
        <ele>642.000</ele>
      </trkpt>
      <trkpt lat="42.622510000" lon="-6.427620000">
        <ele>641.000</ele>
      </trkpt>
      <trkpt lat="42.622810000" lon="-6.428490000">
        <ele>640.000</ele>
      </trkpt>
      <trkpt lat="42.622970000" lon="-6.428830000">
        <ele>639.000</ele>
      </trkpt>
      <trkpt lat="42.623170000" lon="-6.429210000">
        <ele>638.000</ele>
      </trkpt>
      <trkpt lat="42.623470000" lon="-6.429640000">
        <ele>638.000</ele>
      </trkpt>
      <trkpt lat="42.624490000" lon="-6.431030000">
        <ele>637.000</ele>
      </trkpt>
      <trkpt lat="42.624680000" lon="-6.431340000">
        <ele>636.000</ele>
      </trkpt>
      <trkpt lat="42.625060000" lon="-6.432100000">
        <ele>634.000</ele>
      </trkpt>
      <trkpt lat="42.625150000" lon="-6.432300000">
        <ele>634.000</ele>
      </trkpt>
      <trkpt lat="42.625300000" lon="-6.432720000">
        <ele>633.000</ele>
      </trkpt>
      <trkpt lat="42.625460000" lon="-6.433390000">
        <ele>632.000</ele>
      </trkpt>
      <trkpt lat="42.625500000" lon="-6.433650000">
        <ele>631.000</ele>
      </trkpt>
      <trkpt lat="42.625530000" lon="-6.433970000">
        <ele>631.000</ele>
      </trkpt>
      <trkpt lat="42.625480000" lon="-6.434670000">
        <ele>631.000</ele>
      </trkpt>
      <trkpt lat="42.625430000" lon="-6.435070000">
        <ele>631.000</ele>
      </trkpt>
      <trkpt lat="42.625320000" lon="-6.435440000">
        <ele>631.000</ele>
      </trkpt>
      <trkpt lat="42.625180000" lon="-6.435810000">
        <ele>631.000</ele>
      </trkpt>
      <trkpt lat="42.625000000" lon="-6.436200000">
        <ele>632.000</ele>
      </trkpt>
      <trkpt lat="42.625020000" lon="-6.436400000">
        <ele>632.000</ele>
      </trkpt>
      <trkpt lat="42.625050000" lon="-6.436500000">
        <ele>632.000</ele>
      </trkpt>
      <trkpt lat="42.625120000" lon="-6.436610000">
        <ele>633.000</ele>
      </trkpt>
      <trkpt lat="42.625360000" lon="-6.437090000">
        <ele>633.000</ele>
      </trkpt>
      <trkpt lat="42.625400000" lon="-6.437190000">
        <ele>634.000</ele>
      </trkpt>
      <trkpt lat="42.625410000" lon="-6.437290000">
        <ele>634.000</ele>
      </trkpt>
      <trkpt lat="42.625420000" lon="-6.437450000">
        <ele>635.000</ele>
      </trkpt>
      <trkpt lat="42.625390000" lon="-6.437610000">
        <ele>635.000</ele>
      </trkpt>
      <trkpt lat="42.625260000" lon="-6.437890000">
        <ele>636.000</ele>
      </trkpt>
      <trkpt lat="42.625110000" lon="-6.438130000">
        <ele>636.000</ele>
      </trkpt>
      <trkpt lat="42.625040000" lon="-6.438270000">
        <ele>637.000</ele>
      </trkpt>
      <trkpt lat="42.625000000" lon="-6.438390000">
        <ele>638.000</ele>
      </trkpt>
      <trkpt lat="42.624980000" lon="-6.438540000">
        <ele>638.000</ele>
      </trkpt>
      <trkpt lat="42.624960000" lon="-6.438670000">
        <ele>639.000</ele>
      </trkpt>
      <trkpt lat="42.624970000" lon="-6.438990000">
        <ele>640.000</ele>
      </trkpt>
      <trkpt lat="42.625030000" lon="-6.439540000">
        <ele>641.000</ele>
      </trkpt>
      <trkpt lat="42.625080000" lon="-6.439810000">
        <ele>642.000</ele>
      </trkpt>
      <trkpt lat="42.625170000" lon="-6.440040000">
        <ele>643.000</ele>
      </trkpt>
      <trkpt lat="42.625390000" lon="-6.440280000">
        <ele>645.000</ele>
      </trkpt>
      <trkpt lat="42.625840000" lon="-6.440670000">
        <ele>647.000</ele>
      </trkpt>
      <trkpt lat="42.626090000" lon="-6.440870000">
        <ele>649.000</ele>
      </trkpt>
      <trkpt lat="42.626180000" lon="-6.440920000">
        <ele>650.000</ele>
      </trkpt>
      <trkpt lat="42.626280000" lon="-6.440950000">
        <ele>652.000</ele>
      </trkpt>
      <trkpt lat="42.626420000" lon="-6.440970000">
        <ele>653.000</ele>
      </trkpt>
      <trkpt lat="42.626580000" lon="-6.440960000">
        <ele>654.000</ele>
      </trkpt>
      <trkpt lat="42.627470000" lon="-6.440770000">
        <ele>658.000</ele>
      </trkpt>
      <trkpt lat="42.627670000" lon="-6.440670000">
        <ele>661.000</ele>
      </trkpt>
      <trkpt lat="42.627810000" lon="-6.440550000">
        <ele>663.000</ele>
      </trkpt>
      <trkpt lat="42.628520000" lon="-6.439750000">
        <ele>667.000</ele>
      </trkpt>
      <trkpt lat="42.628630000" lon="-6.439670000">
        <ele>669.000</ele>
      </trkpt>
      <trkpt lat="42.628890000" lon="-6.439510000">
        <ele>672.000</ele>
      </trkpt>
      <trkpt lat="42.629670000" lon="-6.439240000">
        <ele>675.000</ele>
      </trkpt>
      <trkpt lat="42.631170000" lon="-6.438700000">
        <ele>679.000</ele>
      </trkpt>
      <trkpt lat="42.631170000" lon="-6.438700000">
        <ele>681.000</ele>
      </trkpt>
      <trkpt lat="42.631810000" lon="-6.438460000">
        <ele>684.000</ele>
      </trkpt>
      <trkpt lat="42.632010000" lon="-6.438380000">
        <ele>685.000</ele>
      </trkpt>
      <trkpt lat="42.632370000" lon="-6.438240000">
        <ele>685.000</ele>
      </trkpt>
      <trkpt lat="42.633300000" lon="-6.437770000">
        <ele>683.000</ele>
      </trkpt>
      <trkpt lat="42.633770000" lon="-6.437500000">
        <ele>680.000</ele>
      </trkpt>
      <trkpt lat="42.634000000" lon="-6.437410000">
        <ele>678.000</ele>
      </trkpt>
      <trkpt lat="42.634340000" lon="-6.437340000">
        <ele>676.000</ele>
      </trkpt>
      <trkpt lat="42.634580000" lon="-6.437350000">
        <ele>674.000</ele>
      </trkpt>
      <trkpt lat="42.634720000" lon="-6.437380000">
        <ele>673.000</ele>
      </trkpt>
      <trkpt lat="42.634860000" lon="-6.437440000">
        <ele>672.000</ele>
      </trkpt>
      <trkpt lat="42.635100000" lon="-6.437610000">
        <ele>670.000</ele>
      </trkpt>
      <trkpt lat="42.635570000" lon="-6.438110000">
        <ele>668.000</ele>
      </trkpt>
      <trkpt lat="42.636230000" lon="-6.438890000">
        <ele>668.000</ele>
      </trkpt>
      <trkpt lat="42.637120000" lon="-6.439940000">
        <ele>668.000</ele>
      </trkpt>
      <trkpt lat="42.638310000" lon="-6.441370000">
        <ele>671.000</ele>
      </trkpt>
      <trkpt lat="42.639250000" lon="-6.442470000">
        <ele>675.000</ele>
      </trkpt>
      <trkpt lat="42.639410000" lon="-6.442710000">
        <ele>678.000</ele>
      </trkpt>
      <trkpt lat="42.639550000" lon="-6.442990000">
        <ele>680.000</ele>
      </trkpt>
      <trkpt lat="42.640270000" lon="-6.444840000">
        <ele>682.000</ele>
      </trkpt>
      <trkpt lat="42.640490000" lon="-6.445380000">
        <ele>684.000</ele>
      </trkpt>
      <trkpt lat="42.640600000" lon="-6.445660000">
        <ele>685.000</ele>
      </trkpt>
      <trkpt lat="42.640670000" lon="-6.445840000">
        <ele>687.000</ele>
      </trkpt>
      <trkpt lat="42.640830000" lon="-6.446240000">
        <ele>688.000</ele>
      </trkpt>
      <trkpt lat="42.641100000" lon="-6.446670000">
        <ele>689.000</ele>
      </trkpt>
      <trkpt lat="42.641890000" lon="-6.447400000">
        <ele>692.000</ele>
      </trkpt>
      <trkpt lat="42.642140000" lon="-6.447730000">
        <ele>694.000</ele>
      </trkpt>
      <trkpt lat="42.642310000" lon="-6.448170000">
        <ele>697.000</ele>
      </trkpt>
      <trkpt lat="42.642640000" lon="-6.449520000">
        <ele>701.000</ele>
      </trkpt>
      <trkpt lat="42.642720000" lon="-6.449690000">
        <ele>705.000</ele>
      </trkpt>
      <trkpt lat="42.642800000" lon="-6.449820000">
        <ele>707.000</ele>
      </trkpt>
      <trkpt lat="42.642960000" lon="-6.450000000">
        <ele>709.000</ele>
      </trkpt>
      <trkpt lat="42.643160000" lon="-6.450180000">
        <ele>711.000</ele>
      </trkpt>
      <trkpt lat="42.644440000" lon="-6.451150000">
        <ele>716.000</ele>
      </trkpt>
      <trkpt lat="42.644510000" lon="-6.451200000">
        <ele>719.000</ele>
      </trkpt>
      <trkpt lat="42.645380000" lon="-6.451870000">
        <ele>723.000</ele>
      </trkpt>
      <trkpt lat="42.646540000" lon="-6.452880000">
        <ele>729.000</ele>
      </trkpt>
      <trkpt lat="42.646700000" lon="-6.453030000">
        <ele>734.000</ele>
      </trkpt>
      <trkpt lat="42.646910000" lon="-6.453230000">
        <ele>737.000</ele>
      </trkpt>
      <trkpt lat="42.647470000" lon="-6.453860000">
        <ele>741.000</ele>
      </trkpt>
      <trkpt lat="42.647870000" lon="-6.454320000">
        <ele>745.000</ele>
      </trkpt>
      <trkpt lat="42.648450000" lon="-6.455030000">
        <ele>749.000</ele>
      </trkpt>
      <trkpt lat="42.648740000" lon="-6.455670000">
        <ele>752.000</ele>
      </trkpt>
      <trkpt lat="42.648850000" lon="-6.456030000">
        <ele>755.000</ele>
      </trkpt>
      <trkpt lat="42.649110000" lon="-6.457230000">
        <ele>759.000</ele>
      </trkpt>
      <trkpt lat="42.649190000" lon="-6.457550000">
        <ele>762.000</ele>
      </trkpt>
      <trkpt lat="42.649390000" lon="-6.458010000">
        <ele>764.000</ele>
      </trkpt>
      <trkpt lat="42.649650000" lon="-6.458400000">
        <ele>766.000</ele>
      </trkpt>
      <trkpt lat="42.650320000" lon="-6.459010000">
        <ele>769.000</ele>
      </trkpt>
      <trkpt lat="42.650720000" lon="-6.459420000">
        <ele>772.000</ele>
      </trkpt>
      <trkpt lat="42.650990000" lon="-6.459800000">
        <ele>774.000</ele>
      </trkpt>
      <trkpt lat="42.651180000" lon="-6.460160000">
        <ele>775.000</ele>
      </trkpt>
      <trkpt lat="42.652400000" lon="-6.463080000">
        <ele>778.000</ele>
      </trkpt>
      <trkpt lat="42.652570000" lon="-6.463590000">
        <ele>781.000</ele>
      </trkpt>
      <trkpt lat="42.652820000" lon="-6.464950000">
        <ele>783.000</ele>
      </trkpt>
      <trkpt lat="42.652990000" lon="-6.466010000">
        <ele>786.000</ele>
      </trkpt>
      <trkpt lat="42.653360000" lon="-6.467610000">
        <ele>788.000</ele>
      </trkpt>
      <trkpt lat="42.653640000" lon="-6.468620000">
        <ele>791.000</ele>
      </trkpt>
      <trkpt lat="42.654020000" lon="-6.469410000">
        <ele>792.000</ele>
      </trkpt>
      <trkpt lat="42.654450000" lon="-6.469920000">
        <ele>793.000</ele>
      </trkpt>
      <trkpt lat="42.658540000" lon="-6.473590000">
        <ele>792.000</ele>
      </trkpt>
      <trkpt lat="42.659080000" lon="-6.474080000">
        <ele>793.000</ele>
      </trkpt>
      <trkpt lat="42.659950000" lon="-6.475000000">
        <ele>793.000</ele>
      </trkpt>
      <trkpt lat="42.661050000" lon="-6.476220000">
        <ele>795.000</ele>
      </trkpt>
      <trkpt lat="42.661730000" lon="-6.476990000">
        <ele>797.000</ele>
      </trkpt>
      <trkpt lat="42.662010000" lon="-6.477450000">
        <ele>798.000</ele>
      </trkpt>
      <trkpt lat="42.662040000" lon="-6.477500000">
        <ele>800.000</ele>
      </trkpt>
      <trkpt lat="42.662200000" lon="-6.478130000">
        <ele>801.000</ele>
      </trkpt>
      <trkpt lat="42.662190000" lon="-6.478770000">
        <ele>803.000</ele>
      </trkpt>
      <trkpt lat="42.662070000" lon="-6.479810000">
        <ele>807.000</ele>
      </trkpt>
      <trkpt lat="42.662070000" lon="-6.480160000">
        <ele>810.000</ele>
      </trkpt>
      <trkpt lat="42.662170000" lon="-6.480590000">
        <ele>813.000</ele>
      </trkpt>
      <trkpt lat="42.662670000" lon="-6.481830000">
        <ele>815.000</ele>
      </trkpt>
      <trkpt lat="42.662770000" lon="-6.482230000">
        <ele>817.000</ele>
      </trkpt>
      <trkpt lat="42.662820000" lon="-6.482720000">
        <ele>818.000</ele>
      </trkpt>
      <trkpt lat="42.662680000" lon="-6.486620000">
        <ele>818.000</ele>
      </trkpt>
      <trkpt lat="42.662650000" lon="-6.487470000">
        <ele>818.000</ele>
      </trkpt>
      <trkpt lat="42.662700000" lon="-6.487800000">
        <ele>817.000</ele>
      </trkpt>
      <trkpt lat="42.662940000" lon="-6.488440000">
        <ele>815.000</ele>
      </trkpt>
      <trkpt lat="42.663260000" lon="-6.488860000">
        <ele>813.000</ele>
      </trkpt>
      <trkpt lat="42.663770000" lon="-6.489320000">
        <ele>810.000</ele>
      </trkpt>
      <trkpt lat="42.664260000" lon="-6.489790000">
        <ele>807.000</ele>
      </trkpt>
      <trkpt lat="42.664540000" lon="-6.490180000">
        <ele>804.000</ele>
      </trkpt>
      <trkpt lat="42.664830000" lon="-6.490660000">
        <ele>800.000</ele>
      </trkpt>
      <trkpt lat="42.665080000" lon="-6.491260000">
        <ele>797.000</ele>
      </trkpt>
      <trkpt lat="42.665800000" lon="-6.493310000">
        <ele>791.000</ele>
      </trkpt>
      <trkpt lat="42.665950000" lon="-6.493690000">
        <ele>786.000</ele>
      </trkpt>
      <trkpt lat="42.666110000" lon="-6.493960000">
        <ele>782.000</ele>
      </trkpt>
      <trkpt lat="42.666510000" lon="-6.494330000">
        <ele>778.000</ele>
      </trkpt>
      <trkpt lat="42.666810000" lon="-6.494450000">
        <ele>775.000</ele>
      </trkpt>
      <trkpt lat="42.667120000" lon="-6.494480000">
        <ele>772.000</ele>
      </trkpt>
      <trkpt lat="42.668980000" lon="-6.494550000">
        <ele>764.000</ele>
      </trkpt>
      <trkpt lat="42.669280000" lon="-6.494720000">
        <ele>759.000</ele>
      </trkpt>
      <trkpt lat="42.669450000" lon="-6.495040000">
        <ele>754.000</ele>
      </trkpt>
      <trkpt lat="42.669480000" lon="-6.495420000">
        <ele>750.000</ele>
      </trkpt>
      <trkpt lat="42.669360000" lon="-6.495760000">
        <ele>747.000</ele>
      </trkpt>
      <trkpt lat="42.669220000" lon="-6.495910000">
        <ele>744.000</ele>
      </trkpt>
      <trkpt lat="42.669070000" lon="-6.495990000">
        <ele>742.000</ele>
      </trkpt>
      <trkpt lat="42.668840000" lon="-6.496030000">
        <ele>740.000</ele>
      </trkpt>
      <trkpt lat="42.668430000" lon="-6.495920000">
        <ele>737.000</ele>
      </trkpt>
      <trkpt lat="42.668260000" lon="-6.495910000">
        <ele>736.000</ele>
      </trkpt>
      <trkpt lat="42.667950000" lon="-6.496080000">
        <ele>734.000</ele>
      </trkpt>
      <trkpt lat="42.667470000" lon="-6.496610000">
        <ele>733.000</ele>
      </trkpt>
      <trkpt lat="42.667320000" lon="-6.496660000">
        <ele>732.000</ele>
      </trkpt>
      <trkpt lat="42.667140000" lon="-6.496690000">
        <ele>731.000</ele>
      </trkpt>
      <trkpt lat="42.666700000" lon="-6.496470000">
        <ele>730.000</ele>
      </trkpt>
      <trkpt lat="42.666190000" lon="-6.496270000">
        <ele>728.000</ele>
      </trkpt>
      <trkpt lat="42.665820000" lon="-6.496140000">
        <ele>726.000</ele>
      </trkpt>
      <trkpt lat="42.664970000" lon="-6.495960000">
        <ele>723.000</ele>
      </trkpt>
      <trkpt lat="42.664790000" lon="-6.495950000">
        <ele>721.000</ele>
      </trkpt>
      <trkpt lat="42.664660000" lon="-6.495980000">
        <ele>719.000</ele>
      </trkpt>
      <trkpt lat="42.664510000" lon="-6.496030000">
        <ele>717.000</ele>
      </trkpt>
      <trkpt lat="42.664370000" lon="-6.496150000">
        <ele>715.000</ele>
      </trkpt>
      <trkpt lat="42.664260000" lon="-6.496300000">
        <ele>713.000</ele>
      </trkpt>
      <trkpt lat="42.664170000" lon="-6.496470000">
        <ele>712.000</ele>
      </trkpt>
      <trkpt lat="42.664120000" lon="-6.496640000">
        <ele>710.000</ele>
      </trkpt>
      <trkpt lat="42.664090000" lon="-6.496830000">
        <ele>709.000</ele>
      </trkpt>
      <trkpt lat="42.664100000" lon="-6.497050000">
        <ele>707.000</ele>
      </trkpt>
      <trkpt lat="42.664140000" lon="-6.497260000">
        <ele>706.000</ele>
      </trkpt>
      <trkpt lat="42.664210000" lon="-6.497460000">
        <ele>704.000</ele>
      </trkpt>
      <trkpt lat="42.664340000" lon="-6.497670000">
        <ele>703.000</ele>
      </trkpt>
      <trkpt lat="42.664720000" lon="-6.497940000">
        <ele>700.000</ele>
      </trkpt>
      <trkpt lat="42.664840000" lon="-6.498010000">
        <ele>698.000</ele>
      </trkpt>
      <trkpt lat="42.664980000" lon="-6.498090000">
        <ele>697.000</ele>
      </trkpt>
      <trkpt lat="42.665300000" lon="-6.498250000">
        <ele>695.000</ele>
      </trkpt>
      <trkpt lat="42.666140000" lon="-6.498740000">
        <ele>691.000</ele>
      </trkpt>
      <trkpt lat="42.667440000" lon="-6.499440000">
        <ele>685.000</ele>
      </trkpt>
      <trkpt lat="42.667680000" lon="-6.499500000">
        <ele>680.000</ele>
      </trkpt>
      <trkpt lat="42.667900000" lon="-6.499450000">
        <ele>676.000</ele>
      </trkpt>
      <trkpt lat="42.668140000" lon="-6.499340000">
        <ele>673.000</ele>
      </trkpt>
      <trkpt lat="42.668280000" lon="-6.499250000">
        <ele>671.000</ele>
      </trkpt>
      <trkpt lat="42.668490000" lon="-6.499160000">
        <ele>668.000</ele>
      </trkpt>
      <trkpt lat="42.668640000" lon="-6.499140000">
        <ele>667.000</ele>
      </trkpt>
      <trkpt lat="42.668770000" lon="-6.499150000">
        <ele>665.000</ele>
      </trkpt>
      <trkpt lat="42.668980000" lon="-6.499240000">
        <ele>663.000</ele>
      </trkpt>
      <trkpt lat="42.669140000" lon="-6.499340000">
        <ele>662.000</ele>
      </trkpt>
      <trkpt lat="42.669510000" lon="-6.499610000">
        <ele>660.000</ele>
      </trkpt>
      <trkpt lat="42.669640000" lon="-6.499680000">
        <ele>658.000</ele>
      </trkpt>
      <trkpt lat="42.669770000" lon="-6.499730000">
        <ele>656.000</ele>
      </trkpt>
      <trkpt lat="42.670090000" lon="-6.499790000">
        <ele>655.000</ele>
      </trkpt>
      <trkpt lat="42.671880000" lon="-6.499860000">
        <ele>649.000</ele>
      </trkpt>
      <trkpt lat="42.673100000" lon="-6.499920000">
        <ele>644.000</ele>
      </trkpt>
      <trkpt lat="42.673730000" lon="-6.500050000">
        <ele>640.000</ele>
      </trkpt>
      <trkpt lat="42.673880000" lon="-6.500100000">
        <ele>638.000</ele>
      </trkpt>
      <trkpt lat="42.674100000" lon="-6.500200000">
        <ele>636.000</ele>
      </trkpt>
      <trkpt lat="42.674920000" lon="-6.500520000">
        <ele>635.000</ele>
      </trkpt>
      <trkpt lat="42.677770000" lon="-6.501700000">
        <ele>635.000</ele>
      </trkpt>
      <trkpt lat="42.678280000" lon="-6.501980000">
        <ele>636.000</ele>
      </trkpt>
      <trkpt lat="42.679610000" lon="-6.503010000">
        <ele>638.000</ele>
      </trkpt>
      <trkpt lat="42.680210000" lon="-6.503490000">
        <ele>640.000</ele>
      </trkpt>
      <trkpt lat="42.680390000" lon="-6.503660000">
        <ele>641.000</ele>
      </trkpt>
      <trkpt lat="42.680530000" lon="-6.503810000">
        <ele>641.000</ele>
      </trkpt>
      <trkpt lat="42.680710000" lon="-6.504040000">
        <ele>642.000</ele>
      </trkpt>
      <trkpt lat="42.681440000" lon="-6.505110000">
        <ele>642.000</ele>
      </trkpt>
      <trkpt lat="42.681610000" lon="-6.505300000">
        <ele>642.000</ele>
      </trkpt>
      <trkpt lat="42.682660000" lon="-6.505980000">
        <ele>641.000</ele>
      </trkpt>
      <trkpt lat="42.682960000" lon="-6.506150000">
        <ele>641.000</ele>
      </trkpt>
      <trkpt lat="42.683200000" lon="-6.506240000">
        <ele>640.000</ele>
      </trkpt>
      <trkpt lat="42.683400000" lon="-6.506290000">
        <ele>640.000</ele>
      </trkpt>
      <trkpt lat="42.683710000" lon="-6.506290000">
        <ele>640.000</ele>
      </trkpt>
      <trkpt lat="42.686360000" lon="-6.506180000">
        <ele>642.000</ele>
      </trkpt>
      <trkpt lat="42.686570000" lon="-6.506160000">
        <ele>643.000</ele>
      </trkpt>
      <trkpt lat="42.686660000" lon="-6.506140000">
        <ele>644.000</ele>
      </trkpt>
      <trkpt lat="42.686840000" lon="-6.506050000">
        <ele>645.000</ele>
      </trkpt>
      <trkpt lat="42.687640000" lon="-6.505530000">
        <ele>647.000</ele>
      </trkpt>
      <trkpt lat="42.687890000" lon="-6.505410000">
        <ele>648.000</ele>
      </trkpt>
      <trkpt lat="42.688230000" lon="-6.505300000">
        <ele>649.000</ele>
      </trkpt>
      <trkpt lat="42.690980000" lon="-6.504930000">
        <ele>651.000</ele>
      </trkpt>
      <trkpt lat="42.691500000" lon="-6.504890000">
        <ele>652.000</ele>
      </trkpt>
      <trkpt lat="42.692100000" lon="-6.504850000">
        <ele>653.000</ele>
      </trkpt>
      <trkpt lat="42.692290000" lon="-6.504860000">
        <ele>653.000</ele>
      </trkpt>
      <trkpt lat="42.692430000" lon="-6.504900000">
        <ele>653.000</ele>
      </trkpt>
      <trkpt lat="42.692620000" lon="-6.504970000">
        <ele>653.000</ele>
      </trkpt>
      <trkpt lat="42.693010000" lon="-6.505150000">
        <ele>652.000</ele>
      </trkpt>
      <trkpt lat="42.693540000" lon="-6.505350000">
        <ele>652.000</ele>
      </trkpt>
      <trkpt lat="42.695160000" lon="-6.505800000">
        <ele>651.000</ele>
      </trkpt>
      <trkpt lat="42.696890000" lon="-6.506330000">
        <ele>651.000</ele>
      </trkpt>
      <trkpt lat="42.697000000" lon="-6.506390000">
        <ele>650.000</ele>
      </trkpt>
      <trkpt lat="42.697270000" lon="-6.506670000">
        <ele>650.000</ele>
      </trkpt>
      <trkpt lat="42.697370000" lon="-6.506780000">
        <ele>651.000</ele>
      </trkpt>
      <trkpt lat="42.697480000" lon="-6.506910000">
        <ele>651.000</ele>
      </trkpt>
      <trkpt lat="42.697830000" lon="-6.507300000">
        <ele>652.000</ele>
      </trkpt>
      <trkpt lat="42.697950000" lon="-6.507430000">
        <ele>652.000</ele>
      </trkpt>
      <trkpt lat="42.698060000" lon="-6.507550000">
        <ele>653.000</ele>
      </trkpt>
      <trkpt lat="42.698120000" lon="-6.507610000">
        <ele>653.000</ele>
      </trkpt>
      <trkpt lat="42.698290000" lon="-6.507700000">
        <ele>654.000</ele>
      </trkpt>
      <trkpt lat="42.698350000" lon="-6.507740000">
        <ele>654.000</ele>
      </trkpt>
      <trkpt lat="42.698600000" lon="-6.507810000">
        <ele>654.000</ele>
      </trkpt>
      <trkpt lat="42.698650000" lon="-6.507820000">
        <ele>655.000</ele>
      </trkpt>
      <trkpt lat="42.698940000" lon="-6.507900000">
        <ele>655.000</ele>
      </trkpt>
      <trkpt lat="42.699150000" lon="-6.507950000">
        <ele>654.000</ele>
      </trkpt>
      <trkpt lat="42.699570000" lon="-6.508050000">
        <ele>653.000</ele>
      </trkpt>
      <trkpt lat="42.699780000" lon="-6.508100000">
        <ele>653.000</ele>
      </trkpt>
      <trkpt lat="42.699860000" lon="-6.508150000">
        <ele>652.000</ele>
      </trkpt>
      <trkpt lat="42.699930000" lon="-6.508230000">
        <ele>652.000</ele>
      </trkpt>
      <trkpt lat="42.700000000" lon="-6.508380000">
        <ele>651.000</ele>
      </trkpt>
      <trkpt lat="42.700090000" lon="-6.508620000">
        <ele>650.000</ele>
      </trkpt>
      <trkpt lat="42.700100000" lon="-6.508670000">
        <ele>650.000</ele>
      </trkpt>
      <trkpt lat="42.700180000" lon="-6.508880000">
        <ele>649.000</ele>
      </trkpt>
      <trkpt lat="42.700460000" lon="-6.509710000">
        <ele>650.000</ele>
      </trkpt>
      <trkpt lat="42.700560000" lon="-6.509940000">
        <ele>650.000</ele>
      </trkpt>
      <trkpt lat="42.700640000" lon="-6.510050000">
        <ele>650.000</ele>
      </trkpt>
      <trkpt lat="42.701310000" lon="-6.510240000">
        <ele>650.000</ele>
      </trkpt>
      <trkpt lat="42.701460000" lon="-6.510380000">
        <ele>651.000</ele>
      </trkpt>
      <trkpt lat="42.701950000" lon="-6.511030000">
        <ele>652.000</ele>
      </trkpt>
      <trkpt lat="42.702190000" lon="-6.511380000">
        <ele>653.000</ele>
      </trkpt>
      <trkpt lat="42.702300000" lon="-6.511590000">
        <ele>654.000</ele>
      </trkpt>
      <trkpt lat="42.702530000" lon="-6.512080000">
        <ele>656.000</ele>
      </trkpt>
      <trkpt lat="42.702690000" lon="-6.512410000">
        <ele>657.000</ele>
      </trkpt>
      <trkpt lat="42.702820000" lon="-6.512630000">
        <ele>658.000</ele>
      </trkpt>
      <trkpt lat="42.702930000" lon="-6.512780000">
        <ele>659.000</ele>
      </trkpt>
      <trkpt lat="42.703080000" lon="-6.512930000">
        <ele>660.000</ele>
      </trkpt>
      <trkpt lat="42.703290000" lon="-6.513160000">
        <ele>660.000</ele>
      </trkpt>
      <trkpt lat="42.703360000" lon="-6.513250000">
        <ele>661.000</ele>
      </trkpt>
      <trkpt lat="42.703390000" lon="-6.513330000">
        <ele>661.000</ele>
      </trkpt>
      <trkpt lat="42.703500000" lon="-6.513520000">
        <ele>662.000</ele>
      </trkpt>
      <trkpt lat="42.703580000" lon="-6.513630000">
        <ele>662.000</ele>
      </trkpt>
      <trkpt lat="42.704100000" lon="-6.514170000">
        <ele>663.000</ele>
      </trkpt>
      <trkpt lat="42.704760000" lon="-6.514920000">
        <ele>664.000</ele>
      </trkpt>
      <trkpt lat="42.704960000" lon="-6.515180000">
        <ele>665.000</ele>
      </trkpt>
      <trkpt lat="42.705110000" lon="-6.515340000">
        <ele>665.000</ele>
      </trkpt>
      <trkpt lat="42.705310000" lon="-6.515490000">
        <ele>666.000</ele>
      </trkpt>
      <trkpt lat="42.705650000" lon="-6.515670000">
        <ele>666.000</ele>
      </trkpt>
      <trkpt lat="42.705960000" lon="-6.515780000">
        <ele>667.000</ele>
      </trkpt>
      <trkpt lat="42.706290000" lon="-6.515840000">
        <ele>667.000</ele>
      </trkpt>
      <trkpt lat="42.706490000" lon="-6.515860000">
        <ele>667.000</ele>
      </trkpt>
      <trkpt lat="42.708010000" lon="-6.515800000">
        <ele>666.000</ele>
      </trkpt>
      <trkpt lat="42.708480000" lon="-6.515790000">
        <ele>666.000</ele>
      </trkpt>
      <trkpt lat="42.708820000" lon="-6.515780000">
        <ele>667.000</ele>
      </trkpt>
      <trkpt lat="42.709720000" lon="-6.515770000">
        <ele>668.000</ele>
      </trkpt>
      <trkpt lat="42.710660000" lon="-6.515750000">
        <ele>669.000</ele>
      </trkpt>
      <trkpt lat="42.710870000" lon="-6.515790000">
        <ele>670.000</ele>
      </trkpt>
      <trkpt lat="42.711070000" lon="-6.515850000">
        <ele>671.000</ele>
      </trkpt>
      <trkpt lat="42.711290000" lon="-6.515970000">
        <ele>671.000</ele>
      </trkpt>
      <trkpt lat="42.711510000" lon="-6.516150000">
        <ele>672.000</ele>
      </trkpt>
      <trkpt lat="42.711700000" lon="-6.516360000">
        <ele>673.000</ele>
      </trkpt>
      <trkpt lat="42.712140000" lon="-6.516940000">
        <ele>674.000</ele>
      </trkpt>
      <trkpt lat="42.712270000" lon="-6.517050000">
        <ele>674.000</ele>
      </trkpt>
      <trkpt lat="42.712890000" lon="-6.517480000">
        <ele>675.000</ele>
      </trkpt>
      <trkpt lat="42.713460000" lon="-6.517840000">
        <ele>675.000</ele>
      </trkpt>
      <trkpt lat="42.714290000" lon="-6.518390000">
        <ele>675.000</ele>
      </trkpt>
      <trkpt lat="42.714370000" lon="-6.518440000">
        <ele>675.000</ele>
      </trkpt>
      <trkpt lat="42.714620000" lon="-6.518570000">
        <ele>676.000</ele>
      </trkpt>
      <trkpt lat="42.714810000" lon="-6.518630000">
        <ele>676.000</ele>
      </trkpt>
      <trkpt lat="42.715120000" lon="-6.518680000">
        <ele>676.000</ele>
      </trkpt>
      <trkpt lat="42.715340000" lon="-6.518690000">
        <ele>677.000</ele>
      </trkpt>
      <trkpt lat="42.715590000" lon="-6.518660000">
        <ele>677.000</ele>
      </trkpt>
      <trkpt lat="42.716880000" lon="-6.518270000">
        <ele>678.000</ele>
      </trkpt>
      <trkpt lat="42.716880000" lon="-6.518270000">
        <ele>679.000</ele>
      </trkpt>
      <trkpt lat="42.717990000" lon="-6.517930000">
        <ele>679.000</ele>
      </trkpt>
      <trkpt lat="42.718290000" lon="-6.517890000">
        <ele>679.000</ele>
      </trkpt>
      <trkpt lat="42.719900000" lon="-6.517990000">
        <ele>678.000</ele>
      </trkpt>
      <trkpt lat="42.720360000" lon="-6.518120000">
        <ele>677.000</ele>
      </trkpt>
      <trkpt lat="42.720540000" lon="-6.518230000">
        <ele>677.000</ele>
      </trkpt>
      <trkpt lat="42.720780000" lon="-6.518400000">
        <ele>677.000</ele>
      </trkpt>
      <trkpt lat="42.722490000" lon="-6.519760000">
        <ele>676.000</ele>
      </trkpt>
      <trkpt lat="42.723320000" lon="-6.520430000">
        <ele>676.000</ele>
      </trkpt>
      <trkpt lat="42.724160000" lon="-6.521140000">
        <ele>677.000</ele>
      </trkpt>
      <trkpt lat="42.726420000" lon="-6.523350000">
        <ele>678.000</ele>
      </trkpt>
      <trkpt lat="42.726850000" lon="-6.523800000">
        <ele>679.000</ele>
      </trkpt>
      <trkpt lat="42.727070000" lon="-6.523990000">
        <ele>680.000</ele>
      </trkpt>
      <trkpt lat="42.727290000" lon="-6.524110000">
        <ele>681.000</ele>
      </trkpt>
      <trkpt lat="42.727850000" lon="-6.524260000">
        <ele>682.000</ele>
      </trkpt>
      <trkpt lat="42.728470000" lon="-6.524280000">
        <ele>684.000</ele>
      </trkpt>
      <trkpt lat="42.729320000" lon="-6.524380000">
        <ele>684.000</ele>
      </trkpt>
      <trkpt lat="42.730310000" lon="-6.524750000">
        <ele>685.000</ele>
      </trkpt>
      <trkpt lat="42.730400000" lon="-6.524790000">
        <ele>685.000</ele>
      </trkpt>
      <trkpt lat="42.732370000" lon="-6.525670000">
        <ele>685.000</ele>
      </trkpt>
      <trkpt lat="42.733320000" lon="-6.526090000">
        <ele>685.000</ele>
      </trkpt>
      <trkpt lat="42.734080000" lon="-6.526390000">
        <ele>685.000</ele>
      </trkpt>
      <trkpt lat="42.734420000" lon="-6.526570000">
        <ele>685.000</ele>
      </trkpt>
      <trkpt lat="42.734680000" lon="-6.526770000">
        <ele>685.000</ele>
      </trkpt>
      <trkpt lat="42.734980000" lon="-6.527220000">
        <ele>685.000</ele>
      </trkpt>
      <trkpt lat="42.735130000" lon="-6.527620000">
        <ele>685.000</ele>
      </trkpt>
      <trkpt lat="42.735220000" lon="-6.528160000">
        <ele>685.000</ele>
      </trkpt>
      <trkpt lat="42.735230000" lon="-6.528600000">
        <ele>685.000</ele>
      </trkpt>
      <trkpt lat="42.735190000" lon="-6.529400000">
        <ele>686.000</ele>
      </trkpt>
      <trkpt lat="42.735220000" lon="-6.529770000">
        <ele>686.000</ele>
      </trkpt>
      <trkpt lat="42.735290000" lon="-6.530040000">
        <ele>686.000</ele>
      </trkpt>
      <trkpt lat="42.735440000" lon="-6.530410000">
        <ele>687.000</ele>
      </trkpt>
      <trkpt lat="42.735630000" lon="-6.530720000">
        <ele>687.000</ele>
      </trkpt>
      <trkpt lat="42.735910000" lon="-6.531000000">
        <ele>688.000</ele>
      </trkpt>
      <trkpt lat="42.736340000" lon="-6.531390000">
        <ele>688.000</ele>
      </trkpt>
      <trkpt lat="42.736880000" lon="-6.531850000">
        <ele>689.000</ele>
      </trkpt>
      <trkpt lat="42.737210000" lon="-6.532110000">
        <ele>690.000</ele>
      </trkpt>
      <trkpt lat="42.737390000" lon="-6.532210000">
        <ele>691.000</ele>
      </trkpt>
      <trkpt lat="42.737530000" lon="-6.532280000">
        <ele>692.000</ele>
      </trkpt>
      <trkpt lat="42.741500000" lon="-6.533590000">
        <ele>695.000</ele>
      </trkpt>
      <trkpt lat="42.741690000" lon="-6.533620000">
        <ele>697.000</ele>
      </trkpt>
      <trkpt lat="42.741890000" lon="-6.533610000">
        <ele>698.000</ele>
      </trkpt>
      <trkpt lat="42.743070000" lon="-6.533340000">
        <ele>699.000</ele>
      </trkpt>
      <trkpt lat="42.743360000" lon="-6.533330000">
        <ele>699.000</ele>
      </trkpt>
      <trkpt lat="42.743750000" lon="-6.533440000">
        <ele>699.000</ele>
      </trkpt>
      <trkpt lat="42.744450000" lon="-6.533790000">
        <ele>698.000</ele>
      </trkpt>
      <trkpt lat="42.744640000" lon="-6.533870000">
        <ele>698.000</ele>
      </trkpt>
      <trkpt lat="42.744860000" lon="-6.533930000">
        <ele>698.000</ele>
      </trkpt>
      <trkpt lat="42.746890000" lon="-6.534340000">
        <ele>698.000</ele>
      </trkpt>
      <trkpt lat="42.747980000" lon="-6.534640000">
        <ele>697.000</ele>
      </trkpt>
      <trkpt lat="42.748990000" lon="-6.534840000">
        <ele>697.000</ele>
      </trkpt>
      <trkpt lat="42.749600000" lon="-6.534950000">
        <ele>697.000</ele>
      </trkpt>
      <trkpt lat="42.750980000" lon="-6.535270000">
        <ele>699.000</ele>
      </trkpt>
      <trkpt lat="42.751260000" lon="-6.535320000">
        <ele>701.000</ele>
      </trkpt>
      <trkpt lat="42.751620000" lon="-6.535350000">
        <ele>703.000</ele>
      </trkpt>
      <trkpt lat="42.752290000" lon="-6.535330000">
        <ele>705.000</ele>
      </trkpt>
      <trkpt lat="42.753010000" lon="-6.535270000">
        <ele>708.000</ele>
      </trkpt>
      <trkpt lat="42.753210000" lon="-6.535210000">
        <ele>709.000</ele>
      </trkpt>
      <trkpt lat="42.753430000" lon="-6.535040000">
        <ele>710.000</ele>
      </trkpt>
      <trkpt lat="42.753600000" lon="-6.534820000">
        <ele>711.000</ele>
      </trkpt>
      <trkpt lat="42.753700000" lon="-6.534670000">
        <ele>712.000</ele>
      </trkpt>
      <trkpt lat="42.753830000" lon="-6.534410000">
        <ele>712.000</ele>
      </trkpt>
      <trkpt lat="42.753970000" lon="-6.534110000">
        <ele>712.000</ele>
      </trkpt>
      <trkpt lat="42.754010000" lon="-6.534050000">
        <ele>712.000</ele>
      </trkpt>
      <trkpt lat="42.754090000" lon="-6.533960000">
        <ele>712.000</ele>
      </trkpt>
      <trkpt lat="42.754220000" lon="-6.533830000">
        <ele>712.000</ele>
      </trkpt>
      <trkpt lat="42.754320000" lon="-6.533700000">
        <ele>712.000</ele>
      </trkpt>
      <trkpt lat="42.754430000" lon="-6.533620000">
        <ele>712.000</ele>
      </trkpt>
      <trkpt lat="42.755520000" lon="-6.532500000">
        <ele>710.000</ele>
      </trkpt>
      <trkpt lat="42.755590000" lon="-6.532440000">
        <ele>709.000</ele>
      </trkpt>
      <trkpt lat="42.755900000" lon="-6.532090000">
        <ele>707.000</ele>
      </trkpt>
      <trkpt lat="42.756050000" lon="-6.531860000">
        <ele>706.000</ele>
      </trkpt>
      <trkpt lat="42.756370000" lon="-6.531250000">
        <ele>705.000</ele>
      </trkpt>
      <trkpt lat="42.756420000" lon="-6.531150000">
        <ele>704.000</ele>
      </trkpt>
      <trkpt lat="42.756460000" lon="-6.531080000">
        <ele>704.000</ele>
      </trkpt>
      <trkpt lat="42.756790000" lon="-6.530460000">
        <ele>703.000</ele>
      </trkpt>
      <trkpt lat="42.756890000" lon="-6.530310000">
        <ele>703.000</ele>
      </trkpt>
      <trkpt lat="42.756930000" lon="-6.530260000">
        <ele>703.000</ele>
      </trkpt>
      <trkpt lat="42.757070000" lon="-6.530100000">
        <ele>703.000</ele>
      </trkpt>
      <trkpt lat="42.757900000" lon="-6.529280000">
        <ele>703.000</ele>
      </trkpt>
      <trkpt lat="42.757970000" lon="-6.529230000">
        <ele>704.000</ele>
      </trkpt>
      <trkpt lat="42.758000000" lon="-6.529210000">
        <ele>704.000</ele>
      </trkpt>
      <trkpt lat="42.758200000" lon="-6.529130000">
        <ele>704.000</ele>
      </trkpt>
      <trkpt lat="42.758420000" lon="-6.529150000">
        <ele>704.000</ele>
      </trkpt>
      <trkpt lat="42.758840000" lon="-6.529250000">
        <ele>705.000</ele>
      </trkpt>
      <trkpt lat="42.759200000" lon="-6.529370000">
        <ele>705.000</ele>
      </trkpt>
      <trkpt lat="42.759470000" lon="-6.529490000">
        <ele>706.000</ele>
      </trkpt>
      <trkpt lat="42.760190000" lon="-6.530180000">
        <ele>708.000</ele>
      </trkpt>
      <trkpt lat="42.760400000" lon="-6.530360000">
        <ele>710.000</ele>
      </trkpt>
      <trkpt lat="42.760730000" lon="-6.530550000">
        <ele>711.000</ele>
      </trkpt>
      <trkpt lat="42.761050000" lon="-6.530680000">
        <ele>713.000</ele>
      </trkpt>
      <trkpt lat="42.761360000" lon="-6.530740000">
        <ele>714.000</ele>
      </trkpt>
      <trkpt lat="42.761850000" lon="-6.530730000">
        <ele>716.000</ele>
      </trkpt>
      <trkpt lat="42.761990000" lon="-6.530710000">
        <ele>717.000</ele>
      </trkpt>
      <trkpt lat="42.762300000" lon="-6.530630000">
        <ele>718.000</ele>
      </trkpt>
      <trkpt lat="42.762500000" lon="-6.530560000">
        <ele>719.000</ele>
      </trkpt>
      <trkpt lat="42.762730000" lon="-6.530500000">
        <ele>720.000</ele>
      </trkpt>
      <trkpt lat="42.763190000" lon="-6.530330000">
        <ele>721.000</ele>
      </trkpt>
      <trkpt lat="42.763970000" lon="-6.530030000">
        <ele>721.000</ele>
      </trkpt>
      <trkpt lat="42.764330000" lon="-6.529870000">
        <ele>721.000</ele>
      </trkpt>
      <trkpt lat="42.764630000" lon="-6.529790000">
        <ele>721.000</ele>
      </trkpt>
      <trkpt lat="42.764830000" lon="-6.529680000">
        <ele>721.000</ele>
      </trkpt>
      <trkpt lat="42.765620000" lon="-6.529350000">
        <ele>721.000</ele>
      </trkpt>
      <trkpt lat="42.765950000" lon="-6.529260000">
        <ele>721.000</ele>
      </trkpt>
      <trkpt lat="42.766160000" lon="-6.529250000">
        <ele>721.000</ele>
      </trkpt>
      <trkpt lat="42.766400000" lon="-6.529280000">
        <ele>721.000</ele>
      </trkpt>
      <trkpt lat="42.766850000" lon="-6.529400000">
        <ele>720.000</ele>
      </trkpt>
      <trkpt lat="42.767830000" lon="-6.529800000">
        <ele>720.000</ele>
      </trkpt>
      <trkpt lat="42.768100000" lon="-6.529880000">
        <ele>719.000</ele>
      </trkpt>
      <trkpt lat="42.768410000" lon="-6.529930000">
        <ele>719.000</ele>
      </trkpt>
      <trkpt lat="42.769000000" lon="-6.529950000">
        <ele>719.000</ele>
      </trkpt>
      <trkpt lat="42.769230000" lon="-6.529910000">
        <ele>718.000</ele>
      </trkpt>
      <trkpt lat="42.769780000" lon="-6.529770000">
        <ele>718.000</ele>
      </trkpt>
      <trkpt lat="42.769780000" lon="-6.529770000">
        <ele>718.000</ele>
      </trkpt>
      <trkpt lat="42.770900000" lon="-6.529470000">
        <ele>717.000</ele>
      </trkpt>
      <trkpt lat="42.771370000" lon="-6.529370000">
        <ele>718.000</ele>
      </trkpt>
      <trkpt lat="42.771630000" lon="-6.529270000">
        <ele>718.000</ele>
      </trkpt>
      <trkpt lat="42.772030000" lon="-6.529010000">
        <ele>719.000</ele>
      </trkpt>
      <trkpt lat="42.772250000" lon="-6.528780000">
        <ele>720.000</ele>
      </trkpt>
      <trkpt lat="42.772420000" lon="-6.528600000">
        <ele>721.000</ele>
      </trkpt>
      <trkpt lat="42.772870000" lon="-6.528070000">
        <ele>722.000</ele>
      </trkpt>
      <trkpt lat="42.773240000" lon="-6.527680000">
        <ele>722.000</ele>
      </trkpt>
      <trkpt lat="42.773560000" lon="-6.527390000">
        <ele>723.000</ele>
      </trkpt>
      <trkpt lat="42.774520000" lon="-6.526750000">
        <ele>722.000</ele>
      </trkpt>
      <trkpt lat="42.775080000" lon="-6.526510000">
        <ele>721.000</ele>
      </trkpt>
      <trkpt lat="42.775360000" lon="-6.526420000">
        <ele>721.000</ele>
      </trkpt>
      <trkpt lat="42.775400000" lon="-6.526410000">
        <ele>721.000</ele>
      </trkpt>
      <trkpt lat="42.775780000" lon="-6.526320000">
        <ele>721.000</ele>
      </trkpt>
      <trkpt lat="42.775990000" lon="-6.526290000">
        <ele>721.000</ele>
      </trkpt>
      <trkpt lat="42.776430000" lon="-6.526250000">
        <ele>721.000</ele>
      </trkpt>
      <trkpt lat="42.777610000" lon="-6.526250000">
        <ele>720.000</ele>
      </trkpt>
      <trkpt lat="42.777930000" lon="-6.526180000">
        <ele>719.000</ele>
      </trkpt>
      <trkpt lat="42.778470000" lon="-6.525940000">
        <ele>718.000</ele>
      </trkpt>
      <trkpt lat="42.779320000" lon="-6.525500000">
        <ele>719.000</ele>
      </trkpt>
      <trkpt lat="42.780670000" lon="-6.524840000">
        <ele>723.000</ele>
      </trkpt>
      <trkpt lat="42.780890000" lon="-6.524720000">
        <ele>725.000</ele>
      </trkpt>
      <trkpt lat="42.780960000" lon="-6.524690000">
        <ele>727.000</ele>
      </trkpt>
      <trkpt lat="42.781260000" lon="-6.524380000">
        <ele>728.000</ele>
      </trkpt>
      <trkpt lat="42.781380000" lon="-6.524300000">
        <ele>729.000</ele>
      </trkpt>
      <trkpt lat="42.781300000" lon="-6.524400000">
        <ele>729.000</ele>
      </trkpt>
      <trkpt lat="42.781300000" lon="-6.524470000">
        <ele>730.000</ele>
      </trkpt>
      <trkpt lat="42.781510000" lon="-6.524370000">
        <ele>730.000</ele>
      </trkpt>
      <trkpt lat="42.781760000" lon="-6.524290000">
        <ele>730.000</ele>
      </trkpt>
      <trkpt lat="42.782340000" lon="-6.523990000">
        <ele>731.000</ele>
      </trkpt>
      <trkpt lat="42.782870000" lon="-6.523720000">
        <ele>731.000</ele>
      </trkpt>
      <trkpt lat="42.783140000" lon="-6.523620000">
        <ele>731.000</ele>
      </trkpt>
      <trkpt lat="42.783370000" lon="-6.523580000">
        <ele>731.000</ele>
      </trkpt>
      <trkpt lat="42.783990000" lon="-6.523560000">
        <ele>731.000</ele>
      </trkpt>
      <trkpt lat="42.784310000" lon="-6.523500000">
        <ele>731.000</ele>
      </trkpt>
      <trkpt lat="42.784620000" lon="-6.523380000">
        <ele>731.000</ele>
      </trkpt>
      <trkpt lat="42.785180000" lon="-6.523040000">
        <ele>732.000</ele>
      </trkpt>
      <trkpt lat="42.785660000" lon="-6.522820000">
        <ele>732.000</ele>
      </trkpt>
      <trkpt lat="42.785830000" lon="-6.522780000">
        <ele>733.000</ele>
      </trkpt>
      <trkpt lat="42.786150000" lon="-6.522760000">
        <ele>734.000</ele>
      </trkpt>
      <trkpt lat="42.786260000" lon="-6.522760000">
        <ele>734.000</ele>
      </trkpt>
      <trkpt lat="42.786500000" lon="-6.522810000">
        <ele>735.000</ele>
      </trkpt>
      <trkpt lat="42.786720000" lon="-6.522890000">
        <ele>735.000</ele>
      </trkpt>
      <trkpt lat="42.787000000" lon="-6.523010000">
        <ele>735.000</ele>
      </trkpt>
      <trkpt lat="42.787100000" lon="-6.523090000">
        <ele>735.000</ele>
      </trkpt>
      <trkpt lat="42.787970000" lon="-6.523730000">
        <ele>735.000</ele>
      </trkpt>
      <trkpt lat="42.788300000" lon="-6.523880000">
        <ele>735.000</ele>
      </trkpt>
      <trkpt lat="42.788700000" lon="-6.523950000">
        <ele>735.000</ele>
      </trkpt>
      <trkpt lat="42.791590000" lon="-6.524060000">
        <ele>737.000</ele>
      </trkpt>
      <trkpt lat="42.791850000" lon="-6.524110000">
        <ele>739.000</ele>
      </trkpt>
      <trkpt lat="42.792120000" lon="-6.524200000">
        <ele>739.000</ele>
      </trkpt>
      <trkpt lat="42.792470000" lon="-6.524370000">
        <ele>739.000</ele>
      </trkpt>
      <trkpt lat="42.792810000" lon="-6.524640000">
        <ele>739.000</ele>
      </trkpt>
      <trkpt lat="42.793550000" lon="-6.525390000">
        <ele>739.000</ele>
      </trkpt>
      <trkpt lat="42.793760000" lon="-6.525550000">
        <ele>739.000</ele>
      </trkpt>
      <trkpt lat="42.794090000" lon="-6.525670000">
        <ele>739.000</ele>
      </trkpt>
      <trkpt lat="42.794710000" lon="-6.525790000">
        <ele>740.000</ele>
      </trkpt>
      <trkpt lat="42.796270000" lon="-6.525730000">
        <ele>742.000</ele>
      </trkpt>
      <trkpt lat="42.796980000" lon="-6.525620000">
        <ele>743.000</ele>
      </trkpt>
      <trkpt lat="42.797470000" lon="-6.525500000">
        <ele>744.000</ele>
      </trkpt>
      <trkpt lat="42.797920000" lon="-6.525360000">
        <ele>744.000</ele>
      </trkpt>
      <trkpt lat="42.798230000" lon="-6.525210000">
        <ele>744.000</ele>
      </trkpt>
      <trkpt lat="42.799070000" lon="-6.524610000">
        <ele>744.000</ele>
      </trkpt>
      <trkpt lat="42.799270000" lon="-6.524500000">
        <ele>744.000</ele>
      </trkpt>
      <trkpt lat="42.799470000" lon="-6.524450000">
        <ele>744.000</ele>
      </trkpt>
      <trkpt lat="42.799700000" lon="-6.524440000">
        <ele>744.000</ele>
      </trkpt>
      <trkpt lat="42.801450000" lon="-6.524730000">
        <ele>744.000</ele>
      </trkpt>
      <trkpt lat="42.802660000" lon="-6.524830000">
        <ele>745.000</ele>
      </trkpt>
      <trkpt lat="42.804400000" lon="-6.525030000">
        <ele>747.000</ele>
      </trkpt>
      <trkpt lat="42.805550000" lon="-6.525130000">
        <ele>750.000</ele>
      </trkpt>
      <trkpt lat="42.806010000" lon="-6.525120000">
        <ele>753.000</ele>
      </trkpt>
      <trkpt lat="42.806400000" lon="-6.525050000">
        <ele>756.000</ele>
      </trkpt>
      <trkpt lat="42.806930000" lon="-6.524860000">
        <ele>757.000</ele>
      </trkpt>
      <trkpt lat="42.807410000" lon="-6.524650000">
        <ele>757.000</ele>
      </trkpt>
      <trkpt lat="42.807900000" lon="-6.524380000">
        <ele>756.000</ele>
      </trkpt>
      <trkpt lat="42.808330000" lon="-6.524080000">
        <ele>755.000</ele>
      </trkpt>
      <trkpt lat="42.808520000" lon="-6.523890000">
        <ele>755.000</ele>
      </trkpt>
      <trkpt lat="42.808730000" lon="-6.523570000">
        <ele>754.000</ele>
      </trkpt>
      <trkpt lat="42.808780000" lon="-6.523450000">
        <ele>754.000</ele>
      </trkpt>
      <trkpt lat="42.808880000" lon="-6.523130000">
        <ele>753.000</ele>
      </trkpt>
      <trkpt lat="42.808940000" lon="-6.522850000">
        <ele>753.000</ele>
      </trkpt>
      <trkpt lat="42.809000000" lon="-6.522320000">
        <ele>753.000</ele>
      </trkpt>
      <trkpt lat="42.808980000" lon="-6.521590000">
        <ele>752.000</ele>
      </trkpt>
      <trkpt lat="42.808980000" lon="-6.521050000">
        <ele>752.000</ele>
      </trkpt>
      <trkpt lat="42.809000000" lon="-6.520750000">
        <ele>752.000</ele>
      </trkpt>
      <trkpt lat="42.809050000" lon="-6.520340000">
        <ele>752.000</ele>
      </trkpt>
      <trkpt lat="42.809120000" lon="-6.520030000">
        <ele>752.000</ele>
      </trkpt>
      <trkpt lat="42.809240000" lon="-6.519640000">
        <ele>753.000</ele>
      </trkpt>
      <trkpt lat="42.809380000" lon="-6.519300000">
        <ele>753.000</ele>
      </trkpt>
      <trkpt lat="42.809520000" lon="-6.519020000">
        <ele>753.000</ele>
      </trkpt>
      <trkpt lat="42.810720000" lon="-6.516390000">
        <ele>753.000</ele>
      </trkpt>
      <trkpt lat="42.812010000" lon="-6.513540000">
        <ele>753.000</ele>
      </trkpt>
      <trkpt lat="42.812370000" lon="-6.512630000">
        <ele>753.000</ele>
      </trkpt>
      <trkpt lat="42.812540000" lon="-6.512230000">
        <ele>753.000</ele>
      </trkpt>
      <trkpt lat="42.812740000" lon="-6.511850000">
        <ele>753.000</ele>
      </trkpt>
      <trkpt lat="42.813090000" lon="-6.511390000">
        <ele>753.000</ele>
      </trkpt>
      <trkpt lat="42.813420000" lon="-6.511030000">
        <ele>754.000</ele>
      </trkpt>
      <trkpt lat="42.814590000" lon="-6.509910000">
        <ele>755.000</ele>
      </trkpt>
      <trkpt lat="42.815270000" lon="-6.509220000">
        <ele>758.000</ele>
      </trkpt>
      <trkpt lat="42.815840000" lon="-6.508660000">
        <ele>761.000</ele>
      </trkpt>
      <trkpt lat="42.816090000" lon="-6.508470000">
        <ele>763.000</ele>
      </trkpt>
      <trkpt lat="42.816270000" lon="-6.508400000">
        <ele>765.000</ele>
      </trkpt>
      <trkpt lat="42.816430000" lon="-6.508330000">
        <ele>766.000</ele>
      </trkpt>
      <trkpt lat="42.816660000" lon="-6.508300000">
        <ele>767.000</ele>
      </trkpt>
      <trkpt lat="42.816910000" lon="-6.508330000">
        <ele>767.000</ele>
      </trkpt>
      <trkpt lat="42.817280000" lon="-6.508420000">
        <ele>767.000</ele>
      </trkpt>
      <trkpt lat="42.817360000" lon="-6.508470000">
        <ele>767.000</ele>
      </trkpt>
      <trkpt lat="42.818100000" lon="-6.508770000">
        <ele>766.000</ele>
      </trkpt>
      <trkpt lat="42.818670000" lon="-6.508980000">
        <ele>766.000</ele>
      </trkpt>
      <trkpt lat="42.819270000" lon="-6.509200000">
        <ele>766.000</ele>
      </trkpt>
      <trkpt lat="42.819650000" lon="-6.509270000">
        <ele>766.000</ele>
      </trkpt>
      <trkpt lat="42.819830000" lon="-6.509270000">
        <ele>766.000</ele>
      </trkpt>
      <trkpt lat="42.820230000" lon="-6.509210000">
        <ele>766.000</ele>
      </trkpt>
      <trkpt lat="42.820590000" lon="-6.509060000">
        <ele>766.000</ele>
      </trkpt>
      <trkpt lat="42.821360000" lon="-6.508590000">
        <ele>767.000</ele>
      </trkpt>
      <trkpt lat="42.822380000" lon="-6.507900000">
        <ele>768.000</ele>
      </trkpt>
      <trkpt lat="42.823110000" lon="-6.507390000">
        <ele>769.000</ele>
      </trkpt>
      <trkpt lat="42.823550000" lon="-6.506980000">
        <ele>769.000</ele>
      </trkpt>
      <trkpt lat="42.823760000" lon="-6.506750000">
        <ele>770.000</ele>
      </trkpt>
      <trkpt lat="42.824010000" lon="-6.506380000">
        <ele>770.000</ele>
      </trkpt>
      <trkpt lat="42.824330000" lon="-6.505850000">
        <ele>770.000</ele>
      </trkpt>
      <trkpt lat="42.824780000" lon="-6.504980000">
        <ele>771.000</ele>
      </trkpt>
      <trkpt lat="42.824880000" lon="-6.504740000">
        <ele>771.000</ele>
      </trkpt>
      <trkpt lat="42.824980000" lon="-6.504510000">
        <ele>771.000</ele>
      </trkpt>
      <trkpt lat="42.825130000" lon="-6.503960000">
        <ele>771.000</ele>
      </trkpt>
      <trkpt lat="42.825150000" lon="-6.503840000">
        <ele>771.000</ele>
      </trkpt>
      <trkpt lat="42.825140000" lon="-6.503380000">
        <ele>772.000</ele>
      </trkpt>
      <trkpt lat="42.825110000" lon="-6.502980000">
        <ele>772.000</ele>
      </trkpt>
      <trkpt lat="42.825130000" lon="-6.502700000">
        <ele>772.000</ele>
      </trkpt>
      <trkpt lat="42.825200000" lon="-6.502470000">
        <ele>773.000</ele>
      </trkpt>
      <trkpt lat="42.825260000" lon="-6.502360000">
        <ele>773.000</ele>
      </trkpt>
      <trkpt lat="42.825390000" lon="-6.502140000">
        <ele>773.000</ele>
      </trkpt>
      <trkpt lat="42.825530000" lon="-6.501990000">
        <ele>773.000</ele>
      </trkpt>
      <trkpt lat="42.825670000" lon="-6.501920000">
        <ele>774.000</ele>
      </trkpt>
      <trkpt lat="42.825960000" lon="-6.501720000">
        <ele>774.000</ele>
      </trkpt>
      <trkpt lat="42.826610000" lon="-6.501290000">
        <ele>776.000</ele>
      </trkpt>
      <trkpt lat="42.826820000" lon="-6.501170000">
        <ele>777.000</ele>
      </trkpt>
      <trkpt lat="42.827200000" lon="-6.501060000">
        <ele>779.000</ele>
      </trkpt>
      <trkpt lat="42.827480000" lon="-6.500890000">
        <ele>781.000</ele>
      </trkpt>
      <trkpt lat="42.827680000" lon="-6.500720000">
        <ele>783.000</ele>
      </trkpt>
      <trkpt lat="42.828730000" lon="-6.499620000">
        <ele>785.000</ele>
      </trkpt>
      <trkpt lat="42.829080000" lon="-6.499210000">
        <ele>786.000</ele>
      </trkpt>
      <trkpt lat="42.829270000" lon="-6.498930000">
        <ele>787.000</ele>
      </trkpt>
      <trkpt lat="42.829430000" lon="-6.498620000">
        <ele>788.000</ele>
      </trkpt>
      <trkpt lat="42.829590000" lon="-6.498170000">
        <ele>788.000</ele>
      </trkpt>
      <trkpt lat="42.829730000" lon="-6.497610000">
        <ele>788.000</ele>
      </trkpt>
      <trkpt lat="42.829910000" lon="-6.496740000">
        <ele>788.000</ele>
      </trkpt>
      <trkpt lat="42.830660000" lon="-6.492770000">
        <ele>787.000</ele>
      </trkpt>
      <trkpt lat="42.830730000" lon="-6.492430000">
        <ele>786.000</ele>
      </trkpt>
      <trkpt lat="42.830850000" lon="-6.492140000">
        <ele>786.000</ele>
      </trkpt>
      <trkpt lat="42.830960000" lon="-6.491910000">
        <ele>785.000</ele>
      </trkpt>
      <trkpt lat="42.831100000" lon="-6.491700000">
        <ele>785.000</ele>
      </trkpt>
      <trkpt lat="42.831280000" lon="-6.491520000">
        <ele>785.000</ele>
      </trkpt>
      <trkpt lat="42.831620000" lon="-6.491300000">
        <ele>785.000</ele>
      </trkpt>
      <trkpt lat="42.831750000" lon="-6.491260000">
        <ele>785.000</ele>
      </trkpt>
      <trkpt lat="42.832130000" lon="-6.491170000">
        <ele>785.000</ele>
      </trkpt>
      <trkpt lat="42.832430000" lon="-6.491140000">
        <ele>785.000</ele>
      </trkpt>
      <trkpt lat="42.832700000" lon="-6.491090000">
        <ele>785.000</ele>
      </trkpt>
      <trkpt lat="42.833020000" lon="-6.491030000">
        <ele>785.000</ele>
      </trkpt>
      <trkpt lat="42.833350000" lon="-6.490910000">
        <ele>785.000</ele>
      </trkpt>
      <trkpt lat="42.833860000" lon="-6.490620000">
        <ele>785.000</ele>
      </trkpt>
      <trkpt lat="42.834570000" lon="-6.490140000">
        <ele>785.000</ele>
      </trkpt>
      <trkpt lat="42.834810000" lon="-6.489910000">
        <ele>786.000</ele>
      </trkpt>
      <trkpt lat="42.835010000" lon="-6.489650000">
        <ele>786.000</ele>
      </trkpt>
      <trkpt lat="42.835240000" lon="-6.489230000">
        <ele>786.000</ele>
      </trkpt>
      <trkpt lat="42.835760000" lon="-6.488020000">
        <ele>787.000</ele>
      </trkpt>
      <trkpt lat="42.835980000" lon="-6.487220000">
        <ele>788.000</ele>
      </trkpt>
      <trkpt lat="42.836220000" lon="-6.486230000">
        <ele>789.000</ele>
      </trkpt>
      <trkpt lat="42.836400000" lon="-6.485340000">
        <ele>789.000</ele>
      </trkpt>
      <trkpt lat="42.836790000" lon="-6.483640000">
        <ele>789.000</ele>
      </trkpt>
      <trkpt lat="42.837040000" lon="-6.482660000">
        <ele>790.000</ele>
      </trkpt>
      <trkpt lat="42.837160000" lon="-6.482260000">
        <ele>790.000</ele>
      </trkpt>
      <trkpt lat="42.837400000" lon="-6.481660000">
        <ele>791.000</ele>
      </trkpt>
      <trkpt lat="42.837790000" lon="-6.480620000">
        <ele>792.000</ele>
      </trkpt>
      <trkpt lat="42.838060000" lon="-6.479920000">
        <ele>794.000</ele>
      </trkpt>
      <trkpt lat="42.838260000" lon="-6.479490000">
        <ele>795.000</ele>
      </trkpt>
      <trkpt lat="42.838490000" lon="-6.479060000">
        <ele>795.000</ele>
      </trkpt>
      <trkpt lat="42.838740000" lon="-6.478650000">
        <ele>796.000</ele>
      </trkpt>
      <trkpt lat="42.839190000" lon="-6.478020000">
        <ele>796.000</ele>
      </trkpt>
      <trkpt lat="42.839920000" lon="-6.477070000">
        <ele>796.000</ele>
      </trkpt>
      <trkpt lat="42.840400000" lon="-6.476250000">
        <ele>796.000</ele>
      </trkpt>
      <trkpt lat="42.840620000" lon="-6.475830000">
        <ele>796.000</ele>
      </trkpt>
      <trkpt lat="42.840760000" lon="-6.475470000">
        <ele>797.000</ele>
      </trkpt>
      <trkpt lat="42.840880000" lon="-6.475050000">
        <ele>797.000</ele>
      </trkpt>
      <trkpt lat="42.841070000" lon="-6.474100000">
        <ele>799.000</ele>
      </trkpt>
      <trkpt lat="42.841230000" lon="-6.473690000">
        <ele>800.000</ele>
      </trkpt>
      <trkpt lat="42.841360000" lon="-6.473460000">
        <ele>801.000</ele>
      </trkpt>
      <trkpt lat="42.841500000" lon="-6.473290000">
        <ele>802.000</ele>
      </trkpt>
      <trkpt lat="42.841710000" lon="-6.473120000">
        <ele>804.000</ele>
      </trkpt>
      <trkpt lat="42.841930000" lon="-6.472970000">
        <ele>806.000</ele>
      </trkpt>
      <trkpt lat="42.842420000" lon="-6.472700000">
        <ele>808.000</ele>
      </trkpt>
      <trkpt lat="42.842610000" lon="-6.472620000">
        <ele>810.000</ele>
      </trkpt>
      <trkpt lat="42.842930000" lon="-6.472540000">
        <ele>813.000</ele>
      </trkpt>
      <trkpt lat="42.843530000" lon="-6.472470000">
        <ele>816.000</ele>
      </trkpt>
      <trkpt lat="42.843710000" lon="-6.472420000">
        <ele>818.000</ele>
      </trkpt>
      <trkpt lat="42.843940000" lon="-6.472300000">
        <ele>818.000</ele>
      </trkpt>
      <trkpt lat="42.844150000" lon="-6.472110000">
        <ele>818.000</ele>
      </trkpt>
      <trkpt lat="42.844300000" lon="-6.471900000">
        <ele>817.000</ele>
      </trkpt>
      <trkpt lat="42.844460000" lon="-6.471580000">
        <ele>816.000</ele>
      </trkpt>
      <trkpt lat="42.844520000" lon="-6.471370000">
        <ele>814.000</ele>
      </trkpt>
      <trkpt lat="42.844570000" lon="-6.471010000">
        <ele>813.000</ele>
      </trkpt>
      <trkpt lat="42.844570000" lon="-6.470480000">
        <ele>811.000</ele>
      </trkpt>
      <trkpt lat="42.844500000" lon="-6.469820000">
        <ele>810.000</ele>
      </trkpt>
      <trkpt lat="42.844460000" lon="-6.469620000">
        <ele>809.000</ele>
      </trkpt>
      <trkpt lat="42.844340000" lon="-6.469110000">
        <ele>809.000</ele>
      </trkpt>
      <trkpt lat="42.844250000" lon="-6.468800000">
        <ele>809.000</ele>
      </trkpt>
      <trkpt lat="42.844030000" lon="-6.468260000">
        <ele>809.000</ele>
      </trkpt>
      <trkpt lat="42.843830000" lon="-6.467840000">
        <ele>810.000</ele>
      </trkpt>
      <trkpt lat="42.843650000" lon="-6.467430000">
        <ele>810.000</ele>
      </trkpt>
      <trkpt lat="42.843580000" lon="-6.467230000">
        <ele>810.000</ele>
      </trkpt>
      <trkpt lat="42.843490000" lon="-6.466860000">
        <ele>811.000</ele>
      </trkpt>
      <trkpt lat="42.843470000" lon="-6.466660000">
        <ele>811.000</ele>
      </trkpt>
      <trkpt lat="42.843480000" lon="-6.466450000">
        <ele>811.000</ele>
      </trkpt>
      <trkpt lat="42.843510000" lon="-6.466280000">
        <ele>811.000</ele>
      </trkpt>
      <trkpt lat="42.843600000" lon="-6.466000000">
        <ele>812.000</ele>
      </trkpt>
      <trkpt lat="42.843650000" lon="-6.465900000">
        <ele>812.000</ele>
      </trkpt>
      <trkpt lat="42.843830000" lon="-6.465690000">
        <ele>812.000</ele>
      </trkpt>
      <trkpt lat="42.844020000" lon="-6.465570000">
        <ele>812.000</ele>
      </trkpt>
      <trkpt lat="42.844220000" lon="-6.465530000">
        <ele>813.000</ele>
      </trkpt>
      <trkpt lat="42.844380000" lon="-6.465540000">
        <ele>813.000</ele>
      </trkpt>
      <trkpt lat="42.845090000" lon="-6.465760000">
        <ele>815.000</ele>
      </trkpt>
      <trkpt lat="42.845400000" lon="-6.465810000">
        <ele>816.000</ele>
      </trkpt>
      <trkpt lat="42.845640000" lon="-6.465810000">
        <ele>818.000</ele>
      </trkpt>
      <trkpt lat="42.845890000" lon="-6.465770000">
        <ele>819.000</ele>
      </trkpt>
      <trkpt lat="42.846290000" lon="-6.465630000">
        <ele>819.000</ele>
      </trkpt>
      <trkpt lat="42.847340000" lon="-6.465050000">
        <ele>818.000</ele>
      </trkpt>
      <trkpt lat="42.847750000" lon="-6.464850000">
        <ele>817.000</ele>
      </trkpt>
      <trkpt lat="42.849020000" lon="-6.464290000">
        <ele>816.000</ele>
      </trkpt>
      <trkpt lat="42.849590000" lon="-6.464090000">
        <ele>815.000</ele>
      </trkpt>
      <trkpt lat="42.849810000" lon="-6.464040000">
        <ele>814.000</ele>
      </trkpt>
      <trkpt lat="42.850200000" lon="-6.464010000">
        <ele>814.000</ele>
      </trkpt>
      <trkpt lat="42.850480000" lon="-6.463930000">
        <ele>814.000</ele>
      </trkpt>
      <trkpt lat="42.850680000" lon="-6.463840000">
        <ele>815.000</ele>
      </trkpt>
      <trkpt lat="42.850900000" lon="-6.463660000">
        <ele>815.000</ele>
      </trkpt>
      <trkpt lat="42.851010000" lon="-6.463540000">
        <ele>816.000</ele>
      </trkpt>
      <trkpt lat="42.851380000" lon="-6.463200000">
        <ele>816.000</ele>
      </trkpt>
      <trkpt lat="42.851560000" lon="-6.463090000">
        <ele>817.000</ele>
      </trkpt>
      <trkpt lat="42.851780000" lon="-6.463010000">
        <ele>817.000</ele>
      </trkpt>
      <trkpt lat="42.852430000" lon="-6.462780000">
        <ele>818.000</ele>
      </trkpt>
      <trkpt lat="42.852700000" lon="-6.462630000">
        <ele>818.000</ele>
      </trkpt>
      <trkpt lat="42.853110000" lon="-6.462350000">
        <ele>819.000</ele>
      </trkpt>
      <trkpt lat="42.853410000" lon="-6.462060000">
        <ele>819.000</ele>
      </trkpt>
      <trkpt lat="42.854860000" lon="-6.460400000">
        <ele>819.000</ele>
      </trkpt>
      <trkpt lat="42.855020000" lon="-6.460260000">
        <ele>820.000</ele>
      </trkpt>
      <trkpt lat="42.855800000" lon="-6.459860000">
        <ele>820.000</ele>
      </trkpt>
      <trkpt lat="42.856020000" lon="-6.459640000">
        <ele>820.000</ele>
      </trkpt>
      <trkpt lat="42.856150000" lon="-6.459460000">
        <ele>821.000</ele>
      </trkpt>
      <trkpt lat="42.856250000" lon="-6.459240000">
        <ele>821.000</ele>
      </trkpt>
      <trkpt lat="42.856880000" lon="-6.458030000">
        <ele>821.000</ele>
      </trkpt>
      <trkpt lat="42.857280000" lon="-6.457380000">
        <ele>821.000</ele>
      </trkpt>
      <trkpt lat="42.857580000" lon="-6.456960000">
        <ele>822.000</ele>
      </trkpt>
      <trkpt lat="42.857780000" lon="-6.456760000">
        <ele>822.000</ele>
      </trkpt>
      <trkpt lat="42.857980000" lon="-6.456600000">
        <ele>823.000</ele>
      </trkpt>
      <trkpt lat="42.859380000" lon="-6.455790000">
        <ele>824.000</ele>
      </trkpt>
      <trkpt lat="42.859630000" lon="-6.455680000">
        <ele>825.000</ele>
      </trkpt>
      <trkpt lat="42.861600000" lon="-6.454940000">
        <ele>828.000</ele>
      </trkpt>
      <trkpt lat="42.861840000" lon="-6.454790000">
        <ele>829.000</ele>
      </trkpt>
      <trkpt lat="42.862070000" lon="-6.454620000">
        <ele>830.000</ele>
      </trkpt>
      <trkpt lat="42.862410000" lon="-6.454300000">
        <ele>831.000</ele>
      </trkpt>
      <trkpt lat="42.862680000" lon="-6.454080000">
        <ele>831.000</ele>
      </trkpt>
      <trkpt lat="42.862940000" lon="-6.453910000">
        <ele>830.000</ele>
      </trkpt>
      <trkpt lat="42.863900000" lon="-6.453470000">
        <ele>829.000</ele>
      </trkpt>
      <trkpt lat="42.864130000" lon="-6.453300000">
        <ele>829.000</ele>
      </trkpt>
      <trkpt lat="42.864430000" lon="-6.452950000">
        <ele>829.000</ele>
      </trkpt>
      <trkpt lat="42.865820000" lon="-6.450610000">
        <ele>829.000</ele>
      </trkpt>
      <trkpt lat="42.866000000" lon="-6.450340000">
        <ele>829.000</ele>
      </trkpt>
      <trkpt lat="42.866180000" lon="-6.450120000">
        <ele>830.000</ele>
      </trkpt>
      <trkpt lat="42.866660000" lon="-6.449720000">
        <ele>830.000</ele>
      </trkpt>
      <trkpt lat="42.866860000" lon="-6.449630000">
        <ele>831.000</ele>
      </trkpt>
      <trkpt lat="42.867110000" lon="-6.449540000">
        <ele>831.000</ele>
      </trkpt>
      <trkpt lat="42.867350000" lon="-6.449490000">
        <ele>832.000</ele>
      </trkpt>
      <trkpt lat="42.867580000" lon="-6.449490000">
        <ele>832.000</ele>
      </trkpt>
      <trkpt lat="42.867760000" lon="-6.449550000">
        <ele>833.000</ele>
      </trkpt>
      <trkpt lat="42.867960000" lon="-6.449660000">
        <ele>834.000</ele>
      </trkpt>
      <trkpt lat="42.868640000" lon="-6.450360000">
        <ele>835.000</ele>
      </trkpt>
      <trkpt lat="42.868810000" lon="-6.450510000">
        <ele>837.000</ele>
      </trkpt>
      <trkpt lat="42.869030000" lon="-6.450680000">
        <ele>838.000</ele>
      </trkpt>
      <trkpt lat="42.869300000" lon="-6.450830000">
        <ele>839.000</ele>
      </trkpt>
      <trkpt lat="42.870770000" lon="-6.451600000">
        <ele>839.000</ele>
      </trkpt>
      <trkpt lat="42.871020000" lon="-6.451670000">
        <ele>838.000</ele>
      </trkpt>
      <trkpt lat="42.871300000" lon="-6.451690000">
        <ele>838.000</ele>
      </trkpt>
      <trkpt lat="42.871690000" lon="-6.451700000">
        <ele>839.000</ele>
      </trkpt>
      <trkpt lat="42.872010000" lon="-6.451640000">
        <ele>840.000</ele>
      </trkpt>
      <trkpt lat="42.872170000" lon="-6.451580000">
        <ele>841.000</ele>
      </trkpt>
      <trkpt lat="42.872330000" lon="-6.451490000">
        <ele>841.000</ele>
      </trkpt>
      <trkpt lat="42.872570000" lon="-6.451320000">
        <ele>842.000</ele>
      </trkpt>
      <trkpt lat="42.872860000" lon="-6.451050000">
        <ele>843.000</ele>
      </trkpt>
      <trkpt lat="42.873460000" lon="-6.450390000">
        <ele>844.000</ele>
      </trkpt>
      <trkpt lat="42.874040000" lon="-6.449680000">
        <ele>844.000</ele>
      </trkpt>
      <trkpt lat="42.874190000" lon="-6.449480000">
        <ele>844.000</ele>
      </trkpt>
      <trkpt lat="42.874430000" lon="-6.449080000">
        <ele>844.000</ele>
      </trkpt>
      <trkpt lat="42.874520000" lon="-6.448880000">
        <ele>845.000</ele>
      </trkpt>
      <trkpt lat="42.874590000" lon="-6.448640000">
        <ele>845.000</ele>
      </trkpt>
      <trkpt lat="42.874650000" lon="-6.448410000">
        <ele>845.000</ele>
      </trkpt>
      <trkpt lat="42.874800000" lon="-6.446620000">
        <ele>846.000</ele>
      </trkpt>
      <trkpt lat="42.874850000" lon="-6.446230000">
        <ele>846.000</ele>
      </trkpt>
      <trkpt lat="42.874960000" lon="-6.445830000">
        <ele>846.000</ele>
      </trkpt>
      <trkpt lat="42.875190000" lon="-6.445090000">
        <ele>846.000</ele>
      </trkpt>
      <trkpt lat="42.875260000" lon="-6.444840000">
        <ele>845.000</ele>
      </trkpt>
      <trkpt lat="42.875300000" lon="-6.444590000">
        <ele>845.000</ele>
      </trkpt>
      <trkpt lat="42.875330000" lon="-6.444250000">
        <ele>844.000</ele>
      </trkpt>
      <trkpt lat="42.875470000" lon="-6.441770000">
        <ele>845.000</ele>
      </trkpt>
      <trkpt lat="42.875490000" lon="-6.441450000">
        <ele>846.000</ele>
      </trkpt>
      <trkpt lat="42.875610000" lon="-6.439450000">
        <ele>848.000</ele>
      </trkpt>
      <trkpt lat="42.875800000" lon="-6.436460000">
        <ele>853.000</ele>
      </trkpt>
      <trkpt lat="42.875870000" lon="-6.435180000">
        <ele>857.000</ele>
      </trkpt>
      <trkpt lat="42.875860000" lon="-6.435070000">
        <ele>859.000</ele>
      </trkpt>
      <trkpt lat="42.875800000" lon="-6.434430000">
        <ele>862.000</ele>
      </trkpt>
      <trkpt lat="42.875760000" lon="-6.433930000">
        <ele>864.000</ele>
      </trkpt>
      <trkpt lat="42.875710000" lon="-6.433530000">
        <ele>865.000</ele>
      </trkpt>
      <trkpt lat="42.875720000" lon="-6.433140000">
        <ele>867.000</ele>
      </trkpt>
      <trkpt lat="42.875750000" lon="-6.432930000">
        <ele>868.000</ele>
      </trkpt>
      <trkpt lat="42.875790000" lon="-6.432780000">
        <ele>869.000</ele>
      </trkpt>
      <trkpt lat="42.875840000" lon="-6.432670000">
        <ele>869.000</ele>
      </trkpt>
      <trkpt lat="42.875940000" lon="-6.432420000">
        <ele>870.000</ele>
      </trkpt>
      <trkpt lat="42.876180000" lon="-6.431870000">
        <ele>871.000</ele>
      </trkpt>
      <trkpt lat="42.876320000" lon="-6.431600000">
        <ele>872.000</ele>
      </trkpt>
      <trkpt lat="42.876520000" lon="-6.431310000">
        <ele>873.000</ele>
      </trkpt>
      <trkpt lat="42.876640000" lon="-6.431210000">
        <ele>874.000</ele>
      </trkpt>
      <trkpt lat="42.876770000" lon="-6.431150000">
        <ele>875.000</ele>
      </trkpt>
      <trkpt lat="42.876960000" lon="-6.431100000">
        <ele>876.000</ele>
      </trkpt>
      <trkpt lat="42.877140000" lon="-6.431050000">
        <ele>877.000</ele>
      </trkpt>
      <trkpt lat="42.877320000" lon="-6.430960000">
        <ele>878.000</ele>
      </trkpt>
      <trkpt lat="42.877490000" lon="-6.430830000">
        <ele>879.000</ele>
      </trkpt>
      <trkpt lat="42.877650000" lon="-6.430670000">
        <ele>880.000</ele>
      </trkpt>
      <trkpt lat="42.877770000" lon="-6.430500000">
        <ele>881.000</ele>
      </trkpt>
      <trkpt lat="42.877800000" lon="-6.430420000">
        <ele>881.000</ele>
      </trkpt>
      <trkpt lat="42.877860000" lon="-6.430290000">
        <ele>882.000</ele>
      </trkpt>
      <trkpt lat="42.877920000" lon="-6.430030000">
        <ele>883.000</ele>
      </trkpt>
      <trkpt lat="42.877960000" lon="-6.429730000">
        <ele>884.000</ele>
      </trkpt>
      <trkpt lat="42.877900000" lon="-6.428590000">
        <ele>886.000</ele>
      </trkpt>
      <trkpt lat="42.877900000" lon="-6.428380000">
        <ele>887.000</ele>
      </trkpt>
      <trkpt lat="42.877930000" lon="-6.427920000">
        <ele>889.000</ele>
      </trkpt>
      <trkpt lat="42.878320000" lon="-6.424460000">
        <ele>894.000</ele>
      </trkpt>
      <trkpt lat="42.878370000" lon="-6.423730000">
        <ele>898.000</ele>
      </trkpt>
      <trkpt lat="42.878410000" lon="-6.423330000">
        <ele>901.000</ele>
      </trkpt>
      <trkpt lat="42.878450000" lon="-6.423090000">
        <ele>904.000</ele>
      </trkpt>
      <trkpt lat="42.878520000" lon="-6.422850000">
        <ele>906.000</ele>
      </trkpt>
      <trkpt lat="42.878630000" lon="-6.422560000">
        <ele>908.000</ele>
      </trkpt>
      <trkpt lat="42.878770000" lon="-6.422300000">
        <ele>910.000</ele>
      </trkpt>
      <trkpt lat="42.878950000" lon="-6.422080000">
        <ele>911.000</ele>
      </trkpt>
      <trkpt lat="42.879090000" lon="-6.421930000">
        <ele>913.000</ele>
      </trkpt>
      <trkpt lat="42.879350000" lon="-6.421740000">
        <ele>914.000</ele>
      </trkpt>
      <trkpt lat="42.879620000" lon="-6.421600000">
        <ele>915.000</ele>
      </trkpt>
      <trkpt lat="42.879930000" lon="-6.421530000">
        <ele>916.000</ele>
      </trkpt>
      <trkpt lat="42.880430000" lon="-6.421600000">
        <ele>918.000</ele>
      </trkpt>
      <trkpt lat="42.880900000" lon="-6.421840000">
        <ele>919.000</ele>
      </trkpt>
      <trkpt lat="42.881210000" lon="-6.421940000">
        <ele>920.000</ele>
      </trkpt>
      <trkpt lat="42.881390000" lon="-6.421930000">
        <ele>920.000</ele>
      </trkpt>
      <trkpt lat="42.881580000" lon="-6.421880000">
        <ele>919.000</ele>
      </trkpt>
      <trkpt lat="42.881760000" lon="-6.421790000">
        <ele>919.000</ele>
      </trkpt>
      <trkpt lat="42.881920000" lon="-6.421680000">
        <ele>918.000</ele>
      </trkpt>
      <trkpt lat="42.882230000" lon="-6.421380000">
        <ele>917.000</ele>
      </trkpt>
      <trkpt lat="42.882470000" lon="-6.421200000">
        <ele>915.000</ele>
      </trkpt>
      <trkpt lat="42.882630000" lon="-6.421140000">
        <ele>914.000</ele>
      </trkpt>
      <trkpt lat="42.883000000" lon="-6.421050000">
        <ele>913.000</ele>
      </trkpt>
      <trkpt lat="42.883160000" lon="-6.420990000">
        <ele>912.000</ele>
      </trkpt>
      <trkpt lat="42.883290000" lon="-6.420910000">
        <ele>911.000</ele>
      </trkpt>
      <trkpt lat="42.883450000" lon="-6.420800000">
        <ele>910.000</ele>
      </trkpt>
      <trkpt lat="42.883600000" lon="-6.420620000">
        <ele>910.000</ele>
      </trkpt>
      <trkpt lat="42.883600000" lon="-6.420620000">
        <ele>909.000</ele>
      </trkpt>
      <trkpt lat="42.883790000" lon="-6.420420000">
        <ele>909.000</ele>
      </trkpt>
      <trkpt lat="42.883940000" lon="-6.420280000">
        <ele>908.000</ele>
      </trkpt>
      <trkpt lat="42.884060000" lon="-6.420190000">
        <ele>908.000</ele>
      </trkpt>
      <trkpt lat="42.884260000" lon="-6.420120000">
        <ele>907.000</ele>
      </trkpt>
      <trkpt lat="42.884380000" lon="-6.420090000">
        <ele>907.000</ele>
      </trkpt>
      <trkpt lat="42.884560000" lon="-6.420080000">
        <ele>907.000</ele>
      </trkpt>
      <trkpt lat="42.884860000" lon="-6.420140000">
        <ele>907.000</ele>
      </trkpt>
      <trkpt lat="42.885150000" lon="-6.420200000">
        <ele>908.000</ele>
      </trkpt>
      <trkpt lat="42.885330000" lon="-6.420200000">
        <ele>908.000</ele>
      </trkpt>
      <trkpt lat="42.885490000" lon="-6.420160000">
        <ele>908.000</ele>
      </trkpt>
      <trkpt lat="42.885660000" lon="-6.420080000">
        <ele>909.000</ele>
      </trkpt>
      <trkpt lat="42.885880000" lon="-6.419910000">
        <ele>909.000</ele>
      </trkpt>
      <trkpt lat="42.886020000" lon="-6.419740000">
        <ele>910.000</ele>
      </trkpt>
      <trkpt lat="42.886210000" lon="-6.419430000">
        <ele>910.000</ele>
      </trkpt>
      <trkpt lat="42.886930000" lon="-6.418130000">
        <ele>908.000</ele>
      </trkpt>
      <trkpt lat="42.887060000" lon="-6.417670000">
        <ele>906.000</ele>
      </trkpt>
      <trkpt lat="42.887290000" lon="-6.415900000">
        <ele>904.000</ele>
      </trkpt>
      <trkpt lat="42.887320000" lon="-6.415650000">
        <ele>902.000</ele>
      </trkpt>
      <trkpt lat="42.887310000" lon="-6.414780000">
        <ele>901.000</ele>
      </trkpt>
      <trkpt lat="42.887330000" lon="-6.414550000">
        <ele>899.000</ele>
      </trkpt>
      <trkpt lat="42.887390000" lon="-6.414320000">
        <ele>898.000</ele>
      </trkpt>
      <trkpt lat="42.887490000" lon="-6.414070000">
        <ele>897.000</ele>
      </trkpt>
      <trkpt lat="42.887610000" lon="-6.413870000">
        <ele>897.000</ele>
      </trkpt>
      <trkpt lat="42.887750000" lon="-6.413690000">
        <ele>896.000</ele>
      </trkpt>
      <trkpt lat="42.888000000" lon="-6.413470000">
        <ele>895.000</ele>
      </trkpt>
      <trkpt lat="42.888160000" lon="-6.413310000">
        <ele>894.000</ele>
      </trkpt>
      <trkpt lat="42.888280000" lon="-6.413130000">
        <ele>894.000</ele>
      </trkpt>
      <trkpt lat="42.888410000" lon="-6.412840000">
        <ele>893.000</ele>
      </trkpt>
      <trkpt lat="42.888670000" lon="-6.412100000">
        <ele>893.000</ele>
      </trkpt>
      <trkpt lat="42.888830000" lon="-6.411570000">
        <ele>893.000</ele>
      </trkpt>
      <trkpt lat="42.888910000" lon="-6.411040000">
        <ele>894.000</ele>
      </trkpt>
      <trkpt lat="42.889020000" lon="-6.410520000">
        <ele>894.000</ele>
      </trkpt>
      <trkpt lat="42.889100000" lon="-6.410320000">
        <ele>895.000</ele>
      </trkpt>
      <trkpt lat="42.889250000" lon="-6.410030000">
        <ele>895.000</ele>
      </trkpt>
      <trkpt lat="42.889420000" lon="-6.409830000">
        <ele>895.000</ele>
      </trkpt>
      <trkpt lat="42.889650000" lon="-6.409650000">
        <ele>895.000</ele>
      </trkpt>
      <trkpt lat="42.890060000" lon="-6.409360000">
        <ele>895.000</ele>
      </trkpt>
      <trkpt lat="42.890270000" lon="-6.409180000">
        <ele>895.000</ele>
      </trkpt>
      <trkpt lat="42.890410000" lon="-6.409000000">
        <ele>895.000</ele>
      </trkpt>
      <trkpt lat="42.890540000" lon="-6.408790000">
        <ele>895.000</ele>
      </trkpt>
      <trkpt lat="42.890700000" lon="-6.408460000">
        <ele>894.000</ele>
      </trkpt>
      <trkpt lat="42.890960000" lon="-6.407800000">
        <ele>892.000</ele>
      </trkpt>
      <trkpt lat="42.891070000" lon="-6.407640000">
        <ele>890.000</ele>
      </trkpt>
      <trkpt lat="42.891490000" lon="-6.407220000">
        <ele>888.000</ele>
      </trkpt>
      <trkpt lat="42.891690000" lon="-6.407000000">
        <ele>886.000</ele>
      </trkpt>
      <trkpt lat="42.891810000" lon="-6.406780000">
        <ele>884.000</ele>
      </trkpt>
      <trkpt lat="42.891900000" lon="-6.406570000">
        <ele>884.000</ele>
      </trkpt>
      <trkpt lat="42.891960000" lon="-6.406340000">
        <ele>883.000</ele>
      </trkpt>
      <trkpt lat="42.891990000" lon="-6.406140000">
        <ele>883.000</ele>
      </trkpt>
      <trkpt lat="42.892000000" lon="-6.405360000">
        <ele>882.000</ele>
      </trkpt>
      <trkpt lat="42.892020000" lon="-6.405090000">
        <ele>882.000</ele>
      </trkpt>
      <trkpt lat="42.892120000" lon="-6.404580000">
        <ele>882.000</ele>
      </trkpt>
      <trkpt lat="42.892960000" lon="-6.401710000">
        <ele>883.000</ele>
      </trkpt>
      <trkpt lat="42.893230000" lon="-6.400760000">
        <ele>885.000</ele>
      </trkpt>
      <trkpt lat="42.893550000" lon="-6.399470000">
        <ele>887.000</ele>
      </trkpt>
      <trkpt lat="42.893670000" lon="-6.398880000">
        <ele>889.000</ele>
      </trkpt>
      <trkpt lat="42.893690000" lon="-6.398640000">
        <ele>891.000</ele>
      </trkpt>
      <trkpt lat="42.893690000" lon="-6.398320000">
        <ele>892.000</ele>
      </trkpt>
      <trkpt lat="42.893650000" lon="-6.397990000">
        <ele>892.000</ele>
      </trkpt>
      <trkpt lat="42.893580000" lon="-6.397670000">
        <ele>892.000</ele>
      </trkpt>
      <trkpt lat="42.893390000" lon="-6.397000000">
        <ele>893.000</ele>
      </trkpt>
      <trkpt lat="42.892990000" lon="-6.395410000">
        <ele>893.000</ele>
      </trkpt>
      <trkpt lat="42.892930000" lon="-6.395030000">
        <ele>893.000</ele>
      </trkpt>
      <trkpt lat="42.892920000" lon="-6.394890000">
        <ele>893.000</ele>
      </trkpt>
      <trkpt lat="42.892920000" lon="-6.394040000">
        <ele>894.000</ele>
      </trkpt>
      <trkpt lat="42.892940000" lon="-6.393800000">
        <ele>894.000</ele>
      </trkpt>
      <trkpt lat="42.893000000" lon="-6.393550000">
        <ele>895.000</ele>
      </trkpt>
      <trkpt lat="42.893310000" lon="-6.392620000">
        <ele>896.000</ele>
      </trkpt>
      <trkpt lat="42.893450000" lon="-6.392240000">
        <ele>896.000</ele>
      </trkpt>
      <trkpt lat="42.893640000" lon="-6.391870000">
        <ele>897.000</ele>
      </trkpt>
      <trkpt lat="42.893930000" lon="-6.391400000">
        <ele>898.000</ele>
      </trkpt>
      <trkpt lat="42.894090000" lon="-6.391140000">
        <ele>899.000</ele>
      </trkpt>
      <trkpt lat="42.894370000" lon="-6.391000000">
        <ele>899.000</ele>
      </trkpt>
      <trkpt lat="42.894960000" lon="-6.390740000">
        <ele>900.000</ele>
      </trkpt>
      <trkpt lat="42.895120000" lon="-6.390670000">
        <ele>900.000</ele>
      </trkpt>
      <trkpt lat="42.895280000" lon="-6.390530000">
        <ele>901.000</ele>
      </trkpt>
      <trkpt lat="42.895450000" lon="-6.390340000">
        <ele>901.000</ele>
      </trkpt>
      <trkpt lat="42.895580000" lon="-6.390090000">
        <ele>901.000</ele>
      </trkpt>
      <trkpt lat="42.895690000" lon="-6.389770000">
        <ele>902.000</ele>
      </trkpt>
      <trkpt lat="42.895740000" lon="-6.389440000">
        <ele>902.000</ele>
      </trkpt>
      <trkpt lat="42.895720000" lon="-6.388990000">
        <ele>902.000</ele>
      </trkpt>
      <trkpt lat="42.895700000" lon="-6.388790000">
        <ele>902.000</ele>
      </trkpt>
      <trkpt lat="42.895630000" lon="-6.388070000">
        <ele>902.000</ele>
      </trkpt>
      <trkpt lat="42.895610000" lon="-6.387880000">
        <ele>902.000</ele>
      </trkpt>
      <trkpt lat="42.895580000" lon="-6.387500000">
        <ele>902.000</ele>
      </trkpt>
      <trkpt lat="42.895370000" lon="-6.385620000">
        <ele>903.000</ele>
      </trkpt>
      <trkpt lat="42.895290000" lon="-6.384820000">
        <ele>904.000</ele>
      </trkpt>
      <trkpt lat="42.895300000" lon="-6.384630000">
        <ele>904.000</ele>
      </trkpt>
      <trkpt lat="42.895330000" lon="-6.384410000">
        <ele>905.000</ele>
      </trkpt>
      <trkpt lat="42.895370000" lon="-6.384230000">
        <ele>905.000</ele>
      </trkpt>
      <trkpt lat="42.895530000" lon="-6.383880000">
        <ele>906.000</ele>
      </trkpt>
      <trkpt lat="42.895630000" lon="-6.383720000">
        <ele>906.000</ele>
      </trkpt>
      <trkpt lat="42.895770000" lon="-6.383560000">
        <ele>907.000</ele>
      </trkpt>
      <trkpt lat="42.896130000" lon="-6.383220000">
        <ele>907.000</ele>
      </trkpt>
      <trkpt lat="42.896220000" lon="-6.383110000">
        <ele>908.000</ele>
      </trkpt>
      <trkpt lat="42.896300000" lon="-6.382950000">
        <ele>908.000</ele>
      </trkpt>
      <trkpt lat="42.896370000" lon="-6.382750000">
        <ele>909.000</ele>
      </trkpt>
      <trkpt lat="42.896420000" lon="-6.382490000">
        <ele>909.000</ele>
      </trkpt>
      <trkpt lat="42.896710000" lon="-6.380600000">
        <ele>911.000</ele>
      </trkpt>
      <trkpt lat="42.896770000" lon="-6.380150000">
        <ele>913.000</ele>
      </trkpt>
      <trkpt lat="42.896850000" lon="-6.379170000">
        <ele>915.000</ele>
      </trkpt>
      <trkpt lat="42.896980000" lon="-6.378230000">
        <ele>917.000</ele>
      </trkpt>
      <trkpt lat="42.896980000" lon="-6.378040000">
        <ele>918.000</ele>
      </trkpt>
      <trkpt lat="42.896940000" lon="-6.377800000">
        <ele>919.000</ele>
      </trkpt>
      <trkpt lat="42.896900000" lon="-6.377580000">
        <ele>919.000</ele>
      </trkpt>
      <trkpt lat="42.896700000" lon="-6.376940000">
        <ele>919.000</ele>
      </trkpt>
      <trkpt lat="42.896670000" lon="-6.376720000">
        <ele>919.000</ele>
      </trkpt>
      <trkpt lat="42.896660000" lon="-6.376550000">
        <ele>918.000</ele>
      </trkpt>
      <trkpt lat="42.896670000" lon="-6.376340000">
        <ele>918.000</ele>
      </trkpt>
      <trkpt lat="42.896720000" lon="-6.376120000">
        <ele>917.000</ele>
      </trkpt>
      <trkpt lat="42.896800000" lon="-6.375870000">
        <ele>917.000</ele>
      </trkpt>
      <trkpt lat="42.896930000" lon="-6.375630000">
        <ele>916.000</ele>
      </trkpt>
      <trkpt lat="42.897050000" lon="-6.375460000">
        <ele>916.000</ele>
      </trkpt>
      <trkpt lat="42.897880000" lon="-6.374550000">
        <ele>916.000</ele>
      </trkpt>
      <trkpt lat="42.898040000" lon="-6.374260000">
        <ele>917.000</ele>
      </trkpt>
      <trkpt lat="42.898270000" lon="-6.373730000">
        <ele>918.000</ele>
      </trkpt>
      <trkpt lat="42.898390000" lon="-6.373520000">
        <ele>919.000</ele>
      </trkpt>
      <trkpt lat="42.899870000" lon="-6.371380000">
        <ele>919.000</ele>
      </trkpt>
      <trkpt lat="42.900160000" lon="-6.371010000">
        <ele>920.000</ele>
      </trkpt>
      <trkpt lat="42.900360000" lon="-6.370780000">
        <ele>921.000</ele>
      </trkpt>
      <trkpt lat="42.900630000" lon="-6.370500000">
        <ele>922.000</ele>
      </trkpt>
      <trkpt lat="42.901590000" lon="-6.369560000">
        <ele>924.000</ele>
      </trkpt>
      <trkpt lat="42.901770000" lon="-6.369350000">
        <ele>925.000</ele>
      </trkpt>
      <trkpt lat="42.902190000" lon="-6.368740000">
        <ele>926.000</ele>
      </trkpt>
      <trkpt lat="42.902490000" lon="-6.368240000">
        <ele>926.000</ele>
      </trkpt>
      <trkpt lat="42.902850000" lon="-6.367480000">
        <ele>925.000</ele>
      </trkpt>
      <trkpt lat="42.903140000" lon="-6.367060000">
        <ele>925.000</ele>
      </trkpt>
      <trkpt lat="42.903380000" lon="-6.366770000">
        <ele>925.000</ele>
      </trkpt>
      <trkpt lat="42.903520000" lon="-6.366600000">
        <ele>925.000</ele>
      </trkpt>
      <trkpt lat="42.903640000" lon="-6.366460000">
        <ele>925.000</ele>
      </trkpt>
      <trkpt lat="42.903840000" lon="-6.366220000">
        <ele>925.000</ele>
      </trkpt>
      <trkpt lat="42.904110000" lon="-6.365890000">
        <ele>925.000</ele>
      </trkpt>
      <trkpt lat="42.904640000" lon="-6.365340000">
        <ele>925.000</ele>
      </trkpt>
      <trkpt lat="42.904780000" lon="-6.365120000">
        <ele>925.000</ele>
      </trkpt>
      <trkpt lat="42.905350000" lon="-6.363510000">
        <ele>924.000</ele>
      </trkpt>
      <trkpt lat="42.905570000" lon="-6.363010000">
        <ele>923.000</ele>
      </trkpt>
      <trkpt lat="42.905730000" lon="-6.362710000">
        <ele>922.000</ele>
      </trkpt>
      <trkpt lat="42.906240000" lon="-6.361830000">
        <ele>922.000</ele>
      </trkpt>
      <trkpt lat="42.906380000" lon="-6.361570000">
        <ele>923.000</ele>
      </trkpt>
      <trkpt lat="42.906490000" lon="-6.361350000">
        <ele>923.000</ele>
      </trkpt>
      <trkpt lat="42.906670000" lon="-6.360920000">
        <ele>924.000</ele>
      </trkpt>
      <trkpt lat="42.906800000" lon="-6.360560000">
        <ele>925.000</ele>
      </trkpt>
      <trkpt lat="42.906890000" lon="-6.360270000">
        <ele>926.000</ele>
      </trkpt>
      <trkpt lat="42.906950000" lon="-6.359930000">
        <ele>927.000</ele>
      </trkpt>
      <trkpt lat="42.907150000" lon="-6.358810000">
        <ele>930.000</ele>
      </trkpt>
      <trkpt lat="42.907250000" lon="-6.358410000">
        <ele>932.000</ele>
      </trkpt>
      <trkpt lat="42.907300000" lon="-6.358310000">
        <ele>934.000</ele>
      </trkpt>
      <trkpt lat="42.907430000" lon="-6.358120000">
        <ele>935.000</ele>
      </trkpt>
      <trkpt lat="42.907780000" lon="-6.357730000">
        <ele>936.000</ele>
      </trkpt>
      <trkpt lat="42.907920000" lon="-6.357530000">
        <ele>936.000</ele>
      </trkpt>
      <trkpt lat="42.908000000" lon="-6.357340000">
        <ele>936.000</ele>
      </trkpt>
      <trkpt lat="42.908030000" lon="-6.357180000">
        <ele>937.000</ele>
      </trkpt>
      <trkpt lat="42.908030000" lon="-6.356950000">
        <ele>937.000</ele>
      </trkpt>
      <trkpt lat="42.907980000" lon="-6.356750000">
        <ele>937.000</ele>
      </trkpt>
      <trkpt lat="42.907910000" lon="-6.356600000">
        <ele>937.000</ele>
      </trkpt>
      <trkpt lat="42.907720000" lon="-6.356370000">
        <ele>937.000</ele>
      </trkpt>
      <trkpt lat="42.907560000" lon="-6.356230000">
        <ele>937.000</ele>
      </trkpt>
      <trkpt lat="42.907150000" lon="-6.355910000">
        <ele>937.000</ele>
      </trkpt>
      <trkpt lat="42.907030000" lon="-6.355770000">
        <ele>937.000</ele>
      </trkpt>
      <trkpt lat="42.906890000" lon="-6.355540000">
        <ele>937.000</ele>
      </trkpt>
      <trkpt lat="42.906810000" lon="-6.355310000">
        <ele>937.000</ele>
      </trkpt>
      <trkpt lat="42.906770000" lon="-6.355070000">
        <ele>937.000</ele>
      </trkpt>
      <trkpt lat="42.906740000" lon="-6.354490000">
        <ele>937.000</ele>
      </trkpt>
      <trkpt lat="42.906710000" lon="-6.354180000">
        <ele>938.000</ele>
      </trkpt>
      <trkpt lat="42.906650000" lon="-6.353950000">
        <ele>939.000</ele>
      </trkpt>
      <trkpt lat="42.906360000" lon="-6.353030000">
        <ele>942.000</ele>
      </trkpt>
      <trkpt lat="42.906300000" lon="-6.352660000">
        <ele>944.000</ele>
      </trkpt>
      <trkpt lat="42.906180000" lon="-6.351380000">
        <ele>949.000</ele>
      </trkpt>
      <trkpt lat="42.906170000" lon="-6.351000000">
        <ele>952.000</ele>
      </trkpt>
      <trkpt lat="42.906250000" lon="-6.349870000">
        <ele>958.000</ele>
      </trkpt>
      <trkpt lat="42.906220000" lon="-6.349150000">
        <ele>963.000</ele>
      </trkpt>
      <trkpt lat="42.906230000" lon="-6.348860000">
        <ele>967.000</ele>
      </trkpt>
      <trkpt lat="42.906360000" lon="-6.347960000">
        <ele>970.000</ele>
      </trkpt>
      <trkpt lat="42.906400000" lon="-6.347790000">
        <ele>972.000</ele>
      </trkpt>
      <trkpt lat="42.906500000" lon="-6.347530000">
        <ele>974.000</ele>
      </trkpt>
      <trkpt lat="42.906770000" lon="-6.347100000">
        <ele>976.000</ele>
      </trkpt>
      <trkpt lat="42.906870000" lon="-6.346870000">
        <ele>977.000</ele>
      </trkpt>
      <trkpt lat="42.906970000" lon="-6.346560000">
        <ele>978.000</ele>
      </trkpt>
      <trkpt lat="42.907020000" lon="-6.346320000">
        <ele>979.000</ele>
      </trkpt>
      <trkpt lat="42.907110000" lon="-6.346000000">
        <ele>979.000</ele>
      </trkpt>
      <trkpt lat="42.907270000" lon="-6.345740000">
        <ele>980.000</ele>
      </trkpt>
      <trkpt lat="42.907380000" lon="-6.345590000">
        <ele>980.000</ele>
      </trkpt>
      <trkpt lat="42.907510000" lon="-6.345490000">
        <ele>980.000</ele>
      </trkpt>
      <trkpt lat="42.907940000" lon="-6.345220000">
        <ele>980.000</ele>
      </trkpt>
      <trkpt lat="42.908120000" lon="-6.345070000">
        <ele>980.000</ele>
      </trkpt>
      <trkpt lat="42.908220000" lon="-6.344960000">
        <ele>980.000</ele>
      </trkpt>
      <trkpt lat="42.908320000" lon="-6.344800000">
        <ele>980.000</ele>
      </trkpt>
      <trkpt lat="42.908620000" lon="-6.344260000">
        <ele>980.000</ele>
      </trkpt>
      <trkpt lat="42.908780000" lon="-6.344060000">
        <ele>980.000</ele>
      </trkpt>
      <trkpt lat="42.909030000" lon="-6.343790000">
        <ele>980.000</ele>
      </trkpt>
      <trkpt lat="42.909330000" lon="-6.343540000">
        <ele>980.000</ele>
      </trkpt>
      <trkpt lat="42.911060000" lon="-6.342430000">
        <ele>980.000</ele>
      </trkpt>
      <trkpt lat="42.911330000" lon="-6.342230000">
        <ele>980.000</ele>
      </trkpt>
      <trkpt lat="42.911820000" lon="-6.341770000">
        <ele>979.000</ele>
      </trkpt>
      <trkpt lat="42.912480000" lon="-6.341000000">
        <ele>978.000</ele>
      </trkpt>
      <trkpt lat="42.912650000" lon="-6.340780000">
        <ele>977.000</ele>
      </trkpt>
      <trkpt lat="42.912770000" lon="-6.340570000">
        <ele>977.000</ele>
      </trkpt>
      <trkpt lat="42.912860000" lon="-6.340370000">
        <ele>976.000</ele>
      </trkpt>
      <trkpt lat="42.913120000" lon="-6.339710000">
        <ele>976.000</ele>
      </trkpt>
      <trkpt lat="42.913350000" lon="-6.339060000">
        <ele>976.000</ele>
      </trkpt>
      <trkpt lat="42.913820000" lon="-6.337830000">
        <ele>976.000</ele>
      </trkpt>
      <trkpt lat="42.913970000" lon="-6.337520000">
        <ele>975.000</ele>
      </trkpt>
      <trkpt lat="42.914340000" lon="-6.336880000">
        <ele>974.000</ele>
      </trkpt>
      <trkpt lat="42.914550000" lon="-6.336450000">
        <ele>973.000</ele>
      </trkpt>
      <trkpt lat="42.914700000" lon="-6.336100000">
        <ele>972.000</ele>
      </trkpt>
      <trkpt lat="42.914950000" lon="-6.335490000">
        <ele>971.000</ele>
      </trkpt>
      <trkpt lat="42.915100000" lon="-6.335190000">
        <ele>970.000</ele>
      </trkpt>
      <trkpt lat="42.915240000" lon="-6.334950000">
        <ele>969.000</ele>
      </trkpt>
      <trkpt lat="42.915530000" lon="-6.334570000">
        <ele>968.000</ele>
      </trkpt>
      <trkpt lat="42.915820000" lon="-6.334270000">
        <ele>966.000</ele>
      </trkpt>
      <trkpt lat="42.915860000" lon="-6.334250000">
        <ele>965.000</ele>
      </trkpt>
      <trkpt lat="42.916120000" lon="-6.334020000">
        <ele>964.000</ele>
      </trkpt>
      <trkpt lat="42.916310000" lon="-6.333890000">
        <ele>963.000</ele>
      </trkpt>
      <trkpt lat="42.916450000" lon="-6.333820000">
        <ele>963.000</ele>
      </trkpt>
      <trkpt lat="42.916520000" lon="-6.333800000">
        <ele>963.000</ele>
      </trkpt>
      <trkpt lat="42.916760000" lon="-6.333710000">
        <ele>963.000</ele>
      </trkpt>
      <trkpt lat="42.917680000" lon="-6.333510000">
        <ele>963.000</ele>
      </trkpt>
      <trkpt lat="42.918620000" lon="-6.333320000">
        <ele>964.000</ele>
      </trkpt>
      <trkpt lat="42.918970000" lon="-6.333270000">
        <ele>965.000</ele>
      </trkpt>
      <trkpt lat="42.920680000" lon="-6.333120000">
        <ele>966.000</ele>
      </trkpt>
      <trkpt lat="42.921010000" lon="-6.333020000">
        <ele>967.000</ele>
      </trkpt>
      <trkpt lat="42.921190000" lon="-6.332940000">
        <ele>967.000</ele>
      </trkpt>
      <trkpt lat="42.921390000" lon="-6.332820000">
        <ele>968.000</ele>
      </trkpt>
      <trkpt lat="42.921700000" lon="-6.332500000">
        <ele>969.000</ele>
      </trkpt>
      <trkpt lat="42.921870000" lon="-6.332230000">
        <ele>969.000</ele>
      </trkpt>
      <trkpt lat="42.921950000" lon="-6.332060000">
        <ele>970.000</ele>
      </trkpt>
      <trkpt lat="42.922100000" lon="-6.331660000">
        <ele>970.000</ele>
      </trkpt>
      <trkpt lat="42.922300000" lon="-6.330920000">
        <ele>971.000</ele>
      </trkpt>
      <trkpt lat="42.922480000" lon="-6.330510000">
        <ele>972.000</ele>
      </trkpt>
      <trkpt lat="42.922580000" lon="-6.330350000">
        <ele>972.000</ele>
      </trkpt>
      <trkpt lat="42.922710000" lon="-6.330190000">
        <ele>972.000</ele>
      </trkpt>
      <trkpt lat="42.923000000" lon="-6.329890000">
        <ele>973.000</ele>
      </trkpt>
      <trkpt lat="42.923460000" lon="-6.329570000">
        <ele>973.000</ele>
      </trkpt>
      <trkpt lat="42.924540000" lon="-6.328900000">
        <ele>973.000</ele>
      </trkpt>
      <trkpt lat="42.929490000" lon="-6.325830000">
        <ele>970.000</ele>
      </trkpt>
      <trkpt lat="42.930350000" lon="-6.325260000">
        <ele>969.000</ele>
      </trkpt>
      <trkpt lat="42.930640000" lon="-6.325020000">
        <ele>968.000</ele>
      </trkpt>
      <trkpt lat="42.930870000" lon="-6.324770000">
        <ele>967.000</ele>
      </trkpt>
      <trkpt lat="42.931070000" lon="-6.324490000">
        <ele>967.000</ele>
      </trkpt>
      <trkpt lat="42.931360000" lon="-6.323970000">
        <ele>967.000</ele>
      </trkpt>
      <trkpt lat="42.931620000" lon="-6.323360000">
        <ele>966.000</ele>
      </trkpt>
      <trkpt lat="42.931690000" lon="-6.323180000">
        <ele>966.000</ele>
      </trkpt>
      <trkpt lat="42.931770000" lon="-6.323060000">
        <ele>966.000</ele>
      </trkpt>
      <trkpt lat="42.931920000" lon="-6.322870000">
        <ele>965.000</ele>
      </trkpt>
      <trkpt lat="42.932080000" lon="-6.322710000">
        <ele>965.000</ele>
      </trkpt>
      <trkpt lat="42.932240000" lon="-6.322630000">
        <ele>965.000</ele>
      </trkpt>
      <trkpt lat="42.932360000" lon="-6.322590000">
        <ele>965.000</ele>
      </trkpt>
      <trkpt lat="42.932570000" lon="-6.322540000">
        <ele>965.000</ele>
      </trkpt>
      <trkpt lat="42.932750000" lon="-6.322550000">
        <ele>964.000</ele>
      </trkpt>
      <trkpt lat="42.932910000" lon="-6.322600000">
        <ele>964.000</ele>
      </trkpt>
      <trkpt lat="42.933080000" lon="-6.322710000">
        <ele>964.000</ele>
      </trkpt>
      <trkpt lat="42.933240000" lon="-6.322850000">
        <ele>964.000</ele>
      </trkpt>
      <trkpt lat="42.933860000" lon="-6.323330000">
        <ele>963.000</ele>
      </trkpt>
      <trkpt lat="42.934070000" lon="-6.323500000">
        <ele>963.000</ele>
      </trkpt>
      <trkpt lat="42.934070000" lon="-6.323500000">
        <ele>963.000</ele>
      </trkpt>
      <trkpt lat="42.934090000" lon="-6.323510000">
        <ele>963.000</ele>
      </trkpt>
      <trkpt lat="42.934210000" lon="-6.323620000">
        <ele>963.000</ele>
      </trkpt>
      <trkpt lat="42.934320000" lon="-6.323760000">
        <ele>963.000</ele>
      </trkpt>
      <trkpt lat="42.934420000" lon="-6.323900000">
        <ele>963.000</ele>
      </trkpt>
      <trkpt lat="42.934520000" lon="-6.324110000">
        <ele>964.000</ele>
      </trkpt>
      <trkpt lat="42.934610000" lon="-6.324380000">
        <ele>964.000</ele>
      </trkpt>
      <trkpt lat="42.934660000" lon="-6.324590000">
        <ele>965.000</ele>
      </trkpt>
      <trkpt lat="42.934690000" lon="-6.324880000">
        <ele>965.000</ele>
      </trkpt>
      <trkpt lat="42.934760000" lon="-6.325570000">
        <ele>966.000</ele>
      </trkpt>
      <trkpt lat="42.934860000" lon="-6.326880000">
        <ele>967.000</ele>
      </trkpt>
      <trkpt lat="42.934890000" lon="-6.327300000">
        <ele>969.000</ele>
      </trkpt>
      <trkpt lat="42.934920000" lon="-6.327680000">
        <ele>969.000</ele>
      </trkpt>
      <trkpt lat="42.935000000" lon="-6.327960000">
        <ele>970.000</ele>
      </trkpt>
      <trkpt lat="42.935070000" lon="-6.328050000">
        <ele>971.000</ele>
      </trkpt>
      <trkpt lat="42.935090000" lon="-6.328050000">
        <ele>971.000</ele>
      </trkpt>
      <trkpt lat="42.935160000" lon="-6.328070000">
        <ele>971.000</ele>
      </trkpt>
      <trkpt lat="42.935230000" lon="-6.328140000">
        <ele>971.000</ele>
      </trkpt>
      <trkpt lat="42.935270000" lon="-6.328260000">
        <ele>971.000</ele>
      </trkpt>
      <trkpt lat="42.935270000" lon="-6.328340000">
        <ele>972.000</ele>
      </trkpt>
      <trkpt lat="42.935240000" lon="-6.328450000">
        <ele>972.000</ele>
      </trkpt>
      <trkpt lat="42.935180000" lon="-6.328520000">
        <ele>972.000</ele>
      </trkpt>
      <trkpt lat="42.935140000" lon="-6.328540000">
        <ele>972.000</ele>
      </trkpt>
      <trkpt lat="42.935080000" lon="-6.328610000">
        <ele>972.000</ele>
      </trkpt>
      <trkpt lat="42.935060000" lon="-6.328690000">
        <ele>972.000</ele>
      </trkpt>
      <trkpt lat="42.935120000" lon="-6.329040000">
        <ele>972.000</ele>
      </trkpt>
      <trkpt lat="42.935200000" lon="-6.329320000">
        <ele>972.000</ele>
      </trkpt>
      <trkpt lat="42.935310000" lon="-6.329600000">
        <ele>972.000</ele>
      </trkpt>
      <trkpt lat="42.935670000" lon="-6.330400000">
        <ele>972.000</ele>
      </trkpt>
      <trkpt lat="42.936280000" lon="-6.331440000">
        <ele>972.000</ele>
      </trkpt>
      <trkpt lat="42.937280000" lon="-6.333220000">
        <ele>972.000</ele>
      </trkpt>
      <trkpt lat="42.937470000" lon="-6.333580000">
        <ele>971.000</ele>
      </trkpt>
      <trkpt lat="42.938310000" lon="-6.335080000">
        <ele>970.000</ele>
      </trkpt>
      <trkpt lat="42.938430000" lon="-6.335340000">
        <ele>970.000</ele>
      </trkpt>
      <trkpt lat="42.938540000" lon="-6.335660000">
        <ele>970.000</ele>
      </trkpt>
      <trkpt lat="42.938640000" lon="-6.336240000">
        <ele>970.000</ele>
      </trkpt>
      <trkpt lat="42.938630000" lon="-6.336550000">
        <ele>969.000</ele>
      </trkpt>
      <trkpt lat="42.938620000" lon="-6.336850000">
        <ele>969.000</ele>
      </trkpt>
      <trkpt lat="42.938520000" lon="-6.337530000">
        <ele>969.000</ele>
      </trkpt>
      <trkpt lat="42.938460000" lon="-6.338140000">
        <ele>968.000</ele>
      </trkpt>
      <trkpt lat="42.938480000" lon="-6.338390000">
        <ele>968.000</ele>
      </trkpt>
      <trkpt lat="42.938520000" lon="-6.338620000">
        <ele>968.000</ele>
      </trkpt>
      <trkpt lat="42.938600000" lon="-6.338850000">
        <ele>968.000</ele>
      </trkpt>
      <trkpt lat="42.938660000" lon="-6.339060000">
        <ele>968.000</ele>
      </trkpt>
      <trkpt lat="42.938740000" lon="-6.339200000">
        <ele>968.000</ele>
      </trkpt>
      <trkpt lat="42.938810000" lon="-6.339320000">
        <ele>968.000</ele>
      </trkpt>
      <trkpt lat="42.939040000" lon="-6.339580000">
        <ele>968.000</ele>
      </trkpt>
      <trkpt lat="42.939720000" lon="-6.340090000">
        <ele>968.000</ele>
      </trkpt>
      <trkpt lat="42.939720000" lon="-6.340090000">
        <ele>968.000</ele>
      </trkpt>
      <trkpt lat="42.939720000" lon="-6.340090000">
        <ele>968.000</ele>
      </trkpt>
      <trkpt lat="42.940470000" lon="-6.340390000">
        <ele>968.000</ele>
      </trkpt>
      <trkpt lat="42.941230000" lon="-6.340640000">
        <ele>969.000</ele>
      </trkpt>
      <trkpt lat="42.941460000" lon="-6.340790000">
        <ele>970.000</ele>
      </trkpt>
      <trkpt lat="42.941740000" lon="-6.341090000">
        <ele>971.000</ele>
      </trkpt>
      <trkpt lat="42.942010000" lon="-6.341400000">
        <ele>971.000</ele>
      </trkpt>
      <trkpt lat="42.942180000" lon="-6.341730000">
        <ele>972.000</ele>
      </trkpt>
      <trkpt lat="42.942390000" lon="-6.342290000">
        <ele>972.000</ele>
      </trkpt>
      <trkpt lat="42.942590000" lon="-6.342580000">
        <ele>973.000</ele>
      </trkpt>
      <trkpt lat="42.942900000" lon="-6.342810000">
        <ele>973.000</ele>
      </trkpt>
      <trkpt lat="42.944050000" lon="-6.343600000">
        <ele>975.000</ele>
      </trkpt>
      <trkpt lat="42.944230000" lon="-6.343730000">
        <ele>975.000</ele>
      </trkpt>
      <trkpt lat="42.944460000" lon="-6.343960000">
        <ele>976.000</ele>
      </trkpt>
      <trkpt lat="42.945170000" lon="-6.344780000">
        <ele>977.000</ele>
      </trkpt>
      <trkpt lat="42.945290000" lon="-6.344930000">
        <ele>978.000</ele>
      </trkpt>
      <trkpt lat="42.945380000" lon="-6.344890000">
        <ele>979.000</ele>
      </trkpt>
      <trkpt lat="42.945640000" lon="-6.344880000">
        <ele>980.000</ele>
      </trkpt>
      <trkpt lat="42.945620000" lon="-6.344720000">
        <ele>981.000</ele>
      </trkpt>
      <trkpt lat="42.945560000" lon="-6.344560000">
        <ele>982.000</ele>
      </trkpt>
      <trkpt lat="42.945450000" lon="-6.344380000">
        <ele>983.000</ele>
      </trkpt>
      <trkpt lat="42.945190000" lon="-6.344160000">
        <ele>985.000</ele>
      </trkpt>
      <trkpt lat="42.944950000" lon="-6.343730000">
        <ele>986.000</ele>
      </trkpt>
      <trkpt lat="42.944670000" lon="-6.343550000">
        <ele>988.000</ele>
      </trkpt>
      <trkpt lat="42.944490000" lon="-6.343450000">
        <ele>989.000</ele>
      </trkpt>
      <trkpt lat="42.944370000" lon="-6.343330000">
        <ele>990.000</ele>
      </trkpt>
      <trkpt lat="42.944190000" lon="-6.343080000">
        <ele>991.000</ele>
      </trkpt>
      <trkpt lat="42.943790000" lon="-6.342400000">
        <ele>992.000</ele>
      </trkpt>
      <trkpt lat="42.943050000" lon="-6.341140000">
        <ele>993.000</ele>
      </trkpt>
      <trkpt lat="42.942930000" lon="-6.340800000">
        <ele>994.000</ele>
      </trkpt>
      <trkpt lat="42.942920000" lon="-6.340700000">
        <ele>995.000</ele>
      </trkpt>
      <trkpt lat="42.942900000" lon="-6.339760000">
        <ele>996.000</ele>
      </trkpt>
      <trkpt lat="42.942850000" lon="-6.339440000">
        <ele>996.000</ele>
      </trkpt>
      <trkpt lat="42.942620000" lon="-6.338330000">
        <ele>995.000</ele>
      </trkpt>
      <trkpt lat="42.942450000" lon="-6.337550000">
        <ele>995.000</ele>
      </trkpt>
      <trkpt lat="42.942450000" lon="-6.337550000">
        <ele>994.000</ele>
      </trkpt>
      <trkpt lat="42.942620000" lon="-6.338330000">
        <ele>994.000</ele>
      </trkpt>
      <trkpt lat="42.942850000" lon="-6.339440000">
        <ele>995.000</ele>
      </trkpt>
      <trkpt lat="42.942900000" lon="-6.339760000">
        <ele>996.000</ele>
      </trkpt>
      <trkpt lat="42.942920000" lon="-6.340700000">
        <ele>996.000</ele>
      </trkpt>
      <trkpt lat="42.942930000" lon="-6.340800000">
        <ele>996.000</ele>
      </trkpt>
      <trkpt lat="42.943050000" lon="-6.341140000">
        <ele>996.000</ele>
      </trkpt>
      <trkpt lat="42.943790000" lon="-6.342400000">
        <ele>995.000</ele>
      </trkpt>
      <trkpt lat="42.944190000" lon="-6.343080000">
        <ele>994.000</ele>
      </trkpt>
      <trkpt lat="42.944370000" lon="-6.343330000">
        <ele>993.000</ele>
      </trkpt>
      <trkpt lat="42.944490000" lon="-6.343450000">
        <ele>993.000</ele>
      </trkpt>
      <trkpt lat="42.944670000" lon="-6.343550000">
        <ele>992.000</ele>
      </trkpt>
      <trkpt lat="42.944950000" lon="-6.343730000">
        <ele>992.000</ele>
      </trkpt>
      <trkpt lat="42.945700000" lon="-6.344260000">
        <ele>992.000</ele>
      </trkpt>
      <trkpt lat="42.945860000" lon="-6.344420000">
        <ele>992.000</ele>
      </trkpt>
      <trkpt lat="42.946000000" lon="-6.344640000">
        <ele>991.000</ele>
      </trkpt>
      <trkpt lat="42.946120000" lon="-6.344920000">
        <ele>991.000</ele>
      </trkpt>
      <trkpt lat="42.946210000" lon="-6.345160000">
        <ele>991.000</ele>
      </trkpt>
      <trkpt lat="42.946280000" lon="-6.345470000">
        <ele>990.000</ele>
      </trkpt>
      <trkpt lat="42.946400000" lon="-6.346340000">
        <ele>990.000</ele>
      </trkpt>
      <trkpt lat="42.946410000" lon="-6.346650000">
        <ele>990.000</ele>
      </trkpt>
      <trkpt lat="42.946370000" lon="-6.346950000">
        <ele>990.000</ele>
      </trkpt>
      <trkpt lat="42.946300000" lon="-6.347140000">
        <ele>989.000</ele>
      </trkpt>
      <trkpt lat="42.946030000" lon="-6.347670000">
        <ele>989.000</ele>
      </trkpt>
      <trkpt lat="42.945760000" lon="-6.348280000">
        <ele>989.000</ele>
      </trkpt>
      <trkpt lat="42.945780000" lon="-6.348350000">
        <ele>988.000</ele>
      </trkpt>
      <trkpt lat="42.945780000" lon="-6.348430000">
        <ele>988.000</ele>
      </trkpt>
      <trkpt lat="42.945740000" lon="-6.348530000">
        <ele>988.000</ele>
      </trkpt>
      <trkpt lat="42.945680000" lon="-6.348680000">
        <ele>988.000</ele>
      </trkpt>
      <trkpt lat="42.945650000" lon="-6.348830000">
        <ele>988.000</ele>
      </trkpt>
      <trkpt lat="42.945630000" lon="-6.349060000">
        <ele>987.000</ele>
      </trkpt>
      <trkpt lat="42.945820000" lon="-6.350220000">
        <ele>987.000</ele>
      </trkpt>
      <trkpt lat="42.945990000" lon="-6.351220000">
        <ele>986.000</ele>
      </trkpt>
      <trkpt lat="42.946010000" lon="-6.351360000">
        <ele>986.000</ele>
      </trkpt>
      <trkpt lat="42.946130000" lon="-6.352110000">
        <ele>986.000</ele>
      </trkpt>
      <trkpt lat="42.946240000" lon="-6.352500000">
        <ele>987.000</ele>
      </trkpt>
      <trkpt lat="42.946710000" lon="-6.353930000">
        <ele>988.000</ele>
      </trkpt>
      <trkpt lat="42.946880000" lon="-6.354490000">
        <ele>989.000</ele>
      </trkpt>
      <trkpt lat="42.947450000" lon="-6.358320000">
        <ele>994.000</ele>
      </trkpt>
      <trkpt lat="42.947630000" lon="-6.359650000">
        <ele>998.000</ele>
      </trkpt>
      <trkpt lat="42.947690000" lon="-6.359890000">
        <ele>1000.000</ele>
      </trkpt>
      <trkpt lat="42.947780000" lon="-6.360130000">
        <ele>1002.000</ele>
      </trkpt>
      <trkpt lat="42.947880000" lon="-6.360290000">
        <ele>1004.000</ele>
      </trkpt>
      <trkpt lat="42.948610000" lon="-6.361120000">
        <ele>1004.000</ele>
      </trkpt>
      <trkpt lat="42.948750000" lon="-6.361380000">
        <ele>1005.000</ele>
      </trkpt>
      <trkpt lat="42.949180000" lon="-6.362780000">
        <ele>1006.000</ele>
      </trkpt>
      <trkpt lat="42.949400000" lon="-6.363520000">
        <ele>1007.000</ele>
      </trkpt>
      <trkpt lat="42.949880000" lon="-6.365280000">
        <ele>1009.000</ele>
      </trkpt>
      <trkpt lat="42.950230000" lon="-6.366530000">
        <ele>1011.000</ele>
      </trkpt>
      <trkpt lat="42.950310000" lon="-6.366950000">
        <ele>1013.000</ele>
      </trkpt>
      <trkpt lat="42.950390000" lon="-6.367630000">
        <ele>1015.000</ele>
      </trkpt>
      <trkpt lat="42.950470000" lon="-6.368370000">
        <ele>1016.000</ele>
      </trkpt>
      <trkpt lat="42.950470000" lon="-6.369140000">
        <ele>1019.000</ele>
      </trkpt>
      <trkpt lat="42.950520000" lon="-6.369560000">
        <ele>1021.000</ele>
      </trkpt>
      <trkpt lat="42.950620000" lon="-6.369910000">
        <ele>1023.000</ele>
      </trkpt>
      <trkpt lat="42.950680000" lon="-6.370030000">
        <ele>1024.000</ele>
      </trkpt>
      <trkpt lat="42.950780000" lon="-6.370130000">
        <ele>1025.000</ele>
      </trkpt>
      <trkpt lat="42.951350000" lon="-6.370610000">
        <ele>1027.000</ele>
      </trkpt>
      <trkpt lat="42.951400000" lon="-6.370710000">
        <ele>1029.000</ele>
      </trkpt>
      <trkpt lat="42.951840000" lon="-6.371740000">
        <ele>1030.000</ele>
      </trkpt>
      <trkpt lat="42.952040000" lon="-6.372020000">
        <ele>1031.000</ele>
      </trkpt>
      <trkpt lat="42.951980000" lon="-6.372850000">
        <ele>1033.000</ele>
      </trkpt>
      <trkpt lat="42.952020000" lon="-6.373030000">
        <ele>1034.000</ele>
      </trkpt>
      <trkpt lat="42.952100000" lon="-6.373400000">
        <ele>1036.000</ele>
      </trkpt>
      <trkpt lat="42.952080000" lon="-6.373760000">
        <ele>1037.000</ele>
      </trkpt>
      <trkpt lat="42.952040000" lon="-6.374250000">
        <ele>1039.000</ele>
      </trkpt>
      <trkpt lat="42.951960000" lon="-6.375160000">
        <ele>1041.000</ele>
      </trkpt>
      <trkpt lat="42.951950000" lon="-6.375270000">
        <ele>1043.000</ele>
      </trkpt>
      <trkpt lat="42.951900000" lon="-6.375790000">
        <ele>1045.000</ele>
      </trkpt>
      <trkpt lat="42.951850000" lon="-6.376330000">
        <ele>1046.000</ele>
      </trkpt>
      <trkpt lat="42.951650000" lon="-6.376720000">
        <ele>1048.000</ele>
      </trkpt>
      <trkpt lat="42.951610000" lon="-6.376790000">
        <ele>1049.000</ele>
      </trkpt>
      <trkpt lat="42.951250000" lon="-6.377490000">
        <ele>1051.000</ele>
      </trkpt>
      <trkpt lat="42.950790000" lon="-6.378350000">
        <ele>1053.000</ele>
      </trkpt>
      <trkpt lat="42.950260000" lon="-6.379130000">
        <ele>1056.000</ele>
      </trkpt>
      <trkpt lat="42.949950000" lon="-6.379580000">
        <ele>1058.000</ele>
      </trkpt>
      <trkpt lat="42.949800000" lon="-6.379810000">
        <ele>1060.000</ele>
      </trkpt>
      <trkpt lat="42.949680000" lon="-6.380390000">
        <ele>1062.000</ele>
      </trkpt>
      <trkpt lat="42.949480000" lon="-6.381420000">
        <ele>1064.000</ele>
      </trkpt>
      <trkpt lat="42.949460000" lon="-6.381550000">
        <ele>1066.000</ele>
      </trkpt>
      <trkpt lat="42.949430000" lon="-6.382870000">
        <ele>1068.000</ele>
      </trkpt>
      <trkpt lat="42.949390000" lon="-6.385160000">
        <ele>1070.000</ele>
      </trkpt>
      <trkpt lat="42.949380000" lon="-6.385500000">
        <ele>1072.000</ele>
      </trkpt>
      <trkpt lat="42.949330000" lon="-6.385850000">
        <ele>1073.000</ele>
      </trkpt>
      <trkpt lat="42.948870000" lon="-6.389280000">
        <ele>1074.000</ele>
      </trkpt>
      <trkpt lat="42.948870000" lon="-6.389490000">
        <ele>1075.000</ele>
      </trkpt>
      <trkpt lat="42.948960000" lon="-6.390220000">
        <ele>1076.000</ele>
      </trkpt>
      <trkpt lat="42.949320000" lon="-6.393480000">
        <ele>1077.000</ele>
      </trkpt>
      <trkpt lat="42.949370000" lon="-6.393980000">
        <ele>1078.000</ele>
      </trkpt>
      <trkpt lat="42.949400000" lon="-6.394230000">
        <ele>1079.000</ele>
      </trkpt>
      <trkpt lat="42.949450000" lon="-6.394410000">
        <ele>1079.000</ele>
      </trkpt>
      <trkpt lat="42.949670000" lon="-6.395040000">
        <ele>1080.000</ele>
      </trkpt>
      <trkpt lat="42.949900000" lon="-6.395720000">
        <ele>1081.000</ele>
      </trkpt>
      <trkpt lat="42.950230000" lon="-6.396720000">
        <ele>1082.000</ele>
      </trkpt>
      <trkpt lat="42.950430000" lon="-6.397550000">
        <ele>1084.000</ele>
      </trkpt>
      <trkpt lat="42.950660000" lon="-6.398470000">
        <ele>1086.000</ele>
      </trkpt>
      <trkpt lat="42.950780000" lon="-6.398800000">
        <ele>1088.000</ele>
      </trkpt>
      <trkpt lat="42.951360000" lon="-6.400170000">
        <ele>1092.000</ele>
      </trkpt>
      <trkpt lat="42.951570000" lon="-6.400640000">
        <ele>1095.000</ele>
      </trkpt>
      <trkpt lat="42.952070000" lon="-6.401820000">
        <ele>1099.000</ele>
      </trkpt>
      <trkpt lat="42.952460000" lon="-6.402670000">
        <ele>1103.000</ele>
      </trkpt>
      <trkpt lat="42.952780000" lon="-6.403360000">
        <ele>1107.000</ele>
      </trkpt>
      <trkpt lat="42.953430000" lon="-6.404610000">
        <ele>1111.000</ele>
      </trkpt>
      <trkpt lat="42.953700000" lon="-6.405000000">
        <ele>1115.000</ele>
      </trkpt>
      <trkpt lat="42.954200000" lon="-6.405340000">
        <ele>1119.000</ele>
      </trkpt>
      <trkpt lat="42.954480000" lon="-6.405570000">
        <ele>1122.000</ele>
      </trkpt>
      <trkpt lat="42.954590000" lon="-6.405690000">
        <ele>1125.000</ele>
      </trkpt>
      <trkpt lat="42.954730000" lon="-6.405900000">
        <ele>1128.000</ele>
      </trkpt>
      <trkpt lat="42.955660000" lon="-6.407780000">
        <ele>1134.000</ele>
      </trkpt>
      <trkpt lat="42.956030000" lon="-6.408200000">
        <ele>1139.000</ele>
      </trkpt>
      <trkpt lat="42.956960000" lon="-6.409140000">
        <ele>1145.000</ele>
      </trkpt>
      <trkpt lat="42.957530000" lon="-6.409760000">
        <ele>1151.000</ele>
      </trkpt>
      <trkpt lat="42.957670000" lon="-6.409980000">
        <ele>1155.000</ele>
      </trkpt>
      <trkpt lat="42.958080000" lon="-6.410650000">
        <ele>1158.000</ele>
      </trkpt>
      <trkpt lat="42.958250000" lon="-6.410930000">
        <ele>1161.000</ele>
      </trkpt>
      <trkpt lat="42.958640000" lon="-6.411550000">
        <ele>1163.000</ele>
      </trkpt>
      <trkpt lat="42.958770000" lon="-6.411810000">
        <ele>1164.000</ele>
      </trkpt>
      <trkpt lat="42.958820000" lon="-6.412000000">
        <ele>1166.000</ele>
      </trkpt>
      <trkpt lat="42.958800000" lon="-6.412170000">
        <ele>1167.000</ele>
      </trkpt>
      <trkpt lat="42.958710000" lon="-6.412410000">
        <ele>1168.000</ele>
      </trkpt>
      <trkpt lat="42.958620000" lon="-6.412540000">
        <ele>1170.000</ele>
      </trkpt>
      <trkpt lat="42.958440000" lon="-6.412590000">
        <ele>1171.000</ele>
      </trkpt>
      <trkpt lat="42.958230000" lon="-6.412480000">
        <ele>1173.000</ele>
      </trkpt>
      <trkpt lat="42.957380000" lon="-6.411750000">
        <ele>1176.000</ele>
      </trkpt>
      <trkpt lat="42.957000000" lon="-6.411530000">
        <ele>1179.000</ele>
      </trkpt>
      <trkpt lat="42.956510000" lon="-6.411320000">
        <ele>1182.000</ele>
      </trkpt>
      <trkpt lat="42.955530000" lon="-6.410770000">
        <ele>1185.000</ele>
      </trkpt>
      <trkpt lat="42.955040000" lon="-6.410630000">
        <ele>1187.000</ele>
      </trkpt>
      <trkpt lat="42.954500000" lon="-6.410560000">
        <ele>1190.000</ele>
      </trkpt>
      <trkpt lat="42.953820000" lon="-6.410300000">
        <ele>1192.000</ele>
      </trkpt>
      <trkpt lat="42.953000000" lon="-6.410210000">
        <ele>1195.000</ele>
      </trkpt>
      <trkpt lat="42.952810000" lon="-6.410230000">
        <ele>1197.000</ele>
      </trkpt>
      <trkpt lat="42.952680000" lon="-6.410290000">
        <ele>1199.000</ele>
      </trkpt>
      <trkpt lat="42.952570000" lon="-6.410420000">
        <ele>1201.000</ele>
      </trkpt>
      <trkpt lat="42.952490000" lon="-6.410640000">
        <ele>1203.000</ele>
      </trkpt>
      <trkpt lat="42.952370000" lon="-6.411540000">
        <ele>1206.000</ele>
      </trkpt>
      <trkpt lat="42.952410000" lon="-6.411760000">
        <ele>1209.000</ele>
      </trkpt>
      <trkpt lat="42.952460000" lon="-6.411930000">
        <ele>1211.000</ele>
      </trkpt>
      <trkpt lat="42.952660000" lon="-6.412360000">
        <ele>1213.000</ele>
      </trkpt>
      <trkpt lat="42.952800000" lon="-6.412760000">
        <ele>1216.000</ele>
      </trkpt>
      <trkpt lat="42.952840000" lon="-6.413080000">
        <ele>1218.000</ele>
      </trkpt>
      <trkpt lat="42.952820000" lon="-6.413420000">
        <ele>1220.000</ele>
      </trkpt>
      <trkpt lat="42.952750000" lon="-6.413570000">
        <ele>1222.000</ele>
      </trkpt>
      <trkpt lat="42.952690000" lon="-6.413680000">
        <ele>1223.000</ele>
      </trkpt>
      <trkpt lat="42.952290000" lon="-6.413920000">
        <ele>1225.000</ele>
      </trkpt>
      <trkpt lat="42.952150000" lon="-6.414090000">
        <ele>1227.000</ele>
      </trkpt>
      <trkpt lat="42.951970000" lon="-6.414980000">
        <ele>1230.000</ele>
      </trkpt>
      <trkpt lat="42.951820000" lon="-6.415900000">
        <ele>1233.000</ele>
      </trkpt>
      <trkpt lat="42.951820000" lon="-6.416580000">
        <ele>1237.000</ele>
      </trkpt>
      <trkpt lat="42.951820000" lon="-6.416580000">
        <ele>1239.000</ele>
      </trkpt>
      <trkpt lat="42.951820000" lon="-6.416610000">
        <ele>1241.000</ele>
      </trkpt>
      <trkpt lat="42.951980000" lon="-6.417900000">
        <ele>1245.000</ele>
      </trkpt>
      <trkpt lat="42.952050000" lon="-6.419200000">
        <ele>1249.000</ele>
      </trkpt>
      <trkpt lat="42.952290000" lon="-6.421710000">
        <ele>1256.000</ele>
      </trkpt>
      <trkpt lat="42.952510000" lon="-6.422480000">
        <ele>1262.000</ele>
      </trkpt>
      <trkpt lat="42.953110000" lon="-6.423780000">
        <ele>1268.000</ele>
      </trkpt>
      <trkpt lat="42.953710000" lon="-6.425010000">
        <ele>1275.000</ele>
      </trkpt>
      <trkpt lat="42.954010000" lon="-6.425830000">
        <ele>1282.000</ele>
      </trkpt>
      <trkpt lat="42.954410000" lon="-6.426480000">
        <ele>1287.000</ele>
      </trkpt>
      <trkpt lat="42.954670000" lon="-6.426800000">
        <ele>1292.000</ele>
      </trkpt>
      <trkpt lat="42.954970000" lon="-6.426880000">
        <ele>1295.000</ele>
      </trkpt>
      <trkpt lat="42.955050000" lon="-6.427050000">
        <ele>1298.000</ele>
      </trkpt>
      <trkpt lat="42.955070000" lon="-6.427260000">
        <ele>1300.000</ele>
      </trkpt>
      <trkpt lat="42.955000000" lon="-6.427790000">
        <ele>1302.000</ele>
      </trkpt>
      <trkpt lat="42.955010000" lon="-6.428120000">
        <ele>1304.000</ele>
      </trkpt>
      <trkpt lat="42.955290000" lon="-6.429660000">
        <ele>1307.000</ele>
      </trkpt>
      <trkpt lat="42.955890000" lon="-6.432440000">
        <ele>1313.000</ele>
      </trkpt>
      <trkpt lat="42.955990000" lon="-6.433540000">
        <ele>1320.000</ele>
      </trkpt>
      <trkpt lat="42.956210000" lon="-6.434370000">
        <ele>1326.000</ele>
      </trkpt>
      <trkpt lat="42.956190000" lon="-6.434680000">
        <ele>1330.000</ele>
      </trkpt>
      <trkpt lat="42.955940000" lon="-6.435240000">
        <ele>1335.000</ele>
      </trkpt>
      <trkpt lat="42.955490000" lon="-6.436280000">
        <ele>1340.000</ele>
      </trkpt>
      <trkpt lat="42.954880000" lon="-6.437690000">
        <ele>1346.000</ele>
      </trkpt>
      <trkpt lat="42.954810000" lon="-6.437930000">
        <ele>1351.000</ele>
      </trkpt>
      <trkpt lat="42.954730000" lon="-6.438340000">
        <ele>1353.000</ele>
      </trkpt>
      <trkpt lat="42.954630000" lon="-6.439050000">
        <ele>1355.000</ele>
      </trkpt>
      <trkpt lat="42.954630000" lon="-6.439310000">
        <ele>1356.000</ele>
      </trkpt>
      <trkpt lat="42.954640000" lon="-6.439770000">
        <ele>1357.000</ele>
      </trkpt>
      <trkpt lat="42.954700000" lon="-6.440200000">
        <ele>1357.000</ele>
      </trkpt>
      <trkpt lat="42.954780000" lon="-6.440460000">
        <ele>1357.000</ele>
      </trkpt>
      <trkpt lat="42.954850000" lon="-6.440640000">
        <ele>1356.000</ele>
      </trkpt>
      <trkpt lat="42.955020000" lon="-6.440870000">
        <ele>1355.000</ele>
      </trkpt>
      <trkpt lat="42.955140000" lon="-6.440980000">
        <ele>1354.000</ele>
      </trkpt>
      <trkpt lat="42.955250000" lon="-6.441050000">
        <ele>1353.000</ele>
      </trkpt>
      <trkpt lat="42.955390000" lon="-6.441100000">
        <ele>1352.000</ele>
      </trkpt>
      <trkpt lat="42.955540000" lon="-6.441120000">
        <ele>1351.000</ele>
      </trkpt>
      <trkpt lat="42.955760000" lon="-6.441090000">
        <ele>1350.000</ele>
      </trkpt>
      <trkpt lat="42.955910000" lon="-6.441010000">
        <ele>1349.000</ele>
      </trkpt>
      <trkpt lat="42.956200000" lon="-6.440750000">
        <ele>1348.000</ele>
      </trkpt>
      <trkpt lat="42.956340000" lon="-6.440660000">
        <ele>1346.000</ele>
      </trkpt>
      <trkpt lat="42.957100000" lon="-6.440320000">
        <ele>1343.000</ele>
      </trkpt>
      <trkpt lat="42.957240000" lon="-6.440270000">
        <ele>1341.000</ele>
      </trkpt>
      <trkpt lat="42.957440000" lon="-6.440260000">
        <ele>1338.000</ele>
      </trkpt>
      <trkpt lat="42.958330000" lon="-6.440460000">
        <ele>1334.000</ele>
      </trkpt>
      <trkpt lat="42.959730000" lon="-6.440700000">
        <ele>1328.000</ele>
      </trkpt>
      <trkpt lat="42.959920000" lon="-6.440790000">
        <ele>1324.000</ele>
      </trkpt>
      <trkpt lat="42.960010000" lon="-6.440890000">
        <ele>1320.000</ele>
      </trkpt>
      <trkpt lat="42.960080000" lon="-6.441020000">
        <ele>1318.000</ele>
      </trkpt>
      <trkpt lat="42.960130000" lon="-6.441170000">
        <ele>1316.000</ele>
      </trkpt>
      <trkpt lat="42.960140000" lon="-6.441370000">
        <ele>1314.000</ele>
      </trkpt>
      <trkpt lat="42.960110000" lon="-6.441560000">
        <ele>1312.000</ele>
      </trkpt>
      <trkpt lat="42.960050000" lon="-6.441710000">
        <ele>1311.000</ele>
      </trkpt>
      <trkpt lat="42.959920000" lon="-6.441860000">
        <ele>1310.000</ele>
      </trkpt>
      <trkpt lat="42.958770000" lon="-6.442350000">
        <ele>1306.000</ele>
      </trkpt>
      <trkpt lat="42.958230000" lon="-6.442610000">
        <ele>1301.000</ele>
      </trkpt>
      <trkpt lat="42.958100000" lon="-6.442690000">
        <ele>1298.000</ele>
      </trkpt>
      <trkpt lat="42.957880000" lon="-6.442870000">
        <ele>1295.000</ele>
      </trkpt>
      <trkpt lat="42.957790000" lon="-6.443050000">
        <ele>1293.000</ele>
      </trkpt>
      <trkpt lat="42.957610000" lon="-6.443660000">
        <ele>1290.000</ele>
      </trkpt>
      <trkpt lat="42.957370000" lon="-6.444210000">
        <ele>1287.000</ele>
      </trkpt>
      <trkpt lat="42.957270000" lon="-6.444630000">
        <ele>1284.000</ele>
      </trkpt>
      <trkpt lat="42.957240000" lon="-6.445080000">
        <ele>1281.000</ele>
      </trkpt>
      <trkpt lat="42.957310000" lon="-6.445630000">
        <ele>1278.000</ele>
      </trkpt>
      <trkpt lat="42.957320000" lon="-6.445860000">
        <ele>1276.000</ele>
      </trkpt>
      <trkpt lat="42.957300000" lon="-6.446040000">
        <ele>1274.000</ele>
      </trkpt>
      <trkpt lat="42.957250000" lon="-6.446280000">
        <ele>1272.000</ele>
      </trkpt>
      <trkpt lat="42.957180000" lon="-6.446460000">
        <ele>1270.000</ele>
      </trkpt>
      <trkpt lat="42.955610000" lon="-6.449530000">
        <ele>1262.000</ele>
      </trkpt>
      <trkpt lat="42.955370000" lon="-6.450030000">
        <ele>1255.000</ele>
      </trkpt>
      <trkpt lat="42.955280000" lon="-6.450280000">
        <ele>1251.000</ele>
      </trkpt>
      <trkpt lat="42.955140000" lon="-6.450770000">
        <ele>1246.000</ele>
      </trkpt>
      <trkpt lat="42.954580000" lon="-6.453340000">
        <ele>1239.000</ele>
      </trkpt>
      <trkpt lat="42.954200000" lon="-6.454880000">
        <ele>1230.000</ele>
      </trkpt>
      <trkpt lat="42.954120000" lon="-6.455130000">
        <ele>1224.000</ele>
      </trkpt>
      <trkpt lat="42.954030000" lon="-6.455350000">
        <ele>1219.000</ele>
      </trkpt>
      <trkpt lat="42.953470000" lon="-6.456530000">
        <ele>1213.000</ele>
      </trkpt>
      <trkpt lat="42.953270000" lon="-6.456850000">
        <ele>1208.000</ele>
      </trkpt>
      <trkpt lat="42.952950000" lon="-6.457260000">
        <ele>1203.000</ele>
      </trkpt>
      <trkpt lat="42.952820000" lon="-6.457450000">
        <ele>1200.000</ele>
      </trkpt>
      <trkpt lat="42.952690000" lon="-6.457710000">
        <ele>1197.000</ele>
      </trkpt>
      <trkpt lat="42.952600000" lon="-6.457940000">
        <ele>1195.000</ele>
      </trkpt>
      <trkpt lat="42.952490000" lon="-6.458220000">
        <ele>1192.000</ele>
      </trkpt>
      <trkpt lat="42.952390000" lon="-6.458450000">
        <ele>1190.000</ele>
      </trkpt>
      <trkpt lat="42.952120000" lon="-6.458990000">
        <ele>1188.000</ele>
      </trkpt>
      <trkpt lat="42.951720000" lon="-6.459590000">
        <ele>1184.000</ele>
      </trkpt>
      <trkpt lat="42.951620000" lon="-6.459830000">
        <ele>1182.000</ele>
      </trkpt>
      <trkpt lat="42.951410000" lon="-6.460490000">
        <ele>1179.000</ele>
      </trkpt>
      <trkpt lat="42.951170000" lon="-6.461530000">
        <ele>1175.000</ele>
      </trkpt>
      <trkpt lat="42.950890000" lon="-6.463270000">
        <ele>1169.000</ele>
      </trkpt>
      <trkpt lat="42.950700000" lon="-6.464270000">
        <ele>1163.000</ele>
      </trkpt>
      <trkpt lat="42.950510000" lon="-6.464880000">
        <ele>1157.000</ele>
      </trkpt>
      <trkpt lat="42.949940000" lon="-6.466400000">
        <ele>1151.000</ele>
      </trkpt>
      <trkpt lat="42.949860000" lon="-6.466720000">
        <ele>1146.000</ele>
      </trkpt>
      <trkpt lat="42.949680000" lon="-6.469160000">
        <ele>1137.000</ele>
      </trkpt>
      <trkpt lat="42.949640000" lon="-6.469390000">
        <ele>1130.000</ele>
      </trkpt>
      <trkpt lat="42.949540000" lon="-6.469710000">
        <ele>1126.000</ele>
      </trkpt>
      <trkpt lat="42.949470000" lon="-6.470000000">
        <ele>1122.000</ele>
      </trkpt>
      <trkpt lat="42.949440000" lon="-6.470210000">
        <ele>1119.000</ele>
      </trkpt>
      <trkpt lat="42.949420000" lon="-6.470490000">
        <ele>1117.000</ele>
      </trkpt>
      <trkpt lat="42.949440000" lon="-6.471070000">
        <ele>1114.000</ele>
      </trkpt>
      <trkpt lat="42.949460000" lon="-6.471260000">
        <ele>1112.000</ele>
      </trkpt>
      <trkpt lat="42.949460000" lon="-6.471260000">
        <ele>1111.000</ele>
      </trkpt>
      <trkpt lat="42.949470000" lon="-6.471460000">
        <ele>1110.000</ele>
      </trkpt>
      <trkpt lat="42.949530000" lon="-6.471720000">
        <ele>1109.000</ele>
      </trkpt>
      <trkpt lat="42.949690000" lon="-6.472230000">
        <ele>1107.000</ele>
      </trkpt>
      <trkpt lat="42.950030000" lon="-6.474330000">
        <ele>1102.000</ele>
      </trkpt>
      <trkpt lat="42.950020000" lon="-6.474730000">
        <ele>1098.000</ele>
      </trkpt>
      <trkpt lat="42.949990000" lon="-6.475150000">
        <ele>1094.000</ele>
      </trkpt>
      <trkpt lat="42.949920000" lon="-6.476560000">
        <ele>1090.000</ele>
      </trkpt>
      <trkpt lat="42.949760000" lon="-6.477930000">
        <ele>1084.000</ele>
      </trkpt>
      <trkpt lat="42.949780000" lon="-6.478280000">
        <ele>1080.000</ele>
      </trkpt>
      <trkpt lat="42.949880000" lon="-6.479140000">
        <ele>1076.000</ele>
      </trkpt>
      <trkpt lat="42.949870000" lon="-6.479670000">
        <ele>1073.000</ele>
      </trkpt>
      <trkpt lat="42.949860000" lon="-6.479890000">
        <ele>1070.000</ele>
      </trkpt>
      <trkpt lat="42.949800000" lon="-6.480190000">
        <ele>1068.000</ele>
      </trkpt>
      <trkpt lat="42.949720000" lon="-6.480460000">
        <ele>1066.000</ele>
      </trkpt>
      <trkpt lat="42.949580000" lon="-6.480850000">
        <ele>1064.000</ele>
      </trkpt>
      <trkpt lat="42.948700000" lon="-6.482440000">
        <ele>1059.000</ele>
      </trkpt>
      <trkpt lat="42.948520000" lon="-6.482700000">
        <ele>1055.000</ele>
      </trkpt>
      <trkpt lat="42.948320000" lon="-6.482950000">
        <ele>1052.000</ele>
      </trkpt>
      <trkpt lat="42.948000000" lon="-6.483590000">
        <ele>1048.000</ele>
      </trkpt>
      <trkpt lat="42.947760000" lon="-6.483960000">
        <ele>1045.000</ele>
      </trkpt>
      <trkpt lat="42.947710000" lon="-6.484060000">
        <ele>1043.000</ele>
      </trkpt>
      <trkpt lat="42.947710000" lon="-6.484140000">
        <ele>1042.000</ele>
      </trkpt>
      <trkpt lat="42.947750000" lon="-6.484280000">
        <ele>1040.000</ele>
      </trkpt>
      <trkpt lat="42.947770000" lon="-6.484320000">
        <ele>1039.000</ele>
      </trkpt>
      <trkpt lat="42.947710000" lon="-6.484330000">
        <ele>1039.000</ele>
      </trkpt>
      <trkpt lat="42.947600000" lon="-6.484410000">
        <ele>1038.000</ele>
      </trkpt>
      <trkpt lat="42.947550000" lon="-6.484660000">
        <ele>1037.000</ele>
      </trkpt>
      <trkpt lat="42.947520000" lon="-6.484810000">
        <ele>1036.000</ele>
      </trkpt>
      <trkpt lat="42.947500000" lon="-6.484970000">
        <ele>1036.000</ele>
      </trkpt>
      <trkpt lat="42.947490000" lon="-6.485020000">
        <ele>1035.000</ele>
      </trkpt>
      <trkpt lat="42.947460000" lon="-6.485110000">
        <ele>1035.000</ele>
      </trkpt>
      <trkpt lat="42.947230000" lon="-6.485900000">
        <ele>1033.000</ele>
      </trkpt>
      <trkpt lat="42.946960000" lon="-6.487190000">
        <ele>1030.000</ele>
      </trkpt>
      <trkpt lat="42.946840000" lon="-6.487780000">
        <ele>1028.000</ele>
      </trkpt>
      <trkpt lat="42.946810000" lon="-6.488190000">
        <ele>1027.000</ele>
      </trkpt>
      <trkpt lat="42.946750000" lon="-6.488400000">
        <ele>1026.000</ele>
      </trkpt>
      <trkpt lat="42.946610000" lon="-6.488700000">
        <ele>1025.000</ele>
      </trkpt>
      <trkpt lat="42.946220000" lon="-6.489440000">
        <ele>1025.000</ele>
      </trkpt>
      <trkpt lat="42.946120000" lon="-6.489710000">
        <ele>1024.000</ele>
      </trkpt>
      <trkpt lat="42.946000000" lon="-6.490430000">
        <ele>1023.000</ele>
      </trkpt>
      <trkpt lat="42.946000000" lon="-6.490460000">
        <ele>1023.000</ele>
      </trkpt>
      <trkpt lat="42.945990000" lon="-6.490520000">
        <ele>1022.000</ele>
      </trkpt>
      <trkpt lat="42.945930000" lon="-6.490820000">
        <ele>1022.000</ele>
      </trkpt>
      <trkpt lat="42.945570000" lon="-6.492630000">
        <ele>1020.000</ele>
      </trkpt>
      <trkpt lat="42.945470000" lon="-6.493100000">
        <ele>1018.000</ele>
      </trkpt>
      <trkpt lat="42.945410000" lon="-6.493380000">
        <ele>1017.000</ele>
      </trkpt>
      <trkpt lat="42.945320000" lon="-6.493690000">
        <ele>1016.000</ele>
      </trkpt>
      <trkpt lat="42.945140000" lon="-6.494190000">
        <ele>1015.000</ele>
      </trkpt>
      <trkpt lat="42.944480000" lon="-6.495890000">
        <ele>1012.000</ele>
      </trkpt>
      <trkpt lat="42.944160000" lon="-6.496720000">
        <ele>1010.000</ele>
      </trkpt>
      <trkpt lat="42.944030000" lon="-6.497180000">
        <ele>1008.000</ele>
      </trkpt>
      <trkpt lat="42.943860000" lon="-6.498220000">
        <ele>1006.000</ele>
      </trkpt>
      <trkpt lat="42.943840000" lon="-6.498430000">
        <ele>1005.000</ele>
      </trkpt>
      <trkpt lat="42.943770000" lon="-6.499520000">
        <ele>1004.000</ele>
      </trkpt>
      <trkpt lat="42.943500000" lon="-6.501620000">
        <ele>1002.000</ele>
      </trkpt>
      <trkpt lat="42.943060000" lon="-6.505120000">
        <ele>1000.000</ele>
      </trkpt>
      <trkpt lat="42.942930000" lon="-6.505780000">
        <ele>998.000</ele>
      </trkpt>
      <trkpt lat="42.942820000" lon="-6.506510000">
        <ele>996.000</ele>
      </trkpt>
      <trkpt lat="42.942790000" lon="-6.506760000">
        <ele>995.000</ele>
      </trkpt>
      <trkpt lat="42.942730000" lon="-6.507380000">
        <ele>993.000</ele>
      </trkpt>
      <trkpt lat="42.942660000" lon="-6.508420000">
        <ele>992.000</ele>
      </trkpt>
      <trkpt lat="42.942700000" lon="-6.509270000">
        <ele>990.000</ele>
      </trkpt>
      <trkpt lat="42.942800000" lon="-6.510550000">
        <ele>989.000</ele>
      </trkpt>
      <trkpt lat="42.942780000" lon="-6.510920000">
        <ele>988.000</ele>
      </trkpt>
      <trkpt lat="42.942750000" lon="-6.511070000">
        <ele>988.000</ele>
      </trkpt>
      <trkpt lat="42.942690000" lon="-6.511340000">
        <ele>987.000</ele>
      </trkpt>
      <trkpt lat="42.942590000" lon="-6.511640000">
        <ele>986.000</ele>
      </trkpt>
      <trkpt lat="42.942520000" lon="-6.512030000">
        <ele>986.000</ele>
      </trkpt>
      <trkpt lat="42.942520000" lon="-6.512400000">
        <ele>985.000</ele>
      </trkpt>
      <trkpt lat="42.942600000" lon="-6.513000000">
        <ele>984.000</ele>
      </trkpt>
      <trkpt lat="42.942610000" lon="-6.513260000">
        <ele>984.000</ele>
      </trkpt>
      <trkpt lat="42.942520000" lon="-6.514230000">
        <ele>983.000</ele>
      </trkpt>
      <trkpt lat="42.942170000" lon="-6.515690000">
        <ele>980.000</ele>
      </trkpt>
      <trkpt lat="42.942100000" lon="-6.515900000">
        <ele>978.000</ele>
      </trkpt>
      <trkpt lat="42.941980000" lon="-6.516140000">
        <ele>976.000</ele>
      </trkpt>
      <trkpt lat="42.941700000" lon="-6.516610000">
        <ele>974.000</ele>
      </trkpt>
      <trkpt lat="42.941560000" lon="-6.517060000">
        <ele>973.000</ele>
      </trkpt>
      <trkpt lat="42.941520000" lon="-6.517370000">
        <ele>972.000</ele>
      </trkpt>
      <trkpt lat="42.941520000" lon="-6.517710000">
        <ele>972.000</ele>
      </trkpt>
      <trkpt lat="42.941550000" lon="-6.518000000">
        <ele>972.000</ele>
      </trkpt>
      <trkpt lat="42.941660000" lon="-6.518490000">
        <ele>972.000</ele>
      </trkpt>
      <trkpt lat="42.941680000" lon="-6.518710000">
        <ele>972.000</ele>
      </trkpt>
      <trkpt lat="42.941670000" lon="-6.519320000">
        <ele>972.000</ele>
      </trkpt>
      <trkpt lat="42.941580000" lon="-6.519840000">
        <ele>972.000</ele>
      </trkpt>
      <trkpt lat="42.941340000" lon="-6.520390000">
        <ele>972.000</ele>
      </trkpt>
      <trkpt lat="42.941260000" lon="-6.520610000">
        <ele>972.000</ele>
      </trkpt>
      <trkpt lat="42.941220000" lon="-6.520780000">
        <ele>972.000</ele>
      </trkpt>
      <trkpt lat="42.941170000" lon="-6.521120000">
        <ele>972.000</ele>
      </trkpt>
      <trkpt lat="42.941060000" lon="-6.522050000">
        <ele>971.000</ele>
      </trkpt>
      <trkpt lat="42.940850000" lon="-6.523240000">
        <ele>970.000</ele>
      </trkpt>
      <trkpt lat="42.940840000" lon="-6.523390000">
        <ele>969.000</ele>
      </trkpt>
      <trkpt lat="42.940820000" lon="-6.524110000">
        <ele>968.000</ele>
      </trkpt>
      <trkpt lat="42.940790000" lon="-6.524400000">
        <ele>967.000</ele>
      </trkpt>
      <trkpt lat="42.940620000" lon="-6.525550000">
        <ele>966.000</ele>
      </trkpt>
      <trkpt lat="42.940590000" lon="-6.526140000">
        <ele>963.000</ele>
      </trkpt>
      <trkpt lat="42.940620000" lon="-6.527070000">
        <ele>960.000</ele>
      </trkpt>
      <trkpt lat="42.940400000" lon="-6.528800000">
        <ele>954.000</ele>
      </trkpt>
      <trkpt lat="42.940380000" lon="-6.529080000">
        <ele>949.000</ele>
      </trkpt>
      <trkpt lat="42.940590000" lon="-6.531010000">
        <ele>944.000</ele>
      </trkpt>
      <trkpt lat="42.940560000" lon="-6.531300000">
        <ele>940.000</ele>
      </trkpt>
      <trkpt lat="42.940480000" lon="-6.531560000">
        <ele>936.000</ele>
      </trkpt>
      <trkpt lat="42.940170000" lon="-6.532010000">
        <ele>933.000</ele>
      </trkpt>
      <trkpt lat="42.940060000" lon="-6.532240000">
        <ele>930.000</ele>
      </trkpt>
      <trkpt lat="42.939990000" lon="-6.532490000">
        <ele>928.000</ele>
      </trkpt>
      <trkpt lat="42.939720000" lon="-6.534050000">
        <ele>924.000</ele>
      </trkpt>
      <trkpt lat="42.939640000" lon="-6.535660000">
        <ele>919.000</ele>
      </trkpt>
      <trkpt lat="42.939880000" lon="-6.537140000">
        <ele>916.000</ele>
      </trkpt>
      <trkpt lat="42.939920000" lon="-6.537500000">
        <ele>913.000</ele>
      </trkpt>
      <trkpt lat="42.939920000" lon="-6.537760000">
        <ele>911.000</ele>
      </trkpt>
      <trkpt lat="42.939470000" lon="-6.541350000">
        <ele>908.000</ele>
      </trkpt>
      <trkpt lat="42.939450000" lon="-6.541690000">
        <ele>906.000</ele>
      </trkpt>
      <trkpt lat="42.939420000" lon="-6.542370000">
        <ele>904.000</ele>
      </trkpt>
      <trkpt lat="42.939470000" lon="-6.542800000">
        <ele>902.000</ele>
      </trkpt>
      <trkpt lat="42.939520000" lon="-6.542970000">
        <ele>901.000</ele>
      </trkpt>
      <trkpt lat="42.939680000" lon="-6.543420000">
        <ele>900.000</ele>
      </trkpt>
      <trkpt lat="42.939750000" lon="-6.544020000">
        <ele>898.000</ele>
      </trkpt>
      <trkpt lat="42.939710000" lon="-6.544550000">
        <ele>897.000</ele>
      </trkpt>
      <trkpt lat="42.939720000" lon="-6.544800000">
        <ele>896.000</ele>
      </trkpt>
      <trkpt lat="42.939750000" lon="-6.544970000">
        <ele>895.000</ele>
      </trkpt>
      <trkpt lat="42.940400000" lon="-6.547370000">
        <ele>893.000</ele>
      </trkpt>
      <trkpt lat="42.940430000" lon="-6.547580000">
        <ele>892.000</ele>
      </trkpt>
      <trkpt lat="42.940440000" lon="-6.547860000">
        <ele>891.000</ele>
      </trkpt>
      <trkpt lat="42.940440000" lon="-6.548050000">
        <ele>890.000</ele>
      </trkpt>
      <trkpt lat="42.940390000" lon="-6.548370000">
        <ele>889.000</ele>
      </trkpt>
      <trkpt lat="42.940230000" lon="-6.548940000">
        <ele>888.000</ele>
      </trkpt>
      <trkpt lat="42.940200000" lon="-6.549120000">
        <ele>887.000</ele>
      </trkpt>
      <trkpt lat="42.940120000" lon="-6.550740000">
        <ele>885.000</ele>
      </trkpt>
      <trkpt lat="42.940100000" lon="-6.550980000">
        <ele>883.000</ele>
      </trkpt>
      <trkpt lat="42.940000000" lon="-6.551490000">
        <ele>882.000</ele>
      </trkpt>
      <trkpt lat="42.939980000" lon="-6.551790000">
        <ele>881.000</ele>
      </trkpt>
      <trkpt lat="42.939990000" lon="-6.551990000">
        <ele>880.000</ele>
      </trkpt>
      <trkpt lat="42.940020000" lon="-6.552220000">
        <ele>879.000</ele>
      </trkpt>
      <trkpt lat="42.940100000" lon="-6.552590000">
        <ele>878.000</ele>
      </trkpt>
      <trkpt lat="42.940140000" lon="-6.552860000">
        <ele>877.000</ele>
      </trkpt>
      <trkpt lat="42.940170000" lon="-6.554100000">
        <ele>876.000</ele>
      </trkpt>
      <trkpt lat="42.940140000" lon="-6.554460000">
        <ele>875.000</ele>
      </trkpt>
      <trkpt lat="42.940100000" lon="-6.554880000">
        <ele>874.000</ele>
      </trkpt>
      <trkpt lat="42.939920000" lon="-6.555550000">
        <ele>874.000</ele>
      </trkpt>
      <trkpt lat="42.939880000" lon="-6.555810000">
        <ele>873.000</ele>
      </trkpt>
      <trkpt lat="42.939880000" lon="-6.556070000">
        <ele>873.000</ele>
      </trkpt>
      <trkpt lat="42.939910000" lon="-6.556330000">
        <ele>872.000</ele>
      </trkpt>
      <trkpt lat="42.940040000" lon="-6.557220000">
        <ele>872.000</ele>
      </trkpt>
      <trkpt lat="42.940040000" lon="-6.557490000">
        <ele>871.000</ele>
      </trkpt>
      <trkpt lat="42.940020000" lon="-6.557710000">
        <ele>871.000</ele>
      </trkpt>
      <trkpt lat="42.939630000" lon="-6.559310000">
        <ele>873.000</ele>
      </trkpt>
      <trkpt lat="42.939590000" lon="-6.559730000">
        <ele>874.000</ele>
      </trkpt>
      <trkpt lat="42.939610000" lon="-6.560130000">
        <ele>874.000</ele>
      </trkpt>
      <trkpt lat="42.939650000" lon="-6.560530000">
        <ele>874.000</ele>
      </trkpt>
      <trkpt lat="42.940070000" lon="-6.563050000">
        <ele>871.000</ele>
      </trkpt>
      <trkpt lat="42.940090000" lon="-6.563280000">
        <ele>870.000</ele>
      </trkpt>
      <trkpt lat="42.940090000" lon="-6.563560000">
        <ele>869.000</ele>
      </trkpt>
      <trkpt lat="42.940060000" lon="-6.563910000">
        <ele>868.000</ele>
      </trkpt>
      <trkpt lat="42.940020000" lon="-6.564170000">
        <ele>867.000</ele>
      </trkpt>
      <trkpt lat="42.939930000" lon="-6.564590000">
        <ele>867.000</ele>
      </trkpt>
      <trkpt lat="42.939850000" lon="-6.565030000">
        <ele>866.000</ele>
      </trkpt>
      <trkpt lat="42.939810000" lon="-6.565600000">
        <ele>866.000</ele>
      </trkpt>
      <trkpt lat="42.939810000" lon="-6.566750000">
        <ele>865.000</ele>
      </trkpt>
      <trkpt lat="42.939840000" lon="-6.566920000">
        <ele>864.000</ele>
      </trkpt>
      <trkpt lat="42.940080000" lon="-6.567610000">
        <ele>862.000</ele>
      </trkpt>
      <trkpt lat="42.940190000" lon="-6.568000000">
        <ele>860.000</ele>
      </trkpt>
      <trkpt lat="42.940290000" lon="-6.568520000">
        <ele>859.000</ele>
      </trkpt>
      <trkpt lat="42.940580000" lon="-6.570270000">
        <ele>857.000</ele>
      </trkpt>
      <trkpt lat="42.940620000" lon="-6.570460000">
        <ele>856.000</ele>
      </trkpt>
      <trkpt lat="42.940640000" lon="-6.570730000">
        <ele>855.000</ele>
      </trkpt>
      <trkpt lat="42.940630000" lon="-6.570800000">
        <ele>855.000</ele>
      </trkpt>
      <trkpt lat="42.940580000" lon="-6.571240000">
        <ele>854.000</ele>
      </trkpt>
      <trkpt lat="42.940570000" lon="-6.571360000">
        <ele>854.000</ele>
      </trkpt>
      <trkpt lat="42.940570000" lon="-6.571510000">
        <ele>853.000</ele>
      </trkpt>
      <trkpt lat="42.940600000" lon="-6.571620000">
        <ele>853.000</ele>
      </trkpt>
      <trkpt lat="42.940820000" lon="-6.572330000">
        <ele>853.000</ele>
      </trkpt>
      <trkpt lat="42.941290000" lon="-6.573690000">
        <ele>852.000</ele>
      </trkpt>
      <trkpt lat="42.941340000" lon="-6.573860000">
        <ele>851.000</ele>
      </trkpt>
      <trkpt lat="42.941370000" lon="-6.574110000">
        <ele>851.000</ele>
      </trkpt>
      <trkpt lat="42.941380000" lon="-6.574380000">
        <ele>851.000</ele>
      </trkpt>
      <trkpt lat="42.941370000" lon="-6.574600000">
        <ele>851.000</ele>
      </trkpt>
      <trkpt lat="42.941370000" lon="-6.574740000">
        <ele>851.000</ele>
      </trkpt>
      <trkpt lat="42.941440000" lon="-6.575760000">
        <ele>851.000</ele>
      </trkpt>
      <trkpt lat="42.941510000" lon="-6.577460000">
        <ele>852.000</ele>
      </trkpt>
      <trkpt lat="42.941530000" lon="-6.577630000">
        <ele>852.000</ele>
      </trkpt>
      <trkpt lat="42.941570000" lon="-6.577760000">
        <ele>852.000</ele>
      </trkpt>
      <trkpt lat="42.941650000" lon="-6.577900000">
        <ele>852.000</ele>
      </trkpt>
      <trkpt lat="42.942000000" lon="-6.578350000">
        <ele>852.000</ele>
      </trkpt>
      <trkpt lat="42.942080000" lon="-6.578510000">
        <ele>852.000</ele>
      </trkpt>
      <trkpt lat="42.942150000" lon="-6.578680000">
        <ele>852.000</ele>
      </trkpt>
      <trkpt lat="42.942330000" lon="-6.579500000">
        <ele>852.000</ele>
      </trkpt>
      <trkpt lat="42.942410000" lon="-6.579950000">
        <ele>852.000</ele>
      </trkpt>
      <trkpt lat="42.942410000" lon="-6.580170000">
        <ele>851.000</ele>
      </trkpt>
      <trkpt lat="42.942280000" lon="-6.581060000">
        <ele>850.000</ele>
      </trkpt>
      <trkpt lat="42.942220000" lon="-6.581240000">
        <ele>849.000</ele>
      </trkpt>
      <trkpt lat="42.942160000" lon="-6.581370000">
        <ele>848.000</ele>
      </trkpt>
      <trkpt lat="42.941560000" lon="-6.582340000">
        <ele>846.000</ele>
      </trkpt>
      <trkpt lat="42.941450000" lon="-6.582660000">
        <ele>845.000</ele>
      </trkpt>
      <trkpt lat="42.941420000" lon="-6.582850000">
        <ele>843.000</ele>
      </trkpt>
      <trkpt lat="42.941400000" lon="-6.583850000">
        <ele>842.000</ele>
      </trkpt>
      <trkpt lat="42.941410000" lon="-6.584050000">
        <ele>840.000</ele>
      </trkpt>
      <trkpt lat="42.941690000" lon="-6.585420000">
        <ele>838.000</ele>
      </trkpt>
      <trkpt lat="42.941710000" lon="-6.585600000">
        <ele>836.000</ele>
      </trkpt>
      <trkpt lat="42.941720000" lon="-6.586280000">
        <ele>834.000</ele>
      </trkpt>
      <trkpt lat="42.941740000" lon="-6.586350000">
        <ele>833.000</ele>
      </trkpt>
      <trkpt lat="42.941850000" lon="-6.586680000">
        <ele>832.000</ele>
      </trkpt>
      <trkpt lat="42.941920000" lon="-6.586850000">
        <ele>830.000</ele>
      </trkpt>
      <trkpt lat="42.942100000" lon="-6.587100000">
        <ele>829.000</ele>
      </trkpt>
      <trkpt lat="42.942460000" lon="-6.587470000">
        <ele>828.000</ele>
      </trkpt>
      <trkpt lat="42.942860000" lon="-6.587940000">
        <ele>826.000</ele>
      </trkpt>
      <trkpt lat="42.942980000" lon="-6.588280000">
        <ele>824.000</ele>
      </trkpt>
      <trkpt lat="42.943100000" lon="-6.588740000">
        <ele>822.000</ele>
      </trkpt>
      <trkpt lat="42.943220000" lon="-6.589180000">
        <ele>821.000</ele>
      </trkpt>
      <trkpt lat="42.943340000" lon="-6.589440000">
        <ele>819.000</ele>
      </trkpt>
      <trkpt lat="42.943520000" lon="-6.589670000">
        <ele>818.000</ele>
      </trkpt>
      <trkpt lat="42.943730000" lon="-6.589860000">
        <ele>817.000</ele>
      </trkpt>
      <trkpt lat="42.943910000" lon="-6.590110000">
        <ele>816.000</ele>
      </trkpt>
      <trkpt lat="42.944090000" lon="-6.590520000">
        <ele>815.000</ele>
      </trkpt>
      <trkpt lat="42.944180000" lon="-6.590940000">
        <ele>815.000</ele>
      </trkpt>
      <trkpt lat="42.944370000" lon="-6.592060000">
        <ele>814.000</ele>
      </trkpt>
      <trkpt lat="42.944450000" lon="-6.592290000">
        <ele>813.000</ele>
      </trkpt>
      <trkpt lat="42.944630000" lon="-6.592740000">
        <ele>812.000</ele>
      </trkpt>
      <trkpt lat="42.944770000" lon="-6.593040000">
        <ele>811.000</ele>
      </trkpt>
      <trkpt lat="42.944880000" lon="-6.593370000">
        <ele>810.000</ele>
      </trkpt>
      <trkpt lat="42.944910000" lon="-6.593530000">
        <ele>810.000</ele>
      </trkpt>
      <trkpt lat="42.944930000" lon="-6.594170000">
        <ele>809.000</ele>
      </trkpt>
      <trkpt lat="42.944980000" lon="-6.594410000">
        <ele>808.000</ele>
      </trkpt>
      <trkpt lat="42.945220000" lon="-6.595060000">
        <ele>807.000</ele>
      </trkpt>
      <trkpt lat="42.945480000" lon="-6.596150000">
        <ele>806.000</ele>
      </trkpt>
      <trkpt lat="42.945620000" lon="-6.596580000">
        <ele>805.000</ele>
      </trkpt>
      <trkpt lat="42.945760000" lon="-6.596930000">
        <ele>804.000</ele>
      </trkpt>
      <trkpt lat="42.945820000" lon="-6.597080000">
        <ele>803.000</ele>
      </trkpt>
      <trkpt lat="42.945900000" lon="-6.597390000">
        <ele>802.000</ele>
      </trkpt>
      <trkpt lat="42.946180000" lon="-6.598160000">
        <ele>800.000</ele>
      </trkpt>
      <trkpt lat="42.946480000" lon="-6.598930000">
        <ele>798.000</ele>
      </trkpt>
      <trkpt lat="42.946730000" lon="-6.599620000">
        <ele>796.000</ele>
      </trkpt>
      <trkpt lat="42.946960000" lon="-6.600480000">
        <ele>794.000</ele>
      </trkpt>
      <trkpt lat="42.947190000" lon="-6.601100000">
        <ele>793.000</ele>
      </trkpt>
      <trkpt lat="42.947260000" lon="-6.601390000">
        <ele>792.000</ele>
      </trkpt>
      <trkpt lat="42.947310000" lon="-6.601510000">
        <ele>792.000</ele>
      </trkpt>
      <trkpt lat="42.947360000" lon="-6.601600000">
        <ele>792.000</ele>
      </trkpt>
      <trkpt lat="42.947440000" lon="-6.601680000">
        <ele>791.000</ele>
      </trkpt>
      <trkpt lat="42.948150000" lon="-6.602220000">
        <ele>791.000</ele>
      </trkpt>
      <trkpt lat="42.948240000" lon="-6.602340000">
        <ele>791.000</ele>
      </trkpt>
      <trkpt lat="42.948400000" lon="-6.602640000">
        <ele>790.000</ele>
      </trkpt>
      <trkpt lat="42.948630000" lon="-6.603210000">
        <ele>789.000</ele>
      </trkpt>
      <trkpt lat="42.948670000" lon="-6.603360000">
        <ele>788.000</ele>
      </trkpt>
      <trkpt lat="42.948800000" lon="-6.604380000">
        <ele>787.000</ele>
      </trkpt>
      <trkpt lat="42.948830000" lon="-6.604540000">
        <ele>786.000</ele>
      </trkpt>
      <trkpt lat="42.949280000" lon="-6.605640000">
        <ele>784.000</ele>
      </trkpt>
      <trkpt lat="42.949310000" lon="-6.605780000">
        <ele>782.000</ele>
      </trkpt>
      <trkpt lat="42.949330000" lon="-6.605930000">
        <ele>781.000</ele>
      </trkpt>
      <trkpt lat="42.949330000" lon="-6.606220000">
        <ele>780.000</ele>
      </trkpt>
      <trkpt lat="42.949390000" lon="-6.606700000">
        <ele>778.000</ele>
      </trkpt>
      <trkpt lat="42.949700000" lon="-6.608130000">
        <ele>776.000</ele>
      </trkpt>
      <trkpt lat="42.949890000" lon="-6.608890000">
        <ele>773.000</ele>
      </trkpt>
      <trkpt lat="42.950120000" lon="-6.610010000">
        <ele>771.000</ele>
      </trkpt>
      <trkpt lat="42.950200000" lon="-6.610290000">
        <ele>769.000</ele>
      </trkpt>
      <trkpt lat="42.950270000" lon="-6.610480000">
        <ele>767.000</ele>
      </trkpt>
      <trkpt lat="42.950450000" lon="-6.610860000">
        <ele>767.000</ele>
      </trkpt>
      <trkpt lat="42.950700000" lon="-6.611280000">
        <ele>766.000</ele>
      </trkpt>
      <trkpt lat="42.950910000" lon="-6.611470000">
        <ele>766.000</ele>
      </trkpt>
      <trkpt lat="42.951480000" lon="-6.611870000">
        <ele>766.000</ele>
      </trkpt>
      <trkpt lat="42.951540000" lon="-6.611930000">
        <ele>766.000</ele>
      </trkpt>
      <trkpt lat="42.951650000" lon="-6.612080000">
        <ele>766.000</ele>
      </trkpt>
      <trkpt lat="42.951910000" lon="-6.612680000">
        <ele>766.000</ele>
      </trkpt>
      <trkpt lat="42.952030000" lon="-6.612860000">
        <ele>765.000</ele>
      </trkpt>
      <trkpt lat="42.953410000" lon="-6.614350000">
        <ele>761.000</ele>
      </trkpt>
      <trkpt lat="42.953800000" lon="-6.614770000">
        <ele>758.000</ele>
      </trkpt>
      <trkpt lat="42.954200000" lon="-6.615180000">
        <ele>756.000</ele>
      </trkpt>
      <trkpt lat="42.954310000" lon="-6.615240000">
        <ele>754.000</ele>
      </trkpt>
      <trkpt lat="42.954430000" lon="-6.615250000">
        <ele>753.000</ele>
      </trkpt>
      <trkpt lat="42.954680000" lon="-6.615210000">
        <ele>751.000</ele>
      </trkpt>
      <trkpt lat="42.955080000" lon="-6.615150000">
        <ele>750.000</ele>
      </trkpt>
      <trkpt lat="42.955160000" lon="-6.615140000">
        <ele>749.000</ele>
      </trkpt>
      <trkpt lat="42.955280000" lon="-6.615170000">
        <ele>749.000</ele>
      </trkpt>
      <trkpt lat="42.955640000" lon="-6.615340000">
        <ele>748.000</ele>
      </trkpt>
      <trkpt lat="42.956170000" lon="-6.615570000">
        <ele>748.000</ele>
      </trkpt>
      <trkpt lat="42.956390000" lon="-6.615690000">
        <ele>748.000</ele>
      </trkpt>
      <trkpt lat="42.956530000" lon="-6.615840000">
        <ele>748.000</ele>
      </trkpt>
      <trkpt lat="42.956970000" lon="-6.616740000">
        <ele>748.000</ele>
      </trkpt>
      <trkpt lat="42.957280000" lon="-6.617210000">
        <ele>748.000</ele>
      </trkpt>
      <trkpt lat="42.957360000" lon="-6.617490000">
        <ele>748.000</ele>
      </trkpt>
      <trkpt lat="42.957470000" lon="-6.617980000">
        <ele>748.000</ele>
      </trkpt>
      <trkpt lat="42.957550000" lon="-6.618150000">
        <ele>747.000</ele>
      </trkpt>
      <trkpt lat="42.957700000" lon="-6.618340000">
        <ele>747.000</ele>
      </trkpt>
      <trkpt lat="42.957830000" lon="-6.618400000">
        <ele>747.000</ele>
      </trkpt>
      <trkpt lat="42.957970000" lon="-6.618420000">
        <ele>747.000</ele>
      </trkpt>
      <trkpt lat="42.958430000" lon="-6.618380000">
        <ele>746.000</ele>
      </trkpt>
      <trkpt lat="42.958570000" lon="-6.618390000">
        <ele>746.000</ele>
      </trkpt>
      <trkpt lat="42.958680000" lon="-6.618410000">
        <ele>746.000</ele>
      </trkpt>
      <trkpt lat="42.958820000" lon="-6.618490000">
        <ele>745.000</ele>
      </trkpt>
      <trkpt lat="42.959100000" lon="-6.618720000">
        <ele>745.000</ele>
      </trkpt>
      <trkpt lat="42.959450000" lon="-6.618920000">
        <ele>744.000</ele>
      </trkpt>
      <trkpt lat="42.959760000" lon="-6.619270000">
        <ele>744.000</ele>
      </trkpt>
      <trkpt lat="42.960160000" lon="-6.619520000">
        <ele>743.000</ele>
      </trkpt>
      <trkpt lat="42.960290000" lon="-6.619630000">
        <ele>742.000</ele>
      </trkpt>
      <trkpt lat="42.960540000" lon="-6.619910000">
        <ele>742.000</ele>
      </trkpt>
      <trkpt lat="42.961160000" lon="-6.620710000">
        <ele>742.000</ele>
      </trkpt>
      <trkpt lat="42.961300000" lon="-6.620840000">
        <ele>742.000</ele>
      </trkpt>
      <trkpt lat="42.961430000" lon="-6.620910000">
        <ele>742.000</ele>
      </trkpt>
      <trkpt lat="42.961560000" lon="-6.620940000">
        <ele>742.000</ele>
      </trkpt>
      <trkpt lat="42.961670000" lon="-6.620910000">
        <ele>742.000</ele>
      </trkpt>
      <trkpt lat="42.962050000" lon="-6.620770000">
        <ele>742.000</ele>
      </trkpt>
      <trkpt lat="42.962220000" lon="-6.620780000">
        <ele>742.000</ele>
      </trkpt>
      <trkpt lat="42.962370000" lon="-6.620840000">
        <ele>742.000</ele>
      </trkpt>
      <trkpt lat="42.962690000" lon="-6.621020000">
        <ele>741.000</ele>
      </trkpt>
      <trkpt lat="42.962850000" lon="-6.621170000">
        <ele>741.000</ele>
      </trkpt>
      <trkpt lat="42.962920000" lon="-6.621280000">
        <ele>740.000</ele>
      </trkpt>
      <trkpt lat="42.963070000" lon="-6.621580000">
        <ele>740.000</ele>
      </trkpt>
      <trkpt lat="42.963190000" lon="-6.621740000">
        <ele>739.000</ele>
      </trkpt>
      <trkpt lat="42.963300000" lon="-6.621800000">
        <ele>739.000</ele>
      </trkpt>
      <trkpt lat="42.963530000" lon="-6.621840000">
        <ele>739.000</ele>
      </trkpt>
      <trkpt lat="42.963600000" lon="-6.621870000">
        <ele>739.000</ele>
      </trkpt>
      <trkpt lat="42.964020000" lon="-6.622290000">
        <ele>739.000</ele>
      </trkpt>
      <trkpt lat="42.964150000" lon="-6.622380000">
        <ele>739.000</ele>
      </trkpt>
      <trkpt lat="42.964640000" lon="-6.622640000">
        <ele>740.000</ele>
      </trkpt>
      <trkpt lat="42.964910000" lon="-6.622720000">
        <ele>740.000</ele>
      </trkpt>
      <trkpt lat="42.965220000" lon="-6.622900000">
        <ele>741.000</ele>
      </trkpt>
      <trkpt lat="42.965730000" lon="-6.623240000">
        <ele>742.000</ele>
      </trkpt>
      <trkpt lat="42.965920000" lon="-6.623430000">
        <ele>743.000</ele>
      </trkpt>
      <trkpt lat="42.966020000" lon="-6.623580000">
        <ele>744.000</ele>
      </trkpt>
      <trkpt lat="42.966130000" lon="-6.623670000">
        <ele>744.000</ele>
      </trkpt>
      <trkpt lat="42.966960000" lon="-6.624140000">
        <ele>746.000</ele>
      </trkpt>
      <trkpt lat="42.967230000" lon="-6.624410000">
        <ele>748.000</ele>
      </trkpt>
      <trkpt lat="42.967470000" lon="-6.624680000">
        <ele>749.000</ele>
      </trkpt>
      <trkpt lat="42.967890000" lon="-6.625000000">
        <ele>750.000</ele>
      </trkpt>
      <trkpt lat="42.968460000" lon="-6.625280000">
        <ele>752.000</ele>
      </trkpt>
      <trkpt lat="42.969230000" lon="-6.625600000">
        <ele>754.000</ele>
      </trkpt>
      <trkpt lat="42.969800000" lon="-6.625760000">
        <ele>756.000</ele>
      </trkpt>
      <trkpt lat="42.969910000" lon="-6.625720000">
        <ele>758.000</ele>
      </trkpt>
      <trkpt lat="42.970060000" lon="-6.625620000">
        <ele>760.000</ele>
      </trkpt>
      <trkpt lat="42.970840000" lon="-6.625550000">
        <ele>763.000</ele>
      </trkpt>
      <trkpt lat="42.971060000" lon="-6.625600000">
        <ele>766.000</ele>
      </trkpt>
      <trkpt lat="42.971350000" lon="-6.625760000">
        <ele>767.000</ele>
      </trkpt>
      <trkpt lat="42.971520000" lon="-6.625810000">
        <ele>769.000</ele>
      </trkpt>
      <trkpt lat="42.971670000" lon="-6.625780000">
        <ele>770.000</ele>
      </trkpt>
      <trkpt lat="42.971830000" lon="-6.625640000">
        <ele>771.000</ele>
      </trkpt>
      <trkpt lat="42.971950000" lon="-6.625570000">
        <ele>772.000</ele>
      </trkpt>
      <trkpt lat="42.972620000" lon="-6.625490000">
        <ele>773.000</ele>
      </trkpt>
      <trkpt lat="42.972840000" lon="-6.625420000">
        <ele>774.000</ele>
      </trkpt>
      <trkpt lat="42.973050000" lon="-6.625300000">
        <ele>774.000</ele>
      </trkpt>
      <trkpt lat="42.973190000" lon="-6.625220000">
        <ele>773.000</ele>
      </trkpt>
      <trkpt lat="42.973310000" lon="-6.625080000">
        <ele>773.000</ele>
      </trkpt>
      <trkpt lat="42.973830000" lon="-6.624390000">
        <ele>771.000</ele>
      </trkpt>
      <trkpt lat="42.973940000" lon="-6.624340000">
        <ele>769.000</ele>
      </trkpt>
      <trkpt lat="42.974170000" lon="-6.624310000">
        <ele>767.000</ele>
      </trkpt>
      <trkpt lat="42.974500000" lon="-6.624320000">
        <ele>765.000</ele>
      </trkpt>
      <trkpt lat="42.974740000" lon="-6.624340000">
        <ele>764.000</ele>
      </trkpt>
      <trkpt lat="42.974940000" lon="-6.624380000">
        <ele>763.000</ele>
      </trkpt>
      <trkpt lat="42.975010000" lon="-6.624430000">
        <ele>763.000</ele>
      </trkpt>
      <trkpt lat="42.975200000" lon="-6.624700000">
        <ele>762.000</ele>
      </trkpt>
      <trkpt lat="42.975300000" lon="-6.624780000">
        <ele>762.000</ele>
      </trkpt>
      <trkpt lat="42.975410000" lon="-6.624820000">
        <ele>762.000</ele>
      </trkpt>
      <trkpt lat="42.975530000" lon="-6.624800000">
        <ele>762.000</ele>
      </trkpt>
      <trkpt lat="42.976030000" lon="-6.624530000">
        <ele>762.000</ele>
      </trkpt>
      <trkpt lat="42.976290000" lon="-6.624320000">
        <ele>762.000</ele>
      </trkpt>
      <trkpt lat="42.976400000" lon="-6.624260000">
        <ele>762.000</ele>
      </trkpt>
      <trkpt lat="42.976480000" lon="-6.624240000">
        <ele>762.000</ele>
      </trkpt>
      <trkpt lat="42.976730000" lon="-6.624350000">
        <ele>761.000</ele>
      </trkpt>
      <trkpt lat="42.976910000" lon="-6.624390000">
        <ele>759.000</ele>
      </trkpt>
      <trkpt lat="42.977040000" lon="-6.624370000">
        <ele>758.000</ele>
      </trkpt>
      <trkpt lat="42.977150000" lon="-6.624290000">
        <ele>757.000</ele>
      </trkpt>
      <trkpt lat="42.977370000" lon="-6.624050000">
        <ele>755.000</ele>
      </trkpt>
      <trkpt lat="42.977470000" lon="-6.624000000">
        <ele>754.000</ele>
      </trkpt>
      <trkpt lat="42.977570000" lon="-6.623990000">
        <ele>753.000</ele>
      </trkpt>
      <trkpt lat="42.977660000" lon="-6.624030000">
        <ele>752.000</ele>
      </trkpt>
      <trkpt lat="42.977830000" lon="-6.624180000">
        <ele>750.000</ele>
      </trkpt>
      <trkpt lat="42.977920000" lon="-6.624230000">
        <ele>749.000</ele>
      </trkpt>
      <trkpt lat="42.978070000" lon="-6.624240000">
        <ele>748.000</ele>
      </trkpt>
      <trkpt lat="42.978070000" lon="-6.624240000">
        <ele>747.000</ele>
      </trkpt>
      <trkpt lat="42.978490000" lon="-6.624280000">
        <ele>746.000</ele>
      </trkpt>
      <trkpt lat="42.978660000" lon="-6.624240000">
        <ele>745.000</ele>
      </trkpt>
      <trkpt lat="42.978970000" lon="-6.624020000">
        <ele>744.000</ele>
      </trkpt>
      <trkpt lat="42.979070000" lon="-6.623990000">
        <ele>743.000</ele>
      </trkpt>
      <trkpt lat="42.979210000" lon="-6.624020000">
        <ele>742.000</ele>
      </trkpt>
      <trkpt lat="42.979350000" lon="-6.624120000">
        <ele>741.000</ele>
      </trkpt>
      <trkpt lat="42.979450000" lon="-6.624290000">
        <ele>740.000</ele>
      </trkpt>
      <trkpt lat="42.979570000" lon="-6.624420000">
        <ele>740.000</ele>
      </trkpt>
      <trkpt lat="42.979670000" lon="-6.624450000">
        <ele>739.000</ele>
      </trkpt>
      <trkpt lat="42.979900000" lon="-6.624430000">
        <ele>738.000</ele>
      </trkpt>
      <trkpt lat="42.980140000" lon="-6.624340000">
        <ele>739.000</ele>
      </trkpt>
      <trkpt lat="42.980220000" lon="-6.624330000">
        <ele>739.000</ele>
      </trkpt>
      <trkpt lat="42.980300000" lon="-6.624350000">
        <ele>740.000</ele>
      </trkpt>
      <trkpt lat="42.981000000" lon="-6.624800000">
        <ele>744.000</ele>
      </trkpt>
      <trkpt lat="42.981080000" lon="-6.624870000">
        <ele>747.000</ele>
      </trkpt>
      <trkpt lat="42.981540000" lon="-6.625470000">
        <ele>751.000</ele>
      </trkpt>
      <trkpt lat="42.981690000" lon="-6.625750000">
        <ele>755.000</ele>
      </trkpt>
      <trkpt lat="42.981770000" lon="-6.625980000">
        <ele>758.000</ele>
      </trkpt>
      <trkpt lat="42.981880000" lon="-6.626480000">
        <ele>760.000</ele>
      </trkpt>
      <trkpt lat="42.981920000" lon="-6.626590000">
        <ele>763.000</ele>
      </trkpt>
      <trkpt lat="42.981970000" lon="-6.626680000">
        <ele>764.000</ele>
      </trkpt>
      <trkpt lat="42.982110000" lon="-6.626780000">
        <ele>765.000</ele>
      </trkpt>
      <trkpt lat="42.982220000" lon="-6.626810000">
        <ele>767.000</ele>
      </trkpt>
      <trkpt lat="42.982550000" lon="-6.626830000">
        <ele>768.000</ele>
      </trkpt>
      <trkpt lat="42.982760000" lon="-6.626870000">
        <ele>770.000</ele>
      </trkpt>
      <trkpt lat="42.983560000" lon="-6.627460000">
        <ele>773.000</ele>
      </trkpt>
      <trkpt lat="42.983700000" lon="-6.627530000">
        <ele>775.000</ele>
      </trkpt>
      <trkpt lat="42.983840000" lon="-6.627560000">
        <ele>777.000</ele>
      </trkpt>
      <trkpt lat="42.984000000" lon="-6.627540000">
        <ele>778.000</ele>
      </trkpt>
      <trkpt lat="42.984110000" lon="-6.627490000">
        <ele>780.000</ele>
      </trkpt>
      <trkpt lat="42.984190000" lon="-6.627400000">
        <ele>781.000</ele>
      </trkpt>
      <trkpt lat="42.984330000" lon="-6.627190000">
        <ele>782.000</ele>
      </trkpt>
      <trkpt lat="42.984920000" lon="-6.626430000">
        <ele>784.000</ele>
      </trkpt>
      <trkpt lat="42.984980000" lon="-6.626320000">
        <ele>786.000</ele>
      </trkpt>
      <trkpt lat="42.985020000" lon="-6.626210000">
        <ele>787.000</ele>
      </trkpt>
      <trkpt lat="42.985050000" lon="-6.626050000">
        <ele>788.000</ele>
      </trkpt>
      <trkpt lat="42.985090000" lon="-6.625730000">
        <ele>788.000</ele>
      </trkpt>
      <trkpt lat="42.985170000" lon="-6.625490000">
        <ele>788.000</ele>
      </trkpt>
      <trkpt lat="42.985360000" lon="-6.625210000">
        <ele>788.000</ele>
      </trkpt>
      <trkpt lat="42.985520000" lon="-6.625060000">
        <ele>788.000</ele>
      </trkpt>
      <trkpt lat="42.985800000" lon="-6.624880000">
        <ele>787.000</ele>
      </trkpt>
      <trkpt lat="42.985880000" lon="-6.624800000">
        <ele>787.000</ele>
      </trkpt>
      <trkpt lat="42.986140000" lon="-6.624410000">
        <ele>786.000</ele>
      </trkpt>
      <trkpt lat="42.986290000" lon="-6.624240000">
        <ele>786.000</ele>
      </trkpt>
      <trkpt lat="42.986390000" lon="-6.624170000">
        <ele>786.000</ele>
      </trkpt>
      <trkpt lat="42.986710000" lon="-6.624010000">
        <ele>787.000</ele>
      </trkpt>
      <trkpt lat="42.987180000" lon="-6.623560000">
        <ele>788.000</ele>
      </trkpt>
      <trkpt lat="42.987300000" lon="-6.623380000">
        <ele>789.000</ele>
      </trkpt>
      <trkpt lat="42.987480000" lon="-6.622930000">
        <ele>790.000</ele>
      </trkpt>
      <trkpt lat="42.987850000" lon="-6.622490000">
        <ele>792.000</ele>
      </trkpt>
      <trkpt lat="42.987930000" lon="-6.622260000">
        <ele>793.000</ele>
      </trkpt>
      <trkpt lat="42.988060000" lon="-6.621740000">
        <ele>794.000</ele>
      </trkpt>
      <trkpt lat="42.988100000" lon="-6.621610000">
        <ele>795.000</ele>
      </trkpt>
      <trkpt lat="42.988190000" lon="-6.621510000">
        <ele>796.000</ele>
      </trkpt>
      <trkpt lat="42.988320000" lon="-6.621460000">
        <ele>796.000</ele>
      </trkpt>
      <trkpt lat="42.988550000" lon="-6.621520000">
        <ele>797.000</ele>
      </trkpt>
      <trkpt lat="42.988630000" lon="-6.621600000">
        <ele>797.000</ele>
      </trkpt>
      <trkpt lat="42.988670000" lon="-6.621720000">
        <ele>798.000</ele>
      </trkpt>
      <trkpt lat="42.988690000" lon="-6.621890000">
        <ele>798.000</ele>
      </trkpt>
      <trkpt lat="42.988570000" lon="-6.622600000">
        <ele>799.000</ele>
      </trkpt>
      <trkpt lat="42.988540000" lon="-6.623470000">
        <ele>800.000</ele>
      </trkpt>
      <trkpt lat="42.988500000" lon="-6.623620000">
        <ele>802.000</ele>
      </trkpt>
      <trkpt lat="42.988080000" lon="-6.624560000">
        <ele>804.000</ele>
      </trkpt>
      <trkpt lat="42.987950000" lon="-6.624740000">
        <ele>806.000</ele>
      </trkpt>
      <trkpt lat="42.987570000" lon="-6.625180000">
        <ele>808.000</ele>
      </trkpt>
      <trkpt lat="42.987450000" lon="-6.625520000">
        <ele>810.000</ele>
      </trkpt>
      <trkpt lat="42.987260000" lon="-6.626520000">
        <ele>813.000</ele>
      </trkpt>
      <trkpt lat="42.987230000" lon="-6.626850000">
        <ele>817.000</ele>
      </trkpt>
      <trkpt lat="42.987250000" lon="-6.627660000">
        <ele>821.000</ele>
      </trkpt>
      <trkpt lat="42.987120000" lon="-6.628780000">
        <ele>824.000</ele>
      </trkpt>
      <trkpt lat="42.987150000" lon="-6.629280000">
        <ele>827.000</ele>
      </trkpt>
      <trkpt lat="42.987220000" lon="-6.629590000">
        <ele>829.000</ele>
      </trkpt>
      <trkpt lat="42.987370000" lon="-6.629880000">
        <ele>830.000</ele>
      </trkpt>
      <trkpt lat="42.987590000" lon="-6.630210000">
        <ele>832.000</ele>
      </trkpt>
      <trkpt lat="42.987670000" lon="-6.630490000">
        <ele>833.000</ele>
      </trkpt>
      <trkpt lat="42.987640000" lon="-6.630970000">
        <ele>834.000</ele>
      </trkpt>
      <trkpt lat="42.987630000" lon="-6.631430000">
        <ele>835.000</ele>
      </trkpt>
      <trkpt lat="42.987660000" lon="-6.631560000">
        <ele>835.000</ele>
      </trkpt>
      <trkpt lat="42.987700000" lon="-6.631680000">
        <ele>836.000</ele>
      </trkpt>
      <trkpt lat="42.987790000" lon="-6.631860000">
        <ele>836.000</ele>
      </trkpt>
      <trkpt lat="42.988260000" lon="-6.632380000">
        <ele>837.000</ele>
      </trkpt>
      <trkpt lat="42.988470000" lon="-6.632610000">
        <ele>839.000</ele>
      </trkpt>
      <trkpt lat="42.989150000" lon="-6.633760000">
        <ele>838.950</ele>
      </trkpt>
      <trkpt lat="42.989370000" lon="-6.634060000">
        <ele>838.930</ele>
      </trkpt>
      <trkpt lat="42.989670000" lon="-6.634310000">
        <ele>838.920</ele>
      </trkpt>
      <trkpt lat="42.990040000" lon="-6.634490000">
        <ele>838.900</ele>
      </trkpt>
      <trkpt lat="42.990860000" lon="-6.634820000">
        <ele>838.860</ele>
      </trkpt>
      <trkpt lat="42.991660000" lon="-6.635040000">
        <ele>838.820</ele>
      </trkpt>
      <trkpt lat="43.004200000" lon="-6.635540000">
        <ele>838.210</ele>
      </trkpt>
      <trkpt lat="43.005160000" lon="-6.635480000">
        <ele>838.170</ele>
      </trkpt>
      <trkpt lat="43.005690000" lon="-6.635150000">
        <ele>838.140</ele>
      </trkpt>
      <trkpt lat="43.006160000" lon="-6.634760000">
        <ele>838.110</ele>
      </trkpt>
      <trkpt lat="43.006910000" lon="-6.633880000">
        <ele>838.060</ele>
      </trkpt>
      <trkpt lat="43.006960000" lon="-6.633820000">
        <ele>838.060</ele>
      </trkpt>
      <trkpt lat="43.006970000" lon="-6.633800000">
        <ele>838.060</ele>
      </trkpt>
      <trkpt lat="43.007190000" lon="-6.633540000">
        <ele>838.050</ele>
      </trkpt>
      <trkpt lat="43.007870000" lon="-6.632720000">
        <ele>838.000</ele>
      </trkpt>
      <trkpt lat="43.008180000" lon="-6.632360000">
        <ele>826.000</ele>
      </trkpt>
      <trkpt lat="43.009350000" lon="-6.630930000">
        <ele>816.000</ele>
      </trkpt>
      <trkpt lat="43.009580000" lon="-6.630580000">
        <ele>807.000</ele>
      </trkpt>
      <trkpt lat="43.009950000" lon="-6.629750000">
        <ele>797.000</ele>
      </trkpt>
      <trkpt lat="43.010080000" lon="-6.629530000">
        <ele>789.000</ele>
      </trkpt>
      <trkpt lat="43.010220000" lon="-6.629330000">
        <ele>782.000</ele>
      </trkpt>
      <trkpt lat="43.010380000" lon="-6.629190000">
        <ele>776.000</ele>
      </trkpt>
      <trkpt lat="43.010520000" lon="-6.629080000">
        <ele>771.000</ele>
      </trkpt>
      <trkpt lat="43.010750000" lon="-6.629000000">
        <ele>767.000</ele>
      </trkpt>
      <trkpt lat="43.010950000" lon="-6.628970000">
        <ele>763.000</ele>
      </trkpt>
      <trkpt lat="43.011120000" lon="-6.628980000">
        <ele>759.000</ele>
      </trkpt>
      <trkpt lat="43.012980000" lon="-6.629350000">
        <ele>746.000</ele>
      </trkpt>
      <trkpt lat="43.013580000" lon="-6.629370000">
        <ele>735.000</ele>
      </trkpt>
      <trkpt lat="43.014230000" lon="-6.629120000">
        <ele>726.000</ele>
      </trkpt>
      <trkpt lat="43.014740000" lon="-6.628980000">
        <ele>718.000</ele>
      </trkpt>
      <trkpt lat="43.015160000" lon="-6.629060000">
        <ele>711.000</ele>
      </trkpt>
      <trkpt lat="43.015610000" lon="-6.629340000">
        <ele>705.000</ele>
      </trkpt>
      <trkpt lat="43.016060000" lon="-6.629470000">
        <ele>699.000</ele>
      </trkpt>
      <trkpt lat="43.016370000" lon="-6.629350000">
        <ele>693.000</ele>
      </trkpt>
      <trkpt lat="43.016530000" lon="-6.629190000">
        <ele>689.000</ele>
      </trkpt>
      <trkpt lat="43.016650000" lon="-6.629010000">
        <ele>685.000</ele>
      </trkpt>
      <trkpt lat="43.016730000" lon="-6.628850000">
        <ele>682.000</ele>
      </trkpt>
      <trkpt lat="43.016930000" lon="-6.628100000">
        <ele>678.000</ele>
      </trkpt>
      <trkpt lat="43.017010000" lon="-6.627890000">
        <ele>674.000</ele>
      </trkpt>
      <trkpt lat="43.017110000" lon="-6.627700000">
        <ele>671.000</ele>
      </trkpt>
      <trkpt lat="43.017230000" lon="-6.627560000">
        <ele>669.000</ele>
      </trkpt>
      <trkpt lat="43.017390000" lon="-6.627440000">
        <ele>666.000</ele>
      </trkpt>
      <trkpt lat="43.017550000" lon="-6.627400000">
        <ele>664.000</ele>
      </trkpt>
      <trkpt lat="43.017710000" lon="-6.627400000">
        <ele>661.000</ele>
      </trkpt>
      <trkpt lat="43.017910000" lon="-6.627450000">
        <ele>659.000</ele>
      </trkpt>
      <trkpt lat="43.018440000" lon="-6.627720000">
        <ele>655.000</ele>
      </trkpt>
      <trkpt lat="43.018620000" lon="-6.627720000">
        <ele>651.000</ele>
      </trkpt>
      <trkpt lat="43.018720000" lon="-6.627670000">
        <ele>649.000</ele>
      </trkpt>
      <trkpt lat="43.019310000" lon="-6.627220000">
        <ele>645.000</ele>
      </trkpt>
      <trkpt lat="43.019670000" lon="-6.626960000">
        <ele>642.000</ele>
      </trkpt>
      <trkpt lat="43.019710000" lon="-6.626930000">
        <ele>640.000</ele>
      </trkpt>
      <trkpt lat="43.019730000" lon="-6.626910000">
        <ele>638.000</ele>
      </trkpt>
      <trkpt lat="43.019830000" lon="-6.626820000">
        <ele>637.000</ele>
      </trkpt>
      <trkpt lat="43.020110000" lon="-6.626550000">
        <ele>635.000</ele>
      </trkpt>
      <trkpt lat="43.020160000" lon="-6.626460000">
        <ele>633.000</ele>
      </trkpt>
      <trkpt lat="43.020320000" lon="-6.626150000">
        <ele>632.000</ele>
      </trkpt>
      <trkpt lat="43.020600000" lon="-6.625570000">
        <ele>630.000</ele>
      </trkpt>
      <trkpt lat="43.020760000" lon="-6.625190000">
        <ele>629.000</ele>
      </trkpt>
      <trkpt lat="43.021040000" lon="-6.624520000">
        <ele>627.000</ele>
      </trkpt>
      <trkpt lat="43.021160000" lon="-6.624270000">
        <ele>625.000</ele>
      </trkpt>
      <trkpt lat="43.021220000" lon="-6.624210000">
        <ele>624.000</ele>
      </trkpt>
      <trkpt lat="43.021830000" lon="-6.623880000">
        <ele>623.000</ele>
      </trkpt>
      <trkpt lat="43.022440000" lon="-6.623760000">
        <ele>622.000</ele>
      </trkpt>
      <trkpt lat="43.022780000" lon="-6.623710000">
        <ele>621.000</ele>
      </trkpt>
      <trkpt lat="43.023000000" lon="-6.623740000">
        <ele>620.000</ele>
      </trkpt>
      <trkpt lat="43.025000000" lon="-6.624550000">
        <ele>618.000</ele>
      </trkpt>
      <trkpt lat="43.025360000" lon="-6.624590000">
        <ele>616.000</ele>
      </trkpt>
      <trkpt lat="43.026060000" lon="-6.624640000">
        <ele>614.000</ele>
      </trkpt>
      <trkpt lat="43.027510000" lon="-6.624710000">
        <ele>611.000</ele>
      </trkpt>
      <trkpt lat="43.027940000" lon="-6.624670000">
        <ele>609.000</ele>
      </trkpt>
      <trkpt lat="43.028270000" lon="-6.624600000">
        <ele>607.000</ele>
      </trkpt>
      <trkpt lat="43.029100000" lon="-6.624350000">
        <ele>606.000</ele>
      </trkpt>
      <trkpt lat="43.029390000" lon="-6.624220000">
        <ele>605.000</ele>
      </trkpt>
      <trkpt lat="43.029540000" lon="-6.624160000">
        <ele>605.000</ele>
      </trkpt>
      <trkpt lat="43.029780000" lon="-6.624010000">
        <ele>604.000</ele>
      </trkpt>
      <trkpt lat="43.029960000" lon="-6.623850000">
        <ele>604.000</ele>
      </trkpt>
      <trkpt lat="43.030250000" lon="-6.623510000">
        <ele>604.000</ele>
      </trkpt>
      <trkpt lat="43.030770000" lon="-6.622760000">
        <ele>603.000</ele>
      </trkpt>
      <trkpt lat="43.031020000" lon="-6.622510000">
        <ele>603.000</ele>
      </trkpt>
      <trkpt lat="43.031220000" lon="-6.622390000">
        <ele>603.000</ele>
      </trkpt>
      <trkpt lat="43.031440000" lon="-6.622330000">
        <ele>602.000</ele>
      </trkpt>
      <trkpt lat="43.032120000" lon="-6.622230000">
        <ele>601.000</ele>
      </trkpt>
      <trkpt lat="43.032310000" lon="-6.622140000">
        <ele>600.000</ele>
      </trkpt>
      <trkpt lat="43.032730000" lon="-6.621770000">
        <ele>599.000</ele>
      </trkpt>
      <trkpt lat="43.034810000" lon="-6.620750000">
        <ele>597.000</ele>
      </trkpt>
      <trkpt lat="43.035320000" lon="-6.620230000">
        <ele>595.000</ele>
      </trkpt>
      <trkpt lat="43.035720000" lon="-6.620110000">
        <ele>594.000</ele>
      </trkpt>
      <trkpt lat="43.035980000" lon="-6.619960000">
        <ele>593.000</ele>
      </trkpt>
      <trkpt lat="43.036300000" lon="-6.619610000">
        <ele>593.000</ele>
      </trkpt>
      <trkpt lat="43.036490000" lon="-6.619470000">
        <ele>592.000</ele>
      </trkpt>
      <trkpt lat="43.036750000" lon="-6.619430000">
        <ele>592.000</ele>
      </trkpt>
      <trkpt lat="43.038530000" lon="-6.619980000">
        <ele>593.000</ele>
      </trkpt>
      <trkpt lat="43.039100000" lon="-6.619960000">
        <ele>593.000</ele>
      </trkpt>
      <trkpt lat="43.039780000" lon="-6.619790000">
        <ele>591.000</ele>
      </trkpt>
      <trkpt lat="43.040800000" lon="-6.619410000">
        <ele>589.000</ele>
      </trkpt>
      <trkpt lat="43.041100000" lon="-6.619280000">
        <ele>587.000</ele>
      </trkpt>
      <trkpt lat="43.041530000" lon="-6.619000000">
        <ele>585.000</ele>
      </trkpt>
      <trkpt lat="43.041850000" lon="-6.618830000">
        <ele>583.000</ele>
      </trkpt>
      <trkpt lat="43.042170000" lon="-6.618690000">
        <ele>581.000</ele>
      </trkpt>
      <trkpt lat="43.042360000" lon="-6.618520000">
        <ele>580.000</ele>
      </trkpt>
      <trkpt lat="43.042640000" lon="-6.618190000">
        <ele>578.000</ele>
      </trkpt>
      <trkpt lat="43.042790000" lon="-6.618070000">
        <ele>577.000</ele>
      </trkpt>
      <trkpt lat="43.043040000" lon="-6.617980000">
        <ele>575.000</ele>
      </trkpt>
      <trkpt lat="43.043700000" lon="-6.617840000">
        <ele>574.000</ele>
      </trkpt>
      <trkpt lat="43.043910000" lon="-6.617770000">
        <ele>573.000</ele>
      </trkpt>
      <trkpt lat="43.044020000" lon="-6.617680000">
        <ele>572.000</ele>
      </trkpt>
      <trkpt lat="43.044130000" lon="-6.617580000">
        <ele>571.000</ele>
      </trkpt>
      <trkpt lat="43.044300000" lon="-6.617260000">
        <ele>570.000</ele>
      </trkpt>
      <trkpt lat="43.044450000" lon="-6.617050000">
        <ele>569.000</ele>
      </trkpt>
      <trkpt lat="43.044620000" lon="-6.616920000">
        <ele>569.000</ele>
      </trkpt>
      <trkpt lat="43.044740000" lon="-6.616870000">
        <ele>568.000</ele>
      </trkpt>
      <trkpt lat="43.045380000" lon="-6.616760000">
        <ele>567.000</ele>
      </trkpt>
      <trkpt lat="43.045580000" lon="-6.616710000">
        <ele>565.000</ele>
      </trkpt>
      <trkpt lat="43.045780000" lon="-6.616630000">
        <ele>564.000</ele>
      </trkpt>
      <trkpt lat="43.046710000" lon="-6.616080000">
        <ele>562.000</ele>
      </trkpt>
      <trkpt lat="43.047600000" lon="-6.615540000">
        <ele>560.000</ele>
      </trkpt>
      <trkpt lat="43.047850000" lon="-6.615420000">
        <ele>558.000</ele>
      </trkpt>
      <trkpt lat="43.048120000" lon="-6.615320000">
        <ele>556.000</ele>
      </trkpt>
      <trkpt lat="43.048540000" lon="-6.615240000">
        <ele>555.000</ele>
      </trkpt>
      <trkpt lat="43.049620000" lon="-6.615180000">
        <ele>553.000</ele>
      </trkpt>
      <trkpt lat="43.049870000" lon="-6.615190000">
        <ele>552.000</ele>
      </trkpt>
      <trkpt lat="43.050150000" lon="-6.615240000">
        <ele>551.000</ele>
      </trkpt>
      <trkpt lat="43.050400000" lon="-6.615310000">
        <ele>550.000</ele>
      </trkpt>
      <trkpt lat="43.050570000" lon="-6.615380000">
        <ele>550.000</ele>
      </trkpt>
      <trkpt lat="43.051130000" lon="-6.615640000">
        <ele>550.000</ele>
      </trkpt>
      <trkpt lat="43.051450000" lon="-6.615800000">
        <ele>551.000</ele>
      </trkpt>
      <trkpt lat="43.051620000" lon="-6.615890000">
        <ele>552.000</ele>
      </trkpt>
      <trkpt lat="43.051930000" lon="-6.616050000">
        <ele>553.000</ele>
      </trkpt>
      <trkpt lat="43.052840000" lon="-6.616700000">
        <ele>555.000</ele>
      </trkpt>
      <trkpt lat="43.053070000" lon="-6.616830000">
        <ele>555.000</ele>
      </trkpt>
      <trkpt lat="43.053290000" lon="-6.616920000">
        <ele>554.000</ele>
      </trkpt>
      <trkpt lat="43.053790000" lon="-6.617080000">
        <ele>552.000</ele>
      </trkpt>
      <trkpt lat="43.053960000" lon="-6.617090000">
        <ele>550.000</ele>
      </trkpt>
      <trkpt lat="43.054090000" lon="-6.617060000">
        <ele>548.000</ele>
      </trkpt>
      <trkpt lat="43.054200000" lon="-6.617000000">
        <ele>547.000</ele>
      </trkpt>
      <trkpt lat="43.054280000" lon="-6.616940000">
        <ele>545.000</ele>
      </trkpt>
      <trkpt lat="43.054550000" lon="-6.616650000">
        <ele>543.000</ele>
      </trkpt>
      <trkpt lat="43.054670000" lon="-6.616550000">
        <ele>541.000</ele>
      </trkpt>
      <trkpt lat="43.054790000" lon="-6.616480000">
        <ele>540.000</ele>
      </trkpt>
      <trkpt lat="43.054930000" lon="-6.616460000">
        <ele>539.000</ele>
      </trkpt>
      <trkpt lat="43.055060000" lon="-6.616480000">
        <ele>538.000</ele>
      </trkpt>
      <trkpt lat="43.055250000" lon="-6.616570000">
        <ele>538.000</ele>
      </trkpt>
      <trkpt lat="43.055650000" lon="-6.616850000">
        <ele>537.000</ele>
      </trkpt>
      <trkpt lat="43.055840000" lon="-6.616950000">
        <ele>536.000</ele>
      </trkpt>
      <trkpt lat="43.055950000" lon="-6.617050000">
        <ele>535.000</ele>
      </trkpt>
      <trkpt lat="43.056110000" lon="-6.617190000">
        <ele>534.000</ele>
      </trkpt>
      <trkpt lat="43.056180000" lon="-6.617250000">
        <ele>534.000</ele>
      </trkpt>
      <trkpt lat="43.056220000" lon="-6.617280000">
        <ele>533.000</ele>
      </trkpt>
      <trkpt lat="43.056320000" lon="-6.617330000">
        <ele>533.000</ele>
      </trkpt>
      <trkpt lat="43.056430000" lon="-6.617340000">
        <ele>533.000</ele>
      </trkpt>
      <trkpt lat="43.056790000" lon="-6.617230000">
        <ele>533.000</ele>
      </trkpt>
      <trkpt lat="43.057880000" lon="-6.616960000">
        <ele>534.000</ele>
      </trkpt>
      <trkpt lat="43.058010000" lon="-6.616890000">
        <ele>535.000</ele>
      </trkpt>
      <trkpt lat="43.058140000" lon="-6.616780000">
        <ele>536.000</ele>
      </trkpt>
      <trkpt lat="43.058450000" lon="-6.616370000">
        <ele>536.000</ele>
      </trkpt>
      <trkpt lat="43.058630000" lon="-6.616230000">
        <ele>537.000</ele>
      </trkpt>
      <trkpt lat="43.058810000" lon="-6.616170000">
        <ele>538.000</ele>
      </trkpt>
      <trkpt lat="43.060690000" lon="-6.615970000">
        <ele>540.000</ele>
      </trkpt>
      <trkpt lat="43.060910000" lon="-6.615960000">
        <ele>541.000</ele>
      </trkpt>
      <trkpt lat="43.061360000" lon="-6.616020000">
        <ele>542.000</ele>
      </trkpt>
      <trkpt lat="43.061520000" lon="-6.615990000">
        <ele>543.000</ele>
      </trkpt>
      <trkpt lat="43.061750000" lon="-6.615920000">
        <ele>544.000</ele>
      </trkpt>
      <trkpt lat="43.062240000" lon="-6.615690000">
        <ele>545.000</ele>
      </trkpt>
      <trkpt lat="43.062390000" lon="-6.615650000">
        <ele>546.000</ele>
      </trkpt>
      <trkpt lat="43.062820000" lon="-6.615650000">
        <ele>547.000</ele>
      </trkpt>
      <trkpt lat="43.063470000" lon="-6.615520000">
        <ele>547.000</ele>
      </trkpt>
      <trkpt lat="43.063680000" lon="-6.615500000">
        <ele>548.000</ele>
      </trkpt>
      <trkpt lat="43.063890000" lon="-6.615530000">
        <ele>548.000</ele>
      </trkpt>
      <trkpt lat="43.064060000" lon="-6.615590000">
        <ele>548.000</ele>
      </trkpt>
      <trkpt lat="43.065170000" lon="-6.616130000">
        <ele>548.000</ele>
      </trkpt>
      <trkpt lat="43.065310000" lon="-6.616150000">
        <ele>548.000</ele>
      </trkpt>
      <trkpt lat="43.065490000" lon="-6.616130000">
        <ele>548.000</ele>
      </trkpt>
      <trkpt lat="43.065650000" lon="-6.616060000">
        <ele>547.000</ele>
      </trkpt>
      <trkpt lat="43.065830000" lon="-6.615910000">
        <ele>546.000</ele>
      </trkpt>
      <trkpt lat="43.066430000" lon="-6.615200000">
        <ele>544.000</ele>
      </trkpt>
      <trkpt lat="43.066550000" lon="-6.615090000">
        <ele>543.000</ele>
      </trkpt>
      <trkpt lat="43.066760000" lon="-6.614990000">
        <ele>541.000</ele>
      </trkpt>
      <trkpt lat="43.066950000" lon="-6.614960000">
        <ele>540.000</ele>
      </trkpt>
      <trkpt lat="43.067160000" lon="-6.615010000">
        <ele>540.000</ele>
      </trkpt>
      <trkpt lat="43.067710000" lon="-6.615360000">
        <ele>540.000</ele>
      </trkpt>
      <trkpt lat="43.067850000" lon="-6.615430000">
        <ele>539.000</ele>
      </trkpt>
      <trkpt lat="43.068000000" lon="-6.615470000">
        <ele>539.000</ele>
      </trkpt>
      <trkpt lat="43.068200000" lon="-6.615480000">
        <ele>539.000</ele>
      </trkpt>
      <trkpt lat="43.068390000" lon="-6.615460000">
        <ele>539.000</ele>
      </trkpt>
      <trkpt lat="43.068530000" lon="-6.615410000">
        <ele>539.000</ele>
      </trkpt>
      <trkpt lat="43.069620000" lon="-6.614900000">
        <ele>540.000</ele>
      </trkpt>
      <trkpt lat="43.069960000" lon="-6.614770000">
        <ele>540.000</ele>
      </trkpt>
      <trkpt lat="43.070300000" lon="-6.614670000">
        <ele>540.000</ele>
      </trkpt>
      <trkpt lat="43.070560000" lon="-6.614640000">
        <ele>540.000</ele>
      </trkpt>
      <trkpt lat="43.071800000" lon="-6.614530000">
        <ele>539.000</ele>
      </trkpt>
      <trkpt lat="43.073040000" lon="-6.614460000">
        <ele>537.000</ele>
      </trkpt>
      <trkpt lat="43.073590000" lon="-6.614410000">
        <ele>534.000</ele>
      </trkpt>
      <trkpt lat="43.074030000" lon="-6.614300000">
        <ele>531.000</ele>
      </trkpt>
      <trkpt lat="43.074680000" lon="-6.614000000">
        <ele>526.000</ele>
      </trkpt>
      <trkpt lat="43.074960000" lon="-6.613840000">
        <ele>522.000</ele>
      </trkpt>
      <trkpt lat="43.075210000" lon="-6.613660000">
        <ele>520.000</ele>
      </trkpt>
      <trkpt lat="43.075560000" lon="-6.613360000">
        <ele>518.000</ele>
      </trkpt>
      <trkpt lat="43.075780000" lon="-6.613220000">
        <ele>516.000</ele>
      </trkpt>
      <trkpt lat="43.076170000" lon="-6.613020000">
        <ele>515.000</ele>
      </trkpt>
      <trkpt lat="43.076540000" lon="-6.612790000">
        <ele>514.000</ele>
      </trkpt>
      <trkpt lat="43.077620000" lon="-6.611740000">
        <ele>513.000</ele>
      </trkpt>
      <trkpt lat="43.077950000" lon="-6.611500000">
        <ele>512.000</ele>
      </trkpt>
      <trkpt lat="43.078900000" lon="-6.611060000">
        <ele>511.000</ele>
      </trkpt>
      <trkpt lat="43.079430000" lon="-6.610850000">
        <ele>509.000</ele>
      </trkpt>
      <trkpt lat="43.079600000" lon="-6.610820000">
        <ele>508.000</ele>
      </trkpt>
      <trkpt lat="43.079770000" lon="-6.610820000">
        <ele>507.000</ele>
      </trkpt>
      <trkpt lat="43.080390000" lon="-6.610890000">
        <ele>508.000</ele>
      </trkpt>
      <trkpt lat="43.080840000" lon="-6.610920000">
        <ele>508.000</ele>
      </trkpt>
      <trkpt lat="43.080990000" lon="-6.610890000">
        <ele>509.000</ele>
      </trkpt>
      <trkpt lat="43.081150000" lon="-6.610830000">
        <ele>509.000</ele>
      </trkpt>
      <trkpt lat="43.081340000" lon="-6.610720000">
        <ele>510.000</ele>
      </trkpt>
      <trkpt lat="43.081500000" lon="-6.610580000">
        <ele>510.000</ele>
      </trkpt>
      <trkpt lat="43.081830000" lon="-6.610130000">
        <ele>509.000</ele>
      </trkpt>
      <trkpt lat="43.082030000" lon="-6.609810000">
        <ele>508.000</ele>
      </trkpt>
      <trkpt lat="43.082170000" lon="-6.609640000">
        <ele>508.000</ele>
      </trkpt>
      <trkpt lat="43.082390000" lon="-6.609470000">
        <ele>507.000</ele>
      </trkpt>
      <trkpt lat="43.083790000" lon="-6.608650000">
        <ele>504.000</ele>
      </trkpt>
      <trkpt lat="43.084000000" lon="-6.608540000">
        <ele>503.000</ele>
      </trkpt>
      <trkpt lat="43.084400000" lon="-6.608410000">
        <ele>502.000</ele>
      </trkpt>
      <trkpt lat="43.085000000" lon="-6.608330000">
        <ele>501.000</ele>
      </trkpt>
      <trkpt lat="43.085190000" lon="-6.608280000">
        <ele>501.000</ele>
      </trkpt>
      <trkpt lat="43.085360000" lon="-6.608210000">
        <ele>501.000</ele>
      </trkpt>
      <trkpt lat="43.085860000" lon="-6.607870000">
        <ele>501.000</ele>
      </trkpt>
      <trkpt lat="43.086000000" lon="-6.607820000">
        <ele>501.000</ele>
      </trkpt>
      <trkpt lat="43.086320000" lon="-6.607720000">
        <ele>501.000</ele>
      </trkpt>
      <trkpt lat="43.087470000" lon="-6.607400000">
        <ele>501.000</ele>
      </trkpt>
      <trkpt lat="43.087650000" lon="-6.607320000">
        <ele>501.000</ele>
      </trkpt>
      <trkpt lat="43.087840000" lon="-6.607170000">
        <ele>501.000</ele>
      </trkpt>
      <trkpt lat="43.087990000" lon="-6.607010000">
        <ele>501.000</ele>
      </trkpt>
      <trkpt lat="43.088120000" lon="-6.606820000">
        <ele>500.000</ele>
      </trkpt>
      <trkpt lat="43.088200000" lon="-6.606660000">
        <ele>500.000</ele>
      </trkpt>
      <trkpt lat="43.088290000" lon="-6.606440000">
        <ele>500.000</ele>
      </trkpt>
      <trkpt lat="43.088360000" lon="-6.606140000">
        <ele>500.000</ele>
      </trkpt>
      <trkpt lat="43.088460000" lon="-6.605710000">
        <ele>500.000</ele>
      </trkpt>
      <trkpt lat="43.088560000" lon="-6.605420000">
        <ele>500.000</ele>
      </trkpt>
      <trkpt lat="43.088880000" lon="-6.604860000">
        <ele>500.000</ele>
      </trkpt>
      <trkpt lat="43.088990000" lon="-6.604600000">
        <ele>499.000</ele>
      </trkpt>
      <trkpt lat="43.089040000" lon="-6.604430000">
        <ele>499.000</ele>
      </trkpt>
      <trkpt lat="43.089190000" lon="-6.603470000">
        <ele>498.000</ele>
      </trkpt>
      <trkpt lat="43.089270000" lon="-6.603270000">
        <ele>497.000</ele>
      </trkpt>
      <trkpt lat="43.089420000" lon="-6.603060000">
        <ele>497.000</ele>
      </trkpt>
      <trkpt lat="43.090310000" lon="-6.602470000">
        <ele>495.000</ele>
      </trkpt>
      <trkpt lat="43.090510000" lon="-6.602290000">
        <ele>494.000</ele>
      </trkpt>
      <trkpt lat="43.091860000" lon="-6.600890000">
        <ele>489.000</ele>
      </trkpt>
      <trkpt lat="43.092280000" lon="-6.600530000">
        <ele>487.000</ele>
      </trkpt>
      <trkpt lat="43.092600000" lon="-6.600410000">
        <ele>485.000</ele>
      </trkpt>
      <trkpt lat="43.093250000" lon="-6.600330000">
        <ele>484.000</ele>
      </trkpt>
      <trkpt lat="43.093510000" lon="-6.600270000">
        <ele>483.000</ele>
      </trkpt>
      <trkpt lat="43.093720000" lon="-6.600180000">
        <ele>482.000</ele>
      </trkpt>
      <trkpt lat="43.093960000" lon="-6.600010000">
        <ele>482.000</ele>
      </trkpt>
      <trkpt lat="43.094660000" lon="-6.599430000">
        <ele>483.000</ele>
      </trkpt>
      <trkpt lat="43.094880000" lon="-6.599280000">
        <ele>483.000</ele>
      </trkpt>
      <trkpt lat="43.095040000" lon="-6.599200000">
        <ele>484.000</ele>
      </trkpt>
      <trkpt lat="43.095690000" lon="-6.598960000">
        <ele>485.000</ele>
      </trkpt>
      <trkpt lat="43.095880000" lon="-6.598860000">
        <ele>485.000</ele>
      </trkpt>
      <trkpt lat="43.097220000" lon="-6.597530000">
        <ele>487.000</ele>
      </trkpt>
      <trkpt lat="43.097480000" lon="-6.597250000">
        <ele>487.000</ele>
      </trkpt>
      <trkpt lat="43.097680000" lon="-6.597000000">
        <ele>487.000</ele>
      </trkpt>
      <trkpt lat="43.097870000" lon="-6.596730000">
        <ele>486.000</ele>
      </trkpt>
      <trkpt lat="43.098460000" lon="-6.595750000">
        <ele>484.000</ele>
      </trkpt>
      <trkpt lat="43.098720000" lon="-6.595360000">
        <ele>483.000</ele>
      </trkpt>
      <trkpt lat="43.099750000" lon="-6.594030000">
        <ele>481.000</ele>
      </trkpt>
      <trkpt lat="43.099900000" lon="-6.593710000">
        <ele>479.000</ele>
      </trkpt>
      <trkpt lat="43.100250000" lon="-6.592480000">
        <ele>477.000</ele>
      </trkpt>
      <trkpt lat="43.100400000" lon="-6.591860000">
        <ele>476.000</ele>
      </trkpt>
      <trkpt lat="43.100500000" lon="-6.590880000">
        <ele>474.000</ele>
      </trkpt>
      <trkpt lat="43.100570000" lon="-6.590470000">
        <ele>473.000</ele>
      </trkpt>
      <trkpt lat="43.100710000" lon="-6.590010000">
        <ele>471.000</ele>
      </trkpt>
      <trkpt lat="43.100810000" lon="-6.589770000">
        <ele>470.000</ele>
      </trkpt>
      <trkpt lat="43.100950000" lon="-6.589530000">
        <ele>470.000</ele>
      </trkpt>
      <trkpt lat="43.101140000" lon="-6.589270000">
        <ele>469.000</ele>
      </trkpt>
      <trkpt lat="43.101350000" lon="-6.589070000">
        <ele>468.000</ele>
      </trkpt>
      <trkpt lat="43.101550000" lon="-6.588920000">
        <ele>468.000</ele>
      </trkpt>
      <trkpt lat="43.101840000" lon="-6.588770000">
        <ele>468.000</ele>
      </trkpt>
      <trkpt lat="43.102450000" lon="-6.588600000">
        <ele>468.000</ele>
      </trkpt>
      <trkpt lat="43.103250000" lon="-6.588380000">
        <ele>469.000</ele>
      </trkpt>
      <trkpt lat="43.103420000" lon="-6.588310000">
        <ele>469.000</ele>
      </trkpt>
      <trkpt lat="43.103730000" lon="-6.588110000">
        <ele>469.000</ele>
      </trkpt>
      <trkpt lat="43.104270000" lon="-6.587660000">
        <ele>468.000</ele>
      </trkpt>
      <trkpt lat="43.104850000" lon="-6.587120000">
        <ele>466.000</ele>
      </trkpt>
      <trkpt lat="43.105240000" lon="-6.586810000">
        <ele>464.000</ele>
      </trkpt>
      <trkpt lat="43.105470000" lon="-6.586690000">
        <ele>462.000</ele>
      </trkpt>
      <trkpt lat="43.105610000" lon="-6.586660000">
        <ele>461.000</ele>
      </trkpt>
      <trkpt lat="43.105770000" lon="-6.586640000">
        <ele>461.000</ele>
      </trkpt>
      <trkpt lat="43.105920000" lon="-6.586650000">
        <ele>460.000</ele>
      </trkpt>
      <trkpt lat="43.106120000" lon="-6.586660000">
        <ele>460.000</ele>
      </trkpt>
      <trkpt lat="43.106580000" lon="-6.586670000">
        <ele>460.000</ele>
      </trkpt>
      <trkpt lat="43.106700000" lon="-6.586650000">
        <ele>460.000</ele>
      </trkpt>
      <trkpt lat="43.106900000" lon="-6.586560000">
        <ele>460.000</ele>
      </trkpt>
      <trkpt lat="43.107170000" lon="-6.586410000">
        <ele>460.000</ele>
      </trkpt>
      <trkpt lat="43.107350000" lon="-6.586280000">
        <ele>460.000</ele>
      </trkpt>
      <trkpt lat="43.107560000" lon="-6.586080000">
        <ele>459.000</ele>
      </trkpt>
      <trkpt lat="43.108240000" lon="-6.585320000">
        <ele>459.000</ele>
      </trkpt>
      <trkpt lat="43.108570000" lon="-6.585040000">
        <ele>459.000</ele>
      </trkpt>
      <trkpt lat="43.108750000" lon="-6.584930000">
        <ele>459.000</ele>
      </trkpt>
      <trkpt lat="43.108920000" lon="-6.584880000">
        <ele>459.000</ele>
      </trkpt>
      <trkpt lat="43.109140000" lon="-6.584830000">
        <ele>459.000</ele>
      </trkpt>
      <trkpt lat="43.109350000" lon="-6.584840000">
        <ele>459.000</ele>
      </trkpt>
      <trkpt lat="43.109550000" lon="-6.584880000">
        <ele>459.000</ele>
      </trkpt>
      <trkpt lat="43.109990000" lon="-6.585070000">
        <ele>460.000</ele>
      </trkpt>
      <trkpt lat="43.111520000" lon="-6.586050000">
        <ele>461.000</ele>
      </trkpt>
      <trkpt lat="43.111700000" lon="-6.586120000">
        <ele>461.000</ele>
      </trkpt>
      <trkpt lat="43.111900000" lon="-6.586150000">
        <ele>461.000</ele>
      </trkpt>
      <trkpt lat="43.112270000" lon="-6.586150000">
        <ele>460.000</ele>
      </trkpt>
      <trkpt lat="43.112430000" lon="-6.586120000">
        <ele>459.000</ele>
      </trkpt>
      <trkpt lat="43.112790000" lon="-6.585950000">
        <ele>457.000</ele>
      </trkpt>
      <trkpt lat="43.113130000" lon="-6.585720000">
        <ele>455.000</ele>
      </trkpt>
      <trkpt lat="43.113260000" lon="-6.585600000">
        <ele>454.000</ele>
      </trkpt>
      <trkpt lat="43.113390000" lon="-6.585440000">
        <ele>453.000</ele>
      </trkpt>
      <trkpt lat="43.114000000" lon="-6.584460000">
        <ele>452.000</ele>
      </trkpt>
      <trkpt lat="43.114140000" lon="-6.584300000">
        <ele>452.000</ele>
      </trkpt>
      <trkpt lat="43.114370000" lon="-6.584080000">
        <ele>452.000</ele>
      </trkpt>
      <trkpt lat="43.114780000" lon="-6.583760000">
        <ele>452.000</ele>
      </trkpt>
      <trkpt lat="43.115200000" lon="-6.583360000">
        <ele>451.000</ele>
      </trkpt>
      <trkpt lat="43.115820000" lon="-6.582680000">
        <ele>451.000</ele>
      </trkpt>
      <trkpt lat="43.116030000" lon="-6.582490000">
        <ele>450.000</ele>
      </trkpt>
      <trkpt lat="43.119580000" lon="-6.580080000">
        <ele>447.000</ele>
      </trkpt>
      <trkpt lat="43.120180000" lon="-6.579640000">
        <ele>445.000</ele>
      </trkpt>
      <trkpt lat="43.121480000" lon="-6.578550000">
        <ele>443.000</ele>
      </trkpt>
      <trkpt lat="43.121690000" lon="-6.578440000">
        <ele>442.000</ele>
      </trkpt>
      <trkpt lat="43.121910000" lon="-6.578410000">
        <ele>441.000</ele>
      </trkpt>
      <trkpt lat="43.122080000" lon="-6.578420000">
        <ele>440.000</ele>
      </trkpt>
      <trkpt lat="43.122780000" lon="-6.578540000">
        <ele>440.000</ele>
      </trkpt>
      <trkpt lat="43.123420000" lon="-6.578670000">
        <ele>439.000</ele>
      </trkpt>
      <trkpt lat="43.123770000" lon="-6.578760000">
        <ele>438.000</ele>
      </trkpt>
      <trkpt lat="43.123930000" lon="-6.578840000">
        <ele>438.000</ele>
      </trkpt>
      <trkpt lat="43.124180000" lon="-6.579020000">
        <ele>437.000</ele>
      </trkpt>
      <trkpt lat="43.124420000" lon="-6.579230000">
        <ele>437.000</ele>
      </trkpt>
      <trkpt lat="43.125100000" lon="-6.579820000">
        <ele>437.000</ele>
      </trkpt>
      <trkpt lat="43.125430000" lon="-6.580050000">
        <ele>437.000</ele>
      </trkpt>
      <trkpt lat="43.125910000" lon="-6.580320000">
        <ele>439.000</ele>
      </trkpt>
      <trkpt lat="43.127240000" lon="-6.580960000">
        <ele>443.000</ele>
      </trkpt>
      <trkpt lat="43.127470000" lon="-6.581060000">
        <ele>446.000</ele>
      </trkpt>
      <trkpt lat="43.127630000" lon="-6.581080000">
        <ele>448.000</ele>
      </trkpt>
      <trkpt lat="43.128000000" lon="-6.581070000">
        <ele>449.000</ele>
      </trkpt>
      <trkpt lat="43.128270000" lon="-6.581090000">
        <ele>450.000</ele>
      </trkpt>
      <trkpt lat="43.128430000" lon="-6.581150000">
        <ele>451.000</ele>
      </trkpt>
      <trkpt lat="43.129310000" lon="-6.581630000">
        <ele>451.000</ele>
      </trkpt>
      <trkpt lat="43.129460000" lon="-6.581670000">
        <ele>451.000</ele>
      </trkpt>
      <trkpt lat="43.129640000" lon="-6.581680000">
        <ele>450.000</ele>
      </trkpt>
      <trkpt lat="43.129860000" lon="-6.581620000">
        <ele>448.000</ele>
      </trkpt>
      <trkpt lat="43.130070000" lon="-6.581480000">
        <ele>446.000</ele>
      </trkpt>
      <trkpt lat="43.130230000" lon="-6.581300000">
        <ele>444.000</ele>
      </trkpt>
      <trkpt lat="43.130790000" lon="-6.580490000">
        <ele>438.000</ele>
      </trkpt>
      <trkpt lat="43.130930000" lon="-6.580320000">
        <ele>435.000</ele>
      </trkpt>
      <trkpt lat="43.131190000" lon="-6.580110000">
        <ele>433.000</ele>
      </trkpt>
      <trkpt lat="43.131360000" lon="-6.580000000">
        <ele>431.000</ele>
      </trkpt>
      <trkpt lat="43.131650000" lon="-6.579830000">
        <ele>431.000</ele>
      </trkpt>
      <trkpt lat="43.131980000" lon="-6.579670000">
        <ele>430.000</ele>
      </trkpt>
      <trkpt lat="43.132150000" lon="-6.579630000">
        <ele>430.000</ele>
      </trkpt>
      <trkpt lat="43.132330000" lon="-6.579620000">
        <ele>430.000</ele>
      </trkpt>
      <trkpt lat="43.133000000" lon="-6.579640000">
        <ele>431.000</ele>
      </trkpt>
      <trkpt lat="43.133210000" lon="-6.579620000">
        <ele>431.000</ele>
      </trkpt>
      <trkpt lat="43.133400000" lon="-6.579560000">
        <ele>430.000</ele>
      </trkpt>
      <trkpt lat="43.133890000" lon="-6.579350000">
        <ele>429.000</ele>
      </trkpt>
      <trkpt lat="43.134220000" lon="-6.579240000">
        <ele>428.000</ele>
      </trkpt>
      <trkpt lat="43.134460000" lon="-6.579200000">
        <ele>427.000</ele>
      </trkpt>
      <trkpt lat="43.135110000" lon="-6.579210000">
        <ele>426.000</ele>
      </trkpt>
      <trkpt lat="43.135580000" lon="-6.579230000">
        <ele>426.000</ele>
      </trkpt>
      <trkpt lat="43.135760000" lon="-6.579260000">
        <ele>426.000</ele>
      </trkpt>
      <trkpt lat="43.135940000" lon="-6.579350000">
        <ele>426.000</ele>
      </trkpt>
      <trkpt lat="43.136180000" lon="-6.579530000">
        <ele>427.000</ele>
      </trkpt>
      <trkpt lat="43.136280000" lon="-6.579650000">
        <ele>428.000</ele>
      </trkpt>
      <trkpt lat="43.136460000" lon="-6.579940000">
        <ele>429.000</ele>
      </trkpt>
      <trkpt lat="43.136800000" lon="-6.580560000">
        <ele>431.000</ele>
      </trkpt>
      <trkpt lat="43.136880000" lon="-6.580690000">
        <ele>432.000</ele>
      </trkpt>
      <trkpt lat="43.137050000" lon="-6.580870000">
        <ele>432.000</ele>
      </trkpt>
      <trkpt lat="43.137250000" lon="-6.580990000">
        <ele>431.000</ele>
      </trkpt>
      <trkpt lat="43.137370000" lon="-6.581020000">
        <ele>431.000</ele>
      </trkpt>
      <trkpt lat="43.138150000" lon="-6.581050000">
        <ele>429.000</ele>
      </trkpt>
      <trkpt lat="43.138410000" lon="-6.581090000">
        <ele>426.000</ele>
      </trkpt>
      <trkpt lat="43.139450000" lon="-6.581340000">
        <ele>422.000</ele>
      </trkpt>
      <trkpt lat="43.139650000" lon="-6.581330000">
        <ele>420.000</ele>
      </trkpt>
      <trkpt lat="43.139780000" lon="-6.581270000">
        <ele>418.000</ele>
      </trkpt>
      <trkpt lat="43.140240000" lon="-6.580990000">
        <ele>416.000</ele>
      </trkpt>
      <trkpt lat="43.140350000" lon="-6.580970000">
        <ele>415.000</ele>
      </trkpt>
      <trkpt lat="43.140500000" lon="-6.580960000">
        <ele>414.000</ele>
      </trkpt>
      <trkpt lat="43.141220000" lon="-6.581040000">
        <ele>413.000</ele>
      </trkpt>
      <trkpt lat="43.141540000" lon="-6.581160000">
        <ele>412.000</ele>
      </trkpt>
      <trkpt lat="43.141680000" lon="-6.581250000">
        <ele>411.000</ele>
      </trkpt>
      <trkpt lat="43.141870000" lon="-6.581450000">
        <ele>411.000</ele>
      </trkpt>
      <trkpt lat="43.141990000" lon="-6.581640000">
        <ele>410.000</ele>
      </trkpt>
      <trkpt lat="43.142560000" lon="-6.582760000">
        <ele>410.000</ele>
      </trkpt>
      <trkpt lat="43.142730000" lon="-6.583000000">
        <ele>410.000</ele>
      </trkpt>
      <trkpt lat="43.142890000" lon="-6.583140000">
        <ele>410.000</ele>
      </trkpt>
      <trkpt lat="43.142910000" lon="-6.583160000">
        <ele>410.000</ele>
      </trkpt>
      <trkpt lat="43.143060000" lon="-6.583280000">
        <ele>410.000</ele>
      </trkpt>
      <trkpt lat="43.143280000" lon="-6.583430000">
        <ele>410.000</ele>
      </trkpt>
      <trkpt lat="43.143340000" lon="-6.583460000">
        <ele>410.000</ele>
      </trkpt>
      <trkpt lat="43.143370000" lon="-6.583480000">
        <ele>411.000</ele>
      </trkpt>
      <trkpt lat="43.143460000" lon="-6.583510000">
        <ele>411.000</ele>
      </trkpt>
      <trkpt lat="43.143550000" lon="-6.583520000">
        <ele>411.000</ele>
      </trkpt>
      <trkpt lat="43.143900000" lon="-6.583500000">
        <ele>412.000</ele>
      </trkpt>
      <trkpt lat="43.144080000" lon="-6.583440000">
        <ele>412.000</ele>
      </trkpt>
      <trkpt lat="43.144540000" lon="-6.583190000">
        <ele>413.000</ele>
      </trkpt>
      <trkpt lat="43.144730000" lon="-6.583110000">
        <ele>414.000</ele>
      </trkpt>
      <trkpt lat="43.145140000" lon="-6.583020000">
        <ele>414.000</ele>
      </trkpt>
      <trkpt lat="43.145340000" lon="-6.582950000">
        <ele>414.000</ele>
      </trkpt>
      <trkpt lat="43.145500000" lon="-6.582850000">
        <ele>415.000</ele>
      </trkpt>
      <trkpt lat="43.146090000" lon="-6.582350000">
        <ele>415.000</ele>
      </trkpt>
      <trkpt lat="43.146530000" lon="-6.581940000">
        <ele>416.000</ele>
      </trkpt>
      <trkpt lat="43.146730000" lon="-6.581730000">
        <ele>416.000</ele>
      </trkpt>
      <trkpt lat="43.146930000" lon="-6.581480000">
        <ele>416.000</ele>
      </trkpt>
      <trkpt lat="43.147210000" lon="-6.581090000">
        <ele>416.000</ele>
      </trkpt>
      <trkpt lat="43.147600000" lon="-6.580480000">
        <ele>415.000</ele>
      </trkpt>
      <trkpt lat="43.147780000" lon="-6.580190000">
        <ele>415.000</ele>
      </trkpt>
      <trkpt lat="43.147850000" lon="-6.580040000">
        <ele>414.000</ele>
      </trkpt>
      <trkpt lat="43.147920000" lon="-6.579810000">
        <ele>414.000</ele>
      </trkpt>
      <trkpt lat="43.147970000" lon="-6.579490000">
        <ele>413.000</ele>
      </trkpt>
      <trkpt lat="43.147980000" lon="-6.579300000">
        <ele>412.000</ele>
      </trkpt>
      <trkpt lat="43.147950000" lon="-6.578130000">
        <ele>410.000</ele>
      </trkpt>
      <trkpt lat="43.147990000" lon="-6.577770000">
        <ele>409.000</ele>
      </trkpt>
      <trkpt lat="43.148040000" lon="-6.577590000">
        <ele>407.000</ele>
      </trkpt>
      <trkpt lat="43.148120000" lon="-6.577410000">
        <ele>406.000</ele>
      </trkpt>
      <trkpt lat="43.148220000" lon="-6.577220000">
        <ele>406.000</ele>
      </trkpt>
      <trkpt lat="43.148540000" lon="-6.576770000">
        <ele>405.000</ele>
      </trkpt>
      <trkpt lat="43.148620000" lon="-6.576630000">
        <ele>405.000</ele>
      </trkpt>
      <trkpt lat="43.148700000" lon="-6.576340000">
        <ele>405.000</ele>
      </trkpt>
      <trkpt lat="43.148720000" lon="-6.576170000">
        <ele>404.000</ele>
      </trkpt>
      <trkpt lat="43.148710000" lon="-6.575960000">
        <ele>404.000</ele>
      </trkpt>
      <trkpt lat="43.148680000" lon="-6.575790000">
        <ele>404.000</ele>
      </trkpt>
      <trkpt lat="43.148630000" lon="-6.575640000">
        <ele>404.000</ele>
      </trkpt>
      <trkpt lat="43.148270000" lon="-6.575080000">
        <ele>404.000</ele>
      </trkpt>
      <trkpt lat="43.148180000" lon="-6.574880000">
        <ele>404.000</ele>
      </trkpt>
      <trkpt lat="43.148130000" lon="-6.574730000">
        <ele>404.000</ele>
      </trkpt>
      <trkpt lat="43.148080000" lon="-6.574440000">
        <ele>404.000</ele>
      </trkpt>
      <trkpt lat="43.148100000" lon="-6.573690000">
        <ele>405.000</ele>
      </trkpt>
      <trkpt lat="43.148130000" lon="-6.573260000">
        <ele>405.000</ele>
      </trkpt>
      <trkpt lat="43.148180000" lon="-6.573020000">
        <ele>406.000</ele>
      </trkpt>
      <trkpt lat="43.148250000" lon="-6.572810000">
        <ele>406.000</ele>
      </trkpt>
      <trkpt lat="43.148330000" lon="-6.572650000">
        <ele>407.000</ele>
      </trkpt>
      <trkpt lat="43.148520000" lon="-6.572370000">
        <ele>407.000</ele>
      </trkpt>
      <trkpt lat="43.148770000" lon="-6.572180000">
        <ele>407.000</ele>
      </trkpt>
      <trkpt lat="43.148920000" lon="-6.572110000">
        <ele>407.000</ele>
      </trkpt>
      <trkpt lat="43.149170000" lon="-6.572060000">
        <ele>406.000</ele>
      </trkpt>
      <trkpt lat="43.149720000" lon="-6.572020000">
        <ele>406.000</ele>
      </trkpt>
      <trkpt lat="43.150760000" lon="-6.571960000">
        <ele>405.000</ele>
      </trkpt>
      <trkpt lat="43.151010000" lon="-6.571970000">
        <ele>404.000</ele>
      </trkpt>
      <trkpt lat="43.151720000" lon="-6.572140000">
        <ele>403.000</ele>
      </trkpt>
      <trkpt lat="43.151870000" lon="-6.572140000">
        <ele>402.000</ele>
      </trkpt>
      <trkpt lat="43.152090000" lon="-6.572080000">
        <ele>402.000</ele>
      </trkpt>
      <trkpt lat="43.152250000" lon="-6.571930000">
        <ele>401.000</ele>
      </trkpt>
      <trkpt lat="43.152380000" lon="-6.571730000">
        <ele>400.000</ele>
      </trkpt>
      <trkpt lat="43.152450000" lon="-6.571580000">
        <ele>400.000</ele>
      </trkpt>
      <trkpt lat="43.152500000" lon="-6.571370000">
        <ele>399.000</ele>
      </trkpt>
      <trkpt lat="43.152510000" lon="-6.571220000">
        <ele>399.000</ele>
      </trkpt>
      <trkpt lat="43.152490000" lon="-6.570930000">
        <ele>398.000</ele>
      </trkpt>
      <trkpt lat="43.152280000" lon="-6.569080000">
        <ele>397.000</ele>
      </trkpt>
      <trkpt lat="43.152190000" lon="-6.568210000">
        <ele>397.000</ele>
      </trkpt>
      <trkpt lat="43.152200000" lon="-6.568010000">
        <ele>396.000</ele>
      </trkpt>
      <trkpt lat="43.152230000" lon="-6.567770000">
        <ele>395.000</ele>
      </trkpt>
      <trkpt lat="43.152290000" lon="-6.567540000">
        <ele>395.000</ele>
      </trkpt>
      <trkpt lat="43.152400000" lon="-6.567310000">
        <ele>395.000</ele>
      </trkpt>
      <trkpt lat="43.152540000" lon="-6.567110000">
        <ele>394.000</ele>
      </trkpt>
      <trkpt lat="43.152660000" lon="-6.566960000">
        <ele>394.000</ele>
      </trkpt>
      <trkpt lat="43.152810000" lon="-6.566840000">
        <ele>394.000</ele>
      </trkpt>
      <trkpt lat="43.152970000" lon="-6.566760000">
        <ele>394.000</ele>
      </trkpt>
      <trkpt lat="43.153520000" lon="-6.566580000">
        <ele>393.000</ele>
      </trkpt>
      <trkpt lat="43.153650000" lon="-6.566500000">
        <ele>393.000</ele>
      </trkpt>
      <trkpt lat="43.154330000" lon="-6.565860000">
        <ele>393.000</ele>
      </trkpt>
      <trkpt lat="43.155530000" lon="-6.565280000">
        <ele>392.000</ele>
      </trkpt>
      <trkpt lat="43.156400000" lon="-6.565230000">
        <ele>391.000</ele>
      </trkpt>
      <trkpt lat="43.156690000" lon="-6.565120000">
        <ele>390.000</ele>
      </trkpt>
      <trkpt lat="43.156880000" lon="-6.564930000">
        <ele>390.000</ele>
      </trkpt>
      <trkpt lat="43.156970000" lon="-6.564760000">
        <ele>389.000</ele>
      </trkpt>
      <trkpt lat="43.157040000" lon="-6.564570000">
        <ele>389.000</ele>
      </trkpt>
      <trkpt lat="43.157080000" lon="-6.564310000">
        <ele>388.000</ele>
      </trkpt>
      <trkpt lat="43.157090000" lon="-6.563690000">
        <ele>388.000</ele>
      </trkpt>
      <trkpt lat="43.157110000" lon="-6.563450000">
        <ele>388.000</ele>
      </trkpt>
      <trkpt lat="43.157140000" lon="-6.563270000">
        <ele>389.000</ele>
      </trkpt>
      <trkpt lat="43.157270000" lon="-6.562890000">
        <ele>389.000</ele>
      </trkpt>
      <trkpt lat="43.157370000" lon="-6.562700000">
        <ele>389.000</ele>
      </trkpt>
      <trkpt lat="43.157470000" lon="-6.562550000">
        <ele>390.000</ele>
      </trkpt>
      <trkpt lat="43.157920000" lon="-6.562130000">
        <ele>390.000</ele>
      </trkpt>
      <trkpt lat="43.158560000" lon="-6.561550000">
        <ele>391.000</ele>
      </trkpt>
      <trkpt lat="43.158720000" lon="-6.561430000">
        <ele>391.000</ele>
      </trkpt>
      <trkpt lat="43.159010000" lon="-6.561340000">
        <ele>391.000</ele>
      </trkpt>
      <trkpt lat="43.159150000" lon="-6.561340000">
        <ele>391.000</ele>
      </trkpt>
      <trkpt lat="43.159270000" lon="-6.561360000">
        <ele>391.000</ele>
      </trkpt>
      <trkpt lat="43.159440000" lon="-6.561440000">
        <ele>391.000</ele>
      </trkpt>
      <trkpt lat="43.159580000" lon="-6.561550000">
        <ele>391.000</ele>
      </trkpt>
      <trkpt lat="43.159670000" lon="-6.561650000">
        <ele>391.000</ele>
      </trkpt>
      <trkpt lat="43.160360000" lon="-6.562610000">
        <ele>390.000</ele>
      </trkpt>
      <trkpt lat="43.160580000" lon="-6.562910000">
        <ele>389.000</ele>
      </trkpt>
      <trkpt lat="43.160760000" lon="-6.563100000">
        <ele>388.000</ele>
      </trkpt>
      <trkpt lat="43.160860000" lon="-6.563180000">
        <ele>388.000</ele>
      </trkpt>
      <trkpt lat="43.161090000" lon="-6.563270000">
        <ele>387.000</ele>
      </trkpt>
      <trkpt lat="43.161690000" lon="-6.563270000">
        <ele>386.000</ele>
      </trkpt>
      <trkpt lat="43.164180000" lon="-6.563020000">
        <ele>385.000</ele>
      </trkpt>
      <trkpt lat="43.164700000" lon="-6.562940000">
        <ele>384.000</ele>
      </trkpt>
      <trkpt lat="43.164850000" lon="-6.562880000">
        <ele>383.000</ele>
      </trkpt>
      <trkpt lat="43.164990000" lon="-6.562780000">
        <ele>383.000</ele>
      </trkpt>
      <trkpt lat="43.165150000" lon="-6.562640000">
        <ele>383.000</ele>
      </trkpt>
      <trkpt lat="43.165270000" lon="-6.562480000">
        <ele>382.000</ele>
      </trkpt>
      <trkpt lat="43.165450000" lon="-6.562320000">
        <ele>382.000</ele>
      </trkpt>
      <trkpt lat="43.165580000" lon="-6.562230000">
        <ele>382.000</ele>
      </trkpt>
      <trkpt lat="43.167200000" lon="-6.561680000">
        <ele>381.000</ele>
      </trkpt>
      <trkpt lat="43.168150000" lon="-6.561300000">
        <ele>381.000</ele>
      </trkpt>
      <trkpt lat="43.168840000" lon="-6.561010000">
        <ele>380.000</ele>
      </trkpt>
      <trkpt lat="43.169210000" lon="-6.560830000">
        <ele>380.000</ele>
      </trkpt>
      <trkpt lat="43.169420000" lon="-6.560650000">
        <ele>379.000</ele>
      </trkpt>
      <trkpt lat="43.169870000" lon="-6.560190000">
        <ele>378.000</ele>
      </trkpt>
      <trkpt lat="43.170050000" lon="-6.560080000">
        <ele>377.000</ele>
      </trkpt>
      <trkpt lat="43.170270000" lon="-6.559980000">
        <ele>377.000</ele>
      </trkpt>
      <trkpt lat="43.170570000" lon="-6.559880000">
        <ele>376.000</ele>
      </trkpt>
      <trkpt lat="43.170870000" lon="-6.559840000">
        <ele>375.000</ele>
      </trkpt>
      <trkpt lat="43.171770000" lon="-6.559920000">
        <ele>375.000</ele>
      </trkpt>
      <trkpt lat="43.171980000" lon="-6.559890000">
        <ele>375.000</ele>
      </trkpt>
      <trkpt lat="43.172280000" lon="-6.559780000">
        <ele>375.000</ele>
      </trkpt>
      <trkpt lat="43.172280000" lon="-6.559780000">
        <ele>375.000</ele>
      </trkpt>
      <trkpt lat="43.172290000" lon="-6.559770000">
        <ele>375.000</ele>
      </trkpt>
      <trkpt lat="43.172810000" lon="-6.559390000">
        <ele>376.000</ele>
      </trkpt>
      <trkpt lat="43.172960000" lon="-6.559220000">
        <ele>376.000</ele>
      </trkpt>
      <trkpt lat="43.173200000" lon="-6.558890000">
        <ele>375.000</ele>
      </trkpt>
      <trkpt lat="43.173310000" lon="-6.558670000">
        <ele>375.000</ele>
      </trkpt>
      <trkpt lat="43.173740000" lon="-6.557490000">
        <ele>374.000</ele>
      </trkpt>
      <trkpt lat="43.173780000" lon="-6.557260000">
        <ele>373.000</ele>
      </trkpt>
      <trkpt lat="43.173800000" lon="-6.556850000">
        <ele>372.000</ele>
      </trkpt>
      <trkpt lat="43.173780000" lon="-6.556650000">
        <ele>371.000</ele>
      </trkpt>
      <trkpt lat="43.173640000" lon="-6.555960000">
        <ele>371.000</ele>
      </trkpt>
      <trkpt lat="43.173610000" lon="-6.555580000">
        <ele>371.000</ele>
      </trkpt>
      <trkpt lat="43.173630000" lon="-6.555340000">
        <ele>371.000</ele>
      </trkpt>
      <trkpt lat="43.173680000" lon="-6.555090000">
        <ele>371.000</ele>
      </trkpt>
      <trkpt lat="43.173810000" lon="-6.554580000">
        <ele>371.000</ele>
      </trkpt>
      <trkpt lat="43.173830000" lon="-6.554400000">
        <ele>370.000</ele>
      </trkpt>
      <trkpt lat="43.173810000" lon="-6.554190000">
        <ele>370.000</ele>
      </trkpt>
      <trkpt lat="43.173720000" lon="-6.553450000">
        <ele>370.000</ele>
      </trkpt>
      <trkpt lat="43.173700000" lon="-6.552690000">
        <ele>369.000</ele>
      </trkpt>
      <trkpt lat="43.173720000" lon="-6.552400000">
        <ele>368.000</ele>
      </trkpt>
      <trkpt lat="43.173770000" lon="-6.552240000">
        <ele>367.000</ele>
      </trkpt>
      <trkpt lat="43.173860000" lon="-6.552070000">
        <ele>367.000</ele>
      </trkpt>
      <trkpt lat="43.173920000" lon="-6.551980000">
        <ele>366.000</ele>
      </trkpt>
      <trkpt lat="43.174060000" lon="-6.551880000">
        <ele>366.000</ele>
      </trkpt>
      <trkpt lat="43.174290000" lon="-6.551840000">
        <ele>366.000</ele>
      </trkpt>
      <trkpt lat="43.174400000" lon="-6.551850000">
        <ele>366.000</ele>
      </trkpt>
      <trkpt lat="43.175130000" lon="-6.552020000">
        <ele>367.000</ele>
      </trkpt>
      <trkpt lat="43.175830000" lon="-6.552160000">
        <ele>367.000</ele>
      </trkpt>
      <trkpt lat="43.176120000" lon="-6.552200000">
        <ele>368.000</ele>
      </trkpt>
      <trkpt lat="43.176560000" lon="-6.552190000">
        <ele>368.000</ele>
      </trkpt>
      <trkpt lat="43.176740000" lon="-6.552220000">
        <ele>368.000</ele>
      </trkpt>
      <trkpt lat="43.176810000" lon="-6.552260000">
        <ele>368.000</ele>
      </trkpt>
      <trkpt lat="43.176860000" lon="-6.552300000">
        <ele>367.000</ele>
      </trkpt>
      <trkpt lat="43.176970000" lon="-6.552430000">
        <ele>367.000</ele>
      </trkpt>
      <trkpt lat="43.177150000" lon="-6.552690000">
        <ele>367.000</ele>
      </trkpt>
      <trkpt lat="43.177260000" lon="-6.552790000">
        <ele>367.000</ele>
      </trkpt>
      <trkpt lat="43.177360000" lon="-6.552830000">
        <ele>367.000</ele>
      </trkpt>
      <trkpt lat="43.177470000" lon="-6.552860000">
        <ele>367.000</ele>
      </trkpt>
      <trkpt lat="43.177570000" lon="-6.552850000">
        <ele>367.000</ele>
      </trkpt>
      <trkpt lat="43.177640000" lon="-6.552810000">
        <ele>367.000</ele>
      </trkpt>
      <trkpt lat="43.177670000" lon="-6.552790000">
        <ele>367.000</ele>
      </trkpt>
      <trkpt lat="43.177990000" lon="-6.552500000">
        <ele>368.000</ele>
      </trkpt>
      <trkpt lat="43.178290000" lon="-6.552230000">
        <ele>369.000</ele>
      </trkpt>
      <trkpt lat="43.178310000" lon="-6.552220000">
        <ele>369.000</ele>
      </trkpt>
      <trkpt lat="43.178880000" lon="-6.551720000">
        <ele>371.000</ele>
      </trkpt>
      <trkpt lat="43.178880000" lon="-6.551720000">
        <ele>372.000</ele>
      </trkpt>
      <trkpt lat="43.179240000" lon="-6.551400000">
        <ele>373.000</ele>
      </trkpt>
      <trkpt lat="43.179580000" lon="-6.551070000">
        <ele>375.000</ele>
      </trkpt>
      <trkpt lat="43.179640000" lon="-6.551020000">
        <ele>377.000</ele>
      </trkpt>
      <trkpt lat="43.179670000" lon="-6.550930000">
        <ele>378.000</ele>
      </trkpt>
      <trkpt lat="43.179640000" lon="-6.550790000">
        <ele>379.000</ele>
      </trkpt>
      <trkpt lat="43.179610000" lon="-6.550750000">
        <ele>380.000</ele>
      </trkpt>
      <trkpt lat="43.179510000" lon="-6.550730000">
        <ele>381.000</ele>
      </trkpt>
      <trkpt lat="43.179120000" lon="-6.550790000">
        <ele>383.000</ele>
      </trkpt>
      <trkpt lat="43.178980000" lon="-6.550770000">
        <ele>384.000</ele>
      </trkpt>
      <trkpt lat="43.178850000" lon="-6.550720000">
        <ele>386.000</ele>
      </trkpt>
      <trkpt lat="43.178650000" lon="-6.550580000">
        <ele>387.000</ele>
      </trkpt>
      <trkpt lat="43.178650000" lon="-6.550580000">
        <ele>388.000</ele>
      </trkpt>
      <trkpt lat="43.178560000" lon="-6.550520000">
        <ele>389.000</ele>
      </trkpt>
      <trkpt lat="43.177950000" lon="-6.550050000">
        <ele>390.000</ele>
      </trkpt>
      <trkpt lat="43.177880000" lon="-6.549990000">
        <ele>391.000</ele>
      </trkpt>
      <trkpt lat="43.177730000" lon="-6.549870000">
        <ele>391.000</ele>
      </trkpt>
      <trkpt lat="43.177650000" lon="-6.549810000">
        <ele>391.000</ele>
      </trkpt>
      <trkpt lat="43.176960000" lon="-6.549050000">
        <ele>391.000</ele>
      </trkpt>
      <trkpt lat="43.176920000" lon="-6.549000000">
        <ele>391.000</ele>
      </trkpt>
      <trkpt lat="43.176340000" lon="-6.548360000">
        <ele>391.000</ele>
      </trkpt>
      <trkpt lat="43.176030000" lon="-6.548020000">
        <ele>391.000</ele>
      </trkpt>
      <trkpt lat="43.175670000" lon="-6.547780000">
        <ele>391.000</ele>
      </trkpt>
      <trkpt lat="43.175270000" lon="-6.547630000">
        <ele>391.000</ele>
      </trkpt>
      <trkpt lat="43.174410000" lon="-6.547300000">
        <ele>391.000</ele>
      </trkpt>
      <trkpt lat="43.174150000" lon="-6.547140000">
        <ele>391.000</ele>
      </trkpt>
      <trkpt lat="43.173830000" lon="-6.546840000">
        <ele>391.000</ele>
      </trkpt>
      <trkpt lat="43.173270000" lon="-6.546050000">
        <ele>390.000</ele>
      </trkpt>
      <trkpt lat="43.173150000" lon="-6.545910000">
        <ele>390.000</ele>
      </trkpt>
      <trkpt lat="43.173050000" lon="-6.545840000">
        <ele>390.000</ele>
      </trkpt>
      <trkpt lat="43.172920000" lon="-6.545790000">
        <ele>389.000</ele>
      </trkpt>
      <trkpt lat="43.172770000" lon="-6.545760000">
        <ele>389.000</ele>
      </trkpt>
      <trkpt lat="43.172620000" lon="-6.545770000">
        <ele>389.000</ele>
      </trkpt>
      <trkpt lat="43.171540000" lon="-6.546510000">
        <ele>388.000</ele>
      </trkpt>
      <trkpt lat="43.171410000" lon="-6.546540000">
        <ele>387.000</ele>
      </trkpt>
      <trkpt lat="43.171320000" lon="-6.546540000">
        <ele>386.000</ele>
      </trkpt>
      <trkpt lat="43.171210000" lon="-6.546510000">
        <ele>386.000</ele>
      </trkpt>
      <trkpt lat="43.171100000" lon="-6.546440000">
        <ele>386.000</ele>
      </trkpt>
      <trkpt lat="43.171010000" lon="-6.546340000">
        <ele>386.000</ele>
      </trkpt>
      <trkpt lat="43.170960000" lon="-6.546270000">
        <ele>386.000</ele>
      </trkpt>
      <trkpt lat="43.169860000" lon="-6.544160000">
        <ele>386.000</ele>
      </trkpt>
      <trkpt lat="43.169680000" lon="-6.543830000">
        <ele>386.000</ele>
      </trkpt>
      <trkpt lat="43.169540000" lon="-6.543510000">
        <ele>386.000</ele>
      </trkpt>
      <trkpt lat="43.169510000" lon="-6.543370000">
        <ele>386.000</ele>
      </trkpt>
      <trkpt lat="43.169430000" lon="-6.542870000">
        <ele>387.000</ele>
      </trkpt>
      <trkpt lat="43.169380000" lon="-6.542750000">
        <ele>387.000</ele>
      </trkpt>
      <trkpt lat="43.169320000" lon="-6.542700000">
        <ele>387.000</ele>
      </trkpt>
      <trkpt lat="43.169240000" lon="-6.542680000">
        <ele>387.000</ele>
      </trkpt>
      <trkpt lat="43.169160000" lon="-6.542660000">
        <ele>388.000</ele>
      </trkpt>
      <trkpt lat="43.169020000" lon="-6.542680000">
        <ele>388.000</ele>
      </trkpt>
      <trkpt lat="43.168870000" lon="-6.542720000">
        <ele>388.000</ele>
      </trkpt>
      <trkpt lat="43.168410000" lon="-6.542930000">
        <ele>389.000</ele>
      </trkpt>
      <trkpt lat="43.167950000" lon="-6.543110000">
        <ele>389.000</ele>
      </trkpt>
      <trkpt lat="43.167720000" lon="-6.543140000">
        <ele>390.000</ele>
      </trkpt>
      <trkpt lat="43.167500000" lon="-6.543120000">
        <ele>390.000</ele>
      </trkpt>
      <trkpt lat="43.167280000" lon="-6.543080000">
        <ele>391.000</ele>
      </trkpt>
      <trkpt lat="43.166890000" lon="-6.542890000">
        <ele>392.000</ele>
      </trkpt>
      <trkpt lat="43.166560000" lon="-6.542730000">
        <ele>392.000</ele>
      </trkpt>
      <trkpt lat="43.166110000" lon="-6.542490000">
        <ele>393.000</ele>
      </trkpt>
      <trkpt lat="43.166060000" lon="-6.542460000">
        <ele>393.000</ele>
      </trkpt>
      <trkpt lat="43.165130000" lon="-6.541950000">
        <ele>393.000</ele>
      </trkpt>
      <trkpt lat="43.164860000" lon="-6.541830000">
        <ele>393.000</ele>
      </trkpt>
      <trkpt lat="43.161460000" lon="-6.541130000">
        <ele>391.000</ele>
      </trkpt>
      <trkpt lat="43.161070000" lon="-6.541090000">
        <ele>390.000</ele>
      </trkpt>
      <trkpt lat="43.160840000" lon="-6.541130000">
        <ele>389.000</ele>
      </trkpt>
      <trkpt lat="43.160320000" lon="-6.541270000">
        <ele>389.000</ele>
      </trkpt>
      <trkpt lat="43.160100000" lon="-6.541290000">
        <ele>389.000</ele>
      </trkpt>
      <trkpt lat="43.159760000" lon="-6.541280000">
        <ele>389.000</ele>
      </trkpt>
      <trkpt lat="43.159620000" lon="-6.541250000">
        <ele>389.000</ele>
      </trkpt>
      <trkpt lat="43.159510000" lon="-6.541220000">
        <ele>389.000</ele>
      </trkpt>
      <trkpt lat="43.159160000" lon="-6.541080000">
        <ele>389.000</ele>
      </trkpt>
      <trkpt lat="43.158510000" lon="-6.540630000">
        <ele>389.000</ele>
      </trkpt>
      <trkpt lat="43.158210000" lon="-6.540450000">
        <ele>390.000</ele>
      </trkpt>
      <trkpt lat="43.157890000" lon="-6.540360000">
        <ele>390.000</ele>
      </trkpt>
      <trkpt lat="43.157800000" lon="-6.540350000">
        <ele>391.000</ele>
      </trkpt>
      <trkpt lat="43.156770000" lon="-6.540330000">
        <ele>391.000</ele>
      </trkpt>
      <trkpt lat="43.156470000" lon="-6.540400000">
        <ele>392.000</ele>
      </trkpt>
      <trkpt lat="43.156190000" lon="-6.540400000">
        <ele>392.000</ele>
      </trkpt>
      <trkpt lat="43.156040000" lon="-6.540400000">
        <ele>393.000</ele>
      </trkpt>
      <trkpt lat="43.155920000" lon="-6.540400000">
        <ele>393.000</ele>
      </trkpt>
      <trkpt lat="43.155240000" lon="-6.540380000">
        <ele>394.000</ele>
      </trkpt>
      <trkpt lat="43.155070000" lon="-6.540340000">
        <ele>394.000</ele>
      </trkpt>
      <trkpt lat="43.154940000" lon="-6.540290000">
        <ele>394.000</ele>
      </trkpt>
      <trkpt lat="43.154730000" lon="-6.540170000">
        <ele>395.000</ele>
      </trkpt>
      <trkpt lat="43.154600000" lon="-6.540050000">
        <ele>395.000</ele>
      </trkpt>
      <trkpt lat="43.154470000" lon="-6.539890000">
        <ele>395.000</ele>
      </trkpt>
      <trkpt lat="43.154140000" lon="-6.539260000">
        <ele>396.000</ele>
      </trkpt>
      <trkpt lat="43.153970000" lon="-6.539070000">
        <ele>396.000</ele>
      </trkpt>
      <trkpt lat="43.153780000" lon="-6.538940000">
        <ele>396.000</ele>
      </trkpt>
      <trkpt lat="43.151740000" lon="-6.537870000">
        <ele>397.000</ele>
      </trkpt>
      <trkpt lat="43.151710000" lon="-6.537860000">
        <ele>398.000</ele>
      </trkpt>
      <trkpt lat="43.151520000" lon="-6.537760000">
        <ele>399.000</ele>
      </trkpt>
      <trkpt lat="43.150980000" lon="-6.537470000">
        <ele>399.000</ele>
      </trkpt>
      <trkpt lat="43.150730000" lon="-6.537270000">
        <ele>400.000</ele>
      </trkpt>
      <trkpt lat="43.150530000" lon="-6.537070000">
        <ele>401.000</ele>
      </trkpt>
      <trkpt lat="43.150330000" lon="-6.536760000">
        <ele>401.000</ele>
      </trkpt>
      <trkpt lat="43.150000000" lon="-6.536130000">
        <ele>402.000</ele>
      </trkpt>
      <trkpt lat="43.149890000" lon="-6.535990000">
        <ele>403.000</ele>
      </trkpt>
      <trkpt lat="43.149730000" lon="-6.535850000">
        <ele>403.000</ele>
      </trkpt>
      <trkpt lat="43.149540000" lon="-6.535840000">
        <ele>403.000</ele>
      </trkpt>
      <trkpt lat="43.149360000" lon="-6.535880000">
        <ele>403.000</ele>
      </trkpt>
      <trkpt lat="43.148610000" lon="-6.536260000">
        <ele>404.000</ele>
      </trkpt>
      <trkpt lat="43.148240000" lon="-6.536390000">
        <ele>404.000</ele>
      </trkpt>
      <trkpt lat="43.147990000" lon="-6.536410000">
        <ele>404.000</ele>
      </trkpt>
      <trkpt lat="43.147680000" lon="-6.536370000">
        <ele>404.000</ele>
      </trkpt>
      <trkpt lat="43.147500000" lon="-6.536310000">
        <ele>404.000</ele>
      </trkpt>
      <trkpt lat="43.147280000" lon="-6.536180000">
        <ele>404.000</ele>
      </trkpt>
      <trkpt lat="43.146810000" lon="-6.535840000">
        <ele>404.000</ele>
      </trkpt>
      <trkpt lat="43.146610000" lon="-6.535670000">
        <ele>404.000</ele>
      </trkpt>
      <trkpt lat="43.146440000" lon="-6.535470000">
        <ele>404.000</ele>
      </trkpt>
      <trkpt lat="43.146370000" lon="-6.535360000">
        <ele>404.000</ele>
      </trkpt>
      <trkpt lat="43.146330000" lon="-6.535270000">
        <ele>404.000</ele>
      </trkpt>
      <trkpt lat="43.146250000" lon="-6.535000000">
        <ele>404.000</ele>
      </trkpt>
      <trkpt lat="43.146170000" lon="-6.534600000">
        <ele>405.000</ele>
      </trkpt>
      <trkpt lat="43.146150000" lon="-6.534400000">
        <ele>406.000</ele>
      </trkpt>
      <trkpt lat="43.146150000" lon="-6.534230000">
        <ele>407.000</ele>
      </trkpt>
      <trkpt lat="43.146170000" lon="-6.534090000">
        <ele>407.000</ele>
      </trkpt>
      <trkpt lat="43.146210000" lon="-6.533930000">
        <ele>408.000</ele>
      </trkpt>
      <trkpt lat="43.146300000" lon="-6.533750000">
        <ele>409.000</ele>
      </trkpt>
      <trkpt lat="43.146840000" lon="-6.533040000">
        <ele>410.000</ele>
      </trkpt>
      <trkpt lat="43.146960000" lon="-6.532810000">
        <ele>411.000</ele>
      </trkpt>
      <trkpt lat="43.147030000" lon="-6.532540000">
        <ele>412.000</ele>
      </trkpt>
      <trkpt lat="43.147040000" lon="-6.532330000">
        <ele>413.000</ele>
      </trkpt>
      <trkpt lat="43.147000000" lon="-6.532070000">
        <ele>413.000</ele>
      </trkpt>
      <trkpt lat="43.146940000" lon="-6.531890000">
        <ele>414.000</ele>
      </trkpt>
      <trkpt lat="43.146810000" lon="-6.531680000">
        <ele>414.000</ele>
      </trkpt>
      <trkpt lat="43.146690000" lon="-6.531570000">
        <ele>414.000</ele>
      </trkpt>
      <trkpt lat="43.145920000" lon="-6.531180000">
        <ele>415.000</ele>
      </trkpt>
      <trkpt lat="43.145680000" lon="-6.531040000">
        <ele>415.000</ele>
      </trkpt>
      <trkpt lat="43.145520000" lon="-6.530910000">
        <ele>416.000</ele>
      </trkpt>
      <trkpt lat="43.145160000" lon="-6.530480000">
        <ele>416.000</ele>
      </trkpt>
      <trkpt lat="43.144740000" lon="-6.529940000">
        <ele>417.000</ele>
      </trkpt>
      <trkpt lat="43.143900000" lon="-6.528860000">
        <ele>418.000</ele>
      </trkpt>
      <trkpt lat="43.143760000" lon="-6.528700000">
        <ele>419.000</ele>
      </trkpt>
      <trkpt lat="43.143630000" lon="-6.528600000">
        <ele>419.000</ele>
      </trkpt>
      <trkpt lat="43.143490000" lon="-6.528540000">
        <ele>420.000</ele>
      </trkpt>
      <trkpt lat="43.143370000" lon="-6.528510000">
        <ele>420.000</ele>
      </trkpt>
      <trkpt lat="43.142940000" lon="-6.528470000">
        <ele>420.000</ele>
      </trkpt>
      <trkpt lat="43.142250000" lon="-6.528420000">
        <ele>419.000</ele>
      </trkpt>
      <trkpt lat="43.142250000" lon="-6.528420000">
        <ele>419.000</ele>
      </trkpt>
      <trkpt lat="43.141520000" lon="-6.528370000">
        <ele>419.000</ele>
      </trkpt>
      <trkpt lat="43.140700000" lon="-6.528340000">
        <ele>419.000</ele>
      </trkpt>
      <trkpt lat="43.140540000" lon="-6.528320000">
        <ele>420.000</ele>
      </trkpt>
      <trkpt lat="43.140400000" lon="-6.528270000">
        <ele>420.000</ele>
      </trkpt>
      <trkpt lat="43.140180000" lon="-6.528130000">
        <ele>420.000</ele>
      </trkpt>
      <trkpt lat="43.140040000" lon="-6.527980000">
        <ele>420.000</ele>
      </trkpt>
      <trkpt lat="43.139740000" lon="-6.527570000">
        <ele>421.000</ele>
      </trkpt>
      <trkpt lat="43.139540000" lon="-6.527340000">
        <ele>421.000</ele>
      </trkpt>
      <trkpt lat="43.139090000" lon="-6.526890000">
        <ele>421.000</ele>
      </trkpt>
      <trkpt lat="43.138860000" lon="-6.526670000">
        <ele>422.000</ele>
      </trkpt>
      <trkpt lat="43.138620000" lon="-6.526370000">
        <ele>422.000</ele>
      </trkpt>
      <trkpt lat="43.138350000" lon="-6.526040000">
        <ele>422.000</ele>
      </trkpt>
      <trkpt lat="43.137900000" lon="-6.525410000">
        <ele>422.000</ele>
      </trkpt>
      <trkpt lat="43.137770000" lon="-6.525270000">
        <ele>422.000</ele>
      </trkpt>
      <trkpt lat="43.137620000" lon="-6.525150000">
        <ele>423.000</ele>
      </trkpt>
      <trkpt lat="43.137450000" lon="-6.525070000">
        <ele>423.000</ele>
      </trkpt>
      <trkpt lat="43.137220000" lon="-6.525020000">
        <ele>424.000</ele>
      </trkpt>
      <trkpt lat="43.137010000" lon="-6.525020000">
        <ele>424.000</ele>
      </trkpt>
      <trkpt lat="43.136670000" lon="-6.525130000">
        <ele>425.000</ele>
      </trkpt>
      <trkpt lat="43.135850000" lon="-6.525530000">
        <ele>426.000</ele>
      </trkpt>
      <trkpt lat="43.135430000" lon="-6.525650000">
        <ele>427.000</ele>
      </trkpt>
      <trkpt lat="43.134770000" lon="-6.525790000">
        <ele>427.000</ele>
      </trkpt>
      <trkpt lat="43.134260000" lon="-6.525800000">
        <ele>427.000</ele>
      </trkpt>
      <trkpt lat="43.133780000" lon="-6.525780000">
        <ele>427.000</ele>
      </trkpt>
      <trkpt lat="43.132570000" lon="-6.525550000">
        <ele>429.000</ele>
      </trkpt>
      <trkpt lat="43.132220000" lon="-6.525600000">
        <ele>430.000</ele>
      </trkpt>
      <trkpt lat="43.132050000" lon="-6.525700000">
        <ele>431.000</ele>
      </trkpt>
      <trkpt lat="43.131360000" lon="-6.526250000">
        <ele>432.000</ele>
      </trkpt>
      <trkpt lat="43.130960000" lon="-6.526460000">
        <ele>433.000</ele>
      </trkpt>
      <trkpt lat="43.130720000" lon="-6.526540000">
        <ele>434.000</ele>
      </trkpt>
      <trkpt lat="43.130460000" lon="-6.526590000">
        <ele>435.000</ele>
      </trkpt>
      <trkpt lat="43.130260000" lon="-6.526610000">
        <ele>435.000</ele>
      </trkpt>
      <trkpt lat="43.130010000" lon="-6.526600000">
        <ele>435.000</ele>
      </trkpt>
      <trkpt lat="43.129700000" lon="-6.526530000">
        <ele>435.000</ele>
      </trkpt>
      <trkpt lat="43.129120000" lon="-6.526340000">
        <ele>435.000</ele>
      </trkpt>
      <trkpt lat="43.128900000" lon="-6.526250000">
        <ele>436.000</ele>
      </trkpt>
      <trkpt lat="43.128720000" lon="-6.526130000">
        <ele>436.000</ele>
      </trkpt>
      <trkpt lat="43.128290000" lon="-6.525790000">
        <ele>436.000</ele>
      </trkpt>
      <trkpt lat="43.128110000" lon="-6.525690000">
        <ele>437.000</ele>
      </trkpt>
      <trkpt lat="43.127900000" lon="-6.525650000">
        <ele>437.000</ele>
      </trkpt>
      <trkpt lat="43.127780000" lon="-6.525660000">
        <ele>437.000</ele>
      </trkpt>
      <trkpt lat="43.127580000" lon="-6.525690000">
        <ele>437.000</ele>
      </trkpt>
      <trkpt lat="43.127480000" lon="-6.525700000">
        <ele>438.000</ele>
      </trkpt>
      <trkpt lat="43.127330000" lon="-6.525690000">
        <ele>438.000</ele>
      </trkpt>
      <trkpt lat="43.126600000" lon="-6.525260000">
        <ele>438.000</ele>
      </trkpt>
      <trkpt lat="43.126450000" lon="-6.525220000">
        <ele>439.000</ele>
      </trkpt>
      <trkpt lat="43.126320000" lon="-6.525240000">
        <ele>439.000</ele>
      </trkpt>
      <trkpt lat="43.126200000" lon="-6.525310000">
        <ele>439.000</ele>
      </trkpt>
      <trkpt lat="43.126090000" lon="-6.525410000">
        <ele>439.000</ele>
      </trkpt>
      <trkpt lat="43.125620000" lon="-6.525940000">
        <ele>439.000</ele>
      </trkpt>
      <trkpt lat="43.125410000" lon="-6.526110000">
        <ele>439.000</ele>
      </trkpt>
      <trkpt lat="43.125220000" lon="-6.526230000">
        <ele>439.000</ele>
      </trkpt>
      <trkpt lat="43.125010000" lon="-6.526280000">
        <ele>439.000</ele>
      </trkpt>
      <trkpt lat="43.124780000" lon="-6.526280000">
        <ele>439.000</ele>
      </trkpt>
      <trkpt lat="43.124200000" lon="-6.526040000">
        <ele>439.000</ele>
      </trkpt>
      <trkpt lat="43.123980000" lon="-6.525970000">
        <ele>439.000</ele>
      </trkpt>
      <trkpt lat="43.123820000" lon="-6.525970000">
        <ele>439.000</ele>
      </trkpt>
      <trkpt lat="43.123720000" lon="-6.526020000">
        <ele>440.000</ele>
      </trkpt>
      <trkpt lat="43.123150000" lon="-6.526590000">
        <ele>441.000</ele>
      </trkpt>
      <trkpt lat="43.122890000" lon="-6.526780000">
        <ele>442.000</ele>
      </trkpt>
      <trkpt lat="43.122700000" lon="-6.526890000">
        <ele>442.000</ele>
      </trkpt>
      <trkpt lat="43.121560000" lon="-6.527300000">
        <ele>444.000</ele>
      </trkpt>
      <trkpt lat="43.121250000" lon="-6.527390000">
        <ele>446.000</ele>
      </trkpt>
      <trkpt lat="43.121040000" lon="-6.527420000">
        <ele>447.000</ele>
      </trkpt>
      <trkpt lat="43.120690000" lon="-6.527400000">
        <ele>448.000</ele>
      </trkpt>
      <trkpt lat="43.119990000" lon="-6.527230000">
        <ele>449.000</ele>
      </trkpt>
      <trkpt lat="43.119760000" lon="-6.527260000">
        <ele>450.000</ele>
      </trkpt>
      <trkpt lat="43.119060000" lon="-6.527550000">
        <ele>451.000</ele>
      </trkpt>
      <trkpt lat="43.118750000" lon="-6.527610000">
        <ele>453.000</ele>
      </trkpt>
      <trkpt lat="43.118580000" lon="-6.527600000">
        <ele>454.000</ele>
      </trkpt>
      <trkpt lat="43.118340000" lon="-6.527560000">
        <ele>455.000</ele>
      </trkpt>
      <trkpt lat="43.117940000" lon="-6.527410000">
        <ele>457.000</ele>
      </trkpt>
      <trkpt lat="43.117520000" lon="-6.527300000">
        <ele>457.000</ele>
      </trkpt>
      <trkpt lat="43.117250000" lon="-6.527300000">
        <ele>458.000</ele>
      </trkpt>
      <trkpt lat="43.117050000" lon="-6.527340000">
        <ele>458.000</ele>
      </trkpt>
      <trkpt lat="43.116460000" lon="-6.527580000">
        <ele>458.000</ele>
      </trkpt>
      <trkpt lat="43.116300000" lon="-6.527610000">
        <ele>458.000</ele>
      </trkpt>
      <trkpt lat="43.115620000" lon="-6.527640000">
        <ele>457.000</ele>
      </trkpt>
      <trkpt lat="43.115470000" lon="-6.527680000">
        <ele>457.000</ele>
      </trkpt>
      <trkpt lat="43.115290000" lon="-6.527800000">
        <ele>458.000</ele>
      </trkpt>
      <trkpt lat="43.114780000" lon="-6.528340000">
        <ele>461.000</ele>
      </trkpt>
      <trkpt lat="43.114680000" lon="-6.528510000">
        <ele>463.000</ele>
      </trkpt>
      <trkpt lat="43.114490000" lon="-6.528890000">
        <ele>465.000</ele>
      </trkpt>
      <trkpt lat="43.114380000" lon="-6.529020000">
        <ele>467.000</ele>
      </trkpt>
      <trkpt lat="43.114260000" lon="-6.529100000">
        <ele>469.000</ele>
      </trkpt>
      <trkpt lat="43.114120000" lon="-6.529150000">
        <ele>470.000</ele>
      </trkpt>
      <trkpt lat="43.113990000" lon="-6.529130000">
        <ele>471.000</ele>
      </trkpt>
      <trkpt lat="43.113870000" lon="-6.529090000">
        <ele>472.000</ele>
      </trkpt>
      <trkpt lat="43.113440000" lon="-6.528830000">
        <ele>471.000</ele>
      </trkpt>
      <trkpt lat="43.113330000" lon="-6.528790000">
        <ele>471.000</ele>
      </trkpt>
      <trkpt lat="43.113120000" lon="-6.528830000">
        <ele>471.000</ele>
      </trkpt>
      <trkpt lat="43.112770000" lon="-6.529090000">
        <ele>470.000</ele>
      </trkpt>
      <trkpt lat="43.112010000" lon="-6.529750000">
        <ele>469.000</ele>
      </trkpt>
      <trkpt lat="43.111710000" lon="-6.529980000">
        <ele>468.000</ele>
      </trkpt>
      <trkpt lat="43.111520000" lon="-6.530060000">
        <ele>467.000</ele>
      </trkpt>
      <trkpt lat="43.110250000" lon="-6.530300000">
        <ele>468.000</ele>
      </trkpt>
      <trkpt lat="43.109210000" lon="-6.530470000">
        <ele>468.000</ele>
      </trkpt>
      <trkpt lat="43.109010000" lon="-6.530550000">
        <ele>468.000</ele>
      </trkpt>
      <trkpt lat="43.108800000" lon="-6.530660000">
        <ele>468.000</ele>
      </trkpt>
      <trkpt lat="43.108400000" lon="-6.530980000">
        <ele>468.000</ele>
      </trkpt>
      <trkpt lat="43.108290000" lon="-6.531040000">
        <ele>468.000</ele>
      </trkpt>
      <trkpt lat="43.108120000" lon="-6.531120000">
        <ele>468.000</ele>
      </trkpt>
      <trkpt lat="43.107870000" lon="-6.531180000">
        <ele>469.000</ele>
      </trkpt>
      <trkpt lat="43.107700000" lon="-6.531270000">
        <ele>470.000</ele>
      </trkpt>
      <trkpt lat="43.107540000" lon="-6.531430000">
        <ele>471.000</ele>
      </trkpt>
      <trkpt lat="43.107450000" lon="-6.531540000">
        <ele>472.000</ele>
      </trkpt>
      <trkpt lat="43.107260000" lon="-6.531880000">
        <ele>473.000</ele>
      </trkpt>
      <trkpt lat="43.107200000" lon="-6.531950000">
        <ele>474.000</ele>
      </trkpt>
      <trkpt lat="43.107120000" lon="-6.532000000">
        <ele>475.000</ele>
      </trkpt>
      <trkpt lat="43.107010000" lon="-6.532040000">
        <ele>476.000</ele>
      </trkpt>
      <trkpt lat="43.106890000" lon="-6.532040000">
        <ele>476.000</ele>
      </trkpt>
      <trkpt lat="43.106800000" lon="-6.532010000">
        <ele>477.000</ele>
      </trkpt>
      <trkpt lat="43.106710000" lon="-6.531950000">
        <ele>478.000</ele>
      </trkpt>
      <trkpt lat="43.106630000" lon="-6.531860000">
        <ele>478.000</ele>
      </trkpt>
      <trkpt lat="43.106340000" lon="-6.531460000">
        <ele>478.000</ele>
      </trkpt>
      <trkpt lat="43.106240000" lon="-6.531390000">
        <ele>478.000</ele>
      </trkpt>
      <trkpt lat="43.106090000" lon="-6.531350000">
        <ele>478.000</ele>
      </trkpt>
      <trkpt lat="43.105960000" lon="-6.531380000">
        <ele>478.000</ele>
      </trkpt>
      <trkpt lat="43.105840000" lon="-6.531450000">
        <ele>478.000</ele>
      </trkpt>
      <trkpt lat="43.105700000" lon="-6.531640000">
        <ele>478.000</ele>
      </trkpt>
      <trkpt lat="43.105450000" lon="-6.532240000">
        <ele>478.000</ele>
      </trkpt>
      <trkpt lat="43.105270000" lon="-6.532540000">
        <ele>479.000</ele>
      </trkpt>
      <trkpt lat="43.104470000" lon="-6.533410000">
        <ele>479.000</ele>
      </trkpt>
      <trkpt lat="43.104360000" lon="-6.533490000">
        <ele>480.000</ele>
      </trkpt>
      <trkpt lat="43.104260000" lon="-6.533530000">
        <ele>480.000</ele>
      </trkpt>
      <trkpt lat="43.104150000" lon="-6.533550000">
        <ele>480.000</ele>
      </trkpt>
      <trkpt lat="43.103440000" lon="-6.533510000">
        <ele>481.000</ele>
      </trkpt>
      <trkpt lat="43.103250000" lon="-6.533540000">
        <ele>481.000</ele>
      </trkpt>
      <trkpt lat="43.102980000" lon="-6.533670000">
        <ele>482.000</ele>
      </trkpt>
      <trkpt lat="43.102580000" lon="-6.534020000">
        <ele>483.000</ele>
      </trkpt>
      <trkpt lat="43.102340000" lon="-6.534200000">
        <ele>484.000</ele>
      </trkpt>
      <trkpt lat="43.102160000" lon="-6.534290000">
        <ele>485.000</ele>
      </trkpt>
      <trkpt lat="43.101910000" lon="-6.534370000">
        <ele>486.000</ele>
      </trkpt>
      <trkpt lat="43.100940000" lon="-6.534650000">
        <ele>488.000</ele>
      </trkpt>
      <trkpt lat="43.100490000" lon="-6.534710000">
        <ele>490.000</ele>
      </trkpt>
      <trkpt lat="43.100080000" lon="-6.534710000">
        <ele>492.000</ele>
      </trkpt>
      <trkpt lat="43.098570000" lon="-6.534530000">
        <ele>495.000</ele>
      </trkpt>
      <trkpt lat="43.098240000" lon="-6.534450000">
        <ele>497.000</ele>
      </trkpt>
      <trkpt lat="43.097940000" lon="-6.534350000">
        <ele>498.000</ele>
      </trkpt>
      <trkpt lat="43.097720000" lon="-6.534250000">
        <ele>498.000</ele>
      </trkpt>
      <trkpt lat="43.097520000" lon="-6.534120000">
        <ele>498.000</ele>
      </trkpt>
      <trkpt lat="43.097160000" lon="-6.533860000">
        <ele>498.000</ele>
      </trkpt>
      <trkpt lat="43.096990000" lon="-6.533710000">
        <ele>498.000</ele>
      </trkpt>
      <trkpt lat="43.095950000" lon="-6.532510000">
        <ele>498.000</ele>
      </trkpt>
      <trkpt lat="43.095700000" lon="-6.532220000">
        <ele>497.000</ele>
      </trkpt>
      <trkpt lat="43.095660000" lon="-6.532180000">
        <ele>497.000</ele>
      </trkpt>
      <trkpt lat="43.095620000" lon="-6.532130000">
        <ele>497.000</ele>
      </trkpt>
      <trkpt lat="43.095310000" lon="-6.531770000">
        <ele>497.000</ele>
      </trkpt>
      <trkpt lat="43.095260000" lon="-6.531700000">
        <ele>497.000</ele>
      </trkpt>
      <trkpt lat="43.094960000" lon="-6.531370000">
        <ele>497.000</ele>
      </trkpt>
      <trkpt lat="43.094740000" lon="-6.531200000">
        <ele>497.000</ele>
      </trkpt>
      <trkpt lat="43.094520000" lon="-6.531110000">
        <ele>498.000</ele>
      </trkpt>
      <trkpt lat="43.093630000" lon="-6.530810000">
        <ele>498.000</ele>
      </trkpt>
      <trkpt lat="43.093400000" lon="-6.530730000">
        <ele>498.000</ele>
      </trkpt>
      <trkpt lat="43.093260000" lon="-6.530740000">
        <ele>499.000</ele>
      </trkpt>
      <trkpt lat="43.093150000" lon="-6.530800000">
        <ele>499.000</ele>
      </trkpt>
      <trkpt lat="43.093070000" lon="-6.530880000">
        <ele>500.000</ele>
      </trkpt>
      <trkpt lat="43.092860000" lon="-6.531160000">
        <ele>500.000</ele>
      </trkpt>
      <trkpt lat="43.092530000" lon="-6.531580000">
        <ele>501.000</ele>
      </trkpt>
      <trkpt lat="43.092370000" lon="-6.531730000">
        <ele>502.000</ele>
      </trkpt>
      <trkpt lat="43.092210000" lon="-6.531850000">
        <ele>503.000</ele>
      </trkpt>
      <trkpt lat="43.092040000" lon="-6.531930000">
        <ele>503.000</ele>
      </trkpt>
      <trkpt lat="43.091870000" lon="-6.531950000">
        <ele>504.000</ele>
      </trkpt>
      <trkpt lat="43.091590000" lon="-6.531880000">
        <ele>505.000</ele>
      </trkpt>
      <trkpt lat="43.091460000" lon="-6.531870000">
        <ele>505.000</ele>
      </trkpt>
      <trkpt lat="43.091330000" lon="-6.531880000">
        <ele>506.000</ele>
      </trkpt>
      <trkpt lat="43.091240000" lon="-6.531910000">
        <ele>506.000</ele>
      </trkpt>
      <trkpt lat="43.091060000" lon="-6.532030000">
        <ele>507.000</ele>
      </trkpt>
      <trkpt lat="43.090910000" lon="-6.532160000">
        <ele>507.000</ele>
      </trkpt>
      <trkpt lat="43.090730000" lon="-6.532390000">
        <ele>508.000</ele>
      </trkpt>
      <trkpt lat="43.090310000" lon="-6.533090000">
        <ele>509.000</ele>
      </trkpt>
      <trkpt lat="43.090200000" lon="-6.533220000">
        <ele>510.000</ele>
      </trkpt>
      <trkpt lat="43.090030000" lon="-6.533320000">
        <ele>511.000</ele>
      </trkpt>
      <trkpt lat="43.089630000" lon="-6.533430000">
        <ele>513.000</ele>
      </trkpt>
      <trkpt lat="43.089390000" lon="-6.533600000">
        <ele>515.000</ele>
      </trkpt>
      <trkpt lat="43.089230000" lon="-6.533780000">
        <ele>516.000</ele>
      </trkpt>
      <trkpt lat="43.089110000" lon="-6.533960000">
        <ele>518.000</ele>
      </trkpt>
      <trkpt lat="43.088680000" lon="-6.534640000">
        <ele>520.000</ele>
      </trkpt>
      <trkpt lat="43.088580000" lon="-6.534780000">
        <ele>522.000</ele>
      </trkpt>
      <trkpt lat="43.088290000" lon="-6.535100000">
        <ele>525.000</ele>
      </trkpt>
      <trkpt lat="43.088100000" lon="-6.535350000">
        <ele>527.000</ele>
      </trkpt>
      <trkpt lat="43.087990000" lon="-6.535590000">
        <ele>530.000</ele>
      </trkpt>
      <trkpt lat="43.087920000" lon="-6.535800000">
        <ele>532.000</ele>
      </trkpt>
      <trkpt lat="43.087890000" lon="-6.536010000">
        <ele>535.000</ele>
      </trkpt>
      <trkpt lat="43.087840000" lon="-6.536540000">
        <ele>538.000</ele>
      </trkpt>
      <trkpt lat="43.087770000" lon="-6.536930000">
        <ele>541.000</ele>
      </trkpt>
      <trkpt lat="43.087230000" lon="-6.538610000">
        <ele>543.000</ele>
      </trkpt>
      <trkpt lat="43.087090000" lon="-6.539120000">
        <ele>546.000</ele>
      </trkpt>
      <trkpt lat="43.086770000" lon="-6.540500000">
        <ele>548.000</ele>
      </trkpt>
      <trkpt lat="43.086670000" lon="-6.540690000">
        <ele>550.000</ele>
      </trkpt>
      <trkpt lat="43.086590000" lon="-6.540770000">
        <ele>551.000</ele>
      </trkpt>
      <trkpt lat="43.086260000" lon="-6.541040000">
        <ele>553.000</ele>
      </trkpt>
      <trkpt lat="43.086120000" lon="-6.541260000">
        <ele>555.000</ele>
      </trkpt>
      <trkpt lat="43.086030000" lon="-6.541450000">
        <ele>557.000</ele>
      </trkpt>
      <trkpt lat="43.085920000" lon="-6.541820000">
        <ele>558.000</ele>
      </trkpt>
      <trkpt lat="43.085780000" lon="-6.542520000">
        <ele>561.000</ele>
      </trkpt>
      <trkpt lat="43.085710000" lon="-6.542780000">
        <ele>563.000</ele>
      </trkpt>
      <trkpt lat="43.085650000" lon="-6.542890000">
        <ele>564.000</ele>
      </trkpt>
      <trkpt lat="43.085510000" lon="-6.543090000">
        <ele>565.000</ele>
      </trkpt>
      <trkpt lat="43.085120000" lon="-6.543430000">
        <ele>567.000</ele>
      </trkpt>
      <trkpt lat="43.085020000" lon="-6.543540000">
        <ele>568.000</ele>
      </trkpt>
      <trkpt lat="43.084980000" lon="-6.543620000">
        <ele>569.000</ele>
      </trkpt>
      <trkpt lat="43.084870000" lon="-6.543930000">
        <ele>571.000</ele>
      </trkpt>
      <trkpt lat="43.084600000" lon="-6.544860000">
        <ele>573.000</ele>
      </trkpt>
      <trkpt lat="43.084510000" lon="-6.545100000">
        <ele>574.000</ele>
      </trkpt>
      <trkpt lat="43.084390000" lon="-6.545300000">
        <ele>575.000</ele>
      </trkpt>
      <trkpt lat="43.084100000" lon="-6.545580000">
        <ele>576.000</ele>
      </trkpt>
      <trkpt lat="43.083910000" lon="-6.545870000">
        <ele>577.000</ele>
      </trkpt>
      <trkpt lat="43.083820000" lon="-6.546050000">
        <ele>578.000</ele>
      </trkpt>
      <trkpt lat="43.083650000" lon="-6.546520000">
        <ele>579.000</ele>
      </trkpt>
      <trkpt lat="43.083550000" lon="-6.546730000">
        <ele>580.000</ele>
      </trkpt>
      <trkpt lat="43.083490000" lon="-6.546830000">
        <ele>580.000</ele>
      </trkpt>
      <trkpt lat="43.083330000" lon="-6.546930000">
        <ele>581.000</ele>
      </trkpt>
      <trkpt lat="43.082540000" lon="-6.547140000">
        <ele>583.000</ele>
      </trkpt>
      <trkpt lat="43.082380000" lon="-6.547210000">
        <ele>584.000</ele>
      </trkpt>
      <trkpt lat="43.082310000" lon="-6.547270000">
        <ele>585.000</ele>
      </trkpt>
      <trkpt lat="43.082210000" lon="-6.547400000">
        <ele>586.000</ele>
      </trkpt>
      <trkpt lat="43.081420000" lon="-6.548540000">
        <ele>589.000</ele>
      </trkpt>
      <trkpt lat="43.081350000" lon="-6.548600000">
        <ele>590.000</ele>
      </trkpt>
      <trkpt lat="43.081250000" lon="-6.548650000">
        <ele>592.000</ele>
      </trkpt>
      <trkpt lat="43.081160000" lon="-6.548680000">
        <ele>593.000</ele>
      </trkpt>
      <trkpt lat="43.081080000" lon="-6.548670000">
        <ele>594.000</ele>
      </trkpt>
      <trkpt lat="43.081000000" lon="-6.548650000">
        <ele>595.000</ele>
      </trkpt>
      <trkpt lat="43.080910000" lon="-6.548590000">
        <ele>595.000</ele>
      </trkpt>
      <trkpt lat="43.080050000" lon="-6.547830000">
        <ele>598.000</ele>
      </trkpt>
      <trkpt lat="43.079920000" lon="-6.547740000">
        <ele>600.000</ele>
      </trkpt>
      <trkpt lat="43.079590000" lon="-6.547610000">
        <ele>602.000</ele>
      </trkpt>
      <trkpt lat="43.078910000" lon="-6.547500000">
        <ele>604.000</ele>
      </trkpt>
      <trkpt lat="43.078730000" lon="-6.547430000">
        <ele>606.000</ele>
      </trkpt>
      <trkpt lat="43.078600000" lon="-6.547310000">
        <ele>607.000</ele>
      </trkpt>
      <trkpt lat="43.078500000" lon="-6.547140000">
        <ele>608.000</ele>
      </trkpt>
      <trkpt lat="43.078190000" lon="-6.546150000">
        <ele>610.000</ele>
      </trkpt>
      <trkpt lat="43.078090000" lon="-6.545950000">
        <ele>612.000</ele>
      </trkpt>
      <trkpt lat="43.078030000" lon="-6.545890000">
        <ele>613.000</ele>
      </trkpt>
      <trkpt lat="43.077940000" lon="-6.545840000">
        <ele>614.000</ele>
      </trkpt>
      <trkpt lat="43.077610000" lon="-6.545740000">
        <ele>616.000</ele>
      </trkpt>
      <trkpt lat="43.077510000" lon="-6.545690000">
        <ele>617.000</ele>
      </trkpt>
      <trkpt lat="43.077420000" lon="-6.545610000">
        <ele>618.000</ele>
      </trkpt>
      <trkpt lat="43.076750000" lon="-6.544870000">
        <ele>620.000</ele>
      </trkpt>
      <trkpt lat="43.076550000" lon="-6.544720000">
        <ele>622.000</ele>
      </trkpt>
      <trkpt lat="43.076370000" lon="-6.544670000">
        <ele>623.000</ele>
      </trkpt>
      <trkpt lat="43.076260000" lon="-6.544680000">
        <ele>624.000</ele>
      </trkpt>
      <trkpt lat="43.075590000" lon="-6.544880000">
        <ele>625.000</ele>
      </trkpt>
      <trkpt lat="43.075420000" lon="-6.544890000">
        <ele>626.000</ele>
      </trkpt>
      <trkpt lat="43.075340000" lon="-6.544880000">
        <ele>627.000</ele>
      </trkpt>
      <trkpt lat="43.075160000" lon="-6.544770000">
        <ele>628.000</ele>
      </trkpt>
      <trkpt lat="43.074650000" lon="-6.544360000">
        <ele>629.000</ele>
      </trkpt>
      <trkpt lat="43.074410000" lon="-6.544090000">
        <ele>630.000</ele>
      </trkpt>
      <trkpt lat="43.074160000" lon="-6.543680000">
        <ele>631.000</ele>
      </trkpt>
      <trkpt lat="43.074080000" lon="-6.543590000">
        <ele>632.000</ele>
      </trkpt>
      <trkpt lat="43.073920000" lon="-6.543490000">
        <ele>633.000</ele>
      </trkpt>
      <trkpt lat="43.073830000" lon="-6.543470000">
        <ele>634.000</ele>
      </trkpt>
      <trkpt lat="43.073370000" lon="-6.543500000">
        <ele>635.000</ele>
      </trkpt>
      <trkpt lat="43.073200000" lon="-6.543490000">
        <ele>636.000</ele>
      </trkpt>
      <trkpt lat="43.072860000" lon="-6.543430000">
        <ele>637.000</ele>
      </trkpt>
      <trkpt lat="43.072280000" lon="-6.543290000">
        <ele>639.000</ele>
      </trkpt>
      <trkpt lat="43.072100000" lon="-6.543220000">
        <ele>640.000</ele>
      </trkpt>
      <trkpt lat="43.071510000" lon="-6.542920000">
        <ele>642.000</ele>
      </trkpt>
      <trkpt lat="43.071390000" lon="-6.542850000">
        <ele>644.000</ele>
      </trkpt>
      <trkpt lat="43.071250000" lon="-6.542720000">
        <ele>645.000</ele>
      </trkpt>
      <trkpt lat="43.071120000" lon="-6.542500000">
        <ele>646.000</ele>
      </trkpt>
      <trkpt lat="43.070980000" lon="-6.542100000">
        <ele>647.000</ele>
      </trkpt>
      <trkpt lat="43.070890000" lon="-6.541900000">
        <ele>649.000</ele>
      </trkpt>
      <trkpt lat="43.070750000" lon="-6.541760000">
        <ele>650.000</ele>
      </trkpt>
      <trkpt lat="43.070670000" lon="-6.541710000">
        <ele>651.000</ele>
      </trkpt>
      <trkpt lat="43.070590000" lon="-6.541690000">
        <ele>651.000</ele>
      </trkpt>
      <trkpt lat="43.070430000" lon="-6.541700000">
        <ele>652.000</ele>
      </trkpt>
      <trkpt lat="43.070360000" lon="-6.541720000">
        <ele>653.000</ele>
      </trkpt>
      <trkpt lat="43.070040000" lon="-6.541920000">
        <ele>654.000</ele>
      </trkpt>
      <trkpt lat="43.069940000" lon="-6.541960000">
        <ele>654.000</ele>
      </trkpt>
      <trkpt lat="43.069740000" lon="-6.542000000">
        <ele>655.000</ele>
      </trkpt>
      <trkpt lat="43.069650000" lon="-6.542000000">
        <ele>656.000</ele>
      </trkpt>
      <trkpt lat="43.069480000" lon="-6.541970000">
        <ele>657.000</ele>
      </trkpt>
      <trkpt lat="43.069360000" lon="-6.541920000">
        <ele>658.000</ele>
      </trkpt>
      <trkpt lat="43.069160000" lon="-6.541800000">
        <ele>659.000</ele>
      </trkpt>
      <trkpt lat="43.068990000" lon="-6.541620000">
        <ele>660.000</ele>
      </trkpt>
      <trkpt lat="43.068890000" lon="-6.541480000">
        <ele>661.000</ele>
      </trkpt>
      <trkpt lat="43.068470000" lon="-6.540790000">
        <ele>664.000</ele>
      </trkpt>
      <trkpt lat="43.068130000" lon="-6.540370000">
        <ele>666.000</ele>
      </trkpt>
      <trkpt lat="43.067760000" lon="-6.539990000">
        <ele>668.000</ele>
      </trkpt>
      <trkpt lat="43.067300000" lon="-6.539620000">
        <ele>670.000</ele>
      </trkpt>
      <trkpt lat="43.066920000" lon="-6.539340000">
        <ele>671.000</ele>
      </trkpt>
      <trkpt lat="43.066790000" lon="-6.539190000">
        <ele>672.000</ele>
      </trkpt>
      <trkpt lat="43.066680000" lon="-6.538990000">
        <ele>673.000</ele>
      </trkpt>
      <trkpt lat="43.066640000" lon="-6.538790000">
        <ele>673.000</ele>
      </trkpt>
      <trkpt lat="43.066640000" lon="-6.538550000">
        <ele>674.000</ele>
      </trkpt>
      <trkpt lat="43.066670000" lon="-6.538250000">
        <ele>675.000</ele>
      </trkpt>
      <trkpt lat="43.066650000" lon="-6.537990000">
        <ele>676.000</ele>
      </trkpt>
      <trkpt lat="43.066570000" lon="-6.537730000">
        <ele>678.000</ele>
      </trkpt>
      <trkpt lat="43.066450000" lon="-6.537520000">
        <ele>679.000</ele>
      </trkpt>
      <trkpt lat="43.066390000" lon="-6.537440000">
        <ele>680.000</ele>
      </trkpt>
      <trkpt lat="43.066300000" lon="-6.537380000">
        <ele>681.000</ele>
      </trkpt>
      <trkpt lat="43.066100000" lon="-6.537280000">
        <ele>682.000</ele>
      </trkpt>
      <trkpt lat="43.065760000" lon="-6.537200000">
        <ele>684.000</ele>
      </trkpt>
      <trkpt lat="43.065650000" lon="-6.537140000">
        <ele>685.000</ele>
      </trkpt>
      <trkpt lat="43.065440000" lon="-6.536980000">
        <ele>686.000</ele>
      </trkpt>
      <trkpt lat="43.064450000" lon="-6.535880000">
        <ele>687.000</ele>
      </trkpt>
      <trkpt lat="43.064300000" lon="-6.535710000">
        <ele>688.000</ele>
      </trkpt>
      <trkpt lat="43.064130000" lon="-6.535440000">
        <ele>689.000</ele>
      </trkpt>
      <trkpt lat="43.064040000" lon="-6.535180000">
        <ele>690.000</ele>
      </trkpt>
      <trkpt lat="43.064010000" lon="-6.534900000">
        <ele>691.000</ele>
      </trkpt>
      <trkpt lat="43.064010000" lon="-6.534750000">
        <ele>692.000</ele>
      </trkpt>
      <trkpt lat="43.064060000" lon="-6.534500000">
        <ele>693.000</ele>
      </trkpt>
      <trkpt lat="43.064170000" lon="-6.534070000">
        <ele>695.000</ele>
      </trkpt>
      <trkpt lat="43.064190000" lon="-6.533800000">
        <ele>696.000</ele>
      </trkpt>
      <trkpt lat="43.064180000" lon="-6.533650000">
        <ele>697.000</ele>
      </trkpt>
      <trkpt lat="43.064150000" lon="-6.533490000">
        <ele>698.000</ele>
      </trkpt>
      <trkpt lat="43.064070000" lon="-6.533290000">
        <ele>700.000</ele>
      </trkpt>
      <trkpt lat="43.063670000" lon="-6.532540000">
        <ele>702.000</ele>
      </trkpt>
      <trkpt lat="43.063590000" lon="-6.532360000">
        <ele>704.000</ele>
      </trkpt>
      <trkpt lat="43.063450000" lon="-6.531860000">
        <ele>706.000</ele>
      </trkpt>
      <trkpt lat="43.063360000" lon="-6.531450000">
        <ele>708.000</ele>
      </trkpt>
      <trkpt lat="43.063340000" lon="-6.531270000">
        <ele>710.000</ele>
      </trkpt>
      <trkpt lat="43.063350000" lon="-6.531130000">
        <ele>711.000</ele>
      </trkpt>
      <trkpt lat="43.063410000" lon="-6.530910000">
        <ele>712.000</ele>
      </trkpt>
      <trkpt lat="43.063470000" lon="-6.530770000">
        <ele>713.000</ele>
      </trkpt>
      <trkpt lat="43.063760000" lon="-6.530420000">
        <ele>715.000</ele>
      </trkpt>
      <trkpt lat="43.063900000" lon="-6.530200000">
        <ele>716.000</ele>
      </trkpt>
      <trkpt lat="43.063990000" lon="-6.529990000">
        <ele>718.000</ele>
      </trkpt>
      <trkpt lat="43.064060000" lon="-6.529710000">
        <ele>719.000</ele>
      </trkpt>
      <trkpt lat="43.064190000" lon="-6.529110000">
        <ele>721.000</ele>
      </trkpt>
      <trkpt lat="43.064240000" lon="-6.528960000">
        <ele>723.000</ele>
      </trkpt>
      <trkpt lat="43.064390000" lon="-6.528730000">
        <ele>725.000</ele>
      </trkpt>
      <trkpt lat="43.064800000" lon="-6.528340000">
        <ele>727.000</ele>
      </trkpt>
      <trkpt lat="43.064880000" lon="-6.528210000">
        <ele>729.000</ele>
      </trkpt>
      <trkpt lat="43.064920000" lon="-6.528060000">
        <ele>730.000</ele>
      </trkpt>
      <trkpt lat="43.064930000" lon="-6.527910000">
        <ele>731.000</ele>
      </trkpt>
      <trkpt lat="43.064920000" lon="-6.527760000">
        <ele>731.000</ele>
      </trkpt>
      <trkpt lat="43.064840000" lon="-6.527530000">
        <ele>732.000</ele>
      </trkpt>
      <trkpt lat="43.064780000" lon="-6.527450000">
        <ele>732.000</ele>
      </trkpt>
      <trkpt lat="43.064680000" lon="-6.527370000">
        <ele>732.000</ele>
      </trkpt>
      <trkpt lat="43.064370000" lon="-6.527170000">
        <ele>732.000</ele>
      </trkpt>
      <trkpt lat="43.064210000" lon="-6.526990000">
        <ele>732.000</ele>
      </trkpt>
      <trkpt lat="43.064150000" lon="-6.526870000">
        <ele>732.000</ele>
      </trkpt>
      <trkpt lat="43.064070000" lon="-6.526580000">
        <ele>732.000</ele>
      </trkpt>
      <trkpt lat="43.064010000" lon="-6.526120000">
        <ele>732.000</ele>
      </trkpt>
      <trkpt lat="43.063950000" lon="-6.525980000">
        <ele>733.000</ele>
      </trkpt>
      <trkpt lat="43.063780000" lon="-6.525710000">
        <ele>733.000</ele>
      </trkpt>
      <trkpt lat="43.063720000" lon="-6.525580000">
        <ele>733.000</ele>
      </trkpt>
      <trkpt lat="43.063660000" lon="-6.525300000">
        <ele>733.000</ele>
      </trkpt>
      <trkpt lat="43.063630000" lon="-6.524740000">
        <ele>733.000</ele>
      </trkpt>
      <trkpt lat="43.063600000" lon="-6.524610000">
        <ele>733.000</ele>
      </trkpt>
      <trkpt lat="43.063550000" lon="-6.524500000">
        <ele>734.000</ele>
      </trkpt>
      <trkpt lat="43.063350000" lon="-6.524210000">
        <ele>734.000</ele>
      </trkpt>
      <trkpt lat="43.063280000" lon="-6.524090000">
        <ele>734.000</ele>
      </trkpt>
      <trkpt lat="43.063240000" lon="-6.523970000">
        <ele>734.000</ele>
      </trkpt>
      <trkpt lat="43.063200000" lon="-6.523810000">
        <ele>735.000</ele>
      </trkpt>
      <trkpt lat="43.063080000" lon="-6.523030000">
        <ele>737.000</ele>
      </trkpt>
      <trkpt lat="43.063100000" lon="-6.522750000">
        <ele>739.000</ele>
      </trkpt>
      <trkpt lat="43.063150000" lon="-6.522530000">
        <ele>741.000</ele>
      </trkpt>
      <trkpt lat="43.063220000" lon="-6.522390000">
        <ele>743.000</ele>
      </trkpt>
      <trkpt lat="43.063470000" lon="-6.521980000">
        <ele>745.000</ele>
      </trkpt>
      <trkpt lat="43.063530000" lon="-6.521840000">
        <ele>747.000</ele>
      </trkpt>
      <trkpt lat="43.063550000" lon="-6.521570000">
        <ele>749.000</ele>
      </trkpt>
      <trkpt lat="43.063520000" lon="-6.521400000">
        <ele>751.000</ele>
      </trkpt>
      <trkpt lat="43.063460000" lon="-6.521220000">
        <ele>752.000</ele>
      </trkpt>
      <trkpt lat="43.063200000" lon="-6.520490000">
        <ele>753.000</ele>
      </trkpt>
      <trkpt lat="43.063130000" lon="-6.520360000">
        <ele>754.000</ele>
      </trkpt>
      <trkpt lat="43.063040000" lon="-6.520270000">
        <ele>754.000</ele>
      </trkpt>
      <trkpt lat="43.062930000" lon="-6.520200000">
        <ele>755.000</ele>
      </trkpt>
      <trkpt lat="43.062690000" lon="-6.520100000">
        <ele>755.000</ele>
      </trkpt>
      <trkpt lat="43.062580000" lon="-6.520020000">
        <ele>755.000</ele>
      </trkpt>
      <trkpt lat="43.062460000" lon="-6.519890000">
        <ele>756.000</ele>
      </trkpt>
      <trkpt lat="43.062360000" lon="-6.519650000">
        <ele>756.000</ele>
      </trkpt>
      <trkpt lat="43.062330000" lon="-6.519450000">
        <ele>756.000</ele>
      </trkpt>
      <trkpt lat="43.062340000" lon="-6.519320000">
        <ele>757.000</ele>
      </trkpt>
      <trkpt lat="43.062470000" lon="-6.518370000">
        <ele>758.000</ele>
      </trkpt>
      <trkpt lat="43.062470000" lon="-6.518130000">
        <ele>759.000</ele>
      </trkpt>
      <trkpt lat="43.062440000" lon="-6.517840000">
        <ele>759.000</ele>
      </trkpt>
      <trkpt lat="43.062390000" lon="-6.517670000">
        <ele>760.000</ele>
      </trkpt>
      <trkpt lat="43.062360000" lon="-6.517570000">
        <ele>761.000</ele>
      </trkpt>
      <trkpt lat="43.062080000" lon="-6.517040000">
        <ele>762.000</ele>
      </trkpt>
      <trkpt lat="43.062020000" lon="-6.516870000">
        <ele>762.000</ele>
      </trkpt>
      <trkpt lat="43.061980000" lon="-6.516640000">
        <ele>763.000</ele>
      </trkpt>
      <trkpt lat="43.062000000" lon="-6.516330000">
        <ele>764.000</ele>
      </trkpt>
      <trkpt lat="43.062060000" lon="-6.516120000">
        <ele>764.000</ele>
      </trkpt>
      <trkpt lat="43.062130000" lon="-6.515780000">
        <ele>764.000</ele>
      </trkpt>
      <trkpt lat="43.062130000" lon="-6.515650000">
        <ele>765.000</ele>
      </trkpt>
      <trkpt lat="43.062070000" lon="-6.514740000">
        <ele>766.000</ele>
      </trkpt>
      <trkpt lat="43.062070000" lon="-6.514470000">
        <ele>766.000</ele>
      </trkpt>
      <trkpt lat="43.062090000" lon="-6.514200000">
        <ele>767.000</ele>
      </trkpt>
      <trkpt lat="43.062160000" lon="-6.513730000">
        <ele>768.000</ele>
      </trkpt>
      <trkpt lat="43.062490000" lon="-6.512470000">
        <ele>769.000</ele>
      </trkpt>
      <trkpt lat="43.062580000" lon="-6.512290000">
        <ele>770.000</ele>
      </trkpt>
      <trkpt lat="43.062660000" lon="-6.512160000">
        <ele>771.000</ele>
      </trkpt>
      <trkpt lat="43.062810000" lon="-6.512010000">
        <ele>772.000</ele>
      </trkpt>
      <trkpt lat="43.063480000" lon="-6.511610000">
        <ele>774.000</ele>
      </trkpt>
      <trkpt lat="43.063590000" lon="-6.511480000">
        <ele>775.000</ele>
      </trkpt>
      <trkpt lat="43.063770000" lon="-6.511080000">
        <ele>777.000</ele>
      </trkpt>
      <trkpt lat="43.064120000" lon="-6.510280000">
        <ele>780.000</ele>
      </trkpt>
      <trkpt lat="43.064160000" lon="-6.510120000">
        <ele>781.000</ele>
      </trkpt>
      <trkpt lat="43.064160000" lon="-6.509960000">
        <ele>783.000</ele>
      </trkpt>
      <trkpt lat="43.064130000" lon="-6.509760000">
        <ele>783.000</ele>
      </trkpt>
      <trkpt lat="43.064000000" lon="-6.509550000">
        <ele>784.000</ele>
      </trkpt>
      <trkpt lat="43.063890000" lon="-6.509450000">
        <ele>785.000</ele>
      </trkpt>
      <trkpt lat="43.063780000" lon="-6.509410000">
        <ele>785.000</ele>
      </trkpt>
      <trkpt lat="43.063140000" lon="-6.509320000">
        <ele>786.000</ele>
      </trkpt>
      <trkpt lat="43.062920000" lon="-6.509240000">
        <ele>787.000</ele>
      </trkpt>
      <trkpt lat="43.062800000" lon="-6.509170000">
        <ele>787.000</ele>
      </trkpt>
      <trkpt lat="43.062650000" lon="-6.509010000">
        <ele>788.000</ele>
      </trkpt>
      <trkpt lat="43.062330000" lon="-6.508500000">
        <ele>789.000</ele>
      </trkpt>
      <trkpt lat="43.061940000" lon="-6.508190000">
        <ele>791.000</ele>
      </trkpt>
      <trkpt lat="43.061870000" lon="-6.508080000">
        <ele>793.000</ele>
      </trkpt>
      <trkpt lat="43.061830000" lon="-6.507980000">
        <ele>794.000</ele>
      </trkpt>
      <trkpt lat="43.061790000" lon="-6.507800000">
        <ele>794.000</ele>
      </trkpt>
      <trkpt lat="43.061690000" lon="-6.506760000">
        <ele>796.000</ele>
      </trkpt>
      <trkpt lat="43.061640000" lon="-6.506460000">
        <ele>798.000</ele>
      </trkpt>
      <trkpt lat="43.061550000" lon="-6.506120000">
        <ele>800.000</ele>
      </trkpt>
      <trkpt lat="43.061220000" lon="-6.505400000">
        <ele>802.000</ele>
      </trkpt>
      <trkpt lat="43.061150000" lon="-6.505080000">
        <ele>805.000</ele>
      </trkpt>
      <trkpt lat="43.061130000" lon="-6.504740000">
        <ele>806.000</ele>
      </trkpt>
      <trkpt lat="43.061130000" lon="-6.504710000">
        <ele>808.000</ele>
      </trkpt>
      <trkpt lat="43.061140000" lon="-6.504250000">
        <ele>809.000</ele>
      </trkpt>
      <trkpt lat="43.061120000" lon="-6.503940000">
        <ele>811.000</ele>
      </trkpt>
      <trkpt lat="43.060890000" lon="-6.502840000">
        <ele>813.000</ele>
      </trkpt>
      <trkpt lat="43.060870000" lon="-6.502620000">
        <ele>815.000</ele>
      </trkpt>
      <trkpt lat="43.060900000" lon="-6.502380000">
        <ele>816.000</ele>
      </trkpt>
      <trkpt lat="43.061050000" lon="-6.501830000">
        <ele>817.000</ele>
      </trkpt>
      <trkpt lat="43.061270000" lon="-6.501140000">
        <ele>819.000</ele>
      </trkpt>
      <trkpt lat="43.061960000" lon="-6.499220000">
        <ele>824.000</ele>
      </trkpt>
      <trkpt lat="43.062300000" lon="-6.498210000">
        <ele>828.000</ele>
      </trkpt>
      <trkpt lat="43.062450000" lon="-6.497910000">
        <ele>831.000</ele>
      </trkpt>
      <trkpt lat="43.062790000" lon="-6.497470000">
        <ele>834.000</ele>
      </trkpt>
      <trkpt lat="43.062830000" lon="-6.497360000">
        <ele>836.000</ele>
      </trkpt>
      <trkpt lat="43.062850000" lon="-6.497240000">
        <ele>838.000</ele>
      </trkpt>
      <trkpt lat="43.062850000" lon="-6.497030000">
        <ele>839.000</ele>
      </trkpt>
      <trkpt lat="43.062840000" lon="-6.496930000">
        <ele>840.000</ele>
      </trkpt>
      <trkpt lat="43.062790000" lon="-6.496800000">
        <ele>841.000</ele>
      </trkpt>
      <trkpt lat="43.062730000" lon="-6.496700000">
        <ele>842.000</ele>
      </trkpt>
      <trkpt lat="43.062650000" lon="-6.496610000">
        <ele>843.000</ele>
      </trkpt>
      <trkpt lat="43.062550000" lon="-6.496550000">
        <ele>843.000</ele>
      </trkpt>
      <trkpt lat="43.062450000" lon="-6.496500000">
        <ele>844.000</ele>
      </trkpt>
      <trkpt lat="43.061190000" lon="-6.496270000">
        <ele>848.000</ele>
      </trkpt>
      <trkpt lat="43.061010000" lon="-6.496220000">
        <ele>851.000</ele>
      </trkpt>
      <trkpt lat="43.060900000" lon="-6.496160000">
        <ele>853.000</ele>
      </trkpt>
      <trkpt lat="43.060790000" lon="-6.496070000">
        <ele>854.000</ele>
      </trkpt>
      <trkpt lat="43.060660000" lon="-6.495930000">
        <ele>856.000</ele>
      </trkpt>
      <trkpt lat="43.060560000" lon="-6.495760000">
        <ele>857.000</ele>
      </trkpt>
      <trkpt lat="43.060500000" lon="-6.495630000">
        <ele>858.000</ele>
      </trkpt>
      <trkpt lat="43.060450000" lon="-6.495480000">
        <ele>858.000</ele>
      </trkpt>
      <trkpt lat="43.060330000" lon="-6.494720000">
        <ele>860.000</ele>
      </trkpt>
      <trkpt lat="43.060220000" lon="-6.494010000">
        <ele>861.000</ele>
      </trkpt>
      <trkpt lat="43.060050000" lon="-6.493190000">
        <ele>864.000</ele>
      </trkpt>
      <trkpt lat="43.060020000" lon="-6.492990000">
        <ele>866.000</ele>
      </trkpt>
      <trkpt lat="43.060010000" lon="-6.492800000">
        <ele>867.000</ele>
      </trkpt>
      <trkpt lat="43.060040000" lon="-6.492560000">
        <ele>869.000</ele>
      </trkpt>
      <trkpt lat="43.060090000" lon="-6.492340000">
        <ele>870.000</ele>
      </trkpt>
      <trkpt lat="43.060160000" lon="-6.492130000">
        <ele>871.000</ele>
      </trkpt>
      <trkpt lat="43.060350000" lon="-6.491830000">
        <ele>873.000</ele>
      </trkpt>
      <trkpt lat="43.060700000" lon="-6.491440000">
        <ele>875.000</ele>
      </trkpt>
      <trkpt lat="43.060790000" lon="-6.491270000">
        <ele>876.000</ele>
      </trkpt>
      <trkpt lat="43.060830000" lon="-6.491050000">
        <ele>878.000</ele>
      </trkpt>
      <trkpt lat="43.060820000" lon="-6.490940000">
        <ele>879.000</ele>
      </trkpt>
      <trkpt lat="43.060790000" lon="-6.490790000">
        <ele>880.000</ele>
      </trkpt>
      <trkpt lat="43.060240000" lon="-6.489070000">
        <ele>883.000</ele>
      </trkpt>
      <trkpt lat="43.060170000" lon="-6.488680000">
        <ele>886.000</ele>
      </trkpt>
      <trkpt lat="43.060170000" lon="-6.488460000">
        <ele>888.000</ele>
      </trkpt>
      <trkpt lat="43.060180000" lon="-6.488210000">
        <ele>889.000</ele>
      </trkpt>
      <trkpt lat="43.060270000" lon="-6.487830000">
        <ele>891.000</ele>
      </trkpt>
      <trkpt lat="43.060590000" lon="-6.487030000">
        <ele>893.000</ele>
      </trkpt>
      <trkpt lat="43.060650000" lon="-6.486770000">
        <ele>895.000</ele>
      </trkpt>
      <trkpt lat="43.060650000" lon="-6.486640000">
        <ele>897.000</ele>
      </trkpt>
      <trkpt lat="43.060630000" lon="-6.486490000">
        <ele>898.000</ele>
      </trkpt>
      <trkpt lat="43.060570000" lon="-6.486340000">
        <ele>899.000</ele>
      </trkpt>
      <trkpt lat="43.060410000" lon="-6.486110000">
        <ele>900.000</ele>
      </trkpt>
      <trkpt lat="43.060280000" lon="-6.485990000">
        <ele>901.000</ele>
      </trkpt>
      <trkpt lat="43.060120000" lon="-6.485880000">
        <ele>901.000</ele>
      </trkpt>
      <trkpt lat="43.059960000" lon="-6.485810000">
        <ele>902.000</ele>
      </trkpt>
      <trkpt lat="43.059840000" lon="-6.485780000">
        <ele>903.000</ele>
      </trkpt>
      <trkpt lat="43.059470000" lon="-6.485740000">
        <ele>904.000</ele>
      </trkpt>
      <trkpt lat="43.059270000" lon="-6.485680000">
        <ele>905.000</ele>
      </trkpt>
      <trkpt lat="43.059150000" lon="-6.485590000">
        <ele>906.000</ele>
      </trkpt>
      <trkpt lat="43.059000000" lon="-6.485430000">
        <ele>907.000</ele>
      </trkpt>
      <trkpt lat="43.058960000" lon="-6.485350000">
        <ele>908.000</ele>
      </trkpt>
      <trkpt lat="43.058930000" lon="-6.485150000">
        <ele>908.000</ele>
      </trkpt>
      <trkpt lat="43.058950000" lon="-6.484980000">
        <ele>909.000</ele>
      </trkpt>
      <trkpt lat="43.059160000" lon="-6.483940000">
        <ele>911.000</ele>
      </trkpt>
      <trkpt lat="43.059280000" lon="-6.483440000">
        <ele>913.000</ele>
      </trkpt>
      <trkpt lat="43.059400000" lon="-6.483040000">
        <ele>915.000</ele>
      </trkpt>
      <trkpt lat="43.059550000" lon="-6.482760000">
        <ele>917.000</ele>
      </trkpt>
      <trkpt lat="43.060140000" lon="-6.482140000">
        <ele>919.000</ele>
      </trkpt>
      <trkpt lat="43.060210000" lon="-6.481980000">
        <ele>920.000</ele>
      </trkpt>
      <trkpt lat="43.060240000" lon="-6.481860000">
        <ele>921.000</ele>
      </trkpt>
      <trkpt lat="43.060250000" lon="-6.481730000">
        <ele>922.000</ele>
      </trkpt>
      <trkpt lat="43.060240000" lon="-6.481580000">
        <ele>923.000</ele>
      </trkpt>
      <trkpt lat="43.060150000" lon="-6.481350000">
        <ele>924.000</ele>
      </trkpt>
      <trkpt lat="43.060090000" lon="-6.481260000">
        <ele>924.000</ele>
      </trkpt>
      <trkpt lat="43.059990000" lon="-6.481180000">
        <ele>925.000</ele>
      </trkpt>
      <trkpt lat="43.059570000" lon="-6.481000000">
        <ele>926.000</ele>
      </trkpt>
      <trkpt lat="43.059200000" lon="-6.480630000">
        <ele>927.000</ele>
      </trkpt>
      <trkpt lat="43.059030000" lon="-6.480550000">
        <ele>929.000</ele>
      </trkpt>
      <trkpt lat="43.058860000" lon="-6.480560000">
        <ele>930.000</ele>
      </trkpt>
      <trkpt lat="43.058460000" lon="-6.480780000">
        <ele>931.000</ele>
      </trkpt>
      <trkpt lat="43.058290000" lon="-6.480830000">
        <ele>933.000</ele>
      </trkpt>
      <trkpt lat="43.057780000" lon="-6.480900000">
        <ele>935.000</ele>
      </trkpt>
      <trkpt lat="43.057630000" lon="-6.480890000">
        <ele>936.000</ele>
      </trkpt>
      <trkpt lat="43.057540000" lon="-6.480870000">
        <ele>938.000</ele>
      </trkpt>
      <trkpt lat="43.057390000" lon="-6.480770000">
        <ele>939.000</ele>
      </trkpt>
      <trkpt lat="43.057240000" lon="-6.480590000">
        <ele>940.000</ele>
      </trkpt>
      <trkpt lat="43.057090000" lon="-6.480250000">
        <ele>941.000</ele>
      </trkpt>
      <trkpt lat="43.056910000" lon="-6.479730000">
        <ele>943.000</ele>
      </trkpt>
      <trkpt lat="43.056840000" lon="-6.479580000">
        <ele>944.000</ele>
      </trkpt>
      <trkpt lat="43.056700000" lon="-6.479420000">
        <ele>946.000</ele>
      </trkpt>
      <trkpt lat="43.056620000" lon="-6.479370000">
        <ele>947.000</ele>
      </trkpt>
      <trkpt lat="43.056440000" lon="-6.479350000">
        <ele>948.000</ele>
      </trkpt>
      <trkpt lat="43.056340000" lon="-6.479380000">
        <ele>948.000</ele>
      </trkpt>
      <trkpt lat="43.056080000" lon="-6.479530000">
        <ele>950.000</ele>
      </trkpt>
      <trkpt lat="43.055920000" lon="-6.479540000">
        <ele>950.000</ele>
      </trkpt>
      <trkpt lat="43.055820000" lon="-6.479510000">
        <ele>951.000</ele>
      </trkpt>
      <trkpt lat="43.055730000" lon="-6.479460000">
        <ele>952.000</ele>
      </trkpt>
      <trkpt lat="43.055590000" lon="-6.479340000">
        <ele>953.000</ele>
      </trkpt>
      <trkpt lat="43.055270000" lon="-6.479020000">
        <ele>954.000</ele>
      </trkpt>
      <trkpt lat="43.055140000" lon="-6.478830000">
        <ele>955.000</ele>
      </trkpt>
      <trkpt lat="43.054980000" lon="-6.478540000">
        <ele>957.000</ele>
      </trkpt>
      <trkpt lat="43.054780000" lon="-6.478210000">
        <ele>958.000</ele>
      </trkpt>
      <trkpt lat="43.054660000" lon="-6.478050000">
        <ele>959.000</ele>
      </trkpt>
      <trkpt lat="43.054520000" lon="-6.477900000">
        <ele>961.000</ele>
      </trkpt>
      <trkpt lat="43.054160000" lon="-6.477570000">
        <ele>962.000</ele>
      </trkpt>
      <trkpt lat="43.053890000" lon="-6.477280000">
        <ele>964.000</ele>
      </trkpt>
      <trkpt lat="43.053790000" lon="-6.477140000">
        <ele>965.000</ele>
      </trkpt>
      <trkpt lat="43.053640000" lon="-6.476860000">
        <ele>967.000</ele>
      </trkpt>
      <trkpt lat="43.053480000" lon="-6.476450000">
        <ele>969.000</ele>
      </trkpt>
      <trkpt lat="43.053420000" lon="-6.476220000">
        <ele>970.000</ele>
      </trkpt>
      <trkpt lat="43.053360000" lon="-6.475840000">
        <ele>971.000</ele>
      </trkpt>
      <trkpt lat="43.053260000" lon="-6.473950000">
        <ele>975.000</ele>
      </trkpt>
      <trkpt lat="43.053230000" lon="-6.473810000">
        <ele>978.000</ele>
      </trkpt>
      <trkpt lat="43.053180000" lon="-6.473710000">
        <ele>980.000</ele>
      </trkpt>
      <trkpt lat="43.053040000" lon="-6.473550000">
        <ele>981.000</ele>
      </trkpt>
      <trkpt lat="43.052950000" lon="-6.473510000">
        <ele>983.000</ele>
      </trkpt>
      <trkpt lat="43.052520000" lon="-6.473430000">
        <ele>984.000</ele>
      </trkpt>
      <trkpt lat="43.052260000" lon="-6.473360000">
        <ele>986.000</ele>
      </trkpt>
      <trkpt lat="43.052130000" lon="-6.473300000">
        <ele>987.000</ele>
      </trkpt>
      <trkpt lat="43.051980000" lon="-6.473210000">
        <ele>988.000</ele>
      </trkpt>
      <trkpt lat="43.051800000" lon="-6.473050000">
        <ele>989.000</ele>
      </trkpt>
      <trkpt lat="43.051680000" lon="-6.472930000">
        <ele>990.000</ele>
      </trkpt>
      <trkpt lat="43.051570000" lon="-6.472770000">
        <ele>991.000</ele>
      </trkpt>
      <trkpt lat="43.051040000" lon="-6.471800000">
        <ele>994.000</ele>
      </trkpt>
      <trkpt lat="43.050890000" lon="-6.471560000">
        <ele>995.000</ele>
      </trkpt>
      <trkpt lat="43.050660000" lon="-6.471240000">
        <ele>997.000</ele>
      </trkpt>
      <trkpt lat="43.048070000" lon="-6.468650000">
        <ele>1004.000</ele>
      </trkpt>
      <trkpt lat="43.047980000" lon="-6.468460000">
        <ele>1009.000</ele>
      </trkpt>
      <trkpt lat="43.047930000" lon="-6.468290000">
        <ele>1012.000</ele>
      </trkpt>
      <trkpt lat="43.047640000" lon="-6.466690000">
        <ele>1016.000</ele>
      </trkpt>
      <trkpt lat="43.047560000" lon="-6.466450000">
        <ele>1019.000</ele>
      </trkpt>
      <trkpt lat="43.047480000" lon="-6.466240000">
        <ele>1022.000</ele>
      </trkpt>
      <trkpt lat="43.047370000" lon="-6.466040000">
        <ele>1024.000</ele>
      </trkpt>
      <trkpt lat="43.047250000" lon="-6.465870000">
        <ele>1025.000</ele>
      </trkpt>
      <trkpt lat="43.046970000" lon="-6.465600000">
        <ele>1027.000</ele>
      </trkpt>
      <trkpt lat="43.046730000" lon="-6.465450000">
        <ele>1029.000</ele>
      </trkpt>
      <trkpt lat="43.046540000" lon="-6.465380000">
        <ele>1031.000</ele>
      </trkpt>
      <trkpt lat="43.045920000" lon="-6.465290000">
        <ele>1033.000</ele>
      </trkpt>
      <trkpt lat="43.045660000" lon="-6.465230000">
        <ele>1035.000</ele>
      </trkpt>
      <trkpt lat="43.045350000" lon="-6.465080000">
        <ele>1037.000</ele>
      </trkpt>
      <trkpt lat="43.045070000" lon="-6.464860000">
        <ele>1039.000</ele>
      </trkpt>
      <trkpt lat="43.044970000" lon="-6.464760000">
        <ele>1040.000</ele>
      </trkpt>
      <trkpt lat="43.044580000" lon="-6.464280000">
        <ele>1042.000</ele>
      </trkpt>
      <trkpt lat="43.044260000" lon="-6.463890000">
        <ele>1044.000</ele>
      </trkpt>
      <trkpt lat="43.044090000" lon="-6.463740000">
        <ele>1045.000</ele>
      </trkpt>
      <trkpt lat="43.043900000" lon="-6.463610000">
        <ele>1047.000</ele>
      </trkpt>
      <trkpt lat="43.043020000" lon="-6.463210000">
        <ele>1050.000</ele>
      </trkpt>
      <trkpt lat="43.042550000" lon="-6.462980000">
        <ele>1052.000</ele>
      </trkpt>
      <trkpt lat="43.042080000" lon="-6.462660000">
        <ele>1055.000</ele>
      </trkpt>
      <trkpt lat="43.041670000" lon="-6.462290000">
        <ele>1058.000</ele>
      </trkpt>
      <trkpt lat="43.041500000" lon="-6.462090000">
        <ele>1060.000</ele>
      </trkpt>
      <trkpt lat="43.040950000" lon="-6.461360000">
        <ele>1063.000</ele>
      </trkpt>
      <trkpt lat="43.040790000" lon="-6.461240000">
        <ele>1066.000</ele>
      </trkpt>
      <trkpt lat="43.040690000" lon="-6.461210000">
        <ele>1068.000</ele>
      </trkpt>
      <trkpt lat="43.040490000" lon="-6.461220000">
        <ele>1069.000</ele>
      </trkpt>
      <trkpt lat="43.040390000" lon="-6.461260000">
        <ele>1070.000</ele>
      </trkpt>
      <trkpt lat="43.040310000" lon="-6.461330000">
        <ele>1071.000</ele>
      </trkpt>
      <trkpt lat="43.040180000" lon="-6.461490000">
        <ele>1072.000</ele>
      </trkpt>
      <trkpt lat="43.040060000" lon="-6.461830000">
        <ele>1073.000</ele>
      </trkpt>
      <trkpt lat="43.039910000" lon="-6.462130000">
        <ele>1074.000</ele>
      </trkpt>
      <trkpt lat="43.039820000" lon="-6.462240000">
        <ele>1075.000</ele>
      </trkpt>
      <trkpt lat="43.039710000" lon="-6.462340000">
        <ele>1076.000</ele>
      </trkpt>
      <trkpt lat="43.039610000" lon="-6.462400000">
        <ele>1076.000</ele>
      </trkpt>
      <trkpt lat="43.039500000" lon="-6.462440000">
        <ele>1077.000</ele>
      </trkpt>
      <trkpt lat="43.039380000" lon="-6.462470000">
        <ele>1077.000</ele>
      </trkpt>
      <trkpt lat="43.039240000" lon="-6.462460000">
        <ele>1078.000</ele>
      </trkpt>
      <trkpt lat="43.039100000" lon="-6.462430000">
        <ele>1078.000</ele>
      </trkpt>
      <trkpt lat="43.038880000" lon="-6.462290000">
        <ele>1079.000</ele>
      </trkpt>
      <trkpt lat="43.038640000" lon="-6.462070000">
        <ele>1080.000</ele>
      </trkpt>
      <trkpt lat="43.038510000" lon="-6.462020000">
        <ele>1081.000</ele>
      </trkpt>
      <trkpt lat="43.038410000" lon="-6.462020000">
        <ele>1082.000</ele>
      </trkpt>
      <trkpt lat="43.038320000" lon="-6.462050000">
        <ele>1082.000</ele>
      </trkpt>
      <trkpt lat="43.038010000" lon="-6.462200000">
        <ele>1084.000</ele>
      </trkpt>
      <trkpt lat="43.037900000" lon="-6.462230000">
        <ele>1084.000</ele>
      </trkpt>
      <trkpt lat="43.037780000" lon="-6.462240000">
        <ele>1085.000</ele>
      </trkpt>
      <trkpt lat="43.037620000" lon="-6.462220000">
        <ele>1086.000</ele>
      </trkpt>
      <trkpt lat="43.037130000" lon="-6.462120000">
        <ele>1088.000</ele>
      </trkpt>
      <trkpt lat="43.036990000" lon="-6.462070000">
        <ele>1089.000</ele>
      </trkpt>
      <trkpt lat="43.036790000" lon="-6.461890000">
        <ele>1090.000</ele>
      </trkpt>
      <trkpt lat="43.036660000" lon="-6.461670000">
        <ele>1091.000</ele>
      </trkpt>
      <trkpt lat="43.036610000" lon="-6.461510000">
        <ele>1092.000</ele>
      </trkpt>
      <trkpt lat="43.036440000" lon="-6.460720000">
        <ele>1094.000</ele>
      </trkpt>
      <trkpt lat="43.036400000" lon="-6.460600000">
        <ele>1096.000</ele>
      </trkpt>
      <trkpt lat="43.036350000" lon="-6.460500000">
        <ele>1097.000</ele>
      </trkpt>
      <trkpt lat="43.036300000" lon="-6.460410000">
        <ele>1098.000</ele>
      </trkpt>
      <trkpt lat="43.036170000" lon="-6.460310000">
        <ele>1099.000</ele>
      </trkpt>
      <trkpt lat="43.035990000" lon="-6.460260000">
        <ele>1100.000</ele>
      </trkpt>
      <trkpt lat="43.035900000" lon="-6.460280000">
        <ele>1100.000</ele>
      </trkpt>
      <trkpt lat="43.035170000" lon="-6.460450000">
        <ele>1102.000</ele>
      </trkpt>
      <trkpt lat="43.035000000" lon="-6.460430000">
        <ele>1103.000</ele>
      </trkpt>
      <trkpt lat="43.034840000" lon="-6.460330000">
        <ele>1104.000</ele>
      </trkpt>
      <trkpt lat="43.034570000" lon="-6.460010000">
        <ele>1105.000</ele>
      </trkpt>
      <trkpt lat="43.034440000" lon="-6.459900000">
        <ele>1106.000</ele>
      </trkpt>
      <trkpt lat="43.033530000" lon="-6.459290000">
        <ele>1108.000</ele>
      </trkpt>
      <trkpt lat="43.033340000" lon="-6.459210000">
        <ele>1109.000</ele>
      </trkpt>
      <trkpt lat="43.032920000" lon="-6.459150000">
        <ele>1111.000</ele>
      </trkpt>
      <trkpt lat="43.032720000" lon="-6.459060000">
        <ele>1112.000</ele>
      </trkpt>
      <trkpt lat="43.032630000" lon="-6.458980000">
        <ele>1112.000</ele>
      </trkpt>
      <trkpt lat="43.032520000" lon="-6.458840000">
        <ele>1113.000</ele>
      </trkpt>
      <trkpt lat="43.032060000" lon="-6.458080000">
        <ele>1114.000</ele>
      </trkpt>
      <trkpt lat="43.032040000" lon="-6.458000000">
        <ele>1115.000</ele>
      </trkpt>
      <trkpt lat="43.032020000" lon="-6.457860000">
        <ele>1116.000</ele>
      </trkpt>
      <trkpt lat="43.032030000" lon="-6.457780000">
        <ele>1116.000</ele>
      </trkpt>
      <trkpt lat="43.032080000" lon="-6.457630000">
        <ele>1117.000</ele>
      </trkpt>
      <trkpt lat="43.032140000" lon="-6.457570000">
        <ele>1117.000</ele>
      </trkpt>
      <trkpt lat="43.032270000" lon="-6.457510000">
        <ele>1118.000</ele>
      </trkpt>
      <trkpt lat="43.032350000" lon="-6.457510000">
        <ele>1118.000</ele>
      </trkpt>
      <trkpt lat="43.032420000" lon="-6.457550000">
        <ele>1119.000</ele>
      </trkpt>
      <trkpt lat="43.032470000" lon="-6.457610000">
        <ele>1119.000</ele>
      </trkpt>
      <trkpt lat="43.032520000" lon="-6.457680000">
        <ele>1119.000</ele>
      </trkpt>
      <trkpt lat="43.032560000" lon="-6.457820000">
        <ele>1120.000</ele>
      </trkpt>
      <trkpt lat="43.032570000" lon="-6.458220000">
        <ele>1120.000</ele>
      </trkpt>
      <trkpt lat="43.032610000" lon="-6.458450000">
        <ele>1121.000</ele>
      </trkpt>
      <trkpt lat="43.032680000" lon="-6.458610000">
        <ele>1122.000</ele>
      </trkpt>
      <trkpt lat="43.032730000" lon="-6.458680000">
        <ele>1122.000</ele>
      </trkpt>
      <trkpt lat="43.032800000" lon="-6.458760000">
        <ele>1123.000</ele>
      </trkpt>
      <trkpt lat="43.032960000" lon="-6.458860000">
        <ele>1123.000</ele>
      </trkpt>
      <trkpt lat="43.033050000" lon="-6.458880000">
        <ele>1124.000</ele>
      </trkpt>
      <trkpt lat="43.033570000" lon="-6.458920000">
        <ele>1125.000</ele>
      </trkpt>
      <trkpt lat="43.033710000" lon="-6.458970000">
        <ele>1127.000</ele>
      </trkpt>
      <trkpt lat="43.034980000" lon="-6.459540000">
        <ele>1130.000</ele>
      </trkpt>
      <trkpt lat="43.035220000" lon="-6.459620000">
        <ele>1133.000</ele>
      </trkpt>
      <trkpt lat="43.035320000" lon="-6.459620000">
        <ele>1135.000</ele>
      </trkpt>
      <trkpt lat="43.035450000" lon="-6.459580000">
        <ele>1137.000</ele>
      </trkpt>
      <trkpt lat="43.036150000" lon="-6.459300000">
        <ele>1140.000</ele>
      </trkpt>
      <trkpt lat="43.036460000" lon="-6.459250000">
        <ele>1142.000</ele>
      </trkpt>
      <trkpt lat="43.036590000" lon="-6.459260000">
        <ele>1144.000</ele>
      </trkpt>
      <trkpt lat="43.036740000" lon="-6.459320000">
        <ele>1145.000</ele>
      </trkpt>
      <trkpt lat="43.036870000" lon="-6.459460000">
        <ele>1147.000</ele>
      </trkpt>
      <trkpt lat="43.037110000" lon="-6.459950000">
        <ele>1148.000</ele>
      </trkpt>
      <trkpt lat="43.037230000" lon="-6.460090000">
        <ele>1149.000</ele>
      </trkpt>
      <trkpt lat="43.037370000" lon="-6.460200000">
        <ele>1150.000</ele>
      </trkpt>
      <trkpt lat="43.037570000" lon="-6.460260000">
        <ele>1151.000</ele>
      </trkpt>
      <trkpt lat="43.037690000" lon="-6.460250000">
        <ele>1151.000</ele>
      </trkpt>
      <trkpt lat="43.038160000" lon="-6.460150000">
        <ele>1152.000</ele>
      </trkpt>
      <trkpt lat="43.038740000" lon="-6.460010000">
        <ele>1154.000</ele>
      </trkpt>
      <trkpt lat="43.038830000" lon="-6.459960000">
        <ele>1155.000</ele>
      </trkpt>
      <trkpt lat="43.038990000" lon="-6.459800000">
        <ele>1156.000</ele>
      </trkpt>
      <trkpt lat="43.039310000" lon="-6.459360000">
        <ele>1158.000</ele>
      </trkpt>
      <trkpt lat="43.039460000" lon="-6.459220000">
        <ele>1159.000</ele>
      </trkpt>
      <trkpt lat="43.039560000" lon="-6.459190000">
        <ele>1161.000</ele>
      </trkpt>
      <trkpt lat="43.039980000" lon="-6.459110000">
        <ele>1162.000</ele>
      </trkpt>
      <trkpt lat="43.040120000" lon="-6.459050000">
        <ele>1164.000</ele>
      </trkpt>
      <trkpt lat="43.040240000" lon="-6.458970000">
        <ele>1165.000</ele>
      </trkpt>
      <trkpt lat="43.040660000" lon="-6.458630000">
        <ele>1167.000</ele>
      </trkpt>
      <trkpt lat="43.040860000" lon="-6.458530000">
        <ele>1168.000</ele>
      </trkpt>
      <trkpt lat="43.040970000" lon="-6.458520000">
        <ele>1170.000</ele>
      </trkpt>
      <trkpt lat="43.041650000" lon="-6.458650000">
        <ele>1172.000</ele>
      </trkpt>
      <trkpt lat="43.041820000" lon="-6.458670000">
        <ele>1173.000</ele>
      </trkpt>
      <trkpt lat="43.042000000" lon="-6.458640000">
        <ele>1175.000</ele>
      </trkpt>
      <trkpt lat="43.042130000" lon="-6.458590000">
        <ele>1176.000</ele>
      </trkpt>
      <trkpt lat="43.042270000" lon="-6.458520000">
        <ele>1177.000</ele>
      </trkpt>
      <trkpt lat="43.042490000" lon="-6.458300000">
        <ele>1178.000</ele>
      </trkpt>
      <trkpt lat="43.042600000" lon="-6.458150000">
        <ele>1179.000</ele>
      </trkpt>
      <trkpt lat="43.042740000" lon="-6.457850000">
        <ele>1180.000</ele>
      </trkpt>
      <trkpt lat="43.042900000" lon="-6.457250000">
        <ele>1182.000</ele>
      </trkpt>
      <trkpt lat="43.043010000" lon="-6.456970000">
        <ele>1184.000</ele>
      </trkpt>
      <trkpt lat="43.043120000" lon="-6.456790000">
        <ele>1185.000</ele>
      </trkpt>
      <trkpt lat="43.043450000" lon="-6.456410000">
        <ele>1187.000</ele>
      </trkpt>
      <trkpt lat="43.043540000" lon="-6.456250000">
        <ele>1189.000</ele>
      </trkpt>
      <trkpt lat="43.043570000" lon="-6.456100000">
        <ele>1190.000</ele>
      </trkpt>
      <trkpt lat="43.043550000" lon="-6.455940000">
        <ele>1191.000</ele>
      </trkpt>
      <trkpt lat="43.043510000" lon="-6.455850000">
        <ele>1192.000</ele>
      </trkpt>
      <trkpt lat="43.043410000" lon="-6.455750000">
        <ele>1192.000</ele>
      </trkpt>
      <trkpt lat="43.043360000" lon="-6.455720000">
        <ele>1193.000</ele>
      </trkpt>
      <trkpt lat="43.043230000" lon="-6.455730000">
        <ele>1194.000</ele>
      </trkpt>
      <trkpt lat="43.043110000" lon="-6.455810000">
        <ele>1194.000</ele>
      </trkpt>
      <trkpt lat="43.043070000" lon="-6.455890000">
        <ele>1195.000</ele>
      </trkpt>
      <trkpt lat="43.043030000" lon="-6.456030000">
        <ele>1195.000</ele>
      </trkpt>
      <trkpt lat="43.043020000" lon="-6.456400000">
        <ele>1196.000</ele>
      </trkpt>
      <trkpt lat="43.043000000" lon="-6.456480000">
        <ele>1197.000</ele>
      </trkpt>
      <trkpt lat="43.042600000" lon="-6.457370000">
        <ele>1199.000</ele>
      </trkpt>
      <trkpt lat="43.042520000" lon="-6.457510000">
        <ele>1200.000</ele>
      </trkpt>
      <trkpt lat="43.042360000" lon="-6.457720000">
        <ele>1202.000</ele>
      </trkpt>
      <trkpt lat="43.042250000" lon="-6.457830000">
        <ele>1203.000</ele>
      </trkpt>
      <trkpt lat="43.042050000" lon="-6.457940000">
        <ele>1204.000</ele>
      </trkpt>
      <trkpt lat="43.041940000" lon="-6.457980000">
        <ele>1205.000</ele>
      </trkpt>
      <trkpt lat="43.041680000" lon="-6.458000000">
        <ele>1206.000</ele>
      </trkpt>
      <trkpt lat="43.041450000" lon="-6.457940000">
        <ele>1207.000</ele>
      </trkpt>
      <trkpt lat="43.041260000" lon="-6.457820000">
        <ele>1208.000</ele>
      </trkpt>
      <trkpt lat="43.040850000" lon="-6.457500000">
        <ele>1209.000</ele>
      </trkpt>
      <trkpt lat="43.040650000" lon="-6.457410000">
        <ele>1211.000</ele>
      </trkpt>
      <trkpt lat="43.040470000" lon="-6.457400000">
        <ele>1212.000</ele>
      </trkpt>
      <trkpt lat="43.038810000" lon="-6.457470000">
        <ele>1216.000</ele>
      </trkpt>
      <trkpt lat="43.038560000" lon="-6.457470000">
        <ele>1218.000</ele>
      </trkpt>
      <trkpt lat="43.038230000" lon="-6.457440000">
        <ele>1221.000</ele>
      </trkpt>
      <trkpt lat="43.038060000" lon="-6.457400000">
        <ele>1223.000</ele>
      </trkpt>
      <trkpt lat="43.037800000" lon="-6.457300000">
        <ele>1225.000</ele>
      </trkpt>
      <trkpt lat="43.036190000" lon="-6.456480000">
        <ele>1229.000</ele>
      </trkpt>
      <trkpt lat="43.035990000" lon="-6.456360000">
        <ele>1233.000</ele>
      </trkpt>
      <trkpt lat="43.035710000" lon="-6.456140000">
        <ele>1236.000</ele>
      </trkpt>
      <trkpt lat="43.035530000" lon="-6.455920000">
        <ele>1238.000</ele>
      </trkpt>
      <trkpt lat="43.034840000" lon="-6.455000000">
        <ele>1241.000</ele>
      </trkpt>
      <trkpt lat="43.034660000" lon="-6.454730000">
        <ele>1244.000</ele>
      </trkpt>
      <trkpt lat="43.034520000" lon="-6.454460000">
        <ele>1246.000</ele>
      </trkpt>
      <trkpt lat="43.034200000" lon="-6.453780000">
        <ele>1249.000</ele>
      </trkpt>
      <trkpt lat="43.034120000" lon="-6.453650000">
        <ele>1251.000</ele>
      </trkpt>
      <trkpt lat="43.033940000" lon="-6.453420000">
        <ele>1253.000</ele>
      </trkpt>
      <trkpt lat="43.033770000" lon="-6.453270000">
        <ele>1254.000</ele>
      </trkpt>
      <trkpt lat="43.032430000" lon="-6.452260000">
        <ele>1258.000</ele>
      </trkpt>
      <trkpt lat="43.031590000" lon="-6.451630000">
        <ele>1262.000</ele>
      </trkpt>
      <trkpt lat="43.031260000" lon="-6.451410000">
        <ele>1266.000</ele>
      </trkpt>
      <trkpt lat="43.030570000" lon="-6.451010000">
        <ele>1269.000</ele>
      </trkpt>
      <trkpt lat="43.030110000" lon="-6.450790000">
        <ele>1273.000</ele>
      </trkpt>
      <trkpt lat="43.029130000" lon="-6.450370000">
        <ele>1277.000</ele>
      </trkpt>
      <trkpt lat="43.028860000" lon="-6.450220000">
        <ele>1280.000</ele>
      </trkpt>
      <trkpt lat="43.028700000" lon="-6.450100000">
        <ele>1282.000</ele>
      </trkpt>
      <trkpt lat="43.027930000" lon="-6.449410000">
        <ele>1286.000</ele>
      </trkpt>
      <trkpt lat="43.027610000" lon="-6.449160000">
        <ele>1289.000</ele>
      </trkpt>
      <trkpt lat="43.026750000" lon="-6.448580000">
        <ele>1293.000</ele>
      </trkpt>
      <trkpt lat="43.026440000" lon="-6.448340000">
        <ele>1296.000</ele>
      </trkpt>
      <trkpt lat="43.026180000" lon="-6.448070000">
        <ele>1299.000</ele>
      </trkpt>
      <trkpt lat="43.025860000" lon="-6.447650000">
        <ele>1301.000</ele>
      </trkpt>
      <trkpt lat="43.025720000" lon="-6.447560000">
        <ele>1303.000</ele>
      </trkpt>
      <trkpt lat="43.025640000" lon="-6.447540000">
        <ele>1305.000</ele>
      </trkpt>
      <trkpt lat="43.025550000" lon="-6.447540000">
        <ele>1306.000</ele>
      </trkpt>
      <trkpt lat="43.025440000" lon="-6.447570000">
        <ele>1307.000</ele>
      </trkpt>
      <trkpt lat="43.024090000" lon="-6.448110000">
        <ele>1310.000</ele>
      </trkpt>
      <trkpt lat="43.023920000" lon="-6.448100000">
        <ele>1313.000</ele>
      </trkpt>
      <trkpt lat="43.023800000" lon="-6.448040000">
        <ele>1314.000</ele>
      </trkpt>
      <trkpt lat="43.023580000" lon="-6.447800000">
        <ele>1316.000</ele>
      </trkpt>
      <trkpt lat="43.023430000" lon="-6.447690000">
        <ele>1317.000</ele>
      </trkpt>
      <trkpt lat="43.023270000" lon="-6.447670000">
        <ele>1319.000</ele>
      </trkpt>
      <trkpt lat="43.023180000" lon="-6.447680000">
        <ele>1319.000</ele>
      </trkpt>
      <trkpt lat="43.023040000" lon="-6.447770000">
        <ele>1320.000</ele>
      </trkpt>
      <trkpt lat="43.022440000" lon="-6.448300000">
        <ele>1322.000</ele>
      </trkpt>
      <trkpt lat="43.022260000" lon="-6.448480000">
        <ele>1323.000</ele>
      </trkpt>
      <trkpt lat="43.022130000" lon="-6.448680000">
        <ele>1325.000</ele>
      </trkpt>
      <trkpt lat="43.021490000" lon="-6.449980000">
        <ele>1327.000</ele>
      </trkpt>
      <trkpt lat="43.021370000" lon="-6.450140000">
        <ele>1329.000</ele>
      </trkpt>
      <trkpt lat="43.021290000" lon="-6.450200000">
        <ele>1330.000</ele>
      </trkpt>
      <trkpt lat="43.021110000" lon="-6.450280000">
        <ele>1331.000</ele>
      </trkpt>
      <trkpt lat="43.020910000" lon="-6.450300000">
        <ele>1332.000</ele>
      </trkpt>
      <trkpt lat="43.020300000" lon="-6.450300000">
        <ele>1334.000</ele>
      </trkpt>
      <trkpt lat="43.020090000" lon="-6.450270000">
        <ele>1336.000</ele>
      </trkpt>
      <trkpt lat="43.019890000" lon="-6.450220000">
        <ele>1337.000</ele>
      </trkpt>
      <trkpt lat="43.019670000" lon="-6.450130000">
        <ele>1339.000</ele>
      </trkpt>
      <trkpt lat="43.019370000" lon="-6.449960000">
        <ele>1340.000</ele>
      </trkpt>
      <trkpt lat="43.018650000" lon="-6.449360000">
        <ele>1343.000</ele>
      </trkpt>
      <trkpt lat="43.018560000" lon="-6.449300000">
        <ele>1344.000</ele>
      </trkpt>
      <trkpt lat="43.018440000" lon="-6.449250000">
        <ele>1346.000</ele>
      </trkpt>
      <trkpt lat="43.018340000" lon="-6.449230000">
        <ele>1347.000</ele>
      </trkpt>
      <trkpt lat="43.018230000" lon="-6.449230000">
        <ele>1348.000</ele>
      </trkpt>
      <trkpt lat="43.017940000" lon="-6.449280000">
        <ele>1349.000</ele>
      </trkpt>
      <trkpt lat="43.017320000" lon="-6.449400000">
        <ele>1350.000</ele>
      </trkpt>
      <trkpt lat="43.016370000" lon="-6.449580000">
        <ele>1353.000</ele>
      </trkpt>
      <trkpt lat="43.016370000" lon="-6.449580000">
        <ele>1356.000</ele>
      </trkpt>
      <trkpt lat="43.016220000" lon="-6.449610000">
        <ele>1357.000</ele>
      </trkpt>
      <trkpt lat="43.016030000" lon="-6.449640000">
        <ele>1359.000</ele>
      </trkpt>
      <trkpt lat="43.015790000" lon="-6.449640000">
        <ele>1361.000</ele>
      </trkpt>
      <trkpt lat="43.015530000" lon="-6.449590000">
        <ele>1362.000</ele>
      </trkpt>
      <trkpt lat="43.014880000" lon="-6.449360000">
        <ele>1364.000</ele>
      </trkpt>
      <trkpt lat="43.014530000" lon="-6.449270000">
        <ele>1366.000</ele>
      </trkpt>
      <trkpt lat="43.013590000" lon="-6.449150000">
        <ele>1369.000</ele>
      </trkpt>
      <trkpt lat="43.013440000" lon="-6.449080000">
        <ele>1371.000</ele>
      </trkpt>
      <trkpt lat="43.013380000" lon="-6.449020000">
        <ele>1372.000</ele>
      </trkpt>
      <trkpt lat="43.013310000" lon="-6.448950000">
        <ele>1373.000</ele>
      </trkpt>
      <trkpt lat="43.013190000" lon="-6.448740000">
        <ele>1375.000</ele>
      </trkpt>
      <trkpt lat="43.013120000" lon="-6.448520000">
        <ele>1376.000</ele>
      </trkpt>
      <trkpt lat="43.013110000" lon="-6.448390000">
        <ele>1377.000</ele>
      </trkpt>
      <trkpt lat="43.012970000" lon="-6.445840000">
        <ele>1382.000</ele>
      </trkpt>
      <trkpt lat="43.012940000" lon="-6.445480000">
        <ele>1385.000</ele>
      </trkpt>
      <trkpt lat="43.012870000" lon="-6.445260000">
        <ele>1388.000</ele>
      </trkpt>
      <trkpt lat="43.012810000" lon="-6.445150000">
        <ele>1390.000</ele>
      </trkpt>
      <trkpt lat="43.012760000" lon="-6.445100000">
        <ele>1391.000</ele>
      </trkpt>
      <trkpt lat="43.012610000" lon="-6.444980000">
        <ele>1393.000</ele>
      </trkpt>
      <trkpt lat="43.012090000" lon="-6.444740000">
        <ele>1394.000</ele>
      </trkpt>
      <trkpt lat="43.011970000" lon="-6.444660000">
        <ele>1396.000</ele>
      </trkpt>
      <trkpt lat="43.011590000" lon="-6.444300000">
        <ele>1397.000</ele>
      </trkpt>
      <trkpt lat="43.011380000" lon="-6.444150000">
        <ele>1399.000</ele>
      </trkpt>
      <trkpt lat="43.010560000" lon="-6.443830000">
        <ele>1401.000</ele>
      </trkpt>
      <trkpt lat="43.010140000" lon="-6.443640000">
        <ele>1404.000</ele>
      </trkpt>
      <trkpt lat="43.009310000" lon="-6.443070000">
        <ele>1407.000</ele>
      </trkpt>
      <trkpt lat="43.009150000" lon="-6.442930000">
        <ele>1409.000</ele>
      </trkpt>
      <trkpt lat="43.009060000" lon="-6.442780000">
        <ele>1411.000</ele>
      </trkpt>
      <trkpt lat="43.009000000" lon="-6.442600000">
        <ele>1413.000</ele>
      </trkpt>
      <trkpt lat="43.008940000" lon="-6.442220000">
        <ele>1414.000</ele>
      </trkpt>
      <trkpt lat="43.008870000" lon="-6.441940000">
        <ele>1416.000</ele>
      </trkpt>
      <trkpt lat="43.008740000" lon="-6.441690000">
        <ele>1417.000</ele>
      </trkpt>
      <trkpt lat="43.008100000" lon="-6.440660000">
        <ele>1419.000</ele>
      </trkpt>
      <trkpt lat="43.008020000" lon="-6.440460000">
        <ele>1421.000</ele>
      </trkpt>
      <trkpt lat="43.007960000" lon="-6.440220000">
        <ele>1423.000</ele>
      </trkpt>
      <trkpt lat="43.007410000" lon="-6.436150000">
        <ele>1430.000</ele>
      </trkpt>
      <trkpt lat="43.007420000" lon="-6.435790000">
        <ele>1435.000</ele>
      </trkpt>
      <trkpt lat="43.007550000" lon="-6.435070000">
        <ele>1440.000</ele>
      </trkpt>
      <trkpt lat="43.007560000" lon="-6.434930000">
        <ele>1443.000</ele>
      </trkpt>
      <trkpt lat="43.007540000" lon="-6.434610000">
        <ele>1445.000</ele>
      </trkpt>
      <trkpt lat="43.007450000" lon="-6.434320000">
        <ele>1447.000</ele>
      </trkpt>
      <trkpt lat="43.007390000" lon="-6.434180000">
        <ele>1448.000</ele>
      </trkpt>
      <trkpt lat="43.007300000" lon="-6.434060000">
        <ele>1450.000</ele>
      </trkpt>
      <trkpt lat="43.007010000" lon="-6.433760000">
        <ele>1451.000</ele>
      </trkpt>
      <trkpt lat="43.006870000" lon="-6.433540000">
        <ele>1452.000</ele>
      </trkpt>
      <trkpt lat="43.006750000" lon="-6.433230000">
        <ele>1453.000</ele>
      </trkpt>
      <trkpt lat="43.006540000" lon="-6.432560000">
        <ele>1455.000</ele>
      </trkpt>
      <trkpt lat="43.006450000" lon="-6.432310000">
        <ele>1456.000</ele>
      </trkpt>
      <trkpt lat="43.006360000" lon="-6.432090000">
        <ele>1458.000</ele>
      </trkpt>
      <trkpt lat="43.005900000" lon="-6.431260000">
        <ele>1460.000</ele>
      </trkpt>
      <trkpt lat="43.005660000" lon="-6.430740000">
        <ele>1462.000</ele>
      </trkpt>
      <trkpt lat="43.005500000" lon="-6.430350000">
        <ele>1464.000</ele>
      </trkpt>
      <trkpt lat="43.005260000" lon="-6.429640000">
        <ele>1467.000</ele>
      </trkpt>
      <trkpt lat="43.005010000" lon="-6.429090000">
        <ele>1470.000</ele>
      </trkpt>
      <trkpt lat="43.004700000" lon="-6.428490000">
        <ele>1473.000</ele>
      </trkpt>
      <trkpt lat="43.004530000" lon="-6.428110000">
        <ele>1475.000</ele>
      </trkpt>
      <trkpt lat="43.004410000" lon="-6.427810000">
        <ele>1477.000</ele>
      </trkpt>
      <trkpt lat="43.004200000" lon="-6.427120000">
        <ele>1479.000</ele>
      </trkpt>
      <trkpt lat="43.004120000" lon="-6.426940000">
        <ele>1481.000</ele>
      </trkpt>
      <trkpt lat="43.004010000" lon="-6.426750000">
        <ele>1482.000</ele>
      </trkpt>
      <trkpt lat="43.003380000" lon="-6.425840000">
        <ele>1485.000</ele>
      </trkpt>
      <trkpt lat="43.002950000" lon="-6.425260000">
        <ele>1487.000</ele>
      </trkpt>
      <trkpt lat="43.002220000" lon="-6.424330000">
        <ele>1490.000</ele>
      </trkpt>
      <trkpt lat="43.002100000" lon="-6.424240000">
        <ele>1493.000</ele>
      </trkpt>
      <trkpt lat="43.002020000" lon="-6.424220000">
        <ele>1494.000</ele>
      </trkpt>
      <trkpt lat="43.001490000" lon="-6.424150000">
        <ele>1496.000</ele>
      </trkpt>
      <trkpt lat="43.001390000" lon="-6.424100000">
        <ele>1498.000</ele>
      </trkpt>
      <trkpt lat="43.001270000" lon="-6.424030000">
        <ele>1499.000</ele>
      </trkpt>
      <trkpt lat="43.001170000" lon="-6.423930000">
        <ele>1500.000</ele>
      </trkpt>
      <trkpt lat="43.001090000" lon="-6.423800000">
        <ele>1501.000</ele>
      </trkpt>
      <trkpt lat="42.999480000" lon="-6.419940000">
        <ele>1507.000</ele>
      </trkpt>
      <trkpt lat="42.999190000" lon="-6.418990000">
        <ele>1512.000</ele>
      </trkpt>
      <trkpt lat="42.999180000" lon="-6.418960000">
        <ele>1515.000</ele>
      </trkpt>
      <trkpt lat="42.999140000" lon="-6.418840000">
        <ele>1517.000</ele>
      </trkpt>
      <trkpt lat="42.999120000" lon="-6.418810000">
        <ele>1519.000</ele>
      </trkpt>
      <trkpt lat="42.998970000" lon="-6.418540000">
        <ele>1520.000</ele>
      </trkpt>
      <trkpt lat="42.998900000" lon="-6.418420000">
        <ele>1521.000</ele>
      </trkpt>
      <trkpt lat="42.998750000" lon="-6.418220000">
        <ele>1522.000</ele>
      </trkpt>
      <trkpt lat="42.998540000" lon="-6.417910000">
        <ele>1523.000</ele>
      </trkpt>
      <trkpt lat="42.998230000" lon="-6.417530000">
        <ele>1524.000</ele>
      </trkpt>
      <trkpt lat="42.997960000" lon="-6.417300000">
        <ele>1524.000</ele>
      </trkpt>
      <trkpt lat="42.997760000" lon="-6.417120000">
        <ele>1525.000</ele>
      </trkpt>
      <trkpt lat="42.996590000" lon="-6.416320000">
        <ele>1525.000</ele>
      </trkpt>
      <trkpt lat="42.995760000" lon="-6.415800000">
        <ele>1524.000</ele>
      </trkpt>
      <trkpt lat="42.995640000" lon="-6.415700000">
        <ele>1524.000</ele>
      </trkpt>
      <trkpt lat="42.995400000" lon="-6.415410000">
        <ele>1523.000</ele>
      </trkpt>
      <trkpt lat="42.994840000" lon="-6.414580000">
        <ele>1522.000</ele>
      </trkpt>
      <trkpt lat="42.994780000" lon="-6.414530000">
        <ele>1521.000</ele>
      </trkpt>
      <trkpt lat="42.994570000" lon="-6.414140000">
        <ele>1520.000</ele>
      </trkpt>
      <trkpt lat="42.994510000" lon="-6.413970000">
        <ele>1519.000</ele>
      </trkpt>
      <trkpt lat="42.994440000" lon="-6.413670000">
        <ele>1518.000</ele>
      </trkpt>
      <trkpt lat="42.994360000" lon="-6.413230000">
        <ele>1517.000</ele>
      </trkpt>
      <trkpt lat="42.994330000" lon="-6.412840000">
        <ele>1515.000</ele>
      </trkpt>
      <trkpt lat="42.994310000" lon="-6.412180000">
        <ele>1513.000</ele>
      </trkpt>
      <trkpt lat="42.994260000" lon="-6.411780000">
        <ele>1511.000</ele>
      </trkpt>
      <trkpt lat="42.994210000" lon="-6.411590000">
        <ele>1510.000</ele>
      </trkpt>
      <trkpt lat="42.994100000" lon="-6.411330000">
        <ele>1508.000</ele>
      </trkpt>
      <trkpt lat="42.993920000" lon="-6.411050000">
        <ele>1507.000</ele>
      </trkpt>
      <trkpt lat="42.993730000" lon="-6.410830000">
        <ele>1505.000</ele>
      </trkpt>
      <trkpt lat="42.993480000" lon="-6.410650000">
        <ele>1503.000</ele>
      </trkpt>
      <trkpt lat="42.993100000" lon="-6.410460000">
        <ele>1501.000</ele>
      </trkpt>
      <trkpt lat="42.992760000" lon="-6.410360000">
        <ele>1500.000</ele>
      </trkpt>
      <trkpt lat="42.992440000" lon="-6.410330000">
        <ele>1500.000</ele>
      </trkpt>
      <trkpt lat="42.992110000" lon="-6.410380000">
        <ele>1500.000</ele>
      </trkpt>
      <trkpt lat="42.991640000" lon="-6.410460000">
        <ele>1500.000</ele>
      </trkpt>
      <trkpt lat="42.991390000" lon="-6.410550000">
        <ele>1500.000</ele>
      </trkpt>
      <trkpt lat="42.991220000" lon="-6.410590000">
        <ele>1500.000</ele>
      </trkpt>
      <trkpt lat="42.990900000" lon="-6.410590000">
        <ele>1500.000</ele>
      </trkpt>
      <trkpt lat="42.990630000" lon="-6.410540000">
        <ele>1499.000</ele>
      </trkpt>
      <trkpt lat="42.990330000" lon="-6.410430000">
        <ele>1498.000</ele>
      </trkpt>
      <trkpt lat="42.989930000" lon="-6.410290000">
        <ele>1496.000</ele>
      </trkpt>
      <trkpt lat="42.989710000" lon="-6.410200000">
        <ele>1495.000</ele>
      </trkpt>
      <trkpt lat="42.989400000" lon="-6.410000000">
        <ele>1494.000</ele>
      </trkpt>
      <trkpt lat="42.987920000" lon="-6.408930000">
        <ele>1490.000</ele>
      </trkpt>
      <trkpt lat="42.987680000" lon="-6.408820000">
        <ele>1487.000</ele>
      </trkpt>
      <trkpt lat="42.987550000" lon="-6.408790000">
        <ele>1485.000</ele>
      </trkpt>
      <trkpt lat="42.986780000" lon="-6.408850000">
        <ele>1482.000</ele>
      </trkpt>
      <trkpt lat="42.986510000" lon="-6.408850000">
        <ele>1480.000</ele>
      </trkpt>
      <trkpt lat="42.986350000" lon="-6.408830000">
        <ele>1479.000</ele>
      </trkpt>
      <trkpt lat="42.984100000" lon="-6.408110000">
        <ele>1474.000</ele>
      </trkpt>
      <trkpt lat="42.983490000" lon="-6.407890000">
        <ele>1470.000</ele>
      </trkpt>
      <trkpt lat="42.983020000" lon="-6.407580000">
        <ele>1467.000</ele>
      </trkpt>
      <trkpt lat="42.982890000" lon="-6.407450000">
        <ele>1465.000</ele>
      </trkpt>
      <trkpt lat="42.982800000" lon="-6.407330000">
        <ele>1463.000</ele>
      </trkpt>
      <trkpt lat="42.982660000" lon="-6.406970000">
        <ele>1462.000</ele>
      </trkpt>
      <trkpt lat="42.982570000" lon="-6.406840000">
        <ele>1461.000</ele>
      </trkpt>
      <trkpt lat="42.982510000" lon="-6.406780000">
        <ele>1460.000</ele>
      </trkpt>
      <trkpt lat="42.982370000" lon="-6.406740000">
        <ele>1459.000</ele>
      </trkpt>
      <trkpt lat="42.981450000" lon="-6.406700000">
        <ele>1456.000</ele>
      </trkpt>
      <trkpt lat="42.981270000" lon="-6.406650000">
        <ele>1454.000</ele>
      </trkpt>
      <trkpt lat="42.981110000" lon="-6.406530000">
        <ele>1452.000</ele>
      </trkpt>
      <trkpt lat="42.981000000" lon="-6.406360000">
        <ele>1450.000</ele>
      </trkpt>
      <trkpt lat="42.980920000" lon="-6.406160000">
        <ele>1449.000</ele>
      </trkpt>
      <trkpt lat="42.980880000" lon="-6.405940000">
        <ele>1447.000</ele>
      </trkpt>
      <trkpt lat="42.980890000" lon="-6.405730000">
        <ele>1446.000</ele>
      </trkpt>
      <trkpt lat="42.980950000" lon="-6.405560000">
        <ele>1445.000</ele>
      </trkpt>
      <trkpt lat="42.981060000" lon="-6.405380000">
        <ele>1444.000</ele>
      </trkpt>
      <trkpt lat="42.982130000" lon="-6.404160000">
        <ele>1442.000</ele>
      </trkpt>
      <trkpt lat="42.982200000" lon="-6.404010000">
        <ele>1440.000</ele>
      </trkpt>
      <trkpt lat="42.982250000" lon="-6.403770000">
        <ele>1438.000</ele>
      </trkpt>
      <trkpt lat="42.982250000" lon="-6.403640000">
        <ele>1437.000</ele>
      </trkpt>
      <trkpt lat="42.982220000" lon="-6.403510000">
        <ele>1435.000</ele>
      </trkpt>
      <trkpt lat="42.982170000" lon="-6.403370000">
        <ele>1434.000</ele>
      </trkpt>
      <trkpt lat="42.982100000" lon="-6.403260000">
        <ele>1433.000</ele>
      </trkpt>
      <trkpt lat="42.982000000" lon="-6.403160000">
        <ele>1433.000</ele>
      </trkpt>
      <trkpt lat="42.981890000" lon="-6.403100000">
        <ele>1432.000</ele>
      </trkpt>
      <trkpt lat="42.981600000" lon="-6.403000000">
        <ele>1430.000</ele>
      </trkpt>
      <trkpt lat="42.981440000" lon="-6.402990000">
        <ele>1429.000</ele>
      </trkpt>
      <trkpt lat="42.981260000" lon="-6.403030000">
        <ele>1428.000</ele>
      </trkpt>
      <trkpt lat="42.980660000" lon="-6.403300000">
        <ele>1426.000</ele>
      </trkpt>
      <trkpt lat="42.980550000" lon="-6.403330000">
        <ele>1424.000</ele>
      </trkpt>
      <trkpt lat="42.980390000" lon="-6.403340000">
        <ele>1423.000</ele>
      </trkpt>
      <trkpt lat="42.979010000" lon="-6.403070000">
        <ele>1419.000</ele>
      </trkpt>
      <trkpt lat="42.977680000" lon="-6.402770000">
        <ele>1414.000</ele>
      </trkpt>
      <trkpt lat="42.977610000" lon="-6.402730000">
        <ele>1410.000</ele>
      </trkpt>
      <trkpt lat="42.977480000" lon="-6.402590000">
        <ele>1408.000</ele>
      </trkpt>
      <trkpt lat="42.977080000" lon="-6.402000000">
        <ele>1405.000</ele>
      </trkpt>
      <trkpt lat="42.976490000" lon="-6.401480000">
        <ele>1402.000</ele>
      </trkpt>
      <trkpt lat="42.975900000" lon="-6.401050000">
        <ele>1399.000</ele>
      </trkpt>
      <trkpt lat="42.974560000" lon="-6.400230000">
        <ele>1394.000</ele>
      </trkpt>
      <trkpt lat="42.974270000" lon="-6.400000000">
        <ele>1390.000</ele>
      </trkpt>
      <trkpt lat="42.974210000" lon="-6.399880000">
        <ele>1387.000</ele>
      </trkpt>
      <trkpt lat="42.974170000" lon="-6.399730000">
        <ele>1385.000</ele>
      </trkpt>
      <trkpt lat="42.974160000" lon="-6.399570000">
        <ele>1383.000</ele>
      </trkpt>
      <trkpt lat="42.974170000" lon="-6.399450000">
        <ele>1382.000</ele>
      </trkpt>
      <trkpt lat="42.974210000" lon="-6.399310000">
        <ele>1381.000</ele>
      </trkpt>
      <trkpt lat="42.974330000" lon="-6.398880000">
        <ele>1380.000</ele>
      </trkpt>
      <trkpt lat="42.974320000" lon="-6.398750000">
        <ele>1379.000</ele>
      </trkpt>
      <trkpt lat="42.974290000" lon="-6.398610000">
        <ele>1378.000</ele>
      </trkpt>
      <trkpt lat="42.973950000" lon="-6.397760000">
        <ele>1376.000</ele>
      </trkpt>
      <trkpt lat="42.973850000" lon="-6.397460000">
        <ele>1375.000</ele>
      </trkpt>
      <trkpt lat="42.973210000" lon="-6.394920000">
        <ele>1370.000</ele>
      </trkpt>
      <trkpt lat="42.973150000" lon="-6.394730000">
        <ele>1366.000</ele>
      </trkpt>
      <trkpt lat="42.973090000" lon="-6.394560000">
        <ele>1363.000</ele>
      </trkpt>
      <trkpt lat="42.972750000" lon="-6.393880000">
        <ele>1360.000</ele>
      </trkpt>
      <trkpt lat="42.972570000" lon="-6.393380000">
        <ele>1357.000</ele>
      </trkpt>
      <trkpt lat="42.972400000" lon="-6.392790000">
        <ele>1355.000</ele>
      </trkpt>
      <trkpt lat="42.972330000" lon="-6.392630000">
        <ele>1353.000</ele>
      </trkpt>
      <trkpt lat="42.972260000" lon="-6.392530000">
        <ele>1351.000</ele>
      </trkpt>
      <trkpt lat="42.972160000" lon="-6.392450000">
        <ele>1350.000</ele>
      </trkpt>
      <trkpt lat="42.971570000" lon="-6.392150000">
        <ele>1348.000</ele>
      </trkpt>
      <trkpt lat="42.971440000" lon="-6.392020000">
        <ele>1347.000</ele>
      </trkpt>
      <trkpt lat="42.971310000" lon="-6.391810000">
        <ele>1345.000</ele>
      </trkpt>
      <trkpt lat="42.971200000" lon="-6.391530000">
        <ele>1344.000</ele>
      </trkpt>
      <trkpt lat="42.971130000" lon="-6.391270000">
        <ele>1343.000</ele>
      </trkpt>
      <trkpt lat="42.971070000" lon="-6.390690000">
        <ele>1341.000</ele>
      </trkpt>
      <trkpt lat="42.971020000" lon="-6.390560000">
        <ele>1340.000</ele>
      </trkpt>
      <trkpt lat="42.970950000" lon="-6.390480000">
        <ele>1339.000</ele>
      </trkpt>
      <trkpt lat="42.970650000" lon="-6.390340000">
        <ele>1338.000</ele>
      </trkpt>
      <trkpt lat="42.970420000" lon="-6.390260000">
        <ele>1336.000</ele>
      </trkpt>
      <trkpt lat="42.970300000" lon="-6.390250000">
        <ele>1335.000</ele>
      </trkpt>
      <trkpt lat="42.970240000" lon="-6.390330000">
        <ele>1334.000</ele>
      </trkpt>
      <trkpt lat="42.970210000" lon="-6.390430000">
        <ele>1333.000</ele>
      </trkpt>
      <trkpt lat="42.970230000" lon="-6.390550000">
        <ele>1333.000</ele>
      </trkpt>
      <trkpt lat="42.970250000" lon="-6.390600000">
        <ele>1332.000</ele>
      </trkpt>
      <trkpt lat="42.970290000" lon="-6.390640000">
        <ele>1332.000</ele>
      </trkpt>
      <trkpt lat="42.970700000" lon="-6.390880000">
        <ele>1330.000</ele>
      </trkpt>
      <trkpt lat="42.970800000" lon="-6.390980000">
        <ele>1329.000</ele>
      </trkpt>
      <trkpt lat="42.970840000" lon="-6.391060000">
        <ele>1328.000</ele>
      </trkpt>
      <trkpt lat="42.970870000" lon="-6.391140000">
        <ele>1328.000</ele>
      </trkpt>
      <trkpt lat="42.971160000" lon="-6.393140000">
        <ele>1325.000</ele>
      </trkpt>
      <trkpt lat="42.971210000" lon="-6.393320000">
        <ele>1323.000</ele>
      </trkpt>
      <trkpt lat="42.971350000" lon="-6.393510000">
        <ele>1321.000</ele>
      </trkpt>
      <trkpt lat="42.971450000" lon="-6.393540000">
        <ele>1320.000</ele>
      </trkpt>
      <trkpt lat="42.971600000" lon="-6.393540000">
        <ele>1319.000</ele>
      </trkpt>
      <trkpt lat="42.971860000" lon="-6.393500000">
        <ele>1318.000</ele>
      </trkpt>
      <trkpt lat="42.971950000" lon="-6.393540000">
        <ele>1318.000</ele>
      </trkpt>
      <trkpt lat="42.972030000" lon="-6.393600000">
        <ele>1317.000</ele>
      </trkpt>
      <trkpt lat="42.972080000" lon="-6.393700000">
        <ele>1317.000</ele>
      </trkpt>
      <trkpt lat="42.972430000" lon="-6.394990000">
        <ele>1316.000</ele>
      </trkpt>
      <trkpt lat="42.972450000" lon="-6.395160000">
        <ele>1316.000</ele>
      </trkpt>
      <trkpt lat="42.972430000" lon="-6.395260000">
        <ele>1315.000</ele>
      </trkpt>
      <trkpt lat="42.972370000" lon="-6.395370000">
        <ele>1315.000</ele>
      </trkpt>
      <trkpt lat="42.972300000" lon="-6.395430000">
        <ele>1314.000</ele>
      </trkpt>
      <trkpt lat="42.972180000" lon="-6.395440000">
        <ele>1314.000</ele>
      </trkpt>
      <trkpt lat="42.971760000" lon="-6.395370000">
        <ele>1313.000</ele>
      </trkpt>
      <trkpt lat="42.971660000" lon="-6.395410000">
        <ele>1312.000</ele>
      </trkpt>
      <trkpt lat="42.971570000" lon="-6.395500000">
        <ele>1311.000</ele>
      </trkpt>
      <trkpt lat="42.971510000" lon="-6.395620000">
        <ele>1310.000</ele>
      </trkpt>
      <trkpt lat="42.971510000" lon="-6.395790000">
        <ele>1310.000</ele>
      </trkpt>
      <trkpt lat="42.971560000" lon="-6.395960000">
        <ele>1309.000</ele>
      </trkpt>
      <trkpt lat="42.971650000" lon="-6.396120000">
        <ele>1309.000</ele>
      </trkpt>
      <trkpt lat="42.971790000" lon="-6.396260000">
        <ele>1308.000</ele>
      </trkpt>
      <trkpt lat="42.972150000" lon="-6.396500000">
        <ele>1307.000</ele>
      </trkpt>
      <trkpt lat="42.972210000" lon="-6.396580000">
        <ele>1306.000</ele>
      </trkpt>
      <trkpt lat="42.972260000" lon="-6.396730000">
        <ele>1305.000</ele>
      </trkpt>
      <trkpt lat="42.972260000" lon="-6.396850000">
        <ele>1305.000</ele>
      </trkpt>
      <trkpt lat="42.972220000" lon="-6.396960000">
        <ele>1304.000</ele>
      </trkpt>
      <trkpt lat="42.971890000" lon="-6.397360000">
        <ele>1304.000</ele>
      </trkpt>
      <trkpt lat="42.971810000" lon="-6.397540000">
        <ele>1303.000</ele>
      </trkpt>
      <trkpt lat="42.971780000" lon="-6.397730000">
        <ele>1303.000</ele>
      </trkpt>
      <trkpt lat="42.971780000" lon="-6.397960000">
        <ele>1302.000</ele>
      </trkpt>
      <trkpt lat="42.971830000" lon="-6.398140000">
        <ele>1302.000</ele>
      </trkpt>
      <trkpt lat="42.972410000" lon="-6.399370000">
        <ele>1301.000</ele>
      </trkpt>
      <trkpt lat="42.972410000" lon="-6.399500000">
        <ele>1300.000</ele>
      </trkpt>
      <trkpt lat="42.972370000" lon="-6.399610000">
        <ele>1299.000</ele>
      </trkpt>
      <trkpt lat="42.972280000" lon="-6.399670000">
        <ele>1298.000</ele>
      </trkpt>
      <trkpt lat="42.972200000" lon="-6.399660000">
        <ele>1297.000</ele>
      </trkpt>
      <trkpt lat="42.972120000" lon="-6.399570000">
        <ele>1296.000</ele>
      </trkpt>
      <trkpt lat="42.971930000" lon="-6.399090000">
        <ele>1294.000</ele>
      </trkpt>
      <trkpt lat="42.971510000" lon="-6.398160000">
        <ele>1289.000</ele>
      </trkpt>
      <trkpt lat="42.971450000" lon="-6.397970000">
        <ele>1286.000</ele>
      </trkpt>
      <trkpt lat="42.971410000" lon="-6.397770000">
        <ele>1284.000</ele>
      </trkpt>
      <trkpt lat="42.971390000" lon="-6.397580000">
        <ele>1282.000</ele>
      </trkpt>
      <trkpt lat="42.971390000" lon="-6.397110000">
        <ele>1280.000</ele>
      </trkpt>
      <trkpt lat="42.971380000" lon="-6.396950000">
        <ele>1279.000</ele>
      </trkpt>
      <trkpt lat="42.970540000" lon="-6.395250000">
        <ele>1276.000</ele>
      </trkpt>
      <trkpt lat="42.970490000" lon="-6.395050000">
        <ele>1273.000</ele>
      </trkpt>
      <trkpt lat="42.970440000" lon="-6.394820000">
        <ele>1272.000</ele>
      </trkpt>
      <trkpt lat="42.970440000" lon="-6.394530000">
        <ele>1270.000</ele>
      </trkpt>
      <trkpt lat="42.970460000" lon="-6.394280000">
        <ele>1269.000</ele>
      </trkpt>
      <trkpt lat="42.970460000" lon="-6.393990000">
        <ele>1267.000</ele>
      </trkpt>
      <trkpt lat="42.970370000" lon="-6.393700000">
        <ele>1266.000</ele>
      </trkpt>
      <trkpt lat="42.969540000" lon="-6.392870000">
        <ele>1264.000</ele>
      </trkpt>
      <trkpt lat="42.969230000" lon="-6.392530000">
        <ele>1261.000</ele>
      </trkpt>
      <trkpt lat="42.969000000" lon="-6.392160000">
        <ele>1259.000</ele>
      </trkpt>
      <trkpt lat="42.968820000" lon="-6.391800000">
        <ele>1257.000</ele>
      </trkpt>
      <trkpt lat="42.968660000" lon="-6.391410000">
        <ele>1255.000</ele>
      </trkpt>
      <trkpt lat="42.968610000" lon="-6.391230000">
        <ele>1253.000</ele>
      </trkpt>
      <trkpt lat="42.968570000" lon="-6.390760000">
        <ele>1251.000</ele>
      </trkpt>
      <trkpt lat="42.968310000" lon="-6.389990000">
        <ele>1249.000</ele>
      </trkpt>
      <trkpt lat="42.968190000" lon="-6.389350000">
        <ele>1246.000</ele>
      </trkpt>
      <trkpt lat="42.968110000" lon="-6.389070000">
        <ele>1244.000</ele>
      </trkpt>
      <trkpt lat="42.967800000" lon="-6.388590000">
        <ele>1242.000</ele>
      </trkpt>
      <trkpt lat="42.967670000" lon="-6.388300000">
        <ele>1240.000</ele>
      </trkpt>
      <trkpt lat="42.967620000" lon="-6.388100000">
        <ele>1238.000</ele>
      </trkpt>
      <trkpt lat="42.967570000" lon="-6.387670000">
        <ele>1236.000</ele>
      </trkpt>
      <trkpt lat="42.967400000" lon="-6.387160000">
        <ele>1234.000</ele>
      </trkpt>
      <trkpt lat="42.967130000" lon="-6.386160000">
        <ele>1231.000</ele>
      </trkpt>
      <trkpt lat="42.967100000" lon="-6.385940000">
        <ele>1228.000</ele>
      </trkpt>
      <trkpt lat="42.967100000" lon="-6.385740000">
        <ele>1227.000</ele>
      </trkpt>
      <trkpt lat="42.967120000" lon="-6.385560000">
        <ele>1225.000</ele>
      </trkpt>
      <trkpt lat="42.967150000" lon="-6.385430000">
        <ele>1224.000</ele>
      </trkpt>
      <trkpt lat="42.967190000" lon="-6.385310000">
        <ele>1223.000</ele>
      </trkpt>
      <trkpt lat="42.967290000" lon="-6.385120000">
        <ele>1223.000</ele>
      </trkpt>
      <trkpt lat="42.967460000" lon="-6.384900000">
        <ele>1222.000</ele>
      </trkpt>
      <trkpt lat="42.967620000" lon="-6.384740000">
        <ele>1221.000</ele>
      </trkpt>
      <trkpt lat="42.968250000" lon="-6.384250000">
        <ele>1219.000</ele>
      </trkpt>
      <trkpt lat="42.968550000" lon="-6.383960000">
        <ele>1218.000</ele>
      </trkpt>
      <trkpt lat="42.969130000" lon="-6.383310000">
        <ele>1215.000</ele>
      </trkpt>
      <trkpt lat="42.969220000" lon="-6.383150000">
        <ele>1213.000</ele>
      </trkpt>
      <trkpt lat="42.969250000" lon="-6.383000000">
        <ele>1211.000</ele>
      </trkpt>
      <trkpt lat="42.969270000" lon="-6.382590000">
        <ele>1210.000</ele>
      </trkpt>
      <trkpt lat="42.969240000" lon="-6.382470000">
        <ele>1209.000</ele>
      </trkpt>
      <trkpt lat="42.969200000" lon="-6.382390000">
        <ele>1208.000</ele>
      </trkpt>
      <trkpt lat="42.968690000" lon="-6.382040000">
        <ele>1206.000</ele>
      </trkpt>
      <trkpt lat="42.968010000" lon="-6.381610000">
        <ele>1203.000</ele>
      </trkpt>
      <trkpt lat="42.967570000" lon="-6.381460000">
        <ele>1201.000</ele>
      </trkpt>
      <trkpt lat="42.967100000" lon="-6.381380000">
        <ele>1198.000</ele>
      </trkpt>
      <trkpt lat="42.966530000" lon="-6.381460000">
        <ele>1196.000</ele>
      </trkpt>
      <trkpt lat="42.965560000" lon="-6.381670000">
        <ele>1193.000</ele>
      </trkpt>
      <trkpt lat="42.965290000" lon="-6.381900000">
        <ele>1190.000</ele>
      </trkpt>
      <trkpt lat="42.965220000" lon="-6.382020000">
        <ele>1188.000</ele>
      </trkpt>
      <trkpt lat="42.965140000" lon="-6.382270000">
        <ele>1186.000</ele>
      </trkpt>
      <trkpt lat="42.965070000" lon="-6.382590000">
        <ele>1184.000</ele>
      </trkpt>
      <trkpt lat="42.964960000" lon="-6.382850000">
        <ele>1183.000</ele>
      </trkpt>
      <trkpt lat="42.964850000" lon="-6.382950000">
        <ele>1181.000</ele>
      </trkpt>
      <trkpt lat="42.964710000" lon="-6.383020000">
        <ele>1180.000</ele>
      </trkpt>
      <trkpt lat="42.964070000" lon="-6.383200000">
        <ele>1178.000</ele>
      </trkpt>
      <trkpt lat="42.963970000" lon="-6.383190000">
        <ele>1176.000</ele>
      </trkpt>
      <trkpt lat="42.963890000" lon="-6.383140000">
        <ele>1175.000</ele>
      </trkpt>
      <trkpt lat="42.963560000" lon="-6.382750000">
        <ele>1173.000</ele>
      </trkpt>
      <trkpt lat="42.963300000" lon="-6.382410000">
        <ele>1171.000</ele>
      </trkpt>
      <trkpt lat="42.963010000" lon="-6.382080000">
        <ele>1170.000</ele>
      </trkpt>
      <trkpt lat="42.962870000" lon="-6.381810000">
        <ele>1168.000</ele>
      </trkpt>
      <trkpt lat="42.962820000" lon="-6.381600000">
        <ele>1167.000</ele>
      </trkpt>
      <trkpt lat="42.962790000" lon="-6.381250000">
        <ele>1165.000</ele>
      </trkpt>
      <trkpt lat="42.962610000" lon="-6.380360000">
        <ele>1163.000</ele>
      </trkpt>
      <trkpt lat="42.962540000" lon="-6.380140000">
        <ele>1162.000</ele>
      </trkpt>
      <trkpt lat="42.962470000" lon="-6.380010000">
        <ele>1160.000</ele>
      </trkpt>
      <trkpt lat="42.962350000" lon="-6.379900000">
        <ele>1159.000</ele>
      </trkpt>
      <trkpt lat="42.962020000" lon="-6.379810000">
        <ele>1158.000</ele>
      </trkpt>
      <trkpt lat="42.961910000" lon="-6.379740000">
        <ele>1157.000</ele>
      </trkpt>
      <trkpt lat="42.961820000" lon="-6.379650000">
        <ele>1156.000</ele>
      </trkpt>
      <trkpt lat="42.961760000" lon="-6.379490000">
        <ele>1155.000</ele>
      </trkpt>
      <trkpt lat="42.961720000" lon="-6.379300000">
        <ele>1154.000</ele>
      </trkpt>
      <trkpt lat="42.961720000" lon="-6.378870000">
        <ele>1153.000</ele>
      </trkpt>
      <trkpt lat="42.961690000" lon="-6.378710000">
        <ele>1152.000</ele>
      </trkpt>
      <trkpt lat="42.961620000" lon="-6.378580000">
        <ele>1151.000</ele>
      </trkpt>
      <trkpt lat="42.961550000" lon="-6.378530000">
        <ele>1150.000</ele>
      </trkpt>
      <trkpt lat="42.961450000" lon="-6.378510000">
        <ele>1150.000</ele>
      </trkpt>
      <trkpt lat="42.960890000" lon="-6.378540000">
        <ele>1148.000</ele>
      </trkpt>
      <trkpt lat="42.960700000" lon="-6.378510000">
        <ele>1147.000</ele>
      </trkpt>
      <trkpt lat="42.960510000" lon="-6.378450000">
        <ele>1145.000</ele>
      </trkpt>
      <trkpt lat="42.960320000" lon="-6.378310000">
        <ele>1144.000</ele>
      </trkpt>
      <trkpt lat="42.960140000" lon="-6.378130000">
        <ele>1143.000</ele>
      </trkpt>
      <trkpt lat="42.959990000" lon="-6.377920000">
        <ele>1142.000</ele>
      </trkpt>
      <trkpt lat="42.959050000" lon="-6.376400000">
        <ele>1139.000</ele>
      </trkpt>
      <trkpt lat="42.959050000" lon="-6.376400000">
        <ele>1137.000</ele>
      </trkpt>
      <trkpt lat="42.958870000" lon="-6.376110000">
        <ele>1135.000</ele>
      </trkpt>
      <trkpt lat="42.958530000" lon="-6.375640000">
        <ele>1133.000</ele>
      </trkpt>
      <trkpt lat="42.957910000" lon="-6.374890000">
        <ele>1130.000</ele>
      </trkpt>
      <trkpt lat="42.957690000" lon="-6.374680000">
        <ele>1127.000</ele>
      </trkpt>
      <trkpt lat="42.957550000" lon="-6.374600000">
        <ele>1125.000</ele>
      </trkpt>
      <trkpt lat="42.956930000" lon="-6.374400000">
        <ele>1123.000</ele>
      </trkpt>
      <trkpt lat="42.956800000" lon="-6.374310000">
        <ele>1121.000</ele>
      </trkpt>
      <trkpt lat="42.956670000" lon="-6.374200000">
        <ele>1119.000</ele>
      </trkpt>
      <trkpt lat="42.956520000" lon="-6.374010000">
        <ele>1117.000</ele>
      </trkpt>
      <trkpt lat="42.956180000" lon="-6.373450000">
        <ele>1115.000</ele>
      </trkpt>
      <trkpt lat="42.956060000" lon="-6.373250000">
        <ele>1113.000</ele>
      </trkpt>
      <trkpt lat="42.955880000" lon="-6.373170000">
        <ele>1110.000</ele>
      </trkpt>
      <trkpt lat="42.955740000" lon="-6.373190000">
        <ele>1108.000</ele>
      </trkpt>
      <trkpt lat="42.955440000" lon="-6.373420000">
        <ele>1105.000</ele>
      </trkpt>
      <trkpt lat="42.955330000" lon="-6.373470000">
        <ele>1102.000</ele>
      </trkpt>
      <trkpt lat="42.955160000" lon="-6.373460000">
        <ele>1100.000</ele>
      </trkpt>
      <trkpt lat="42.955090000" lon="-6.373380000">
        <ele>1098.000</ele>
      </trkpt>
      <trkpt lat="42.954990000" lon="-6.373220000">
        <ele>1096.000</ele>
      </trkpt>
      <trkpt lat="42.954990000" lon="-6.373060000">
        <ele>1094.000</ele>
      </trkpt>
      <trkpt lat="42.955150000" lon="-6.372650000">
        <ele>1091.000</ele>
      </trkpt>
      <trkpt lat="42.955190000" lon="-6.372470000">
        <ele>1089.000</ele>
      </trkpt>
      <trkpt lat="42.955040000" lon="-6.372420000">
        <ele>1087.000</ele>
      </trkpt>
      <trkpt lat="42.955040000" lon="-6.372550000">
        <ele>1086.000</ele>
      </trkpt>
      <trkpt lat="42.955010000" lon="-6.372620000">
        <ele>1085.000</ele>
      </trkpt>
      <trkpt lat="42.954710000" lon="-6.372850000">
        <ele>1084.000</ele>
      </trkpt>
      <trkpt lat="42.954660000" lon="-6.372970000">
        <ele>1083.000</ele>
      </trkpt>
      <trkpt lat="42.954640000" lon="-6.373080000">
        <ele>1082.000</ele>
      </trkpt>
      <trkpt lat="42.954670000" lon="-6.373290000">
        <ele>1081.000</ele>
      </trkpt>
      <trkpt lat="42.954710000" lon="-6.373390000">
        <ele>1080.000</ele>
      </trkpt>
      <trkpt lat="42.954780000" lon="-6.373520000">
        <ele>1080.000</ele>
      </trkpt>
      <trkpt lat="42.955120000" lon="-6.373930000">
        <ele>1079.000</ele>
      </trkpt>
      <trkpt lat="42.955690000" lon="-6.374380000">
        <ele>1077.000</ele>
      </trkpt>
      <trkpt lat="42.955850000" lon="-6.374680000">
        <ele>1075.000</ele>
      </trkpt>
      <trkpt lat="42.956170000" lon="-6.374910000">
        <ele>1072.000</ele>
      </trkpt>
      <trkpt lat="42.956440000" lon="-6.375050000">
        <ele>1070.000</ele>
      </trkpt>
      <trkpt lat="42.956780000" lon="-6.375280000">
        <ele>1068.000</ele>
      </trkpt>
      <trkpt lat="42.956860000" lon="-6.375450000">
        <ele>1066.000</ele>
      </trkpt>
      <trkpt lat="42.956830000" lon="-6.375630000">
        <ele>1065.000</ele>
      </trkpt>
      <trkpt lat="42.956750000" lon="-6.375710000">
        <ele>1064.000</ele>
      </trkpt>
      <trkpt lat="42.956630000" lon="-6.375710000">
        <ele>1063.000</ele>
      </trkpt>
      <trkpt lat="42.956380000" lon="-6.375520000">
        <ele>1061.000</ele>
      </trkpt>
      <trkpt lat="42.955950000" lon="-6.375140000">
        <ele>1060.000</ele>
      </trkpt>
      <trkpt lat="42.955200000" lon="-6.374640000">
        <ele>1057.000</ele>
      </trkpt>
      <trkpt lat="42.954970000" lon="-6.374360000">
        <ele>1055.000</ele>
      </trkpt>
      <trkpt lat="42.954700000" lon="-6.374110000">
        <ele>1053.000</ele>
      </trkpt>
      <trkpt lat="42.954030000" lon="-6.374030000">
        <ele>1050.000</ele>
      </trkpt>
      <trkpt lat="42.953880000" lon="-6.373940000">
        <ele>1048.000</ele>
      </trkpt>
      <trkpt lat="42.953650000" lon="-6.373590000">
        <ele>1047.000</ele>
      </trkpt>
      <trkpt lat="42.953120000" lon="-6.372740000">
        <ele>1044.000</ele>
      </trkpt>
      <trkpt lat="42.953070000" lon="-6.372700000">
        <ele>1042.000</ele>
      </trkpt>
      <trkpt lat="42.952870000" lon="-6.372390000">
        <ele>1040.000</ele>
      </trkpt>
      <trkpt lat="42.952770000" lon="-6.372240000">
        <ele>1039.000</ele>
      </trkpt>
      <trkpt lat="42.952570000" lon="-6.372070000">
        <ele>1038.000</ele>
      </trkpt>
      <trkpt lat="42.952230000" lon="-6.372080000">
        <ele>1036.000</ele>
      </trkpt>
      <trkpt lat="42.952040000" lon="-6.372020000">
        <ele>1035.000</ele>
      </trkpt>
      <trkpt lat="42.951840000" lon="-6.371740000">
        <ele>1034.000</ele>
      </trkpt>
      <trkpt lat="42.951400000" lon="-6.370710000">
        <ele>1033.000</ele>
      </trkpt>
      <trkpt lat="42.951350000" lon="-6.370610000">
        <ele>1032.000</ele>
      </trkpt>
      <trkpt lat="42.950780000" lon="-6.370130000">
        <ele>1031.000</ele>
      </trkpt>
      <trkpt lat="42.950680000" lon="-6.370030000">
        <ele>1030.000</ele>
      </trkpt>
      <trkpt lat="42.950620000" lon="-6.369910000">
        <ele>1029.000</ele>
      </trkpt>
      <trkpt lat="42.950520000" lon="-6.369560000">
        <ele>1027.000</ele>
      </trkpt>
      <trkpt lat="42.950470000" lon="-6.369140000">
        <ele>1026.000</ele>
      </trkpt>
      <trkpt lat="42.950470000" lon="-6.368370000">
        <ele>1024.000</ele>
      </trkpt>
      <trkpt lat="42.950390000" lon="-6.367630000">
        <ele>1022.000</ele>
      </trkpt>
      <trkpt lat="42.950310000" lon="-6.366950000">
        <ele>1020.000</ele>
      </trkpt>
      <trkpt lat="42.950230000" lon="-6.366530000">
        <ele>1019.000</ele>
      </trkpt>
      <trkpt lat="42.949880000" lon="-6.365280000">
        <ele>1017.000</ele>
      </trkpt>
      <trkpt lat="42.949400000" lon="-6.363520000">
        <ele>1014.000</ele>
      </trkpt>
      <trkpt lat="42.949180000" lon="-6.362780000">
        <ele>1012.000</ele>
      </trkpt>
      <trkpt lat="42.948750000" lon="-6.361380000">
        <ele>1010.000</ele>
      </trkpt>
      <trkpt lat="42.948610000" lon="-6.361120000">
        <ele>1009.000</ele>
      </trkpt>
      <trkpt lat="42.947880000" lon="-6.360290000">
        <ele>1008.000</ele>
      </trkpt>
      <trkpt lat="42.947780000" lon="-6.360130000">
        <ele>1007.000</ele>
      </trkpt>
      <trkpt lat="42.947690000" lon="-6.359890000">
        <ele>1007.000</ele>
      </trkpt>
      <trkpt lat="42.947630000" lon="-6.359650000">
        <ele>1006.000</ele>
      </trkpt>
      <trkpt lat="42.947450000" lon="-6.358320000">
        <ele>1005.000</ele>
      </trkpt>
      <trkpt lat="42.946880000" lon="-6.354490000">
        <ele>1001.000</ele>
      </trkpt>
      <trkpt lat="42.946710000" lon="-6.353930000">
        <ele>997.000</ele>
      </trkpt>
      <trkpt lat="42.946240000" lon="-6.352500000">
        <ele>994.000</ele>
      </trkpt>
      <trkpt lat="42.946130000" lon="-6.352110000">
        <ele>992.000</ele>
      </trkpt>
      <trkpt lat="42.946010000" lon="-6.351360000">
        <ele>990.000</ele>
      </trkpt>
      <trkpt lat="42.945990000" lon="-6.351220000">
        <ele>988.000</ele>
      </trkpt>
      <trkpt lat="42.945820000" lon="-6.350220000">
        <ele>987.000</ele>
      </trkpt>
      <trkpt lat="42.945630000" lon="-6.349060000">
        <ele>987.000</ele>
      </trkpt>
      <trkpt lat="42.945550000" lon="-6.348530000">
        <ele>987.000</ele>
      </trkpt>
      <trkpt lat="42.945520000" lon="-6.348480000">
        <ele>987.000</ele>
      </trkpt>
      <trkpt lat="42.945500000" lon="-6.348410000">
        <ele>987.000</ele>
      </trkpt>
      <trkpt lat="42.945510000" lon="-6.348340000">
        <ele>987.000</ele>
      </trkpt>
      <trkpt lat="42.945530000" lon="-6.348270000">
        <ele>987.000</ele>
      </trkpt>
      <trkpt lat="42.945600000" lon="-6.348210000">
        <ele>987.000</ele>
      </trkpt>
      <trkpt lat="42.945660000" lon="-6.348200000">
        <ele>987.000</ele>
      </trkpt>
      <trkpt lat="42.945710000" lon="-6.348220000">
        <ele>987.000</ele>
      </trkpt>
      <trkpt lat="42.945760000" lon="-6.348280000">
        <ele>987.000</ele>
      </trkpt>
      <trkpt lat="42.946030000" lon="-6.347670000">
        <ele>988.000</ele>
      </trkpt>
      <trkpt lat="42.946300000" lon="-6.347140000">
        <ele>988.000</ele>
      </trkpt>
      <trkpt lat="42.946370000" lon="-6.346950000">
        <ele>988.000</ele>
      </trkpt>
      <trkpt lat="42.946410000" lon="-6.346650000">
        <ele>989.000</ele>
      </trkpt>
      <trkpt lat="42.946400000" lon="-6.346340000">
        <ele>989.000</ele>
      </trkpt>
      <trkpt lat="42.946280000" lon="-6.345470000">
        <ele>989.000</ele>
      </trkpt>
      <trkpt lat="42.946210000" lon="-6.345160000">
        <ele>990.000</ele>
      </trkpt>
      <trkpt lat="42.946120000" lon="-6.344920000">
        <ele>990.000</ele>
      </trkpt>
      <trkpt lat="42.946000000" lon="-6.344640000">
        <ele>990.000</ele>
      </trkpt>
      <trkpt lat="42.945860000" lon="-6.344420000">
        <ele>990.000</ele>
      </trkpt>
      <trkpt lat="42.945700000" lon="-6.344260000">
        <ele>991.000</ele>
      </trkpt>
      <trkpt lat="42.944950000" lon="-6.343730000">
        <ele>991.000</ele>
      </trkpt>
      <trkpt lat="42.944670000" lon="-6.343550000">
        <ele>991.000</ele>
      </trkpt>
      <trkpt lat="42.944490000" lon="-6.343450000">
        <ele>991.000</ele>
      </trkpt>
      <trkpt lat="42.944370000" lon="-6.343330000">
        <ele>991.000</ele>
      </trkpt>
      <trkpt lat="42.944190000" lon="-6.343080000">
        <ele>992.000</ele>
      </trkpt>
      <trkpt lat="42.943790000" lon="-6.342400000">
        <ele>993.000</ele>
      </trkpt>
      <trkpt lat="42.943050000" lon="-6.341140000">
        <ele>994.000</ele>
      </trkpt>
      <trkpt lat="42.942930000" lon="-6.340800000">
        <ele>994.000</ele>
      </trkpt>
      <trkpt lat="42.942920000" lon="-6.340700000">
        <ele>995.000</ele>
      </trkpt>
      <trkpt lat="42.942900000" lon="-6.339760000">
        <ele>996.000</ele>
      </trkpt>
      <trkpt lat="42.942850000" lon="-6.339440000">
        <ele>996.000</ele>
      </trkpt>
      <trkpt lat="42.942620000" lon="-6.338330000">
        <ele>995.000</ele>
      </trkpt>
      <trkpt lat="42.942250000" lon="-6.336660000">
        <ele>994.000</ele>
      </trkpt>
      <trkpt lat="42.942220000" lon="-6.336330000">
        <ele>993.000</ele>
      </trkpt>
      <trkpt lat="42.942210000" lon="-6.336130000">
        <ele>992.000</ele>
      </trkpt>
      <trkpt lat="42.942080000" lon="-6.333980000">
        <ele>990.000</ele>
      </trkpt>
      <trkpt lat="42.942020000" lon="-6.333030000">
        <ele>990.000</ele>
      </trkpt>
      <trkpt lat="42.941990000" lon="-6.332570000">
        <ele>990.000</ele>
      </trkpt>
      <trkpt lat="42.941960000" lon="-6.332200000">
        <ele>991.000</ele>
      </trkpt>
      <trkpt lat="42.941880000" lon="-6.330820000">
        <ele>993.000</ele>
      </trkpt>
      <trkpt lat="42.941870000" lon="-6.330590000">
        <ele>994.000</ele>
      </trkpt>
      <trkpt lat="42.941810000" lon="-6.329770000">
        <ele>996.000</ele>
      </trkpt>
      <trkpt lat="42.941760000" lon="-6.329320000">
        <ele>997.000</ele>
      </trkpt>
      <trkpt lat="42.941700000" lon="-6.329030000">
        <ele>998.000</ele>
      </trkpt>
      <trkpt lat="42.941620000" lon="-6.328670000">
        <ele>999.000</ele>
      </trkpt>
      <trkpt lat="42.941540000" lon="-6.328290000">
        <ele>1000.000</ele>
      </trkpt>
      <trkpt lat="42.941470000" lon="-6.327890000">
        <ele>1000.000</ele>
      </trkpt>
      <trkpt lat="42.941440000" lon="-6.327740000">
        <ele>1000.000</ele>
      </trkpt>
      <trkpt lat="42.941400000" lon="-6.327480000">
        <ele>1000.000</ele>
      </trkpt>
      <trkpt lat="42.941330000" lon="-6.326990000">
        <ele>1000.000</ele>
      </trkpt>
      <trkpt lat="42.941150000" lon="-6.325650000">
        <ele>1000.000</ele>
      </trkpt>
      <trkpt lat="42.941020000" lon="-6.324540000">
        <ele>1000.000</ele>
      </trkpt>
      <trkpt lat="42.940930000" lon="-6.323880000">
        <ele>1000.000</ele>
      </trkpt>
      <trkpt lat="42.940890000" lon="-6.323560000">
        <ele>1001.000</ele>
      </trkpt>
      <trkpt lat="42.940820000" lon="-6.323010000">
        <ele>1001.000</ele>
      </trkpt>
    </trkseg>
  </trk>
</gpx>
