<?xml version="1.0" encoding="UTF-8"?>
<gpx version="1.0" creator="GPSBabel - https://www.gpsbabel.org" xmlns="http://www.topografix.com/GPX/1/0">
  <time>2023-04-03T06:55:49.802Z</time>
  <bounds minlat="42.663830000" minlon="-2.064030000" maxlat="43.004860000" maxlon="-1.710000000"/>
  <trk>
    <trkseg>
      <trkpt lat="42.820260000" lon="-1.710000000">
        <ele>417.000</ele>
      </trkpt>
      <trkpt lat="42.820230000" lon="-1.710070000">
        <ele>416.000</ele>
      </trkpt>
      <trkpt lat="42.820150000" lon="-1.710240000">
        <ele>416.000</ele>
      </trkpt>
      <trkpt lat="42.820080000" lon="-1.710400000">
        <ele>416.000</ele>
      </trkpt>
      <trkpt lat="42.819900000" lon="-1.710800000">
        <ele>416.000</ele>
      </trkpt>
      <trkpt lat="42.819790000" lon="-1.711020000">
        <ele>415.000</ele>
      </trkpt>
      <trkpt lat="42.819770000" lon="-1.711070000">
        <ele>415.000</ele>
      </trkpt>
      <trkpt lat="42.819610000" lon="-1.711420000">
        <ele>415.000</ele>
      </trkpt>
      <trkpt lat="42.819330000" lon="-1.712070000">
        <ele>414.000</ele>
      </trkpt>
      <trkpt lat="42.818970000" lon="-1.713040000">
        <ele>413.000</ele>
      </trkpt>
      <trkpt lat="42.818900000" lon="-1.713260000">
        <ele>412.000</ele>
      </trkpt>
      <trkpt lat="42.818790000" lon="-1.713690000">
        <ele>411.000</ele>
      </trkpt>
      <trkpt lat="42.818790000" lon="-1.713690000">
        <ele>410.000</ele>
      </trkpt>
      <trkpt lat="42.818800000" lon="-1.713710000">
        <ele>410.000</ele>
      </trkpt>
      <trkpt lat="42.818810000" lon="-1.713730000">
        <ele>409.000</ele>
      </trkpt>
      <trkpt lat="42.818810000" lon="-1.713760000">
        <ele>409.000</ele>
      </trkpt>
      <trkpt lat="42.818820000" lon="-1.713790000">
        <ele>409.000</ele>
      </trkpt>
      <trkpt lat="42.818820000" lon="-1.713820000">
        <ele>409.000</ele>
      </trkpt>
      <trkpt lat="42.818820000" lon="-1.713850000">
        <ele>409.000</ele>
      </trkpt>
      <trkpt lat="42.818820000" lon="-1.713880000">
        <ele>409.000</ele>
      </trkpt>
      <trkpt lat="42.818810000" lon="-1.713900000">
        <ele>408.000</ele>
      </trkpt>
      <trkpt lat="42.818810000" lon="-1.713930000">
        <ele>408.000</ele>
      </trkpt>
      <trkpt lat="42.818800000" lon="-1.713960000">
        <ele>408.000</ele>
      </trkpt>
      <trkpt lat="42.818790000" lon="-1.713980000">
        <ele>408.000</ele>
      </trkpt>
      <trkpt lat="42.818780000" lon="-1.714010000">
        <ele>408.000</ele>
      </trkpt>
      <trkpt lat="42.818770000" lon="-1.714030000">
        <ele>408.000</ele>
      </trkpt>
      <trkpt lat="42.818740000" lon="-1.714250000">
        <ele>408.000</ele>
      </trkpt>
      <trkpt lat="42.818730000" lon="-1.714360000">
        <ele>408.000</ele>
      </trkpt>
      <trkpt lat="42.818720000" lon="-1.714520000">
        <ele>407.000</ele>
      </trkpt>
      <trkpt lat="42.818720000" lon="-1.714650000">
        <ele>407.000</ele>
      </trkpt>
      <trkpt lat="42.818720000" lon="-1.714740000">
        <ele>407.000</ele>
      </trkpt>
      <trkpt lat="42.818720000" lon="-1.714760000">
        <ele>406.000</ele>
      </trkpt>
      <trkpt lat="42.818720000" lon="-1.714810000">
        <ele>406.000</ele>
      </trkpt>
      <trkpt lat="42.818720000" lon="-1.714830000">
        <ele>406.000</ele>
      </trkpt>
      <trkpt lat="42.818720000" lon="-1.714920000">
        <ele>406.000</ele>
      </trkpt>
      <trkpt lat="42.818710000" lon="-1.714960000">
        <ele>406.000</ele>
      </trkpt>
      <trkpt lat="42.818710000" lon="-1.715020000">
        <ele>406.000</ele>
      </trkpt>
      <trkpt lat="42.818710000" lon="-1.715040000">
        <ele>406.000</ele>
      </trkpt>
      <trkpt lat="42.818710000" lon="-1.715080000">
        <ele>406.000</ele>
      </trkpt>
      <trkpt lat="42.818700000" lon="-1.715100000">
        <ele>405.000</ele>
      </trkpt>
      <trkpt lat="42.818700000" lon="-1.715160000">
        <ele>405.000</ele>
      </trkpt>
      <trkpt lat="42.818700000" lon="-1.715170000">
        <ele>405.000</ele>
      </trkpt>
      <trkpt lat="42.818700000" lon="-1.715180000">
        <ele>405.000</ele>
      </trkpt>
      <trkpt lat="42.818690000" lon="-1.715200000">
        <ele>405.000</ele>
      </trkpt>
      <trkpt lat="42.818690000" lon="-1.715210000">
        <ele>405.000</ele>
      </trkpt>
      <trkpt lat="42.818690000" lon="-1.715220000">
        <ele>405.000</ele>
      </trkpt>
      <trkpt lat="42.818690000" lon="-1.715270000">
        <ele>405.000</ele>
      </trkpt>
      <trkpt lat="42.818690000" lon="-1.715330000">
        <ele>405.000</ele>
      </trkpt>
      <trkpt lat="42.818680000" lon="-1.715400000">
        <ele>405.000</ele>
      </trkpt>
      <trkpt lat="42.818680000" lon="-1.715420000">
        <ele>405.000</ele>
      </trkpt>
      <trkpt lat="42.818680000" lon="-1.715440000">
        <ele>405.000</ele>
      </trkpt>
      <trkpt lat="42.818630000" lon="-1.716110000">
        <ele>404.000</ele>
      </trkpt>
      <trkpt lat="42.818650000" lon="-1.716430000">
        <ele>404.000</ele>
      </trkpt>
      <trkpt lat="42.818690000" lon="-1.716680000">
        <ele>403.000</ele>
      </trkpt>
      <trkpt lat="42.818690000" lon="-1.716680000">
        <ele>403.000</ele>
      </trkpt>
      <trkpt lat="42.818700000" lon="-1.716690000">
        <ele>403.000</ele>
      </trkpt>
      <trkpt lat="42.818710000" lon="-1.716710000">
        <ele>403.000</ele>
      </trkpt>
      <trkpt lat="42.818720000" lon="-1.716730000">
        <ele>403.000</ele>
      </trkpt>
      <trkpt lat="42.818730000" lon="-1.716760000">
        <ele>402.000</ele>
      </trkpt>
      <trkpt lat="42.818740000" lon="-1.716780000">
        <ele>402.000</ele>
      </trkpt>
      <trkpt lat="42.818750000" lon="-1.716810000">
        <ele>402.000</ele>
      </trkpt>
      <trkpt lat="42.818750000" lon="-1.716840000">
        <ele>402.000</ele>
      </trkpt>
      <trkpt lat="42.818760000" lon="-1.716860000">
        <ele>402.000</ele>
      </trkpt>
      <trkpt lat="42.818760000" lon="-1.716890000">
        <ele>402.000</ele>
      </trkpt>
      <trkpt lat="42.818760000" lon="-1.716920000">
        <ele>402.000</ele>
      </trkpt>
      <trkpt lat="42.818760000" lon="-1.716950000">
        <ele>402.000</ele>
      </trkpt>
      <trkpt lat="42.818750000" lon="-1.716970000">
        <ele>402.000</ele>
      </trkpt>
      <trkpt lat="42.818740000" lon="-1.717000000">
        <ele>402.000</ele>
      </trkpt>
      <trkpt lat="42.818740000" lon="-1.717030000">
        <ele>402.000</ele>
      </trkpt>
      <trkpt lat="42.818730000" lon="-1.717050000">
        <ele>402.000</ele>
      </trkpt>
      <trkpt lat="42.818720000" lon="-1.717070000">
        <ele>402.000</ele>
      </trkpt>
      <trkpt lat="42.818700000" lon="-1.717100000">
        <ele>402.000</ele>
      </trkpt>
      <trkpt lat="42.818690000" lon="-1.717110000">
        <ele>402.000</ele>
      </trkpt>
      <trkpt lat="42.818670000" lon="-1.717130000">
        <ele>402.000</ele>
      </trkpt>
      <trkpt lat="42.818650000" lon="-1.717150000">
        <ele>402.000</ele>
      </trkpt>
      <trkpt lat="42.818640000" lon="-1.717160000">
        <ele>402.000</ele>
      </trkpt>
      <trkpt lat="42.818620000" lon="-1.717170000">
        <ele>402.000</ele>
      </trkpt>
      <trkpt lat="42.818540000" lon="-1.717330000">
        <ele>401.000</ele>
      </trkpt>
      <trkpt lat="42.818470000" lon="-1.717510000">
        <ele>401.000</ele>
      </trkpt>
      <trkpt lat="42.818410000" lon="-1.717660000">
        <ele>401.000</ele>
      </trkpt>
      <trkpt lat="42.818390000" lon="-1.718060000">
        <ele>401.000</ele>
      </trkpt>
      <trkpt lat="42.818350000" lon="-1.718500000">
        <ele>400.000</ele>
      </trkpt>
      <trkpt lat="42.818330000" lon="-1.718710000">
        <ele>400.000</ele>
      </trkpt>
      <trkpt lat="42.818320000" lon="-1.718780000">
        <ele>400.000</ele>
      </trkpt>
      <trkpt lat="42.818300000" lon="-1.719020000">
        <ele>399.000</ele>
      </trkpt>
      <trkpt lat="42.818250000" lon="-1.719620000">
        <ele>399.000</ele>
      </trkpt>
      <trkpt lat="42.818240000" lon="-1.719760000">
        <ele>399.000</ele>
      </trkpt>
      <trkpt lat="42.818230000" lon="-1.719940000">
        <ele>398.000</ele>
      </trkpt>
      <trkpt lat="42.818220000" lon="-1.720070000">
        <ele>398.000</ele>
      </trkpt>
      <trkpt lat="42.818220000" lon="-1.720280000">
        <ele>398.000</ele>
      </trkpt>
      <trkpt lat="42.818220000" lon="-1.720430000">
        <ele>398.000</ele>
      </trkpt>
      <trkpt lat="42.818210000" lon="-1.720610000">
        <ele>398.000</ele>
      </trkpt>
      <trkpt lat="42.818210000" lon="-1.720750000">
        <ele>398.000</ele>
      </trkpt>
      <trkpt lat="42.818240000" lon="-1.721080000">
        <ele>397.000</ele>
      </trkpt>
      <trkpt lat="42.818250000" lon="-1.721230000">
        <ele>397.000</ele>
      </trkpt>
      <trkpt lat="42.818280000" lon="-1.721450000">
        <ele>397.000</ele>
      </trkpt>
      <trkpt lat="42.818390000" lon="-1.722280000">
        <ele>397.000</ele>
      </trkpt>
      <trkpt lat="42.818510000" lon="-1.722970000">
        <ele>397.000</ele>
      </trkpt>
      <trkpt lat="42.818530000" lon="-1.723090000">
        <ele>397.000</ele>
      </trkpt>
      <trkpt lat="42.818590000" lon="-1.723530000">
        <ele>397.000</ele>
      </trkpt>
      <trkpt lat="42.818660000" lon="-1.724210000">
        <ele>396.000</ele>
      </trkpt>
      <trkpt lat="42.818670000" lon="-1.724340000">
        <ele>396.000</ele>
      </trkpt>
      <trkpt lat="42.818690000" lon="-1.724860000">
        <ele>396.000</ele>
      </trkpt>
      <trkpt lat="42.818700000" lon="-1.724910000">
        <ele>396.000</ele>
      </trkpt>
      <trkpt lat="42.818700000" lon="-1.725150000">
        <ele>396.000</ele>
      </trkpt>
      <trkpt lat="42.818700000" lon="-1.725260000">
        <ele>396.000</ele>
      </trkpt>
      <trkpt lat="42.818720000" lon="-1.725750000">
        <ele>396.000</ele>
      </trkpt>
      <trkpt lat="42.818720000" lon="-1.726030000">
        <ele>396.000</ele>
      </trkpt>
      <trkpt lat="42.818730000" lon="-1.726530000">
        <ele>395.000</ele>
      </trkpt>
      <trkpt lat="42.818730000" lon="-1.726980000">
        <ele>395.000</ele>
      </trkpt>
      <trkpt lat="42.818730000" lon="-1.727060000">
        <ele>395.000</ele>
      </trkpt>
      <trkpt lat="42.818730000" lon="-1.727230000">
        <ele>395.000</ele>
      </trkpt>
      <trkpt lat="42.818730000" lon="-1.727470000">
        <ele>395.000</ele>
      </trkpt>
      <trkpt lat="42.818760000" lon="-1.729190000">
        <ele>394.000</ele>
      </trkpt>
      <trkpt lat="42.818760000" lon="-1.729200000">
        <ele>394.000</ele>
      </trkpt>
      <trkpt lat="42.818760000" lon="-1.729680000">
        <ele>394.000</ele>
      </trkpt>
      <trkpt lat="42.818770000" lon="-1.730170000">
        <ele>394.000</ele>
      </trkpt>
      <trkpt lat="42.818780000" lon="-1.731150000">
        <ele>394.000</ele>
      </trkpt>
      <trkpt lat="42.818790000" lon="-1.731640000">
        <ele>394.000</ele>
      </trkpt>
      <trkpt lat="42.818800000" lon="-1.732130000">
        <ele>394.000</ele>
      </trkpt>
      <trkpt lat="42.818800000" lon="-1.732370000">
        <ele>393.000</ele>
      </trkpt>
      <trkpt lat="42.818810000" lon="-1.732800000">
        <ele>393.000</ele>
      </trkpt>
      <trkpt lat="42.818810000" lon="-1.733600000">
        <ele>393.000</ele>
      </trkpt>
      <trkpt lat="42.818820000" lon="-1.734190000">
        <ele>393.000</ele>
      </trkpt>
      <trkpt lat="42.818820000" lon="-1.734280000">
        <ele>393.000</ele>
      </trkpt>
      <trkpt lat="42.818830000" lon="-1.734950000">
        <ele>393.000</ele>
      </trkpt>
      <trkpt lat="42.818830000" lon="-1.735500000">
        <ele>393.000</ele>
      </trkpt>
      <trkpt lat="42.818840000" lon="-1.736440000">
        <ele>393.000</ele>
      </trkpt>
      <trkpt lat="42.818850000" lon="-1.737020000">
        <ele>393.000</ele>
      </trkpt>
      <trkpt lat="42.818870000" lon="-1.737710000">
        <ele>394.000</ele>
      </trkpt>
      <trkpt lat="42.818880000" lon="-1.737900000">
        <ele>394.000</ele>
      </trkpt>
      <trkpt lat="42.818880000" lon="-1.737960000">
        <ele>394.000</ele>
      </trkpt>
      <trkpt lat="42.818880000" lon="-1.738010000">
        <ele>395.000</ele>
      </trkpt>
      <trkpt lat="42.818870000" lon="-1.738460000">
        <ele>395.000</ele>
      </trkpt>
      <trkpt lat="42.818870000" lon="-1.738690000">
        <ele>396.000</ele>
      </trkpt>
      <trkpt lat="42.818860000" lon="-1.738940000">
        <ele>396.000</ele>
      </trkpt>
      <trkpt lat="42.818850000" lon="-1.738990000">
        <ele>396.000</ele>
      </trkpt>
      <trkpt lat="42.818840000" lon="-1.739320000">
        <ele>397.000</ele>
      </trkpt>
      <trkpt lat="42.818790000" lon="-1.739900000">
        <ele>397.000</ele>
      </trkpt>
      <trkpt lat="42.818680000" lon="-1.740630000">
        <ele>398.000</ele>
      </trkpt>
      <trkpt lat="42.818680000" lon="-1.740640000">
        <ele>399.000</ele>
      </trkpt>
      <trkpt lat="42.818550000" lon="-1.741290000">
        <ele>400.000</ele>
      </trkpt>
      <trkpt lat="42.818520000" lon="-1.741400000">
        <ele>400.000</ele>
      </trkpt>
      <trkpt lat="42.818480000" lon="-1.741580000">
        <ele>401.000</ele>
      </trkpt>
      <trkpt lat="42.818420000" lon="-1.741810000">
        <ele>401.000</ele>
      </trkpt>
      <trkpt lat="42.818390000" lon="-1.741970000">
        <ele>402.000</ele>
      </trkpt>
      <trkpt lat="42.818290000" lon="-1.742320000">
        <ele>402.000</ele>
      </trkpt>
      <trkpt lat="42.818170000" lon="-1.742730000">
        <ele>403.000</ele>
      </trkpt>
      <trkpt lat="42.818110000" lon="-1.742960000">
        <ele>403.000</ele>
      </trkpt>
      <trkpt lat="42.818070000" lon="-1.743110000">
        <ele>403.000</ele>
      </trkpt>
      <trkpt lat="42.818060000" lon="-1.743140000">
        <ele>403.000</ele>
      </trkpt>
      <trkpt lat="42.817900000" lon="-1.743900000">
        <ele>403.000</ele>
      </trkpt>
      <trkpt lat="42.817700000" lon="-1.745020000">
        <ele>403.000</ele>
      </trkpt>
      <trkpt lat="42.817680000" lon="-1.745160000">
        <ele>403.000</ele>
      </trkpt>
      <trkpt lat="42.817670000" lon="-1.745170000">
        <ele>403.000</ele>
      </trkpt>
      <trkpt lat="42.817640000" lon="-1.745370000">
        <ele>403.000</ele>
      </trkpt>
      <trkpt lat="42.817620000" lon="-1.745510000">
        <ele>403.000</ele>
      </trkpt>
      <trkpt lat="42.817610000" lon="-1.745570000">
        <ele>402.000</ele>
      </trkpt>
      <trkpt lat="42.817550000" lon="-1.745950000">
        <ele>402.000</ele>
      </trkpt>
      <trkpt lat="42.817500000" lon="-1.746230000">
        <ele>401.000</ele>
      </trkpt>
      <trkpt lat="42.817460000" lon="-1.746340000">
        <ele>401.000</ele>
      </trkpt>
      <trkpt lat="42.817450000" lon="-1.746370000">
        <ele>400.000</ele>
      </trkpt>
      <trkpt lat="42.817430000" lon="-1.746440000">
        <ele>400.000</ele>
      </trkpt>
      <trkpt lat="42.817430000" lon="-1.746450000">
        <ele>400.000</ele>
      </trkpt>
      <trkpt lat="42.817130000" lon="-1.747130000">
        <ele>399.000</ele>
      </trkpt>
      <trkpt lat="42.817110000" lon="-1.747200000">
        <ele>398.000</ele>
      </trkpt>
      <trkpt lat="42.817010000" lon="-1.747490000">
        <ele>397.000</ele>
      </trkpt>
      <trkpt lat="42.816980000" lon="-1.747570000">
        <ele>396.000</ele>
      </trkpt>
      <trkpt lat="42.816950000" lon="-1.747610000">
        <ele>396.000</ele>
      </trkpt>
      <trkpt lat="42.816940000" lon="-1.747640000">
        <ele>396.000</ele>
      </trkpt>
      <trkpt lat="42.816920000" lon="-1.747650000">
        <ele>395.000</ele>
      </trkpt>
      <trkpt lat="42.816900000" lon="-1.747670000">
        <ele>395.000</ele>
      </trkpt>
      <trkpt lat="42.816880000" lon="-1.747670000">
        <ele>395.000</ele>
      </trkpt>
      <trkpt lat="42.816830000" lon="-1.747680000">
        <ele>395.000</ele>
      </trkpt>
      <trkpt lat="42.816770000" lon="-1.747680000">
        <ele>395.000</ele>
      </trkpt>
      <trkpt lat="42.816680000" lon="-1.747670000">
        <ele>395.000</ele>
      </trkpt>
      <trkpt lat="42.816610000" lon="-1.747660000">
        <ele>394.000</ele>
      </trkpt>
      <trkpt lat="42.816450000" lon="-1.747650000">
        <ele>394.000</ele>
      </trkpt>
      <trkpt lat="42.816330000" lon="-1.747650000">
        <ele>394.000</ele>
      </trkpt>
      <trkpt lat="42.816290000" lon="-1.747650000">
        <ele>393.000</ele>
      </trkpt>
      <trkpt lat="42.816150000" lon="-1.747640000">
        <ele>393.000</ele>
      </trkpt>
      <trkpt lat="42.815970000" lon="-1.747620000">
        <ele>393.000</ele>
      </trkpt>
      <trkpt lat="42.815910000" lon="-1.747610000">
        <ele>392.000</ele>
      </trkpt>
      <trkpt lat="42.815850000" lon="-1.747620000">
        <ele>392.000</ele>
      </trkpt>
      <trkpt lat="42.815790000" lon="-1.747630000">
        <ele>392.000</ele>
      </trkpt>
      <trkpt lat="42.815770000" lon="-1.747640000">
        <ele>392.000</ele>
      </trkpt>
      <trkpt lat="42.815740000" lon="-1.747650000">
        <ele>391.000</ele>
      </trkpt>
      <trkpt lat="42.815720000" lon="-1.747660000">
        <ele>391.000</ele>
      </trkpt>
      <trkpt lat="42.815690000" lon="-1.747680000">
        <ele>391.000</ele>
      </trkpt>
      <trkpt lat="42.815660000" lon="-1.747710000">
        <ele>391.000</ele>
      </trkpt>
      <trkpt lat="42.815630000" lon="-1.747750000">
        <ele>391.000</ele>
      </trkpt>
      <trkpt lat="42.815550000" lon="-1.747960000">
        <ele>391.000</ele>
      </trkpt>
      <trkpt lat="42.815470000" lon="-1.748170000">
        <ele>390.000</ele>
      </trkpt>
      <trkpt lat="42.815430000" lon="-1.748280000">
        <ele>390.000</ele>
      </trkpt>
      <trkpt lat="42.815390000" lon="-1.748390000">
        <ele>390.000</ele>
      </trkpt>
      <trkpt lat="42.815310000" lon="-1.748600000">
        <ele>390.000</ele>
      </trkpt>
      <trkpt lat="42.815250000" lon="-1.748780000">
        <ele>389.000</ele>
      </trkpt>
      <trkpt lat="42.815170000" lon="-1.748970000">
        <ele>389.000</ele>
      </trkpt>
      <trkpt lat="42.815100000" lon="-1.749160000">
        <ele>389.000</ele>
      </trkpt>
      <trkpt lat="42.814880000" lon="-1.749830000">
        <ele>389.000</ele>
      </trkpt>
      <trkpt lat="42.814710000" lon="-1.750330000">
        <ele>388.000</ele>
      </trkpt>
      <trkpt lat="42.814680000" lon="-1.750430000">
        <ele>388.000</ele>
      </trkpt>
      <trkpt lat="42.814650000" lon="-1.750550000">
        <ele>388.000</ele>
      </trkpt>
      <trkpt lat="42.814640000" lon="-1.750580000">
        <ele>388.000</ele>
      </trkpt>
      <trkpt lat="42.814490000" lon="-1.751090000">
        <ele>388.000</ele>
      </trkpt>
      <trkpt lat="42.814440000" lon="-1.751300000">
        <ele>388.000</ele>
      </trkpt>
      <trkpt lat="42.814330000" lon="-1.751660000">
        <ele>388.000</ele>
      </trkpt>
      <trkpt lat="42.814070000" lon="-1.752530000">
        <ele>388.000</ele>
      </trkpt>
      <trkpt lat="42.813920000" lon="-1.753090000">
        <ele>388.000</ele>
      </trkpt>
      <trkpt lat="42.813740000" lon="-1.753940000">
        <ele>387.000</ele>
      </trkpt>
      <trkpt lat="42.813580000" lon="-1.754680000">
        <ele>387.000</ele>
      </trkpt>
      <trkpt lat="42.813530000" lon="-1.754920000">
        <ele>387.000</ele>
      </trkpt>
      <trkpt lat="42.813350000" lon="-1.755780000">
        <ele>386.000</ele>
      </trkpt>
      <trkpt lat="42.813240000" lon="-1.756330000">
        <ele>386.000</ele>
      </trkpt>
      <trkpt lat="42.812950000" lon="-1.757690000">
        <ele>386.000</ele>
      </trkpt>
      <trkpt lat="42.812800000" lon="-1.758400000">
        <ele>386.000</ele>
      </trkpt>
      <trkpt lat="42.812680000" lon="-1.758960000">
        <ele>386.000</ele>
      </trkpt>
      <trkpt lat="42.812550000" lon="-1.759570000">
        <ele>386.000</ele>
      </trkpt>
      <trkpt lat="42.812500000" lon="-1.759770000">
        <ele>386.000</ele>
      </trkpt>
      <trkpt lat="42.812340000" lon="-1.760530000">
        <ele>386.000</ele>
      </trkpt>
      <trkpt lat="42.812310000" lon="-1.760670000">
        <ele>386.000</ele>
      </trkpt>
      <trkpt lat="42.812220000" lon="-1.761070000">
        <ele>386.000</ele>
      </trkpt>
      <trkpt lat="42.812200000" lon="-1.761150000">
        <ele>386.000</ele>
      </trkpt>
      <trkpt lat="42.812020000" lon="-1.761630000">
        <ele>386.000</ele>
      </trkpt>
      <trkpt lat="42.811630000" lon="-1.762590000">
        <ele>386.000</ele>
      </trkpt>
      <trkpt lat="42.811550000" lon="-1.762800000">
        <ele>386.000</ele>
      </trkpt>
      <trkpt lat="42.811310000" lon="-1.763380000">
        <ele>385.000</ele>
      </trkpt>
      <trkpt lat="42.811050000" lon="-1.763990000">
        <ele>385.000</ele>
      </trkpt>
      <trkpt lat="42.810810000" lon="-1.764430000">
        <ele>385.000</ele>
      </trkpt>
      <trkpt lat="42.810290000" lon="-1.765240000">
        <ele>384.000</ele>
      </trkpt>
      <trkpt lat="42.809890000" lon="-1.765860000">
        <ele>384.000</ele>
      </trkpt>
      <trkpt lat="42.809840000" lon="-1.765940000">
        <ele>384.000</ele>
      </trkpt>
      <trkpt lat="42.809490000" lon="-1.766490000">
        <ele>384.000</ele>
      </trkpt>
      <trkpt lat="42.809250000" lon="-1.766870000">
        <ele>384.000</ele>
      </trkpt>
      <trkpt lat="42.809130000" lon="-1.767050000">
        <ele>384.000</ele>
      </trkpt>
      <trkpt lat="42.809030000" lon="-1.767200000">
        <ele>385.000</ele>
      </trkpt>
      <trkpt lat="42.809010000" lon="-1.767240000">
        <ele>385.000</ele>
      </trkpt>
      <trkpt lat="42.808890000" lon="-1.767420000">
        <ele>385.000</ele>
      </trkpt>
      <trkpt lat="42.808870000" lon="-1.767450000">
        <ele>385.000</ele>
      </trkpt>
      <trkpt lat="42.808770000" lon="-1.767610000">
        <ele>385.000</ele>
      </trkpt>
      <trkpt lat="42.808630000" lon="-1.767830000">
        <ele>385.000</ele>
      </trkpt>
      <trkpt lat="42.808470000" lon="-1.768200000">
        <ele>385.000</ele>
      </trkpt>
      <trkpt lat="42.808350000" lon="-1.768530000">
        <ele>386.000</ele>
      </trkpt>
      <trkpt lat="42.808300000" lon="-1.768640000">
        <ele>386.000</ele>
      </trkpt>
      <trkpt lat="42.808220000" lon="-1.768850000">
        <ele>386.000</ele>
      </trkpt>
      <trkpt lat="42.808220000" lon="-1.768860000">
        <ele>386.000</ele>
      </trkpt>
      <trkpt lat="42.808060000" lon="-1.769170000">
        <ele>386.000</ele>
      </trkpt>
      <trkpt lat="42.808010000" lon="-1.769260000">
        <ele>386.000</ele>
      </trkpt>
      <trkpt lat="42.807690000" lon="-1.769850000">
        <ele>387.000</ele>
      </trkpt>
      <trkpt lat="42.807540000" lon="-1.770120000">
        <ele>387.000</ele>
      </trkpt>
      <trkpt lat="42.807280000" lon="-1.770570000">
        <ele>387.000</ele>
      </trkpt>
      <trkpt lat="42.807260000" lon="-1.770610000">
        <ele>388.000</ele>
      </trkpt>
      <trkpt lat="42.807140000" lon="-1.770830000">
        <ele>388.000</ele>
      </trkpt>
      <trkpt lat="42.807040000" lon="-1.771020000">
        <ele>388.000</ele>
      </trkpt>
      <trkpt lat="42.806930000" lon="-1.771220000">
        <ele>388.000</ele>
      </trkpt>
      <trkpt lat="42.806870000" lon="-1.771330000">
        <ele>389.000</ele>
      </trkpt>
      <trkpt lat="42.806820000" lon="-1.771410000">
        <ele>389.000</ele>
      </trkpt>
      <trkpt lat="42.806710000" lon="-1.771610000">
        <ele>389.000</ele>
      </trkpt>
      <trkpt lat="42.806500000" lon="-1.772010000">
        <ele>389.000</ele>
      </trkpt>
      <trkpt lat="42.806220000" lon="-1.772530000">
        <ele>390.000</ele>
      </trkpt>
      <trkpt lat="42.806010000" lon="-1.772900000">
        <ele>390.000</ele>
      </trkpt>
      <trkpt lat="42.805940000" lon="-1.772990000">
        <ele>390.000</ele>
      </trkpt>
      <trkpt lat="42.805810000" lon="-1.773160000">
        <ele>391.000</ele>
      </trkpt>
      <trkpt lat="42.805560000" lon="-1.773450000">
        <ele>391.000</ele>
      </trkpt>
      <trkpt lat="42.805220000" lon="-1.773830000">
        <ele>392.000</ele>
      </trkpt>
      <trkpt lat="42.805050000" lon="-1.774010000">
        <ele>392.000</ele>
      </trkpt>
      <trkpt lat="42.804750000" lon="-1.774340000">
        <ele>393.000</ele>
      </trkpt>
      <trkpt lat="42.804470000" lon="-1.774660000">
        <ele>393.000</ele>
      </trkpt>
      <trkpt lat="42.804370000" lon="-1.774780000">
        <ele>393.000</ele>
      </trkpt>
      <trkpt lat="42.804120000" lon="-1.775040000">
        <ele>393.000</ele>
      </trkpt>
      <trkpt lat="42.804060000" lon="-1.775110000">
        <ele>393.000</ele>
      </trkpt>
      <trkpt lat="42.803960000" lon="-1.775270000">
        <ele>393.000</ele>
      </trkpt>
      <trkpt lat="42.803920000" lon="-1.775370000">
        <ele>393.000</ele>
      </trkpt>
      <trkpt lat="42.803910000" lon="-1.775420000">
        <ele>393.000</ele>
      </trkpt>
      <trkpt lat="42.803890000" lon="-1.775530000">
        <ele>393.000</ele>
      </trkpt>
      <trkpt lat="42.803880000" lon="-1.775670000">
        <ele>393.000</ele>
      </trkpt>
      <trkpt lat="42.803870000" lon="-1.775750000">
        <ele>393.000</ele>
      </trkpt>
      <trkpt lat="42.803880000" lon="-1.775910000">
        <ele>393.000</ele>
      </trkpt>
      <trkpt lat="42.803880000" lon="-1.775940000">
        <ele>393.000</ele>
      </trkpt>
      <trkpt lat="42.803900000" lon="-1.776100000">
        <ele>393.000</ele>
      </trkpt>
      <trkpt lat="42.803950000" lon="-1.776280000">
        <ele>393.000</ele>
      </trkpt>
      <trkpt lat="42.803960000" lon="-1.776290000">
        <ele>393.000</ele>
      </trkpt>
      <trkpt lat="42.804030000" lon="-1.776390000">
        <ele>392.000</ele>
      </trkpt>
      <trkpt lat="42.804140000" lon="-1.776520000">
        <ele>392.000</ele>
      </trkpt>
      <trkpt lat="42.804150000" lon="-1.776520000">
        <ele>392.000</ele>
      </trkpt>
      <trkpt lat="42.804220000" lon="-1.776580000">
        <ele>392.000</ele>
      </trkpt>
      <trkpt lat="42.804230000" lon="-1.776590000">
        <ele>392.000</ele>
      </trkpt>
      <trkpt lat="42.804350000" lon="-1.776640000">
        <ele>392.000</ele>
      </trkpt>
      <trkpt lat="42.804400000" lon="-1.776660000">
        <ele>391.000</ele>
      </trkpt>
      <trkpt lat="42.804480000" lon="-1.776690000">
        <ele>391.000</ele>
      </trkpt>
      <trkpt lat="42.804570000" lon="-1.776720000">
        <ele>391.000</ele>
      </trkpt>
      <trkpt lat="42.804580000" lon="-1.776720000">
        <ele>391.000</ele>
      </trkpt>
      <trkpt lat="42.804650000" lon="-1.776750000">
        <ele>391.000</ele>
      </trkpt>
      <trkpt lat="42.804790000" lon="-1.776790000">
        <ele>390.000</ele>
      </trkpt>
      <trkpt lat="42.804960000" lon="-1.776830000">
        <ele>390.000</ele>
      </trkpt>
      <trkpt lat="42.805260000" lon="-1.776940000">
        <ele>390.000</ele>
      </trkpt>
      <trkpt lat="42.805300000" lon="-1.776950000">
        <ele>389.000</ele>
      </trkpt>
      <trkpt lat="42.805660000" lon="-1.777040000">
        <ele>389.000</ele>
      </trkpt>
      <trkpt lat="42.805690000" lon="-1.777040000">
        <ele>388.000</ele>
      </trkpt>
      <trkpt lat="42.805690000" lon="-1.777050000">
        <ele>388.000</ele>
      </trkpt>
      <trkpt lat="42.805860000" lon="-1.777120000">
        <ele>388.000</ele>
      </trkpt>
      <trkpt lat="42.805910000" lon="-1.777180000">
        <ele>388.000</ele>
      </trkpt>
      <trkpt lat="42.805940000" lon="-1.777230000">
        <ele>388.000</ele>
      </trkpt>
      <trkpt lat="42.805970000" lon="-1.777270000">
        <ele>388.000</ele>
      </trkpt>
      <trkpt lat="42.806010000" lon="-1.777340000">
        <ele>388.000</ele>
      </trkpt>
      <trkpt lat="42.806050000" lon="-1.777450000">
        <ele>388.000</ele>
      </trkpt>
      <trkpt lat="42.806060000" lon="-1.777570000">
        <ele>388.000</ele>
      </trkpt>
      <trkpt lat="42.806040000" lon="-1.777840000">
        <ele>388.000</ele>
      </trkpt>
      <trkpt lat="42.805970000" lon="-1.778290000">
        <ele>388.000</ele>
      </trkpt>
      <trkpt lat="42.805890000" lon="-1.778710000">
        <ele>388.000</ele>
      </trkpt>
      <trkpt lat="42.805820000" lon="-1.779030000">
        <ele>388.000</ele>
      </trkpt>
      <trkpt lat="42.805790000" lon="-1.779150000">
        <ele>388.000</ele>
      </trkpt>
      <trkpt lat="42.805780000" lon="-1.779210000">
        <ele>388.000</ele>
      </trkpt>
      <trkpt lat="42.805770000" lon="-1.779270000">
        <ele>388.000</ele>
      </trkpt>
      <trkpt lat="42.805750000" lon="-1.779310000">
        <ele>388.000</ele>
      </trkpt>
      <trkpt lat="42.805720000" lon="-1.779340000">
        <ele>388.000</ele>
      </trkpt>
      <trkpt lat="42.805680000" lon="-1.779390000">
        <ele>388.000</ele>
      </trkpt>
      <trkpt lat="42.805600000" lon="-1.779440000">
        <ele>388.000</ele>
      </trkpt>
      <trkpt lat="42.805530000" lon="-1.779470000">
        <ele>388.000</ele>
      </trkpt>
      <trkpt lat="42.805370000" lon="-1.779510000">
        <ele>389.000</ele>
      </trkpt>
      <trkpt lat="42.805330000" lon="-1.779520000">
        <ele>389.000</ele>
      </trkpt>
      <trkpt lat="42.805190000" lon="-1.779530000">
        <ele>389.000</ele>
      </trkpt>
      <trkpt lat="42.805040000" lon="-1.779540000">
        <ele>390.000</ele>
      </trkpt>
      <trkpt lat="42.804740000" lon="-1.779570000">
        <ele>390.000</ele>
      </trkpt>
      <trkpt lat="42.804580000" lon="-1.779550000">
        <ele>391.000</ele>
      </trkpt>
      <trkpt lat="42.804410000" lon="-1.779510000">
        <ele>391.000</ele>
      </trkpt>
      <trkpt lat="42.803840000" lon="-1.779300000">
        <ele>392.000</ele>
      </trkpt>
      <trkpt lat="42.803280000" lon="-1.779080000">
        <ele>393.000</ele>
      </trkpt>
      <trkpt lat="42.802940000" lon="-1.778970000">
        <ele>394.000</ele>
      </trkpt>
      <trkpt lat="42.802910000" lon="-1.778970000">
        <ele>394.000</ele>
      </trkpt>
      <trkpt lat="42.802760000" lon="-1.778920000">
        <ele>394.000</ele>
      </trkpt>
      <trkpt lat="42.802590000" lon="-1.778870000">
        <ele>394.000</ele>
      </trkpt>
      <trkpt lat="42.802530000" lon="-1.778850000">
        <ele>394.000</ele>
      </trkpt>
      <trkpt lat="42.802410000" lon="-1.778840000">
        <ele>394.000</ele>
      </trkpt>
      <trkpt lat="42.802200000" lon="-1.778810000">
        <ele>394.000</ele>
      </trkpt>
      <trkpt lat="42.802020000" lon="-1.778820000">
        <ele>394.000</ele>
      </trkpt>
      <trkpt lat="42.801870000" lon="-1.778850000">
        <ele>395.000</ele>
      </trkpt>
      <trkpt lat="42.801830000" lon="-1.778860000">
        <ele>395.000</ele>
      </trkpt>
      <trkpt lat="42.801700000" lon="-1.778930000">
        <ele>396.000</ele>
      </trkpt>
      <trkpt lat="42.801640000" lon="-1.778960000">
        <ele>396.000</ele>
      </trkpt>
      <trkpt lat="42.801260000" lon="-1.779230000">
        <ele>398.000</ele>
      </trkpt>
      <trkpt lat="42.800920000" lon="-1.779450000">
        <ele>400.000</ele>
      </trkpt>
      <trkpt lat="42.800450000" lon="-1.779670000">
        <ele>403.000</ele>
      </trkpt>
      <trkpt lat="42.800060000" lon="-1.779840000">
        <ele>406.000</ele>
      </trkpt>
      <trkpt lat="42.799790000" lon="-1.779950000">
        <ele>408.000</ele>
      </trkpt>
      <trkpt lat="42.798760000" lon="-1.780410000">
        <ele>413.000</ele>
      </trkpt>
      <trkpt lat="42.798660000" lon="-1.780450000">
        <ele>417.000</ele>
      </trkpt>
      <trkpt lat="42.798590000" lon="-1.780480000">
        <ele>419.000</ele>
      </trkpt>
      <trkpt lat="42.798500000" lon="-1.780540000">
        <ele>421.000</ele>
      </trkpt>
      <trkpt lat="42.798420000" lon="-1.780600000">
        <ele>423.000</ele>
      </trkpt>
      <trkpt lat="42.798360000" lon="-1.780660000">
        <ele>424.000</ele>
      </trkpt>
      <trkpt lat="42.798290000" lon="-1.780730000">
        <ele>425.000</ele>
      </trkpt>
      <trkpt lat="42.798150000" lon="-1.780920000">
        <ele>425.000</ele>
      </trkpt>
      <trkpt lat="42.798060000" lon="-1.781110000">
        <ele>425.000</ele>
      </trkpt>
      <trkpt lat="42.797970000" lon="-1.781280000">
        <ele>425.000</ele>
      </trkpt>
      <trkpt lat="42.797960000" lon="-1.781310000">
        <ele>426.000</ele>
      </trkpt>
      <trkpt lat="42.797880000" lon="-1.781530000">
        <ele>425.000</ele>
      </trkpt>
      <trkpt lat="42.797850000" lon="-1.781610000">
        <ele>425.000</ele>
      </trkpt>
      <trkpt lat="42.797790000" lon="-1.781750000">
        <ele>425.000</ele>
      </trkpt>
      <trkpt lat="42.797710000" lon="-1.781960000">
        <ele>425.000</ele>
      </trkpt>
      <trkpt lat="42.797630000" lon="-1.782180000">
        <ele>425.000</ele>
      </trkpt>
      <trkpt lat="42.797540000" lon="-1.782400000">
        <ele>425.000</ele>
      </trkpt>
      <trkpt lat="42.797540000" lon="-1.782420000">
        <ele>425.000</ele>
      </trkpt>
      <trkpt lat="42.797330000" lon="-1.782990000">
        <ele>424.000</ele>
      </trkpt>
      <trkpt lat="42.797140000" lon="-1.783490000">
        <ele>423.000</ele>
      </trkpt>
      <trkpt lat="42.796980000" lon="-1.783930000">
        <ele>422.000</ele>
      </trkpt>
      <trkpt lat="42.796810000" lon="-1.784370000">
        <ele>421.000</ele>
      </trkpt>
      <trkpt lat="42.796650000" lon="-1.784810000">
        <ele>420.000</ele>
      </trkpt>
      <trkpt lat="42.796490000" lon="-1.785240000">
        <ele>418.000</ele>
      </trkpt>
      <trkpt lat="42.796490000" lon="-1.785250000">
        <ele>417.000</ele>
      </trkpt>
      <trkpt lat="42.796370000" lon="-1.785540000">
        <ele>417.000</ele>
      </trkpt>
      <trkpt lat="42.796170000" lon="-1.786080000">
        <ele>417.000</ele>
      </trkpt>
      <trkpt lat="42.795930000" lon="-1.786740000">
        <ele>417.000</ele>
      </trkpt>
      <trkpt lat="42.795710000" lon="-1.787280000">
        <ele>417.000</ele>
      </trkpt>
      <trkpt lat="42.795640000" lon="-1.787460000">
        <ele>417.000</ele>
      </trkpt>
      <trkpt lat="42.795270000" lon="-1.788470000">
        <ele>417.000</ele>
      </trkpt>
      <trkpt lat="42.795200000" lon="-1.788620000">
        <ele>417.000</ele>
      </trkpt>
      <trkpt lat="42.794920000" lon="-1.789320000">
        <ele>416.000</ele>
      </trkpt>
      <trkpt lat="42.794720000" lon="-1.789880000">
        <ele>416.000</ele>
      </trkpt>
      <trkpt lat="42.794660000" lon="-1.790050000">
        <ele>415.000</ele>
      </trkpt>
      <trkpt lat="42.794470000" lon="-1.790570000">
        <ele>415.000</ele>
      </trkpt>
      <trkpt lat="42.794420000" lon="-1.790790000">
        <ele>414.000</ele>
      </trkpt>
      <trkpt lat="42.794360000" lon="-1.791260000">
        <ele>414.000</ele>
      </trkpt>
      <trkpt lat="42.794350000" lon="-1.791400000">
        <ele>414.000</ele>
      </trkpt>
      <trkpt lat="42.794350000" lon="-1.791440000">
        <ele>414.000</ele>
      </trkpt>
      <trkpt lat="42.794340000" lon="-1.791570000">
        <ele>414.000</ele>
      </trkpt>
      <trkpt lat="42.794310000" lon="-1.791980000">
        <ele>413.000</ele>
      </trkpt>
      <trkpt lat="42.794250000" lon="-1.792570000">
        <ele>413.000</ele>
      </trkpt>
      <trkpt lat="42.794210000" lon="-1.792950000">
        <ele>413.000</ele>
      </trkpt>
      <trkpt lat="42.794180000" lon="-1.793280000">
        <ele>412.000</ele>
      </trkpt>
      <trkpt lat="42.794180000" lon="-1.793340000">
        <ele>412.000</ele>
      </trkpt>
      <trkpt lat="42.794180000" lon="-1.793410000">
        <ele>411.000</ele>
      </trkpt>
      <trkpt lat="42.794160000" lon="-1.793920000">
        <ele>411.000</ele>
      </trkpt>
      <trkpt lat="42.794160000" lon="-1.794130000">
        <ele>410.000</ele>
      </trkpt>
      <trkpt lat="42.794150000" lon="-1.794400000">
        <ele>410.000</ele>
      </trkpt>
      <trkpt lat="42.794120000" lon="-1.794920000">
        <ele>409.000</ele>
      </trkpt>
      <trkpt lat="42.794110000" lon="-1.795190000">
        <ele>409.000</ele>
      </trkpt>
      <trkpt lat="42.794110000" lon="-1.795320000">
        <ele>408.000</ele>
      </trkpt>
      <trkpt lat="42.794110000" lon="-1.795370000">
        <ele>408.000</ele>
      </trkpt>
      <trkpt lat="42.794100000" lon="-1.795470000">
        <ele>408.000</ele>
      </trkpt>
      <trkpt lat="42.794090000" lon="-1.795800000">
        <ele>408.000</ele>
      </trkpt>
      <trkpt lat="42.794090000" lon="-1.795800000">
        <ele>408.000</ele>
      </trkpt>
      <trkpt lat="42.794030000" lon="-1.795960000">
        <ele>408.000</ele>
      </trkpt>
      <trkpt lat="42.793940000" lon="-1.796300000">
        <ele>408.000</ele>
      </trkpt>
      <trkpt lat="42.793940000" lon="-1.796310000">
        <ele>408.000</ele>
      </trkpt>
      <trkpt lat="42.793880000" lon="-1.796530000">
        <ele>408.000</ele>
      </trkpt>
      <trkpt lat="42.793880000" lon="-1.796550000">
        <ele>408.000</ele>
      </trkpt>
      <trkpt lat="42.793680000" lon="-1.797330000">
        <ele>408.000</ele>
      </trkpt>
      <trkpt lat="42.793650000" lon="-1.797480000">
        <ele>408.000</ele>
      </trkpt>
      <trkpt lat="42.793550000" lon="-1.797930000">
        <ele>408.000</ele>
      </trkpt>
      <trkpt lat="42.793550000" lon="-1.797940000">
        <ele>407.000</ele>
      </trkpt>
      <trkpt lat="42.793440000" lon="-1.798400000">
        <ele>407.000</ele>
      </trkpt>
      <trkpt lat="42.793440000" lon="-1.798410000">
        <ele>406.000</ele>
      </trkpt>
      <trkpt lat="42.793390000" lon="-1.798630000">
        <ele>406.000</ele>
      </trkpt>
      <trkpt lat="42.793380000" lon="-1.798670000">
        <ele>405.000</ele>
      </trkpt>
      <trkpt lat="42.793360000" lon="-1.798860000">
        <ele>405.000</ele>
      </trkpt>
      <trkpt lat="42.793330000" lon="-1.799040000">
        <ele>404.000</ele>
      </trkpt>
      <trkpt lat="42.793320000" lon="-1.799130000">
        <ele>404.000</ele>
      </trkpt>
      <trkpt lat="42.793320000" lon="-1.799170000">
        <ele>404.000</ele>
      </trkpt>
      <trkpt lat="42.793310000" lon="-1.799350000">
        <ele>403.000</ele>
      </trkpt>
      <trkpt lat="42.793310000" lon="-1.799660000">
        <ele>402.000</ele>
      </trkpt>
      <trkpt lat="42.793320000" lon="-1.799850000">
        <ele>402.000</ele>
      </trkpt>
      <trkpt lat="42.793320000" lon="-1.799860000">
        <ele>401.000</ele>
      </trkpt>
      <trkpt lat="42.793340000" lon="-1.800080000">
        <ele>401.000</ele>
      </trkpt>
      <trkpt lat="42.793370000" lon="-1.800580000">
        <ele>400.000</ele>
      </trkpt>
      <trkpt lat="42.793370000" lon="-1.800600000">
        <ele>399.000</ele>
      </trkpt>
      <trkpt lat="42.793380000" lon="-1.800690000">
        <ele>398.000</ele>
      </trkpt>
      <trkpt lat="42.793390000" lon="-1.800840000">
        <ele>398.000</ele>
      </trkpt>
      <trkpt lat="42.793400000" lon="-1.801070000">
        <ele>398.000</ele>
      </trkpt>
      <trkpt lat="42.793450000" lon="-1.801810000">
        <ele>398.000</ele>
      </trkpt>
      <trkpt lat="42.793460000" lon="-1.802050000">
        <ele>398.000</ele>
      </trkpt>
      <trkpt lat="42.793460000" lon="-1.802060000">
        <ele>398.000</ele>
      </trkpt>
      <trkpt lat="42.793480000" lon="-1.802290000">
        <ele>398.000</ele>
      </trkpt>
      <trkpt lat="42.793520000" lon="-1.803000000">
        <ele>398.000</ele>
      </trkpt>
      <trkpt lat="42.793520000" lon="-1.803040000">
        <ele>398.000</ele>
      </trkpt>
      <trkpt lat="42.793550000" lon="-1.803380000">
        <ele>397.000</ele>
      </trkpt>
      <trkpt lat="42.793550000" lon="-1.803510000">
        <ele>397.000</ele>
      </trkpt>
      <trkpt lat="42.793560000" lon="-1.803550000">
        <ele>397.000</ele>
      </trkpt>
      <trkpt lat="42.793560000" lon="-1.803730000">
        <ele>397.000</ele>
      </trkpt>
      <trkpt lat="42.793560000" lon="-1.803760000">
        <ele>396.000</ele>
      </trkpt>
      <trkpt lat="42.793560000" lon="-1.803820000">
        <ele>396.000</ele>
      </trkpt>
      <trkpt lat="42.793560000" lon="-1.803920000">
        <ele>396.000</ele>
      </trkpt>
      <trkpt lat="42.793550000" lon="-1.804040000">
        <ele>396.000</ele>
      </trkpt>
      <trkpt lat="42.793530000" lon="-1.804180000">
        <ele>396.000</ele>
      </trkpt>
      <trkpt lat="42.793500000" lon="-1.804470000">
        <ele>395.000</ele>
      </trkpt>
      <trkpt lat="42.793440000" lon="-1.804880000">
        <ele>395.000</ele>
      </trkpt>
      <trkpt lat="42.793260000" lon="-1.806230000">
        <ele>394.000</ele>
      </trkpt>
      <trkpt lat="42.793250000" lon="-1.806300000">
        <ele>393.000</ele>
      </trkpt>
      <trkpt lat="42.793230000" lon="-1.806450000">
        <ele>392.000</ele>
      </trkpt>
      <trkpt lat="42.793180000" lon="-1.806910000">
        <ele>392.000</ele>
      </trkpt>
      <trkpt lat="42.793170000" lon="-1.807020000">
        <ele>392.000</ele>
      </trkpt>
      <trkpt lat="42.793150000" lon="-1.807140000">
        <ele>391.000</ele>
      </trkpt>
      <trkpt lat="42.793120000" lon="-1.807360000">
        <ele>391.000</ele>
      </trkpt>
      <trkpt lat="42.793110000" lon="-1.807390000">
        <ele>391.000</ele>
      </trkpt>
      <trkpt lat="42.792960000" lon="-1.808200000">
        <ele>391.000</ele>
      </trkpt>
      <trkpt lat="42.792830000" lon="-1.808860000">
        <ele>390.000</ele>
      </trkpt>
      <trkpt lat="42.792810000" lon="-1.808970000">
        <ele>390.000</ele>
      </trkpt>
      <trkpt lat="42.792650000" lon="-1.809710000">
        <ele>389.000</ele>
      </trkpt>
      <trkpt lat="42.792620000" lon="-1.809850000">
        <ele>388.000</ele>
      </trkpt>
      <trkpt lat="42.792600000" lon="-1.809930000">
        <ele>388.000</ele>
      </trkpt>
      <trkpt lat="42.792520000" lon="-1.810320000">
        <ele>387.000</ele>
      </trkpt>
      <trkpt lat="42.792330000" lon="-1.811220000">
        <ele>386.000</ele>
      </trkpt>
      <trkpt lat="42.792270000" lon="-1.811500000">
        <ele>385.000</ele>
      </trkpt>
      <trkpt lat="42.792220000" lon="-1.811740000">
        <ele>385.000</ele>
      </trkpt>
      <trkpt lat="42.792170000" lon="-1.811970000">
        <ele>385.000</ele>
      </trkpt>
      <trkpt lat="42.792120000" lon="-1.812210000">
        <ele>386.000</ele>
      </trkpt>
      <trkpt lat="42.792070000" lon="-1.812440000">
        <ele>386.000</ele>
      </trkpt>
      <trkpt lat="42.792020000" lon="-1.812680000">
        <ele>387.000</ele>
      </trkpt>
      <trkpt lat="42.791700000" lon="-1.814150000">
        <ele>389.000</ele>
      </trkpt>
      <trkpt lat="42.791670000" lon="-1.814340000">
        <ele>390.000</ele>
      </trkpt>
      <trkpt lat="42.791650000" lon="-1.814470000">
        <ele>392.000</ele>
      </trkpt>
      <trkpt lat="42.791650000" lon="-1.814560000">
        <ele>392.000</ele>
      </trkpt>
      <trkpt lat="42.791650000" lon="-1.814570000">
        <ele>393.000</ele>
      </trkpt>
      <trkpt lat="42.791640000" lon="-1.814630000">
        <ele>394.000</ele>
      </trkpt>
      <trkpt lat="42.791650000" lon="-1.814730000">
        <ele>394.000</ele>
      </trkpt>
      <trkpt lat="42.791670000" lon="-1.814890000">
        <ele>395.000</ele>
      </trkpt>
      <trkpt lat="42.791680000" lon="-1.815050000">
        <ele>395.000</ele>
      </trkpt>
      <trkpt lat="42.791690000" lon="-1.815160000">
        <ele>396.000</ele>
      </trkpt>
      <trkpt lat="42.791690000" lon="-1.815360000">
        <ele>397.000</ele>
      </trkpt>
      <trkpt lat="42.791690000" lon="-1.815790000">
        <ele>398.000</ele>
      </trkpt>
      <trkpt lat="42.791690000" lon="-1.816040000">
        <ele>399.000</ele>
      </trkpt>
      <trkpt lat="42.791690000" lon="-1.816850000">
        <ele>401.000</ele>
      </trkpt>
      <trkpt lat="42.791690000" lon="-1.817070000">
        <ele>402.000</ele>
      </trkpt>
      <trkpt lat="42.791690000" lon="-1.817070000">
        <ele>404.000</ele>
      </trkpt>
      <trkpt lat="42.791700000" lon="-1.817260000">
        <ele>405.000</ele>
      </trkpt>
      <trkpt lat="42.791710000" lon="-1.817310000">
        <ele>406.000</ele>
      </trkpt>
      <trkpt lat="42.791720000" lon="-1.817510000">
        <ele>407.000</ele>
      </trkpt>
      <trkpt lat="42.791740000" lon="-1.817870000">
        <ele>408.000</ele>
      </trkpt>
      <trkpt lat="42.791770000" lon="-1.818120000">
        <ele>410.000</ele>
      </trkpt>
      <trkpt lat="42.791820000" lon="-1.818640000">
        <ele>412.000</ele>
      </trkpt>
      <trkpt lat="42.791870000" lon="-1.819030000">
        <ele>415.000</ele>
      </trkpt>
      <trkpt lat="42.791890000" lon="-1.819190000">
        <ele>417.000</ele>
      </trkpt>
      <trkpt lat="42.791920000" lon="-1.819300000">
        <ele>418.000</ele>
      </trkpt>
      <trkpt lat="42.791940000" lon="-1.819420000">
        <ele>420.000</ele>
      </trkpt>
      <trkpt lat="42.791970000" lon="-1.819550000">
        <ele>421.000</ele>
      </trkpt>
      <trkpt lat="42.792010000" lon="-1.819660000">
        <ele>422.000</ele>
      </trkpt>
      <trkpt lat="42.792010000" lon="-1.819670000">
        <ele>422.000</ele>
      </trkpt>
      <trkpt lat="42.792260000" lon="-1.820370000">
        <ele>424.000</ele>
      </trkpt>
      <trkpt lat="42.792320000" lon="-1.820560000">
        <ele>426.000</ele>
      </trkpt>
      <trkpt lat="42.792400000" lon="-1.820910000">
        <ele>428.000</ele>
      </trkpt>
      <trkpt lat="42.792440000" lon="-1.821140000">
        <ele>429.000</ele>
      </trkpt>
      <trkpt lat="42.792480000" lon="-1.821350000">
        <ele>431.000</ele>
      </trkpt>
      <trkpt lat="42.792500000" lon="-1.821460000">
        <ele>432.000</ele>
      </trkpt>
      <trkpt lat="42.792500000" lon="-1.821510000">
        <ele>433.000</ele>
      </trkpt>
      <trkpt lat="42.792500000" lon="-1.821550000">
        <ele>434.000</ele>
      </trkpt>
      <trkpt lat="42.792500000" lon="-1.821570000">
        <ele>434.000</ele>
      </trkpt>
      <trkpt lat="42.792490000" lon="-1.821590000">
        <ele>435.000</ele>
      </trkpt>
      <trkpt lat="42.792480000" lon="-1.821610000">
        <ele>435.000</ele>
      </trkpt>
      <trkpt lat="42.792470000" lon="-1.821640000">
        <ele>435.000</ele>
      </trkpt>
      <trkpt lat="42.792420000" lon="-1.821710000">
        <ele>435.000</ele>
      </trkpt>
      <trkpt lat="42.792420000" lon="-1.821720000">
        <ele>436.000</ele>
      </trkpt>
      <trkpt lat="42.791950000" lon="-1.822290000">
        <ele>437.000</ele>
      </trkpt>
      <trkpt lat="42.791900000" lon="-1.822340000">
        <ele>438.000</ele>
      </trkpt>
      <trkpt lat="42.791850000" lon="-1.822370000">
        <ele>439.000</ele>
      </trkpt>
      <trkpt lat="42.791800000" lon="-1.822400000">
        <ele>439.000</ele>
      </trkpt>
      <trkpt lat="42.791730000" lon="-1.822430000">
        <ele>440.000</ele>
      </trkpt>
      <trkpt lat="42.791670000" lon="-1.822450000">
        <ele>440.000</ele>
      </trkpt>
      <trkpt lat="42.791610000" lon="-1.822460000">
        <ele>441.000</ele>
      </trkpt>
      <trkpt lat="42.791530000" lon="-1.822460000">
        <ele>441.000</ele>
      </trkpt>
      <trkpt lat="42.791270000" lon="-1.822440000">
        <ele>442.000</ele>
      </trkpt>
      <trkpt lat="42.791090000" lon="-1.822420000">
        <ele>443.000</ele>
      </trkpt>
      <trkpt lat="42.791050000" lon="-1.822420000">
        <ele>443.000</ele>
      </trkpt>
      <trkpt lat="42.791000000" lon="-1.822430000">
        <ele>444.000</ele>
      </trkpt>
      <trkpt lat="42.790960000" lon="-1.822440000">
        <ele>444.000</ele>
      </trkpt>
      <trkpt lat="42.790900000" lon="-1.822460000">
        <ele>445.000</ele>
      </trkpt>
      <trkpt lat="42.790850000" lon="-1.822500000">
        <ele>445.000</ele>
      </trkpt>
      <trkpt lat="42.790770000" lon="-1.822570000">
        <ele>445.000</ele>
      </trkpt>
      <trkpt lat="42.790680000" lon="-1.822680000">
        <ele>445.000</ele>
      </trkpt>
      <trkpt lat="42.790550000" lon="-1.822850000">
        <ele>445.000</ele>
      </trkpt>
      <trkpt lat="42.790500000" lon="-1.822940000">
        <ele>444.000</ele>
      </trkpt>
      <trkpt lat="42.790320000" lon="-1.823220000">
        <ele>444.000</ele>
      </trkpt>
      <trkpt lat="42.790270000" lon="-1.823320000">
        <ele>443.000</ele>
      </trkpt>
      <trkpt lat="42.790160000" lon="-1.823510000">
        <ele>443.000</ele>
      </trkpt>
      <trkpt lat="42.789970000" lon="-1.823830000">
        <ele>442.000</ele>
      </trkpt>
      <trkpt lat="42.789890000" lon="-1.823950000">
        <ele>442.000</ele>
      </trkpt>
      <trkpt lat="42.789820000" lon="-1.824050000">
        <ele>441.000</ele>
      </trkpt>
      <trkpt lat="42.789760000" lon="-1.824120000">
        <ele>441.000</ele>
      </trkpt>
      <trkpt lat="42.789700000" lon="-1.824170000">
        <ele>440.000</ele>
      </trkpt>
      <trkpt lat="42.789620000" lon="-1.824230000">
        <ele>440.000</ele>
      </trkpt>
      <trkpt lat="42.789540000" lon="-1.824270000">
        <ele>440.000</ele>
      </trkpt>
      <trkpt lat="42.789440000" lon="-1.824300000">
        <ele>439.000</ele>
      </trkpt>
      <trkpt lat="42.789350000" lon="-1.824310000">
        <ele>439.000</ele>
      </trkpt>
      <trkpt lat="42.789260000" lon="-1.824320000">
        <ele>438.000</ele>
      </trkpt>
      <trkpt lat="42.789140000" lon="-1.824310000">
        <ele>437.000</ele>
      </trkpt>
      <trkpt lat="42.789020000" lon="-1.824300000">
        <ele>437.000</ele>
      </trkpt>
      <trkpt lat="42.788950000" lon="-1.824290000">
        <ele>436.000</ele>
      </trkpt>
      <trkpt lat="42.788080000" lon="-1.824220000">
        <ele>433.000</ele>
      </trkpt>
      <trkpt lat="42.787690000" lon="-1.824190000">
        <ele>431.000</ele>
      </trkpt>
      <trkpt lat="42.787670000" lon="-1.824190000">
        <ele>429.000</ele>
      </trkpt>
      <trkpt lat="42.787150000" lon="-1.824140000">
        <ele>427.000</ele>
      </trkpt>
      <trkpt lat="42.786970000" lon="-1.824130000">
        <ele>426.000</ele>
      </trkpt>
      <trkpt lat="42.786580000" lon="-1.824090000">
        <ele>425.000</ele>
      </trkpt>
      <trkpt lat="42.786260000" lon="-1.824070000">
        <ele>424.000</ele>
      </trkpt>
      <trkpt lat="42.786150000" lon="-1.824080000">
        <ele>423.000</ele>
      </trkpt>
      <trkpt lat="42.785870000" lon="-1.824090000">
        <ele>422.000</ele>
      </trkpt>
      <trkpt lat="42.785750000" lon="-1.824090000">
        <ele>421.000</ele>
      </trkpt>
      <trkpt lat="42.785630000" lon="-1.824100000">
        <ele>421.000</ele>
      </trkpt>
      <trkpt lat="42.785540000" lon="-1.824100000">
        <ele>420.000</ele>
      </trkpt>
      <trkpt lat="42.785430000" lon="-1.824120000">
        <ele>419.000</ele>
      </trkpt>
      <trkpt lat="42.785230000" lon="-1.824150000">
        <ele>419.000</ele>
      </trkpt>
      <trkpt lat="42.785140000" lon="-1.824170000">
        <ele>418.000</ele>
      </trkpt>
      <trkpt lat="42.785080000" lon="-1.824190000">
        <ele>417.000</ele>
      </trkpt>
      <trkpt lat="42.784970000" lon="-1.824210000">
        <ele>417.000</ele>
      </trkpt>
      <trkpt lat="42.784720000" lon="-1.824270000">
        <ele>416.000</ele>
      </trkpt>
      <trkpt lat="42.784630000" lon="-1.824290000">
        <ele>415.000</ele>
      </trkpt>
      <trkpt lat="42.784010000" lon="-1.824440000">
        <ele>414.000</ele>
      </trkpt>
      <trkpt lat="42.783900000" lon="-1.824470000">
        <ele>413.000</ele>
      </trkpt>
      <trkpt lat="42.783660000" lon="-1.824530000">
        <ele>411.000</ele>
      </trkpt>
      <trkpt lat="42.783540000" lon="-1.824560000">
        <ele>411.000</ele>
      </trkpt>
      <trkpt lat="42.783280000" lon="-1.824620000">
        <ele>410.000</ele>
      </trkpt>
      <trkpt lat="42.782420000" lon="-1.824830000">
        <ele>408.000</ele>
      </trkpt>
      <trkpt lat="42.782050000" lon="-1.824970000">
        <ele>407.000</ele>
      </trkpt>
      <trkpt lat="42.781970000" lon="-1.824990000">
        <ele>406.000</ele>
      </trkpt>
      <trkpt lat="42.781890000" lon="-1.825020000">
        <ele>406.000</ele>
      </trkpt>
      <trkpt lat="42.781220000" lon="-1.825160000">
        <ele>405.000</ele>
      </trkpt>
      <trkpt lat="42.781110000" lon="-1.825190000">
        <ele>404.000</ele>
      </trkpt>
      <trkpt lat="42.781090000" lon="-1.825200000">
        <ele>404.000</ele>
      </trkpt>
      <trkpt lat="42.781050000" lon="-1.825220000">
        <ele>404.000</ele>
      </trkpt>
      <trkpt lat="42.781020000" lon="-1.825230000">
        <ele>404.000</ele>
      </trkpt>
      <trkpt lat="42.780990000" lon="-1.825260000">
        <ele>404.000</ele>
      </trkpt>
      <trkpt lat="42.780970000" lon="-1.825280000">
        <ele>403.000</ele>
      </trkpt>
      <trkpt lat="42.780940000" lon="-1.825320000">
        <ele>403.000</ele>
      </trkpt>
      <trkpt lat="42.780900000" lon="-1.825390000">
        <ele>403.000</ele>
      </trkpt>
      <trkpt lat="42.780830000" lon="-1.825520000">
        <ele>403.000</ele>
      </trkpt>
      <trkpt lat="42.780790000" lon="-1.825620000">
        <ele>403.000</ele>
      </trkpt>
      <trkpt lat="42.780690000" lon="-1.825950000">
        <ele>403.000</ele>
      </trkpt>
      <trkpt lat="42.780630000" lon="-1.826120000">
        <ele>403.000</ele>
      </trkpt>
      <trkpt lat="42.780550000" lon="-1.826350000">
        <ele>402.000</ele>
      </trkpt>
      <trkpt lat="42.780520000" lon="-1.826400000">
        <ele>402.000</ele>
      </trkpt>
      <trkpt lat="42.780490000" lon="-1.826440000">
        <ele>402.000</ele>
      </trkpt>
      <trkpt lat="42.780330000" lon="-1.826650000">
        <ele>402.000</ele>
      </trkpt>
      <trkpt lat="42.780200000" lon="-1.826820000">
        <ele>401.000</ele>
      </trkpt>
      <trkpt lat="42.780130000" lon="-1.826930000">
        <ele>401.000</ele>
      </trkpt>
      <trkpt lat="42.780070000" lon="-1.827020000">
        <ele>400.000</ele>
      </trkpt>
      <trkpt lat="42.779630000" lon="-1.827680000">
        <ele>399.000</ele>
      </trkpt>
      <trkpt lat="42.779560000" lon="-1.827790000">
        <ele>398.000</ele>
      </trkpt>
      <trkpt lat="42.779160000" lon="-1.828420000">
        <ele>397.000</ele>
      </trkpt>
      <trkpt lat="42.778920000" lon="-1.828780000">
        <ele>396.000</ele>
      </trkpt>
      <trkpt lat="42.778430000" lon="-1.829590000">
        <ele>396.000</ele>
      </trkpt>
      <trkpt lat="42.778390000" lon="-1.829650000">
        <ele>396.000</ele>
      </trkpt>
      <trkpt lat="42.778040000" lon="-1.830210000">
        <ele>395.000</ele>
      </trkpt>
      <trkpt lat="42.777470000" lon="-1.831120000">
        <ele>395.000</ele>
      </trkpt>
      <trkpt lat="42.777450000" lon="-1.831150000">
        <ele>395.000</ele>
      </trkpt>
      <trkpt lat="42.777410000" lon="-1.831200000">
        <ele>395.000</ele>
      </trkpt>
      <trkpt lat="42.777370000" lon="-1.831260000">
        <ele>395.000</ele>
      </trkpt>
      <trkpt lat="42.777330000" lon="-1.831290000">
        <ele>395.000</ele>
      </trkpt>
      <trkpt lat="42.777300000" lon="-1.831320000">
        <ele>395.000</ele>
      </trkpt>
      <trkpt lat="42.777240000" lon="-1.831370000">
        <ele>395.000</ele>
      </trkpt>
      <trkpt lat="42.777090000" lon="-1.831450000">
        <ele>395.000</ele>
      </trkpt>
      <trkpt lat="42.777000000" lon="-1.831500000">
        <ele>394.000</ele>
      </trkpt>
      <trkpt lat="42.776830000" lon="-1.831570000">
        <ele>394.000</ele>
      </trkpt>
      <trkpt lat="42.776350000" lon="-1.831790000">
        <ele>393.000</ele>
      </trkpt>
      <trkpt lat="42.776310000" lon="-1.831800000">
        <ele>393.000</ele>
      </trkpt>
      <trkpt lat="42.776190000" lon="-1.831840000">
        <ele>393.000</ele>
      </trkpt>
      <trkpt lat="42.776140000" lon="-1.831850000">
        <ele>392.000</ele>
      </trkpt>
      <trkpt lat="42.775930000" lon="-1.831870000">
        <ele>392.000</ele>
      </trkpt>
      <trkpt lat="42.775780000" lon="-1.831900000">
        <ele>391.000</ele>
      </trkpt>
      <trkpt lat="42.775600000" lon="-1.831920000">
        <ele>391.000</ele>
      </trkpt>
      <trkpt lat="42.775440000" lon="-1.831940000">
        <ele>391.000</ele>
      </trkpt>
      <trkpt lat="42.775060000" lon="-1.832010000">
        <ele>390.000</ele>
      </trkpt>
      <trkpt lat="42.774850000" lon="-1.832050000">
        <ele>390.000</ele>
      </trkpt>
      <trkpt lat="42.774710000" lon="-1.832090000">
        <ele>389.000</ele>
      </trkpt>
      <trkpt lat="42.774180000" lon="-1.832210000">
        <ele>389.000</ele>
      </trkpt>
      <trkpt lat="42.774080000" lon="-1.832230000">
        <ele>388.000</ele>
      </trkpt>
      <trkpt lat="42.774000000" lon="-1.832250000">
        <ele>388.000</ele>
      </trkpt>
      <trkpt lat="42.773510000" lon="-1.832350000">
        <ele>387.000</ele>
      </trkpt>
      <trkpt lat="42.773180000" lon="-1.832430000">
        <ele>386.000</ele>
      </trkpt>
      <trkpt lat="42.772940000" lon="-1.832520000">
        <ele>385.000</ele>
      </trkpt>
      <trkpt lat="42.772790000" lon="-1.832580000">
        <ele>384.000</ele>
      </trkpt>
      <trkpt lat="42.772580000" lon="-1.832660000">
        <ele>383.000</ele>
      </trkpt>
      <trkpt lat="42.772400000" lon="-1.832720000">
        <ele>382.000</ele>
      </trkpt>
      <trkpt lat="42.772340000" lon="-1.832740000">
        <ele>381.000</ele>
      </trkpt>
      <trkpt lat="42.772090000" lon="-1.832840000">
        <ele>380.000</ele>
      </trkpt>
      <trkpt lat="42.771920000" lon="-1.832910000">
        <ele>380.000</ele>
      </trkpt>
      <trkpt lat="42.771400000" lon="-1.833110000">
        <ele>379.000</ele>
      </trkpt>
      <trkpt lat="42.771220000" lon="-1.833150000">
        <ele>379.000</ele>
      </trkpt>
      <trkpt lat="42.771100000" lon="-1.833160000">
        <ele>379.000</ele>
      </trkpt>
      <trkpt lat="42.771080000" lon="-1.833160000">
        <ele>379.000</ele>
      </trkpt>
      <trkpt lat="42.771040000" lon="-1.833160000">
        <ele>379.000</ele>
      </trkpt>
      <trkpt lat="42.770990000" lon="-1.833150000">
        <ele>379.000</ele>
      </trkpt>
      <trkpt lat="42.770870000" lon="-1.833150000">
        <ele>379.000</ele>
      </trkpt>
      <trkpt lat="42.770780000" lon="-1.833140000">
        <ele>379.000</ele>
      </trkpt>
      <trkpt lat="42.770530000" lon="-1.833140000">
        <ele>379.000</ele>
      </trkpt>
      <trkpt lat="42.770420000" lon="-1.833130000">
        <ele>379.000</ele>
      </trkpt>
      <trkpt lat="42.770290000" lon="-1.833140000">
        <ele>379.000</ele>
      </trkpt>
      <trkpt lat="42.770230000" lon="-1.833140000">
        <ele>379.000</ele>
      </trkpt>
      <trkpt lat="42.770080000" lon="-1.833140000">
        <ele>379.000</ele>
      </trkpt>
      <trkpt lat="42.769910000" lon="-1.833140000">
        <ele>379.000</ele>
      </trkpt>
      <trkpt lat="42.769810000" lon="-1.833130000">
        <ele>379.000</ele>
      </trkpt>
      <trkpt lat="42.769490000" lon="-1.833090000">
        <ele>379.000</ele>
      </trkpt>
      <trkpt lat="42.769470000" lon="-1.833090000">
        <ele>378.000</ele>
      </trkpt>
      <trkpt lat="42.769430000" lon="-1.833080000">
        <ele>378.000</ele>
      </trkpt>
      <trkpt lat="42.769250000" lon="-1.833060000">
        <ele>378.000</ele>
      </trkpt>
      <trkpt lat="42.768960000" lon="-1.833040000">
        <ele>378.000</ele>
      </trkpt>
      <trkpt lat="42.768890000" lon="-1.833030000">
        <ele>377.000</ele>
      </trkpt>
      <trkpt lat="42.768750000" lon="-1.833030000">
        <ele>377.000</ele>
      </trkpt>
      <trkpt lat="42.768730000" lon="-1.833030000">
        <ele>377.000</ele>
      </trkpt>
      <trkpt lat="42.768580000" lon="-1.833020000">
        <ele>377.000</ele>
      </trkpt>
      <trkpt lat="42.768260000" lon="-1.832950000">
        <ele>376.000</ele>
      </trkpt>
      <trkpt lat="42.768160000" lon="-1.832930000">
        <ele>376.000</ele>
      </trkpt>
      <trkpt lat="42.767950000" lon="-1.832870000">
        <ele>376.000</ele>
      </trkpt>
      <trkpt lat="42.767740000" lon="-1.832770000">
        <ele>376.000</ele>
      </trkpt>
      <trkpt lat="42.767700000" lon="-1.832740000">
        <ele>376.000</ele>
      </trkpt>
      <trkpt lat="42.767680000" lon="-1.832730000">
        <ele>376.000</ele>
      </trkpt>
      <trkpt lat="42.767660000" lon="-1.832720000">
        <ele>376.000</ele>
      </trkpt>
      <trkpt lat="42.767630000" lon="-1.832700000">
        <ele>376.000</ele>
      </trkpt>
      <trkpt lat="42.767460000" lon="-1.832550000">
        <ele>376.000</ele>
      </trkpt>
      <trkpt lat="42.767250000" lon="-1.832330000">
        <ele>376.000</ele>
      </trkpt>
      <trkpt lat="42.766940000" lon="-1.832020000">
        <ele>377.000</ele>
      </trkpt>
      <trkpt lat="42.766660000" lon="-1.831740000">
        <ele>377.000</ele>
      </trkpt>
      <trkpt lat="42.766640000" lon="-1.831720000">
        <ele>377.000</ele>
      </trkpt>
      <trkpt lat="42.766570000" lon="-1.831650000">
        <ele>377.000</ele>
      </trkpt>
      <trkpt lat="42.766520000" lon="-1.831610000">
        <ele>377.000</ele>
      </trkpt>
      <trkpt lat="42.766490000" lon="-1.831580000">
        <ele>377.000</ele>
      </trkpt>
      <trkpt lat="42.766460000" lon="-1.831560000">
        <ele>377.000</ele>
      </trkpt>
      <trkpt lat="42.766340000" lon="-1.831450000">
        <ele>377.000</ele>
      </trkpt>
      <trkpt lat="42.766210000" lon="-1.831350000">
        <ele>376.000</ele>
      </trkpt>
      <trkpt lat="42.765930000" lon="-1.831130000">
        <ele>376.000</ele>
      </trkpt>
      <trkpt lat="42.765900000" lon="-1.831120000">
        <ele>375.000</ele>
      </trkpt>
      <trkpt lat="42.765720000" lon="-1.831030000">
        <ele>375.000</ele>
      </trkpt>
      <trkpt lat="42.765620000" lon="-1.830980000">
        <ele>374.000</ele>
      </trkpt>
      <trkpt lat="42.765420000" lon="-1.830900000">
        <ele>374.000</ele>
      </trkpt>
      <trkpt lat="42.765210000" lon="-1.830850000">
        <ele>373.000</ele>
      </trkpt>
      <trkpt lat="42.765140000" lon="-1.830840000">
        <ele>373.000</ele>
      </trkpt>
      <trkpt lat="42.765000000" lon="-1.830820000">
        <ele>372.000</ele>
      </trkpt>
      <trkpt lat="42.764990000" lon="-1.830820000">
        <ele>372.000</ele>
      </trkpt>
      <trkpt lat="42.764850000" lon="-1.830820000">
        <ele>372.000</ele>
      </trkpt>
      <trkpt lat="42.764840000" lon="-1.830820000">
        <ele>372.000</ele>
      </trkpt>
      <trkpt lat="42.764810000" lon="-1.830820000">
        <ele>372.000</ele>
      </trkpt>
      <trkpt lat="42.764710000" lon="-1.830820000">
        <ele>372.000</ele>
      </trkpt>
      <trkpt lat="42.764140000" lon="-1.830850000">
        <ele>372.000</ele>
      </trkpt>
      <trkpt lat="42.763970000" lon="-1.830890000">
        <ele>372.000</ele>
      </trkpt>
      <trkpt lat="42.763870000" lon="-1.830910000">
        <ele>372.000</ele>
      </trkpt>
      <trkpt lat="42.763770000" lon="-1.830960000">
        <ele>372.000</ele>
      </trkpt>
      <trkpt lat="42.763740000" lon="-1.830980000">
        <ele>372.000</ele>
      </trkpt>
      <trkpt lat="42.763480000" lon="-1.831150000">
        <ele>372.000</ele>
      </trkpt>
      <trkpt lat="42.763240000" lon="-1.831330000">
        <ele>372.000</ele>
      </trkpt>
      <trkpt lat="42.762830000" lon="-1.831640000">
        <ele>372.000</ele>
      </trkpt>
      <trkpt lat="42.762700000" lon="-1.831730000">
        <ele>372.000</ele>
      </trkpt>
      <trkpt lat="42.762300000" lon="-1.832060000">
        <ele>372.000</ele>
      </trkpt>
      <trkpt lat="42.762100000" lon="-1.832220000">
        <ele>372.000</ele>
      </trkpt>
      <trkpt lat="42.761980000" lon="-1.832350000">
        <ele>372.000</ele>
      </trkpt>
      <trkpt lat="42.761900000" lon="-1.832470000">
        <ele>372.000</ele>
      </trkpt>
      <trkpt lat="42.761870000" lon="-1.832510000">
        <ele>372.000</ele>
      </trkpt>
      <trkpt lat="42.761280000" lon="-1.833450000">
        <ele>372.000</ele>
      </trkpt>
      <trkpt lat="42.760950000" lon="-1.833950000">
        <ele>372.000</ele>
      </trkpt>
      <trkpt lat="42.760730000" lon="-1.834280000">
        <ele>372.000</ele>
      </trkpt>
      <trkpt lat="42.760580000" lon="-1.834510000">
        <ele>372.000</ele>
      </trkpt>
      <trkpt lat="42.760490000" lon="-1.834630000">
        <ele>372.000</ele>
      </trkpt>
      <trkpt lat="42.760190000" lon="-1.835020000">
        <ele>372.000</ele>
      </trkpt>
      <trkpt lat="42.759990000" lon="-1.835240000">
        <ele>372.000</ele>
      </trkpt>
      <trkpt lat="42.759950000" lon="-1.835270000">
        <ele>372.000</ele>
      </trkpt>
      <trkpt lat="42.759910000" lon="-1.835310000">
        <ele>372.000</ele>
      </trkpt>
      <trkpt lat="42.759820000" lon="-1.835390000">
        <ele>372.000</ele>
      </trkpt>
      <trkpt lat="42.759800000" lon="-1.835410000">
        <ele>372.000</ele>
      </trkpt>
      <trkpt lat="42.759770000" lon="-1.835450000">
        <ele>372.000</ele>
      </trkpt>
      <trkpt lat="42.759710000" lon="-1.835500000">
        <ele>372.000</ele>
      </trkpt>
      <trkpt lat="42.759520000" lon="-1.835640000">
        <ele>372.000</ele>
      </trkpt>
      <trkpt lat="42.758800000" lon="-1.836100000">
        <ele>372.000</ele>
      </trkpt>
      <trkpt lat="42.758640000" lon="-1.836200000">
        <ele>372.000</ele>
      </trkpt>
      <trkpt lat="42.758350000" lon="-1.836380000">
        <ele>372.000</ele>
      </trkpt>
      <trkpt lat="42.758310000" lon="-1.836410000">
        <ele>371.000</ele>
      </trkpt>
      <trkpt lat="42.757790000" lon="-1.836730000">
        <ele>371.000</ele>
      </trkpt>
      <trkpt lat="42.757690000" lon="-1.836800000">
        <ele>371.000</ele>
      </trkpt>
      <trkpt lat="42.757370000" lon="-1.836990000">
        <ele>370.000</ele>
      </trkpt>
      <trkpt lat="42.757210000" lon="-1.837090000">
        <ele>370.000</ele>
      </trkpt>
      <trkpt lat="42.756880000" lon="-1.837300000">
        <ele>370.000</ele>
      </trkpt>
      <trkpt lat="42.756710000" lon="-1.837400000">
        <ele>369.000</ele>
      </trkpt>
      <trkpt lat="42.756600000" lon="-1.837470000">
        <ele>369.000</ele>
      </trkpt>
      <trkpt lat="42.756550000" lon="-1.837500000">
        <ele>369.000</ele>
      </trkpt>
      <trkpt lat="42.756390000" lon="-1.837600000">
        <ele>370.000</ele>
      </trkpt>
      <trkpt lat="42.756220000" lon="-1.837700000">
        <ele>370.000</ele>
      </trkpt>
      <trkpt lat="42.756060000" lon="-1.837810000">
        <ele>371.000</ele>
      </trkpt>
      <trkpt lat="42.755730000" lon="-1.838020000">
        <ele>371.000</ele>
      </trkpt>
      <trkpt lat="42.755390000" lon="-1.838240000">
        <ele>373.000</ele>
      </trkpt>
      <trkpt lat="42.755320000" lon="-1.838280000">
        <ele>373.000</ele>
      </trkpt>
      <trkpt lat="42.755230000" lon="-1.838340000">
        <ele>374.000</ele>
      </trkpt>
      <trkpt lat="42.755170000" lon="-1.838370000">
        <ele>375.000</ele>
      </trkpt>
      <trkpt lat="42.755100000" lon="-1.838410000">
        <ele>375.000</ele>
      </trkpt>
      <trkpt lat="42.755060000" lon="-1.838420000">
        <ele>376.000</ele>
      </trkpt>
      <trkpt lat="42.755030000" lon="-1.838430000">
        <ele>376.000</ele>
      </trkpt>
      <trkpt lat="42.754710000" lon="-1.838490000">
        <ele>377.000</ele>
      </trkpt>
      <trkpt lat="42.754600000" lon="-1.838530000">
        <ele>378.000</ele>
      </trkpt>
      <trkpt lat="42.754530000" lon="-1.838550000">
        <ele>379.000</ele>
      </trkpt>
      <trkpt lat="42.754430000" lon="-1.838590000">
        <ele>380.000</ele>
      </trkpt>
      <trkpt lat="42.754350000" lon="-1.838610000">
        <ele>381.000</ele>
      </trkpt>
      <trkpt lat="42.754340000" lon="-1.838610000">
        <ele>381.000</ele>
      </trkpt>
      <trkpt lat="42.754300000" lon="-1.838620000">
        <ele>382.000</ele>
      </trkpt>
      <trkpt lat="42.754260000" lon="-1.838620000">
        <ele>382.000</ele>
      </trkpt>
      <trkpt lat="42.754220000" lon="-1.838610000">
        <ele>383.000</ele>
      </trkpt>
      <trkpt lat="42.754180000" lon="-1.838580000">
        <ele>383.000</ele>
      </trkpt>
      <trkpt lat="42.753950000" lon="-1.838460000">
        <ele>384.000</ele>
      </trkpt>
      <trkpt lat="42.753870000" lon="-1.838430000">
        <ele>385.000</ele>
      </trkpt>
      <trkpt lat="42.753680000" lon="-1.838380000">
        <ele>386.000</ele>
      </trkpt>
      <trkpt lat="42.753660000" lon="-1.838370000">
        <ele>387.000</ele>
      </trkpt>
      <trkpt lat="42.753540000" lon="-1.838360000">
        <ele>388.000</ele>
      </trkpt>
      <trkpt lat="42.753480000" lon="-1.838360000">
        <ele>389.000</ele>
      </trkpt>
      <trkpt lat="42.753470000" lon="-1.838360000">
        <ele>389.000</ele>
      </trkpt>
      <trkpt lat="42.753300000" lon="-1.838390000">
        <ele>390.000</ele>
      </trkpt>
      <trkpt lat="42.753260000" lon="-1.838390000">
        <ele>390.000</ele>
      </trkpt>
      <trkpt lat="42.753170000" lon="-1.838400000">
        <ele>391.000</ele>
      </trkpt>
      <trkpt lat="42.753120000" lon="-1.838400000">
        <ele>391.000</ele>
      </trkpt>
      <trkpt lat="42.753100000" lon="-1.838390000">
        <ele>391.000</ele>
      </trkpt>
      <trkpt lat="42.753040000" lon="-1.838380000">
        <ele>391.000</ele>
      </trkpt>
      <trkpt lat="42.752990000" lon="-1.838360000">
        <ele>390.000</ele>
      </trkpt>
      <trkpt lat="42.752950000" lon="-1.838330000">
        <ele>390.000</ele>
      </trkpt>
      <trkpt lat="42.752920000" lon="-1.838300000">
        <ele>390.000</ele>
      </trkpt>
      <trkpt lat="42.752850000" lon="-1.838230000">
        <ele>390.000</ele>
      </trkpt>
      <trkpt lat="42.752810000" lon="-1.838170000">
        <ele>390.000</ele>
      </trkpt>
      <trkpt lat="42.752700000" lon="-1.838000000">
        <ele>389.000</ele>
      </trkpt>
      <trkpt lat="42.752520000" lon="-1.837710000">
        <ele>389.000</ele>
      </trkpt>
      <trkpt lat="42.752450000" lon="-1.837620000">
        <ele>388.000</ele>
      </trkpt>
      <trkpt lat="42.752430000" lon="-1.837600000">
        <ele>388.000</ele>
      </trkpt>
      <trkpt lat="42.752390000" lon="-1.837560000">
        <ele>388.000</ele>
      </trkpt>
      <trkpt lat="42.752310000" lon="-1.837510000">
        <ele>387.000</ele>
      </trkpt>
      <trkpt lat="42.752270000" lon="-1.837490000">
        <ele>387.000</ele>
      </trkpt>
      <trkpt lat="42.752180000" lon="-1.837450000">
        <ele>387.000</ele>
      </trkpt>
      <trkpt lat="42.751570000" lon="-1.837260000">
        <ele>386.000</ele>
      </trkpt>
      <trkpt lat="42.751490000" lon="-1.837230000">
        <ele>385.000</ele>
      </trkpt>
      <trkpt lat="42.751400000" lon="-1.837200000">
        <ele>384.000</ele>
      </trkpt>
      <trkpt lat="42.751360000" lon="-1.837180000">
        <ele>384.000</ele>
      </trkpt>
      <trkpt lat="42.751190000" lon="-1.837110000">
        <ele>384.000</ele>
      </trkpt>
      <trkpt lat="42.751010000" lon="-1.837010000">
        <ele>383.000</ele>
      </trkpt>
      <trkpt lat="42.750810000" lon="-1.836870000">
        <ele>383.000</ele>
      </trkpt>
      <trkpt lat="42.750740000" lon="-1.836800000">
        <ele>383.000</ele>
      </trkpt>
      <trkpt lat="42.750630000" lon="-1.836700000">
        <ele>383.000</ele>
      </trkpt>
      <trkpt lat="42.750600000" lon="-1.836660000">
        <ele>382.000</ele>
      </trkpt>
      <trkpt lat="42.750230000" lon="-1.836260000">
        <ele>382.000</ele>
      </trkpt>
      <trkpt lat="42.750120000" lon="-1.836150000">
        <ele>382.000</ele>
      </trkpt>
      <trkpt lat="42.749730000" lon="-1.835770000">
        <ele>381.000</ele>
      </trkpt>
      <trkpt lat="42.749580000" lon="-1.835650000">
        <ele>381.000</ele>
      </trkpt>
      <trkpt lat="42.749560000" lon="-1.835640000">
        <ele>380.000</ele>
      </trkpt>
      <trkpt lat="42.749500000" lon="-1.835600000">
        <ele>380.000</ele>
      </trkpt>
      <trkpt lat="42.749440000" lon="-1.835580000">
        <ele>380.000</ele>
      </trkpt>
      <trkpt lat="42.749410000" lon="-1.835570000">
        <ele>380.000</ele>
      </trkpt>
      <trkpt lat="42.749370000" lon="-1.835570000">
        <ele>379.000</ele>
      </trkpt>
      <trkpt lat="42.749300000" lon="-1.835570000">
        <ele>379.000</ele>
      </trkpt>
      <trkpt lat="42.749220000" lon="-1.835600000">
        <ele>379.000</ele>
      </trkpt>
      <trkpt lat="42.749060000" lon="-1.835660000">
        <ele>379.000</ele>
      </trkpt>
      <trkpt lat="42.748950000" lon="-1.835730000">
        <ele>378.000</ele>
      </trkpt>
      <trkpt lat="42.748900000" lon="-1.835760000">
        <ele>378.000</ele>
      </trkpt>
      <trkpt lat="42.748850000" lon="-1.835800000">
        <ele>378.000</ele>
      </trkpt>
      <trkpt lat="42.748620000" lon="-1.836020000">
        <ele>377.000</ele>
      </trkpt>
      <trkpt lat="42.748600000" lon="-1.836050000">
        <ele>377.000</ele>
      </trkpt>
      <trkpt lat="42.748410000" lon="-1.836240000">
        <ele>376.000</ele>
      </trkpt>
      <trkpt lat="42.748060000" lon="-1.836530000">
        <ele>375.000</ele>
      </trkpt>
      <trkpt lat="42.747690000" lon="-1.836830000">
        <ele>374.000</ele>
      </trkpt>
      <trkpt lat="42.747600000" lon="-1.836890000">
        <ele>374.000</ele>
      </trkpt>
      <trkpt lat="42.747530000" lon="-1.836950000">
        <ele>373.000</ele>
      </trkpt>
      <trkpt lat="42.746950000" lon="-1.837390000">
        <ele>373.000</ele>
      </trkpt>
      <trkpt lat="42.746910000" lon="-1.837430000">
        <ele>372.000</ele>
      </trkpt>
      <trkpt lat="42.746590000" lon="-1.837670000">
        <ele>372.000</ele>
      </trkpt>
      <trkpt lat="42.746580000" lon="-1.837680000">
        <ele>371.000</ele>
      </trkpt>
      <trkpt lat="42.746460000" lon="-1.837770000">
        <ele>371.000</ele>
      </trkpt>
      <trkpt lat="42.746310000" lon="-1.837950000">
        <ele>371.000</ele>
      </trkpt>
      <trkpt lat="42.746160000" lon="-1.838110000">
        <ele>371.000</ele>
      </trkpt>
      <trkpt lat="42.746130000" lon="-1.838140000">
        <ele>371.000</ele>
      </trkpt>
      <trkpt lat="42.745980000" lon="-1.838310000">
        <ele>370.000</ele>
      </trkpt>
      <trkpt lat="42.745860000" lon="-1.838410000">
        <ele>370.000</ele>
      </trkpt>
      <trkpt lat="42.745650000" lon="-1.838540000">
        <ele>370.000</ele>
      </trkpt>
      <trkpt lat="42.745400000" lon="-1.838670000">
        <ele>370.000</ele>
      </trkpt>
      <trkpt lat="42.745370000" lon="-1.838680000">
        <ele>370.000</ele>
      </trkpt>
      <trkpt lat="42.745260000" lon="-1.838730000">
        <ele>370.000</ele>
      </trkpt>
      <trkpt lat="42.745150000" lon="-1.838770000">
        <ele>370.000</ele>
      </trkpt>
      <trkpt lat="42.745020000" lon="-1.838790000">
        <ele>370.000</ele>
      </trkpt>
      <trkpt lat="42.745000000" lon="-1.838800000">
        <ele>370.000</ele>
      </trkpt>
      <trkpt lat="42.744830000" lon="-1.838800000">
        <ele>370.000</ele>
      </trkpt>
      <trkpt lat="42.744560000" lon="-1.838800000">
        <ele>370.000</ele>
      </trkpt>
      <trkpt lat="42.744490000" lon="-1.838790000">
        <ele>370.000</ele>
      </trkpt>
      <trkpt lat="42.744350000" lon="-1.838760000">
        <ele>370.000</ele>
      </trkpt>
      <trkpt lat="42.744190000" lon="-1.838710000">
        <ele>370.000</ele>
      </trkpt>
      <trkpt lat="42.744070000" lon="-1.838650000">
        <ele>370.000</ele>
      </trkpt>
      <trkpt lat="42.744010000" lon="-1.838590000">
        <ele>370.000</ele>
      </trkpt>
      <trkpt lat="42.743960000" lon="-1.838540000">
        <ele>370.000</ele>
      </trkpt>
      <trkpt lat="42.743740000" lon="-1.838150000">
        <ele>370.000</ele>
      </trkpt>
      <trkpt lat="42.743550000" lon="-1.837890000">
        <ele>370.000</ele>
      </trkpt>
      <trkpt lat="42.743500000" lon="-1.837850000">
        <ele>370.000</ele>
      </trkpt>
      <trkpt lat="42.743430000" lon="-1.837780000">
        <ele>370.000</ele>
      </trkpt>
      <trkpt lat="42.743350000" lon="-1.837750000">
        <ele>370.000</ele>
      </trkpt>
      <trkpt lat="42.743250000" lon="-1.837720000">
        <ele>370.000</ele>
      </trkpt>
      <trkpt lat="42.743160000" lon="-1.837720000">
        <ele>370.000</ele>
      </trkpt>
      <trkpt lat="42.743150000" lon="-1.837720000">
        <ele>370.000</ele>
      </trkpt>
      <trkpt lat="42.743040000" lon="-1.837750000">
        <ele>370.000</ele>
      </trkpt>
      <trkpt lat="42.742990000" lon="-1.837780000">
        <ele>370.000</ele>
      </trkpt>
      <trkpt lat="42.742930000" lon="-1.837820000">
        <ele>370.000</ele>
      </trkpt>
      <trkpt lat="42.742840000" lon="-1.837910000">
        <ele>370.000</ele>
      </trkpt>
      <trkpt lat="42.742250000" lon="-1.838820000">
        <ele>370.000</ele>
      </trkpt>
      <trkpt lat="42.741940000" lon="-1.839440000">
        <ele>370.000</ele>
      </trkpt>
      <trkpt lat="42.741830000" lon="-1.839640000">
        <ele>370.000</ele>
      </trkpt>
      <trkpt lat="42.741820000" lon="-1.839670000">
        <ele>370.000</ele>
      </trkpt>
      <trkpt lat="42.741530000" lon="-1.840380000">
        <ele>370.000</ele>
      </trkpt>
      <trkpt lat="42.741490000" lon="-1.840550000">
        <ele>370.000</ele>
      </trkpt>
      <trkpt lat="42.741470000" lon="-1.840680000">
        <ele>369.000</ele>
      </trkpt>
      <trkpt lat="42.741410000" lon="-1.840940000">
        <ele>369.000</ele>
      </trkpt>
      <trkpt lat="42.741380000" lon="-1.841060000">
        <ele>369.000</ele>
      </trkpt>
      <trkpt lat="42.741270000" lon="-1.841430000">
        <ele>368.000</ele>
      </trkpt>
      <trkpt lat="42.741200000" lon="-1.841660000">
        <ele>368.000</ele>
      </trkpt>
      <trkpt lat="42.741070000" lon="-1.842090000">
        <ele>368.000</ele>
      </trkpt>
      <trkpt lat="42.740920000" lon="-1.842530000">
        <ele>368.000</ele>
      </trkpt>
      <trkpt lat="42.740850000" lon="-1.842710000">
        <ele>368.000</ele>
      </trkpt>
      <trkpt lat="42.740820000" lon="-1.842770000">
        <ele>369.000</ele>
      </trkpt>
      <trkpt lat="42.740750000" lon="-1.842930000">
        <ele>369.000</ele>
      </trkpt>
      <trkpt lat="42.740570000" lon="-1.843240000">
        <ele>369.000</ele>
      </trkpt>
      <trkpt lat="42.740430000" lon="-1.843460000">
        <ele>369.000</ele>
      </trkpt>
      <trkpt lat="42.740310000" lon="-1.843650000">
        <ele>370.000</ele>
      </trkpt>
      <trkpt lat="42.740160000" lon="-1.843880000">
        <ele>370.000</ele>
      </trkpt>
      <trkpt lat="42.739880000" lon="-1.844270000">
        <ele>370.000</ele>
      </trkpt>
      <trkpt lat="42.739810000" lon="-1.844340000">
        <ele>370.000</ele>
      </trkpt>
      <trkpt lat="42.739710000" lon="-1.844440000">
        <ele>370.000</ele>
      </trkpt>
      <trkpt lat="42.739660000" lon="-1.844490000">
        <ele>370.000</ele>
      </trkpt>
      <trkpt lat="42.739580000" lon="-1.844550000">
        <ele>370.000</ele>
      </trkpt>
      <trkpt lat="42.739290000" lon="-1.844730000">
        <ele>370.000</ele>
      </trkpt>
      <trkpt lat="42.739000000" lon="-1.844880000">
        <ele>370.000</ele>
      </trkpt>
      <trkpt lat="42.738970000" lon="-1.844900000">
        <ele>370.000</ele>
      </trkpt>
      <trkpt lat="42.738710000" lon="-1.844990000">
        <ele>370.000</ele>
      </trkpt>
      <trkpt lat="42.738480000" lon="-1.845040000">
        <ele>370.000</ele>
      </trkpt>
      <trkpt lat="42.738410000" lon="-1.845050000">
        <ele>370.000</ele>
      </trkpt>
      <trkpt lat="42.738300000" lon="-1.845050000">
        <ele>370.000</ele>
      </trkpt>
      <trkpt lat="42.737960000" lon="-1.845060000">
        <ele>370.000</ele>
      </trkpt>
      <trkpt lat="42.737760000" lon="-1.845060000">
        <ele>370.000</ele>
      </trkpt>
      <trkpt lat="42.737670000" lon="-1.845060000">
        <ele>370.000</ele>
      </trkpt>
      <trkpt lat="42.737580000" lon="-1.845060000">
        <ele>370.000</ele>
      </trkpt>
      <trkpt lat="42.737560000" lon="-1.845060000">
        <ele>370.000</ele>
      </trkpt>
      <trkpt lat="42.737400000" lon="-1.845090000">
        <ele>370.000</ele>
      </trkpt>
      <trkpt lat="42.737180000" lon="-1.845170000">
        <ele>370.000</ele>
      </trkpt>
      <trkpt lat="42.736930000" lon="-1.845260000">
        <ele>370.000</ele>
      </trkpt>
      <trkpt lat="42.736730000" lon="-1.845310000">
        <ele>370.000</ele>
      </trkpt>
      <trkpt lat="42.736530000" lon="-1.845340000">
        <ele>370.000</ele>
      </trkpt>
      <trkpt lat="42.736180000" lon="-1.845320000">
        <ele>370.000</ele>
      </trkpt>
      <trkpt lat="42.736160000" lon="-1.845310000">
        <ele>370.000</ele>
      </trkpt>
      <trkpt lat="42.735750000" lon="-1.845280000">
        <ele>370.000</ele>
      </trkpt>
      <trkpt lat="42.735620000" lon="-1.845280000">
        <ele>370.000</ele>
      </trkpt>
      <trkpt lat="42.735560000" lon="-1.845280000">
        <ele>370.000</ele>
      </trkpt>
      <trkpt lat="42.735270000" lon="-1.845260000">
        <ele>370.000</ele>
      </trkpt>
      <trkpt lat="42.735260000" lon="-1.845260000">
        <ele>370.000</ele>
      </trkpt>
      <trkpt lat="42.735070000" lon="-1.845220000">
        <ele>370.000</ele>
      </trkpt>
      <trkpt lat="42.734920000" lon="-1.845180000">
        <ele>370.000</ele>
      </trkpt>
      <trkpt lat="42.734910000" lon="-1.845180000">
        <ele>370.000</ele>
      </trkpt>
      <trkpt lat="42.734740000" lon="-1.845110000">
        <ele>370.000</ele>
      </trkpt>
      <trkpt lat="42.734560000" lon="-1.845040000">
        <ele>370.000</ele>
      </trkpt>
      <trkpt lat="42.734220000" lon="-1.844900000">
        <ele>370.000</ele>
      </trkpt>
      <trkpt lat="42.734010000" lon="-1.844820000">
        <ele>370.000</ele>
      </trkpt>
      <trkpt lat="42.733880000" lon="-1.844750000">
        <ele>369.000</ele>
      </trkpt>
      <trkpt lat="42.733540000" lon="-1.844570000">
        <ele>369.000</ele>
      </trkpt>
      <trkpt lat="42.733520000" lon="-1.844560000">
        <ele>368.000</ele>
      </trkpt>
      <trkpt lat="42.733380000" lon="-1.844480000">
        <ele>368.000</ele>
      </trkpt>
      <trkpt lat="42.733090000" lon="-1.844310000">
        <ele>368.000</ele>
      </trkpt>
      <trkpt lat="42.733050000" lon="-1.844280000">
        <ele>367.000</ele>
      </trkpt>
      <trkpt lat="42.732730000" lon="-1.844050000">
        <ele>367.000</ele>
      </trkpt>
      <trkpt lat="42.732710000" lon="-1.844030000">
        <ele>367.000</ele>
      </trkpt>
      <trkpt lat="42.732090000" lon="-1.843600000">
        <ele>368.000</ele>
      </trkpt>
      <trkpt lat="42.731710000" lon="-1.843390000">
        <ele>368.000</ele>
      </trkpt>
      <trkpt lat="42.731360000" lon="-1.843180000">
        <ele>369.000</ele>
      </trkpt>
      <trkpt lat="42.731210000" lon="-1.843130000">
        <ele>370.000</ele>
      </trkpt>
      <trkpt lat="42.731050000" lon="-1.843070000">
        <ele>370.000</ele>
      </trkpt>
      <trkpt lat="42.731040000" lon="-1.843070000">
        <ele>370.000</ele>
      </trkpt>
      <trkpt lat="42.730850000" lon="-1.843030000">
        <ele>370.000</ele>
      </trkpt>
      <trkpt lat="42.730680000" lon="-1.843030000">
        <ele>370.000</ele>
      </trkpt>
      <trkpt lat="42.730670000" lon="-1.843030000">
        <ele>370.000</ele>
      </trkpt>
      <trkpt lat="42.730510000" lon="-1.843040000">
        <ele>370.000</ele>
      </trkpt>
      <trkpt lat="42.730320000" lon="-1.843080000">
        <ele>370.000</ele>
      </trkpt>
      <trkpt lat="42.730290000" lon="-1.843090000">
        <ele>370.000</ele>
      </trkpt>
      <trkpt lat="42.730150000" lon="-1.843140000">
        <ele>369.000</ele>
      </trkpt>
      <trkpt lat="42.730130000" lon="-1.843150000">
        <ele>369.000</ele>
      </trkpt>
      <trkpt lat="42.729980000" lon="-1.843240000">
        <ele>369.000</ele>
      </trkpt>
      <trkpt lat="42.729850000" lon="-1.843370000">
        <ele>369.000</ele>
      </trkpt>
      <trkpt lat="42.729590000" lon="-1.843610000">
        <ele>369.000</ele>
      </trkpt>
      <trkpt lat="42.729540000" lon="-1.843670000">
        <ele>369.000</ele>
      </trkpt>
      <trkpt lat="42.729420000" lon="-1.843820000">
        <ele>369.000</ele>
      </trkpt>
      <trkpt lat="42.729410000" lon="-1.843830000">
        <ele>369.000</ele>
      </trkpt>
      <trkpt lat="42.729290000" lon="-1.844010000">
        <ele>369.000</ele>
      </trkpt>
      <trkpt lat="42.729270000" lon="-1.844040000">
        <ele>369.000</ele>
      </trkpt>
      <trkpt lat="42.728870000" lon="-1.844710000">
        <ele>370.000</ele>
      </trkpt>
      <trkpt lat="42.728740000" lon="-1.844890000">
        <ele>370.000</ele>
      </trkpt>
      <trkpt lat="42.728530000" lon="-1.845190000">
        <ele>371.000</ele>
      </trkpt>
      <trkpt lat="42.728450000" lon="-1.845290000">
        <ele>371.000</ele>
      </trkpt>
      <trkpt lat="42.728400000" lon="-1.845360000">
        <ele>371.000</ele>
      </trkpt>
      <trkpt lat="42.728250000" lon="-1.845550000">
        <ele>372.000</ele>
      </trkpt>
      <trkpt lat="42.728090000" lon="-1.845700000">
        <ele>372.000</ele>
      </trkpt>
      <trkpt lat="42.728070000" lon="-1.845720000">
        <ele>372.000</ele>
      </trkpt>
      <trkpt lat="42.727920000" lon="-1.845860000">
        <ele>372.000</ele>
      </trkpt>
      <trkpt lat="42.727690000" lon="-1.846020000">
        <ele>372.000</ele>
      </trkpt>
      <trkpt lat="42.727630000" lon="-1.846070000">
        <ele>372.000</ele>
      </trkpt>
      <trkpt lat="42.727500000" lon="-1.846160000">
        <ele>372.000</ele>
      </trkpt>
      <trkpt lat="42.727460000" lon="-1.846170000">
        <ele>371.000</ele>
      </trkpt>
      <trkpt lat="42.727290000" lon="-1.846260000">
        <ele>371.000</ele>
      </trkpt>
      <trkpt lat="42.727210000" lon="-1.846300000">
        <ele>371.000</ele>
      </trkpt>
      <trkpt lat="42.727120000" lon="-1.846320000">
        <ele>371.000</ele>
      </trkpt>
      <trkpt lat="42.726910000" lon="-1.846370000">
        <ele>371.000</ele>
      </trkpt>
      <trkpt lat="42.726770000" lon="-1.846390000">
        <ele>370.000</ele>
      </trkpt>
      <trkpt lat="42.726410000" lon="-1.846450000">
        <ele>370.000</ele>
      </trkpt>
      <trkpt lat="42.726300000" lon="-1.846460000">
        <ele>370.000</ele>
      </trkpt>
      <trkpt lat="42.725870000" lon="-1.846520000">
        <ele>370.000</ele>
      </trkpt>
      <trkpt lat="42.725760000" lon="-1.846540000">
        <ele>370.000</ele>
      </trkpt>
      <trkpt lat="42.725690000" lon="-1.846540000">
        <ele>370.000</ele>
      </trkpt>
      <trkpt lat="42.725480000" lon="-1.846570000">
        <ele>370.000</ele>
      </trkpt>
      <trkpt lat="42.725330000" lon="-1.846570000">
        <ele>370.000</ele>
      </trkpt>
      <trkpt lat="42.725280000" lon="-1.846570000">
        <ele>370.000</ele>
      </trkpt>
      <trkpt lat="42.725220000" lon="-1.846560000">
        <ele>370.000</ele>
      </trkpt>
      <trkpt lat="42.725160000" lon="-1.846540000">
        <ele>370.000</ele>
      </trkpt>
      <trkpt lat="42.725090000" lon="-1.846470000">
        <ele>370.000</ele>
      </trkpt>
      <trkpt lat="42.724360000" lon="-1.845620000">
        <ele>370.000</ele>
      </trkpt>
      <trkpt lat="42.724250000" lon="-1.845500000">
        <ele>370.000</ele>
      </trkpt>
      <trkpt lat="42.724090000" lon="-1.845330000">
        <ele>370.000</ele>
      </trkpt>
      <trkpt lat="42.723860000" lon="-1.845120000">
        <ele>370.000</ele>
      </trkpt>
      <trkpt lat="42.723350000" lon="-1.844690000">
        <ele>370.000</ele>
      </trkpt>
      <trkpt lat="42.722950000" lon="-1.844350000">
        <ele>370.000</ele>
      </trkpt>
      <trkpt lat="42.722730000" lon="-1.844140000">
        <ele>370.000</ele>
      </trkpt>
      <trkpt lat="42.722610000" lon="-1.843990000">
        <ele>370.000</ele>
      </trkpt>
      <trkpt lat="42.722350000" lon="-1.843660000">
        <ele>370.000</ele>
      </trkpt>
      <trkpt lat="42.721890000" lon="-1.843090000">
        <ele>370.000</ele>
      </trkpt>
      <trkpt lat="42.721690000" lon="-1.842820000">
        <ele>369.000</ele>
      </trkpt>
      <trkpt lat="42.721570000" lon="-1.842650000">
        <ele>369.000</ele>
      </trkpt>
      <trkpt lat="42.720850000" lon="-1.841660000">
        <ele>368.000</ele>
      </trkpt>
      <trkpt lat="42.720530000" lon="-1.841190000">
        <ele>368.000</ele>
      </trkpt>
      <trkpt lat="42.720250000" lon="-1.840690000">
        <ele>367.000</ele>
      </trkpt>
      <trkpt lat="42.720080000" lon="-1.840440000">
        <ele>367.000</ele>
      </trkpt>
      <trkpt lat="42.719930000" lon="-1.840280000">
        <ele>367.000</ele>
      </trkpt>
      <trkpt lat="42.719770000" lon="-1.840150000">
        <ele>367.000</ele>
      </trkpt>
      <trkpt lat="42.719640000" lon="-1.840060000">
        <ele>367.000</ele>
      </trkpt>
      <trkpt lat="42.719490000" lon="-1.840010000">
        <ele>367.000</ele>
      </trkpt>
      <trkpt lat="42.719360000" lon="-1.840010000">
        <ele>367.000</ele>
      </trkpt>
      <trkpt lat="42.719320000" lon="-1.840020000">
        <ele>367.000</ele>
      </trkpt>
      <trkpt lat="42.719150000" lon="-1.840050000">
        <ele>366.000</ele>
      </trkpt>
      <trkpt lat="42.718840000" lon="-1.840160000">
        <ele>366.000</ele>
      </trkpt>
      <trkpt lat="42.718620000" lon="-1.840250000">
        <ele>366.000</ele>
      </trkpt>
      <trkpt lat="42.718540000" lon="-1.840290000">
        <ele>366.000</ele>
      </trkpt>
      <trkpt lat="42.718340000" lon="-1.840390000">
        <ele>366.000</ele>
      </trkpt>
      <trkpt lat="42.718230000" lon="-1.840470000">
        <ele>366.000</ele>
      </trkpt>
      <trkpt lat="42.717830000" lon="-1.840830000">
        <ele>366.000</ele>
      </trkpt>
      <trkpt lat="42.717080000" lon="-1.841500000">
        <ele>366.000</ele>
      </trkpt>
      <trkpt lat="42.716340000" lon="-1.842160000">
        <ele>366.000</ele>
      </trkpt>
      <trkpt lat="42.715980000" lon="-1.842460000">
        <ele>366.000</ele>
      </trkpt>
      <trkpt lat="42.715770000" lon="-1.842600000">
        <ele>367.000</ele>
      </trkpt>
      <trkpt lat="42.715700000" lon="-1.842650000">
        <ele>367.000</ele>
      </trkpt>
      <trkpt lat="42.715540000" lon="-1.842700000">
        <ele>367.000</ele>
      </trkpt>
      <trkpt lat="42.715370000" lon="-1.842740000">
        <ele>367.000</ele>
      </trkpt>
      <trkpt lat="42.715250000" lon="-1.842750000">
        <ele>367.000</ele>
      </trkpt>
      <trkpt lat="42.715080000" lon="-1.842740000">
        <ele>367.000</ele>
      </trkpt>
      <trkpt lat="42.714920000" lon="-1.842720000">
        <ele>368.000</ele>
      </trkpt>
      <trkpt lat="42.714810000" lon="-1.842720000">
        <ele>368.000</ele>
      </trkpt>
      <trkpt lat="42.714680000" lon="-1.842740000">
        <ele>368.000</ele>
      </trkpt>
      <trkpt lat="42.714450000" lon="-1.842760000">
        <ele>368.000</ele>
      </trkpt>
      <trkpt lat="42.714190000" lon="-1.842780000">
        <ele>368.000</ele>
      </trkpt>
      <trkpt lat="42.713920000" lon="-1.842780000">
        <ele>369.000</ele>
      </trkpt>
      <trkpt lat="42.713540000" lon="-1.842730000">
        <ele>369.000</ele>
      </trkpt>
      <trkpt lat="42.713180000" lon="-1.842640000">
        <ele>369.000</ele>
      </trkpt>
      <trkpt lat="42.712740000" lon="-1.842450000">
        <ele>369.000</ele>
      </trkpt>
      <trkpt lat="42.712120000" lon="-1.842140000">
        <ele>369.000</ele>
      </trkpt>
      <trkpt lat="42.711770000" lon="-1.841960000">
        <ele>369.000</ele>
      </trkpt>
      <trkpt lat="42.711590000" lon="-1.841830000">
        <ele>369.000</ele>
      </trkpt>
      <trkpt lat="42.711460000" lon="-1.841720000">
        <ele>368.000</ele>
      </trkpt>
      <trkpt lat="42.711240000" lon="-1.841460000">
        <ele>368.000</ele>
      </trkpt>
      <trkpt lat="42.711070000" lon="-1.841250000">
        <ele>368.000</ele>
      </trkpt>
      <trkpt lat="42.710850000" lon="-1.841000000">
        <ele>368.000</ele>
      </trkpt>
      <trkpt lat="42.710700000" lon="-1.840830000">
        <ele>368.000</ele>
      </trkpt>
      <trkpt lat="42.710660000" lon="-1.840780000">
        <ele>367.000</ele>
      </trkpt>
      <trkpt lat="42.710580000" lon="-1.840740000">
        <ele>367.000</ele>
      </trkpt>
      <trkpt lat="42.710500000" lon="-1.840720000">
        <ele>367.000</ele>
      </trkpt>
      <trkpt lat="42.710420000" lon="-1.840720000">
        <ele>367.000</ele>
      </trkpt>
      <trkpt lat="42.710360000" lon="-1.840720000">
        <ele>367.000</ele>
      </trkpt>
      <trkpt lat="42.710310000" lon="-1.840740000">
        <ele>367.000</ele>
      </trkpt>
      <trkpt lat="42.710190000" lon="-1.840800000">
        <ele>367.000</ele>
      </trkpt>
      <trkpt lat="42.710020000" lon="-1.840890000">
        <ele>367.000</ele>
      </trkpt>
      <trkpt lat="42.709970000" lon="-1.840920000">
        <ele>367.000</ele>
      </trkpt>
      <trkpt lat="42.709910000" lon="-1.840930000">
        <ele>367.000</ele>
      </trkpt>
      <trkpt lat="42.709870000" lon="-1.840930000">
        <ele>367.000</ele>
      </trkpt>
      <trkpt lat="42.709840000" lon="-1.840920000">
        <ele>367.000</ele>
      </trkpt>
      <trkpt lat="42.709790000" lon="-1.840910000">
        <ele>367.000</ele>
      </trkpt>
      <trkpt lat="42.709710000" lon="-1.840860000">
        <ele>368.000</ele>
      </trkpt>
      <trkpt lat="42.709630000" lon="-1.840780000">
        <ele>368.000</ele>
      </trkpt>
      <trkpt lat="42.709570000" lon="-1.840720000">
        <ele>368.000</ele>
      </trkpt>
      <trkpt lat="42.709550000" lon="-1.840670000">
        <ele>368.000</ele>
      </trkpt>
      <trkpt lat="42.709490000" lon="-1.840540000">
        <ele>368.000</ele>
      </trkpt>
      <trkpt lat="42.709470000" lon="-1.840470000">
        <ele>369.000</ele>
      </trkpt>
      <trkpt lat="42.709470000" lon="-1.840380000">
        <ele>369.000</ele>
      </trkpt>
      <trkpt lat="42.709470000" lon="-1.840310000">
        <ele>369.000</ele>
      </trkpt>
      <trkpt lat="42.709490000" lon="-1.840220000">
        <ele>369.000</ele>
      </trkpt>
      <trkpt lat="42.709520000" lon="-1.840130000">
        <ele>369.000</ele>
      </trkpt>
      <trkpt lat="42.709550000" lon="-1.840070000">
        <ele>369.000</ele>
      </trkpt>
      <trkpt lat="42.709610000" lon="-1.839990000">
        <ele>370.000</ele>
      </trkpt>
      <trkpt lat="42.709860000" lon="-1.839670000">
        <ele>370.000</ele>
      </trkpt>
      <trkpt lat="42.709890000" lon="-1.839610000">
        <ele>370.000</ele>
      </trkpt>
      <trkpt lat="42.709920000" lon="-1.839560000">
        <ele>371.000</ele>
      </trkpt>
      <trkpt lat="42.709930000" lon="-1.839500000">
        <ele>371.000</ele>
      </trkpt>
      <trkpt lat="42.709930000" lon="-1.839460000">
        <ele>371.000</ele>
      </trkpt>
      <trkpt lat="42.709930000" lon="-1.839430000">
        <ele>371.000</ele>
      </trkpt>
      <trkpt lat="42.709920000" lon="-1.839350000">
        <ele>372.000</ele>
      </trkpt>
      <trkpt lat="42.709900000" lon="-1.839270000">
        <ele>372.000</ele>
      </trkpt>
      <trkpt lat="42.709700000" lon="-1.838720000">
        <ele>373.000</ele>
      </trkpt>
      <trkpt lat="42.709580000" lon="-1.838450000">
        <ele>374.000</ele>
      </trkpt>
      <trkpt lat="42.709480000" lon="-1.838270000">
        <ele>375.000</ele>
      </trkpt>
      <trkpt lat="42.709340000" lon="-1.838090000">
        <ele>376.000</ele>
      </trkpt>
      <trkpt lat="42.709190000" lon="-1.837950000">
        <ele>377.000</ele>
      </trkpt>
      <trkpt lat="42.709040000" lon="-1.837850000">
        <ele>378.000</ele>
      </trkpt>
      <trkpt lat="42.708960000" lon="-1.837800000">
        <ele>379.000</ele>
      </trkpt>
      <trkpt lat="42.708940000" lon="-1.837790000">
        <ele>379.000</ele>
      </trkpt>
      <trkpt lat="42.708900000" lon="-1.837780000">
        <ele>380.000</ele>
      </trkpt>
      <trkpt lat="42.708870000" lon="-1.837780000">
        <ele>380.000</ele>
      </trkpt>
      <trkpt lat="42.708840000" lon="-1.837780000">
        <ele>381.000</ele>
      </trkpt>
      <trkpt lat="42.708810000" lon="-1.837790000">
        <ele>381.000</ele>
      </trkpt>
      <trkpt lat="42.708790000" lon="-1.837810000">
        <ele>381.000</ele>
      </trkpt>
      <trkpt lat="42.708780000" lon="-1.837830000">
        <ele>381.000</ele>
      </trkpt>
      <trkpt lat="42.708770000" lon="-1.837870000">
        <ele>381.000</ele>
      </trkpt>
      <trkpt lat="42.708760000" lon="-1.837910000">
        <ele>382.000</ele>
      </trkpt>
      <trkpt lat="42.708770000" lon="-1.837960000">
        <ele>382.000</ele>
      </trkpt>
      <trkpt lat="42.708790000" lon="-1.838000000">
        <ele>382.000</ele>
      </trkpt>
      <trkpt lat="42.708810000" lon="-1.838020000">
        <ele>382.000</ele>
      </trkpt>
      <trkpt lat="42.708810000" lon="-1.838030000">
        <ele>382.000</ele>
      </trkpt>
      <trkpt lat="42.708860000" lon="-1.838050000">
        <ele>382.000</ele>
      </trkpt>
      <trkpt lat="42.709000000" lon="-1.838090000">
        <ele>383.000</ele>
      </trkpt>
      <trkpt lat="42.709080000" lon="-1.838120000">
        <ele>383.000</ele>
      </trkpt>
      <trkpt lat="42.709120000" lon="-1.838140000">
        <ele>383.000</ele>
      </trkpt>
      <trkpt lat="42.709150000" lon="-1.838160000">
        <ele>384.000</ele>
      </trkpt>
      <trkpt lat="42.709170000" lon="-1.838170000">
        <ele>384.000</ele>
      </trkpt>
      <trkpt lat="42.709220000" lon="-1.838240000">
        <ele>384.000</ele>
      </trkpt>
      <trkpt lat="42.709260000" lon="-1.838290000">
        <ele>384.000</ele>
      </trkpt>
      <trkpt lat="42.709300000" lon="-1.838370000">
        <ele>385.000</ele>
      </trkpt>
      <trkpt lat="42.709330000" lon="-1.838460000">
        <ele>385.000</ele>
      </trkpt>
      <trkpt lat="42.709410000" lon="-1.838780000">
        <ele>386.000</ele>
      </trkpt>
      <trkpt lat="42.709450000" lon="-1.839000000">
        <ele>386.000</ele>
      </trkpt>
      <trkpt lat="42.709470000" lon="-1.839210000">
        <ele>387.000</ele>
      </trkpt>
      <trkpt lat="42.709460000" lon="-1.839340000">
        <ele>388.000</ele>
      </trkpt>
      <trkpt lat="42.709450000" lon="-1.839440000">
        <ele>388.000</ele>
      </trkpt>
      <trkpt lat="42.709420000" lon="-1.839510000">
        <ele>389.000</ele>
      </trkpt>
      <trkpt lat="42.709360000" lon="-1.839620000">
        <ele>389.000</ele>
      </trkpt>
      <trkpt lat="42.709320000" lon="-1.839700000">
        <ele>390.000</ele>
      </trkpt>
      <trkpt lat="42.709240000" lon="-1.839840000">
        <ele>390.000</ele>
      </trkpt>
      <trkpt lat="42.709160000" lon="-1.840030000">
        <ele>391.000</ele>
      </trkpt>
      <trkpt lat="42.709100000" lon="-1.840220000">
        <ele>391.000</ele>
      </trkpt>
      <trkpt lat="42.708980000" lon="-1.840560000">
        <ele>392.000</ele>
      </trkpt>
      <trkpt lat="42.708970000" lon="-1.840620000">
        <ele>393.000</ele>
      </trkpt>
      <trkpt lat="42.708900000" lon="-1.840810000">
        <ele>394.000</ele>
      </trkpt>
      <trkpt lat="42.708850000" lon="-1.840920000">
        <ele>394.000</ele>
      </trkpt>
      <trkpt lat="42.708730000" lon="-1.841180000">
        <ele>395.000</ele>
      </trkpt>
      <trkpt lat="42.708580000" lon="-1.841480000">
        <ele>396.000</ele>
      </trkpt>
      <trkpt lat="42.708510000" lon="-1.841620000">
        <ele>397.000</ele>
      </trkpt>
      <trkpt lat="42.708470000" lon="-1.841680000">
        <ele>397.000</ele>
      </trkpt>
      <trkpt lat="42.708360000" lon="-1.841870000">
        <ele>398.000</ele>
      </trkpt>
      <trkpt lat="42.708330000" lon="-1.841920000">
        <ele>399.000</ele>
      </trkpt>
      <trkpt lat="42.707930000" lon="-1.842550000">
        <ele>400.000</ele>
      </trkpt>
      <trkpt lat="42.707560000" lon="-1.843150000">
        <ele>402.000</ele>
      </trkpt>
      <trkpt lat="42.707540000" lon="-1.843170000">
        <ele>403.000</ele>
      </trkpt>
      <trkpt lat="42.707360000" lon="-1.843490000">
        <ele>405.000</ele>
      </trkpt>
      <trkpt lat="42.707330000" lon="-1.843560000">
        <ele>406.000</ele>
      </trkpt>
      <trkpt lat="42.707290000" lon="-1.843640000">
        <ele>407.000</ele>
      </trkpt>
      <trkpt lat="42.707280000" lon="-1.843690000">
        <ele>407.000</ele>
      </trkpt>
      <trkpt lat="42.707270000" lon="-1.843720000">
        <ele>408.000</ele>
      </trkpt>
      <trkpt lat="42.707270000" lon="-1.843750000">
        <ele>408.000</ele>
      </trkpt>
      <trkpt lat="42.707260000" lon="-1.843880000">
        <ele>409.000</ele>
      </trkpt>
      <trkpt lat="42.707270000" lon="-1.844030000">
        <ele>409.000</ele>
      </trkpt>
      <trkpt lat="42.707270000" lon="-1.844220000">
        <ele>410.000</ele>
      </trkpt>
      <trkpt lat="42.707270000" lon="-1.844520000">
        <ele>411.000</ele>
      </trkpt>
      <trkpt lat="42.707270000" lon="-1.844550000">
        <ele>411.000</ele>
      </trkpt>
      <trkpt lat="42.707260000" lon="-1.844760000">
        <ele>412.000</ele>
      </trkpt>
      <trkpt lat="42.707240000" lon="-1.844900000">
        <ele>413.000</ele>
      </trkpt>
      <trkpt lat="42.707210000" lon="-1.845070000">
        <ele>413.000</ele>
      </trkpt>
      <trkpt lat="42.707180000" lon="-1.845240000">
        <ele>414.000</ele>
      </trkpt>
      <trkpt lat="42.707160000" lon="-1.845350000">
        <ele>415.000</ele>
      </trkpt>
      <trkpt lat="42.707140000" lon="-1.845480000">
        <ele>415.000</ele>
      </trkpt>
      <trkpt lat="42.707130000" lon="-1.845510000">
        <ele>416.000</ele>
      </trkpt>
      <trkpt lat="42.707110000" lon="-1.845580000">
        <ele>416.000</ele>
      </trkpt>
      <trkpt lat="42.707090000" lon="-1.845620000">
        <ele>416.000</ele>
      </trkpt>
      <trkpt lat="42.707060000" lon="-1.845670000">
        <ele>417.000</ele>
      </trkpt>
      <trkpt lat="42.707030000" lon="-1.845700000">
        <ele>417.000</ele>
      </trkpt>
      <trkpt lat="42.707000000" lon="-1.845710000">
        <ele>417.000</ele>
      </trkpt>
      <trkpt lat="42.706960000" lon="-1.845720000">
        <ele>417.000</ele>
      </trkpt>
      <trkpt lat="42.706910000" lon="-1.845710000">
        <ele>418.000</ele>
      </trkpt>
      <trkpt lat="42.706870000" lon="-1.845700000">
        <ele>418.000</ele>
      </trkpt>
      <trkpt lat="42.706860000" lon="-1.845690000">
        <ele>418.000</ele>
      </trkpt>
      <trkpt lat="42.706810000" lon="-1.845660000">
        <ele>418.000</ele>
      </trkpt>
      <trkpt lat="42.706730000" lon="-1.845560000">
        <ele>419.000</ele>
      </trkpt>
      <trkpt lat="42.706610000" lon="-1.845380000">
        <ele>419.000</ele>
      </trkpt>
      <trkpt lat="42.706530000" lon="-1.845260000">
        <ele>420.000</ele>
      </trkpt>
      <trkpt lat="42.706430000" lon="-1.845100000">
        <ele>421.000</ele>
      </trkpt>
      <trkpt lat="42.706360000" lon="-1.845020000">
        <ele>421.000</ele>
      </trkpt>
      <trkpt lat="42.706340000" lon="-1.845000000">
        <ele>422.000</ele>
      </trkpt>
      <trkpt lat="42.706270000" lon="-1.844940000">
        <ele>422.000</ele>
      </trkpt>
      <trkpt lat="42.706200000" lon="-1.844900000">
        <ele>423.000</ele>
      </trkpt>
      <trkpt lat="42.706160000" lon="-1.844880000">
        <ele>423.000</ele>
      </trkpt>
      <trkpt lat="42.706060000" lon="-1.844840000">
        <ele>424.000</ele>
      </trkpt>
      <trkpt lat="42.706030000" lon="-1.844840000">
        <ele>424.000</ele>
      </trkpt>
      <trkpt lat="42.705910000" lon="-1.844810000">
        <ele>425.000</ele>
      </trkpt>
      <trkpt lat="42.705850000" lon="-1.844810000">
        <ele>425.000</ele>
      </trkpt>
      <trkpt lat="42.705310000" lon="-1.844760000">
        <ele>426.000</ele>
      </trkpt>
      <trkpt lat="42.705190000" lon="-1.844740000">
        <ele>428.000</ele>
      </trkpt>
      <trkpt lat="42.704780000" lon="-1.844690000">
        <ele>429.000</ele>
      </trkpt>
      <trkpt lat="42.704770000" lon="-1.844680000">
        <ele>430.000</ele>
      </trkpt>
      <trkpt lat="42.704650000" lon="-1.844680000">
        <ele>431.000</ele>
      </trkpt>
      <trkpt lat="42.704600000" lon="-1.844680000">
        <ele>432.000</ele>
      </trkpt>
      <trkpt lat="42.704570000" lon="-1.844680000">
        <ele>432.000</ele>
      </trkpt>
      <trkpt lat="42.704490000" lon="-1.844700000">
        <ele>433.000</ele>
      </trkpt>
      <trkpt lat="42.704400000" lon="-1.844730000">
        <ele>433.000</ele>
      </trkpt>
      <trkpt lat="42.704250000" lon="-1.844790000">
        <ele>433.000</ele>
      </trkpt>
      <trkpt lat="42.704080000" lon="-1.844870000">
        <ele>434.000</ele>
      </trkpt>
      <trkpt lat="42.703920000" lon="-1.844940000">
        <ele>434.000</ele>
      </trkpt>
      <trkpt lat="42.703910000" lon="-1.844940000">
        <ele>435.000</ele>
      </trkpt>
      <trkpt lat="42.703730000" lon="-1.845020000">
        <ele>435.000</ele>
      </trkpt>
      <trkpt lat="42.703560000" lon="-1.845090000">
        <ele>436.000</ele>
      </trkpt>
      <trkpt lat="42.703450000" lon="-1.845130000">
        <ele>436.000</ele>
      </trkpt>
      <trkpt lat="42.703390000" lon="-1.845160000">
        <ele>436.000</ele>
      </trkpt>
      <trkpt lat="42.703350000" lon="-1.845180000">
        <ele>437.000</ele>
      </trkpt>
      <trkpt lat="42.703310000" lon="-1.845220000">
        <ele>437.000</ele>
      </trkpt>
      <trkpt lat="42.703270000" lon="-1.845280000">
        <ele>437.000</ele>
      </trkpt>
      <trkpt lat="42.703260000" lon="-1.845310000">
        <ele>437.000</ele>
      </trkpt>
      <trkpt lat="42.703250000" lon="-1.845330000">
        <ele>438.000</ele>
      </trkpt>
      <trkpt lat="42.703250000" lon="-1.845370000">
        <ele>438.000</ele>
      </trkpt>
      <trkpt lat="42.703260000" lon="-1.845460000">
        <ele>438.000</ele>
      </trkpt>
      <trkpt lat="42.703280000" lon="-1.845500000">
        <ele>438.000</ele>
      </trkpt>
      <trkpt lat="42.703330000" lon="-1.845600000">
        <ele>438.000</ele>
      </trkpt>
      <trkpt lat="42.703390000" lon="-1.845700000">
        <ele>439.000</ele>
      </trkpt>
      <trkpt lat="42.703400000" lon="-1.845710000">
        <ele>439.000</ele>
      </trkpt>
      <trkpt lat="42.703410000" lon="-1.845720000">
        <ele>439.000</ele>
      </trkpt>
      <trkpt lat="42.703450000" lon="-1.845870000">
        <ele>440.000</ele>
      </trkpt>
      <trkpt lat="42.703510000" lon="-1.846050000">
        <ele>441.000</ele>
      </trkpt>
      <trkpt lat="42.703570000" lon="-1.846250000">
        <ele>442.000</ele>
      </trkpt>
      <trkpt lat="42.703650000" lon="-1.846460000">
        <ele>444.000</ele>
      </trkpt>
      <trkpt lat="42.703650000" lon="-1.846470000">
        <ele>445.000</ele>
      </trkpt>
      <trkpt lat="42.703710000" lon="-1.846600000">
        <ele>446.000</ele>
      </trkpt>
      <trkpt lat="42.703730000" lon="-1.846680000">
        <ele>447.000</ele>
      </trkpt>
      <trkpt lat="42.703760000" lon="-1.846760000">
        <ele>448.000</ele>
      </trkpt>
      <trkpt lat="42.703790000" lon="-1.846890000">
        <ele>449.000</ele>
      </trkpt>
      <trkpt lat="42.703790000" lon="-1.846910000">
        <ele>450.000</ele>
      </trkpt>
      <trkpt lat="42.703800000" lon="-1.847020000">
        <ele>451.000</ele>
      </trkpt>
      <trkpt lat="42.703800000" lon="-1.847220000">
        <ele>452.000</ele>
      </trkpt>
      <trkpt lat="42.703800000" lon="-1.847340000">
        <ele>453.000</ele>
      </trkpt>
      <trkpt lat="42.703790000" lon="-1.847440000">
        <ele>454.000</ele>
      </trkpt>
      <trkpt lat="42.703760000" lon="-1.847540000">
        <ele>455.000</ele>
      </trkpt>
      <trkpt lat="42.703730000" lon="-1.847620000">
        <ele>456.000</ele>
      </trkpt>
      <trkpt lat="42.703730000" lon="-1.847630000">
        <ele>457.000</ele>
      </trkpt>
      <trkpt lat="42.703690000" lon="-1.847680000">
        <ele>458.000</ele>
      </trkpt>
      <trkpt lat="42.703670000" lon="-1.847710000">
        <ele>458.000</ele>
      </trkpt>
      <trkpt lat="42.703630000" lon="-1.847730000">
        <ele>459.000</ele>
      </trkpt>
      <trkpt lat="42.703580000" lon="-1.847750000">
        <ele>459.000</ele>
      </trkpt>
      <trkpt lat="42.703560000" lon="-1.847760000">
        <ele>460.000</ele>
      </trkpt>
      <trkpt lat="42.703470000" lon="-1.847780000">
        <ele>460.000</ele>
      </trkpt>
      <trkpt lat="42.703410000" lon="-1.847780000">
        <ele>460.000</ele>
      </trkpt>
      <trkpt lat="42.703320000" lon="-1.847790000">
        <ele>461.000</ele>
      </trkpt>
      <trkpt lat="42.703030000" lon="-1.847760000">
        <ele>461.000</ele>
      </trkpt>
      <trkpt lat="42.702990000" lon="-1.847750000">
        <ele>461.000</ele>
      </trkpt>
      <trkpt lat="42.702580000" lon="-1.847650000">
        <ele>462.000</ele>
      </trkpt>
      <trkpt lat="42.702520000" lon="-1.847630000">
        <ele>462.000</ele>
      </trkpt>
      <trkpt lat="42.702410000" lon="-1.847590000">
        <ele>462.000</ele>
      </trkpt>
      <trkpt lat="42.702330000" lon="-1.847540000">
        <ele>463.000</ele>
      </trkpt>
      <trkpt lat="42.702230000" lon="-1.847460000">
        <ele>463.000</ele>
      </trkpt>
      <trkpt lat="42.702180000" lon="-1.847410000">
        <ele>463.000</ele>
      </trkpt>
      <trkpt lat="42.702070000" lon="-1.847320000">
        <ele>463.000</ele>
      </trkpt>
      <trkpt lat="42.702020000" lon="-1.847290000">
        <ele>464.000</ele>
      </trkpt>
      <trkpt lat="42.701990000" lon="-1.847270000">
        <ele>464.000</ele>
      </trkpt>
      <trkpt lat="42.701910000" lon="-1.847230000">
        <ele>464.000</ele>
      </trkpt>
      <trkpt lat="42.701850000" lon="-1.847210000">
        <ele>464.000</ele>
      </trkpt>
      <trkpt lat="42.701680000" lon="-1.847120000">
        <ele>465.000</ele>
      </trkpt>
      <trkpt lat="42.701450000" lon="-1.847010000">
        <ele>465.000</ele>
      </trkpt>
      <trkpt lat="42.701390000" lon="-1.846990000">
        <ele>466.000</ele>
      </trkpt>
      <trkpt lat="42.701340000" lon="-1.846980000">
        <ele>466.000</ele>
      </trkpt>
      <trkpt lat="42.701310000" lon="-1.846970000">
        <ele>466.000</ele>
      </trkpt>
      <trkpt lat="42.701180000" lon="-1.846960000">
        <ele>467.000</ele>
      </trkpt>
      <trkpt lat="42.701160000" lon="-1.846960000">
        <ele>467.000</ele>
      </trkpt>
      <trkpt lat="42.701090000" lon="-1.846950000">
        <ele>467.000</ele>
      </trkpt>
      <trkpt lat="42.701010000" lon="-1.846930000">
        <ele>468.000</ele>
      </trkpt>
      <trkpt lat="42.700770000" lon="-1.846820000">
        <ele>468.000</ele>
      </trkpt>
      <trkpt lat="42.700670000" lon="-1.846780000">
        <ele>469.000</ele>
      </trkpt>
      <trkpt lat="42.700660000" lon="-1.846780000">
        <ele>469.000</ele>
      </trkpt>
      <trkpt lat="42.700570000" lon="-1.846750000">
        <ele>470.000</ele>
      </trkpt>
      <trkpt lat="42.700480000" lon="-1.846730000">
        <ele>470.000</ele>
      </trkpt>
      <trkpt lat="42.700460000" lon="-1.846720000">
        <ele>470.000</ele>
      </trkpt>
      <trkpt lat="42.700440000" lon="-1.846720000">
        <ele>471.000</ele>
      </trkpt>
      <trkpt lat="42.700270000" lon="-1.846680000">
        <ele>471.000</ele>
      </trkpt>
      <trkpt lat="42.700210000" lon="-1.846660000">
        <ele>471.000</ele>
      </trkpt>
      <trkpt lat="42.700140000" lon="-1.846640000">
        <ele>472.000</ele>
      </trkpt>
      <trkpt lat="42.700100000" lon="-1.846620000">
        <ele>472.000</ele>
      </trkpt>
      <trkpt lat="42.699950000" lon="-1.846510000">
        <ele>472.000</ele>
      </trkpt>
      <trkpt lat="42.699850000" lon="-1.846420000">
        <ele>472.000</ele>
      </trkpt>
      <trkpt lat="42.699820000" lon="-1.846400000">
        <ele>473.000</ele>
      </trkpt>
      <trkpt lat="42.699800000" lon="-1.846380000">
        <ele>473.000</ele>
      </trkpt>
      <trkpt lat="42.699770000" lon="-1.846360000">
        <ele>473.000</ele>
      </trkpt>
      <trkpt lat="42.699740000" lon="-1.846340000">
        <ele>473.000</ele>
      </trkpt>
      <trkpt lat="42.699700000" lon="-1.846330000">
        <ele>473.000</ele>
      </trkpt>
      <trkpt lat="42.699670000" lon="-1.846330000">
        <ele>473.000</ele>
      </trkpt>
      <trkpt lat="42.699640000" lon="-1.846350000">
        <ele>473.000</ele>
      </trkpt>
      <trkpt lat="42.699640000" lon="-1.846360000">
        <ele>473.000</ele>
      </trkpt>
      <trkpt lat="42.699620000" lon="-1.846380000">
        <ele>473.000</ele>
      </trkpt>
      <trkpt lat="42.699600000" lon="-1.846420000">
        <ele>473.000</ele>
      </trkpt>
      <trkpt lat="42.699580000" lon="-1.846460000">
        <ele>473.000</ele>
      </trkpt>
      <trkpt lat="42.699570000" lon="-1.846510000">
        <ele>473.000</ele>
      </trkpt>
      <trkpt lat="42.699570000" lon="-1.846550000">
        <ele>473.000</ele>
      </trkpt>
      <trkpt lat="42.699570000" lon="-1.846580000">
        <ele>473.000</ele>
      </trkpt>
      <trkpt lat="42.699570000" lon="-1.846650000">
        <ele>474.000</ele>
      </trkpt>
      <trkpt lat="42.699580000" lon="-1.846820000">
        <ele>474.000</ele>
      </trkpt>
      <trkpt lat="42.699580000" lon="-1.846930000">
        <ele>474.000</ele>
      </trkpt>
      <trkpt lat="42.699590000" lon="-1.847030000">
        <ele>474.000</ele>
      </trkpt>
      <trkpt lat="42.699610000" lon="-1.847150000">
        <ele>474.000</ele>
      </trkpt>
      <trkpt lat="42.699630000" lon="-1.847310000">
        <ele>474.000</ele>
      </trkpt>
      <trkpt lat="42.699740000" lon="-1.847770000">
        <ele>474.000</ele>
      </trkpt>
      <trkpt lat="42.699740000" lon="-1.847770000">
        <ele>475.000</ele>
      </trkpt>
      <trkpt lat="42.699790000" lon="-1.848010000">
        <ele>475.000</ele>
      </trkpt>
      <trkpt lat="42.699880000" lon="-1.848240000">
        <ele>475.000</ele>
      </trkpt>
      <trkpt lat="42.699970000" lon="-1.848490000">
        <ele>475.000</ele>
      </trkpt>
      <trkpt lat="42.700060000" lon="-1.848790000">
        <ele>475.000</ele>
      </trkpt>
      <trkpt lat="42.700140000" lon="-1.849080000">
        <ele>474.000</ele>
      </trkpt>
      <trkpt lat="42.700270000" lon="-1.849530000">
        <ele>473.000</ele>
      </trkpt>
      <trkpt lat="42.700280000" lon="-1.849580000">
        <ele>473.000</ele>
      </trkpt>
      <trkpt lat="42.700350000" lon="-1.849810000">
        <ele>472.000</ele>
      </trkpt>
      <trkpt lat="42.700370000" lon="-1.849870000">
        <ele>472.000</ele>
      </trkpt>
      <trkpt lat="42.700440000" lon="-1.850080000">
        <ele>471.000</ele>
      </trkpt>
      <trkpt lat="42.700460000" lon="-1.850130000">
        <ele>471.000</ele>
      </trkpt>
      <trkpt lat="42.700560000" lon="-1.850380000">
        <ele>471.000</ele>
      </trkpt>
      <trkpt lat="42.700770000" lon="-1.850740000">
        <ele>470.000</ele>
      </trkpt>
      <trkpt lat="42.700840000" lon="-1.850900000">
        <ele>469.000</ele>
      </trkpt>
      <trkpt lat="42.700880000" lon="-1.850990000">
        <ele>469.000</ele>
      </trkpt>
      <trkpt lat="42.700920000" lon="-1.851130000">
        <ele>468.000</ele>
      </trkpt>
      <trkpt lat="42.700930000" lon="-1.851170000">
        <ele>468.000</ele>
      </trkpt>
      <trkpt lat="42.701010000" lon="-1.851460000">
        <ele>467.000</ele>
      </trkpt>
      <trkpt lat="42.701020000" lon="-1.851520000">
        <ele>467.000</ele>
      </trkpt>
      <trkpt lat="42.701200000" lon="-1.852310000">
        <ele>465.000</ele>
      </trkpt>
      <trkpt lat="42.701240000" lon="-1.852530000">
        <ele>464.000</ele>
      </trkpt>
      <trkpt lat="42.701240000" lon="-1.852550000">
        <ele>463.000</ele>
      </trkpt>
      <trkpt lat="42.701260000" lon="-1.852700000">
        <ele>463.000</ele>
      </trkpt>
      <trkpt lat="42.701280000" lon="-1.852880000">
        <ele>462.000</ele>
      </trkpt>
      <trkpt lat="42.701310000" lon="-1.853260000">
        <ele>461.000</ele>
      </trkpt>
      <trkpt lat="42.701330000" lon="-1.853690000">
        <ele>460.000</ele>
      </trkpt>
      <trkpt lat="42.701350000" lon="-1.853970000">
        <ele>460.000</ele>
      </trkpt>
      <trkpt lat="42.701350000" lon="-1.854100000">
        <ele>459.000</ele>
      </trkpt>
      <trkpt lat="42.701340000" lon="-1.854160000">
        <ele>459.000</ele>
      </trkpt>
      <trkpt lat="42.701340000" lon="-1.854180000">
        <ele>458.000</ele>
      </trkpt>
      <trkpt lat="42.701330000" lon="-1.854230000">
        <ele>458.000</ele>
      </trkpt>
      <trkpt lat="42.701320000" lon="-1.854270000">
        <ele>458.000</ele>
      </trkpt>
      <trkpt lat="42.701300000" lon="-1.854330000">
        <ele>458.000</ele>
      </trkpt>
      <trkpt lat="42.701270000" lon="-1.854380000">
        <ele>458.000</ele>
      </trkpt>
      <trkpt lat="42.701250000" lon="-1.854410000">
        <ele>457.000</ele>
      </trkpt>
      <trkpt lat="42.701150000" lon="-1.854520000">
        <ele>457.000</ele>
      </trkpt>
      <trkpt lat="42.701020000" lon="-1.854620000">
        <ele>457.000</ele>
      </trkpt>
      <trkpt lat="42.700960000" lon="-1.854630000">
        <ele>457.000</ele>
      </trkpt>
      <trkpt lat="42.700900000" lon="-1.854620000">
        <ele>456.000</ele>
      </trkpt>
      <trkpt lat="42.700810000" lon="-1.854580000">
        <ele>456.000</ele>
      </trkpt>
      <trkpt lat="42.700750000" lon="-1.854510000">
        <ele>456.000</ele>
      </trkpt>
      <trkpt lat="42.700680000" lon="-1.854370000">
        <ele>456.000</ele>
      </trkpt>
      <trkpt lat="42.700630000" lon="-1.854280000">
        <ele>455.000</ele>
      </trkpt>
      <trkpt lat="42.700530000" lon="-1.854070000">
        <ele>455.000</ele>
      </trkpt>
      <trkpt lat="42.700130000" lon="-1.853190000">
        <ele>455.000</ele>
      </trkpt>
      <trkpt lat="42.700050000" lon="-1.853060000">
        <ele>454.000</ele>
      </trkpt>
      <trkpt lat="42.699910000" lon="-1.852900000">
        <ele>454.000</ele>
      </trkpt>
      <trkpt lat="42.699910000" lon="-1.852890000">
        <ele>453.000</ele>
      </trkpt>
      <trkpt lat="42.699720000" lon="-1.852740000">
        <ele>453.000</ele>
      </trkpt>
      <trkpt lat="42.699550000" lon="-1.852580000">
        <ele>453.000</ele>
      </trkpt>
      <trkpt lat="42.699180000" lon="-1.852260000">
        <ele>452.000</ele>
      </trkpt>
      <trkpt lat="42.698990000" lon="-1.852090000">
        <ele>452.000</ele>
      </trkpt>
      <trkpt lat="42.698860000" lon="-1.852000000">
        <ele>452.000</ele>
      </trkpt>
      <trkpt lat="42.698760000" lon="-1.851950000">
        <ele>452.000</ele>
      </trkpt>
      <trkpt lat="42.698740000" lon="-1.851950000">
        <ele>452.000</ele>
      </trkpt>
      <trkpt lat="42.698660000" lon="-1.851930000">
        <ele>452.000</ele>
      </trkpt>
      <trkpt lat="42.698630000" lon="-1.851930000">
        <ele>452.000</ele>
      </trkpt>
      <trkpt lat="42.698440000" lon="-1.851940000">
        <ele>452.000</ele>
      </trkpt>
      <trkpt lat="42.698250000" lon="-1.851960000">
        <ele>452.000</ele>
      </trkpt>
      <trkpt lat="42.698080000" lon="-1.851980000">
        <ele>452.000</ele>
      </trkpt>
      <trkpt lat="42.697950000" lon="-1.851980000">
        <ele>452.000</ele>
      </trkpt>
      <trkpt lat="42.697910000" lon="-1.851980000">
        <ele>452.000</ele>
      </trkpt>
      <trkpt lat="42.697870000" lon="-1.851980000">
        <ele>452.000</ele>
      </trkpt>
      <trkpt lat="42.697830000" lon="-1.851960000">
        <ele>452.000</ele>
      </trkpt>
      <trkpt lat="42.697790000" lon="-1.851930000">
        <ele>452.000</ele>
      </trkpt>
      <trkpt lat="42.697720000" lon="-1.851860000">
        <ele>452.000</ele>
      </trkpt>
      <trkpt lat="42.697650000" lon="-1.851750000">
        <ele>452.000</ele>
      </trkpt>
      <trkpt lat="42.697610000" lon="-1.851690000">
        <ele>452.000</ele>
      </trkpt>
      <trkpt lat="42.697480000" lon="-1.851450000">
        <ele>452.000</ele>
      </trkpt>
      <trkpt lat="42.697400000" lon="-1.851250000">
        <ele>451.000</ele>
      </trkpt>
      <trkpt lat="42.697400000" lon="-1.851230000">
        <ele>451.000</ele>
      </trkpt>
      <trkpt lat="42.697380000" lon="-1.851130000">
        <ele>451.000</ele>
      </trkpt>
      <trkpt lat="42.697380000" lon="-1.851120000">
        <ele>451.000</ele>
      </trkpt>
      <trkpt lat="42.697380000" lon="-1.850980000">
        <ele>451.000</ele>
      </trkpt>
      <trkpt lat="42.697370000" lon="-1.850750000">
        <ele>451.000</ele>
      </trkpt>
      <trkpt lat="42.697370000" lon="-1.850590000">
        <ele>451.000</ele>
      </trkpt>
      <trkpt lat="42.697370000" lon="-1.850470000">
        <ele>451.000</ele>
      </trkpt>
      <trkpt lat="42.697350000" lon="-1.850330000">
        <ele>451.000</ele>
      </trkpt>
      <trkpt lat="42.697320000" lon="-1.850170000">
        <ele>451.000</ele>
      </trkpt>
      <trkpt lat="42.697250000" lon="-1.849980000">
        <ele>451.000</ele>
      </trkpt>
      <trkpt lat="42.697180000" lon="-1.849790000">
        <ele>450.000</ele>
      </trkpt>
      <trkpt lat="42.697150000" lon="-1.849720000">
        <ele>450.000</ele>
      </trkpt>
      <trkpt lat="42.697120000" lon="-1.849670000">
        <ele>450.000</ele>
      </trkpt>
      <trkpt lat="42.697030000" lon="-1.849550000">
        <ele>450.000</ele>
      </trkpt>
      <trkpt lat="42.696900000" lon="-1.849370000">
        <ele>450.000</ele>
      </trkpt>
      <trkpt lat="42.696760000" lon="-1.849180000">
        <ele>450.000</ele>
      </trkpt>
      <trkpt lat="42.696670000" lon="-1.849000000">
        <ele>450.000</ele>
      </trkpt>
      <trkpt lat="42.696640000" lon="-1.848930000">
        <ele>449.000</ele>
      </trkpt>
      <trkpt lat="42.696580000" lon="-1.848780000">
        <ele>449.000</ele>
      </trkpt>
      <trkpt lat="42.696570000" lon="-1.848780000">
        <ele>449.000</ele>
      </trkpt>
      <trkpt lat="42.696510000" lon="-1.848630000">
        <ele>449.000</ele>
      </trkpt>
      <trkpt lat="42.696440000" lon="-1.848520000">
        <ele>449.000</ele>
      </trkpt>
      <trkpt lat="42.696320000" lon="-1.848400000">
        <ele>449.000</ele>
      </trkpt>
      <trkpt lat="42.696260000" lon="-1.848340000">
        <ele>448.000</ele>
      </trkpt>
      <trkpt lat="42.696150000" lon="-1.848250000">
        <ele>448.000</ele>
      </trkpt>
      <trkpt lat="42.696030000" lon="-1.848130000">
        <ele>448.000</ele>
      </trkpt>
      <trkpt lat="42.695960000" lon="-1.848050000">
        <ele>448.000</ele>
      </trkpt>
      <trkpt lat="42.695910000" lon="-1.847970000">
        <ele>448.000</ele>
      </trkpt>
      <trkpt lat="42.695880000" lon="-1.847890000">
        <ele>448.000</ele>
      </trkpt>
      <trkpt lat="42.695850000" lon="-1.847820000">
        <ele>447.000</ele>
      </trkpt>
      <trkpt lat="42.695820000" lon="-1.847700000">
        <ele>447.000</ele>
      </trkpt>
      <trkpt lat="42.695780000" lon="-1.847590000">
        <ele>447.000</ele>
      </trkpt>
      <trkpt lat="42.695760000" lon="-1.847510000">
        <ele>447.000</ele>
      </trkpt>
      <trkpt lat="42.695720000" lon="-1.847420000">
        <ele>447.000</ele>
      </trkpt>
      <trkpt lat="42.695690000" lon="-1.847370000">
        <ele>447.000</ele>
      </trkpt>
      <trkpt lat="42.695650000" lon="-1.847330000">
        <ele>447.000</ele>
      </trkpt>
      <trkpt lat="42.695620000" lon="-1.847310000">
        <ele>447.000</ele>
      </trkpt>
      <trkpt lat="42.695580000" lon="-1.847290000">
        <ele>447.000</ele>
      </trkpt>
      <trkpt lat="42.695560000" lon="-1.847280000">
        <ele>447.000</ele>
      </trkpt>
      <trkpt lat="42.695520000" lon="-1.847280000">
        <ele>447.000</ele>
      </trkpt>
      <trkpt lat="42.695480000" lon="-1.847270000">
        <ele>447.000</ele>
      </trkpt>
      <trkpt lat="42.695440000" lon="-1.847280000">
        <ele>447.000</ele>
      </trkpt>
      <trkpt lat="42.695400000" lon="-1.847280000">
        <ele>447.000</ele>
      </trkpt>
      <trkpt lat="42.695350000" lon="-1.847290000">
        <ele>447.000</ele>
      </trkpt>
      <trkpt lat="42.695160000" lon="-1.847380000">
        <ele>447.000</ele>
      </trkpt>
      <trkpt lat="42.694910000" lon="-1.847490000">
        <ele>447.000</ele>
      </trkpt>
      <trkpt lat="42.694710000" lon="-1.847620000">
        <ele>447.000</ele>
      </trkpt>
      <trkpt lat="42.694690000" lon="-1.847640000">
        <ele>447.000</ele>
      </trkpt>
      <trkpt lat="42.694480000" lon="-1.847780000">
        <ele>447.000</ele>
      </trkpt>
      <trkpt lat="42.694410000" lon="-1.847820000">
        <ele>448.000</ele>
      </trkpt>
      <trkpt lat="42.694360000" lon="-1.847840000">
        <ele>448.000</ele>
      </trkpt>
      <trkpt lat="42.694320000" lon="-1.847850000">
        <ele>448.000</ele>
      </trkpt>
      <trkpt lat="42.694270000" lon="-1.847860000">
        <ele>448.000</ele>
      </trkpt>
      <trkpt lat="42.694190000" lon="-1.847840000">
        <ele>448.000</ele>
      </trkpt>
      <trkpt lat="42.694140000" lon="-1.847830000">
        <ele>448.000</ele>
      </trkpt>
      <trkpt lat="42.694070000" lon="-1.847790000">
        <ele>448.000</ele>
      </trkpt>
      <trkpt lat="42.694010000" lon="-1.847750000">
        <ele>448.000</ele>
      </trkpt>
      <trkpt lat="42.693910000" lon="-1.847620000">
        <ele>448.000</ele>
      </trkpt>
      <trkpt lat="42.693840000" lon="-1.847470000">
        <ele>448.000</ele>
      </trkpt>
      <trkpt lat="42.693820000" lon="-1.847410000">
        <ele>448.000</ele>
      </trkpt>
      <trkpt lat="42.693810000" lon="-1.847350000">
        <ele>448.000</ele>
      </trkpt>
      <trkpt lat="42.693810000" lon="-1.847270000">
        <ele>448.000</ele>
      </trkpt>
      <trkpt lat="42.693810000" lon="-1.847210000">
        <ele>448.000</ele>
      </trkpt>
      <trkpt lat="42.693810000" lon="-1.847150000">
        <ele>448.000</ele>
      </trkpt>
      <trkpt lat="42.693850000" lon="-1.846990000">
        <ele>448.000</ele>
      </trkpt>
      <trkpt lat="42.694180000" lon="-1.846130000">
        <ele>447.000</ele>
      </trkpt>
      <trkpt lat="42.694310000" lon="-1.845810000">
        <ele>447.000</ele>
      </trkpt>
      <trkpt lat="42.694360000" lon="-1.845680000">
        <ele>446.000</ele>
      </trkpt>
      <trkpt lat="42.694380000" lon="-1.845580000">
        <ele>446.000</ele>
      </trkpt>
      <trkpt lat="42.694390000" lon="-1.845540000">
        <ele>445.000</ele>
      </trkpt>
      <trkpt lat="42.694400000" lon="-1.845480000">
        <ele>445.000</ele>
      </trkpt>
      <trkpt lat="42.694400000" lon="-1.845410000">
        <ele>445.000</ele>
      </trkpt>
      <trkpt lat="42.694390000" lon="-1.845280000">
        <ele>445.000</ele>
      </trkpt>
      <trkpt lat="42.694380000" lon="-1.845210000">
        <ele>445.000</ele>
      </trkpt>
      <trkpt lat="42.694350000" lon="-1.845130000">
        <ele>445.000</ele>
      </trkpt>
      <trkpt lat="42.694330000" lon="-1.845080000">
        <ele>445.000</ele>
      </trkpt>
      <trkpt lat="42.694300000" lon="-1.845020000">
        <ele>445.000</ele>
      </trkpt>
      <trkpt lat="42.694270000" lon="-1.844970000">
        <ele>444.000</ele>
      </trkpt>
      <trkpt lat="42.694210000" lon="-1.844920000">
        <ele>444.000</ele>
      </trkpt>
      <trkpt lat="42.694150000" lon="-1.844860000">
        <ele>444.000</ele>
      </trkpt>
      <trkpt lat="42.693730000" lon="-1.844650000">
        <ele>444.000</ele>
      </trkpt>
      <trkpt lat="42.693560000" lon="-1.844570000">
        <ele>444.000</ele>
      </trkpt>
      <trkpt lat="42.693480000" lon="-1.844530000">
        <ele>444.000</ele>
      </trkpt>
      <trkpt lat="42.693370000" lon="-1.844460000">
        <ele>444.000</ele>
      </trkpt>
      <trkpt lat="42.693330000" lon="-1.844430000">
        <ele>444.000</ele>
      </trkpt>
      <trkpt lat="42.693300000" lon="-1.844390000">
        <ele>444.000</ele>
      </trkpt>
      <trkpt lat="42.693290000" lon="-1.844340000">
        <ele>444.000</ele>
      </trkpt>
      <trkpt lat="42.693280000" lon="-1.844300000">
        <ele>444.000</ele>
      </trkpt>
      <trkpt lat="42.693280000" lon="-1.844280000">
        <ele>444.000</ele>
      </trkpt>
      <trkpt lat="42.693270000" lon="-1.844210000">
        <ele>444.000</ele>
      </trkpt>
      <trkpt lat="42.693280000" lon="-1.844140000">
        <ele>444.000</ele>
      </trkpt>
      <trkpt lat="42.693290000" lon="-1.844080000">
        <ele>444.000</ele>
      </trkpt>
      <trkpt lat="42.693290000" lon="-1.844060000">
        <ele>444.000</ele>
      </trkpt>
      <trkpt lat="42.693310000" lon="-1.843980000">
        <ele>444.000</ele>
      </trkpt>
      <trkpt lat="42.693410000" lon="-1.843640000">
        <ele>444.000</ele>
      </trkpt>
      <trkpt lat="42.693460000" lon="-1.843440000">
        <ele>444.000</ele>
      </trkpt>
      <trkpt lat="42.693480000" lon="-1.843370000">
        <ele>444.000</ele>
      </trkpt>
      <trkpt lat="42.693480000" lon="-1.843310000">
        <ele>444.000</ele>
      </trkpt>
      <trkpt lat="42.693480000" lon="-1.843260000">
        <ele>444.000</ele>
      </trkpt>
      <trkpt lat="42.693470000" lon="-1.843210000">
        <ele>444.000</ele>
      </trkpt>
      <trkpt lat="42.693450000" lon="-1.843140000">
        <ele>444.000</ele>
      </trkpt>
      <trkpt lat="42.693440000" lon="-1.843100000">
        <ele>444.000</ele>
      </trkpt>
      <trkpt lat="42.693270000" lon="-1.842710000">
        <ele>444.000</ele>
      </trkpt>
      <trkpt lat="42.693240000" lon="-1.842650000">
        <ele>444.000</ele>
      </trkpt>
      <trkpt lat="42.693190000" lon="-1.842500000">
        <ele>445.000</ele>
      </trkpt>
      <trkpt lat="42.693170000" lon="-1.842440000">
        <ele>445.000</ele>
      </trkpt>
      <trkpt lat="42.693150000" lon="-1.842340000">
        <ele>445.000</ele>
      </trkpt>
      <trkpt lat="42.693110000" lon="-1.842100000">
        <ele>445.000</ele>
      </trkpt>
      <trkpt lat="42.693060000" lon="-1.841890000">
        <ele>445.000</ele>
      </trkpt>
      <trkpt lat="42.693040000" lon="-1.841830000">
        <ele>445.000</ele>
      </trkpt>
      <trkpt lat="42.693030000" lon="-1.841800000">
        <ele>446.000</ele>
      </trkpt>
      <trkpt lat="42.693010000" lon="-1.841730000">
        <ele>446.000</ele>
      </trkpt>
      <trkpt lat="42.692970000" lon="-1.841660000">
        <ele>446.000</ele>
      </trkpt>
      <trkpt lat="42.692900000" lon="-1.841540000">
        <ele>446.000</ele>
      </trkpt>
      <trkpt lat="42.692760000" lon="-1.841300000">
        <ele>446.000</ele>
      </trkpt>
      <trkpt lat="42.692680000" lon="-1.841090000">
        <ele>446.000</ele>
      </trkpt>
      <trkpt lat="42.692650000" lon="-1.840980000">
        <ele>446.000</ele>
      </trkpt>
      <trkpt lat="42.692630000" lon="-1.840920000">
        <ele>446.000</ele>
      </trkpt>
      <trkpt lat="42.692610000" lon="-1.840740000">
        <ele>446.000</ele>
      </trkpt>
      <trkpt lat="42.692610000" lon="-1.840700000">
        <ele>446.000</ele>
      </trkpt>
      <trkpt lat="42.692600000" lon="-1.840570000">
        <ele>446.000</ele>
      </trkpt>
      <trkpt lat="42.692600000" lon="-1.840440000">
        <ele>446.000</ele>
      </trkpt>
      <trkpt lat="42.692560000" lon="-1.840070000">
        <ele>445.000</ele>
      </trkpt>
      <trkpt lat="42.692520000" lon="-1.839800000">
        <ele>445.000</ele>
      </trkpt>
      <trkpt lat="42.692510000" lon="-1.839770000">
        <ele>445.000</ele>
      </trkpt>
      <trkpt lat="42.692460000" lon="-1.839450000">
        <ele>445.000</ele>
      </trkpt>
      <trkpt lat="42.692380000" lon="-1.839060000">
        <ele>445.000</ele>
      </trkpt>
      <trkpt lat="42.692360000" lon="-1.838970000">
        <ele>444.000</ele>
      </trkpt>
      <trkpt lat="42.692360000" lon="-1.838970000">
        <ele>444.000</ele>
      </trkpt>
      <trkpt lat="42.692330000" lon="-1.838740000">
        <ele>444.000</ele>
      </trkpt>
      <trkpt lat="42.692240000" lon="-1.838470000">
        <ele>443.000</ele>
      </trkpt>
      <trkpt lat="42.692230000" lon="-1.838430000">
        <ele>443.000</ele>
      </trkpt>
      <trkpt lat="42.692200000" lon="-1.838410000">
        <ele>443.000</ele>
      </trkpt>
      <trkpt lat="42.692170000" lon="-1.838370000">
        <ele>442.000</ele>
      </trkpt>
      <trkpt lat="42.692160000" lon="-1.838370000">
        <ele>442.000</ele>
      </trkpt>
      <trkpt lat="42.692150000" lon="-1.838360000">
        <ele>442.000</ele>
      </trkpt>
      <trkpt lat="42.692130000" lon="-1.838360000">
        <ele>442.000</ele>
      </trkpt>
      <trkpt lat="42.692120000" lon="-1.838360000">
        <ele>442.000</ele>
      </trkpt>
      <trkpt lat="42.692100000" lon="-1.838360000">
        <ele>442.000</ele>
      </trkpt>
      <trkpt lat="42.692080000" lon="-1.838360000">
        <ele>442.000</ele>
      </trkpt>
      <trkpt lat="42.692040000" lon="-1.838380000">
        <ele>441.000</ele>
      </trkpt>
      <trkpt lat="42.692030000" lon="-1.838380000">
        <ele>441.000</ele>
      </trkpt>
      <trkpt lat="42.691920000" lon="-1.838460000">
        <ele>441.000</ele>
      </trkpt>
      <trkpt lat="42.691920000" lon="-1.838470000">
        <ele>441.000</ele>
      </trkpt>
      <trkpt lat="42.691840000" lon="-1.838530000">
        <ele>440.000</ele>
      </trkpt>
      <trkpt lat="42.691720000" lon="-1.838630000">
        <ele>440.000</ele>
      </trkpt>
      <trkpt lat="42.691690000" lon="-1.838650000">
        <ele>440.000</ele>
      </trkpt>
      <trkpt lat="42.691370000" lon="-1.838870000">
        <ele>439.000</ele>
      </trkpt>
      <trkpt lat="42.691220000" lon="-1.838980000">
        <ele>438.000</ele>
      </trkpt>
      <trkpt lat="42.691210000" lon="-1.838990000">
        <ele>437.000</ele>
      </trkpt>
      <trkpt lat="42.691040000" lon="-1.839120000">
        <ele>437.000</ele>
      </trkpt>
      <trkpt lat="42.690970000" lon="-1.839170000">
        <ele>436.000</ele>
      </trkpt>
      <trkpt lat="42.690890000" lon="-1.839220000">
        <ele>435.000</ele>
      </trkpt>
      <trkpt lat="42.690780000" lon="-1.839290000">
        <ele>435.000</ele>
      </trkpt>
      <trkpt lat="42.690730000" lon="-1.839330000">
        <ele>434.000</ele>
      </trkpt>
      <trkpt lat="42.690630000" lon="-1.839410000">
        <ele>434.000</ele>
      </trkpt>
      <trkpt lat="42.690500000" lon="-1.839530000">
        <ele>433.000</ele>
      </trkpt>
      <trkpt lat="42.690460000" lon="-1.839570000">
        <ele>433.000</ele>
      </trkpt>
      <trkpt lat="42.690350000" lon="-1.839670000">
        <ele>432.000</ele>
      </trkpt>
      <trkpt lat="42.690340000" lon="-1.839690000">
        <ele>432.000</ele>
      </trkpt>
      <trkpt lat="42.690210000" lon="-1.839810000">
        <ele>431.000</ele>
      </trkpt>
      <trkpt lat="42.689910000" lon="-1.840090000">
        <ele>430.000</ele>
      </trkpt>
      <trkpt lat="42.689900000" lon="-1.840100000">
        <ele>430.000</ele>
      </trkpt>
      <trkpt lat="42.689890000" lon="-1.840100000">
        <ele>429.000</ele>
      </trkpt>
      <trkpt lat="42.689860000" lon="-1.840120000">
        <ele>429.000</ele>
      </trkpt>
      <trkpt lat="42.689800000" lon="-1.840130000">
        <ele>429.000</ele>
      </trkpt>
      <trkpt lat="42.689760000" lon="-1.840140000">
        <ele>428.000</ele>
      </trkpt>
      <trkpt lat="42.689740000" lon="-1.840140000">
        <ele>428.000</ele>
      </trkpt>
      <trkpt lat="42.689720000" lon="-1.840140000">
        <ele>428.000</ele>
      </trkpt>
      <trkpt lat="42.689670000" lon="-1.840130000">
        <ele>428.000</ele>
      </trkpt>
      <trkpt lat="42.689640000" lon="-1.840110000">
        <ele>427.000</ele>
      </trkpt>
      <trkpt lat="42.689610000" lon="-1.840090000">
        <ele>427.000</ele>
      </trkpt>
      <trkpt lat="42.689590000" lon="-1.840060000">
        <ele>427.000</ele>
      </trkpt>
      <trkpt lat="42.689570000" lon="-1.840050000">
        <ele>427.000</ele>
      </trkpt>
      <trkpt lat="42.689560000" lon="-1.840030000">
        <ele>427.000</ele>
      </trkpt>
      <trkpt lat="42.689460000" lon="-1.839910000">
        <ele>427.000</ele>
      </trkpt>
      <trkpt lat="42.689260000" lon="-1.839620000">
        <ele>426.000</ele>
      </trkpt>
      <trkpt lat="42.689080000" lon="-1.839310000">
        <ele>425.000</ele>
      </trkpt>
      <trkpt lat="42.689060000" lon="-1.839280000">
        <ele>424.000</ele>
      </trkpt>
      <trkpt lat="42.688850000" lon="-1.838920000">
        <ele>423.000</ele>
      </trkpt>
      <trkpt lat="42.688830000" lon="-1.838890000">
        <ele>422.000</ele>
      </trkpt>
      <trkpt lat="42.688670000" lon="-1.838630000">
        <ele>421.000</ele>
      </trkpt>
      <trkpt lat="42.688610000" lon="-1.838570000">
        <ele>420.000</ele>
      </trkpt>
      <trkpt lat="42.688460000" lon="-1.838400000">
        <ele>419.000</ele>
      </trkpt>
      <trkpt lat="42.688400000" lon="-1.838350000">
        <ele>418.000</ele>
      </trkpt>
      <trkpt lat="42.688130000" lon="-1.838160000">
        <ele>417.000</ele>
      </trkpt>
      <trkpt lat="42.687880000" lon="-1.838010000">
        <ele>415.000</ele>
      </trkpt>
      <trkpt lat="42.687830000" lon="-1.837970000">
        <ele>414.000</ele>
      </trkpt>
      <trkpt lat="42.687690000" lon="-1.837890000">
        <ele>413.000</ele>
      </trkpt>
      <trkpt lat="42.687660000" lon="-1.837870000">
        <ele>413.000</ele>
      </trkpt>
      <trkpt lat="42.687510000" lon="-1.837770000">
        <ele>412.000</ele>
      </trkpt>
      <trkpt lat="42.687500000" lon="-1.837770000">
        <ele>412.000</ele>
      </trkpt>
      <trkpt lat="42.687370000" lon="-1.837690000">
        <ele>411.000</ele>
      </trkpt>
      <trkpt lat="42.687170000" lon="-1.837560000">
        <ele>410.000</ele>
      </trkpt>
      <trkpt lat="42.686900000" lon="-1.837380000">
        <ele>410.000</ele>
      </trkpt>
      <trkpt lat="42.686850000" lon="-1.837340000">
        <ele>409.000</ele>
      </trkpt>
      <trkpt lat="42.686630000" lon="-1.837120000">
        <ele>408.000</ele>
      </trkpt>
      <trkpt lat="42.686560000" lon="-1.837050000">
        <ele>407.000</ele>
      </trkpt>
      <trkpt lat="42.686270000" lon="-1.836750000">
        <ele>406.000</ele>
      </trkpt>
      <trkpt lat="42.686220000" lon="-1.836700000">
        <ele>406.000</ele>
      </trkpt>
      <trkpt lat="42.686120000" lon="-1.836620000">
        <ele>405.000</ele>
      </trkpt>
      <trkpt lat="42.685970000" lon="-1.836490000">
        <ele>404.000</ele>
      </trkpt>
      <trkpt lat="42.685920000" lon="-1.836460000">
        <ele>403.000</ele>
      </trkpt>
      <trkpt lat="42.685810000" lon="-1.836370000">
        <ele>403.000</ele>
      </trkpt>
      <trkpt lat="42.685340000" lon="-1.836020000">
        <ele>401.000</ele>
      </trkpt>
      <trkpt lat="42.685020000" lon="-1.835780000">
        <ele>399.000</ele>
      </trkpt>
      <trkpt lat="42.684880000" lon="-1.835670000">
        <ele>398.000</ele>
      </trkpt>
      <trkpt lat="42.684840000" lon="-1.835640000">
        <ele>396.000</ele>
      </trkpt>
      <trkpt lat="42.684500000" lon="-1.835290000">
        <ele>395.000</ele>
      </trkpt>
      <trkpt lat="42.684100000" lon="-1.834940000">
        <ele>393.000</ele>
      </trkpt>
      <trkpt lat="42.684080000" lon="-1.834920000">
        <ele>392.000</ele>
      </trkpt>
      <trkpt lat="42.683960000" lon="-1.834800000">
        <ele>391.000</ele>
      </trkpt>
      <trkpt lat="42.683880000" lon="-1.834720000">
        <ele>390.000</ele>
      </trkpt>
      <trkpt lat="42.683730000" lon="-1.834530000">
        <ele>389.000</ele>
      </trkpt>
      <trkpt lat="42.683690000" lon="-1.834490000">
        <ele>388.000</ele>
      </trkpt>
      <trkpt lat="42.683650000" lon="-1.834480000">
        <ele>388.000</ele>
      </trkpt>
      <trkpt lat="42.683570000" lon="-1.834470000">
        <ele>388.000</ele>
      </trkpt>
      <trkpt lat="42.683500000" lon="-1.834480000">
        <ele>387.000</ele>
      </trkpt>
      <trkpt lat="42.683450000" lon="-1.834500000">
        <ele>387.000</ele>
      </trkpt>
      <trkpt lat="42.683370000" lon="-1.834570000">
        <ele>386.000</ele>
      </trkpt>
      <trkpt lat="42.683320000" lon="-1.834670000">
        <ele>386.000</ele>
      </trkpt>
      <trkpt lat="42.683290000" lon="-1.834740000">
        <ele>386.000</ele>
      </trkpt>
      <trkpt lat="42.683260000" lon="-1.834800000">
        <ele>385.000</ele>
      </trkpt>
      <trkpt lat="42.683150000" lon="-1.835200000">
        <ele>385.000</ele>
      </trkpt>
      <trkpt lat="42.683070000" lon="-1.835750000">
        <ele>384.000</ele>
      </trkpt>
      <trkpt lat="42.683070000" lon="-1.835770000">
        <ele>383.000</ele>
      </trkpt>
      <trkpt lat="42.683040000" lon="-1.835880000">
        <ele>382.000</ele>
      </trkpt>
      <trkpt lat="42.683000000" lon="-1.835970000">
        <ele>382.000</ele>
      </trkpt>
      <trkpt lat="42.682970000" lon="-1.836050000">
        <ele>381.000</ele>
      </trkpt>
      <trkpt lat="42.682860000" lon="-1.836310000">
        <ele>381.000</ele>
      </trkpt>
      <trkpt lat="42.682750000" lon="-1.836560000">
        <ele>380.000</ele>
      </trkpt>
      <trkpt lat="42.682670000" lon="-1.836750000">
        <ele>379.000</ele>
      </trkpt>
      <trkpt lat="42.682640000" lon="-1.836800000">
        <ele>378.000</ele>
      </trkpt>
      <trkpt lat="42.682630000" lon="-1.836810000">
        <ele>378.000</ele>
      </trkpt>
      <trkpt lat="42.682610000" lon="-1.836840000">
        <ele>378.000</ele>
      </trkpt>
      <trkpt lat="42.682580000" lon="-1.836860000">
        <ele>377.000</ele>
      </trkpt>
      <trkpt lat="42.682540000" lon="-1.836870000">
        <ele>377.000</ele>
      </trkpt>
      <trkpt lat="42.682460000" lon="-1.836900000">
        <ele>377.000</ele>
      </trkpt>
      <trkpt lat="42.682190000" lon="-1.836910000">
        <ele>376.000</ele>
      </trkpt>
      <trkpt lat="42.682120000" lon="-1.836910000">
        <ele>376.000</ele>
      </trkpt>
      <trkpt lat="42.682110000" lon="-1.836910000">
        <ele>375.000</ele>
      </trkpt>
      <trkpt lat="42.682050000" lon="-1.836910000">
        <ele>375.000</ele>
      </trkpt>
      <trkpt lat="42.681980000" lon="-1.836880000">
        <ele>375.000</ele>
      </trkpt>
      <trkpt lat="42.681930000" lon="-1.836860000">
        <ele>374.000</ele>
      </trkpt>
      <trkpt lat="42.681920000" lon="-1.836860000">
        <ele>374.000</ele>
      </trkpt>
      <trkpt lat="42.681840000" lon="-1.836800000">
        <ele>374.000</ele>
      </trkpt>
      <trkpt lat="42.681620000" lon="-1.836620000">
        <ele>373.000</ele>
      </trkpt>
      <trkpt lat="42.681580000" lon="-1.836580000">
        <ele>373.000</ele>
      </trkpt>
      <trkpt lat="42.681550000" lon="-1.836530000">
        <ele>373.000</ele>
      </trkpt>
      <trkpt lat="42.681540000" lon="-1.836460000">
        <ele>372.000</ele>
      </trkpt>
      <trkpt lat="42.681530000" lon="-1.836420000">
        <ele>372.000</ele>
      </trkpt>
      <trkpt lat="42.681520000" lon="-1.836400000">
        <ele>372.000</ele>
      </trkpt>
      <trkpt lat="42.681520000" lon="-1.836310000">
        <ele>372.000</ele>
      </trkpt>
      <trkpt lat="42.681540000" lon="-1.836210000">
        <ele>372.000</ele>
      </trkpt>
      <trkpt lat="42.681550000" lon="-1.836180000">
        <ele>371.000</ele>
      </trkpt>
      <trkpt lat="42.681560000" lon="-1.836130000">
        <ele>371.000</ele>
      </trkpt>
      <trkpt lat="42.681600000" lon="-1.836030000">
        <ele>371.000</ele>
      </trkpt>
      <trkpt lat="42.681690000" lon="-1.835840000">
        <ele>371.000</ele>
      </trkpt>
      <trkpt lat="42.681790000" lon="-1.835630000">
        <ele>370.000</ele>
      </trkpt>
      <trkpt lat="42.681840000" lon="-1.835520000">
        <ele>370.000</ele>
      </trkpt>
      <trkpt lat="42.681880000" lon="-1.835420000">
        <ele>369.000</ele>
      </trkpt>
      <trkpt lat="42.681890000" lon="-1.835400000">
        <ele>369.000</ele>
      </trkpt>
      <trkpt lat="42.681920000" lon="-1.835290000">
        <ele>369.000</ele>
      </trkpt>
      <trkpt lat="42.681940000" lon="-1.835200000">
        <ele>368.000</ele>
      </trkpt>
      <trkpt lat="42.681970000" lon="-1.835090000">
        <ele>368.000</ele>
      </trkpt>
      <trkpt lat="42.682060000" lon="-1.834670000">
        <ele>367.000</ele>
      </trkpt>
      <trkpt lat="42.682110000" lon="-1.834350000">
        <ele>365.000</ele>
      </trkpt>
      <trkpt lat="42.682140000" lon="-1.834110000">
        <ele>364.000</ele>
      </trkpt>
      <trkpt lat="42.682150000" lon="-1.833840000">
        <ele>362.000</ele>
      </trkpt>
      <trkpt lat="42.682150000" lon="-1.833660000">
        <ele>361.000</ele>
      </trkpt>
      <trkpt lat="42.682140000" lon="-1.833520000">
        <ele>360.000</ele>
      </trkpt>
      <trkpt lat="42.682130000" lon="-1.833430000">
        <ele>358.000</ele>
      </trkpt>
      <trkpt lat="42.682100000" lon="-1.833300000">
        <ele>357.000</ele>
      </trkpt>
      <trkpt lat="42.682100000" lon="-1.833280000">
        <ele>357.000</ele>
      </trkpt>
      <trkpt lat="42.682030000" lon="-1.833060000">
        <ele>356.000</ele>
      </trkpt>
      <trkpt lat="42.682030000" lon="-1.833050000">
        <ele>355.000</ele>
      </trkpt>
      <trkpt lat="42.681960000" lon="-1.832830000">
        <ele>354.000</ele>
      </trkpt>
      <trkpt lat="42.681890000" lon="-1.832610000">
        <ele>353.000</ele>
      </trkpt>
      <trkpt lat="42.681650000" lon="-1.831860000">
        <ele>351.000</ele>
      </trkpt>
      <trkpt lat="42.681230000" lon="-1.830780000">
        <ele>349.000</ele>
      </trkpt>
      <trkpt lat="42.681150000" lon="-1.830560000">
        <ele>348.000</ele>
      </trkpt>
      <trkpt lat="42.681050000" lon="-1.830310000">
        <ele>346.000</ele>
      </trkpt>
      <trkpt lat="42.680980000" lon="-1.830130000">
        <ele>345.000</ele>
      </trkpt>
      <trkpt lat="42.680900000" lon="-1.829910000">
        <ele>345.000</ele>
      </trkpt>
      <trkpt lat="42.680800000" lon="-1.829660000">
        <ele>344.000</ele>
      </trkpt>
      <trkpt lat="42.680720000" lon="-1.829500000">
        <ele>344.000</ele>
      </trkpt>
      <trkpt lat="42.680600000" lon="-1.829290000">
        <ele>344.000</ele>
      </trkpt>
      <trkpt lat="42.680470000" lon="-1.829080000">
        <ele>343.000</ele>
      </trkpt>
      <trkpt lat="42.680240000" lon="-1.828770000">
        <ele>343.000</ele>
      </trkpt>
      <trkpt lat="42.679990000" lon="-1.828430000">
        <ele>343.000</ele>
      </trkpt>
      <trkpt lat="42.679830000" lon="-1.828200000">
        <ele>343.000</ele>
      </trkpt>
      <trkpt lat="42.679730000" lon="-1.828080000">
        <ele>343.000</ele>
      </trkpt>
      <trkpt lat="42.679600000" lon="-1.827920000">
        <ele>343.000</ele>
      </trkpt>
      <trkpt lat="42.678900000" lon="-1.827030000">
        <ele>343.000</ele>
      </trkpt>
      <trkpt lat="42.678850000" lon="-1.826960000">
        <ele>343.000</ele>
      </trkpt>
      <trkpt lat="42.678680000" lon="-1.826720000">
        <ele>343.000</ele>
      </trkpt>
      <trkpt lat="42.678570000" lon="-1.826580000">
        <ele>343.000</ele>
      </trkpt>
      <trkpt lat="42.678550000" lon="-1.826550000">
        <ele>343.000</ele>
      </trkpt>
      <trkpt lat="42.678450000" lon="-1.826410000">
        <ele>343.000</ele>
      </trkpt>
      <trkpt lat="42.678040000" lon="-1.825860000">
        <ele>343.000</ele>
      </trkpt>
      <trkpt lat="42.677700000" lon="-1.825410000">
        <ele>343.000</ele>
      </trkpt>
      <trkpt lat="42.677450000" lon="-1.825080000">
        <ele>343.000</ele>
      </trkpt>
      <trkpt lat="42.677220000" lon="-1.824790000">
        <ele>344.000</ele>
      </trkpt>
      <trkpt lat="42.677050000" lon="-1.824550000">
        <ele>344.000</ele>
      </trkpt>
      <trkpt lat="42.677010000" lon="-1.824500000">
        <ele>344.000</ele>
      </trkpt>
      <trkpt lat="42.676760000" lon="-1.824170000">
        <ele>344.000</ele>
      </trkpt>
      <trkpt lat="42.676600000" lon="-1.824010000">
        <ele>344.000</ele>
      </trkpt>
      <trkpt lat="42.676440000" lon="-1.823840000">
        <ele>344.000</ele>
      </trkpt>
      <trkpt lat="42.676420000" lon="-1.823820000">
        <ele>344.000</ele>
      </trkpt>
      <trkpt lat="42.676350000" lon="-1.823750000">
        <ele>344.000</ele>
      </trkpt>
      <trkpt lat="42.676300000" lon="-1.823700000">
        <ele>344.000</ele>
      </trkpt>
      <trkpt lat="42.676140000" lon="-1.823580000">
        <ele>343.000</ele>
      </trkpt>
      <trkpt lat="42.675750000" lon="-1.823260000">
        <ele>343.000</ele>
      </trkpt>
      <trkpt lat="42.675670000" lon="-1.823190000">
        <ele>343.000</ele>
      </trkpt>
      <trkpt lat="42.675600000" lon="-1.823130000">
        <ele>343.000</ele>
      </trkpt>
      <trkpt lat="42.675590000" lon="-1.823120000">
        <ele>343.000</ele>
      </trkpt>
      <trkpt lat="42.675310000" lon="-1.822890000">
        <ele>343.000</ele>
      </trkpt>
      <trkpt lat="42.674990000" lon="-1.822570000">
        <ele>342.000</ele>
      </trkpt>
      <trkpt lat="42.674930000" lon="-1.822520000">
        <ele>342.000</ele>
      </trkpt>
      <trkpt lat="42.674570000" lon="-1.822110000">
        <ele>342.000</ele>
      </trkpt>
      <trkpt lat="42.674440000" lon="-1.821960000">
        <ele>342.000</ele>
      </trkpt>
      <trkpt lat="42.674290000" lon="-1.821790000">
        <ele>342.000</ele>
      </trkpt>
      <trkpt lat="42.674020000" lon="-1.821470000">
        <ele>342.000</ele>
      </trkpt>
      <trkpt lat="42.673830000" lon="-1.821300000">
        <ele>342.000</ele>
      </trkpt>
      <trkpt lat="42.673640000" lon="-1.821160000">
        <ele>342.000</ele>
      </trkpt>
      <trkpt lat="42.673420000" lon="-1.820990000">
        <ele>342.000</ele>
      </trkpt>
      <trkpt lat="42.673260000" lon="-1.820870000">
        <ele>342.000</ele>
      </trkpt>
      <trkpt lat="42.673250000" lon="-1.820870000">
        <ele>342.000</ele>
      </trkpt>
      <trkpt lat="42.673230000" lon="-1.820860000">
        <ele>342.000</ele>
      </trkpt>
      <trkpt lat="42.672740000" lon="-1.820550000">
        <ele>342.000</ele>
      </trkpt>
      <trkpt lat="42.672170000" lon="-1.820240000">
        <ele>343.000</ele>
      </trkpt>
      <trkpt lat="42.671670000" lon="-1.819940000">
        <ele>343.000</ele>
      </trkpt>
      <trkpt lat="42.671350000" lon="-1.819750000">
        <ele>343.000</ele>
      </trkpt>
      <trkpt lat="42.671280000" lon="-1.819710000">
        <ele>343.000</ele>
      </trkpt>
      <trkpt lat="42.671230000" lon="-1.819690000">
        <ele>343.000</ele>
      </trkpt>
      <trkpt lat="42.671010000" lon="-1.819560000">
        <ele>343.000</ele>
      </trkpt>
      <trkpt lat="42.670830000" lon="-1.819450000">
        <ele>343.000</ele>
      </trkpt>
      <trkpt lat="42.670780000" lon="-1.819430000">
        <ele>343.000</ele>
      </trkpt>
      <trkpt lat="42.670730000" lon="-1.819410000">
        <ele>343.000</ele>
      </trkpt>
      <trkpt lat="42.670620000" lon="-1.819340000">
        <ele>343.000</ele>
      </trkpt>
      <trkpt lat="42.670530000" lon="-1.819310000">
        <ele>343.000</ele>
      </trkpt>
      <trkpt lat="42.670430000" lon="-1.819280000">
        <ele>343.000</ele>
      </trkpt>
      <trkpt lat="42.670240000" lon="-1.819260000">
        <ele>343.000</ele>
      </trkpt>
      <trkpt lat="42.670220000" lon="-1.819260000">
        <ele>343.000</ele>
      </trkpt>
      <trkpt lat="42.670110000" lon="-1.819240000">
        <ele>343.000</ele>
      </trkpt>
      <trkpt lat="42.670040000" lon="-1.819240000">
        <ele>343.000</ele>
      </trkpt>
      <trkpt lat="42.669980000" lon="-1.819220000">
        <ele>343.000</ele>
      </trkpt>
      <trkpt lat="42.669980000" lon="-1.819220000">
        <ele>343.000</ele>
      </trkpt>
      <trkpt lat="42.669880000" lon="-1.819200000">
        <ele>343.000</ele>
      </trkpt>
      <trkpt lat="42.669770000" lon="-1.819240000">
        <ele>343.000</ele>
      </trkpt>
      <trkpt lat="42.669760000" lon="-1.819240000">
        <ele>344.000</ele>
      </trkpt>
      <trkpt lat="42.669750000" lon="-1.819260000">
        <ele>344.000</ele>
      </trkpt>
      <trkpt lat="42.669730000" lon="-1.819280000">
        <ele>344.000</ele>
      </trkpt>
      <trkpt lat="42.669660000" lon="-1.819340000">
        <ele>344.000</ele>
      </trkpt>
      <trkpt lat="42.669440000" lon="-1.819990000">
        <ele>344.000</ele>
      </trkpt>
      <trkpt lat="42.669430000" lon="-1.820020000">
        <ele>344.000</ele>
      </trkpt>
      <trkpt lat="42.669360000" lon="-1.820230000">
        <ele>345.000</ele>
      </trkpt>
      <trkpt lat="42.669280000" lon="-1.820450000">
        <ele>345.000</ele>
      </trkpt>
      <trkpt lat="42.669270000" lon="-1.820460000">
        <ele>345.000</ele>
      </trkpt>
      <trkpt lat="42.669090000" lon="-1.821060000">
        <ele>346.000</ele>
      </trkpt>
      <trkpt lat="42.668820000" lon="-1.821840000">
        <ele>346.000</ele>
      </trkpt>
      <trkpt lat="42.668670000" lon="-1.822230000">
        <ele>346.000</ele>
      </trkpt>
      <trkpt lat="42.668610000" lon="-1.822440000">
        <ele>346.000</ele>
      </trkpt>
      <trkpt lat="42.668430000" lon="-1.823040000">
        <ele>345.000</ele>
      </trkpt>
      <trkpt lat="42.668220000" lon="-1.823860000">
        <ele>345.000</ele>
      </trkpt>
      <trkpt lat="42.668150000" lon="-1.824390000">
        <ele>345.000</ele>
      </trkpt>
      <trkpt lat="42.668130000" lon="-1.824540000">
        <ele>346.000</ele>
      </trkpt>
      <trkpt lat="42.668070000" lon="-1.825080000">
        <ele>346.000</ele>
      </trkpt>
      <trkpt lat="42.668060000" lon="-1.825120000">
        <ele>346.000</ele>
      </trkpt>
      <trkpt lat="42.668040000" lon="-1.825290000">
        <ele>347.000</ele>
      </trkpt>
      <trkpt lat="42.668030000" lon="-1.825360000">
        <ele>347.000</ele>
      </trkpt>
      <trkpt lat="42.668020000" lon="-1.825450000">
        <ele>347.000</ele>
      </trkpt>
      <trkpt lat="42.668020000" lon="-1.825510000">
        <ele>348.000</ele>
      </trkpt>
      <trkpt lat="42.668000000" lon="-1.825600000">
        <ele>348.000</ele>
      </trkpt>
      <trkpt lat="42.667990000" lon="-1.825730000">
        <ele>348.000</ele>
      </trkpt>
      <trkpt lat="42.667980000" lon="-1.825820000">
        <ele>348.000</ele>
      </trkpt>
      <trkpt lat="42.667970000" lon="-1.825840000">
        <ele>349.000</ele>
      </trkpt>
      <trkpt lat="42.667960000" lon="-1.825950000">
        <ele>349.000</ele>
      </trkpt>
      <trkpt lat="42.667950000" lon="-1.826080000">
        <ele>349.000</ele>
      </trkpt>
      <trkpt lat="42.667940000" lon="-1.826130000">
        <ele>349.000</ele>
      </trkpt>
      <trkpt lat="42.667920000" lon="-1.826220000">
        <ele>349.000</ele>
      </trkpt>
      <trkpt lat="42.667950000" lon="-1.826560000">
        <ele>350.000</ele>
      </trkpt>
      <trkpt lat="42.667950000" lon="-1.826560000">
        <ele>350.000</ele>
      </trkpt>
      <trkpt lat="42.668020000" lon="-1.826670000">
        <ele>350.000</ele>
      </trkpt>
      <trkpt lat="42.668030000" lon="-1.826710000">
        <ele>350.000</ele>
      </trkpt>
      <trkpt lat="42.668040000" lon="-1.826730000">
        <ele>350.000</ele>
      </trkpt>
      <trkpt lat="42.668060000" lon="-1.826780000">
        <ele>350.000</ele>
      </trkpt>
      <trkpt lat="42.668060000" lon="-1.826840000">
        <ele>351.000</ele>
      </trkpt>
      <trkpt lat="42.668070000" lon="-1.826970000">
        <ele>351.000</ele>
      </trkpt>
      <trkpt lat="42.668040000" lon="-1.827030000">
        <ele>351.000</ele>
      </trkpt>
      <trkpt lat="42.668030000" lon="-1.827060000">
        <ele>351.000</ele>
      </trkpt>
      <trkpt lat="42.668010000" lon="-1.827090000">
        <ele>351.000</ele>
      </trkpt>
      <trkpt lat="42.667970000" lon="-1.827140000">
        <ele>351.000</ele>
      </trkpt>
      <trkpt lat="42.667970000" lon="-1.827140000">
        <ele>351.000</ele>
      </trkpt>
      <trkpt lat="42.667920000" lon="-1.827170000">
        <ele>351.000</ele>
      </trkpt>
      <trkpt lat="42.667900000" lon="-1.827190000">
        <ele>351.000</ele>
      </trkpt>
      <trkpt lat="42.667850000" lon="-1.827210000">
        <ele>351.000</ele>
      </trkpt>
      <trkpt lat="42.667870000" lon="-1.827230000">
        <ele>351.000</ele>
      </trkpt>
      <trkpt lat="42.667880000" lon="-1.827240000">
        <ele>351.000</ele>
      </trkpt>
      <trkpt lat="42.667890000" lon="-1.827250000">
        <ele>351.000</ele>
      </trkpt>
      <trkpt lat="42.667910000" lon="-1.827270000">
        <ele>351.000</ele>
      </trkpt>
      <trkpt lat="42.667920000" lon="-1.827300000">
        <ele>351.000</ele>
      </trkpt>
      <trkpt lat="42.667930000" lon="-1.827330000">
        <ele>351.000</ele>
      </trkpt>
      <trkpt lat="42.667960000" lon="-1.827410000">
        <ele>351.000</ele>
      </trkpt>
      <trkpt lat="42.667970000" lon="-1.827430000">
        <ele>351.000</ele>
      </trkpt>
      <trkpt lat="42.667980000" lon="-1.827440000">
        <ele>351.000</ele>
      </trkpt>
      <trkpt lat="42.667990000" lon="-1.827450000">
        <ele>351.000</ele>
      </trkpt>
      <trkpt lat="42.668000000" lon="-1.827460000">
        <ele>351.000</ele>
      </trkpt>
      <trkpt lat="42.668010000" lon="-1.827470000">
        <ele>351.000</ele>
      </trkpt>
      <trkpt lat="42.668030000" lon="-1.827480000">
        <ele>351.000</ele>
      </trkpt>
      <trkpt lat="42.668100000" lon="-1.827510000">
        <ele>351.000</ele>
      </trkpt>
      <trkpt lat="42.668110000" lon="-1.827520000">
        <ele>351.000</ele>
      </trkpt>
      <trkpt lat="42.668160000" lon="-1.827540000">
        <ele>351.000</ele>
      </trkpt>
      <trkpt lat="42.668170000" lon="-1.827550000">
        <ele>351.000</ele>
      </trkpt>
      <trkpt lat="42.668270000" lon="-1.827600000">
        <ele>351.000</ele>
      </trkpt>
      <trkpt lat="42.668350000" lon="-1.827650000">
        <ele>351.000</ele>
      </trkpt>
      <trkpt lat="42.668430000" lon="-1.827710000">
        <ele>351.000</ele>
      </trkpt>
      <trkpt lat="42.668460000" lon="-1.827740000">
        <ele>351.000</ele>
      </trkpt>
      <trkpt lat="42.668500000" lon="-1.827790000">
        <ele>351.000</ele>
      </trkpt>
      <trkpt lat="42.668530000" lon="-1.827860000">
        <ele>351.000</ele>
      </trkpt>
      <trkpt lat="42.668570000" lon="-1.827920000">
        <ele>351.000</ele>
      </trkpt>
      <trkpt lat="42.668580000" lon="-1.827960000">
        <ele>351.000</ele>
      </trkpt>
      <trkpt lat="42.668590000" lon="-1.827970000">
        <ele>351.000</ele>
      </trkpt>
      <trkpt lat="42.668620000" lon="-1.828010000">
        <ele>351.000</ele>
      </trkpt>
      <trkpt lat="42.668650000" lon="-1.828050000">
        <ele>351.000</ele>
      </trkpt>
      <trkpt lat="42.668690000" lon="-1.828070000">
        <ele>351.000</ele>
      </trkpt>
      <trkpt lat="42.668730000" lon="-1.828100000">
        <ele>351.000</ele>
      </trkpt>
      <trkpt lat="42.668760000" lon="-1.828120000">
        <ele>351.000</ele>
      </trkpt>
      <trkpt lat="42.668870000" lon="-1.828130000">
        <ele>352.000</ele>
      </trkpt>
      <trkpt lat="42.668910000" lon="-1.828130000">
        <ele>352.000</ele>
      </trkpt>
      <trkpt lat="42.668990000" lon="-1.828140000">
        <ele>352.000</ele>
      </trkpt>
      <trkpt lat="42.669090000" lon="-1.828160000">
        <ele>353.000</ele>
      </trkpt>
      <trkpt lat="42.669100000" lon="-1.828160000">
        <ele>353.000</ele>
      </trkpt>
      <trkpt lat="42.669230000" lon="-1.828190000">
        <ele>353.000</ele>
      </trkpt>
      <trkpt lat="42.669260000" lon="-1.828200000">
        <ele>354.000</ele>
      </trkpt>
      <trkpt lat="42.669320000" lon="-1.828230000">
        <ele>354.000</ele>
      </trkpt>
      <trkpt lat="42.669430000" lon="-1.828280000">
        <ele>354.000</ele>
      </trkpt>
      <trkpt lat="42.669540000" lon="-1.828350000">
        <ele>355.000</ele>
      </trkpt>
      <trkpt lat="42.669590000" lon="-1.828390000">
        <ele>355.000</ele>
      </trkpt>
      <trkpt lat="42.669640000" lon="-1.828430000">
        <ele>356.000</ele>
      </trkpt>
      <trkpt lat="42.669750000" lon="-1.828520000">
        <ele>356.000</ele>
      </trkpt>
      <trkpt lat="42.669780000" lon="-1.828540000">
        <ele>357.000</ele>
      </trkpt>
      <trkpt lat="42.669800000" lon="-1.828560000">
        <ele>357.000</ele>
      </trkpt>
      <trkpt lat="42.669880000" lon="-1.828640000">
        <ele>357.000</ele>
      </trkpt>
      <trkpt lat="42.669890000" lon="-1.828660000">
        <ele>358.000</ele>
      </trkpt>
      <trkpt lat="42.669990000" lon="-1.828780000">
        <ele>358.000</ele>
      </trkpt>
      <trkpt lat="42.670070000" lon="-1.828880000">
        <ele>359.000</ele>
      </trkpt>
      <trkpt lat="42.670080000" lon="-1.828900000">
        <ele>359.000</ele>
      </trkpt>
      <trkpt lat="42.670110000" lon="-1.828940000">
        <ele>359.000</ele>
      </trkpt>
      <trkpt lat="42.670210000" lon="-1.829100000">
        <ele>360.000</ele>
      </trkpt>
      <trkpt lat="42.670240000" lon="-1.829160000">
        <ele>360.000</ele>
      </trkpt>
      <trkpt lat="42.670300000" lon="-1.829250000">
        <ele>361.000</ele>
      </trkpt>
      <trkpt lat="42.670320000" lon="-1.829280000">
        <ele>361.000</ele>
      </trkpt>
      <trkpt lat="42.670380000" lon="-1.829430000">
        <ele>362.000</ele>
      </trkpt>
      <trkpt lat="42.670400000" lon="-1.829510000">
        <ele>362.000</ele>
      </trkpt>
      <trkpt lat="42.670400000" lon="-1.829570000">
        <ele>363.000</ele>
      </trkpt>
      <trkpt lat="42.670410000" lon="-1.829630000">
        <ele>363.000</ele>
      </trkpt>
      <trkpt lat="42.670410000" lon="-1.829680000">
        <ele>364.000</ele>
      </trkpt>
      <trkpt lat="42.670400000" lon="-1.829740000">
        <ele>364.000</ele>
      </trkpt>
      <trkpt lat="42.670390000" lon="-1.829790000">
        <ele>364.000</ele>
      </trkpt>
      <trkpt lat="42.670380000" lon="-1.829830000">
        <ele>365.000</ele>
      </trkpt>
      <trkpt lat="42.670340000" lon="-1.829910000">
        <ele>365.000</ele>
      </trkpt>
      <trkpt lat="42.670310000" lon="-1.829950000">
        <ele>366.000</ele>
      </trkpt>
      <trkpt lat="42.670280000" lon="-1.829980000">
        <ele>366.000</ele>
      </trkpt>
      <trkpt lat="42.670240000" lon="-1.830020000">
        <ele>366.000</ele>
      </trkpt>
      <trkpt lat="42.670190000" lon="-1.830040000">
        <ele>367.000</ele>
      </trkpt>
      <trkpt lat="42.670010000" lon="-1.830110000">
        <ele>367.000</ele>
      </trkpt>
      <trkpt lat="42.669730000" lon="-1.830210000">
        <ele>369.000</ele>
      </trkpt>
      <trkpt lat="42.669630000" lon="-1.830250000">
        <ele>370.000</ele>
      </trkpt>
      <trkpt lat="42.669570000" lon="-1.830280000">
        <ele>371.000</ele>
      </trkpt>
      <trkpt lat="42.669460000" lon="-1.830330000">
        <ele>372.000</ele>
      </trkpt>
      <trkpt lat="42.669450000" lon="-1.830340000">
        <ele>373.000</ele>
      </trkpt>
      <trkpt lat="42.669360000" lon="-1.830400000">
        <ele>373.000</ele>
      </trkpt>
      <trkpt lat="42.669200000" lon="-1.830510000">
        <ele>374.000</ele>
      </trkpt>
      <trkpt lat="42.669170000" lon="-1.830530000">
        <ele>375.000</ele>
      </trkpt>
      <trkpt lat="42.668990000" lon="-1.830690000">
        <ele>376.000</ele>
      </trkpt>
      <trkpt lat="42.668910000" lon="-1.830780000">
        <ele>377.000</ele>
      </trkpt>
      <trkpt lat="42.668850000" lon="-1.830840000">
        <ele>378.000</ele>
      </trkpt>
      <trkpt lat="42.668720000" lon="-1.831000000">
        <ele>379.000</ele>
      </trkpt>
      <trkpt lat="42.668720000" lon="-1.831010000">
        <ele>379.000</ele>
      </trkpt>
      <trkpt lat="42.668640000" lon="-1.831110000">
        <ele>380.000</ele>
      </trkpt>
      <trkpt lat="42.668540000" lon="-1.831260000">
        <ele>380.000</ele>
      </trkpt>
      <trkpt lat="42.668470000" lon="-1.831360000">
        <ele>381.000</ele>
      </trkpt>
      <trkpt lat="42.668400000" lon="-1.831470000">
        <ele>382.000</ele>
      </trkpt>
      <trkpt lat="42.668350000" lon="-1.831540000">
        <ele>382.000</ele>
      </trkpt>
      <trkpt lat="42.668350000" lon="-1.831550000">
        <ele>383.000</ele>
      </trkpt>
      <trkpt lat="42.668280000" lon="-1.831660000">
        <ele>383.000</ele>
      </trkpt>
      <trkpt lat="42.668160000" lon="-1.831860000">
        <ele>384.000</ele>
      </trkpt>
      <trkpt lat="42.668130000" lon="-1.831930000">
        <ele>384.000</ele>
      </trkpt>
      <trkpt lat="42.668070000" lon="-1.832050000">
        <ele>385.000</ele>
      </trkpt>
      <trkpt lat="42.668030000" lon="-1.832130000">
        <ele>385.000</ele>
      </trkpt>
      <trkpt lat="42.667770000" lon="-1.832660000">
        <ele>386.000</ele>
      </trkpt>
      <trkpt lat="42.667730000" lon="-1.832750000">
        <ele>387.000</ele>
      </trkpt>
      <trkpt lat="42.667690000" lon="-1.832840000">
        <ele>388.000</ele>
      </trkpt>
      <trkpt lat="42.667680000" lon="-1.832870000">
        <ele>388.000</ele>
      </trkpt>
      <trkpt lat="42.667640000" lon="-1.832960000">
        <ele>388.000</ele>
      </trkpt>
      <trkpt lat="42.667400000" lon="-1.833520000">
        <ele>389.000</ele>
      </trkpt>
      <trkpt lat="42.667160000" lon="-1.834270000">
        <ele>390.000</ele>
      </trkpt>
      <trkpt lat="42.667050000" lon="-1.834630000">
        <ele>391.000</ele>
      </trkpt>
      <trkpt lat="42.667040000" lon="-1.834660000">
        <ele>392.000</ele>
      </trkpt>
      <trkpt lat="42.667030000" lon="-1.834720000">
        <ele>392.000</ele>
      </trkpt>
      <trkpt lat="42.666990000" lon="-1.834900000">
        <ele>393.000</ele>
      </trkpt>
      <trkpt lat="42.666980000" lon="-1.834960000">
        <ele>393.000</ele>
      </trkpt>
      <trkpt lat="42.666850000" lon="-1.835820000">
        <ele>395.000</ele>
      </trkpt>
      <trkpt lat="42.666840000" lon="-1.835920000">
        <ele>396.000</ele>
      </trkpt>
      <trkpt lat="42.666800000" lon="-1.836170000">
        <ele>398.000</ele>
      </trkpt>
      <trkpt lat="42.666790000" lon="-1.836370000">
        <ele>399.000</ele>
      </trkpt>
      <trkpt lat="42.666810000" lon="-1.836590000">
        <ele>400.000</ele>
      </trkpt>
      <trkpt lat="42.666860000" lon="-1.836850000">
        <ele>401.000</ele>
      </trkpt>
      <trkpt lat="42.666910000" lon="-1.837000000">
        <ele>402.000</ele>
      </trkpt>
      <trkpt lat="42.666970000" lon="-1.837080000">
        <ele>403.000</ele>
      </trkpt>
      <trkpt lat="42.667040000" lon="-1.837190000">
        <ele>404.000</ele>
      </trkpt>
      <trkpt lat="42.667090000" lon="-1.837260000">
        <ele>405.000</ele>
      </trkpt>
      <trkpt lat="42.667170000" lon="-1.837390000">
        <ele>406.000</ele>
      </trkpt>
      <trkpt lat="42.667250000" lon="-1.837510000">
        <ele>406.000</ele>
      </trkpt>
      <trkpt lat="42.667560000" lon="-1.838000000">
        <ele>408.000</ele>
      </trkpt>
      <trkpt lat="42.667630000" lon="-1.838110000">
        <ele>409.000</ele>
      </trkpt>
      <trkpt lat="42.667670000" lon="-1.838190000">
        <ele>410.000</ele>
      </trkpt>
      <trkpt lat="42.667750000" lon="-1.838300000">
        <ele>411.000</ele>
      </trkpt>
      <trkpt lat="42.667790000" lon="-1.838370000">
        <ele>411.000</ele>
      </trkpt>
      <trkpt lat="42.668470000" lon="-1.839430000">
        <ele>414.000</ele>
      </trkpt>
      <trkpt lat="42.668550000" lon="-1.839560000">
        <ele>416.000</ele>
      </trkpt>
      <trkpt lat="42.668560000" lon="-1.839590000">
        <ele>417.000</ele>
      </trkpt>
      <trkpt lat="42.668600000" lon="-1.839690000">
        <ele>418.000</ele>
      </trkpt>
      <trkpt lat="42.668660000" lon="-1.839880000">
        <ele>419.000</ele>
      </trkpt>
      <trkpt lat="42.668670000" lon="-1.840080000">
        <ele>420.000</ele>
      </trkpt>
      <trkpt lat="42.668660000" lon="-1.840180000">
        <ele>421.000</ele>
      </trkpt>
      <trkpt lat="42.668630000" lon="-1.840300000">
        <ele>422.000</ele>
      </trkpt>
      <trkpt lat="42.668590000" lon="-1.840400000">
        <ele>423.000</ele>
      </trkpt>
      <trkpt lat="42.668560000" lon="-1.840470000">
        <ele>424.000</ele>
      </trkpt>
      <trkpt lat="42.668510000" lon="-1.840570000">
        <ele>424.000</ele>
      </trkpt>
      <trkpt lat="42.668450000" lon="-1.840650000">
        <ele>425.000</ele>
      </trkpt>
      <trkpt lat="42.668340000" lon="-1.840730000">
        <ele>426.000</ele>
      </trkpt>
      <trkpt lat="42.667860000" lon="-1.841090000">
        <ele>428.000</ele>
      </trkpt>
      <trkpt lat="42.667760000" lon="-1.841190000">
        <ele>429.000</ele>
      </trkpt>
      <trkpt lat="42.667730000" lon="-1.841240000">
        <ele>430.000</ele>
      </trkpt>
      <trkpt lat="42.667690000" lon="-1.841300000">
        <ele>431.000</ele>
      </trkpt>
      <trkpt lat="42.667640000" lon="-1.841430000">
        <ele>432.000</ele>
      </trkpt>
      <trkpt lat="42.667630000" lon="-1.841440000">
        <ele>433.000</ele>
      </trkpt>
      <trkpt lat="42.667610000" lon="-1.841590000">
        <ele>434.000</ele>
      </trkpt>
      <trkpt lat="42.667580000" lon="-1.842340000">
        <ele>436.000</ele>
      </trkpt>
      <trkpt lat="42.667540000" lon="-1.842820000">
        <ele>438.000</ele>
      </trkpt>
      <trkpt lat="42.667580000" lon="-1.843140000">
        <ele>440.000</ele>
      </trkpt>
      <trkpt lat="42.667590000" lon="-1.843160000">
        <ele>442.000</ele>
      </trkpt>
      <trkpt lat="42.667700000" lon="-1.843610000">
        <ele>444.000</ele>
      </trkpt>
      <trkpt lat="42.667750000" lon="-1.843840000">
        <ele>445.000</ele>
      </trkpt>
      <trkpt lat="42.667770000" lon="-1.843930000">
        <ele>446.000</ele>
      </trkpt>
      <trkpt lat="42.667820000" lon="-1.844060000">
        <ele>447.000</ele>
      </trkpt>
      <trkpt lat="42.667880000" lon="-1.844200000">
        <ele>448.000</ele>
      </trkpt>
      <trkpt lat="42.667910000" lon="-1.844280000">
        <ele>449.000</ele>
      </trkpt>
      <trkpt lat="42.667980000" lon="-1.844500000">
        <ele>450.000</ele>
      </trkpt>
      <trkpt lat="42.667990000" lon="-1.844500000">
        <ele>450.000</ele>
      </trkpt>
      <trkpt lat="42.668090000" lon="-1.844730000">
        <ele>451.000</ele>
      </trkpt>
      <trkpt lat="42.668170000" lon="-1.844920000">
        <ele>451.000</ele>
      </trkpt>
      <trkpt lat="42.668750000" lon="-1.845510000">
        <ele>453.000</ele>
      </trkpt>
      <trkpt lat="42.668800000" lon="-1.845550000">
        <ele>454.000</ele>
      </trkpt>
      <trkpt lat="42.668890000" lon="-1.845660000">
        <ele>456.000</ele>
      </trkpt>
      <trkpt lat="42.668930000" lon="-1.845710000">
        <ele>457.000</ele>
      </trkpt>
      <trkpt lat="42.668990000" lon="-1.845810000">
        <ele>458.000</ele>
      </trkpt>
      <trkpt lat="42.669000000" lon="-1.845850000">
        <ele>458.000</ele>
      </trkpt>
      <trkpt lat="42.669050000" lon="-1.846070000">
        <ele>459.000</ele>
      </trkpt>
      <trkpt lat="42.669050000" lon="-1.846080000">
        <ele>460.000</ele>
      </trkpt>
      <trkpt lat="42.669050000" lon="-1.846220000">
        <ele>461.000</ele>
      </trkpt>
      <trkpt lat="42.669030000" lon="-1.846350000">
        <ele>461.000</ele>
      </trkpt>
      <trkpt lat="42.668970000" lon="-1.846480000">
        <ele>462.000</ele>
      </trkpt>
      <trkpt lat="42.668920000" lon="-1.846600000">
        <ele>463.000</ele>
      </trkpt>
      <trkpt lat="42.668840000" lon="-1.846720000">
        <ele>464.000</ele>
      </trkpt>
      <trkpt lat="42.668810000" lon="-1.846770000">
        <ele>465.000</ele>
      </trkpt>
      <trkpt lat="42.668710000" lon="-1.846890000">
        <ele>466.000</ele>
      </trkpt>
      <trkpt lat="42.668550000" lon="-1.847010000">
        <ele>467.000</ele>
      </trkpt>
      <trkpt lat="42.668240000" lon="-1.847250000">
        <ele>468.000</ele>
      </trkpt>
      <trkpt lat="42.668080000" lon="-1.847370000">
        <ele>470.000</ele>
      </trkpt>
      <trkpt lat="42.668040000" lon="-1.847400000">
        <ele>471.000</ele>
      </trkpt>
      <trkpt lat="42.667880000" lon="-1.847610000">
        <ele>473.000</ele>
      </trkpt>
      <trkpt lat="42.667800000" lon="-1.847730000">
        <ele>474.000</ele>
      </trkpt>
      <trkpt lat="42.667740000" lon="-1.847850000">
        <ele>475.000</ele>
      </trkpt>
      <trkpt lat="42.667720000" lon="-1.847900000">
        <ele>475.000</ele>
      </trkpt>
      <trkpt lat="42.667680000" lon="-1.848020000">
        <ele>476.000</ele>
      </trkpt>
      <trkpt lat="42.667670000" lon="-1.848130000">
        <ele>477.000</ele>
      </trkpt>
      <trkpt lat="42.667660000" lon="-1.848220000">
        <ele>477.000</ele>
      </trkpt>
      <trkpt lat="42.667680000" lon="-1.848370000">
        <ele>478.000</ele>
      </trkpt>
      <trkpt lat="42.667700000" lon="-1.848540000">
        <ele>479.000</ele>
      </trkpt>
      <trkpt lat="42.667720000" lon="-1.848610000">
        <ele>479.000</ele>
      </trkpt>
      <trkpt lat="42.667800000" lon="-1.848830000">
        <ele>480.000</ele>
      </trkpt>
      <trkpt lat="42.667870000" lon="-1.849050000">
        <ele>481.000</ele>
      </trkpt>
      <trkpt lat="42.667950000" lon="-1.849280000">
        <ele>482.000</ele>
      </trkpt>
      <trkpt lat="42.668010000" lon="-1.849450000">
        <ele>483.000</ele>
      </trkpt>
      <trkpt lat="42.668130000" lon="-1.849970000">
        <ele>484.000</ele>
      </trkpt>
      <trkpt lat="42.668140000" lon="-1.849990000">
        <ele>486.000</ele>
      </trkpt>
      <trkpt lat="42.668180000" lon="-1.850200000">
        <ele>486.000</ele>
      </trkpt>
      <trkpt lat="42.668230000" lon="-1.850430000">
        <ele>487.000</ele>
      </trkpt>
      <trkpt lat="42.668280000" lon="-1.850670000">
        <ele>488.000</ele>
      </trkpt>
      <trkpt lat="42.668300000" lon="-1.850830000">
        <ele>489.000</ele>
      </trkpt>
      <trkpt lat="42.668300000" lon="-1.851020000">
        <ele>490.000</ele>
      </trkpt>
      <trkpt lat="42.668290000" lon="-1.851160000">
        <ele>490.000</ele>
      </trkpt>
      <trkpt lat="42.668280000" lon="-1.851280000">
        <ele>491.000</ele>
      </trkpt>
      <trkpt lat="42.668260000" lon="-1.851390000">
        <ele>491.000</ele>
      </trkpt>
      <trkpt lat="42.668200000" lon="-1.851630000">
        <ele>492.000</ele>
      </trkpt>
      <trkpt lat="42.668200000" lon="-1.851660000">
        <ele>492.000</ele>
      </trkpt>
      <trkpt lat="42.668130000" lon="-1.852020000">
        <ele>493.000</ele>
      </trkpt>
      <trkpt lat="42.668070000" lon="-1.852340000">
        <ele>494.000</ele>
      </trkpt>
      <trkpt lat="42.668050000" lon="-1.852450000">
        <ele>494.000</ele>
      </trkpt>
      <trkpt lat="42.668030000" lon="-1.852580000">
        <ele>494.000</ele>
      </trkpt>
      <trkpt lat="42.667990000" lon="-1.852850000">
        <ele>494.000</ele>
      </trkpt>
      <trkpt lat="42.667980000" lon="-1.853170000">
        <ele>494.000</ele>
      </trkpt>
      <trkpt lat="42.667990000" lon="-1.853310000">
        <ele>493.000</ele>
      </trkpt>
      <trkpt lat="42.668000000" lon="-1.853540000">
        <ele>493.000</ele>
      </trkpt>
      <trkpt lat="42.668030000" lon="-1.853780000">
        <ele>492.000</ele>
      </trkpt>
      <trkpt lat="42.668070000" lon="-1.853980000">
        <ele>491.000</ele>
      </trkpt>
      <trkpt lat="42.668120000" lon="-1.854160000">
        <ele>491.000</ele>
      </trkpt>
      <trkpt lat="42.668180000" lon="-1.854350000">
        <ele>490.000</ele>
      </trkpt>
      <trkpt lat="42.668270000" lon="-1.854570000">
        <ele>489.000</ele>
      </trkpt>
      <trkpt lat="42.668320000" lon="-1.854680000">
        <ele>489.000</ele>
      </trkpt>
      <trkpt lat="42.668370000" lon="-1.854780000">
        <ele>488.000</ele>
      </trkpt>
      <trkpt lat="42.668420000" lon="-1.854880000">
        <ele>488.000</ele>
      </trkpt>
      <trkpt lat="42.668530000" lon="-1.855080000">
        <ele>487.000</ele>
      </trkpt>
      <trkpt lat="42.668630000" lon="-1.855270000">
        <ele>486.000</ele>
      </trkpt>
      <trkpt lat="42.668660000" lon="-1.855350000">
        <ele>485.000</ele>
      </trkpt>
      <trkpt lat="42.668700000" lon="-1.855500000">
        <ele>485.000</ele>
      </trkpt>
      <trkpt lat="42.668700000" lon="-1.855510000">
        <ele>484.000</ele>
      </trkpt>
      <trkpt lat="42.668720000" lon="-1.855660000">
        <ele>484.000</ele>
      </trkpt>
      <trkpt lat="42.668720000" lon="-1.855790000">
        <ele>483.000</ele>
      </trkpt>
      <trkpt lat="42.668670000" lon="-1.856240000">
        <ele>482.000</ele>
      </trkpt>
      <trkpt lat="42.668640000" lon="-1.856470000">
        <ele>481.000</ele>
      </trkpt>
      <trkpt lat="42.668610000" lon="-1.856710000">
        <ele>480.000</ele>
      </trkpt>
      <trkpt lat="42.668600000" lon="-1.856770000">
        <ele>480.000</ele>
      </trkpt>
      <trkpt lat="42.668560000" lon="-1.857130000">
        <ele>479.000</ele>
      </trkpt>
      <trkpt lat="42.668550000" lon="-1.857230000">
        <ele>478.000</ele>
      </trkpt>
      <trkpt lat="42.668540000" lon="-1.857350000">
        <ele>477.000</ele>
      </trkpt>
      <trkpt lat="42.668540000" lon="-1.857490000">
        <ele>477.000</ele>
      </trkpt>
      <trkpt lat="42.668540000" lon="-1.857530000">
        <ele>476.000</ele>
      </trkpt>
      <trkpt lat="42.668540000" lon="-1.857650000">
        <ele>476.000</ele>
      </trkpt>
      <trkpt lat="42.668550000" lon="-1.857710000">
        <ele>476.000</ele>
      </trkpt>
      <trkpt lat="42.668610000" lon="-1.857970000">
        <ele>476.000</ele>
      </trkpt>
      <trkpt lat="42.668660000" lon="-1.858090000">
        <ele>475.000</ele>
      </trkpt>
      <trkpt lat="42.668780000" lon="-1.858290000">
        <ele>475.000</ele>
      </trkpt>
      <trkpt lat="42.668860000" lon="-1.858390000">
        <ele>475.000</ele>
      </trkpt>
      <trkpt lat="42.668910000" lon="-1.858470000">
        <ele>475.000</ele>
      </trkpt>
      <trkpt lat="42.668980000" lon="-1.858550000">
        <ele>474.000</ele>
      </trkpt>
      <trkpt lat="42.669020000" lon="-1.858590000">
        <ele>474.000</ele>
      </trkpt>
      <trkpt lat="42.669110000" lon="-1.858660000">
        <ele>474.000</ele>
      </trkpt>
      <trkpt lat="42.669110000" lon="-1.858660000">
        <ele>474.000</ele>
      </trkpt>
      <trkpt lat="42.669140000" lon="-1.858660000">
        <ele>474.000</ele>
      </trkpt>
      <trkpt lat="42.669180000" lon="-1.858660000">
        <ele>474.000</ele>
      </trkpt>
      <trkpt lat="42.669210000" lon="-1.858670000">
        <ele>473.000</ele>
      </trkpt>
      <trkpt lat="42.669250000" lon="-1.858690000">
        <ele>473.000</ele>
      </trkpt>
      <trkpt lat="42.669280000" lon="-1.858710000">
        <ele>473.000</ele>
      </trkpt>
      <trkpt lat="42.669300000" lon="-1.858750000">
        <ele>473.000</ele>
      </trkpt>
      <trkpt lat="42.669320000" lon="-1.858770000">
        <ele>473.000</ele>
      </trkpt>
      <trkpt lat="42.669330000" lon="-1.858790000">
        <ele>473.000</ele>
      </trkpt>
      <trkpt lat="42.669340000" lon="-1.858810000">
        <ele>473.000</ele>
      </trkpt>
      <trkpt lat="42.669420000" lon="-1.858840000">
        <ele>473.000</ele>
      </trkpt>
      <trkpt lat="42.669450000" lon="-1.858860000">
        <ele>473.000</ele>
      </trkpt>
      <trkpt lat="42.669480000" lon="-1.858880000">
        <ele>473.000</ele>
      </trkpt>
      <trkpt lat="42.669500000" lon="-1.858900000">
        <ele>473.000</ele>
      </trkpt>
      <trkpt lat="42.669500000" lon="-1.858910000">
        <ele>473.000</ele>
      </trkpt>
      <trkpt lat="42.669530000" lon="-1.858970000">
        <ele>472.000</ele>
      </trkpt>
      <trkpt lat="42.669540000" lon="-1.859110000">
        <ele>472.000</ele>
      </trkpt>
      <trkpt lat="42.669570000" lon="-1.859360000">
        <ele>472.000</ele>
      </trkpt>
      <trkpt lat="42.669910000" lon="-1.859900000">
        <ele>471.000</ele>
      </trkpt>
      <trkpt lat="42.670050000" lon="-1.860130000">
        <ele>470.000</ele>
      </trkpt>
      <trkpt lat="42.670120000" lon="-1.860250000">
        <ele>469.000</ele>
      </trkpt>
      <trkpt lat="42.670280000" lon="-1.860510000">
        <ele>469.000</ele>
      </trkpt>
      <trkpt lat="42.670460000" lon="-1.860790000">
        <ele>468.000</ele>
      </trkpt>
      <trkpt lat="42.670570000" lon="-1.860970000">
        <ele>467.000</ele>
      </trkpt>
      <trkpt lat="42.670600000" lon="-1.861020000">
        <ele>467.000</ele>
      </trkpt>
      <trkpt lat="42.670920000" lon="-1.861540000">
        <ele>466.000</ele>
      </trkpt>
      <trkpt lat="42.670940000" lon="-1.861560000">
        <ele>466.000</ele>
      </trkpt>
      <trkpt lat="42.671260000" lon="-1.862050000">
        <ele>465.000</ele>
      </trkpt>
      <trkpt lat="42.671460000" lon="-1.862410000">
        <ele>465.000</ele>
      </trkpt>
      <trkpt lat="42.671500000" lon="-1.862510000">
        <ele>465.000</ele>
      </trkpt>
      <trkpt lat="42.671560000" lon="-1.862660000">
        <ele>465.000</ele>
      </trkpt>
      <trkpt lat="42.671570000" lon="-1.862680000">
        <ele>465.000</ele>
      </trkpt>
      <trkpt lat="42.671610000" lon="-1.862960000">
        <ele>465.000</ele>
      </trkpt>
      <trkpt lat="42.671600000" lon="-1.863240000">
        <ele>465.000</ele>
      </trkpt>
      <trkpt lat="42.671560000" lon="-1.863580000">
        <ele>464.000</ele>
      </trkpt>
      <trkpt lat="42.671440000" lon="-1.864320000">
        <ele>464.000</ele>
      </trkpt>
      <trkpt lat="42.671370000" lon="-1.864780000">
        <ele>464.000</ele>
      </trkpt>
      <trkpt lat="42.671350000" lon="-1.865200000">
        <ele>463.000</ele>
      </trkpt>
      <trkpt lat="42.671360000" lon="-1.865410000">
        <ele>463.000</ele>
      </trkpt>
      <trkpt lat="42.671360000" lon="-1.865480000">
        <ele>463.000</ele>
      </trkpt>
      <trkpt lat="42.671370000" lon="-1.865590000">
        <ele>463.000</ele>
      </trkpt>
      <trkpt lat="42.671470000" lon="-1.866110000">
        <ele>464.000</ele>
      </trkpt>
      <trkpt lat="42.671490000" lon="-1.866180000">
        <ele>465.000</ele>
      </trkpt>
      <trkpt lat="42.671720000" lon="-1.867260000">
        <ele>467.000</ele>
      </trkpt>
      <trkpt lat="42.671910000" lon="-1.868070000">
        <ele>470.000</ele>
      </trkpt>
      <trkpt lat="42.671970000" lon="-1.868320000">
        <ele>472.000</ele>
      </trkpt>
      <trkpt lat="42.671980000" lon="-1.868360000">
        <ele>473.000</ele>
      </trkpt>
      <trkpt lat="42.672030000" lon="-1.868550000">
        <ele>474.000</ele>
      </trkpt>
      <trkpt lat="42.672040000" lon="-1.868620000">
        <ele>474.000</ele>
      </trkpt>
      <trkpt lat="42.672060000" lon="-1.868680000">
        <ele>475.000</ele>
      </trkpt>
      <trkpt lat="42.672080000" lon="-1.868790000">
        <ele>475.000</ele>
      </trkpt>
      <trkpt lat="42.672110000" lon="-1.868910000">
        <ele>475.000</ele>
      </trkpt>
      <trkpt lat="42.672130000" lon="-1.869020000">
        <ele>475.000</ele>
      </trkpt>
      <trkpt lat="42.672180000" lon="-1.869220000">
        <ele>475.000</ele>
      </trkpt>
      <trkpt lat="42.672230000" lon="-1.869440000">
        <ele>475.000</ele>
      </trkpt>
      <trkpt lat="42.672280000" lon="-1.869660000">
        <ele>475.000</ele>
      </trkpt>
      <trkpt lat="42.672470000" lon="-1.870490000">
        <ele>475.000</ele>
      </trkpt>
      <trkpt lat="42.672480000" lon="-1.870530000">
        <ele>475.000</ele>
      </trkpt>
      <trkpt lat="42.672510000" lon="-1.870660000">
        <ele>475.000</ele>
      </trkpt>
      <trkpt lat="42.672570000" lon="-1.870890000">
        <ele>475.000</ele>
      </trkpt>
      <trkpt lat="42.672630000" lon="-1.871120000">
        <ele>475.000</ele>
      </trkpt>
      <trkpt lat="42.672700000" lon="-1.871380000">
        <ele>474.000</ele>
      </trkpt>
      <trkpt lat="42.672750000" lon="-1.871580000">
        <ele>474.000</ele>
      </trkpt>
      <trkpt lat="42.672770000" lon="-1.871680000">
        <ele>474.000</ele>
      </trkpt>
      <trkpt lat="42.672810000" lon="-1.871810000">
        <ele>473.000</ele>
      </trkpt>
      <trkpt lat="42.672920000" lon="-1.872240000">
        <ele>473.000</ele>
      </trkpt>
      <trkpt lat="42.673090000" lon="-1.872900000">
        <ele>472.000</ele>
      </trkpt>
      <trkpt lat="42.673180000" lon="-1.873280000">
        <ele>471.000</ele>
      </trkpt>
      <trkpt lat="42.673280000" lon="-1.873670000">
        <ele>470.000</ele>
      </trkpt>
      <trkpt lat="42.673290000" lon="-1.873740000">
        <ele>470.000</ele>
      </trkpt>
      <trkpt lat="42.673400000" lon="-1.874170000">
        <ele>469.000</ele>
      </trkpt>
      <trkpt lat="42.673450000" lon="-1.874360000">
        <ele>469.000</ele>
      </trkpt>
      <trkpt lat="42.673460000" lon="-1.874430000">
        <ele>468.000</ele>
      </trkpt>
      <trkpt lat="42.673500000" lon="-1.874600000">
        <ele>468.000</ele>
      </trkpt>
      <trkpt lat="42.673560000" lon="-1.874810000">
        <ele>467.000</ele>
      </trkpt>
      <trkpt lat="42.673620000" lon="-1.875060000">
        <ele>467.000</ele>
      </trkpt>
      <trkpt lat="42.673630000" lon="-1.875120000">
        <ele>467.000</ele>
      </trkpt>
      <trkpt lat="42.673680000" lon="-1.875290000">
        <ele>466.000</ele>
      </trkpt>
      <trkpt lat="42.673720000" lon="-1.875460000">
        <ele>466.000</ele>
      </trkpt>
      <trkpt lat="42.673740000" lon="-1.875560000">
        <ele>466.000</ele>
      </trkpt>
      <trkpt lat="42.673750000" lon="-1.875580000">
        <ele>466.000</ele>
      </trkpt>
      <trkpt lat="42.673790000" lon="-1.875760000">
        <ele>466.000</ele>
      </trkpt>
      <trkpt lat="42.673870000" lon="-1.876030000">
        <ele>467.000</ele>
      </trkpt>
      <trkpt lat="42.673890000" lon="-1.876100000">
        <ele>467.000</ele>
      </trkpt>
      <trkpt lat="42.673920000" lon="-1.876220000">
        <ele>467.000</ele>
      </trkpt>
      <trkpt lat="42.674170000" lon="-1.877140000">
        <ele>468.000</ele>
      </trkpt>
      <trkpt lat="42.674180000" lon="-1.877170000">
        <ele>468.000</ele>
      </trkpt>
      <trkpt lat="42.674230000" lon="-1.877380000">
        <ele>469.000</ele>
      </trkpt>
      <trkpt lat="42.674240000" lon="-1.877420000">
        <ele>469.000</ele>
      </trkpt>
      <trkpt lat="42.674290000" lon="-1.877600000">
        <ele>470.000</ele>
      </trkpt>
      <trkpt lat="42.674350000" lon="-1.877800000">
        <ele>470.000</ele>
      </trkpt>
      <trkpt lat="42.674350000" lon="-1.877830000">
        <ele>470.000</ele>
      </trkpt>
      <trkpt lat="42.674360000" lon="-1.877850000">
        <ele>470.000</ele>
      </trkpt>
      <trkpt lat="42.674410000" lon="-1.878010000">
        <ele>470.000</ele>
      </trkpt>
      <trkpt lat="42.674420000" lon="-1.878080000">
        <ele>470.000</ele>
      </trkpt>
      <trkpt lat="42.674460000" lon="-1.878230000">
        <ele>469.000</ele>
      </trkpt>
      <trkpt lat="42.674480000" lon="-1.878290000">
        <ele>469.000</ele>
      </trkpt>
      <trkpt lat="42.674600000" lon="-1.878730000">
        <ele>469.000</ele>
      </trkpt>
      <trkpt lat="42.674830000" lon="-1.879670000">
        <ele>468.000</ele>
      </trkpt>
      <trkpt lat="42.674840000" lon="-1.879680000">
        <ele>467.000</ele>
      </trkpt>
      <trkpt lat="42.674850000" lon="-1.879730000">
        <ele>466.000</ele>
      </trkpt>
      <trkpt lat="42.674950000" lon="-1.880140000">
        <ele>466.000</ele>
      </trkpt>
      <trkpt lat="42.675000000" lon="-1.880340000">
        <ele>465.000</ele>
      </trkpt>
      <trkpt lat="42.675000000" lon="-1.880370000">
        <ele>465.000</ele>
      </trkpt>
      <trkpt lat="42.675030000" lon="-1.880510000">
        <ele>465.000</ele>
      </trkpt>
      <trkpt lat="42.675050000" lon="-1.880650000">
        <ele>465.000</ele>
      </trkpt>
      <trkpt lat="42.675060000" lon="-1.880720000">
        <ele>465.000</ele>
      </trkpt>
      <trkpt lat="42.675080000" lon="-1.880840000">
        <ele>465.000</ele>
      </trkpt>
      <trkpt lat="42.675120000" lon="-1.881130000">
        <ele>466.000</ele>
      </trkpt>
      <trkpt lat="42.675130000" lon="-1.881250000">
        <ele>466.000</ele>
      </trkpt>
      <trkpt lat="42.675150000" lon="-1.881380000">
        <ele>466.000</ele>
      </trkpt>
      <trkpt lat="42.675170000" lon="-1.881530000">
        <ele>466.000</ele>
      </trkpt>
      <trkpt lat="42.675180000" lon="-1.881610000">
        <ele>466.000</ele>
      </trkpt>
      <trkpt lat="42.675200000" lon="-1.881740000">
        <ele>467.000</ele>
      </trkpt>
      <trkpt lat="42.675250000" lon="-1.882120000">
        <ele>467.000</ele>
      </trkpt>
      <trkpt lat="42.675260000" lon="-1.882240000">
        <ele>467.000</ele>
      </trkpt>
      <trkpt lat="42.675270000" lon="-1.882330000">
        <ele>468.000</ele>
      </trkpt>
      <trkpt lat="42.675290000" lon="-1.882520000">
        <ele>468.000</ele>
      </trkpt>
      <trkpt lat="42.675310000" lon="-1.882630000">
        <ele>468.000</ele>
      </trkpt>
      <trkpt lat="42.675310000" lon="-1.882760000">
        <ele>468.000</ele>
      </trkpt>
      <trkpt lat="42.675310000" lon="-1.882900000">
        <ele>468.000</ele>
      </trkpt>
      <trkpt lat="42.675300000" lon="-1.883070000">
        <ele>469.000</ele>
      </trkpt>
      <trkpt lat="42.675300000" lon="-1.883100000">
        <ele>469.000</ele>
      </trkpt>
      <trkpt lat="42.675290000" lon="-1.883270000">
        <ele>469.000</ele>
      </trkpt>
      <trkpt lat="42.675300000" lon="-1.883350000">
        <ele>469.000</ele>
      </trkpt>
      <trkpt lat="42.675320000" lon="-1.883410000">
        <ele>469.000</ele>
      </trkpt>
      <trkpt lat="42.675340000" lon="-1.883460000">
        <ele>469.000</ele>
      </trkpt>
      <trkpt lat="42.675410000" lon="-1.883580000">
        <ele>469.000</ele>
      </trkpt>
      <trkpt lat="42.675410000" lon="-1.883580000">
        <ele>470.000</ele>
      </trkpt>
      <trkpt lat="42.675410000" lon="-1.883570000">
        <ele>470.000</ele>
      </trkpt>
      <trkpt lat="42.675420000" lon="-1.883550000">
        <ele>470.000</ele>
      </trkpt>
      <trkpt lat="42.675420000" lon="-1.883540000">
        <ele>470.000</ele>
      </trkpt>
      <trkpt lat="42.675430000" lon="-1.883530000">
        <ele>470.000</ele>
      </trkpt>
      <trkpt lat="42.675440000" lon="-1.883520000">
        <ele>470.000</ele>
      </trkpt>
      <trkpt lat="42.675440000" lon="-1.883510000">
        <ele>470.000</ele>
      </trkpt>
      <trkpt lat="42.675450000" lon="-1.883500000">
        <ele>470.000</ele>
      </trkpt>
      <trkpt lat="42.675460000" lon="-1.883490000">
        <ele>470.000</ele>
      </trkpt>
      <trkpt lat="42.675470000" lon="-1.883490000">
        <ele>470.000</ele>
      </trkpt>
      <trkpt lat="42.675490000" lon="-1.883480000">
        <ele>470.000</ele>
      </trkpt>
      <trkpt lat="42.675500000" lon="-1.883480000">
        <ele>470.000</ele>
      </trkpt>
      <trkpt lat="42.675520000" lon="-1.883480000">
        <ele>470.000</ele>
      </trkpt>
      <trkpt lat="42.675540000" lon="-1.883470000">
        <ele>470.000</ele>
      </trkpt>
      <trkpt lat="42.675560000" lon="-1.883470000">
        <ele>470.000</ele>
      </trkpt>
      <trkpt lat="42.675590000" lon="-1.883470000">
        <ele>470.000</ele>
      </trkpt>
      <trkpt lat="42.675610000" lon="-1.883470000">
        <ele>470.000</ele>
      </trkpt>
      <trkpt lat="42.675630000" lon="-1.883470000">
        <ele>470.000</ele>
      </trkpt>
      <trkpt lat="42.675650000" lon="-1.883480000">
        <ele>470.000</ele>
      </trkpt>
      <trkpt lat="42.675670000" lon="-1.883490000">
        <ele>470.000</ele>
      </trkpt>
      <trkpt lat="42.675700000" lon="-1.883510000">
        <ele>470.000</ele>
      </trkpt>
      <trkpt lat="42.675710000" lon="-1.883520000">
        <ele>470.000</ele>
      </trkpt>
      <trkpt lat="42.675720000" lon="-1.883530000">
        <ele>470.000</ele>
      </trkpt>
      <trkpt lat="42.675730000" lon="-1.883540000">
        <ele>470.000</ele>
      </trkpt>
      <trkpt lat="42.675730000" lon="-1.883550000">
        <ele>470.000</ele>
      </trkpt>
      <trkpt lat="42.675740000" lon="-1.883560000">
        <ele>470.000</ele>
      </trkpt>
      <trkpt lat="42.675750000" lon="-1.883580000">
        <ele>470.000</ele>
      </trkpt>
      <trkpt lat="42.675760000" lon="-1.883590000">
        <ele>470.000</ele>
      </trkpt>
      <trkpt lat="42.675760000" lon="-1.883600000">
        <ele>470.000</ele>
      </trkpt>
      <trkpt lat="42.675770000" lon="-1.883640000">
        <ele>470.000</ele>
      </trkpt>
      <trkpt lat="42.675780000" lon="-1.883660000">
        <ele>470.000</ele>
      </trkpt>
      <trkpt lat="42.675780000" lon="-1.883680000">
        <ele>470.000</ele>
      </trkpt>
      <trkpt lat="42.675780000" lon="-1.883700000">
        <ele>471.000</ele>
      </trkpt>
      <trkpt lat="42.675780000" lon="-1.883720000">
        <ele>471.000</ele>
      </trkpt>
      <trkpt lat="42.675780000" lon="-1.883750000">
        <ele>471.000</ele>
      </trkpt>
      <trkpt lat="42.675770000" lon="-1.883770000">
        <ele>471.000</ele>
      </trkpt>
      <trkpt lat="42.675770000" lon="-1.883790000">
        <ele>471.000</ele>
      </trkpt>
      <trkpt lat="42.675760000" lon="-1.883810000">
        <ele>471.000</ele>
      </trkpt>
      <trkpt lat="42.675750000" lon="-1.883830000">
        <ele>471.000</ele>
      </trkpt>
      <trkpt lat="42.675750000" lon="-1.883850000">
        <ele>471.000</ele>
      </trkpt>
      <trkpt lat="42.675730000" lon="-1.883870000">
        <ele>471.000</ele>
      </trkpt>
      <trkpt lat="42.675720000" lon="-1.883890000">
        <ele>471.000</ele>
      </trkpt>
      <trkpt lat="42.675710000" lon="-1.883900000">
        <ele>471.000</ele>
      </trkpt>
      <trkpt lat="42.675680000" lon="-1.883930000">
        <ele>471.000</ele>
      </trkpt>
      <trkpt lat="42.675670000" lon="-1.883940000">
        <ele>471.000</ele>
      </trkpt>
      <trkpt lat="42.675650000" lon="-1.883950000">
        <ele>471.000</ele>
      </trkpt>
      <trkpt lat="42.675640000" lon="-1.883960000">
        <ele>471.000</ele>
      </trkpt>
      <trkpt lat="42.675620000" lon="-1.883960000">
        <ele>471.000</ele>
      </trkpt>
      <trkpt lat="42.675600000" lon="-1.883970000">
        <ele>471.000</ele>
      </trkpt>
      <trkpt lat="42.675590000" lon="-1.883970000">
        <ele>471.000</ele>
      </trkpt>
      <trkpt lat="42.675570000" lon="-1.883970000">
        <ele>471.000</ele>
      </trkpt>
      <trkpt lat="42.675550000" lon="-1.883970000">
        <ele>471.000</ele>
      </trkpt>
      <trkpt lat="42.675540000" lon="-1.883960000">
        <ele>471.000</ele>
      </trkpt>
      <trkpt lat="42.675520000" lon="-1.883950000">
        <ele>471.000</ele>
      </trkpt>
      <trkpt lat="42.675500000" lon="-1.883950000">
        <ele>471.000</ele>
      </trkpt>
      <trkpt lat="42.675490000" lon="-1.883940000">
        <ele>471.000</ele>
      </trkpt>
      <trkpt lat="42.675520000" lon="-1.884030000">
        <ele>471.000</ele>
      </trkpt>
      <trkpt lat="42.675540000" lon="-1.884120000">
        <ele>471.000</ele>
      </trkpt>
      <trkpt lat="42.675560000" lon="-1.884180000">
        <ele>471.000</ele>
      </trkpt>
      <trkpt lat="42.675590000" lon="-1.884240000">
        <ele>471.000</ele>
      </trkpt>
      <trkpt lat="42.675650000" lon="-1.884320000">
        <ele>472.000</ele>
      </trkpt>
      <trkpt lat="42.675730000" lon="-1.884400000">
        <ele>472.000</ele>
      </trkpt>
      <trkpt lat="42.675770000" lon="-1.884450000">
        <ele>472.000</ele>
      </trkpt>
      <trkpt lat="42.675820000" lon="-1.884490000">
        <ele>472.000</ele>
      </trkpt>
      <trkpt lat="42.675880000" lon="-1.884540000">
        <ele>472.000</ele>
      </trkpt>
      <trkpt lat="42.675920000" lon="-1.884580000">
        <ele>472.000</ele>
      </trkpt>
      <trkpt lat="42.675960000" lon="-1.884630000">
        <ele>472.000</ele>
      </trkpt>
      <trkpt lat="42.675970000" lon="-1.884640000">
        <ele>472.000</ele>
      </trkpt>
      <trkpt lat="42.676020000" lon="-1.884710000">
        <ele>472.000</ele>
      </trkpt>
      <trkpt lat="42.676060000" lon="-1.884780000">
        <ele>472.000</ele>
      </trkpt>
      <trkpt lat="42.676130000" lon="-1.884880000">
        <ele>472.000</ele>
      </trkpt>
      <trkpt lat="42.676150000" lon="-1.884950000">
        <ele>472.000</ele>
      </trkpt>
      <trkpt lat="42.676170000" lon="-1.885030000">
        <ele>472.000</ele>
      </trkpt>
      <trkpt lat="42.676220000" lon="-1.885190000">
        <ele>472.000</ele>
      </trkpt>
      <trkpt lat="42.676230000" lon="-1.885260000">
        <ele>472.000</ele>
      </trkpt>
      <trkpt lat="42.676270000" lon="-1.885430000">
        <ele>472.000</ele>
      </trkpt>
      <trkpt lat="42.676390000" lon="-1.885890000">
        <ele>472.000</ele>
      </trkpt>
      <trkpt lat="42.676480000" lon="-1.886230000">
        <ele>472.000</ele>
      </trkpt>
      <trkpt lat="42.676630000" lon="-1.886810000">
        <ele>472.000</ele>
      </trkpt>
      <trkpt lat="42.676730000" lon="-1.887150000">
        <ele>472.000</ele>
      </trkpt>
      <trkpt lat="42.676840000" lon="-1.887610000">
        <ele>471.000</ele>
      </trkpt>
      <trkpt lat="42.676900000" lon="-1.887790000">
        <ele>471.000</ele>
      </trkpt>
      <trkpt lat="42.676970000" lon="-1.888000000">
        <ele>470.000</ele>
      </trkpt>
      <trkpt lat="42.676980000" lon="-1.888010000">
        <ele>470.000</ele>
      </trkpt>
      <trkpt lat="42.677210000" lon="-1.888620000">
        <ele>470.000</ele>
      </trkpt>
      <trkpt lat="42.677240000" lon="-1.888700000">
        <ele>469.000</ele>
      </trkpt>
      <trkpt lat="42.677270000" lon="-1.888770000">
        <ele>469.000</ele>
      </trkpt>
      <trkpt lat="42.677470000" lon="-1.889280000">
        <ele>468.000</ele>
      </trkpt>
      <trkpt lat="42.677630000" lon="-1.889690000">
        <ele>466.000</ele>
      </trkpt>
      <trkpt lat="42.677640000" lon="-1.889690000">
        <ele>465.000</ele>
      </trkpt>
      <trkpt lat="42.677640000" lon="-1.889680000">
        <ele>465.000</ele>
      </trkpt>
      <trkpt lat="42.677650000" lon="-1.889680000">
        <ele>464.000</ele>
      </trkpt>
      <trkpt lat="42.677660000" lon="-1.889680000">
        <ele>464.000</ele>
      </trkpt>
      <trkpt lat="42.677660000" lon="-1.889670000">
        <ele>464.000</ele>
      </trkpt>
      <trkpt lat="42.677670000" lon="-1.889670000">
        <ele>464.000</ele>
      </trkpt>
      <trkpt lat="42.677680000" lon="-1.889670000">
        <ele>464.000</ele>
      </trkpt>
      <trkpt lat="42.677690000" lon="-1.889670000">
        <ele>463.000</ele>
      </trkpt>
      <trkpt lat="42.677700000" lon="-1.889670000">
        <ele>463.000</ele>
      </trkpt>
      <trkpt lat="42.677710000" lon="-1.889670000">
        <ele>463.000</ele>
      </trkpt>
      <trkpt lat="42.677710000" lon="-1.889680000">
        <ele>463.000</ele>
      </trkpt>
      <trkpt lat="42.677720000" lon="-1.889680000">
        <ele>463.000</ele>
      </trkpt>
      <trkpt lat="42.677730000" lon="-1.889680000">
        <ele>463.000</ele>
      </trkpt>
      <trkpt lat="42.677730000" lon="-1.889690000">
        <ele>463.000</ele>
      </trkpt>
      <trkpt lat="42.677740000" lon="-1.889690000">
        <ele>463.000</ele>
      </trkpt>
      <trkpt lat="42.677740000" lon="-1.889700000">
        <ele>463.000</ele>
      </trkpt>
      <trkpt lat="42.677750000" lon="-1.889700000">
        <ele>463.000</ele>
      </trkpt>
      <trkpt lat="42.677750000" lon="-1.889710000">
        <ele>463.000</ele>
      </trkpt>
      <trkpt lat="42.677760000" lon="-1.889720000">
        <ele>463.000</ele>
      </trkpt>
      <trkpt lat="42.677760000" lon="-1.889730000">
        <ele>463.000</ele>
      </trkpt>
      <trkpt lat="42.677770000" lon="-1.889730000">
        <ele>463.000</ele>
      </trkpt>
      <trkpt lat="42.677770000" lon="-1.889740000">
        <ele>463.000</ele>
      </trkpt>
      <trkpt lat="42.677770000" lon="-1.889750000">
        <ele>463.000</ele>
      </trkpt>
      <trkpt lat="42.677770000" lon="-1.889760000">
        <ele>463.000</ele>
      </trkpt>
      <trkpt lat="42.677780000" lon="-1.889770000">
        <ele>462.000</ele>
      </trkpt>
      <trkpt lat="42.677780000" lon="-1.889780000">
        <ele>462.000</ele>
      </trkpt>
      <trkpt lat="42.677780000" lon="-1.889790000">
        <ele>462.000</ele>
      </trkpt>
      <trkpt lat="42.677780000" lon="-1.889800000">
        <ele>462.000</ele>
      </trkpt>
      <trkpt lat="42.677780000" lon="-1.889810000">
        <ele>462.000</ele>
      </trkpt>
      <trkpt lat="42.677780000" lon="-1.889820000">
        <ele>462.000</ele>
      </trkpt>
      <trkpt lat="42.677770000" lon="-1.889830000">
        <ele>462.000</ele>
      </trkpt>
      <trkpt lat="42.677770000" lon="-1.889840000">
        <ele>462.000</ele>
      </trkpt>
      <trkpt lat="42.677770000" lon="-1.889850000">
        <ele>462.000</ele>
      </trkpt>
      <trkpt lat="42.677760000" lon="-1.889860000">
        <ele>462.000</ele>
      </trkpt>
      <trkpt lat="42.677760000" lon="-1.889870000">
        <ele>462.000</ele>
      </trkpt>
      <trkpt lat="42.677750000" lon="-1.889870000">
        <ele>462.000</ele>
      </trkpt>
      <trkpt lat="42.677750000" lon="-1.889880000">
        <ele>462.000</ele>
      </trkpt>
      <trkpt lat="42.677740000" lon="-1.889890000">
        <ele>462.000</ele>
      </trkpt>
      <trkpt lat="42.677730000" lon="-1.889890000">
        <ele>462.000</ele>
      </trkpt>
      <trkpt lat="42.677730000" lon="-1.889900000">
        <ele>462.000</ele>
      </trkpt>
      <trkpt lat="42.677720000" lon="-1.889900000">
        <ele>462.000</ele>
      </trkpt>
      <trkpt lat="42.677710000" lon="-1.889900000">
        <ele>462.000</ele>
      </trkpt>
      <trkpt lat="42.677710000" lon="-1.889910000">
        <ele>462.000</ele>
      </trkpt>
      <trkpt lat="42.677700000" lon="-1.889910000">
        <ele>462.000</ele>
      </trkpt>
      <trkpt lat="42.677830000" lon="-1.890210000">
        <ele>461.000</ele>
      </trkpt>
      <trkpt lat="42.677910000" lon="-1.890390000">
        <ele>460.000</ele>
      </trkpt>
      <trkpt lat="42.677920000" lon="-1.890420000">
        <ele>460.000</ele>
      </trkpt>
      <trkpt lat="42.677970000" lon="-1.890540000">
        <ele>459.000</ele>
      </trkpt>
      <trkpt lat="42.678050000" lon="-1.890780000">
        <ele>459.000</ele>
      </trkpt>
      <trkpt lat="42.678070000" lon="-1.890860000">
        <ele>459.000</ele>
      </trkpt>
      <trkpt lat="42.678110000" lon="-1.890990000">
        <ele>458.000</ele>
      </trkpt>
      <trkpt lat="42.678120000" lon="-1.891020000">
        <ele>458.000</ele>
      </trkpt>
      <trkpt lat="42.678130000" lon="-1.891090000">
        <ele>458.000</ele>
      </trkpt>
      <trkpt lat="42.678130000" lon="-1.891100000">
        <ele>458.000</ele>
      </trkpt>
      <trkpt lat="42.678160000" lon="-1.891230000">
        <ele>457.000</ele>
      </trkpt>
      <trkpt lat="42.678180000" lon="-1.891420000">
        <ele>457.000</ele>
      </trkpt>
      <trkpt lat="42.678190000" lon="-1.891600000">
        <ele>457.000</ele>
      </trkpt>
      <trkpt lat="42.678200000" lon="-1.891750000">
        <ele>457.000</ele>
      </trkpt>
      <trkpt lat="42.678200000" lon="-1.891930000">
        <ele>456.000</ele>
      </trkpt>
      <trkpt lat="42.678200000" lon="-1.891960000">
        <ele>456.000</ele>
      </trkpt>
      <trkpt lat="42.678190000" lon="-1.892060000">
        <ele>456.000</ele>
      </trkpt>
      <trkpt lat="42.678190000" lon="-1.892070000">
        <ele>456.000</ele>
      </trkpt>
      <trkpt lat="42.678180000" lon="-1.892130000">
        <ele>455.000</ele>
      </trkpt>
      <trkpt lat="42.678130000" lon="-1.892560000">
        <ele>455.000</ele>
      </trkpt>
      <trkpt lat="42.677940000" lon="-1.893890000">
        <ele>454.000</ele>
      </trkpt>
      <trkpt lat="42.677930000" lon="-1.893990000">
        <ele>453.000</ele>
      </trkpt>
      <trkpt lat="42.677910000" lon="-1.894120000">
        <ele>453.000</ele>
      </trkpt>
      <trkpt lat="42.677900000" lon="-1.894230000">
        <ele>452.000</ele>
      </trkpt>
      <trkpt lat="42.677830000" lon="-1.894720000">
        <ele>452.000</ele>
      </trkpt>
      <trkpt lat="42.677820000" lon="-1.894850000">
        <ele>452.000</ele>
      </trkpt>
      <trkpt lat="42.677740000" lon="-1.895430000">
        <ele>452.000</ele>
      </trkpt>
      <trkpt lat="42.677700000" lon="-1.895690000">
        <ele>452.000</ele>
      </trkpt>
      <trkpt lat="42.677690000" lon="-1.895780000">
        <ele>452.000</ele>
      </trkpt>
      <trkpt lat="42.677640000" lon="-1.896180000">
        <ele>452.000</ele>
      </trkpt>
      <trkpt lat="42.677600000" lon="-1.896420000">
        <ele>452.000</ele>
      </trkpt>
      <trkpt lat="42.677600000" lon="-1.896480000">
        <ele>452.000</ele>
      </trkpt>
      <trkpt lat="42.677590000" lon="-1.896510000">
        <ele>452.000</ele>
      </trkpt>
      <trkpt lat="42.677560000" lon="-1.896650000">
        <ele>452.000</ele>
      </trkpt>
      <trkpt lat="42.677550000" lon="-1.896700000">
        <ele>452.000</ele>
      </trkpt>
      <trkpt lat="42.677550000" lon="-1.896720000">
        <ele>451.000</ele>
      </trkpt>
      <trkpt lat="42.677470000" lon="-1.897110000">
        <ele>451.000</ele>
      </trkpt>
      <trkpt lat="42.677460000" lon="-1.897120000">
        <ele>450.000</ele>
      </trkpt>
      <trkpt lat="42.677340000" lon="-1.897580000">
        <ele>449.000</ele>
      </trkpt>
      <trkpt lat="42.677280000" lon="-1.897810000">
        <ele>448.000</ele>
      </trkpt>
      <trkpt lat="42.677200000" lon="-1.898080000">
        <ele>447.000</ele>
      </trkpt>
      <trkpt lat="42.677070000" lon="-1.898570000">
        <ele>445.000</ele>
      </trkpt>
      <trkpt lat="42.677010000" lon="-1.898800000">
        <ele>443.000</ele>
      </trkpt>
      <trkpt lat="42.676970000" lon="-1.898960000">
        <ele>442.000</ele>
      </trkpt>
      <trkpt lat="42.676950000" lon="-1.899020000">
        <ele>441.000</ele>
      </trkpt>
      <trkpt lat="42.676920000" lon="-1.899150000">
        <ele>441.000</ele>
      </trkpt>
      <trkpt lat="42.676910000" lon="-1.899190000">
        <ele>440.000</ele>
      </trkpt>
      <trkpt lat="42.676820000" lon="-1.899480000">
        <ele>439.000</ele>
      </trkpt>
      <trkpt lat="42.676800000" lon="-1.899580000">
        <ele>439.000</ele>
      </trkpt>
      <trkpt lat="42.676660000" lon="-1.900030000">
        <ele>437.000</ele>
      </trkpt>
      <trkpt lat="42.676660000" lon="-1.900060000">
        <ele>437.000</ele>
      </trkpt>
      <trkpt lat="42.676630000" lon="-1.900170000">
        <ele>436.000</ele>
      </trkpt>
      <trkpt lat="42.676610000" lon="-1.900230000">
        <ele>435.000</ele>
      </trkpt>
      <trkpt lat="42.676530000" lon="-1.900440000">
        <ele>435.000</ele>
      </trkpt>
      <trkpt lat="42.676320000" lon="-1.901020000">
        <ele>433.000</ele>
      </trkpt>
      <trkpt lat="42.676290000" lon="-1.901100000">
        <ele>432.000</ele>
      </trkpt>
      <trkpt lat="42.676050000" lon="-1.901770000">
        <ele>431.000</ele>
      </trkpt>
      <trkpt lat="42.675980000" lon="-1.901980000">
        <ele>429.000</ele>
      </trkpt>
      <trkpt lat="42.675940000" lon="-1.902100000">
        <ele>428.000</ele>
      </trkpt>
      <trkpt lat="42.675740000" lon="-1.902730000">
        <ele>426.000</ele>
      </trkpt>
      <trkpt lat="42.675460000" lon="-1.903540000">
        <ele>424.000</ele>
      </trkpt>
      <trkpt lat="42.675460000" lon="-1.903560000">
        <ele>422.000</ele>
      </trkpt>
      <trkpt lat="42.675410000" lon="-1.903670000">
        <ele>421.000</ele>
      </trkpt>
      <trkpt lat="42.675370000" lon="-1.903760000">
        <ele>420.000</ele>
      </trkpt>
      <trkpt lat="42.675100000" lon="-1.904280000">
        <ele>419.000</ele>
      </trkpt>
      <trkpt lat="42.674730000" lon="-1.904860000">
        <ele>417.000</ele>
      </trkpt>
      <trkpt lat="42.673890000" lon="-1.906150000">
        <ele>415.000</ele>
      </trkpt>
      <trkpt lat="42.673710000" lon="-1.906470000">
        <ele>412.000</ele>
      </trkpt>
      <trkpt lat="42.673560000" lon="-1.906790000">
        <ele>410.000</ele>
      </trkpt>
      <trkpt lat="42.673430000" lon="-1.907110000">
        <ele>408.000</ele>
      </trkpt>
      <trkpt lat="42.673280000" lon="-1.907570000">
        <ele>405.000</ele>
      </trkpt>
      <trkpt lat="42.673100000" lon="-1.908630000">
        <ele>402.000</ele>
      </trkpt>
      <trkpt lat="42.673060000" lon="-1.908850000">
        <ele>399.000</ele>
      </trkpt>
      <trkpt lat="42.673030000" lon="-1.909050000">
        <ele>397.000</ele>
      </trkpt>
      <trkpt lat="42.673030000" lon="-1.909110000">
        <ele>395.000</ele>
      </trkpt>
      <trkpt lat="42.673020000" lon="-1.909280000">
        <ele>394.000</ele>
      </trkpt>
      <trkpt lat="42.673030000" lon="-1.909570000">
        <ele>393.000</ele>
      </trkpt>
      <trkpt lat="42.673030000" lon="-1.909600000">
        <ele>392.000</ele>
      </trkpt>
      <trkpt lat="42.673040000" lon="-1.909810000">
        <ele>391.000</ele>
      </trkpt>
      <trkpt lat="42.673050000" lon="-1.909920000">
        <ele>390.000</ele>
      </trkpt>
      <trkpt lat="42.673050000" lon="-1.909980000">
        <ele>389.000</ele>
      </trkpt>
      <trkpt lat="42.673080000" lon="-1.910150000">
        <ele>389.000</ele>
      </trkpt>
      <trkpt lat="42.673170000" lon="-1.910800000">
        <ele>387.000</ele>
      </trkpt>
      <trkpt lat="42.673270000" lon="-1.911200000">
        <ele>386.000</ele>
      </trkpt>
      <trkpt lat="42.673340000" lon="-1.911500000">
        <ele>384.000</ele>
      </trkpt>
      <trkpt lat="42.673450000" lon="-1.911940000">
        <ele>383.000</ele>
      </trkpt>
      <trkpt lat="42.673490000" lon="-1.912090000">
        <ele>382.000</ele>
      </trkpt>
      <trkpt lat="42.673590000" lon="-1.912460000">
        <ele>381.000</ele>
      </trkpt>
      <trkpt lat="42.673760000" lon="-1.913000000">
        <ele>379.000</ele>
      </trkpt>
      <trkpt lat="42.673970000" lon="-1.913670000">
        <ele>378.000</ele>
      </trkpt>
      <trkpt lat="42.674040000" lon="-1.913900000">
        <ele>377.000</ele>
      </trkpt>
      <trkpt lat="42.674260000" lon="-1.914570000">
        <ele>376.000</ele>
      </trkpt>
      <trkpt lat="42.674350000" lon="-1.914890000">
        <ele>375.000</ele>
      </trkpt>
      <trkpt lat="42.674550000" lon="-1.915520000">
        <ele>375.000</ele>
      </trkpt>
      <trkpt lat="42.674560000" lon="-1.915560000">
        <ele>374.000</ele>
      </trkpt>
      <trkpt lat="42.674910000" lon="-1.916640000">
        <ele>374.000</ele>
      </trkpt>
      <trkpt lat="42.674920000" lon="-1.916680000">
        <ele>374.000</ele>
      </trkpt>
      <trkpt lat="42.674980000" lon="-1.916860000">
        <ele>374.000</ele>
      </trkpt>
      <trkpt lat="42.675000000" lon="-1.916910000">
        <ele>374.000</ele>
      </trkpt>
      <trkpt lat="42.675210000" lon="-1.917580000">
        <ele>374.000</ele>
      </trkpt>
      <trkpt lat="42.675500000" lon="-1.918480000">
        <ele>375.000</ele>
      </trkpt>
      <trkpt lat="42.675560000" lon="-1.918650000">
        <ele>375.000</ele>
      </trkpt>
      <trkpt lat="42.675570000" lon="-1.918700000">
        <ele>375.000</ele>
      </trkpt>
      <trkpt lat="42.675770000" lon="-1.919320000">
        <ele>376.000</ele>
      </trkpt>
      <trkpt lat="42.675790000" lon="-1.919370000">
        <ele>376.000</ele>
      </trkpt>
      <trkpt lat="42.675830000" lon="-1.919520000">
        <ele>376.000</ele>
      </trkpt>
      <trkpt lat="42.676140000" lon="-1.920430000">
        <ele>378.000</ele>
      </trkpt>
      <trkpt lat="42.676220000" lon="-1.920650000">
        <ele>379.000</ele>
      </trkpt>
      <trkpt lat="42.676230000" lon="-1.920710000">
        <ele>380.000</ele>
      </trkpt>
      <trkpt lat="42.676290000" lon="-1.920880000">
        <ele>381.000</ele>
      </trkpt>
      <trkpt lat="42.676310000" lon="-1.920930000">
        <ele>381.000</ele>
      </trkpt>
      <trkpt lat="42.676590000" lon="-1.921780000">
        <ele>383.000</ele>
      </trkpt>
      <trkpt lat="42.676640000" lon="-1.921900000">
        <ele>384.000</ele>
      </trkpt>
      <trkpt lat="42.676730000" lon="-1.922110000">
        <ele>384.000</ele>
      </trkpt>
      <trkpt lat="42.676900000" lon="-1.922540000">
        <ele>385.000</ele>
      </trkpt>
      <trkpt lat="42.677070000" lon="-1.922970000">
        <ele>386.000</ele>
      </trkpt>
      <trkpt lat="42.677190000" lon="-1.923260000">
        <ele>386.000</ele>
      </trkpt>
      <trkpt lat="42.677190000" lon="-1.923260000">
        <ele>387.000</ele>
      </trkpt>
      <trkpt lat="42.677210000" lon="-1.923250000">
        <ele>387.000</ele>
      </trkpt>
      <trkpt lat="42.677220000" lon="-1.923240000">
        <ele>387.000</ele>
      </trkpt>
      <trkpt lat="42.677240000" lon="-1.923240000">
        <ele>387.000</ele>
      </trkpt>
      <trkpt lat="42.677250000" lon="-1.923240000">
        <ele>387.000</ele>
      </trkpt>
      <trkpt lat="42.677270000" lon="-1.923240000">
        <ele>387.000</ele>
      </trkpt>
      <trkpt lat="42.677280000" lon="-1.923240000">
        <ele>387.000</ele>
      </trkpt>
      <trkpt lat="42.677300000" lon="-1.923250000">
        <ele>387.000</ele>
      </trkpt>
      <trkpt lat="42.677310000" lon="-1.923250000">
        <ele>387.000</ele>
      </trkpt>
      <trkpt lat="42.677330000" lon="-1.923260000">
        <ele>387.000</ele>
      </trkpt>
      <trkpt lat="42.677340000" lon="-1.923270000">
        <ele>388.000</ele>
      </trkpt>
      <trkpt lat="42.677360000" lon="-1.923280000">
        <ele>388.000</ele>
      </trkpt>
      <trkpt lat="42.677370000" lon="-1.923290000">
        <ele>388.000</ele>
      </trkpt>
      <trkpt lat="42.677380000" lon="-1.923300000">
        <ele>388.000</ele>
      </trkpt>
      <trkpt lat="42.677390000" lon="-1.923310000">
        <ele>388.000</ele>
      </trkpt>
      <trkpt lat="42.677400000" lon="-1.923320000">
        <ele>388.000</ele>
      </trkpt>
      <trkpt lat="42.677410000" lon="-1.923330000">
        <ele>388.000</ele>
      </trkpt>
      <trkpt lat="42.677410000" lon="-1.923340000">
        <ele>388.000</ele>
      </trkpt>
      <trkpt lat="42.677420000" lon="-1.923360000">
        <ele>388.000</ele>
      </trkpt>
      <trkpt lat="42.677430000" lon="-1.923380000">
        <ele>388.000</ele>
      </trkpt>
      <trkpt lat="42.677440000" lon="-1.923400000">
        <ele>388.000</ele>
      </trkpt>
      <trkpt lat="42.677440000" lon="-1.923420000">
        <ele>388.000</ele>
      </trkpt>
      <trkpt lat="42.677450000" lon="-1.923440000">
        <ele>388.000</ele>
      </trkpt>
      <trkpt lat="42.677450000" lon="-1.923460000">
        <ele>388.000</ele>
      </trkpt>
      <trkpt lat="42.677450000" lon="-1.923490000">
        <ele>388.000</ele>
      </trkpt>
      <trkpt lat="42.677450000" lon="-1.923510000">
        <ele>388.000</ele>
      </trkpt>
      <trkpt lat="42.677450000" lon="-1.923530000">
        <ele>388.000</ele>
      </trkpt>
      <trkpt lat="42.677450000" lon="-1.923550000">
        <ele>388.000</ele>
      </trkpt>
      <trkpt lat="42.677440000" lon="-1.923570000">
        <ele>388.000</ele>
      </trkpt>
      <trkpt lat="42.677440000" lon="-1.923590000">
        <ele>388.000</ele>
      </trkpt>
      <trkpt lat="42.677430000" lon="-1.923610000">
        <ele>388.000</ele>
      </trkpt>
      <trkpt lat="42.677430000" lon="-1.923630000">
        <ele>388.000</ele>
      </trkpt>
      <trkpt lat="42.677420000" lon="-1.923650000">
        <ele>388.000</ele>
      </trkpt>
      <trkpt lat="42.677650000" lon="-1.923910000">
        <ele>388.000</ele>
      </trkpt>
      <trkpt lat="42.677720000" lon="-1.923990000">
        <ele>388.000</ele>
      </trkpt>
      <trkpt lat="42.677940000" lon="-1.924270000">
        <ele>388.000</ele>
      </trkpt>
      <trkpt lat="42.678120000" lon="-1.924510000">
        <ele>387.000</ele>
      </trkpt>
      <trkpt lat="42.678200000" lon="-1.924620000">
        <ele>387.000</ele>
      </trkpt>
      <trkpt lat="42.678420000" lon="-1.924960000">
        <ele>386.000</ele>
      </trkpt>
      <trkpt lat="42.678530000" lon="-1.925160000">
        <ele>386.000</ele>
      </trkpt>
      <trkpt lat="42.678600000" lon="-1.925300000">
        <ele>385.000</ele>
      </trkpt>
      <trkpt lat="42.678650000" lon="-1.925400000">
        <ele>385.000</ele>
      </trkpt>
      <trkpt lat="42.678690000" lon="-1.925460000">
        <ele>384.000</ele>
      </trkpt>
      <trkpt lat="42.678900000" lon="-1.925950000">
        <ele>384.000</ele>
      </trkpt>
      <trkpt lat="42.678930000" lon="-1.926040000">
        <ele>383.000</ele>
      </trkpt>
      <trkpt lat="42.679030000" lon="-1.926440000">
        <ele>383.000</ele>
      </trkpt>
      <trkpt lat="42.679080000" lon="-1.926680000">
        <ele>383.000</ele>
      </trkpt>
      <trkpt lat="42.679090000" lon="-1.926730000">
        <ele>383.000</ele>
      </trkpt>
      <trkpt lat="42.679130000" lon="-1.926920000">
        <ele>382.000</ele>
      </trkpt>
      <trkpt lat="42.679140000" lon="-1.926970000">
        <ele>382.000</ele>
      </trkpt>
      <trkpt lat="42.679150000" lon="-1.927040000">
        <ele>382.000</ele>
      </trkpt>
      <trkpt lat="42.679180000" lon="-1.927250000">
        <ele>382.000</ele>
      </trkpt>
      <trkpt lat="42.679190000" lon="-1.927400000">
        <ele>382.000</ele>
      </trkpt>
      <trkpt lat="42.679210000" lon="-1.927580000">
        <ele>382.000</ele>
      </trkpt>
      <trkpt lat="42.679210000" lon="-1.927640000">
        <ele>382.000</ele>
      </trkpt>
      <trkpt lat="42.679220000" lon="-1.927860000">
        <ele>382.000</ele>
      </trkpt>
      <trkpt lat="42.679200000" lon="-1.928180000">
        <ele>382.000</ele>
      </trkpt>
      <trkpt lat="42.679190000" lon="-1.928370000">
        <ele>382.000</ele>
      </trkpt>
      <trkpt lat="42.679180000" lon="-1.928510000">
        <ele>382.000</ele>
      </trkpt>
      <trkpt lat="42.679140000" lon="-1.928770000">
        <ele>382.000</ele>
      </trkpt>
      <trkpt lat="42.679110000" lon="-1.928980000">
        <ele>382.000</ele>
      </trkpt>
      <trkpt lat="42.679100000" lon="-1.929050000">
        <ele>382.000</ele>
      </trkpt>
      <trkpt lat="42.679040000" lon="-1.929330000">
        <ele>382.000</ele>
      </trkpt>
      <trkpt lat="42.679000000" lon="-1.929540000">
        <ele>383.000</ele>
      </trkpt>
      <trkpt lat="42.678930000" lon="-1.929870000">
        <ele>383.000</ele>
      </trkpt>
      <trkpt lat="42.678890000" lon="-1.930090000">
        <ele>384.000</ele>
      </trkpt>
      <trkpt lat="42.678850000" lon="-1.930280000">
        <ele>384.000</ele>
      </trkpt>
      <trkpt lat="42.678800000" lon="-1.930580000">
        <ele>384.000</ele>
      </trkpt>
      <trkpt lat="42.678790000" lon="-1.930680000">
        <ele>385.000</ele>
      </trkpt>
      <trkpt lat="42.678780000" lon="-1.930860000">
        <ele>385.000</ele>
      </trkpt>
      <trkpt lat="42.678760000" lon="-1.931180000">
        <ele>385.000</ele>
      </trkpt>
      <trkpt lat="42.678760000" lon="-1.931350000">
        <ele>386.000</ele>
      </trkpt>
      <trkpt lat="42.678760000" lon="-1.931370000">
        <ele>386.000</ele>
      </trkpt>
      <trkpt lat="42.678770000" lon="-1.931510000">
        <ele>387.000</ele>
      </trkpt>
      <trkpt lat="42.678770000" lon="-1.931550000">
        <ele>387.000</ele>
      </trkpt>
      <trkpt lat="42.678780000" lon="-1.931890000">
        <ele>388.000</ele>
      </trkpt>
      <trkpt lat="42.678800000" lon="-1.932140000">
        <ele>389.000</ele>
      </trkpt>
      <trkpt lat="42.678810000" lon="-1.932240000">
        <ele>389.000</ele>
      </trkpt>
      <trkpt lat="42.678820000" lon="-1.932330000">
        <ele>390.000</ele>
      </trkpt>
      <trkpt lat="42.678830000" lon="-1.932480000">
        <ele>390.000</ele>
      </trkpt>
      <trkpt lat="42.678870000" lon="-1.932890000">
        <ele>391.000</ele>
      </trkpt>
      <trkpt lat="42.678880000" lon="-1.932970000">
        <ele>392.000</ele>
      </trkpt>
      <trkpt lat="42.678890000" lon="-1.933100000">
        <ele>392.000</ele>
      </trkpt>
      <trkpt lat="42.678890000" lon="-1.933140000">
        <ele>393.000</ele>
      </trkpt>
      <trkpt lat="42.678890000" lon="-1.933210000">
        <ele>393.000</ele>
      </trkpt>
      <trkpt lat="42.678900000" lon="-1.933450000">
        <ele>393.000</ele>
      </trkpt>
      <trkpt lat="42.678900000" lon="-1.933460000">
        <ele>394.000</ele>
      </trkpt>
      <trkpt lat="42.678900000" lon="-1.933630000">
        <ele>394.000</ele>
      </trkpt>
      <trkpt lat="42.678900000" lon="-1.933700000">
        <ele>395.000</ele>
      </trkpt>
      <trkpt lat="42.678900000" lon="-1.933830000">
        <ele>395.000</ele>
      </trkpt>
      <trkpt lat="42.678890000" lon="-1.933870000">
        <ele>396.000</ele>
      </trkpt>
      <trkpt lat="42.678890000" lon="-1.933950000">
        <ele>396.000</ele>
      </trkpt>
      <trkpt lat="42.678860000" lon="-1.934430000">
        <ele>398.000</ele>
      </trkpt>
      <trkpt lat="42.678860000" lon="-1.934450000">
        <ele>399.000</ele>
      </trkpt>
      <trkpt lat="42.678840000" lon="-1.934680000">
        <ele>400.000</ele>
      </trkpt>
      <trkpt lat="42.678830000" lon="-1.934920000">
        <ele>401.000</ele>
      </trkpt>
      <trkpt lat="42.678820000" lon="-1.935090000">
        <ele>402.000</ele>
      </trkpt>
      <trkpt lat="42.678820000" lon="-1.935100000">
        <ele>402.000</ele>
      </trkpt>
      <trkpt lat="42.678810000" lon="-1.935170000">
        <ele>403.000</ele>
      </trkpt>
      <trkpt lat="42.678800000" lon="-1.935340000">
        <ele>404.000</ele>
      </trkpt>
      <trkpt lat="42.678790000" lon="-1.935410000">
        <ele>404.000</ele>
      </trkpt>
      <trkpt lat="42.678790000" lon="-1.935510000">
        <ele>405.000</ele>
      </trkpt>
      <trkpt lat="42.678780000" lon="-1.935650000">
        <ele>406.000</ele>
      </trkpt>
      <trkpt lat="42.678770000" lon="-1.935830000">
        <ele>407.000</ele>
      </trkpt>
      <trkpt lat="42.678760000" lon="-1.935900000">
        <ele>407.000</ele>
      </trkpt>
      <trkpt lat="42.678740000" lon="-1.936320000">
        <ele>408.000</ele>
      </trkpt>
      <trkpt lat="42.678740000" lon="-1.936330000">
        <ele>408.000</ele>
      </trkpt>
      <trkpt lat="42.678690000" lon="-1.936840000">
        <ele>409.000</ele>
      </trkpt>
      <trkpt lat="42.678620000" lon="-1.937320000">
        <ele>410.000</ele>
      </trkpt>
      <trkpt lat="42.678490000" lon="-1.937960000">
        <ele>411.000</ele>
      </trkpt>
      <trkpt lat="42.678430000" lon="-1.938220000">
        <ele>412.000</ele>
      </trkpt>
      <trkpt lat="42.678430000" lon="-1.938240000">
        <ele>413.000</ele>
      </trkpt>
      <trkpt lat="42.678380000" lon="-1.938440000">
        <ele>413.000</ele>
      </trkpt>
      <trkpt lat="42.678380000" lon="-1.938480000">
        <ele>414.000</ele>
      </trkpt>
      <trkpt lat="42.678320000" lon="-1.938700000">
        <ele>415.000</ele>
      </trkpt>
      <trkpt lat="42.678320000" lon="-1.938710000">
        <ele>415.000</ele>
      </trkpt>
      <trkpt lat="42.678270000" lon="-1.938890000">
        <ele>416.000</ele>
      </trkpt>
      <trkpt lat="42.678250000" lon="-1.938940000">
        <ele>416.000</ele>
      </trkpt>
      <trkpt lat="42.678230000" lon="-1.939030000">
        <ele>417.000</ele>
      </trkpt>
      <trkpt lat="42.678190000" lon="-1.939120000">
        <ele>418.000</ele>
      </trkpt>
      <trkpt lat="42.678170000" lon="-1.939150000">
        <ele>418.000</ele>
      </trkpt>
      <trkpt lat="42.678130000" lon="-1.939240000">
        <ele>419.000</ele>
      </trkpt>
      <trkpt lat="42.678070000" lon="-1.939360000">
        <ele>419.000</ele>
      </trkpt>
      <trkpt lat="42.678050000" lon="-1.939380000">
        <ele>420.000</ele>
      </trkpt>
      <trkpt lat="42.677970000" lon="-1.939490000">
        <ele>420.000</ele>
      </trkpt>
      <trkpt lat="42.677940000" lon="-1.939530000">
        <ele>421.000</ele>
      </trkpt>
      <trkpt lat="42.677880000" lon="-1.939600000">
        <ele>422.000</ele>
      </trkpt>
      <trkpt lat="42.677800000" lon="-1.939680000">
        <ele>422.000</ele>
      </trkpt>
      <trkpt lat="42.677780000" lon="-1.939710000">
        <ele>423.000</ele>
      </trkpt>
      <trkpt lat="42.677660000" lon="-1.939830000">
        <ele>424.000</ele>
      </trkpt>
      <trkpt lat="42.677610000" lon="-1.939870000">
        <ele>424.000</ele>
      </trkpt>
      <trkpt lat="42.677500000" lon="-1.939970000">
        <ele>425.000</ele>
      </trkpt>
      <trkpt lat="42.677350000" lon="-1.940100000">
        <ele>426.000</ele>
      </trkpt>
      <trkpt lat="42.677290000" lon="-1.940150000">
        <ele>427.000</ele>
      </trkpt>
      <trkpt lat="42.677200000" lon="-1.940230000">
        <ele>428.000</ele>
      </trkpt>
      <trkpt lat="42.677040000" lon="-1.940360000">
        <ele>429.000</ele>
      </trkpt>
      <trkpt lat="42.677040000" lon="-1.940370000">
        <ele>429.000</ele>
      </trkpt>
      <trkpt lat="42.676840000" lon="-1.940550000">
        <ele>430.000</ele>
      </trkpt>
      <trkpt lat="42.676750000" lon="-1.940630000">
        <ele>431.000</ele>
      </trkpt>
      <trkpt lat="42.676730000" lon="-1.940640000">
        <ele>432.000</ele>
      </trkpt>
      <trkpt lat="42.676550000" lon="-1.940780000">
        <ele>433.000</ele>
      </trkpt>
      <trkpt lat="42.676410000" lon="-1.940930000">
        <ele>434.000</ele>
      </trkpt>
      <trkpt lat="42.676280000" lon="-1.941070000">
        <ele>435.000</ele>
      </trkpt>
      <trkpt lat="42.676150000" lon="-1.941220000">
        <ele>436.000</ele>
      </trkpt>
      <trkpt lat="42.676010000" lon="-1.941410000">
        <ele>437.000</ele>
      </trkpt>
      <trkpt lat="42.675860000" lon="-1.941650000">
        <ele>439.000</ele>
      </trkpt>
      <trkpt lat="42.675780000" lon="-1.941800000">
        <ele>440.000</ele>
      </trkpt>
      <trkpt lat="42.675750000" lon="-1.941860000">
        <ele>441.000</ele>
      </trkpt>
      <trkpt lat="42.675680000" lon="-1.942010000">
        <ele>442.000</ele>
      </trkpt>
      <trkpt lat="42.675610000" lon="-1.942160000">
        <ele>442.000</ele>
      </trkpt>
      <trkpt lat="42.675530000" lon="-1.942340000">
        <ele>443.000</ele>
      </trkpt>
      <trkpt lat="42.675470000" lon="-1.942490000">
        <ele>443.000</ele>
      </trkpt>
      <trkpt lat="42.675420000" lon="-1.942630000">
        <ele>444.000</ele>
      </trkpt>
      <trkpt lat="42.675380000" lon="-1.942750000">
        <ele>444.000</ele>
      </trkpt>
      <trkpt lat="42.675330000" lon="-1.942900000">
        <ele>445.000</ele>
      </trkpt>
      <trkpt lat="42.675280000" lon="-1.943100000">
        <ele>445.000</ele>
      </trkpt>
      <trkpt lat="42.675210000" lon="-1.943310000">
        <ele>446.000</ele>
      </trkpt>
      <trkpt lat="42.675060000" lon="-1.944090000">
        <ele>447.000</ele>
      </trkpt>
      <trkpt lat="42.675050000" lon="-1.944120000">
        <ele>447.000</ele>
      </trkpt>
      <trkpt lat="42.674980000" lon="-1.944450000">
        <ele>448.000</ele>
      </trkpt>
      <trkpt lat="42.674950000" lon="-1.944530000">
        <ele>448.000</ele>
      </trkpt>
      <trkpt lat="42.674930000" lon="-1.944610000">
        <ele>448.000</ele>
      </trkpt>
      <trkpt lat="42.674910000" lon="-1.944650000">
        <ele>449.000</ele>
      </trkpt>
      <trkpt lat="42.674890000" lon="-1.944680000">
        <ele>449.000</ele>
      </trkpt>
      <trkpt lat="42.674880000" lon="-1.944700000">
        <ele>449.000</ele>
      </trkpt>
      <trkpt lat="42.674850000" lon="-1.944740000">
        <ele>449.000</ele>
      </trkpt>
      <trkpt lat="42.674770000" lon="-1.944820000">
        <ele>449.000</ele>
      </trkpt>
      <trkpt lat="42.674720000" lon="-1.944860000">
        <ele>449.000</ele>
      </trkpt>
      <trkpt lat="42.674690000" lon="-1.944880000">
        <ele>449.000</ele>
      </trkpt>
      <trkpt lat="42.674670000" lon="-1.944900000">
        <ele>449.000</ele>
      </trkpt>
      <trkpt lat="42.674590000" lon="-1.944950000">
        <ele>449.000</ele>
      </trkpt>
      <trkpt lat="42.674330000" lon="-1.945090000">
        <ele>449.000</ele>
      </trkpt>
      <trkpt lat="42.673940000" lon="-1.945300000">
        <ele>450.000</ele>
      </trkpt>
      <trkpt lat="42.673620000" lon="-1.945460000">
        <ele>450.000</ele>
      </trkpt>
      <trkpt lat="42.673590000" lon="-1.945480000">
        <ele>450.000</ele>
      </trkpt>
      <trkpt lat="42.673310000" lon="-1.945630000">
        <ele>450.000</ele>
      </trkpt>
      <trkpt lat="42.673220000" lon="-1.945700000">
        <ele>450.000</ele>
      </trkpt>
      <trkpt lat="42.673130000" lon="-1.945760000">
        <ele>450.000</ele>
      </trkpt>
      <trkpt lat="42.673020000" lon="-1.945840000">
        <ele>450.000</ele>
      </trkpt>
      <trkpt lat="42.672950000" lon="-1.945930000">
        <ele>450.000</ele>
      </trkpt>
      <trkpt lat="42.672850000" lon="-1.946070000">
        <ele>450.000</ele>
      </trkpt>
      <trkpt lat="42.672740000" lon="-1.946230000">
        <ele>450.000</ele>
      </trkpt>
      <trkpt lat="42.672680000" lon="-1.946340000">
        <ele>450.000</ele>
      </trkpt>
      <trkpt lat="42.672590000" lon="-1.946480000">
        <ele>450.000</ele>
      </trkpt>
      <trkpt lat="42.672560000" lon="-1.946530000">
        <ele>450.000</ele>
      </trkpt>
      <trkpt lat="42.672420000" lon="-1.946730000">
        <ele>450.000</ele>
      </trkpt>
      <trkpt lat="42.672280000" lon="-1.946920000">
        <ele>450.000</ele>
      </trkpt>
      <trkpt lat="42.672140000" lon="-1.947100000">
        <ele>450.000</ele>
      </trkpt>
      <trkpt lat="42.672000000" lon="-1.947260000">
        <ele>451.000</ele>
      </trkpt>
      <trkpt lat="42.671870000" lon="-1.947420000">
        <ele>451.000</ele>
      </trkpt>
      <trkpt lat="42.671870000" lon="-1.947430000">
        <ele>452.000</ele>
      </trkpt>
      <trkpt lat="42.671600000" lon="-1.947750000">
        <ele>453.000</ele>
      </trkpt>
      <trkpt lat="42.671470000" lon="-1.947920000">
        <ele>454.000</ele>
      </trkpt>
      <trkpt lat="42.670800000" lon="-1.948730000">
        <ele>456.000</ele>
      </trkpt>
      <trkpt lat="42.670600000" lon="-1.949000000">
        <ele>458.000</ele>
      </trkpt>
      <trkpt lat="42.670540000" lon="-1.949090000">
        <ele>460.000</ele>
      </trkpt>
      <trkpt lat="42.670480000" lon="-1.949190000">
        <ele>461.000</ele>
      </trkpt>
      <trkpt lat="42.670400000" lon="-1.949320000">
        <ele>462.000</ele>
      </trkpt>
      <trkpt lat="42.670390000" lon="-1.949340000">
        <ele>463.000</ele>
      </trkpt>
      <trkpt lat="42.670380000" lon="-1.949360000">
        <ele>463.000</ele>
      </trkpt>
      <trkpt lat="42.670340000" lon="-1.949420000">
        <ele>464.000</ele>
      </trkpt>
      <trkpt lat="42.670300000" lon="-1.949500000">
        <ele>464.000</ele>
      </trkpt>
      <trkpt lat="42.670290000" lon="-1.949510000">
        <ele>464.000</ele>
      </trkpt>
      <trkpt lat="42.670060000" lon="-1.949930000">
        <ele>465.000</ele>
      </trkpt>
      <trkpt lat="42.669990000" lon="-1.950060000">
        <ele>466.000</ele>
      </trkpt>
      <trkpt lat="42.669830000" lon="-1.950420000">
        <ele>467.000</ele>
      </trkpt>
      <trkpt lat="42.669620000" lon="-1.951010000">
        <ele>469.000</ele>
      </trkpt>
      <trkpt lat="42.669310000" lon="-1.951790000">
        <ele>471.000</ele>
      </trkpt>
      <trkpt lat="42.669100000" lon="-1.952330000">
        <ele>473.000</ele>
      </trkpt>
      <trkpt lat="42.668930000" lon="-1.952820000">
        <ele>474.000</ele>
      </trkpt>
      <trkpt lat="42.668870000" lon="-1.953020000">
        <ele>475.000</ele>
      </trkpt>
      <trkpt lat="42.668740000" lon="-1.953410000">
        <ele>476.000</ele>
      </trkpt>
      <trkpt lat="42.668600000" lon="-1.953830000">
        <ele>477.000</ele>
      </trkpt>
      <trkpt lat="42.668540000" lon="-1.954020000">
        <ele>477.000</ele>
      </trkpt>
      <trkpt lat="42.668380000" lon="-1.954570000">
        <ele>478.000</ele>
      </trkpt>
      <trkpt lat="42.668360000" lon="-1.954670000">
        <ele>478.000</ele>
      </trkpt>
      <trkpt lat="42.668350000" lon="-1.954730000">
        <ele>478.000</ele>
      </trkpt>
      <trkpt lat="42.668340000" lon="-1.954790000">
        <ele>478.000</ele>
      </trkpt>
      <trkpt lat="42.668350000" lon="-1.954860000">
        <ele>478.000</ele>
      </trkpt>
      <trkpt lat="42.668350000" lon="-1.954860000">
        <ele>478.000</ele>
      </trkpt>
      <trkpt lat="42.668390000" lon="-1.954860000">
        <ele>478.000</ele>
      </trkpt>
      <trkpt lat="42.668420000" lon="-1.954860000">
        <ele>478.000</ele>
      </trkpt>
      <trkpt lat="42.668440000" lon="-1.954860000">
        <ele>478.000</ele>
      </trkpt>
      <trkpt lat="42.668470000" lon="-1.954870000">
        <ele>478.000</ele>
      </trkpt>
      <trkpt lat="42.668490000" lon="-1.954890000">
        <ele>478.000</ele>
      </trkpt>
      <trkpt lat="42.668520000" lon="-1.954900000">
        <ele>478.000</ele>
      </trkpt>
      <trkpt lat="42.668540000" lon="-1.954920000">
        <ele>478.000</ele>
      </trkpt>
      <trkpt lat="42.668560000" lon="-1.954950000">
        <ele>478.000</ele>
      </trkpt>
      <trkpt lat="42.668590000" lon="-1.955000000">
        <ele>478.000</ele>
      </trkpt>
      <trkpt lat="42.668600000" lon="-1.955030000">
        <ele>478.000</ele>
      </trkpt>
      <trkpt lat="42.668620000" lon="-1.955060000">
        <ele>478.000</ele>
      </trkpt>
      <trkpt lat="42.668630000" lon="-1.955090000">
        <ele>478.000</ele>
      </trkpt>
      <trkpt lat="42.668630000" lon="-1.955130000">
        <ele>478.000</ele>
      </trkpt>
      <trkpt lat="42.668640000" lon="-1.955170000">
        <ele>478.000</ele>
      </trkpt>
      <trkpt lat="42.668640000" lon="-1.955200000">
        <ele>478.000</ele>
      </trkpt>
      <trkpt lat="42.668640000" lon="-1.955240000">
        <ele>478.000</ele>
      </trkpt>
      <trkpt lat="42.668630000" lon="-1.955270000">
        <ele>478.000</ele>
      </trkpt>
      <trkpt lat="42.668630000" lon="-1.955310000">
        <ele>478.000</ele>
      </trkpt>
      <trkpt lat="42.668600000" lon="-1.955370000">
        <ele>478.000</ele>
      </trkpt>
      <trkpt lat="42.668580000" lon="-1.955400000">
        <ele>478.000</ele>
      </trkpt>
      <trkpt lat="42.668560000" lon="-1.955420000">
        <ele>478.000</ele>
      </trkpt>
      <trkpt lat="42.668540000" lon="-1.955440000">
        <ele>478.000</ele>
      </trkpt>
      <trkpt lat="42.668510000" lon="-1.955460000">
        <ele>478.000</ele>
      </trkpt>
      <trkpt lat="42.668490000" lon="-1.955470000">
        <ele>478.000</ele>
      </trkpt>
      <trkpt lat="42.668460000" lon="-1.955480000">
        <ele>478.000</ele>
      </trkpt>
      <trkpt lat="42.668430000" lon="-1.955490000">
        <ele>478.000</ele>
      </trkpt>
      <trkpt lat="42.668410000" lon="-1.955490000">
        <ele>478.000</ele>
      </trkpt>
      <trkpt lat="42.668360000" lon="-1.955490000">
        <ele>478.000</ele>
      </trkpt>
      <trkpt lat="42.668340000" lon="-1.955480000">
        <ele>478.000</ele>
      </trkpt>
      <trkpt lat="42.668310000" lon="-1.955470000">
        <ele>478.000</ele>
      </trkpt>
      <trkpt lat="42.668290000" lon="-1.955460000">
        <ele>478.000</ele>
      </trkpt>
      <trkpt lat="42.668270000" lon="-1.955440000">
        <ele>478.000</ele>
      </trkpt>
      <trkpt lat="42.668250000" lon="-1.955420000">
        <ele>478.000</ele>
      </trkpt>
      <trkpt lat="42.668230000" lon="-1.955390000">
        <ele>478.000</ele>
      </trkpt>
      <trkpt lat="42.668210000" lon="-1.955360000">
        <ele>478.000</ele>
      </trkpt>
      <trkpt lat="42.668160000" lon="-1.955450000">
        <ele>478.000</ele>
      </trkpt>
      <trkpt lat="42.668130000" lon="-1.955500000">
        <ele>478.000</ele>
      </trkpt>
      <trkpt lat="42.668120000" lon="-1.955530000">
        <ele>478.000</ele>
      </trkpt>
      <trkpt lat="42.668080000" lon="-1.955660000">
        <ele>478.000</ele>
      </trkpt>
      <trkpt lat="42.667980000" lon="-1.956090000">
        <ele>478.000</ele>
      </trkpt>
      <trkpt lat="42.667850000" lon="-1.956550000">
        <ele>478.000</ele>
      </trkpt>
      <trkpt lat="42.667710000" lon="-1.957090000">
        <ele>478.000</ele>
      </trkpt>
      <trkpt lat="42.667680000" lon="-1.957170000">
        <ele>478.000</ele>
      </trkpt>
      <trkpt lat="42.667660000" lon="-1.957260000">
        <ele>478.000</ele>
      </trkpt>
      <trkpt lat="42.667520000" lon="-1.957810000">
        <ele>478.000</ele>
      </trkpt>
      <trkpt lat="42.667370000" lon="-1.958390000">
        <ele>479.000</ele>
      </trkpt>
      <trkpt lat="42.667130000" lon="-1.959400000">
        <ele>481.000</ele>
      </trkpt>
      <trkpt lat="42.666990000" lon="-1.960020000">
        <ele>483.000</ele>
      </trkpt>
      <trkpt lat="42.666930000" lon="-1.960250000">
        <ele>485.000</ele>
      </trkpt>
      <trkpt lat="42.666720000" lon="-1.961190000">
        <ele>486.000</ele>
      </trkpt>
      <trkpt lat="42.666700000" lon="-1.961290000">
        <ele>487.000</ele>
      </trkpt>
      <trkpt lat="42.666680000" lon="-1.961380000">
        <ele>488.000</ele>
      </trkpt>
      <trkpt lat="42.666560000" lon="-1.962130000">
        <ele>489.000</ele>
      </trkpt>
      <trkpt lat="42.666510000" lon="-1.962510000">
        <ele>489.000</ele>
      </trkpt>
      <trkpt lat="42.666450000" lon="-1.962910000">
        <ele>489.000</ele>
      </trkpt>
      <trkpt lat="42.666410000" lon="-1.963480000">
        <ele>489.000</ele>
      </trkpt>
      <trkpt lat="42.666400000" lon="-1.963540000">
        <ele>489.000</ele>
      </trkpt>
      <trkpt lat="42.666390000" lon="-1.963720000">
        <ele>489.000</ele>
      </trkpt>
      <trkpt lat="42.666370000" lon="-1.964100000">
        <ele>489.000</ele>
      </trkpt>
      <trkpt lat="42.666370000" lon="-1.964450000">
        <ele>489.000</ele>
      </trkpt>
      <trkpt lat="42.666360000" lon="-1.964940000">
        <ele>488.000</ele>
      </trkpt>
      <trkpt lat="42.666350000" lon="-1.965430000">
        <ele>488.000</ele>
      </trkpt>
      <trkpt lat="42.666350000" lon="-1.965560000">
        <ele>487.000</ele>
      </trkpt>
      <trkpt lat="42.666380000" lon="-1.966400000">
        <ele>486.000</ele>
      </trkpt>
      <trkpt lat="42.666400000" lon="-1.967170000">
        <ele>485.000</ele>
      </trkpt>
      <trkpt lat="42.666420000" lon="-1.968080000">
        <ele>483.000</ele>
      </trkpt>
      <trkpt lat="42.666470000" lon="-1.968730000">
        <ele>481.000</ele>
      </trkpt>
      <trkpt lat="42.666510000" lon="-1.969040000">
        <ele>480.000</ele>
      </trkpt>
      <trkpt lat="42.666540000" lon="-1.969320000">
        <ele>478.000</ele>
      </trkpt>
      <trkpt lat="42.666570000" lon="-1.969610000">
        <ele>477.000</ele>
      </trkpt>
      <trkpt lat="42.666630000" lon="-1.970040000">
        <ele>476.000</ele>
      </trkpt>
      <trkpt lat="42.666660000" lon="-1.970260000">
        <ele>475.000</ele>
      </trkpt>
      <trkpt lat="42.666680000" lon="-1.970400000">
        <ele>474.000</ele>
      </trkpt>
      <trkpt lat="42.666700000" lon="-1.970510000">
        <ele>474.000</ele>
      </trkpt>
      <trkpt lat="42.666730000" lon="-1.970750000">
        <ele>473.000</ele>
      </trkpt>
      <trkpt lat="42.666770000" lon="-1.971070000">
        <ele>472.000</ele>
      </trkpt>
      <trkpt lat="42.666790000" lon="-1.971410000">
        <ele>472.000</ele>
      </trkpt>
      <trkpt lat="42.666800000" lon="-1.971630000">
        <ele>471.000</ele>
      </trkpt>
      <trkpt lat="42.666810000" lon="-1.971810000">
        <ele>470.000</ele>
      </trkpt>
      <trkpt lat="42.666810000" lon="-1.972010000">
        <ele>469.000</ele>
      </trkpt>
      <trkpt lat="42.666790000" lon="-1.972170000">
        <ele>469.000</ele>
      </trkpt>
      <trkpt lat="42.666780000" lon="-1.972270000">
        <ele>468.000</ele>
      </trkpt>
      <trkpt lat="42.666730000" lon="-1.972490000">
        <ele>468.000</ele>
      </trkpt>
      <trkpt lat="42.666690000" lon="-1.972660000">
        <ele>467.000</ele>
      </trkpt>
      <trkpt lat="42.666660000" lon="-1.972810000">
        <ele>467.000</ele>
      </trkpt>
      <trkpt lat="42.666630000" lon="-1.972940000">
        <ele>466.000</ele>
      </trkpt>
      <trkpt lat="42.666560000" lon="-1.973180000">
        <ele>466.000</ele>
      </trkpt>
      <trkpt lat="42.666500000" lon="-1.973360000">
        <ele>465.000</ele>
      </trkpt>
      <trkpt lat="42.666450000" lon="-1.973480000">
        <ele>465.000</ele>
      </trkpt>
      <trkpt lat="42.666360000" lon="-1.973730000">
        <ele>464.000</ele>
      </trkpt>
      <trkpt lat="42.666350000" lon="-1.973750000">
        <ele>464.000</ele>
      </trkpt>
      <trkpt lat="42.666260000" lon="-1.973960000">
        <ele>463.000</ele>
      </trkpt>
      <trkpt lat="42.666140000" lon="-1.974190000">
        <ele>462.000</ele>
      </trkpt>
      <trkpt lat="42.666040000" lon="-1.974380000">
        <ele>462.000</ele>
      </trkpt>
      <trkpt lat="42.665930000" lon="-1.974570000">
        <ele>461.000</ele>
      </trkpt>
      <trkpt lat="42.665810000" lon="-1.974750000">
        <ele>460.000</ele>
      </trkpt>
      <trkpt lat="42.665660000" lon="-1.974900000">
        <ele>460.000</ele>
      </trkpt>
      <trkpt lat="42.665540000" lon="-1.975020000">
        <ele>459.000</ele>
      </trkpt>
      <trkpt lat="42.665460000" lon="-1.975080000">
        <ele>458.000</ele>
      </trkpt>
      <trkpt lat="42.665440000" lon="-1.975100000">
        <ele>458.000</ele>
      </trkpt>
      <trkpt lat="42.665340000" lon="-1.975150000">
        <ele>458.000</ele>
      </trkpt>
      <trkpt lat="42.665180000" lon="-1.975220000">
        <ele>457.000</ele>
      </trkpt>
      <trkpt lat="42.665040000" lon="-1.975280000">
        <ele>457.000</ele>
      </trkpt>
      <trkpt lat="42.664950000" lon="-1.975310000">
        <ele>456.000</ele>
      </trkpt>
      <trkpt lat="42.664850000" lon="-1.975390000">
        <ele>456.000</ele>
      </trkpt>
      <trkpt lat="42.664820000" lon="-1.975420000">
        <ele>456.000</ele>
      </trkpt>
      <trkpt lat="42.664790000" lon="-1.975460000">
        <ele>455.000</ele>
      </trkpt>
      <trkpt lat="42.664770000" lon="-1.975500000">
        <ele>455.000</ele>
      </trkpt>
      <trkpt lat="42.664750000" lon="-1.975540000">
        <ele>455.000</ele>
      </trkpt>
      <trkpt lat="42.664740000" lon="-1.975580000">
        <ele>455.000</ele>
      </trkpt>
      <trkpt lat="42.664730000" lon="-1.975610000">
        <ele>455.000</ele>
      </trkpt>
      <trkpt lat="42.664720000" lon="-1.975640000">
        <ele>455.000</ele>
      </trkpt>
      <trkpt lat="42.664720000" lon="-1.975680000">
        <ele>455.000</ele>
      </trkpt>
      <trkpt lat="42.664720000" lon="-1.975730000">
        <ele>454.000</ele>
      </trkpt>
      <trkpt lat="42.664730000" lon="-1.975760000">
        <ele>454.000</ele>
      </trkpt>
      <trkpt lat="42.664730000" lon="-1.975800000">
        <ele>454.000</ele>
      </trkpt>
      <trkpt lat="42.664740000" lon="-1.975820000">
        <ele>454.000</ele>
      </trkpt>
      <trkpt lat="42.664750000" lon="-1.975840000">
        <ele>454.000</ele>
      </trkpt>
      <trkpt lat="42.664750000" lon="-1.975840000">
        <ele>454.000</ele>
      </trkpt>
      <trkpt lat="42.664770000" lon="-1.975820000">
        <ele>454.000</ele>
      </trkpt>
      <trkpt lat="42.664790000" lon="-1.975810000">
        <ele>454.000</ele>
      </trkpt>
      <trkpt lat="42.664800000" lon="-1.975810000">
        <ele>454.000</ele>
      </trkpt>
      <trkpt lat="42.664820000" lon="-1.975800000">
        <ele>454.000</ele>
      </trkpt>
      <trkpt lat="42.664830000" lon="-1.975790000">
        <ele>454.000</ele>
      </trkpt>
      <trkpt lat="42.664850000" lon="-1.975790000">
        <ele>454.000</ele>
      </trkpt>
      <trkpt lat="42.664860000" lon="-1.975790000">
        <ele>454.000</ele>
      </trkpt>
      <trkpt lat="42.664880000" lon="-1.975790000">
        <ele>454.000</ele>
      </trkpt>
      <trkpt lat="42.664900000" lon="-1.975790000">
        <ele>454.000</ele>
      </trkpt>
      <trkpt lat="42.664910000" lon="-1.975800000">
        <ele>454.000</ele>
      </trkpt>
      <trkpt lat="42.664930000" lon="-1.975800000">
        <ele>453.000</ele>
      </trkpt>
      <trkpt lat="42.664940000" lon="-1.975810000">
        <ele>453.000</ele>
      </trkpt>
      <trkpt lat="42.664960000" lon="-1.975820000">
        <ele>453.000</ele>
      </trkpt>
      <trkpt lat="42.664970000" lon="-1.975830000">
        <ele>453.000</ele>
      </trkpt>
      <trkpt lat="42.664980000" lon="-1.975840000">
        <ele>453.000</ele>
      </trkpt>
      <trkpt lat="42.664990000" lon="-1.975860000">
        <ele>453.000</ele>
      </trkpt>
      <trkpt lat="42.665010000" lon="-1.975870000">
        <ele>453.000</ele>
      </trkpt>
      <trkpt lat="42.665020000" lon="-1.975890000">
        <ele>453.000</ele>
      </trkpt>
      <trkpt lat="42.665020000" lon="-1.975900000">
        <ele>453.000</ele>
      </trkpt>
      <trkpt lat="42.665030000" lon="-1.975930000">
        <ele>453.000</ele>
      </trkpt>
      <trkpt lat="42.665050000" lon="-1.975960000">
        <ele>453.000</ele>
      </trkpt>
      <trkpt lat="42.665050000" lon="-1.975970000">
        <ele>453.000</ele>
      </trkpt>
      <trkpt lat="42.665050000" lon="-1.975990000">
        <ele>453.000</ele>
      </trkpt>
      <trkpt lat="42.665060000" lon="-1.976010000">
        <ele>453.000</ele>
      </trkpt>
      <trkpt lat="42.665060000" lon="-1.976030000">
        <ele>453.000</ele>
      </trkpt>
      <trkpt lat="42.665060000" lon="-1.976050000">
        <ele>453.000</ele>
      </trkpt>
      <trkpt lat="42.665060000" lon="-1.976070000">
        <ele>453.000</ele>
      </trkpt>
      <trkpt lat="42.665060000" lon="-1.976100000">
        <ele>453.000</ele>
      </trkpt>
      <trkpt lat="42.665050000" lon="-1.976120000">
        <ele>453.000</ele>
      </trkpt>
      <trkpt lat="42.665050000" lon="-1.976140000">
        <ele>453.000</ele>
      </trkpt>
      <trkpt lat="42.665040000" lon="-1.976160000">
        <ele>452.000</ele>
      </trkpt>
      <trkpt lat="42.665040000" lon="-1.976170000">
        <ele>452.000</ele>
      </trkpt>
      <trkpt lat="42.665030000" lon="-1.976190000">
        <ele>452.000</ele>
      </trkpt>
      <trkpt lat="42.665020000" lon="-1.976210000">
        <ele>452.000</ele>
      </trkpt>
      <trkpt lat="42.665010000" lon="-1.976220000">
        <ele>452.000</ele>
      </trkpt>
      <trkpt lat="42.665000000" lon="-1.976240000">
        <ele>452.000</ele>
      </trkpt>
      <trkpt lat="42.664990000" lon="-1.976250000">
        <ele>452.000</ele>
      </trkpt>
      <trkpt lat="42.665070000" lon="-1.976480000">
        <ele>452.000</ele>
      </trkpt>
      <trkpt lat="42.665140000" lon="-1.976670000">
        <ele>452.000</ele>
      </trkpt>
      <trkpt lat="42.665160000" lon="-1.976700000">
        <ele>452.000</ele>
      </trkpt>
      <trkpt lat="42.665220000" lon="-1.976870000">
        <ele>452.000</ele>
      </trkpt>
      <trkpt lat="42.665240000" lon="-1.976910000">
        <ele>452.000</ele>
      </trkpt>
      <trkpt lat="42.665310000" lon="-1.977110000">
        <ele>452.000</ele>
      </trkpt>
      <trkpt lat="42.665320000" lon="-1.977130000">
        <ele>452.000</ele>
      </trkpt>
      <trkpt lat="42.665390000" lon="-1.977340000">
        <ele>452.000</ele>
      </trkpt>
      <trkpt lat="42.665480000" lon="-1.977570000">
        <ele>452.000</ele>
      </trkpt>
      <trkpt lat="42.665550000" lon="-1.977710000">
        <ele>452.000</ele>
      </trkpt>
      <trkpt lat="42.665550000" lon="-1.977720000">
        <ele>452.000</ele>
      </trkpt>
      <trkpt lat="42.665580000" lon="-1.977780000">
        <ele>453.000</ele>
      </trkpt>
      <trkpt lat="42.665600000" lon="-1.977850000">
        <ele>453.000</ele>
      </trkpt>
      <trkpt lat="42.665630000" lon="-1.977900000">
        <ele>453.000</ele>
      </trkpt>
      <trkpt lat="42.665650000" lon="-1.977920000">
        <ele>453.000</ele>
      </trkpt>
      <trkpt lat="42.665670000" lon="-1.977960000">
        <ele>453.000</ele>
      </trkpt>
      <trkpt lat="42.665680000" lon="-1.977970000">
        <ele>453.000</ele>
      </trkpt>
      <trkpt lat="42.665720000" lon="-1.978010000">
        <ele>453.000</ele>
      </trkpt>
      <trkpt lat="42.665800000" lon="-1.978080000">
        <ele>453.000</ele>
      </trkpt>
      <trkpt lat="42.665780000" lon="-1.978280000">
        <ele>453.000</ele>
      </trkpt>
      <trkpt lat="42.665780000" lon="-1.978290000">
        <ele>453.000</ele>
      </trkpt>
      <trkpt lat="42.665750000" lon="-1.978510000">
        <ele>453.000</ele>
      </trkpt>
      <trkpt lat="42.665720000" lon="-1.978680000">
        <ele>453.000</ele>
      </trkpt>
      <trkpt lat="42.665700000" lon="-1.978800000">
        <ele>453.000</ele>
      </trkpt>
      <trkpt lat="42.665650000" lon="-1.978970000">
        <ele>453.000</ele>
      </trkpt>
      <trkpt lat="42.665640000" lon="-1.979080000">
        <ele>453.000</ele>
      </trkpt>
      <trkpt lat="42.665590000" lon="-1.979330000">
        <ele>453.000</ele>
      </trkpt>
      <trkpt lat="42.665560000" lon="-1.979510000">
        <ele>452.000</ele>
      </trkpt>
      <trkpt lat="42.665510000" lon="-1.979920000">
        <ele>452.000</ele>
      </trkpt>
      <trkpt lat="42.665480000" lon="-1.980080000">
        <ele>452.000</ele>
      </trkpt>
      <trkpt lat="42.665410000" lon="-1.980510000">
        <ele>451.000</ele>
      </trkpt>
      <trkpt lat="42.665300000" lon="-1.981150000">
        <ele>450.000</ele>
      </trkpt>
      <trkpt lat="42.665010000" lon="-1.982900000">
        <ele>448.000</ele>
      </trkpt>
      <trkpt lat="42.664950000" lon="-1.983270000">
        <ele>446.000</ele>
      </trkpt>
      <trkpt lat="42.664900000" lon="-1.983610000">
        <ele>444.000</ele>
      </trkpt>
      <trkpt lat="42.664870000" lon="-1.983740000">
        <ele>443.000</ele>
      </trkpt>
      <trkpt lat="42.664790000" lon="-1.984230000">
        <ele>442.000</ele>
      </trkpt>
      <trkpt lat="42.664720000" lon="-1.984690000">
        <ele>441.000</ele>
      </trkpt>
      <trkpt lat="42.664620000" lon="-1.985280000">
        <ele>440.000</ele>
      </trkpt>
      <trkpt lat="42.664590000" lon="-1.985520000">
        <ele>439.000</ele>
      </trkpt>
      <trkpt lat="42.664550000" lon="-1.985740000">
        <ele>438.000</ele>
      </trkpt>
      <trkpt lat="42.664510000" lon="-1.985990000">
        <ele>437.000</ele>
      </trkpt>
      <trkpt lat="42.664170000" lon="-1.988070000">
        <ele>436.000</ele>
      </trkpt>
      <trkpt lat="42.664150000" lon="-1.988140000">
        <ele>435.000</ele>
      </trkpt>
      <trkpt lat="42.664090000" lon="-1.988440000">
        <ele>434.000</ele>
      </trkpt>
      <trkpt lat="42.664060000" lon="-1.988610000">
        <ele>433.000</ele>
      </trkpt>
      <trkpt lat="42.664000000" lon="-1.989050000">
        <ele>432.000</ele>
      </trkpt>
      <trkpt lat="42.664000000" lon="-1.989090000">
        <ele>431.000</ele>
      </trkpt>
      <trkpt lat="42.663860000" lon="-1.990300000">
        <ele>430.000</ele>
      </trkpt>
      <trkpt lat="42.663840000" lon="-1.990450000">
        <ele>429.000</ele>
      </trkpt>
      <trkpt lat="42.663830000" lon="-1.990520000">
        <ele>428.000</ele>
      </trkpt>
      <trkpt lat="42.663830000" lon="-1.990520000">
        <ele>428.000</ele>
      </trkpt>
      <trkpt lat="42.664090000" lon="-1.990620000">
        <ele>427.000</ele>
      </trkpt>
      <trkpt lat="42.664490000" lon="-1.990760000">
        <ele>428.000</ele>
      </trkpt>
      <trkpt lat="42.664490000" lon="-1.990760000">
        <ele>428.000</ele>
      </trkpt>
      <trkpt lat="42.665360000" lon="-1.991070000">
        <ele>429.000</ele>
      </trkpt>
      <trkpt lat="42.665760000" lon="-1.991230000">
        <ele>430.000</ele>
      </trkpt>
      <trkpt lat="42.665820000" lon="-1.991250000">
        <ele>430.000</ele>
      </trkpt>
      <trkpt lat="42.665880000" lon="-1.991270000">
        <ele>431.000</ele>
      </trkpt>
      <trkpt lat="42.666160000" lon="-1.991370000">
        <ele>431.000</ele>
      </trkpt>
      <trkpt lat="42.666630000" lon="-1.991540000">
        <ele>431.000</ele>
      </trkpt>
      <trkpt lat="42.667680000" lon="-1.991910000">
        <ele>431.000</ele>
      </trkpt>
      <trkpt lat="42.667720000" lon="-1.991920000">
        <ele>431.000</ele>
      </trkpt>
      <trkpt lat="42.667850000" lon="-1.991980000">
        <ele>431.000</ele>
      </trkpt>
      <trkpt lat="42.668040000" lon="-1.992120000">
        <ele>432.000</ele>
      </trkpt>
      <trkpt lat="42.668160000" lon="-1.992220000">
        <ele>432.000</ele>
      </trkpt>
      <trkpt lat="42.668790000" lon="-1.992710000">
        <ele>432.000</ele>
      </trkpt>
      <trkpt lat="42.669330000" lon="-1.993100000">
        <ele>432.000</ele>
      </trkpt>
      <trkpt lat="42.669430000" lon="-1.993140000">
        <ele>432.000</ele>
      </trkpt>
      <trkpt lat="42.669520000" lon="-1.993170000">
        <ele>432.000</ele>
      </trkpt>
      <trkpt lat="42.669610000" lon="-1.993170000">
        <ele>432.000</ele>
      </trkpt>
      <trkpt lat="42.669680000" lon="-1.993160000">
        <ele>433.000</ele>
      </trkpt>
      <trkpt lat="42.669700000" lon="-1.993160000">
        <ele>433.000</ele>
      </trkpt>
      <trkpt lat="42.669810000" lon="-1.993120000">
        <ele>433.000</ele>
      </trkpt>
      <trkpt lat="42.670000000" lon="-1.993070000">
        <ele>433.000</ele>
      </trkpt>
      <trkpt lat="42.670120000" lon="-1.993040000">
        <ele>433.000</ele>
      </trkpt>
      <trkpt lat="42.670280000" lon="-1.993060000">
        <ele>433.000</ele>
      </trkpt>
      <trkpt lat="42.670380000" lon="-1.993100000">
        <ele>433.000</ele>
      </trkpt>
      <trkpt lat="42.670600000" lon="-1.993250000">
        <ele>433.000</ele>
      </trkpt>
      <trkpt lat="42.670970000" lon="-1.993540000">
        <ele>433.000</ele>
      </trkpt>
      <trkpt lat="42.671170000" lon="-1.993690000">
        <ele>433.000</ele>
      </trkpt>
      <trkpt lat="42.671800000" lon="-1.994120000">
        <ele>434.000</ele>
      </trkpt>
      <trkpt lat="42.671930000" lon="-1.994220000">
        <ele>434.000</ele>
      </trkpt>
      <trkpt lat="42.672460000" lon="-1.994600000">
        <ele>435.000</ele>
      </trkpt>
      <trkpt lat="42.672590000" lon="-1.994660000">
        <ele>436.000</ele>
      </trkpt>
      <trkpt lat="42.672710000" lon="-1.994700000">
        <ele>436.000</ele>
      </trkpt>
      <trkpt lat="42.672750000" lon="-1.994700000">
        <ele>437.000</ele>
      </trkpt>
      <trkpt lat="42.672810000" lon="-1.994710000">
        <ele>437.000</ele>
      </trkpt>
      <trkpt lat="42.672930000" lon="-1.994700000">
        <ele>437.000</ele>
      </trkpt>
      <trkpt lat="42.673070000" lon="-1.994670000">
        <ele>437.000</ele>
      </trkpt>
      <trkpt lat="42.673290000" lon="-1.994590000">
        <ele>438.000</ele>
      </trkpt>
      <trkpt lat="42.673550000" lon="-1.994510000">
        <ele>438.000</ele>
      </trkpt>
      <trkpt lat="42.674150000" lon="-1.994350000">
        <ele>438.000</ele>
      </trkpt>
      <trkpt lat="42.674160000" lon="-1.994350000">
        <ele>438.000</ele>
      </trkpt>
      <trkpt lat="42.675160000" lon="-1.994160000">
        <ele>439.000</ele>
      </trkpt>
      <trkpt lat="42.675380000" lon="-1.994130000">
        <ele>439.000</ele>
      </trkpt>
      <trkpt lat="42.675610000" lon="-1.994080000">
        <ele>440.000</ele>
      </trkpt>
      <trkpt lat="42.675760000" lon="-1.994010000">
        <ele>440.000</ele>
      </trkpt>
      <trkpt lat="42.675780000" lon="-1.993990000">
        <ele>440.000</ele>
      </trkpt>
      <trkpt lat="42.676010000" lon="-1.993810000">
        <ele>441.000</ele>
      </trkpt>
      <trkpt lat="42.676060000" lon="-1.993750000">
        <ele>441.000</ele>
      </trkpt>
      <trkpt lat="42.676280000" lon="-1.993520000">
        <ele>441.000</ele>
      </trkpt>
      <trkpt lat="42.676470000" lon="-1.993300000">
        <ele>442.000</ele>
      </trkpt>
      <trkpt lat="42.676480000" lon="-1.993290000">
        <ele>442.000</ele>
      </trkpt>
      <trkpt lat="42.676540000" lon="-1.993260000">
        <ele>442.000</ele>
      </trkpt>
      <trkpt lat="42.676620000" lon="-1.993260000">
        <ele>443.000</ele>
      </trkpt>
      <trkpt lat="42.676650000" lon="-1.993270000">
        <ele>443.000</ele>
      </trkpt>
      <trkpt lat="42.676810000" lon="-1.993310000">
        <ele>443.000</ele>
      </trkpt>
      <trkpt lat="42.676830000" lon="-1.993320000">
        <ele>443.000</ele>
      </trkpt>
      <trkpt lat="42.677090000" lon="-1.993420000">
        <ele>443.000</ele>
      </trkpt>
      <trkpt lat="42.677420000" lon="-1.993570000">
        <ele>444.000</ele>
      </trkpt>
      <trkpt lat="42.677680000" lon="-1.993730000">
        <ele>444.000</ele>
      </trkpt>
      <trkpt lat="42.677880000" lon="-1.993960000">
        <ele>444.000</ele>
      </trkpt>
      <trkpt lat="42.678040000" lon="-1.994180000">
        <ele>445.000</ele>
      </trkpt>
      <trkpt lat="42.678130000" lon="-1.994320000">
        <ele>445.000</ele>
      </trkpt>
      <trkpt lat="42.678160000" lon="-1.994420000">
        <ele>445.000</ele>
      </trkpt>
      <trkpt lat="42.678160000" lon="-1.994440000">
        <ele>445.000</ele>
      </trkpt>
      <trkpt lat="42.678180000" lon="-1.994530000">
        <ele>445.000</ele>
      </trkpt>
      <trkpt lat="42.678190000" lon="-1.994580000">
        <ele>445.000</ele>
      </trkpt>
      <trkpt lat="42.678190000" lon="-1.994650000">
        <ele>445.000</ele>
      </trkpt>
      <trkpt lat="42.678190000" lon="-1.994710000">
        <ele>446.000</ele>
      </trkpt>
      <trkpt lat="42.678150000" lon="-1.994960000">
        <ele>446.000</ele>
      </trkpt>
      <trkpt lat="42.678040000" lon="-1.995690000">
        <ele>448.000</ele>
      </trkpt>
      <trkpt lat="42.678010000" lon="-1.995920000">
        <ele>449.000</ele>
      </trkpt>
      <trkpt lat="42.678010000" lon="-1.995930000">
        <ele>451.000</ele>
      </trkpt>
      <trkpt lat="42.678000000" lon="-1.996060000">
        <ele>452.000</ele>
      </trkpt>
      <trkpt lat="42.678030000" lon="-1.996190000">
        <ele>452.000</ele>
      </trkpt>
      <trkpt lat="42.678070000" lon="-1.996310000">
        <ele>453.000</ele>
      </trkpt>
      <trkpt lat="42.678170000" lon="-1.996470000">
        <ele>454.000</ele>
      </trkpt>
      <trkpt lat="42.678420000" lon="-1.996820000">
        <ele>456.000</ele>
      </trkpt>
      <trkpt lat="42.678480000" lon="-1.996910000">
        <ele>457.000</ele>
      </trkpt>
      <trkpt lat="42.678660000" lon="-1.997150000">
        <ele>458.000</ele>
      </trkpt>
      <trkpt lat="42.678860000" lon="-1.997490000">
        <ele>460.000</ele>
      </trkpt>
      <trkpt lat="42.679140000" lon="-1.998040000">
        <ele>462.000</ele>
      </trkpt>
      <trkpt lat="42.679150000" lon="-1.998070000">
        <ele>463.000</ele>
      </trkpt>
      <trkpt lat="42.679250000" lon="-1.998270000">
        <ele>464.000</ele>
      </trkpt>
      <trkpt lat="42.679430000" lon="-1.998650000">
        <ele>466.000</ele>
      </trkpt>
      <trkpt lat="42.679680000" lon="-1.999160000">
        <ele>468.000</ele>
      </trkpt>
      <trkpt lat="42.679830000" lon="-1.999400000">
        <ele>470.000</ele>
      </trkpt>
      <trkpt lat="42.679870000" lon="-1.999430000">
        <ele>471.000</ele>
      </trkpt>
      <trkpt lat="42.679880000" lon="-1.999440000">
        <ele>472.000</ele>
      </trkpt>
      <trkpt lat="42.679900000" lon="-1.999460000">
        <ele>472.000</ele>
      </trkpt>
      <trkpt lat="42.679940000" lon="-1.999470000">
        <ele>473.000</ele>
      </trkpt>
      <trkpt lat="42.679980000" lon="-1.999470000">
        <ele>473.000</ele>
      </trkpt>
      <trkpt lat="42.680010000" lon="-1.999460000">
        <ele>474.000</ele>
      </trkpt>
      <trkpt lat="42.680040000" lon="-1.999450000">
        <ele>474.000</ele>
      </trkpt>
      <trkpt lat="42.680060000" lon="-1.999430000">
        <ele>474.000</ele>
      </trkpt>
      <trkpt lat="42.680090000" lon="-1.999400000">
        <ele>474.000</ele>
      </trkpt>
      <trkpt lat="42.680110000" lon="-1.999380000">
        <ele>475.000</ele>
      </trkpt>
      <trkpt lat="42.680140000" lon="-1.999350000">
        <ele>475.000</ele>
      </trkpt>
      <trkpt lat="42.680160000" lon="-1.999310000">
        <ele>475.000</ele>
      </trkpt>
      <trkpt lat="42.680180000" lon="-1.999260000">
        <ele>475.000</ele>
      </trkpt>
      <trkpt lat="42.680200000" lon="-1.999180000">
        <ele>476.000</ele>
      </trkpt>
      <trkpt lat="42.680210000" lon="-1.999160000">
        <ele>476.000</ele>
      </trkpt>
      <trkpt lat="42.680220000" lon="-1.999060000">
        <ele>476.000</ele>
      </trkpt>
      <trkpt lat="42.680210000" lon="-1.998940000">
        <ele>477.000</ele>
      </trkpt>
      <trkpt lat="42.680210000" lon="-1.998900000">
        <ele>477.000</ele>
      </trkpt>
      <trkpt lat="42.680190000" lon="-1.998770000">
        <ele>477.000</ele>
      </trkpt>
      <trkpt lat="42.680150000" lon="-1.998650000">
        <ele>478.000</ele>
      </trkpt>
      <trkpt lat="42.680110000" lon="-1.998470000">
        <ele>478.000</ele>
      </trkpt>
      <trkpt lat="42.680090000" lon="-1.998340000">
        <ele>479.000</ele>
      </trkpt>
      <trkpt lat="42.680100000" lon="-1.998230000">
        <ele>480.000</ele>
      </trkpt>
      <trkpt lat="42.680100000" lon="-1.998180000">
        <ele>480.000</ele>
      </trkpt>
      <trkpt lat="42.680150000" lon="-1.998000000">
        <ele>481.000</ele>
      </trkpt>
      <trkpt lat="42.680210000" lon="-1.997870000">
        <ele>481.000</ele>
      </trkpt>
      <trkpt lat="42.680290000" lon="-1.997760000">
        <ele>482.000</ele>
      </trkpt>
      <trkpt lat="42.680320000" lon="-1.997730000">
        <ele>483.000</ele>
      </trkpt>
      <trkpt lat="42.680390000" lon="-1.997670000">
        <ele>483.000</ele>
      </trkpt>
      <trkpt lat="42.680460000" lon="-1.997620000">
        <ele>484.000</ele>
      </trkpt>
      <trkpt lat="42.680540000" lon="-1.997590000">
        <ele>484.000</ele>
      </trkpt>
      <trkpt lat="42.680610000" lon="-1.997600000">
        <ele>485.000</ele>
      </trkpt>
      <trkpt lat="42.680640000" lon="-1.997600000">
        <ele>486.000</ele>
      </trkpt>
      <trkpt lat="42.680720000" lon="-1.997620000">
        <ele>486.000</ele>
      </trkpt>
      <trkpt lat="42.680780000" lon="-1.997640000">
        <ele>487.000</ele>
      </trkpt>
      <trkpt lat="42.680810000" lon="-1.997650000">
        <ele>487.000</ele>
      </trkpt>
      <trkpt lat="42.681080000" lon="-1.997770000">
        <ele>488.000</ele>
      </trkpt>
      <trkpt lat="42.681180000" lon="-1.997810000">
        <ele>489.000</ele>
      </trkpt>
      <trkpt lat="42.681230000" lon="-1.997820000">
        <ele>490.000</ele>
      </trkpt>
      <trkpt lat="42.681270000" lon="-1.997820000">
        <ele>490.000</ele>
      </trkpt>
      <trkpt lat="42.681310000" lon="-1.997800000">
        <ele>491.000</ele>
      </trkpt>
      <trkpt lat="42.681350000" lon="-1.997770000">
        <ele>491.000</ele>
      </trkpt>
      <trkpt lat="42.681390000" lon="-1.997730000">
        <ele>492.000</ele>
      </trkpt>
      <trkpt lat="42.681430000" lon="-1.997650000">
        <ele>492.000</ele>
      </trkpt>
      <trkpt lat="42.681460000" lon="-1.997560000">
        <ele>493.000</ele>
      </trkpt>
      <trkpt lat="42.681490000" lon="-1.997480000">
        <ele>493.000</ele>
      </trkpt>
      <trkpt lat="42.681510000" lon="-1.997420000">
        <ele>494.000</ele>
      </trkpt>
      <trkpt lat="42.681580000" lon="-1.997240000">
        <ele>495.000</ele>
      </trkpt>
      <trkpt lat="42.681680000" lon="-1.996990000">
        <ele>496.000</ele>
      </trkpt>
      <trkpt lat="42.681800000" lon="-1.996700000">
        <ele>497.000</ele>
      </trkpt>
      <trkpt lat="42.681850000" lon="-1.996580000">
        <ele>498.000</ele>
      </trkpt>
      <trkpt lat="42.681860000" lon="-1.996560000">
        <ele>498.000</ele>
      </trkpt>
      <trkpt lat="42.681880000" lon="-1.996510000">
        <ele>499.000</ele>
      </trkpt>
      <trkpt lat="42.681940000" lon="-1.996470000">
        <ele>499.000</ele>
      </trkpt>
      <trkpt lat="42.681980000" lon="-1.996450000">
        <ele>500.000</ele>
      </trkpt>
      <trkpt lat="42.682030000" lon="-1.996450000">
        <ele>500.000</ele>
      </trkpt>
      <trkpt lat="42.682050000" lon="-1.996450000">
        <ele>500.000</ele>
      </trkpt>
      <trkpt lat="42.682090000" lon="-1.996460000">
        <ele>500.000</ele>
      </trkpt>
      <trkpt lat="42.682140000" lon="-1.996500000">
        <ele>500.000</ele>
      </trkpt>
      <trkpt lat="42.682170000" lon="-1.996550000">
        <ele>500.000</ele>
      </trkpt>
      <trkpt lat="42.682190000" lon="-1.996600000">
        <ele>500.000</ele>
      </trkpt>
      <trkpt lat="42.682200000" lon="-1.996650000">
        <ele>501.000</ele>
      </trkpt>
      <trkpt lat="42.682240000" lon="-1.996870000">
        <ele>501.000</ele>
      </trkpt>
      <trkpt lat="42.682270000" lon="-1.997070000">
        <ele>501.000</ele>
      </trkpt>
      <trkpt lat="42.682270000" lon="-1.997110000">
        <ele>501.000</ele>
      </trkpt>
      <trkpt lat="42.682290000" lon="-1.997240000">
        <ele>501.000</ele>
      </trkpt>
      <trkpt lat="42.682310000" lon="-1.997310000">
        <ele>501.000</ele>
      </trkpt>
      <trkpt lat="42.682350000" lon="-1.997430000">
        <ele>502.000</ele>
      </trkpt>
      <trkpt lat="42.682360000" lon="-1.997450000">
        <ele>502.000</ele>
      </trkpt>
      <trkpt lat="42.682390000" lon="-1.997500000">
        <ele>502.000</ele>
      </trkpt>
      <trkpt lat="42.682400000" lon="-1.997520000">
        <ele>502.000</ele>
      </trkpt>
      <trkpt lat="42.682470000" lon="-1.997610000">
        <ele>502.000</ele>
      </trkpt>
      <trkpt lat="42.682530000" lon="-1.997690000">
        <ele>502.000</ele>
      </trkpt>
      <trkpt lat="42.682560000" lon="-1.997720000">
        <ele>502.000</ele>
      </trkpt>
      <trkpt lat="42.682660000" lon="-1.997800000">
        <ele>503.000</ele>
      </trkpt>
      <trkpt lat="42.682750000" lon="-1.997870000">
        <ele>503.000</ele>
      </trkpt>
      <trkpt lat="42.682790000" lon="-1.997890000">
        <ele>503.000</ele>
      </trkpt>
      <trkpt lat="42.682830000" lon="-1.997910000">
        <ele>503.000</ele>
      </trkpt>
      <trkpt lat="42.682880000" lon="-1.997950000">
        <ele>503.000</ele>
      </trkpt>
      <trkpt lat="42.682960000" lon="-1.997970000">
        <ele>503.000</ele>
      </trkpt>
      <trkpt lat="42.683140000" lon="-1.998030000">
        <ele>504.000</ele>
      </trkpt>
      <trkpt lat="42.683170000" lon="-1.998040000">
        <ele>504.000</ele>
      </trkpt>
      <trkpt lat="42.683180000" lon="-1.998040000">
        <ele>505.000</ele>
      </trkpt>
      <trkpt lat="42.683310000" lon="-1.998070000">
        <ele>505.000</ele>
      </trkpt>
      <trkpt lat="42.683490000" lon="-1.998120000">
        <ele>506.000</ele>
      </trkpt>
      <trkpt lat="42.683530000" lon="-1.998130000">
        <ele>506.000</ele>
      </trkpt>
      <trkpt lat="42.683690000" lon="-1.998170000">
        <ele>507.000</ele>
      </trkpt>
      <trkpt lat="42.683840000" lon="-1.998210000">
        <ele>507.000</ele>
      </trkpt>
      <trkpt lat="42.684290000" lon="-1.998320000">
        <ele>509.000</ele>
      </trkpt>
      <trkpt lat="42.684710000" lon="-1.998410000">
        <ele>510.000</ele>
      </trkpt>
      <trkpt lat="42.684730000" lon="-1.998420000">
        <ele>511.000</ele>
      </trkpt>
      <trkpt lat="42.684810000" lon="-1.998450000">
        <ele>512.000</ele>
      </trkpt>
      <trkpt lat="42.684900000" lon="-1.998500000">
        <ele>513.000</ele>
      </trkpt>
      <trkpt lat="42.684930000" lon="-1.998520000">
        <ele>513.000</ele>
      </trkpt>
      <trkpt lat="42.685020000" lon="-1.998600000">
        <ele>513.000</ele>
      </trkpt>
      <trkpt lat="42.685050000" lon="-1.998630000">
        <ele>514.000</ele>
      </trkpt>
      <trkpt lat="42.685080000" lon="-1.998660000">
        <ele>514.000</ele>
      </trkpt>
      <trkpt lat="42.685150000" lon="-1.998740000">
        <ele>514.000</ele>
      </trkpt>
      <trkpt lat="42.685210000" lon="-1.998830000">
        <ele>514.000</ele>
      </trkpt>
      <trkpt lat="42.685270000" lon="-1.998920000">
        <ele>514.000</ele>
      </trkpt>
      <trkpt lat="42.685310000" lon="-1.998970000">
        <ele>514.000</ele>
      </trkpt>
      <trkpt lat="42.685330000" lon="-1.999010000">
        <ele>514.000</ele>
      </trkpt>
      <trkpt lat="42.685450000" lon="-1.999200000">
        <ele>515.000</ele>
      </trkpt>
      <trkpt lat="42.685550000" lon="-1.999360000">
        <ele>515.000</ele>
      </trkpt>
      <trkpt lat="42.685670000" lon="-1.999520000">
        <ele>515.000</ele>
      </trkpt>
      <trkpt lat="42.685750000" lon="-1.999590000">
        <ele>515.000</ele>
      </trkpt>
      <trkpt lat="42.685800000" lon="-1.999620000">
        <ele>515.000</ele>
      </trkpt>
      <trkpt lat="42.685860000" lon="-1.999650000">
        <ele>516.000</ele>
      </trkpt>
      <trkpt lat="42.685930000" lon="-1.999670000">
        <ele>516.000</ele>
      </trkpt>
      <trkpt lat="42.685940000" lon="-1.999670000">
        <ele>516.000</ele>
      </trkpt>
      <trkpt lat="42.686110000" lon="-1.999670000">
        <ele>516.000</ele>
      </trkpt>
      <trkpt lat="42.686340000" lon="-1.999660000">
        <ele>516.000</ele>
      </trkpt>
      <trkpt lat="42.686860000" lon="-1.999650000">
        <ele>516.000</ele>
      </trkpt>
      <trkpt lat="42.687010000" lon="-1.999650000">
        <ele>516.000</ele>
      </trkpt>
      <trkpt lat="42.687190000" lon="-1.999640000">
        <ele>517.000</ele>
      </trkpt>
      <trkpt lat="42.687370000" lon="-1.999640000">
        <ele>517.000</ele>
      </trkpt>
      <trkpt lat="42.687410000" lon="-1.999640000">
        <ele>517.000</ele>
      </trkpt>
      <trkpt lat="42.687540000" lon="-1.999630000">
        <ele>517.000</ele>
      </trkpt>
      <trkpt lat="42.687550000" lon="-1.999630000">
        <ele>517.000</ele>
      </trkpt>
      <trkpt lat="42.687760000" lon="-1.999630000">
        <ele>517.000</ele>
      </trkpt>
      <trkpt lat="42.688010000" lon="-1.999620000">
        <ele>517.000</ele>
      </trkpt>
      <trkpt lat="42.688090000" lon="-1.999630000">
        <ele>517.000</ele>
      </trkpt>
      <trkpt lat="42.688200000" lon="-1.999640000">
        <ele>517.000</ele>
      </trkpt>
      <trkpt lat="42.688270000" lon="-1.999680000">
        <ele>517.000</ele>
      </trkpt>
      <trkpt lat="42.688620000" lon="-1.999850000">
        <ele>518.000</ele>
      </trkpt>
      <trkpt lat="42.688730000" lon="-1.999910000">
        <ele>518.000</ele>
      </trkpt>
      <trkpt lat="42.689070000" lon="-2.000070000">
        <ele>518.000</ele>
      </trkpt>
      <trkpt lat="42.689210000" lon="-2.000130000">
        <ele>518.000</ele>
      </trkpt>
      <trkpt lat="42.689440000" lon="-2.000240000">
        <ele>518.000</ele>
      </trkpt>
      <trkpt lat="42.689740000" lon="-2.000400000">
        <ele>518.000</ele>
      </trkpt>
      <trkpt lat="42.689770000" lon="-2.000420000">
        <ele>518.000</ele>
      </trkpt>
      <trkpt lat="42.689840000" lon="-2.000460000">
        <ele>518.000</ele>
      </trkpt>
      <trkpt lat="42.689880000" lon="-2.000500000">
        <ele>518.000</ele>
      </trkpt>
      <trkpt lat="42.689900000" lon="-2.000530000">
        <ele>518.000</ele>
      </trkpt>
      <trkpt lat="42.689920000" lon="-2.000550000">
        <ele>519.000</ele>
      </trkpt>
      <trkpt lat="42.689960000" lon="-2.000620000">
        <ele>519.000</ele>
      </trkpt>
      <trkpt lat="42.690040000" lon="-2.000730000">
        <ele>519.000</ele>
      </trkpt>
      <trkpt lat="42.690050000" lon="-2.000760000">
        <ele>520.000</ele>
      </trkpt>
      <trkpt lat="42.690370000" lon="-2.001310000">
        <ele>521.000</ele>
      </trkpt>
      <trkpt lat="42.690480000" lon="-2.001510000">
        <ele>523.000</ele>
      </trkpt>
      <trkpt lat="42.690580000" lon="-2.001680000">
        <ele>525.000</ele>
      </trkpt>
      <trkpt lat="42.690690000" lon="-2.001870000">
        <ele>526.000</ele>
      </trkpt>
      <trkpt lat="42.690760000" lon="-2.002000000">
        <ele>527.000</ele>
      </trkpt>
      <trkpt lat="42.690880000" lon="-2.002210000">
        <ele>529.000</ele>
      </trkpt>
      <trkpt lat="42.690990000" lon="-2.002410000">
        <ele>530.000</ele>
      </trkpt>
      <trkpt lat="42.691100000" lon="-2.002600000">
        <ele>532.000</ele>
      </trkpt>
      <trkpt lat="42.691110000" lon="-2.002630000">
        <ele>533.000</ele>
      </trkpt>
      <trkpt lat="42.691160000" lon="-2.002740000">
        <ele>534.000</ele>
      </trkpt>
      <trkpt lat="42.691160000" lon="-2.002810000">
        <ele>534.000</ele>
      </trkpt>
      <trkpt lat="42.691170000" lon="-2.002880000">
        <ele>535.000</ele>
      </trkpt>
      <trkpt lat="42.691170000" lon="-2.003010000">
        <ele>535.000</ele>
      </trkpt>
      <trkpt lat="42.691170000" lon="-2.003030000">
        <ele>536.000</ele>
      </trkpt>
      <trkpt lat="42.691120000" lon="-2.003250000">
        <ele>536.000</ele>
      </trkpt>
      <trkpt lat="42.691120000" lon="-2.003280000">
        <ele>537.000</ele>
      </trkpt>
      <trkpt lat="42.691040000" lon="-2.003590000">
        <ele>538.000</ele>
      </trkpt>
      <trkpt lat="42.691000000" lon="-2.003810000">
        <ele>539.000</ele>
      </trkpt>
      <trkpt lat="42.690990000" lon="-2.003830000">
        <ele>539.000</ele>
      </trkpt>
      <trkpt lat="42.690970000" lon="-2.003950000">
        <ele>540.000</ele>
      </trkpt>
      <trkpt lat="42.690970000" lon="-2.004090000">
        <ele>541.000</ele>
      </trkpt>
      <trkpt lat="42.691000000" lon="-2.004310000">
        <ele>541.000</ele>
      </trkpt>
      <trkpt lat="42.691000000" lon="-2.004320000">
        <ele>542.000</ele>
      </trkpt>
      <trkpt lat="42.691090000" lon="-2.004510000">
        <ele>543.000</ele>
      </trkpt>
      <trkpt lat="42.691090000" lon="-2.004520000">
        <ele>543.000</ele>
      </trkpt>
      <trkpt lat="42.691170000" lon="-2.004650000">
        <ele>544.000</ele>
      </trkpt>
      <trkpt lat="42.691270000" lon="-2.004760000">
        <ele>544.000</ele>
      </trkpt>
      <trkpt lat="42.691460000" lon="-2.005020000">
        <ele>545.000</ele>
      </trkpt>
      <trkpt lat="42.691480000" lon="-2.005040000">
        <ele>546.000</ele>
      </trkpt>
      <trkpt lat="42.691520000" lon="-2.005130000">
        <ele>547.000</ele>
      </trkpt>
      <trkpt lat="42.691580000" lon="-2.005250000">
        <ele>548.000</ele>
      </trkpt>
      <trkpt lat="42.691640000" lon="-2.005460000">
        <ele>548.000</ele>
      </trkpt>
      <trkpt lat="42.691770000" lon="-2.005920000">
        <ele>550.000</ele>
      </trkpt>
      <trkpt lat="42.691850000" lon="-2.006180000">
        <ele>551.000</ele>
      </trkpt>
      <trkpt lat="42.691910000" lon="-2.006370000">
        <ele>553.000</ele>
      </trkpt>
      <trkpt lat="42.691910000" lon="-2.006380000">
        <ele>554.000</ele>
      </trkpt>
      <trkpt lat="42.691940000" lon="-2.006520000">
        <ele>555.000</ele>
      </trkpt>
      <trkpt lat="42.691960000" lon="-2.006610000">
        <ele>555.000</ele>
      </trkpt>
      <trkpt lat="42.691950000" lon="-2.006760000">
        <ele>556.000</ele>
      </trkpt>
      <trkpt lat="42.691940000" lon="-2.006860000">
        <ele>557.000</ele>
      </trkpt>
      <trkpt lat="42.691920000" lon="-2.006940000">
        <ele>557.000</ele>
      </trkpt>
      <trkpt lat="42.691880000" lon="-2.007090000">
        <ele>558.000</ele>
      </trkpt>
      <trkpt lat="42.691870000" lon="-2.007110000">
        <ele>559.000</ele>
      </trkpt>
      <trkpt lat="42.691750000" lon="-2.007600000">
        <ele>560.000</ele>
      </trkpt>
      <trkpt lat="42.691710000" lon="-2.007780000">
        <ele>561.000</ele>
      </trkpt>
      <trkpt lat="42.691650000" lon="-2.008050000">
        <ele>562.000</ele>
      </trkpt>
      <trkpt lat="42.691610000" lon="-2.008270000">
        <ele>562.000</ele>
      </trkpt>
      <trkpt lat="42.691590000" lon="-2.008420000">
        <ele>562.000</ele>
      </trkpt>
      <trkpt lat="42.691590000" lon="-2.008500000">
        <ele>563.000</ele>
      </trkpt>
      <trkpt lat="42.691590000" lon="-2.008590000">
        <ele>563.000</ele>
      </trkpt>
      <trkpt lat="42.691600000" lon="-2.008690000">
        <ele>563.000</ele>
      </trkpt>
      <trkpt lat="42.691610000" lon="-2.008760000">
        <ele>563.000</ele>
      </trkpt>
      <trkpt lat="42.691630000" lon="-2.008850000">
        <ele>563.000</ele>
      </trkpt>
      <trkpt lat="42.691670000" lon="-2.008960000">
        <ele>563.000</ele>
      </trkpt>
      <trkpt lat="42.691670000" lon="-2.008970000">
        <ele>563.000</ele>
      </trkpt>
      <trkpt lat="42.691720000" lon="-2.009070000">
        <ele>564.000</ele>
      </trkpt>
      <trkpt lat="42.691780000" lon="-2.009160000">
        <ele>564.000</ele>
      </trkpt>
      <trkpt lat="42.691800000" lon="-2.009180000">
        <ele>564.000</ele>
      </trkpt>
      <trkpt lat="42.691910000" lon="-2.009330000">
        <ele>564.000</ele>
      </trkpt>
      <trkpt lat="42.692040000" lon="-2.009500000">
        <ele>564.000</ele>
      </trkpt>
      <trkpt lat="42.692050000" lon="-2.009510000">
        <ele>564.000</ele>
      </trkpt>
      <trkpt lat="42.692240000" lon="-2.009730000">
        <ele>564.000</ele>
      </trkpt>
      <trkpt lat="42.692410000" lon="-2.009890000">
        <ele>564.000</ele>
      </trkpt>
      <trkpt lat="42.692470000" lon="-2.009940000">
        <ele>565.000</ele>
      </trkpt>
      <trkpt lat="42.692830000" lon="-2.010210000">
        <ele>565.000</ele>
      </trkpt>
      <trkpt lat="42.692900000" lon="-2.010270000">
        <ele>565.000</ele>
      </trkpt>
      <trkpt lat="42.692940000" lon="-2.010300000">
        <ele>566.000</ele>
      </trkpt>
      <trkpt lat="42.693000000" lon="-2.010370000">
        <ele>566.000</ele>
      </trkpt>
      <trkpt lat="42.693090000" lon="-2.010480000">
        <ele>566.000</ele>
      </trkpt>
      <trkpt lat="42.693140000" lon="-2.010550000">
        <ele>566.000</ele>
      </trkpt>
      <trkpt lat="42.693310000" lon="-2.010830000">
        <ele>567.000</ele>
      </trkpt>
      <trkpt lat="42.693430000" lon="-2.011020000">
        <ele>567.000</ele>
      </trkpt>
      <trkpt lat="42.693540000" lon="-2.011200000">
        <ele>567.000</ele>
      </trkpt>
      <trkpt lat="42.693540000" lon="-2.011210000">
        <ele>567.000</ele>
      </trkpt>
      <trkpt lat="42.693740000" lon="-2.011530000">
        <ele>568.000</ele>
      </trkpt>
      <trkpt lat="42.693800000" lon="-2.011620000">
        <ele>568.000</ele>
      </trkpt>
      <trkpt lat="42.693870000" lon="-2.011710000">
        <ele>569.000</ele>
      </trkpt>
      <trkpt lat="42.693950000" lon="-2.011780000">
        <ele>569.000</ele>
      </trkpt>
      <trkpt lat="42.694030000" lon="-2.011830000">
        <ele>569.000</ele>
      </trkpt>
      <trkpt lat="42.694180000" lon="-2.011900000">
        <ele>570.000</ele>
      </trkpt>
      <trkpt lat="42.694280000" lon="-2.011930000">
        <ele>570.000</ele>
      </trkpt>
      <trkpt lat="42.694330000" lon="-2.011940000">
        <ele>571.000</ele>
      </trkpt>
      <trkpt lat="42.694380000" lon="-2.011940000">
        <ele>571.000</ele>
      </trkpt>
      <trkpt lat="42.694420000" lon="-2.011940000">
        <ele>571.000</ele>
      </trkpt>
      <trkpt lat="42.694430000" lon="-2.011940000">
        <ele>571.000</ele>
      </trkpt>
      <trkpt lat="42.694490000" lon="-2.011920000">
        <ele>572.000</ele>
      </trkpt>
      <trkpt lat="42.694530000" lon="-2.011890000">
        <ele>572.000</ele>
      </trkpt>
      <trkpt lat="42.694590000" lon="-2.011840000">
        <ele>572.000</ele>
      </trkpt>
      <trkpt lat="42.694860000" lon="-2.011540000">
        <ele>573.000</ele>
      </trkpt>
      <trkpt lat="42.694890000" lon="-2.011520000">
        <ele>573.000</ele>
      </trkpt>
      <trkpt lat="42.694980000" lon="-2.011440000">
        <ele>574.000</ele>
      </trkpt>
      <trkpt lat="42.695040000" lon="-2.011420000">
        <ele>574.000</ele>
      </trkpt>
      <trkpt lat="42.695110000" lon="-2.011410000">
        <ele>575.000</ele>
      </trkpt>
      <trkpt lat="42.695180000" lon="-2.011410000">
        <ele>575.000</ele>
      </trkpt>
      <trkpt lat="42.695280000" lon="-2.011450000">
        <ele>575.000</ele>
      </trkpt>
      <trkpt lat="42.695580000" lon="-2.011570000">
        <ele>576.000</ele>
      </trkpt>
      <trkpt lat="42.695640000" lon="-2.011600000">
        <ele>577.000</ele>
      </trkpt>
      <trkpt lat="42.695710000" lon="-2.011640000">
        <ele>577.000</ele>
      </trkpt>
      <trkpt lat="42.695810000" lon="-2.011690000">
        <ele>578.000</ele>
      </trkpt>
      <trkpt lat="42.696040000" lon="-2.011860000">
        <ele>579.000</ele>
      </trkpt>
      <trkpt lat="42.696300000" lon="-2.012150000">
        <ele>580.000</ele>
      </trkpt>
      <trkpt lat="42.696360000" lon="-2.012210000">
        <ele>581.000</ele>
      </trkpt>
      <trkpt lat="42.696450000" lon="-2.012330000">
        <ele>582.000</ele>
      </trkpt>
      <trkpt lat="42.696490000" lon="-2.012380000">
        <ele>583.000</ele>
      </trkpt>
      <trkpt lat="42.696570000" lon="-2.012480000">
        <ele>584.000</ele>
      </trkpt>
      <trkpt lat="42.696720000" lon="-2.012730000">
        <ele>585.000</ele>
      </trkpt>
      <trkpt lat="42.696830000" lon="-2.012990000">
        <ele>586.000</ele>
      </trkpt>
      <trkpt lat="42.696870000" lon="-2.013120000">
        <ele>587.000</ele>
      </trkpt>
      <trkpt lat="42.696920000" lon="-2.013330000">
        <ele>588.000</ele>
      </trkpt>
      <trkpt lat="42.696990000" lon="-2.013650000">
        <ele>589.000</ele>
      </trkpt>
      <trkpt lat="42.697010000" lon="-2.013720000">
        <ele>589.000</ele>
      </trkpt>
      <trkpt lat="42.697040000" lon="-2.013860000">
        <ele>590.000</ele>
      </trkpt>
      <trkpt lat="42.697050000" lon="-2.013960000">
        <ele>591.000</ele>
      </trkpt>
      <trkpt lat="42.697060000" lon="-2.014080000">
        <ele>591.000</ele>
      </trkpt>
      <trkpt lat="42.697070000" lon="-2.014130000">
        <ele>592.000</ele>
      </trkpt>
      <trkpt lat="42.697070000" lon="-2.014160000">
        <ele>592.000</ele>
      </trkpt>
      <trkpt lat="42.697080000" lon="-2.014200000">
        <ele>592.000</ele>
      </trkpt>
      <trkpt lat="42.697100000" lon="-2.014270000">
        <ele>592.000</ele>
      </trkpt>
      <trkpt lat="42.697120000" lon="-2.014330000">
        <ele>593.000</ele>
      </trkpt>
      <trkpt lat="42.697140000" lon="-2.014350000">
        <ele>593.000</ele>
      </trkpt>
      <trkpt lat="42.697140000" lon="-2.014350000">
        <ele>593.000</ele>
      </trkpt>
      <trkpt lat="42.697100000" lon="-2.014400000">
        <ele>593.000</ele>
      </trkpt>
      <trkpt lat="42.697100000" lon="-2.014420000">
        <ele>593.000</ele>
      </trkpt>
      <trkpt lat="42.697090000" lon="-2.014440000">
        <ele>594.000</ele>
      </trkpt>
      <trkpt lat="42.697090000" lon="-2.014470000">
        <ele>594.000</ele>
      </trkpt>
      <trkpt lat="42.697090000" lon="-2.014500000">
        <ele>594.000</ele>
      </trkpt>
      <trkpt lat="42.697090000" lon="-2.014530000">
        <ele>594.000</ele>
      </trkpt>
      <trkpt lat="42.697110000" lon="-2.014570000">
        <ele>594.000</ele>
      </trkpt>
      <trkpt lat="42.697130000" lon="-2.014600000">
        <ele>594.000</ele>
      </trkpt>
      <trkpt lat="42.697180000" lon="-2.014680000">
        <ele>594.000</ele>
      </trkpt>
      <trkpt lat="42.697370000" lon="-2.014970000">
        <ele>595.000</ele>
      </trkpt>
      <trkpt lat="42.697430000" lon="-2.015080000">
        <ele>596.000</ele>
      </trkpt>
      <trkpt lat="42.697510000" lon="-2.015220000">
        <ele>596.000</ele>
      </trkpt>
      <trkpt lat="42.697540000" lon="-2.015310000">
        <ele>597.000</ele>
      </trkpt>
      <trkpt lat="42.697540000" lon="-2.015340000">
        <ele>597.000</ele>
      </trkpt>
      <trkpt lat="42.697560000" lon="-2.015400000">
        <ele>597.000</ele>
      </trkpt>
      <trkpt lat="42.697560000" lon="-2.015460000">
        <ele>598.000</ele>
      </trkpt>
      <trkpt lat="42.697550000" lon="-2.015520000">
        <ele>598.000</ele>
      </trkpt>
      <trkpt lat="42.697540000" lon="-2.015600000">
        <ele>598.000</ele>
      </trkpt>
      <trkpt lat="42.697530000" lon="-2.015660000">
        <ele>598.000</ele>
      </trkpt>
      <trkpt lat="42.697520000" lon="-2.015680000">
        <ele>598.000</ele>
      </trkpt>
      <trkpt lat="42.697500000" lon="-2.015730000">
        <ele>598.000</ele>
      </trkpt>
      <trkpt lat="42.697480000" lon="-2.015800000">
        <ele>598.000</ele>
      </trkpt>
      <trkpt lat="42.697470000" lon="-2.015800000">
        <ele>598.000</ele>
      </trkpt>
      <trkpt lat="42.697370000" lon="-2.016010000">
        <ele>598.000</ele>
      </trkpt>
      <trkpt lat="42.697350000" lon="-2.016070000">
        <ele>598.000</ele>
      </trkpt>
      <trkpt lat="42.697330000" lon="-2.016110000">
        <ele>598.000</ele>
      </trkpt>
      <trkpt lat="42.697300000" lon="-2.016200000">
        <ele>598.000</ele>
      </trkpt>
      <trkpt lat="42.697260000" lon="-2.016350000">
        <ele>598.000</ele>
      </trkpt>
      <trkpt lat="42.697240000" lon="-2.016450000">
        <ele>598.000</ele>
      </trkpt>
      <trkpt lat="42.697230000" lon="-2.016540000">
        <ele>598.000</ele>
      </trkpt>
      <trkpt lat="42.697190000" lon="-2.017150000">
        <ele>598.000</ele>
      </trkpt>
      <trkpt lat="42.697180000" lon="-2.017270000">
        <ele>597.000</ele>
      </trkpt>
      <trkpt lat="42.697160000" lon="-2.017830000">
        <ele>597.000</ele>
      </trkpt>
      <trkpt lat="42.697150000" lon="-2.018000000">
        <ele>597.000</ele>
      </trkpt>
      <trkpt lat="42.697140000" lon="-2.018210000">
        <ele>597.000</ele>
      </trkpt>
      <trkpt lat="42.697140000" lon="-2.018240000">
        <ele>596.000</ele>
      </trkpt>
      <trkpt lat="42.697160000" lon="-2.018650000">
        <ele>596.000</ele>
      </trkpt>
      <trkpt lat="42.697170000" lon="-2.018730000">
        <ele>595.000</ele>
      </trkpt>
      <trkpt lat="42.697190000" lon="-2.018810000">
        <ele>595.000</ele>
      </trkpt>
      <trkpt lat="42.697240000" lon="-2.018960000">
        <ele>595.000</ele>
      </trkpt>
      <trkpt lat="42.697290000" lon="-2.019090000">
        <ele>594.000</ele>
      </trkpt>
      <trkpt lat="42.697330000" lon="-2.019170000">
        <ele>594.000</ele>
      </trkpt>
      <trkpt lat="42.697370000" lon="-2.019240000">
        <ele>594.000</ele>
      </trkpt>
      <trkpt lat="42.697440000" lon="-2.019360000">
        <ele>593.000</ele>
      </trkpt>
      <trkpt lat="42.697440000" lon="-2.019370000">
        <ele>593.000</ele>
      </trkpt>
      <trkpt lat="42.697770000" lon="-2.019940000">
        <ele>592.000</ele>
      </trkpt>
      <trkpt lat="42.697960000" lon="-2.020250000">
        <ele>591.000</ele>
      </trkpt>
      <trkpt lat="42.698000000" lon="-2.020320000">
        <ele>591.000</ele>
      </trkpt>
      <trkpt lat="42.698380000" lon="-2.021000000">
        <ele>589.000</ele>
      </trkpt>
      <trkpt lat="42.698440000" lon="-2.021090000">
        <ele>587.000</ele>
      </trkpt>
      <trkpt lat="42.698500000" lon="-2.021210000">
        <ele>586.000</ele>
      </trkpt>
      <trkpt lat="42.698650000" lon="-2.021490000">
        <ele>585.000</ele>
      </trkpt>
      <trkpt lat="42.698760000" lon="-2.021680000">
        <ele>583.000</ele>
      </trkpt>
      <trkpt lat="42.698870000" lon="-2.021880000">
        <ele>582.000</ele>
      </trkpt>
      <trkpt lat="42.698880000" lon="-2.021910000">
        <ele>581.000</ele>
      </trkpt>
      <trkpt lat="42.698920000" lon="-2.021990000">
        <ele>581.000</ele>
      </trkpt>
      <trkpt lat="42.698980000" lon="-2.022100000">
        <ele>580.000</ele>
      </trkpt>
      <trkpt lat="42.699000000" lon="-2.022130000">
        <ele>579.000</ele>
      </trkpt>
      <trkpt lat="42.699120000" lon="-2.022160000">
        <ele>579.000</ele>
      </trkpt>
      <trkpt lat="42.699120000" lon="-2.022160000">
        <ele>578.000</ele>
      </trkpt>
      <trkpt lat="42.699130000" lon="-2.022060000">
        <ele>578.000</ele>
      </trkpt>
      <trkpt lat="42.699170000" lon="-2.021930000">
        <ele>578.000</ele>
      </trkpt>
      <trkpt lat="42.699210000" lon="-2.021800000">
        <ele>579.000</ele>
      </trkpt>
      <trkpt lat="42.699240000" lon="-2.021750000">
        <ele>579.000</ele>
      </trkpt>
      <trkpt lat="42.699300000" lon="-2.021700000">
        <ele>580.000</ele>
      </trkpt>
      <trkpt lat="42.699330000" lon="-2.021690000">
        <ele>580.000</ele>
      </trkpt>
      <trkpt lat="42.699350000" lon="-2.021660000">
        <ele>581.000</ele>
      </trkpt>
      <trkpt lat="42.699390000" lon="-2.021580000">
        <ele>581.000</ele>
      </trkpt>
      <trkpt lat="42.699440000" lon="-2.021490000">
        <ele>582.000</ele>
      </trkpt>
      <trkpt lat="42.699520000" lon="-2.021400000">
        <ele>582.000</ele>
      </trkpt>
      <trkpt lat="42.699660000" lon="-2.021240000">
        <ele>583.000</ele>
      </trkpt>
      <trkpt lat="42.699800000" lon="-2.021090000">
        <ele>584.000</ele>
      </trkpt>
      <trkpt lat="42.699940000" lon="-2.020940000">
        <ele>585.000</ele>
      </trkpt>
      <trkpt lat="42.700040000" lon="-2.020830000">
        <ele>587.000</ele>
      </trkpt>
      <trkpt lat="42.700220000" lon="-2.020630000">
        <ele>588.000</ele>
      </trkpt>
      <trkpt lat="42.700280000" lon="-2.020560000">
        <ele>589.000</ele>
      </trkpt>
      <trkpt lat="42.700480000" lon="-2.020350000">
        <ele>591.000</ele>
      </trkpt>
      <trkpt lat="42.700640000" lon="-2.020180000">
        <ele>592.000</ele>
      </trkpt>
      <trkpt lat="42.700710000" lon="-2.020100000">
        <ele>593.000</ele>
      </trkpt>
      <trkpt lat="42.701010000" lon="-2.019770000">
        <ele>594.000</ele>
      </trkpt>
      <trkpt lat="42.701140000" lon="-2.019690000">
        <ele>595.000</ele>
      </trkpt>
      <trkpt lat="42.701220000" lon="-2.019660000">
        <ele>596.000</ele>
      </trkpt>
      <trkpt lat="42.701300000" lon="-2.019640000">
        <ele>597.000</ele>
      </trkpt>
      <trkpt lat="42.701510000" lon="-2.019640000">
        <ele>598.000</ele>
      </trkpt>
      <trkpt lat="42.701530000" lon="-2.019640000">
        <ele>598.000</ele>
      </trkpt>
      <trkpt lat="42.702060000" lon="-2.019720000">
        <ele>599.000</ele>
      </trkpt>
      <trkpt lat="42.702090000" lon="-2.019720000">
        <ele>600.000</ele>
      </trkpt>
      <trkpt lat="42.702420000" lon="-2.019760000">
        <ele>601.000</ele>
      </trkpt>
      <trkpt lat="42.702590000" lon="-2.019780000">
        <ele>602.000</ele>
      </trkpt>
      <trkpt lat="42.702600000" lon="-2.019780000">
        <ele>603.000</ele>
      </trkpt>
      <trkpt lat="42.702800000" lon="-2.019810000">
        <ele>604.000</ele>
      </trkpt>
      <trkpt lat="42.702860000" lon="-2.019820000">
        <ele>605.000</ele>
      </trkpt>
      <trkpt lat="42.702900000" lon="-2.019820000">
        <ele>605.000</ele>
      </trkpt>
      <trkpt lat="42.703040000" lon="-2.019840000">
        <ele>606.000</ele>
      </trkpt>
      <trkpt lat="42.703220000" lon="-2.019860000">
        <ele>607.000</ele>
      </trkpt>
      <trkpt lat="42.703350000" lon="-2.019870000">
        <ele>608.000</ele>
      </trkpt>
      <trkpt lat="42.703580000" lon="-2.019900000">
        <ele>609.000</ele>
      </trkpt>
      <trkpt lat="42.703660000" lon="-2.019910000">
        <ele>609.000</ele>
      </trkpt>
      <trkpt lat="42.703690000" lon="-2.019920000">
        <ele>610.000</ele>
      </trkpt>
      <trkpt lat="42.703760000" lon="-2.019930000">
        <ele>611.000</ele>
      </trkpt>
      <trkpt lat="42.703840000" lon="-2.019940000">
        <ele>611.000</ele>
      </trkpt>
      <trkpt lat="42.703870000" lon="-2.019940000">
        <ele>612.000</ele>
      </trkpt>
      <trkpt lat="42.704380000" lon="-2.020010000">
        <ele>613.000</ele>
      </trkpt>
      <trkpt lat="42.704500000" lon="-2.020030000">
        <ele>614.000</ele>
      </trkpt>
      <trkpt lat="42.704830000" lon="-2.020070000">
        <ele>614.000</ele>
      </trkpt>
      <trkpt lat="42.704930000" lon="-2.020080000">
        <ele>614.000</ele>
      </trkpt>
      <trkpt lat="42.705010000" lon="-2.020090000">
        <ele>614.000</ele>
      </trkpt>
      <trkpt lat="42.705310000" lon="-2.020130000">
        <ele>614.000</ele>
      </trkpt>
      <trkpt lat="42.705590000" lon="-2.020170000">
        <ele>614.000</ele>
      </trkpt>
      <trkpt lat="42.706090000" lon="-2.020230000">
        <ele>613.000</ele>
      </trkpt>
      <trkpt lat="42.706510000" lon="-2.020290000">
        <ele>613.000</ele>
      </trkpt>
      <trkpt lat="42.706670000" lon="-2.020310000">
        <ele>612.000</ele>
      </trkpt>
      <trkpt lat="42.706840000" lon="-2.020320000">
        <ele>611.000</ele>
      </trkpt>
      <trkpt lat="42.707150000" lon="-2.020320000">
        <ele>610.000</ele>
      </trkpt>
      <trkpt lat="42.707540000" lon="-2.020300000">
        <ele>609.000</ele>
      </trkpt>
      <trkpt lat="42.707810000" lon="-2.020290000">
        <ele>607.000</ele>
      </trkpt>
      <trkpt lat="42.707890000" lon="-2.020280000">
        <ele>606.000</ele>
      </trkpt>
      <trkpt lat="42.708160000" lon="-2.020260000">
        <ele>605.000</ele>
      </trkpt>
      <trkpt lat="42.708380000" lon="-2.020270000">
        <ele>604.000</ele>
      </trkpt>
      <trkpt lat="42.708640000" lon="-2.020250000">
        <ele>603.000</ele>
      </trkpt>
      <trkpt lat="42.708650000" lon="-2.020250000">
        <ele>602.000</ele>
      </trkpt>
      <trkpt lat="42.709170000" lon="-2.020230000">
        <ele>600.000</ele>
      </trkpt>
      <trkpt lat="42.709200000" lon="-2.020230000">
        <ele>599.000</ele>
      </trkpt>
      <trkpt lat="42.709620000" lon="-2.020190000">
        <ele>598.000</ele>
      </trkpt>
      <trkpt lat="42.709740000" lon="-2.020160000">
        <ele>597.000</ele>
      </trkpt>
      <trkpt lat="42.709800000" lon="-2.020130000">
        <ele>596.000</ele>
      </trkpt>
      <trkpt lat="42.709880000" lon="-2.020090000">
        <ele>595.000</ele>
      </trkpt>
      <trkpt lat="42.709900000" lon="-2.020070000">
        <ele>595.000</ele>
      </trkpt>
      <trkpt lat="42.709960000" lon="-2.020010000">
        <ele>595.000</ele>
      </trkpt>
      <trkpt lat="42.710030000" lon="-2.019920000">
        <ele>594.000</ele>
      </trkpt>
      <trkpt lat="42.710110000" lon="-2.019790000">
        <ele>594.000</ele>
      </trkpt>
      <trkpt lat="42.710260000" lon="-2.019540000">
        <ele>593.000</ele>
      </trkpt>
      <trkpt lat="42.710790000" lon="-2.018660000">
        <ele>591.000</ele>
      </trkpt>
      <trkpt lat="42.710840000" lon="-2.018590000">
        <ele>589.000</ele>
      </trkpt>
      <trkpt lat="42.710900000" lon="-2.018510000">
        <ele>588.000</ele>
      </trkpt>
      <trkpt lat="42.711000000" lon="-2.018400000">
        <ele>587.000</ele>
      </trkpt>
      <trkpt lat="42.711100000" lon="-2.018330000">
        <ele>587.000</ele>
      </trkpt>
      <trkpt lat="42.711300000" lon="-2.018230000">
        <ele>586.000</ele>
      </trkpt>
      <trkpt lat="42.711540000" lon="-2.018130000">
        <ele>585.000</ele>
      </trkpt>
      <trkpt lat="42.711780000" lon="-2.018030000">
        <ele>583.000</ele>
      </trkpt>
      <trkpt lat="42.712010000" lon="-2.017960000">
        <ele>582.000</ele>
      </trkpt>
      <trkpt lat="42.712140000" lon="-2.017940000">
        <ele>581.000</ele>
      </trkpt>
      <trkpt lat="42.712250000" lon="-2.017950000">
        <ele>580.000</ele>
      </trkpt>
      <trkpt lat="42.712350000" lon="-2.017990000">
        <ele>580.000</ele>
      </trkpt>
      <trkpt lat="42.712370000" lon="-2.018000000">
        <ele>579.000</ele>
      </trkpt>
      <trkpt lat="42.712510000" lon="-2.018110000">
        <ele>578.000</ele>
      </trkpt>
      <trkpt lat="42.712740000" lon="-2.018310000">
        <ele>578.000</ele>
      </trkpt>
      <trkpt lat="42.713050000" lon="-2.018570000">
        <ele>576.000</ele>
      </trkpt>
      <trkpt lat="42.713270000" lon="-2.018770000">
        <ele>575.000</ele>
      </trkpt>
      <trkpt lat="42.713410000" lon="-2.018910000">
        <ele>574.000</ele>
      </trkpt>
      <trkpt lat="42.713640000" lon="-2.019100000">
        <ele>572.000</ele>
      </trkpt>
      <trkpt lat="42.713700000" lon="-2.019160000">
        <ele>571.000</ele>
      </trkpt>
      <trkpt lat="42.713920000" lon="-2.019340000">
        <ele>570.000</ele>
      </trkpt>
      <trkpt lat="42.714130000" lon="-2.019540000">
        <ele>569.000</ele>
      </trkpt>
      <trkpt lat="42.714290000" lon="-2.019720000">
        <ele>567.000</ele>
      </trkpt>
      <trkpt lat="42.714460000" lon="-2.019930000">
        <ele>566.000</ele>
      </trkpt>
      <trkpt lat="42.714590000" lon="-2.020070000">
        <ele>564.000</ele>
      </trkpt>
      <trkpt lat="42.714730000" lon="-2.020150000">
        <ele>563.000</ele>
      </trkpt>
      <trkpt lat="42.714890000" lon="-2.020170000">
        <ele>562.000</ele>
      </trkpt>
      <trkpt lat="42.715050000" lon="-2.020170000">
        <ele>561.000</ele>
      </trkpt>
      <trkpt lat="42.715200000" lon="-2.020170000">
        <ele>560.000</ele>
      </trkpt>
      <trkpt lat="42.715320000" lon="-2.020180000">
        <ele>559.000</ele>
      </trkpt>
      <trkpt lat="42.715480000" lon="-2.020250000">
        <ele>558.000</ele>
      </trkpt>
      <trkpt lat="42.715750000" lon="-2.020390000">
        <ele>556.000</ele>
      </trkpt>
      <trkpt lat="42.715790000" lon="-2.020410000">
        <ele>555.000</ele>
      </trkpt>
      <trkpt lat="42.716030000" lon="-2.020530000">
        <ele>554.000</ele>
      </trkpt>
      <trkpt lat="42.716380000" lon="-2.020710000">
        <ele>552.000</ele>
      </trkpt>
      <trkpt lat="42.716610000" lon="-2.020850000">
        <ele>551.000</ele>
      </trkpt>
      <trkpt lat="42.717190000" lon="-2.021240000">
        <ele>548.000</ele>
      </trkpt>
      <trkpt lat="42.717230000" lon="-2.021270000">
        <ele>546.000</ele>
      </trkpt>
      <trkpt lat="42.717970000" lon="-2.021780000">
        <ele>543.000</ele>
      </trkpt>
      <trkpt lat="42.718270000" lon="-2.022030000">
        <ele>540.000</ele>
      </trkpt>
      <trkpt lat="42.718420000" lon="-2.022110000">
        <ele>538.000</ele>
      </trkpt>
      <trkpt lat="42.718490000" lon="-2.022150000">
        <ele>536.000</ele>
      </trkpt>
      <trkpt lat="42.718590000" lon="-2.022190000">
        <ele>536.000</ele>
      </trkpt>
      <trkpt lat="42.718630000" lon="-2.022210000">
        <ele>535.000</ele>
      </trkpt>
      <trkpt lat="42.718770000" lon="-2.022250000">
        <ele>535.000</ele>
      </trkpt>
      <trkpt lat="42.718940000" lon="-2.022290000">
        <ele>535.000</ele>
      </trkpt>
      <trkpt lat="42.719290000" lon="-2.022380000">
        <ele>535.000</ele>
      </trkpt>
      <trkpt lat="42.719300000" lon="-2.022380000">
        <ele>535.000</ele>
      </trkpt>
      <trkpt lat="42.719470000" lon="-2.022430000">
        <ele>535.000</ele>
      </trkpt>
      <trkpt lat="42.719650000" lon="-2.022480000">
        <ele>535.000</ele>
      </trkpt>
      <trkpt lat="42.719820000" lon="-2.022530000">
        <ele>536.000</ele>
      </trkpt>
      <trkpt lat="42.719830000" lon="-2.022530000">
        <ele>536.000</ele>
      </trkpt>
      <trkpt lat="42.720180000" lon="-2.022630000">
        <ele>536.000</ele>
      </trkpt>
      <trkpt lat="42.721060000" lon="-2.022880000">
        <ele>538.000</ele>
      </trkpt>
      <trkpt lat="42.721410000" lon="-2.022980000">
        <ele>541.000</ele>
      </trkpt>
      <trkpt lat="42.722080000" lon="-2.023170000">
        <ele>544.000</ele>
      </trkpt>
      <trkpt lat="42.722200000" lon="-2.023200000">
        <ele>546.000</ele>
      </trkpt>
      <trkpt lat="42.722250000" lon="-2.023200000">
        <ele>548.000</ele>
      </trkpt>
      <trkpt lat="42.722340000" lon="-2.023220000">
        <ele>549.000</ele>
      </trkpt>
      <trkpt lat="42.722530000" lon="-2.023230000">
        <ele>550.000</ele>
      </trkpt>
      <trkpt lat="42.722740000" lon="-2.023170000">
        <ele>551.000</ele>
      </trkpt>
      <trkpt lat="42.722900000" lon="-2.023080000">
        <ele>552.000</ele>
      </trkpt>
      <trkpt lat="42.722940000" lon="-2.023050000">
        <ele>553.000</ele>
      </trkpt>
      <trkpt lat="42.723280000" lon="-2.022870000">
        <ele>554.000</ele>
      </trkpt>
      <trkpt lat="42.723390000" lon="-2.022810000">
        <ele>555.000</ele>
      </trkpt>
      <trkpt lat="42.723460000" lon="-2.022770000">
        <ele>556.000</ele>
      </trkpt>
      <trkpt lat="42.723630000" lon="-2.022670000">
        <ele>556.000</ele>
      </trkpt>
      <trkpt lat="42.723930000" lon="-2.022490000">
        <ele>557.000</ele>
      </trkpt>
      <trkpt lat="42.723960000" lon="-2.022480000">
        <ele>558.000</ele>
      </trkpt>
      <trkpt lat="42.724570000" lon="-2.022110000">
        <ele>559.000</ele>
      </trkpt>
      <trkpt lat="42.724640000" lon="-2.022060000">
        <ele>559.000</ele>
      </trkpt>
      <trkpt lat="42.724690000" lon="-2.022000000">
        <ele>560.000</ele>
      </trkpt>
      <trkpt lat="42.724710000" lon="-2.021990000">
        <ele>560.000</ele>
      </trkpt>
      <trkpt lat="42.724750000" lon="-2.021920000">
        <ele>560.000</ele>
      </trkpt>
      <trkpt lat="42.724810000" lon="-2.021820000">
        <ele>560.000</ele>
      </trkpt>
      <trkpt lat="42.724850000" lon="-2.021720000">
        <ele>560.000</ele>
      </trkpt>
      <trkpt lat="42.724920000" lon="-2.021600000">
        <ele>561.000</ele>
      </trkpt>
      <trkpt lat="42.724970000" lon="-2.021560000">
        <ele>561.000</ele>
      </trkpt>
      <trkpt lat="42.725020000" lon="-2.021510000">
        <ele>561.000</ele>
      </trkpt>
      <trkpt lat="42.725490000" lon="-2.021370000">
        <ele>561.000</ele>
      </trkpt>
      <trkpt lat="42.725630000" lon="-2.021330000">
        <ele>561.000</ele>
      </trkpt>
      <trkpt lat="42.725710000" lon="-2.021310000">
        <ele>561.000</ele>
      </trkpt>
      <trkpt lat="42.725910000" lon="-2.021260000">
        <ele>560.000</ele>
      </trkpt>
      <trkpt lat="42.725960000" lon="-2.021260000">
        <ele>560.000</ele>
      </trkpt>
      <trkpt lat="42.726070000" lon="-2.021210000">
        <ele>560.000</ele>
      </trkpt>
      <trkpt lat="42.726120000" lon="-2.021170000">
        <ele>559.000</ele>
      </trkpt>
      <trkpt lat="42.726270000" lon="-2.021040000">
        <ele>559.000</ele>
      </trkpt>
      <trkpt lat="42.726270000" lon="-2.021030000">
        <ele>558.000</ele>
      </trkpt>
      <trkpt lat="42.726440000" lon="-2.020880000">
        <ele>558.000</ele>
      </trkpt>
      <trkpt lat="42.726480000" lon="-2.020830000">
        <ele>557.000</ele>
      </trkpt>
      <trkpt lat="42.726550000" lon="-2.020770000">
        <ele>557.000</ele>
      </trkpt>
      <trkpt lat="42.726670000" lon="-2.020690000">
        <ele>556.000</ele>
      </trkpt>
      <trkpt lat="42.726870000" lon="-2.020590000">
        <ele>556.000</ele>
      </trkpt>
      <trkpt lat="42.726910000" lon="-2.020570000">
        <ele>555.000</ele>
      </trkpt>
      <trkpt lat="42.726950000" lon="-2.020550000">
        <ele>555.000</ele>
      </trkpt>
      <trkpt lat="42.727080000" lon="-2.020490000">
        <ele>554.000</ele>
      </trkpt>
      <trkpt lat="42.727220000" lon="-2.020420000">
        <ele>554.000</ele>
      </trkpt>
      <trkpt lat="42.727250000" lon="-2.020410000">
        <ele>553.000</ele>
      </trkpt>
      <trkpt lat="42.727420000" lon="-2.020320000">
        <ele>554.000</ele>
      </trkpt>
      <trkpt lat="42.727580000" lon="-2.020240000">
        <ele>554.000</ele>
      </trkpt>
      <trkpt lat="42.727590000" lon="-2.020230000">
        <ele>555.000</ele>
      </trkpt>
      <trkpt lat="42.727700000" lon="-2.020190000">
        <ele>555.000</ele>
      </trkpt>
      <trkpt lat="42.727730000" lon="-2.020170000">
        <ele>556.000</ele>
      </trkpt>
      <trkpt lat="42.727760000" lon="-2.020150000">
        <ele>556.000</ele>
      </trkpt>
      <trkpt lat="42.727790000" lon="-2.020120000">
        <ele>557.000</ele>
      </trkpt>
      <trkpt lat="42.727830000" lon="-2.020060000">
        <ele>557.000</ele>
      </trkpt>
      <trkpt lat="42.727850000" lon="-2.020020000">
        <ele>558.000</ele>
      </trkpt>
      <trkpt lat="42.727850000" lon="-2.019990000">
        <ele>558.000</ele>
      </trkpt>
      <trkpt lat="42.727860000" lon="-2.019950000">
        <ele>558.000</ele>
      </trkpt>
      <trkpt lat="42.727860000" lon="-2.019900000">
        <ele>558.000</ele>
      </trkpt>
      <trkpt lat="42.727860000" lon="-2.019830000">
        <ele>559.000</ele>
      </trkpt>
      <trkpt lat="42.727860000" lon="-2.019720000">
        <ele>559.000</ele>
      </trkpt>
      <trkpt lat="42.727760000" lon="-2.019020000">
        <ele>561.000</ele>
      </trkpt>
      <trkpt lat="42.727730000" lon="-2.018820000">
        <ele>563.000</ele>
      </trkpt>
      <trkpt lat="42.727730000" lon="-2.018760000">
        <ele>564.000</ele>
      </trkpt>
      <trkpt lat="42.727730000" lon="-2.018680000">
        <ele>565.000</ele>
      </trkpt>
      <trkpt lat="42.727740000" lon="-2.018560000">
        <ele>566.000</ele>
      </trkpt>
      <trkpt lat="42.727750000" lon="-2.018520000">
        <ele>566.000</ele>
      </trkpt>
      <trkpt lat="42.727770000" lon="-2.018450000">
        <ele>567.000</ele>
      </trkpt>
      <trkpt lat="42.727810000" lon="-2.018340000">
        <ele>567.000</ele>
      </trkpt>
      <trkpt lat="42.727870000" lon="-2.018190000">
        <ele>568.000</ele>
      </trkpt>
      <trkpt lat="42.728190000" lon="-2.017500000">
        <ele>570.000</ele>
      </trkpt>
      <trkpt lat="42.728460000" lon="-2.016940000">
        <ele>573.000</ele>
      </trkpt>
      <trkpt lat="42.728490000" lon="-2.016880000">
        <ele>574.000</ele>
      </trkpt>
      <trkpt lat="42.728590000" lon="-2.016760000">
        <ele>576.000</ele>
      </trkpt>
      <trkpt lat="42.728650000" lon="-2.016680000">
        <ele>577.000</ele>
      </trkpt>
      <trkpt lat="42.728660000" lon="-2.016670000">
        <ele>578.000</ele>
      </trkpt>
      <trkpt lat="42.728840000" lon="-2.016450000">
        <ele>579.000</ele>
      </trkpt>
      <trkpt lat="42.728870000" lon="-2.016420000">
        <ele>580.000</ele>
      </trkpt>
      <trkpt lat="42.728920000" lon="-2.016360000">
        <ele>581.000</ele>
      </trkpt>
      <trkpt lat="42.729010000" lon="-2.016270000">
        <ele>582.000</ele>
      </trkpt>
      <trkpt lat="42.729010000" lon="-2.016260000">
        <ele>582.000</ele>
      </trkpt>
      <trkpt lat="42.729100000" lon="-2.016160000">
        <ele>583.000</ele>
      </trkpt>
      <trkpt lat="42.729150000" lon="-2.016110000">
        <ele>583.000</ele>
      </trkpt>
      <trkpt lat="42.729310000" lon="-2.015950000">
        <ele>584.000</ele>
      </trkpt>
      <trkpt lat="42.729380000" lon="-2.015900000">
        <ele>585.000</ele>
      </trkpt>
      <trkpt lat="42.729450000" lon="-2.015870000">
        <ele>586.000</ele>
      </trkpt>
      <trkpt lat="42.729560000" lon="-2.015840000">
        <ele>587.000</ele>
      </trkpt>
      <trkpt lat="42.729630000" lon="-2.015830000">
        <ele>587.000</ele>
      </trkpt>
      <trkpt lat="42.729640000" lon="-2.015830000">
        <ele>588.000</ele>
      </trkpt>
      <trkpt lat="42.730350000" lon="-2.015760000">
        <ele>590.000</ele>
      </trkpt>
      <trkpt lat="42.730520000" lon="-2.015740000">
        <ele>592.000</ele>
      </trkpt>
      <trkpt lat="42.730540000" lon="-2.015740000">
        <ele>593.000</ele>
      </trkpt>
      <trkpt lat="42.730900000" lon="-2.015700000">
        <ele>595.000</ele>
      </trkpt>
      <trkpt lat="42.731470000" lon="-2.015630000">
        <ele>598.000</ele>
      </trkpt>
      <trkpt lat="42.731790000" lon="-2.015600000">
        <ele>601.000</ele>
      </trkpt>
      <trkpt lat="42.731840000" lon="-2.015600000">
        <ele>603.000</ele>
      </trkpt>
      <trkpt lat="42.732090000" lon="-2.015570000">
        <ele>605.000</ele>
      </trkpt>
      <trkpt lat="42.732150000" lon="-2.015550000">
        <ele>607.000</ele>
      </trkpt>
      <trkpt lat="42.732200000" lon="-2.015540000">
        <ele>608.000</ele>
      </trkpt>
      <trkpt lat="42.732320000" lon="-2.015480000">
        <ele>609.000</ele>
      </trkpt>
      <trkpt lat="42.732330000" lon="-2.015470000">
        <ele>610.000</ele>
      </trkpt>
      <trkpt lat="42.732480000" lon="-2.015370000">
        <ele>611.000</ele>
      </trkpt>
      <trkpt lat="42.732800000" lon="-2.015150000">
        <ele>611.000</ele>
      </trkpt>
      <trkpt lat="42.733070000" lon="-2.014970000">
        <ele>612.000</ele>
      </trkpt>
      <trkpt lat="42.733130000" lon="-2.014930000">
        <ele>613.000</ele>
      </trkpt>
      <trkpt lat="42.733290000" lon="-2.014840000">
        <ele>613.000</ele>
      </trkpt>
      <trkpt lat="42.733300000" lon="-2.014830000">
        <ele>614.000</ele>
      </trkpt>
      <trkpt lat="42.733400000" lon="-2.014810000">
        <ele>614.000</ele>
      </trkpt>
      <trkpt lat="42.733470000" lon="-2.014800000">
        <ele>614.000</ele>
      </trkpt>
      <trkpt lat="42.733480000" lon="-2.014800000">
        <ele>614.000</ele>
      </trkpt>
      <trkpt lat="42.733650000" lon="-2.014800000">
        <ele>615.000</ele>
      </trkpt>
      <trkpt lat="42.733760000" lon="-2.014810000">
        <ele>615.000</ele>
      </trkpt>
      <trkpt lat="42.733830000" lon="-2.014810000">
        <ele>615.000</ele>
      </trkpt>
      <trkpt lat="42.734550000" lon="-2.014850000">
        <ele>616.000</ele>
      </trkpt>
      <trkpt lat="42.734910000" lon="-2.014870000">
        <ele>617.000</ele>
      </trkpt>
      <trkpt lat="42.735090000" lon="-2.014880000">
        <ele>618.000</ele>
      </trkpt>
      <trkpt lat="42.735270000" lon="-2.014890000">
        <ele>618.000</ele>
      </trkpt>
      <trkpt lat="42.735770000" lon="-2.014920000">
        <ele>619.000</ele>
      </trkpt>
      <trkpt lat="42.735810000" lon="-2.014930000">
        <ele>620.000</ele>
      </trkpt>
      <trkpt lat="42.736250000" lon="-2.014940000">
        <ele>621.000</ele>
      </trkpt>
      <trkpt lat="42.736540000" lon="-2.014990000">
        <ele>622.000</ele>
      </trkpt>
      <trkpt lat="42.736740000" lon="-2.015070000">
        <ele>622.000</ele>
      </trkpt>
      <trkpt lat="42.736990000" lon="-2.015240000">
        <ele>623.000</ele>
      </trkpt>
      <trkpt lat="42.737030000" lon="-2.015280000">
        <ele>623.000</ele>
      </trkpt>
      <trkpt lat="42.737310000" lon="-2.015530000">
        <ele>624.000</ele>
      </trkpt>
      <trkpt lat="42.737330000" lon="-2.015560000">
        <ele>624.000</ele>
      </trkpt>
      <trkpt lat="42.737620000" lon="-2.015930000">
        <ele>625.000</ele>
      </trkpt>
      <trkpt lat="42.738090000" lon="-2.016600000">
        <ele>625.000</ele>
      </trkpt>
      <trkpt lat="42.738230000" lon="-2.016800000">
        <ele>626.000</ele>
      </trkpt>
      <trkpt lat="42.738320000" lon="-2.016940000">
        <ele>626.000</ele>
      </trkpt>
      <trkpt lat="42.738350000" lon="-2.016990000">
        <ele>626.000</ele>
      </trkpt>
      <trkpt lat="42.738520000" lon="-2.017290000">
        <ele>626.000</ele>
      </trkpt>
      <trkpt lat="42.738540000" lon="-2.017330000">
        <ele>627.000</ele>
      </trkpt>
      <trkpt lat="42.738640000" lon="-2.017520000">
        <ele>627.000</ele>
      </trkpt>
      <trkpt lat="42.738840000" lon="-2.017930000">
        <ele>627.000</ele>
      </trkpt>
      <trkpt lat="42.739000000" lon="-2.018240000">
        <ele>627.000</ele>
      </trkpt>
      <trkpt lat="42.739180000" lon="-2.018590000">
        <ele>627.000</ele>
      </trkpt>
      <trkpt lat="42.739210000" lon="-2.018640000">
        <ele>627.000</ele>
      </trkpt>
      <trkpt lat="42.739310000" lon="-2.018840000">
        <ele>628.000</ele>
      </trkpt>
      <trkpt lat="42.739530000" lon="-2.019270000">
        <ele>629.000</ele>
      </trkpt>
      <trkpt lat="42.739620000" lon="-2.019440000">
        <ele>630.000</ele>
      </trkpt>
      <trkpt lat="42.739720000" lon="-2.019640000">
        <ele>631.000</ele>
      </trkpt>
      <trkpt lat="42.739860000" lon="-2.019920000">
        <ele>633.000</ele>
      </trkpt>
      <trkpt lat="42.739920000" lon="-2.020050000">
        <ele>634.000</ele>
      </trkpt>
      <trkpt lat="42.740190000" lon="-2.020570000">
        <ele>636.000</ele>
      </trkpt>
      <trkpt lat="42.740310000" lon="-2.020760000">
        <ele>637.000</ele>
      </trkpt>
      <trkpt lat="42.740370000" lon="-2.020820000">
        <ele>639.000</ele>
      </trkpt>
      <trkpt lat="42.740440000" lon="-2.020880000">
        <ele>640.000</ele>
      </trkpt>
      <trkpt lat="42.740490000" lon="-2.020910000">
        <ele>640.000</ele>
      </trkpt>
      <trkpt lat="42.740560000" lon="-2.020940000">
        <ele>641.000</ele>
      </trkpt>
      <trkpt lat="42.740620000" lon="-2.020960000">
        <ele>642.000</ele>
      </trkpt>
      <trkpt lat="42.740700000" lon="-2.020970000">
        <ele>642.000</ele>
      </trkpt>
      <trkpt lat="42.740810000" lon="-2.020970000">
        <ele>643.000</ele>
      </trkpt>
      <trkpt lat="42.740880000" lon="-2.020970000">
        <ele>643.000</ele>
      </trkpt>
      <trkpt lat="42.741030000" lon="-2.020960000">
        <ele>644.000</ele>
      </trkpt>
      <trkpt lat="42.741390000" lon="-2.020870000">
        <ele>645.000</ele>
      </trkpt>
      <trkpt lat="42.742430000" lon="-2.020640000">
        <ele>648.000</ele>
      </trkpt>
      <trkpt lat="42.742480000" lon="-2.020630000">
        <ele>650.000</ele>
      </trkpt>
      <trkpt lat="42.742610000" lon="-2.020600000">
        <ele>652.000</ele>
      </trkpt>
      <trkpt lat="42.742650000" lon="-2.020590000">
        <ele>653.000</ele>
      </trkpt>
      <trkpt lat="42.742830000" lon="-2.020560000">
        <ele>655.000</ele>
      </trkpt>
      <trkpt lat="42.742840000" lon="-2.020560000">
        <ele>655.000</ele>
      </trkpt>
      <trkpt lat="42.743010000" lon="-2.020570000">
        <ele>656.000</ele>
      </trkpt>
      <trkpt lat="42.743640000" lon="-2.020600000">
        <ele>658.000</ele>
      </trkpt>
      <trkpt lat="42.743670000" lon="-2.020600000">
        <ele>660.000</ele>
      </trkpt>
      <trkpt lat="42.743730000" lon="-2.020610000">
        <ele>661.000</ele>
      </trkpt>
      <trkpt lat="42.744500000" lon="-2.020680000">
        <ele>663.000</ele>
      </trkpt>
      <trkpt lat="42.744900000" lon="-2.020640000">
        <ele>665.000</ele>
      </trkpt>
      <trkpt lat="42.744950000" lon="-2.020630000">
        <ele>667.000</ele>
      </trkpt>
      <trkpt lat="42.745540000" lon="-2.020490000">
        <ele>669.000</ele>
      </trkpt>
      <trkpt lat="42.745890000" lon="-2.020410000">
        <ele>671.000</ele>
      </trkpt>
      <trkpt lat="42.746030000" lon="-2.020370000">
        <ele>673.000</ele>
      </trkpt>
      <trkpt lat="42.746130000" lon="-2.020320000">
        <ele>675.000</ele>
      </trkpt>
      <trkpt lat="42.746160000" lon="-2.020310000">
        <ele>676.000</ele>
      </trkpt>
      <trkpt lat="42.746240000" lon="-2.020240000">
        <ele>676.000</ele>
      </trkpt>
      <trkpt lat="42.746280000" lon="-2.020190000">
        <ele>677.000</ele>
      </trkpt>
      <trkpt lat="42.746280000" lon="-2.020180000">
        <ele>678.000</ele>
      </trkpt>
      <trkpt lat="42.746300000" lon="-2.020120000">
        <ele>678.000</ele>
      </trkpt>
      <trkpt lat="42.746320000" lon="-2.020000000">
        <ele>678.000</ele>
      </trkpt>
      <trkpt lat="42.746310000" lon="-2.019860000">
        <ele>679.000</ele>
      </trkpt>
      <trkpt lat="42.746270000" lon="-2.019720000">
        <ele>679.000</ele>
      </trkpt>
      <trkpt lat="42.746230000" lon="-2.019670000">
        <ele>680.000</ele>
      </trkpt>
      <trkpt lat="42.746150000" lon="-2.019640000">
        <ele>680.000</ele>
      </trkpt>
      <trkpt lat="42.746130000" lon="-2.019630000">
        <ele>681.000</ele>
      </trkpt>
      <trkpt lat="42.746080000" lon="-2.019610000">
        <ele>681.000</ele>
      </trkpt>
      <trkpt lat="42.745700000" lon="-2.019520000">
        <ele>682.000</ele>
      </trkpt>
      <trkpt lat="42.745600000" lon="-2.019500000">
        <ele>683.000</ele>
      </trkpt>
      <trkpt lat="42.745440000" lon="-2.019470000">
        <ele>684.000</ele>
      </trkpt>
      <trkpt lat="42.745360000" lon="-2.019460000">
        <ele>684.000</ele>
      </trkpt>
      <trkpt lat="42.745090000" lon="-2.019400000">
        <ele>685.000</ele>
      </trkpt>
      <trkpt lat="42.745020000" lon="-2.019390000">
        <ele>686.000</ele>
      </trkpt>
      <trkpt lat="42.744870000" lon="-2.019350000">
        <ele>687.000</ele>
      </trkpt>
      <trkpt lat="42.744840000" lon="-2.019340000">
        <ele>687.000</ele>
      </trkpt>
      <trkpt lat="42.744770000" lon="-2.019310000">
        <ele>688.000</ele>
      </trkpt>
      <trkpt lat="42.744730000" lon="-2.019270000">
        <ele>688.000</ele>
      </trkpt>
      <trkpt lat="42.744690000" lon="-2.019220000">
        <ele>689.000</ele>
      </trkpt>
      <trkpt lat="42.744670000" lon="-2.019180000">
        <ele>689.000</ele>
      </trkpt>
      <trkpt lat="42.744630000" lon="-2.019060000">
        <ele>690.000</ele>
      </trkpt>
      <trkpt lat="42.744620000" lon="-2.019000000">
        <ele>690.000</ele>
      </trkpt>
      <trkpt lat="42.744620000" lon="-2.018920000">
        <ele>691.000</ele>
      </trkpt>
      <trkpt lat="42.744650000" lon="-2.018740000">
        <ele>691.000</ele>
      </trkpt>
      <trkpt lat="42.744660000" lon="-2.018720000">
        <ele>692.000</ele>
      </trkpt>
      <trkpt lat="42.744720000" lon="-2.018540000">
        <ele>693.000</ele>
      </trkpt>
      <trkpt lat="42.744810000" lon="-2.018370000">
        <ele>693.000</ele>
      </trkpt>
      <trkpt lat="42.744840000" lon="-2.018340000">
        <ele>694.000</ele>
      </trkpt>
      <trkpt lat="42.744960000" lon="-2.018190000">
        <ele>695.000</ele>
      </trkpt>
      <trkpt lat="42.745110000" lon="-2.018030000">
        <ele>696.000</ele>
      </trkpt>
      <trkpt lat="42.745430000" lon="-2.017700000">
        <ele>698.000</ele>
      </trkpt>
      <trkpt lat="42.745500000" lon="-2.017620000">
        <ele>699.000</ele>
      </trkpt>
      <trkpt lat="42.745970000" lon="-2.017140000">
        <ele>702.000</ele>
      </trkpt>
      <trkpt lat="42.746010000" lon="-2.017100000">
        <ele>703.000</ele>
      </trkpt>
      <trkpt lat="42.746190000" lon="-2.016920000">
        <ele>705.000</ele>
      </trkpt>
      <trkpt lat="42.746350000" lon="-2.016800000">
        <ele>706.000</ele>
      </trkpt>
      <trkpt lat="42.746390000" lon="-2.016760000">
        <ele>707.000</ele>
      </trkpt>
      <trkpt lat="42.747080000" lon="-2.016270000">
        <ele>708.000</ele>
      </trkpt>
      <trkpt lat="42.747410000" lon="-2.016030000">
        <ele>710.000</ele>
      </trkpt>
      <trkpt lat="42.747560000" lon="-2.015880000">
        <ele>711.000</ele>
      </trkpt>
      <trkpt lat="42.747700000" lon="-2.015690000">
        <ele>712.000</ele>
      </trkpt>
      <trkpt lat="42.747810000" lon="-2.015450000">
        <ele>714.000</ele>
      </trkpt>
      <trkpt lat="42.747910000" lon="-2.015170000">
        <ele>715.000</ele>
      </trkpt>
      <trkpt lat="42.747950000" lon="-2.015060000">
        <ele>716.000</ele>
      </trkpt>
      <trkpt lat="42.748150000" lon="-2.014490000">
        <ele>718.000</ele>
      </trkpt>
      <trkpt lat="42.748330000" lon="-2.014020000">
        <ele>720.000</ele>
      </trkpt>
      <trkpt lat="42.748470000" lon="-2.013800000">
        <ele>722.000</ele>
      </trkpt>
      <trkpt lat="42.748640000" lon="-2.013630000">
        <ele>724.000</ele>
      </trkpt>
      <trkpt lat="42.748850000" lon="-2.013520000">
        <ele>725.000</ele>
      </trkpt>
      <trkpt lat="42.749110000" lon="-2.013490000">
        <ele>727.000</ele>
      </trkpt>
      <trkpt lat="42.749390000" lon="-2.013550000">
        <ele>728.000</ele>
      </trkpt>
      <trkpt lat="42.749770000" lon="-2.013640000">
        <ele>729.000</ele>
      </trkpt>
      <trkpt lat="42.749930000" lon="-2.013720000">
        <ele>731.000</ele>
      </trkpt>
      <trkpt lat="42.750220000" lon="-2.013920000">
        <ele>732.000</ele>
      </trkpt>
      <trkpt lat="42.750440000" lon="-2.014160000">
        <ele>733.000</ele>
      </trkpt>
      <trkpt lat="42.750640000" lon="-2.014410000">
        <ele>734.000</ele>
      </trkpt>
      <trkpt lat="42.750660000" lon="-2.014450000">
        <ele>735.000</ele>
      </trkpt>
      <trkpt lat="42.750830000" lon="-2.014740000">
        <ele>735.000</ele>
      </trkpt>
      <trkpt lat="42.750860000" lon="-2.014800000">
        <ele>736.000</ele>
      </trkpt>
      <trkpt lat="42.751010000" lon="-2.015050000">
        <ele>736.000</ele>
      </trkpt>
      <trkpt lat="42.751130000" lon="-2.015350000">
        <ele>736.000</ele>
      </trkpt>
      <trkpt lat="42.751310000" lon="-2.015690000">
        <ele>737.000</ele>
      </trkpt>
      <trkpt lat="42.751470000" lon="-2.016010000">
        <ele>737.000</ele>
      </trkpt>
      <trkpt lat="42.751480000" lon="-2.016030000">
        <ele>737.000</ele>
      </trkpt>
      <trkpt lat="42.751620000" lon="-2.016400000">
        <ele>738.000</ele>
      </trkpt>
      <trkpt lat="42.751780000" lon="-2.016670000">
        <ele>739.000</ele>
      </trkpt>
      <trkpt lat="42.751940000" lon="-2.017050000">
        <ele>740.000</ele>
      </trkpt>
      <trkpt lat="42.751950000" lon="-2.017060000">
        <ele>741.000</ele>
      </trkpt>
      <trkpt lat="42.752100000" lon="-2.017420000">
        <ele>743.000</ele>
      </trkpt>
      <trkpt lat="42.752210000" lon="-2.017590000">
        <ele>744.000</ele>
      </trkpt>
      <trkpt lat="42.752260000" lon="-2.017630000">
        <ele>745.000</ele>
      </trkpt>
      <trkpt lat="42.752350000" lon="-2.017720000">
        <ele>746.000</ele>
      </trkpt>
      <trkpt lat="42.752510000" lon="-2.017810000">
        <ele>748.000</ele>
      </trkpt>
      <trkpt lat="42.752630000" lon="-2.017860000">
        <ele>749.000</ele>
      </trkpt>
      <trkpt lat="42.752790000" lon="-2.017890000">
        <ele>750.000</ele>
      </trkpt>
      <trkpt lat="42.752930000" lon="-2.017900000">
        <ele>751.000</ele>
      </trkpt>
      <trkpt lat="42.753080000" lon="-2.017860000">
        <ele>752.000</ele>
      </trkpt>
      <trkpt lat="42.753110000" lon="-2.017840000">
        <ele>753.000</ele>
      </trkpt>
      <trkpt lat="42.753240000" lon="-2.017790000">
        <ele>753.000</ele>
      </trkpt>
      <trkpt lat="42.753360000" lon="-2.017690000">
        <ele>753.000</ele>
      </trkpt>
      <trkpt lat="42.753490000" lon="-2.017550000">
        <ele>754.000</ele>
      </trkpt>
      <trkpt lat="42.753640000" lon="-2.017370000">
        <ele>754.000</ele>
      </trkpt>
      <trkpt lat="42.753750000" lon="-2.017210000">
        <ele>754.000</ele>
      </trkpt>
      <trkpt lat="42.753870000" lon="-2.017010000">
        <ele>755.000</ele>
      </trkpt>
      <trkpt lat="42.753980000" lon="-2.016780000">
        <ele>755.000</ele>
      </trkpt>
      <trkpt lat="42.754090000" lon="-2.016480000">
        <ele>755.000</ele>
      </trkpt>
      <trkpt lat="42.754150000" lon="-2.016290000">
        <ele>756.000</ele>
      </trkpt>
      <trkpt lat="42.754180000" lon="-2.016100000">
        <ele>756.000</ele>
      </trkpt>
      <trkpt lat="42.754200000" lon="-2.015880000">
        <ele>756.000</ele>
      </trkpt>
      <trkpt lat="42.754200000" lon="-2.015740000">
        <ele>757.000</ele>
      </trkpt>
      <trkpt lat="42.754190000" lon="-2.015580000">
        <ele>758.000</ele>
      </trkpt>
      <trkpt lat="42.754060000" lon="-2.014980000">
        <ele>759.000</ele>
      </trkpt>
      <trkpt lat="42.754040000" lon="-2.014760000">
        <ele>760.000</ele>
      </trkpt>
      <trkpt lat="42.754020000" lon="-2.014600000">
        <ele>761.000</ele>
      </trkpt>
      <trkpt lat="42.754000000" lon="-2.014310000">
        <ele>762.000</ele>
      </trkpt>
      <trkpt lat="42.754020000" lon="-2.013900000">
        <ele>764.000</ele>
      </trkpt>
      <trkpt lat="42.754040000" lon="-2.013480000">
        <ele>765.000</ele>
      </trkpt>
      <trkpt lat="42.754100000" lon="-2.013130000">
        <ele>767.000</ele>
      </trkpt>
      <trkpt lat="42.754190000" lon="-2.012640000">
        <ele>769.000</ele>
      </trkpt>
      <trkpt lat="42.754230000" lon="-2.012440000">
        <ele>770.000</ele>
      </trkpt>
      <trkpt lat="42.754270000" lon="-2.012310000">
        <ele>771.000</ele>
      </trkpt>
      <trkpt lat="42.754310000" lon="-2.012240000">
        <ele>772.000</ele>
      </trkpt>
      <trkpt lat="42.754330000" lon="-2.012210000">
        <ele>773.000</ele>
      </trkpt>
      <trkpt lat="42.754370000" lon="-2.012160000">
        <ele>773.000</ele>
      </trkpt>
      <trkpt lat="42.754460000" lon="-2.012080000">
        <ele>774.000</ele>
      </trkpt>
      <trkpt lat="42.754580000" lon="-2.011970000">
        <ele>774.000</ele>
      </trkpt>
      <trkpt lat="42.754750000" lon="-2.011830000">
        <ele>775.000</ele>
      </trkpt>
      <trkpt lat="42.754910000" lon="-2.011700000">
        <ele>776.000</ele>
      </trkpt>
      <trkpt lat="42.755060000" lon="-2.011600000">
        <ele>777.000</ele>
      </trkpt>
      <trkpt lat="42.755100000" lon="-2.011580000">
        <ele>777.000</ele>
      </trkpt>
      <trkpt lat="42.755180000" lon="-2.011540000">
        <ele>778.000</ele>
      </trkpt>
      <trkpt lat="42.755320000" lon="-2.011490000">
        <ele>779.000</ele>
      </trkpt>
      <trkpt lat="42.755510000" lon="-2.011440000">
        <ele>780.000</ele>
      </trkpt>
      <trkpt lat="42.755640000" lon="-2.011420000">
        <ele>780.000</ele>
      </trkpt>
      <trkpt lat="42.755770000" lon="-2.011400000">
        <ele>781.000</ele>
      </trkpt>
      <trkpt lat="42.755900000" lon="-2.011380000">
        <ele>782.000</ele>
      </trkpt>
      <trkpt lat="42.756040000" lon="-2.011380000">
        <ele>783.000</ele>
      </trkpt>
      <trkpt lat="42.756110000" lon="-2.011380000">
        <ele>784.000</ele>
      </trkpt>
      <trkpt lat="42.756230000" lon="-2.011420000">
        <ele>784.000</ele>
      </trkpt>
      <trkpt lat="42.756330000" lon="-2.011430000">
        <ele>785.000</ele>
      </trkpt>
      <trkpt lat="42.756470000" lon="-2.011460000">
        <ele>786.000</ele>
      </trkpt>
      <trkpt lat="42.756610000" lon="-2.011510000">
        <ele>786.000</ele>
      </trkpt>
      <trkpt lat="42.756690000" lon="-2.011520000">
        <ele>787.000</ele>
      </trkpt>
      <trkpt lat="42.756780000" lon="-2.011540000">
        <ele>788.000</ele>
      </trkpt>
      <trkpt lat="42.756870000" lon="-2.011560000">
        <ele>788.000</ele>
      </trkpt>
      <trkpt lat="42.756890000" lon="-2.011560000">
        <ele>789.000</ele>
      </trkpt>
      <trkpt lat="42.757060000" lon="-2.011620000">
        <ele>789.000</ele>
      </trkpt>
      <trkpt lat="42.757190000" lon="-2.011690000">
        <ele>789.000</ele>
      </trkpt>
      <trkpt lat="42.757210000" lon="-2.011700000">
        <ele>789.000</ele>
      </trkpt>
      <trkpt lat="42.757360000" lon="-2.011770000">
        <ele>789.000</ele>
      </trkpt>
      <trkpt lat="42.757510000" lon="-2.011860000">
        <ele>788.000</ele>
      </trkpt>
      <trkpt lat="42.757670000" lon="-2.011970000">
        <ele>788.000</ele>
      </trkpt>
      <trkpt lat="42.757700000" lon="-2.012000000">
        <ele>788.000</ele>
      </trkpt>
      <trkpt lat="42.757870000" lon="-2.012090000">
        <ele>787.000</ele>
      </trkpt>
      <trkpt lat="42.758010000" lon="-2.012190000">
        <ele>787.000</ele>
      </trkpt>
      <trkpt lat="42.758180000" lon="-2.012300000">
        <ele>787.000</ele>
      </trkpt>
      <trkpt lat="42.758330000" lon="-2.012400000">
        <ele>786.000</ele>
      </trkpt>
      <trkpt lat="42.758500000" lon="-2.012510000">
        <ele>786.000</ele>
      </trkpt>
      <trkpt lat="42.758710000" lon="-2.012640000">
        <ele>785.000</ele>
      </trkpt>
      <trkpt lat="42.758820000" lon="-2.012700000">
        <ele>785.000</ele>
      </trkpt>
      <trkpt lat="42.758860000" lon="-2.012720000">
        <ele>785.000</ele>
      </trkpt>
      <trkpt lat="42.759000000" lon="-2.012770000">
        <ele>785.000</ele>
      </trkpt>
      <trkpt lat="42.759150000" lon="-2.012810000">
        <ele>785.000</ele>
      </trkpt>
      <trkpt lat="42.759170000" lon="-2.012810000">
        <ele>786.000</ele>
      </trkpt>
      <trkpt lat="42.759280000" lon="-2.012820000">
        <ele>786.000</ele>
      </trkpt>
      <trkpt lat="42.759450000" lon="-2.012820000">
        <ele>786.000</ele>
      </trkpt>
      <trkpt lat="42.759630000" lon="-2.012810000">
        <ele>786.000</ele>
      </trkpt>
      <trkpt lat="42.759750000" lon="-2.012790000">
        <ele>787.000</ele>
      </trkpt>
      <trkpt lat="42.759880000" lon="-2.012760000">
        <ele>787.000</ele>
      </trkpt>
      <trkpt lat="42.759990000" lon="-2.012720000">
        <ele>787.000</ele>
      </trkpt>
      <trkpt lat="42.760060000" lon="-2.012690000">
        <ele>788.000</ele>
      </trkpt>
      <trkpt lat="42.760110000" lon="-2.012660000">
        <ele>788.000</ele>
      </trkpt>
      <trkpt lat="42.760210000" lon="-2.012580000">
        <ele>788.000</ele>
      </trkpt>
      <trkpt lat="42.760320000" lon="-2.012470000">
        <ele>789.000</ele>
      </trkpt>
      <trkpt lat="42.760350000" lon="-2.012420000">
        <ele>789.000</ele>
      </trkpt>
      <trkpt lat="42.760400000" lon="-2.012330000">
        <ele>789.000</ele>
      </trkpt>
      <trkpt lat="42.760470000" lon="-2.012230000">
        <ele>789.000</ele>
      </trkpt>
      <trkpt lat="42.760550000" lon="-2.012090000">
        <ele>790.000</ele>
      </trkpt>
      <trkpt lat="42.760620000" lon="-2.011960000">
        <ele>790.000</ele>
      </trkpt>
      <trkpt lat="42.760730000" lon="-2.011820000">
        <ele>791.000</ele>
      </trkpt>
      <trkpt lat="42.760830000" lon="-2.011700000">
        <ele>792.000</ele>
      </trkpt>
      <trkpt lat="42.760920000" lon="-2.011630000">
        <ele>792.000</ele>
      </trkpt>
      <trkpt lat="42.760990000" lon="-2.011570000">
        <ele>793.000</ele>
      </trkpt>
      <trkpt lat="42.761010000" lon="-2.011560000">
        <ele>793.000</ele>
      </trkpt>
      <trkpt lat="42.761100000" lon="-2.011510000">
        <ele>794.000</ele>
      </trkpt>
      <trkpt lat="42.761190000" lon="-2.011470000">
        <ele>794.000</ele>
      </trkpt>
      <trkpt lat="42.761370000" lon="-2.011410000">
        <ele>795.000</ele>
      </trkpt>
      <trkpt lat="42.761530000" lon="-2.011340000">
        <ele>795.000</ele>
      </trkpt>
      <trkpt lat="42.761670000" lon="-2.011290000">
        <ele>796.000</ele>
      </trkpt>
      <trkpt lat="42.761790000" lon="-2.011250000">
        <ele>797.000</ele>
      </trkpt>
      <trkpt lat="42.761850000" lon="-2.011230000">
        <ele>797.000</ele>
      </trkpt>
      <trkpt lat="42.762020000" lon="-2.011160000">
        <ele>798.000</ele>
      </trkpt>
      <trkpt lat="42.762160000" lon="-2.011110000">
        <ele>799.000</ele>
      </trkpt>
      <trkpt lat="42.762200000" lon="-2.011100000">
        <ele>799.000</ele>
      </trkpt>
      <trkpt lat="42.762350000" lon="-2.011030000">
        <ele>800.000</ele>
      </trkpt>
      <trkpt lat="42.762600000" lon="-2.010950000">
        <ele>801.000</ele>
      </trkpt>
      <trkpt lat="42.762850000" lon="-2.010860000">
        <ele>803.000</ele>
      </trkpt>
      <trkpt lat="42.763060000" lon="-2.010790000">
        <ele>804.000</ele>
      </trkpt>
      <trkpt lat="42.763290000" lon="-2.010700000">
        <ele>805.000</ele>
      </trkpt>
      <trkpt lat="42.763490000" lon="-2.010620000">
        <ele>807.000</ele>
      </trkpt>
      <trkpt lat="42.763680000" lon="-2.010550000">
        <ele>808.000</ele>
      </trkpt>
      <trkpt lat="42.763820000" lon="-2.010490000">
        <ele>809.000</ele>
      </trkpt>
      <trkpt lat="42.763940000" lon="-2.010480000">
        <ele>810.000</ele>
      </trkpt>
      <trkpt lat="42.763950000" lon="-2.010480000">
        <ele>811.000</ele>
      </trkpt>
      <trkpt lat="42.764090000" lon="-2.010480000">
        <ele>812.000</ele>
      </trkpt>
      <trkpt lat="42.764250000" lon="-2.010480000">
        <ele>812.000</ele>
      </trkpt>
      <trkpt lat="42.764600000" lon="-2.010510000">
        <ele>813.000</ele>
      </trkpt>
      <trkpt lat="42.764800000" lon="-2.010520000">
        <ele>815.000</ele>
      </trkpt>
      <trkpt lat="42.764830000" lon="-2.010520000">
        <ele>815.000</ele>
      </trkpt>
      <trkpt lat="42.765000000" lon="-2.010520000">
        <ele>816.000</ele>
      </trkpt>
      <trkpt lat="42.765120000" lon="-2.010520000">
        <ele>817.000</ele>
      </trkpt>
      <trkpt lat="42.765230000" lon="-2.010510000">
        <ele>818.000</ele>
      </trkpt>
      <trkpt lat="42.765340000" lon="-2.010490000">
        <ele>818.000</ele>
      </trkpt>
      <trkpt lat="42.765440000" lon="-2.010440000">
        <ele>819.000</ele>
      </trkpt>
      <trkpt lat="42.765540000" lon="-2.010360000">
        <ele>820.000</ele>
      </trkpt>
      <trkpt lat="42.765610000" lon="-2.010280000">
        <ele>820.000</ele>
      </trkpt>
      <trkpt lat="42.765660000" lon="-2.010210000">
        <ele>821.000</ele>
      </trkpt>
      <trkpt lat="42.765700000" lon="-2.010150000">
        <ele>821.000</ele>
      </trkpt>
      <trkpt lat="42.765820000" lon="-2.009960000">
        <ele>822.000</ele>
      </trkpt>
      <trkpt lat="42.765900000" lon="-2.009800000">
        <ele>823.000</ele>
      </trkpt>
      <trkpt lat="42.765980000" lon="-2.009660000">
        <ele>823.000</ele>
      </trkpt>
      <trkpt lat="42.766130000" lon="-2.009370000">
        <ele>824.000</ele>
      </trkpt>
      <trkpt lat="42.766200000" lon="-2.009230000">
        <ele>825.000</ele>
      </trkpt>
      <trkpt lat="42.766310000" lon="-2.009030000">
        <ele>826.000</ele>
      </trkpt>
      <trkpt lat="42.766400000" lon="-2.008890000">
        <ele>827.000</ele>
      </trkpt>
      <trkpt lat="42.766430000" lon="-2.008850000">
        <ele>828.000</ele>
      </trkpt>
      <trkpt lat="42.766460000" lon="-2.008810000">
        <ele>828.000</ele>
      </trkpt>
      <trkpt lat="42.766560000" lon="-2.008710000">
        <ele>829.000</ele>
      </trkpt>
      <trkpt lat="42.766690000" lon="-2.008620000">
        <ele>829.000</ele>
      </trkpt>
      <trkpt lat="42.766830000" lon="-2.008540000">
        <ele>830.000</ele>
      </trkpt>
      <trkpt lat="42.767210000" lon="-2.008300000">
        <ele>831.000</ele>
      </trkpt>
      <trkpt lat="42.767220000" lon="-2.008290000">
        <ele>832.000</ele>
      </trkpt>
      <trkpt lat="42.767390000" lon="-2.008180000">
        <ele>833.000</ele>
      </trkpt>
      <trkpt lat="42.767610000" lon="-2.008040000">
        <ele>834.000</ele>
      </trkpt>
      <trkpt lat="42.767810000" lon="-2.007900000">
        <ele>836.000</ele>
      </trkpt>
      <trkpt lat="42.768100000" lon="-2.007710000">
        <ele>837.000</ele>
      </trkpt>
      <trkpt lat="42.768470000" lon="-2.007490000">
        <ele>839.000</ele>
      </trkpt>
      <trkpt lat="42.768540000" lon="-2.007440000">
        <ele>840.000</ele>
      </trkpt>
      <trkpt lat="42.768600000" lon="-2.007400000">
        <ele>841.000</ele>
      </trkpt>
      <trkpt lat="42.768790000" lon="-2.007290000">
        <ele>841.000</ele>
      </trkpt>
      <trkpt lat="42.769010000" lon="-2.007160000">
        <ele>842.000</ele>
      </trkpt>
      <trkpt lat="42.769030000" lon="-2.007150000">
        <ele>842.000</ele>
      </trkpt>
      <trkpt lat="42.769210000" lon="-2.007060000">
        <ele>842.000</ele>
      </trkpt>
      <trkpt lat="42.769390000" lon="-2.006990000">
        <ele>842.000</ele>
      </trkpt>
      <trkpt lat="42.769570000" lon="-2.006920000">
        <ele>842.000</ele>
      </trkpt>
      <trkpt lat="42.769740000" lon="-2.006830000">
        <ele>842.000</ele>
      </trkpt>
      <trkpt lat="42.769890000" lon="-2.006770000">
        <ele>842.000</ele>
      </trkpt>
      <trkpt lat="42.769910000" lon="-2.006760000">
        <ele>842.000</ele>
      </trkpt>
      <trkpt lat="42.770070000" lon="-2.006710000">
        <ele>842.000</ele>
      </trkpt>
      <trkpt lat="42.770420000" lon="-2.006690000">
        <ele>842.000</ele>
      </trkpt>
      <trkpt lat="42.770650000" lon="-2.006700000">
        <ele>842.000</ele>
      </trkpt>
      <trkpt lat="42.770900000" lon="-2.006710000">
        <ele>842.000</ele>
      </trkpt>
      <trkpt lat="42.771290000" lon="-2.006740000">
        <ele>842.000</ele>
      </trkpt>
      <trkpt lat="42.771600000" lon="-2.006750000">
        <ele>841.000</ele>
      </trkpt>
      <trkpt lat="42.771920000" lon="-2.006770000">
        <ele>841.000</ele>
      </trkpt>
      <trkpt lat="42.772100000" lon="-2.006780000">
        <ele>841.000</ele>
      </trkpt>
      <trkpt lat="42.772280000" lon="-2.006810000">
        <ele>840.000</ele>
      </trkpt>
      <trkpt lat="42.772290000" lon="-2.006810000">
        <ele>840.000</ele>
      </trkpt>
      <trkpt lat="42.772390000" lon="-2.006820000">
        <ele>840.000</ele>
      </trkpt>
      <trkpt lat="42.772450000" lon="-2.006830000">
        <ele>839.000</ele>
      </trkpt>
      <trkpt lat="42.772460000" lon="-2.006830000">
        <ele>839.000</ele>
      </trkpt>
      <trkpt lat="42.772690000" lon="-2.006870000">
        <ele>838.000</ele>
      </trkpt>
      <trkpt lat="42.772990000" lon="-2.006910000">
        <ele>838.000</ele>
      </trkpt>
      <trkpt lat="42.773190000" lon="-2.006940000">
        <ele>837.000</ele>
      </trkpt>
      <trkpt lat="42.773350000" lon="-2.006960000">
        <ele>836.000</ele>
      </trkpt>
      <trkpt lat="42.773460000" lon="-2.006970000">
        <ele>835.000</ele>
      </trkpt>
      <trkpt lat="42.773810000" lon="-2.007010000">
        <ele>834.000</ele>
      </trkpt>
      <trkpt lat="42.774000000" lon="-2.007040000">
        <ele>833.000</ele>
      </trkpt>
      <trkpt lat="42.774200000" lon="-2.007060000">
        <ele>832.000</ele>
      </trkpt>
      <trkpt lat="42.774340000" lon="-2.007110000">
        <ele>831.000</ele>
      </trkpt>
      <trkpt lat="42.774370000" lon="-2.007120000">
        <ele>830.000</ele>
      </trkpt>
      <trkpt lat="42.774520000" lon="-2.007210000">
        <ele>829.000</ele>
      </trkpt>
      <trkpt lat="42.774570000" lon="-2.007230000">
        <ele>829.000</ele>
      </trkpt>
      <trkpt lat="42.774580000" lon="-2.007240000">
        <ele>828.000</ele>
      </trkpt>
      <trkpt lat="42.774680000" lon="-2.007310000">
        <ele>828.000</ele>
      </trkpt>
      <trkpt lat="42.774690000" lon="-2.007310000">
        <ele>827.000</ele>
      </trkpt>
      <trkpt lat="42.774840000" lon="-2.007410000">
        <ele>827.000</ele>
      </trkpt>
      <trkpt lat="42.774950000" lon="-2.007500000">
        <ele>826.000</ele>
      </trkpt>
      <trkpt lat="42.775080000" lon="-2.007610000">
        <ele>826.000</ele>
      </trkpt>
      <trkpt lat="42.775200000" lon="-2.007740000">
        <ele>825.000</ele>
      </trkpt>
      <trkpt lat="42.775330000" lon="-2.007850000">
        <ele>824.000</ele>
      </trkpt>
      <trkpt lat="42.775440000" lon="-2.007960000">
        <ele>824.000</ele>
      </trkpt>
      <trkpt lat="42.775550000" lon="-2.008050000">
        <ele>823.000</ele>
      </trkpt>
      <trkpt lat="42.775590000" lon="-2.008090000">
        <ele>822.000</ele>
      </trkpt>
      <trkpt lat="42.775650000" lon="-2.008140000">
        <ele>822.000</ele>
      </trkpt>
      <trkpt lat="42.775710000" lon="-2.008200000">
        <ele>821.000</ele>
      </trkpt>
      <trkpt lat="42.775750000" lon="-2.008220000">
        <ele>821.000</ele>
      </trkpt>
      <trkpt lat="42.775890000" lon="-2.008340000">
        <ele>821.000</ele>
      </trkpt>
      <trkpt lat="42.776140000" lon="-2.008550000">
        <ele>821.000</ele>
      </trkpt>
      <trkpt lat="42.776210000" lon="-2.008600000">
        <ele>821.000</ele>
      </trkpt>
      <trkpt lat="42.776440000" lon="-2.008790000">
        <ele>821.000</ele>
      </trkpt>
      <trkpt lat="42.776520000" lon="-2.008850000">
        <ele>821.000</ele>
      </trkpt>
      <trkpt lat="42.776580000" lon="-2.008900000">
        <ele>822.000</ele>
      </trkpt>
      <trkpt lat="42.776700000" lon="-2.009010000">
        <ele>822.000</ele>
      </trkpt>
      <trkpt lat="42.776960000" lon="-2.009220000">
        <ele>823.000</ele>
      </trkpt>
      <trkpt lat="42.777130000" lon="-2.009360000">
        <ele>823.000</ele>
      </trkpt>
      <trkpt lat="42.777180000" lon="-2.009390000">
        <ele>824.000</ele>
      </trkpt>
      <trkpt lat="42.777410000" lon="-2.009580000">
        <ele>825.000</ele>
      </trkpt>
      <trkpt lat="42.777570000" lon="-2.009710000">
        <ele>825.000</ele>
      </trkpt>
      <trkpt lat="42.777660000" lon="-2.009780000">
        <ele>826.000</ele>
      </trkpt>
      <trkpt lat="42.777800000" lon="-2.009900000">
        <ele>826.000</ele>
      </trkpt>
      <trkpt lat="42.777890000" lon="-2.009970000">
        <ele>827.000</ele>
      </trkpt>
      <trkpt lat="42.778070000" lon="-2.010110000">
        <ele>828.000</ele>
      </trkpt>
      <trkpt lat="42.778120000" lon="-2.010160000">
        <ele>828.000</ele>
      </trkpt>
      <trkpt lat="42.778170000" lon="-2.010200000">
        <ele>829.000</ele>
      </trkpt>
      <trkpt lat="42.778240000" lon="-2.010260000">
        <ele>829.000</ele>
      </trkpt>
      <trkpt lat="42.778330000" lon="-2.010340000">
        <ele>829.000</ele>
      </trkpt>
      <trkpt lat="42.778450000" lon="-2.010450000">
        <ele>830.000</ele>
      </trkpt>
      <trkpt lat="42.778480000" lon="-2.010470000">
        <ele>830.000</ele>
      </trkpt>
      <trkpt lat="42.778520000" lon="-2.010520000">
        <ele>831.000</ele>
      </trkpt>
      <trkpt lat="42.778620000" lon="-2.010660000">
        <ele>831.000</ele>
      </trkpt>
      <trkpt lat="42.778690000" lon="-2.010760000">
        <ele>831.000</ele>
      </trkpt>
      <trkpt lat="42.778780000" lon="-2.010890000">
        <ele>832.000</ele>
      </trkpt>
      <trkpt lat="42.778850000" lon="-2.011000000">
        <ele>832.000</ele>
      </trkpt>
      <trkpt lat="42.778900000" lon="-2.011100000">
        <ele>833.000</ele>
      </trkpt>
      <trkpt lat="42.779010000" lon="-2.011380000">
        <ele>833.000</ele>
      </trkpt>
      <trkpt lat="42.779050000" lon="-2.011470000">
        <ele>834.000</ele>
      </trkpt>
      <trkpt lat="42.779170000" lon="-2.011820000">
        <ele>834.000</ele>
      </trkpt>
      <trkpt lat="42.779180000" lon="-2.011830000">
        <ele>834.000</ele>
      </trkpt>
      <trkpt lat="42.779310000" lon="-2.012170000">
        <ele>834.000</ele>
      </trkpt>
      <trkpt lat="42.779440000" lon="-2.012540000">
        <ele>834.000</ele>
      </trkpt>
      <trkpt lat="42.779570000" lon="-2.012910000">
        <ele>834.000</ele>
      </trkpt>
      <trkpt lat="42.779590000" lon="-2.012940000">
        <ele>834.000</ele>
      </trkpt>
      <trkpt lat="42.779700000" lon="-2.013340000">
        <ele>834.000</ele>
      </trkpt>
      <trkpt lat="42.779800000" lon="-2.013780000">
        <ele>834.000</ele>
      </trkpt>
      <trkpt lat="42.779870000" lon="-2.014210000">
        <ele>834.000</ele>
      </trkpt>
      <trkpt lat="42.779930000" lon="-2.014810000">
        <ele>834.000</ele>
      </trkpt>
      <trkpt lat="42.779960000" lon="-2.015040000">
        <ele>833.000</ele>
      </trkpt>
      <trkpt lat="42.780000000" lon="-2.015490000">
        <ele>832.000</ele>
      </trkpt>
      <trkpt lat="42.780080000" lon="-2.016240000">
        <ele>831.000</ele>
      </trkpt>
      <trkpt lat="42.780080000" lon="-2.016250000">
        <ele>831.000</ele>
      </trkpt>
      <trkpt lat="42.780170000" lon="-2.017110000">
        <ele>830.000</ele>
      </trkpt>
      <trkpt lat="42.780180000" lon="-2.017220000">
        <ele>830.000</ele>
      </trkpt>
      <trkpt lat="42.780220000" lon="-2.017630000">
        <ele>830.000</ele>
      </trkpt>
      <trkpt lat="42.780260000" lon="-2.017950000">
        <ele>830.000</ele>
      </trkpt>
      <trkpt lat="42.780260000" lon="-2.017970000">
        <ele>830.000</ele>
      </trkpt>
      <trkpt lat="42.780290000" lon="-2.018110000">
        <ele>830.000</ele>
      </trkpt>
      <trkpt lat="42.780370000" lon="-2.018280000">
        <ele>830.000</ele>
      </trkpt>
      <trkpt lat="42.780420000" lon="-2.018380000">
        <ele>830.000</ele>
      </trkpt>
      <trkpt lat="42.780550000" lon="-2.018670000">
        <ele>830.000</ele>
      </trkpt>
      <trkpt lat="42.780700000" lon="-2.019000000">
        <ele>829.000</ele>
      </trkpt>
      <trkpt lat="42.780780000" lon="-2.019130000">
        <ele>829.000</ele>
      </trkpt>
      <trkpt lat="42.780940000" lon="-2.019260000">
        <ele>829.000</ele>
      </trkpt>
      <trkpt lat="42.781480000" lon="-2.019640000">
        <ele>829.000</ele>
      </trkpt>
      <trkpt lat="42.782190000" lon="-2.020130000">
        <ele>828.000</ele>
      </trkpt>
      <trkpt lat="42.782260000" lon="-2.020180000">
        <ele>827.000</ele>
      </trkpt>
      <trkpt lat="42.782430000" lon="-2.020300000">
        <ele>827.000</ele>
      </trkpt>
      <trkpt lat="42.782870000" lon="-2.020600000">
        <ele>827.000</ele>
      </trkpt>
      <trkpt lat="42.783270000" lon="-2.020890000">
        <ele>826.000</ele>
      </trkpt>
      <trkpt lat="42.783530000" lon="-2.021080000">
        <ele>826.000</ele>
      </trkpt>
      <trkpt lat="42.783680000" lon="-2.021190000">
        <ele>826.000</ele>
      </trkpt>
      <trkpt lat="42.784100000" lon="-2.021490000">
        <ele>825.000</ele>
      </trkpt>
      <trkpt lat="42.784350000" lon="-2.021670000">
        <ele>825.000</ele>
      </trkpt>
      <trkpt lat="42.784550000" lon="-2.021800000">
        <ele>825.000</ele>
      </trkpt>
      <trkpt lat="42.784640000" lon="-2.021840000">
        <ele>825.000</ele>
      </trkpt>
      <trkpt lat="42.784760000" lon="-2.021900000">
        <ele>824.000</ele>
      </trkpt>
      <trkpt lat="42.785130000" lon="-2.022000000">
        <ele>824.000</ele>
      </trkpt>
      <trkpt lat="42.785670000" lon="-2.022140000">
        <ele>824.000</ele>
      </trkpt>
      <trkpt lat="42.786050000" lon="-2.022230000">
        <ele>824.000</ele>
      </trkpt>
      <trkpt lat="42.786250000" lon="-2.022290000">
        <ele>824.000</ele>
      </trkpt>
      <trkpt lat="42.786760000" lon="-2.022420000">
        <ele>824.000</ele>
      </trkpt>
      <trkpt lat="42.786800000" lon="-2.022430000">
        <ele>823.000</ele>
      </trkpt>
      <trkpt lat="42.787280000" lon="-2.022560000">
        <ele>823.000</ele>
      </trkpt>
      <trkpt lat="42.787500000" lon="-2.022610000">
        <ele>823.000</ele>
      </trkpt>
      <trkpt lat="42.787730000" lon="-2.022640000">
        <ele>823.000</ele>
      </trkpt>
      <trkpt lat="42.788060000" lon="-2.022660000">
        <ele>823.000</ele>
      </trkpt>
      <trkpt lat="42.788190000" lon="-2.022670000">
        <ele>823.000</ele>
      </trkpt>
      <trkpt lat="42.788950000" lon="-2.022690000">
        <ele>823.000</ele>
      </trkpt>
      <trkpt lat="42.789140000" lon="-2.022700000">
        <ele>824.000</ele>
      </trkpt>
      <trkpt lat="42.789820000" lon="-2.022730000">
        <ele>824.000</ele>
      </trkpt>
      <trkpt lat="42.790810000" lon="-2.022780000">
        <ele>825.000</ele>
      </trkpt>
      <trkpt lat="42.790940000" lon="-2.022780000">
        <ele>826.000</ele>
      </trkpt>
      <trkpt lat="42.791590000" lon="-2.022820000">
        <ele>827.000</ele>
      </trkpt>
      <trkpt lat="42.791690000" lon="-2.022820000">
        <ele>828.000</ele>
      </trkpt>
      <trkpt lat="42.791720000" lon="-2.022830000">
        <ele>828.000</ele>
      </trkpt>
      <trkpt lat="42.791910000" lon="-2.022840000">
        <ele>829.000</ele>
      </trkpt>
      <trkpt lat="42.794030000" lon="-2.022920000">
        <ele>831.000</ele>
      </trkpt>
      <trkpt lat="42.795820000" lon="-2.023000000">
        <ele>833.000</ele>
      </trkpt>
      <trkpt lat="42.796720000" lon="-2.023040000">
        <ele>834.000</ele>
      </trkpt>
      <trkpt lat="42.797550000" lon="-2.023070000">
        <ele>836.000</ele>
      </trkpt>
      <trkpt lat="42.798610000" lon="-2.023110000">
        <ele>839.000</ele>
      </trkpt>
      <trkpt lat="42.798870000" lon="-2.023120000">
        <ele>840.000</ele>
      </trkpt>
      <trkpt lat="42.799410000" lon="-2.023140000">
        <ele>841.000</ele>
      </trkpt>
      <trkpt lat="42.799610000" lon="-2.023140000">
        <ele>842.000</ele>
      </trkpt>
      <trkpt lat="42.800240000" lon="-2.023160000">
        <ele>843.000</ele>
      </trkpt>
      <trkpt lat="42.800590000" lon="-2.023180000">
        <ele>843.000</ele>
      </trkpt>
      <trkpt lat="42.801530000" lon="-2.023210000">
        <ele>843.000</ele>
      </trkpt>
      <trkpt lat="42.801670000" lon="-2.023220000">
        <ele>842.000</ele>
      </trkpt>
      <trkpt lat="42.801990000" lon="-2.023230000">
        <ele>842.000</ele>
      </trkpt>
      <trkpt lat="42.802040000" lon="-2.023230000">
        <ele>842.000</ele>
      </trkpt>
      <trkpt lat="42.802680000" lon="-2.023250000">
        <ele>841.000</ele>
      </trkpt>
      <trkpt lat="42.802870000" lon="-2.023260000">
        <ele>841.000</ele>
      </trkpt>
      <trkpt lat="42.802930000" lon="-2.023260000">
        <ele>841.000</ele>
      </trkpt>
      <trkpt lat="42.803650000" lon="-2.023290000">
        <ele>842.000</ele>
      </trkpt>
      <trkpt lat="42.803830000" lon="-2.023300000">
        <ele>842.000</ele>
      </trkpt>
      <trkpt lat="42.803920000" lon="-2.023300000">
        <ele>842.000</ele>
      </trkpt>
      <trkpt lat="42.804220000" lon="-2.023320000">
        <ele>843.000</ele>
      </trkpt>
      <trkpt lat="42.804270000" lon="-2.023320000">
        <ele>843.000</ele>
      </trkpt>
      <trkpt lat="42.804550000" lon="-2.023330000">
        <ele>844.000</ele>
      </trkpt>
      <trkpt lat="42.804870000" lon="-2.023340000">
        <ele>844.000</ele>
      </trkpt>
      <trkpt lat="42.804910000" lon="-2.023340000">
        <ele>844.000</ele>
      </trkpt>
      <trkpt lat="42.805070000" lon="-2.023350000">
        <ele>845.000</ele>
      </trkpt>
      <trkpt lat="42.805260000" lon="-2.023350000">
        <ele>845.000</ele>
      </trkpt>
      <trkpt lat="42.805370000" lon="-2.023360000">
        <ele>845.000</ele>
      </trkpt>
      <trkpt lat="42.805510000" lon="-2.023370000">
        <ele>845.000</ele>
      </trkpt>
      <trkpt lat="42.805750000" lon="-2.023370000">
        <ele>845.000</ele>
      </trkpt>
      <trkpt lat="42.805810000" lon="-2.023370000">
        <ele>846.000</ele>
      </trkpt>
      <trkpt lat="42.806040000" lon="-2.023380000">
        <ele>846.000</ele>
      </trkpt>
      <trkpt lat="42.806220000" lon="-2.023370000">
        <ele>846.000</ele>
      </trkpt>
      <trkpt lat="42.806360000" lon="-2.023360000">
        <ele>846.000</ele>
      </trkpt>
      <trkpt lat="42.806460000" lon="-2.023360000">
        <ele>846.000</ele>
      </trkpt>
      <trkpt lat="42.806630000" lon="-2.023340000">
        <ele>847.000</ele>
      </trkpt>
      <trkpt lat="42.806690000" lon="-2.023330000">
        <ele>847.000</ele>
      </trkpt>
      <trkpt lat="42.806760000" lon="-2.023330000">
        <ele>847.000</ele>
      </trkpt>
      <trkpt lat="42.806860000" lon="-2.023320000">
        <ele>847.000</ele>
      </trkpt>
      <trkpt lat="42.806980000" lon="-2.023300000">
        <ele>847.000</ele>
      </trkpt>
      <trkpt lat="42.807070000" lon="-2.023290000">
        <ele>847.000</ele>
      </trkpt>
      <trkpt lat="42.807180000" lon="-2.023280000">
        <ele>848.000</ele>
      </trkpt>
      <trkpt lat="42.807270000" lon="-2.023280000">
        <ele>848.000</ele>
      </trkpt>
      <trkpt lat="42.807490000" lon="-2.023250000">
        <ele>848.000</ele>
      </trkpt>
      <trkpt lat="42.807550000" lon="-2.023250000">
        <ele>848.000</ele>
      </trkpt>
      <trkpt lat="42.807740000" lon="-2.023220000">
        <ele>848.000</ele>
      </trkpt>
      <trkpt lat="42.807940000" lon="-2.023200000">
        <ele>849.000</ele>
      </trkpt>
      <trkpt lat="42.808160000" lon="-2.023180000">
        <ele>849.000</ele>
      </trkpt>
      <trkpt lat="42.808340000" lon="-2.023160000">
        <ele>849.000</ele>
      </trkpt>
      <trkpt lat="42.808540000" lon="-2.023140000">
        <ele>850.000</ele>
      </trkpt>
      <trkpt lat="42.808560000" lon="-2.023140000">
        <ele>850.000</ele>
      </trkpt>
      <trkpt lat="42.808880000" lon="-2.023100000">
        <ele>851.000</ele>
      </trkpt>
      <trkpt lat="42.809070000" lon="-2.023080000">
        <ele>851.000</ele>
      </trkpt>
      <trkpt lat="42.809220000" lon="-2.023060000">
        <ele>851.000</ele>
      </trkpt>
      <trkpt lat="42.809440000" lon="-2.023040000">
        <ele>852.000</ele>
      </trkpt>
      <trkpt lat="42.809610000" lon="-2.023010000">
        <ele>853.000</ele>
      </trkpt>
      <trkpt lat="42.809720000" lon="-2.023000000">
        <ele>853.000</ele>
      </trkpt>
      <trkpt lat="42.809780000" lon="-2.023000000">
        <ele>853.000</ele>
      </trkpt>
      <trkpt lat="42.809860000" lon="-2.023000000">
        <ele>854.000</ele>
      </trkpt>
      <trkpt lat="42.809960000" lon="-2.023000000">
        <ele>854.000</ele>
      </trkpt>
      <trkpt lat="42.809990000" lon="-2.023000000">
        <ele>854.000</ele>
      </trkpt>
      <trkpt lat="42.810200000" lon="-2.023010000">
        <ele>855.000</ele>
      </trkpt>
      <trkpt lat="42.810290000" lon="-2.023020000">
        <ele>855.000</ele>
      </trkpt>
      <trkpt lat="42.810410000" lon="-2.023030000">
        <ele>855.000</ele>
      </trkpt>
      <trkpt lat="42.810490000" lon="-2.023030000">
        <ele>856.000</ele>
      </trkpt>
      <trkpt lat="42.810750000" lon="-2.023060000">
        <ele>857.000</ele>
      </trkpt>
      <trkpt lat="42.810850000" lon="-2.023060000">
        <ele>857.000</ele>
      </trkpt>
      <trkpt lat="42.811070000" lon="-2.023080000">
        <ele>858.000</ele>
      </trkpt>
      <trkpt lat="42.811210000" lon="-2.023090000">
        <ele>858.000</ele>
      </trkpt>
      <trkpt lat="42.811390000" lon="-2.023110000">
        <ele>859.000</ele>
      </trkpt>
      <trkpt lat="42.811510000" lon="-2.023120000">
        <ele>860.000</ele>
      </trkpt>
      <trkpt lat="42.811570000" lon="-2.023130000">
        <ele>860.000</ele>
      </trkpt>
      <trkpt lat="42.811630000" lon="-2.023130000">
        <ele>861.000</ele>
      </trkpt>
      <trkpt lat="42.811750000" lon="-2.023130000">
        <ele>861.000</ele>
      </trkpt>
      <trkpt lat="42.811850000" lon="-2.023140000">
        <ele>862.000</ele>
      </trkpt>
      <trkpt lat="42.812000000" lon="-2.023160000">
        <ele>862.000</ele>
      </trkpt>
      <trkpt lat="42.812120000" lon="-2.023170000">
        <ele>863.000</ele>
      </trkpt>
      <trkpt lat="42.812270000" lon="-2.023180000">
        <ele>863.000</ele>
      </trkpt>
      <trkpt lat="42.812360000" lon="-2.023190000">
        <ele>864.000</ele>
      </trkpt>
      <trkpt lat="42.812470000" lon="-2.023200000">
        <ele>864.000</ele>
      </trkpt>
      <trkpt lat="42.812580000" lon="-2.023210000">
        <ele>865.000</ele>
      </trkpt>
      <trkpt lat="42.812820000" lon="-2.023230000">
        <ele>866.000</ele>
      </trkpt>
      <trkpt lat="42.812830000" lon="-2.023230000">
        <ele>866.000</ele>
      </trkpt>
      <trkpt lat="42.812900000" lon="-2.023240000">
        <ele>867.000</ele>
      </trkpt>
      <trkpt lat="42.813040000" lon="-2.023250000">
        <ele>867.000</ele>
      </trkpt>
      <trkpt lat="42.813270000" lon="-2.023270000">
        <ele>868.000</ele>
      </trkpt>
      <trkpt lat="42.813550000" lon="-2.023290000">
        <ele>869.000</ele>
      </trkpt>
      <trkpt lat="42.813730000" lon="-2.023300000">
        <ele>870.000</ele>
      </trkpt>
      <trkpt lat="42.813880000" lon="-2.023310000">
        <ele>870.000</ele>
      </trkpt>
      <trkpt lat="42.813910000" lon="-2.023310000">
        <ele>870.000</ele>
      </trkpt>
      <trkpt lat="42.813980000" lon="-2.023310000">
        <ele>870.000</ele>
      </trkpt>
      <trkpt lat="42.814120000" lon="-2.023320000">
        <ele>870.000</ele>
      </trkpt>
      <trkpt lat="42.814180000" lon="-2.023320000">
        <ele>870.000</ele>
      </trkpt>
      <trkpt lat="42.814260000" lon="-2.023330000">
        <ele>870.000</ele>
      </trkpt>
      <trkpt lat="42.814310000" lon="-2.023330000">
        <ele>870.000</ele>
      </trkpt>
      <trkpt lat="42.814360000" lon="-2.023340000">
        <ele>869.000</ele>
      </trkpt>
      <trkpt lat="42.814400000" lon="-2.023350000">
        <ele>869.000</ele>
      </trkpt>
      <trkpt lat="42.814510000" lon="-2.023360000">
        <ele>869.000</ele>
      </trkpt>
      <trkpt lat="42.814800000" lon="-2.023390000">
        <ele>868.000</ele>
      </trkpt>
      <trkpt lat="42.814900000" lon="-2.023400000">
        <ele>868.000</ele>
      </trkpt>
      <trkpt lat="42.814980000" lon="-2.023400000">
        <ele>868.000</ele>
      </trkpt>
      <trkpt lat="42.815020000" lon="-2.023410000">
        <ele>867.000</ele>
      </trkpt>
      <trkpt lat="42.815140000" lon="-2.023420000">
        <ele>867.000</ele>
      </trkpt>
      <trkpt lat="42.815210000" lon="-2.023430000">
        <ele>866.000</ele>
      </trkpt>
      <trkpt lat="42.815340000" lon="-2.023450000">
        <ele>866.000</ele>
      </trkpt>
      <trkpt lat="42.815360000" lon="-2.023460000">
        <ele>866.000</ele>
      </trkpt>
      <trkpt lat="42.815430000" lon="-2.023480000">
        <ele>865.000</ele>
      </trkpt>
      <trkpt lat="42.815490000" lon="-2.023490000">
        <ele>865.000</ele>
      </trkpt>
      <trkpt lat="42.815520000" lon="-2.023500000">
        <ele>865.000</ele>
      </trkpt>
      <trkpt lat="42.815560000" lon="-2.023520000">
        <ele>865.000</ele>
      </trkpt>
      <trkpt lat="42.815680000" lon="-2.023560000">
        <ele>865.000</ele>
      </trkpt>
      <trkpt lat="42.815870000" lon="-2.023620000">
        <ele>865.000</ele>
      </trkpt>
      <trkpt lat="42.815900000" lon="-2.023630000">
        <ele>865.000</ele>
      </trkpt>
      <trkpt lat="42.816170000" lon="-2.023720000">
        <ele>865.000</ele>
      </trkpt>
      <trkpt lat="42.816400000" lon="-2.023790000">
        <ele>865.000</ele>
      </trkpt>
      <trkpt lat="42.816550000" lon="-2.023850000">
        <ele>865.000</ele>
      </trkpt>
      <trkpt lat="42.816720000" lon="-2.023920000">
        <ele>865.000</ele>
      </trkpt>
      <trkpt lat="42.816850000" lon="-2.023990000">
        <ele>865.000</ele>
      </trkpt>
      <trkpt lat="42.816900000" lon="-2.024020000">
        <ele>866.000</ele>
      </trkpt>
      <trkpt lat="42.817030000" lon="-2.024100000">
        <ele>866.000</ele>
      </trkpt>
      <trkpt lat="42.817070000" lon="-2.024120000">
        <ele>866.000</ele>
      </trkpt>
      <trkpt lat="42.817580000" lon="-2.024420000">
        <ele>866.000</ele>
      </trkpt>
      <trkpt lat="42.817730000" lon="-2.024500000">
        <ele>866.000</ele>
      </trkpt>
      <trkpt lat="42.818170000" lon="-2.024760000">
        <ele>866.000</ele>
      </trkpt>
      <trkpt lat="42.818300000" lon="-2.024830000">
        <ele>866.000</ele>
      </trkpt>
      <trkpt lat="42.818390000" lon="-2.024890000">
        <ele>865.000</ele>
      </trkpt>
      <trkpt lat="42.818510000" lon="-2.024960000">
        <ele>865.000</ele>
      </trkpt>
      <trkpt lat="42.818550000" lon="-2.024990000">
        <ele>865.000</ele>
      </trkpt>
      <trkpt lat="42.818650000" lon="-2.025050000">
        <ele>865.000</ele>
      </trkpt>
      <trkpt lat="42.818720000" lon="-2.025090000">
        <ele>865.000</ele>
      </trkpt>
      <trkpt lat="42.818770000" lon="-2.025130000">
        <ele>865.000</ele>
      </trkpt>
      <trkpt lat="42.818870000" lon="-2.025210000">
        <ele>865.000</ele>
      </trkpt>
      <trkpt lat="42.818960000" lon="-2.025290000">
        <ele>864.000</ele>
      </trkpt>
      <trkpt lat="42.819020000" lon="-2.025350000">
        <ele>864.000</ele>
      </trkpt>
      <trkpt lat="42.819050000" lon="-2.025380000">
        <ele>864.000</ele>
      </trkpt>
      <trkpt lat="42.819220000" lon="-2.025590000">
        <ele>864.000</ele>
      </trkpt>
      <trkpt lat="42.819410000" lon="-2.025860000">
        <ele>863.000</ele>
      </trkpt>
      <trkpt lat="42.819540000" lon="-2.026030000">
        <ele>863.000</ele>
      </trkpt>
      <trkpt lat="42.819670000" lon="-2.026200000">
        <ele>862.000</ele>
      </trkpt>
      <trkpt lat="42.819690000" lon="-2.026230000">
        <ele>862.000</ele>
      </trkpt>
      <trkpt lat="42.819800000" lon="-2.026380000">
        <ele>861.000</ele>
      </trkpt>
      <trkpt lat="42.819920000" lon="-2.026550000">
        <ele>861.000</ele>
      </trkpt>
      <trkpt lat="42.820010000" lon="-2.026670000">
        <ele>860.000</ele>
      </trkpt>
      <trkpt lat="42.820050000" lon="-2.026730000">
        <ele>860.000</ele>
      </trkpt>
      <trkpt lat="42.820170000" lon="-2.026900000">
        <ele>859.000</ele>
      </trkpt>
      <trkpt lat="42.820300000" lon="-2.027070000">
        <ele>859.000</ele>
      </trkpt>
      <trkpt lat="42.820430000" lon="-2.027250000">
        <ele>858.000</ele>
      </trkpt>
      <trkpt lat="42.820560000" lon="-2.027420000">
        <ele>858.000</ele>
      </trkpt>
      <trkpt lat="42.820590000" lon="-2.027470000">
        <ele>857.000</ele>
      </trkpt>
      <trkpt lat="42.820660000" lon="-2.027570000">
        <ele>857.000</ele>
      </trkpt>
      <trkpt lat="42.820680000" lon="-2.027600000">
        <ele>857.000</ele>
      </trkpt>
      <trkpt lat="42.820700000" lon="-2.027620000">
        <ele>857.000</ele>
      </trkpt>
      <trkpt lat="42.820740000" lon="-2.027670000">
        <ele>857.000</ele>
      </trkpt>
      <trkpt lat="42.820770000" lon="-2.027700000">
        <ele>857.000</ele>
      </trkpt>
      <trkpt lat="42.820820000" lon="-2.027740000">
        <ele>857.000</ele>
      </trkpt>
      <trkpt lat="42.820870000" lon="-2.027790000">
        <ele>857.000</ele>
      </trkpt>
      <trkpt lat="42.820900000" lon="-2.027810000">
        <ele>857.000</ele>
      </trkpt>
      <trkpt lat="42.820960000" lon="-2.027860000">
        <ele>857.000</ele>
      </trkpt>
      <trkpt lat="42.821010000" lon="-2.027880000">
        <ele>857.000</ele>
      </trkpt>
      <trkpt lat="42.821060000" lon="-2.027910000">
        <ele>857.000</ele>
      </trkpt>
      <trkpt lat="42.821110000" lon="-2.027940000">
        <ele>857.000</ele>
      </trkpt>
      <trkpt lat="42.821170000" lon="-2.027960000">
        <ele>857.000</ele>
      </trkpt>
      <trkpt lat="42.821220000" lon="-2.027980000">
        <ele>857.000</ele>
      </trkpt>
      <trkpt lat="42.821280000" lon="-2.028000000">
        <ele>857.000</ele>
      </trkpt>
      <trkpt lat="42.821330000" lon="-2.028010000">
        <ele>857.000</ele>
      </trkpt>
      <trkpt lat="42.821410000" lon="-2.028030000">
        <ele>857.000</ele>
      </trkpt>
      <trkpt lat="42.821490000" lon="-2.028050000">
        <ele>857.000</ele>
      </trkpt>
      <trkpt lat="42.821560000" lon="-2.028060000">
        <ele>857.000</ele>
      </trkpt>
      <trkpt lat="42.821620000" lon="-2.028070000">
        <ele>857.000</ele>
      </trkpt>
      <trkpt lat="42.821680000" lon="-2.028070000">
        <ele>857.000</ele>
      </trkpt>
      <trkpt lat="42.821710000" lon="-2.028080000">
        <ele>857.000</ele>
      </trkpt>
      <trkpt lat="42.821840000" lon="-2.028080000">
        <ele>857.000</ele>
      </trkpt>
      <trkpt lat="42.821860000" lon="-2.028080000">
        <ele>857.000</ele>
      </trkpt>
      <trkpt lat="42.821970000" lon="-2.028080000">
        <ele>857.000</ele>
      </trkpt>
      <trkpt lat="42.822040000" lon="-2.028070000">
        <ele>857.000</ele>
      </trkpt>
      <trkpt lat="42.822220000" lon="-2.028070000">
        <ele>857.000</ele>
      </trkpt>
      <trkpt lat="42.822380000" lon="-2.028060000">
        <ele>856.000</ele>
      </trkpt>
      <trkpt lat="42.822580000" lon="-2.028060000">
        <ele>856.000</ele>
      </trkpt>
      <trkpt lat="42.822760000" lon="-2.028050000">
        <ele>856.000</ele>
      </trkpt>
      <trkpt lat="42.822940000" lon="-2.028050000">
        <ele>856.000</ele>
      </trkpt>
      <trkpt lat="42.823120000" lon="-2.028040000">
        <ele>856.000</ele>
      </trkpt>
      <trkpt lat="42.823300000" lon="-2.028030000">
        <ele>856.000</ele>
      </trkpt>
      <trkpt lat="42.823440000" lon="-2.028030000">
        <ele>856.000</ele>
      </trkpt>
      <trkpt lat="42.823630000" lon="-2.028020000">
        <ele>856.000</ele>
      </trkpt>
      <trkpt lat="42.824110000" lon="-2.028000000">
        <ele>856.000</ele>
      </trkpt>
      <trkpt lat="42.824200000" lon="-2.028000000">
        <ele>856.000</ele>
      </trkpt>
      <trkpt lat="42.824220000" lon="-2.028000000">
        <ele>856.000</ele>
      </trkpt>
      <trkpt lat="42.824380000" lon="-2.028000000">
        <ele>856.000</ele>
      </trkpt>
      <trkpt lat="42.824440000" lon="-2.028000000">
        <ele>855.000</ele>
      </trkpt>
      <trkpt lat="42.824990000" lon="-2.027980000">
        <ele>855.000</ele>
      </trkpt>
      <trkpt lat="42.825280000" lon="-2.027970000">
        <ele>855.000</ele>
      </trkpt>
      <trkpt lat="42.825330000" lon="-2.027970000">
        <ele>855.000</ele>
      </trkpt>
      <trkpt lat="42.825460000" lon="-2.027960000">
        <ele>855.000</ele>
      </trkpt>
      <trkpt lat="42.825540000" lon="-2.027960000">
        <ele>855.000</ele>
      </trkpt>
      <trkpt lat="42.825620000" lon="-2.027960000">
        <ele>855.000</ele>
      </trkpt>
      <trkpt lat="42.825800000" lon="-2.027960000">
        <ele>855.000</ele>
      </trkpt>
      <trkpt lat="42.825940000" lon="-2.027960000">
        <ele>855.000</ele>
      </trkpt>
      <trkpt lat="42.825990000" lon="-2.027970000">
        <ele>855.000</ele>
      </trkpt>
      <trkpt lat="42.826210000" lon="-2.027990000">
        <ele>855.000</ele>
      </trkpt>
      <trkpt lat="42.826280000" lon="-2.027990000">
        <ele>854.000</ele>
      </trkpt>
      <trkpt lat="42.826490000" lon="-2.028000000">
        <ele>854.000</ele>
      </trkpt>
      <trkpt lat="42.826530000" lon="-2.028010000">
        <ele>854.000</ele>
      </trkpt>
      <trkpt lat="42.826740000" lon="-2.028020000">
        <ele>854.000</ele>
      </trkpt>
      <trkpt lat="42.826840000" lon="-2.028030000">
        <ele>854.000</ele>
      </trkpt>
      <trkpt lat="42.826900000" lon="-2.028040000">
        <ele>854.000</ele>
      </trkpt>
      <trkpt lat="42.826940000" lon="-2.028050000">
        <ele>854.000</ele>
      </trkpt>
      <trkpt lat="42.826970000" lon="-2.028050000">
        <ele>854.000</ele>
      </trkpt>
      <trkpt lat="42.827080000" lon="-2.028060000">
        <ele>854.000</ele>
      </trkpt>
      <trkpt lat="42.827300000" lon="-2.028090000">
        <ele>854.000</ele>
      </trkpt>
      <trkpt lat="42.827680000" lon="-2.028130000">
        <ele>854.000</ele>
      </trkpt>
      <trkpt lat="42.827800000" lon="-2.028130000">
        <ele>854.000</ele>
      </trkpt>
      <trkpt lat="42.827810000" lon="-2.028130000">
        <ele>854.000</ele>
      </trkpt>
      <trkpt lat="42.827910000" lon="-2.028140000">
        <ele>853.000</ele>
      </trkpt>
      <trkpt lat="42.828010000" lon="-2.028140000">
        <ele>853.000</ele>
      </trkpt>
      <trkpt lat="42.828120000" lon="-2.028130000">
        <ele>853.000</ele>
      </trkpt>
      <trkpt lat="42.828240000" lon="-2.028130000">
        <ele>853.000</ele>
      </trkpt>
      <trkpt lat="42.828350000" lon="-2.028110000">
        <ele>853.000</ele>
      </trkpt>
      <trkpt lat="42.828490000" lon="-2.028100000">
        <ele>852.000</ele>
      </trkpt>
      <trkpt lat="42.828650000" lon="-2.028090000">
        <ele>852.000</ele>
      </trkpt>
      <trkpt lat="42.828720000" lon="-2.028080000">
        <ele>852.000</ele>
      </trkpt>
      <trkpt lat="42.828840000" lon="-2.028070000">
        <ele>851.000</ele>
      </trkpt>
      <trkpt lat="42.828940000" lon="-2.028050000">
        <ele>851.000</ele>
      </trkpt>
      <trkpt lat="42.829020000" lon="-2.028040000">
        <ele>851.000</ele>
      </trkpt>
      <trkpt lat="42.829060000" lon="-2.028030000">
        <ele>851.000</ele>
      </trkpt>
      <trkpt lat="42.829140000" lon="-2.028010000">
        <ele>850.000</ele>
      </trkpt>
      <trkpt lat="42.829350000" lon="-2.027960000">
        <ele>850.000</ele>
      </trkpt>
      <trkpt lat="42.829530000" lon="-2.027900000">
        <ele>850.000</ele>
      </trkpt>
      <trkpt lat="42.829720000" lon="-2.027850000">
        <ele>849.000</ele>
      </trkpt>
      <trkpt lat="42.829860000" lon="-2.027820000">
        <ele>849.000</ele>
      </trkpt>
      <trkpt lat="42.829930000" lon="-2.027810000">
        <ele>849.000</ele>
      </trkpt>
      <trkpt lat="42.829950000" lon="-2.027800000">
        <ele>849.000</ele>
      </trkpt>
      <trkpt lat="42.830000000" lon="-2.027790000">
        <ele>849.000</ele>
      </trkpt>
      <trkpt lat="42.830120000" lon="-2.027780000">
        <ele>848.000</ele>
      </trkpt>
      <trkpt lat="42.830140000" lon="-2.027780000">
        <ele>848.000</ele>
      </trkpt>
      <trkpt lat="42.830260000" lon="-2.027770000">
        <ele>848.000</ele>
      </trkpt>
      <trkpt lat="42.830350000" lon="-2.027760000">
        <ele>848.000</ele>
      </trkpt>
      <trkpt lat="42.830420000" lon="-2.027760000">
        <ele>848.000</ele>
      </trkpt>
      <trkpt lat="42.830610000" lon="-2.027760000">
        <ele>848.000</ele>
      </trkpt>
      <trkpt lat="42.830660000" lon="-2.027760000">
        <ele>848.000</ele>
      </trkpt>
      <trkpt lat="42.830840000" lon="-2.027760000">
        <ele>848.000</ele>
      </trkpt>
      <trkpt lat="42.830880000" lon="-2.027760000">
        <ele>848.000</ele>
      </trkpt>
      <trkpt lat="42.831020000" lon="-2.027760000">
        <ele>848.000</ele>
      </trkpt>
      <trkpt lat="42.831110000" lon="-2.027760000">
        <ele>848.000</ele>
      </trkpt>
      <trkpt lat="42.831490000" lon="-2.027730000">
        <ele>848.000</ele>
      </trkpt>
      <trkpt lat="42.831560000" lon="-2.027730000">
        <ele>848.000</ele>
      </trkpt>
      <trkpt lat="42.831660000" lon="-2.027730000">
        <ele>848.000</ele>
      </trkpt>
      <trkpt lat="42.831770000" lon="-2.027730000">
        <ele>848.000</ele>
      </trkpt>
      <trkpt lat="42.831890000" lon="-2.027740000">
        <ele>847.000</ele>
      </trkpt>
      <trkpt lat="42.831920000" lon="-2.027750000">
        <ele>847.000</ele>
      </trkpt>
      <trkpt lat="42.831970000" lon="-2.027750000">
        <ele>847.000</ele>
      </trkpt>
      <trkpt lat="42.832110000" lon="-2.027770000">
        <ele>847.000</ele>
      </trkpt>
      <trkpt lat="42.832650000" lon="-2.027850000">
        <ele>847.000</ele>
      </trkpt>
      <trkpt lat="42.832840000" lon="-2.027880000">
        <ele>847.000</ele>
      </trkpt>
      <trkpt lat="42.832980000" lon="-2.027900000">
        <ele>847.000</ele>
      </trkpt>
      <trkpt lat="42.833090000" lon="-2.027910000">
        <ele>847.000</ele>
      </trkpt>
      <trkpt lat="42.833190000" lon="-2.027910000">
        <ele>847.000</ele>
      </trkpt>
      <trkpt lat="42.833460000" lon="-2.027930000">
        <ele>847.000</ele>
      </trkpt>
      <trkpt lat="42.833600000" lon="-2.027920000">
        <ele>847.000</ele>
      </trkpt>
      <trkpt lat="42.833660000" lon="-2.027920000">
        <ele>847.000</ele>
      </trkpt>
      <trkpt lat="42.833800000" lon="-2.027910000">
        <ele>847.000</ele>
      </trkpt>
      <trkpt lat="42.833850000" lon="-2.027910000">
        <ele>847.000</ele>
      </trkpt>
      <trkpt lat="42.833890000" lon="-2.027900000">
        <ele>847.000</ele>
      </trkpt>
      <trkpt lat="42.833930000" lon="-2.027900000">
        <ele>847.000</ele>
      </trkpt>
      <trkpt lat="42.833990000" lon="-2.027880000">
        <ele>848.000</ele>
      </trkpt>
      <trkpt lat="42.834060000" lon="-2.027860000">
        <ele>848.000</ele>
      </trkpt>
      <trkpt lat="42.834140000" lon="-2.027840000">
        <ele>848.000</ele>
      </trkpt>
      <trkpt lat="42.834200000" lon="-2.027810000">
        <ele>848.000</ele>
      </trkpt>
      <trkpt lat="42.834230000" lon="-2.027790000">
        <ele>848.000</ele>
      </trkpt>
      <trkpt lat="42.834240000" lon="-2.027780000">
        <ele>848.000</ele>
      </trkpt>
      <trkpt lat="42.834310000" lon="-2.027730000">
        <ele>849.000</ele>
      </trkpt>
      <trkpt lat="42.834360000" lon="-2.027700000">
        <ele>849.000</ele>
      </trkpt>
      <trkpt lat="42.834400000" lon="-2.027670000">
        <ele>849.000</ele>
      </trkpt>
      <trkpt lat="42.834600000" lon="-2.027530000">
        <ele>849.000</ele>
      </trkpt>
      <trkpt lat="42.834650000" lon="-2.027490000">
        <ele>849.000</ele>
      </trkpt>
      <trkpt lat="42.834690000" lon="-2.027460000">
        <ele>850.000</ele>
      </trkpt>
      <trkpt lat="42.834720000" lon="-2.027450000">
        <ele>850.000</ele>
      </trkpt>
      <trkpt lat="42.834740000" lon="-2.027430000">
        <ele>850.000</ele>
      </trkpt>
      <trkpt lat="42.834790000" lon="-2.027410000">
        <ele>850.000</ele>
      </trkpt>
      <trkpt lat="42.834840000" lon="-2.027380000">
        <ele>850.000</ele>
      </trkpt>
      <trkpt lat="42.835000000" lon="-2.027310000">
        <ele>850.000</ele>
      </trkpt>
      <trkpt lat="42.835080000" lon="-2.027280000">
        <ele>851.000</ele>
      </trkpt>
      <trkpt lat="42.835270000" lon="-2.027200000">
        <ele>851.000</ele>
      </trkpt>
      <trkpt lat="42.835360000" lon="-2.027170000">
        <ele>851.000</ele>
      </trkpt>
      <trkpt lat="42.835520000" lon="-2.027120000">
        <ele>852.000</ele>
      </trkpt>
      <trkpt lat="42.835650000" lon="-2.027080000">
        <ele>852.000</ele>
      </trkpt>
      <trkpt lat="42.835760000" lon="-2.027040000">
        <ele>852.000</ele>
      </trkpt>
      <trkpt lat="42.835850000" lon="-2.027000000">
        <ele>853.000</ele>
      </trkpt>
      <trkpt lat="42.835940000" lon="-2.026960000">
        <ele>853.000</ele>
      </trkpt>
      <trkpt lat="42.835990000" lon="-2.026930000">
        <ele>854.000</ele>
      </trkpt>
      <trkpt lat="42.836100000" lon="-2.026870000">
        <ele>854.000</ele>
      </trkpt>
      <trkpt lat="42.836210000" lon="-2.026800000">
        <ele>854.000</ele>
      </trkpt>
      <trkpt lat="42.836250000" lon="-2.026760000">
        <ele>855.000</ele>
      </trkpt>
      <trkpt lat="42.836280000" lon="-2.026730000">
        <ele>855.000</ele>
      </trkpt>
      <trkpt lat="42.836320000" lon="-2.026690000">
        <ele>855.000</ele>
      </trkpt>
      <trkpt lat="42.836340000" lon="-2.026670000">
        <ele>855.000</ele>
      </trkpt>
      <trkpt lat="42.836370000" lon="-2.026630000">
        <ele>855.000</ele>
      </trkpt>
      <trkpt lat="42.836390000" lon="-2.026600000">
        <ele>856.000</ele>
      </trkpt>
      <trkpt lat="42.836410000" lon="-2.026560000">
        <ele>856.000</ele>
      </trkpt>
      <trkpt lat="42.836420000" lon="-2.026540000">
        <ele>856.000</ele>
      </trkpt>
      <trkpt lat="42.836430000" lon="-2.026520000">
        <ele>856.000</ele>
      </trkpt>
      <trkpt lat="42.836440000" lon="-2.026490000">
        <ele>856.000</ele>
      </trkpt>
      <trkpt lat="42.836470000" lon="-2.026390000">
        <ele>856.000</ele>
      </trkpt>
      <trkpt lat="42.836490000" lon="-2.026320000">
        <ele>856.000</ele>
      </trkpt>
      <trkpt lat="42.836510000" lon="-2.026250000">
        <ele>857.000</ele>
      </trkpt>
      <trkpt lat="42.836530000" lon="-2.026170000">
        <ele>857.000</ele>
      </trkpt>
      <trkpt lat="42.836550000" lon="-2.026080000">
        <ele>857.000</ele>
      </trkpt>
      <trkpt lat="42.836570000" lon="-2.025970000">
        <ele>857.000</ele>
      </trkpt>
      <trkpt lat="42.836700000" lon="-2.025320000">
        <ele>858.000</ele>
      </trkpt>
      <trkpt lat="42.836780000" lon="-2.024960000">
        <ele>859.000</ele>
      </trkpt>
      <trkpt lat="42.836840000" lon="-2.024660000">
        <ele>860.000</ele>
      </trkpt>
      <trkpt lat="42.836890000" lon="-2.024450000">
        <ele>861.000</ele>
      </trkpt>
      <trkpt lat="42.836920000" lon="-2.024320000">
        <ele>862.000</ele>
      </trkpt>
      <trkpt lat="42.836950000" lon="-2.024190000">
        <ele>862.000</ele>
      </trkpt>
      <trkpt lat="42.836980000" lon="-2.024070000">
        <ele>863.000</ele>
      </trkpt>
      <trkpt lat="42.837010000" lon="-2.023990000">
        <ele>863.000</ele>
      </trkpt>
      <trkpt lat="42.837030000" lon="-2.023920000">
        <ele>864.000</ele>
      </trkpt>
      <trkpt lat="42.837040000" lon="-2.023870000">
        <ele>864.000</ele>
      </trkpt>
      <trkpt lat="42.837070000" lon="-2.023800000">
        <ele>864.000</ele>
      </trkpt>
      <trkpt lat="42.837120000" lon="-2.023670000">
        <ele>865.000</ele>
      </trkpt>
      <trkpt lat="42.837140000" lon="-2.023600000">
        <ele>865.000</ele>
      </trkpt>
      <trkpt lat="42.837190000" lon="-2.023500000">
        <ele>866.000</ele>
      </trkpt>
      <trkpt lat="42.837220000" lon="-2.023430000">
        <ele>866.000</ele>
      </trkpt>
      <trkpt lat="42.837280000" lon="-2.023310000">
        <ele>866.000</ele>
      </trkpt>
      <trkpt lat="42.837310000" lon="-2.023250000">
        <ele>867.000</ele>
      </trkpt>
      <trkpt lat="42.837470000" lon="-2.022990000">
        <ele>867.000</ele>
      </trkpt>
      <trkpt lat="42.837610000" lon="-2.022770000">
        <ele>868.000</ele>
      </trkpt>
      <trkpt lat="42.837640000" lon="-2.022730000">
        <ele>868.000</ele>
      </trkpt>
      <trkpt lat="42.838080000" lon="-2.022040000">
        <ele>870.000</ele>
      </trkpt>
      <trkpt lat="42.838220000" lon="-2.021830000">
        <ele>871.000</ele>
      </trkpt>
      <trkpt lat="42.838310000" lon="-2.021700000">
        <ele>872.000</ele>
      </trkpt>
      <trkpt lat="42.838460000" lon="-2.021500000">
        <ele>873.000</ele>
      </trkpt>
      <trkpt lat="42.838490000" lon="-2.021470000">
        <ele>873.000</ele>
      </trkpt>
      <trkpt lat="42.838580000" lon="-2.021350000">
        <ele>874.000</ele>
      </trkpt>
      <trkpt lat="42.838690000" lon="-2.021230000">
        <ele>874.000</ele>
      </trkpt>
      <trkpt lat="42.838870000" lon="-2.021070000">
        <ele>875.000</ele>
      </trkpt>
      <trkpt lat="42.839090000" lon="-2.020880000">
        <ele>876.000</ele>
      </trkpt>
      <trkpt lat="42.839320000" lon="-2.020700000">
        <ele>877.000</ele>
      </trkpt>
      <trkpt lat="42.839380000" lon="-2.020650000">
        <ele>877.000</ele>
      </trkpt>
      <trkpt lat="42.839410000" lon="-2.020630000">
        <ele>878.000</ele>
      </trkpt>
      <trkpt lat="42.839490000" lon="-2.020570000">
        <ele>878.000</ele>
      </trkpt>
      <trkpt lat="42.839650000" lon="-2.020460000">
        <ele>879.000</ele>
      </trkpt>
      <trkpt lat="42.839830000" lon="-2.020350000">
        <ele>879.000</ele>
      </trkpt>
      <trkpt lat="42.840270000" lon="-2.020110000">
        <ele>880.000</ele>
      </trkpt>
      <trkpt lat="42.840520000" lon="-2.019960000">
        <ele>881.000</ele>
      </trkpt>
      <trkpt lat="42.840610000" lon="-2.019910000">
        <ele>882.000</ele>
      </trkpt>
      <trkpt lat="42.840660000" lon="-2.019870000">
        <ele>883.000</ele>
      </trkpt>
      <trkpt lat="42.840750000" lon="-2.019800000">
        <ele>883.000</ele>
      </trkpt>
      <trkpt lat="42.840800000" lon="-2.019760000">
        <ele>884.000</ele>
      </trkpt>
      <trkpt lat="42.840840000" lon="-2.019710000">
        <ele>884.000</ele>
      </trkpt>
      <trkpt lat="42.840880000" lon="-2.019670000">
        <ele>884.000</ele>
      </trkpt>
      <trkpt lat="42.840920000" lon="-2.019630000">
        <ele>884.000</ele>
      </trkpt>
      <trkpt lat="42.840960000" lon="-2.019580000">
        <ele>885.000</ele>
      </trkpt>
      <trkpt lat="42.841310000" lon="-2.019130000">
        <ele>885.000</ele>
      </trkpt>
      <trkpt lat="42.841480000" lon="-2.018910000">
        <ele>886.000</ele>
      </trkpt>
      <trkpt lat="42.841530000" lon="-2.018840000">
        <ele>886.000</ele>
      </trkpt>
      <trkpt lat="42.841550000" lon="-2.018800000">
        <ele>886.000</ele>
      </trkpt>
      <trkpt lat="42.841590000" lon="-2.018740000">
        <ele>887.000</ele>
      </trkpt>
      <trkpt lat="42.841620000" lon="-2.018680000">
        <ele>887.000</ele>
      </trkpt>
      <trkpt lat="42.841660000" lon="-2.018610000">
        <ele>887.000</ele>
      </trkpt>
      <trkpt lat="42.841720000" lon="-2.018490000">
        <ele>887.000</ele>
      </trkpt>
      <trkpt lat="42.841780000" lon="-2.018360000">
        <ele>888.000</ele>
      </trkpt>
      <trkpt lat="42.841850000" lon="-2.018200000">
        <ele>888.000</ele>
      </trkpt>
      <trkpt lat="42.841980000" lon="-2.017910000">
        <ele>888.000</ele>
      </trkpt>
      <trkpt lat="42.842160000" lon="-2.017500000">
        <ele>889.000</ele>
      </trkpt>
      <trkpt lat="42.842540000" lon="-2.016650000">
        <ele>890.000</ele>
      </trkpt>
      <trkpt lat="42.842850000" lon="-2.015980000">
        <ele>891.000</ele>
      </trkpt>
      <trkpt lat="42.842940000" lon="-2.015770000">
        <ele>892.000</ele>
      </trkpt>
      <trkpt lat="42.843040000" lon="-2.015560000">
        <ele>893.000</ele>
      </trkpt>
      <trkpt lat="42.843090000" lon="-2.015450000">
        <ele>894.000</ele>
      </trkpt>
      <trkpt lat="42.843120000" lon="-2.015370000">
        <ele>894.000</ele>
      </trkpt>
      <trkpt lat="42.843150000" lon="-2.015310000">
        <ele>894.000</ele>
      </trkpt>
      <trkpt lat="42.843170000" lon="-2.015240000">
        <ele>895.000</ele>
      </trkpt>
      <trkpt lat="42.843190000" lon="-2.015190000">
        <ele>895.000</ele>
      </trkpt>
      <trkpt lat="42.843210000" lon="-2.015130000">
        <ele>895.000</ele>
      </trkpt>
      <trkpt lat="42.843240000" lon="-2.015070000">
        <ele>895.000</ele>
      </trkpt>
      <trkpt lat="42.843300000" lon="-2.014880000">
        <ele>896.000</ele>
      </trkpt>
      <trkpt lat="42.843340000" lon="-2.014740000">
        <ele>896.000</ele>
      </trkpt>
      <trkpt lat="42.843380000" lon="-2.014610000">
        <ele>896.000</ele>
      </trkpt>
      <trkpt lat="42.843420000" lon="-2.014470000">
        <ele>896.000</ele>
      </trkpt>
      <trkpt lat="42.843460000" lon="-2.014340000">
        <ele>897.000</ele>
      </trkpt>
      <trkpt lat="42.843500000" lon="-2.014190000">
        <ele>897.000</ele>
      </trkpt>
      <trkpt lat="42.843560000" lon="-2.013920000">
        <ele>897.000</ele>
      </trkpt>
      <trkpt lat="42.843580000" lon="-2.013860000">
        <ele>898.000</ele>
      </trkpt>
      <trkpt lat="42.843590000" lon="-2.013760000">
        <ele>898.000</ele>
      </trkpt>
      <trkpt lat="42.843600000" lon="-2.013710000">
        <ele>898.000</ele>
      </trkpt>
      <trkpt lat="42.843620000" lon="-2.013580000">
        <ele>898.000</ele>
      </trkpt>
      <trkpt lat="42.843650000" lon="-2.013370000">
        <ele>899.000</ele>
      </trkpt>
      <trkpt lat="42.843660000" lon="-2.013230000">
        <ele>899.000</ele>
      </trkpt>
      <trkpt lat="42.843680000" lon="-2.013030000">
        <ele>900.000</ele>
      </trkpt>
      <trkpt lat="42.843700000" lon="-2.012940000">
        <ele>900.000</ele>
      </trkpt>
      <trkpt lat="42.843710000" lon="-2.012910000">
        <ele>901.000</ele>
      </trkpt>
      <trkpt lat="42.843720000" lon="-2.012880000">
        <ele>901.000</ele>
      </trkpt>
      <trkpt lat="42.843730000" lon="-2.012850000">
        <ele>901.000</ele>
      </trkpt>
      <trkpt lat="42.843740000" lon="-2.012830000">
        <ele>901.000</ele>
      </trkpt>
      <trkpt lat="42.843760000" lon="-2.012800000">
        <ele>901.000</ele>
      </trkpt>
      <trkpt lat="42.843770000" lon="-2.012790000">
        <ele>902.000</ele>
      </trkpt>
      <trkpt lat="42.843790000" lon="-2.012780000">
        <ele>902.000</ele>
      </trkpt>
      <trkpt lat="42.843810000" lon="-2.012770000">
        <ele>902.000</ele>
      </trkpt>
      <trkpt lat="42.843830000" lon="-2.012760000">
        <ele>902.000</ele>
      </trkpt>
      <trkpt lat="42.843860000" lon="-2.012750000">
        <ele>902.000</ele>
      </trkpt>
      <trkpt lat="42.843880000" lon="-2.012760000">
        <ele>902.000</ele>
      </trkpt>
      <trkpt lat="42.843910000" lon="-2.012770000">
        <ele>902.000</ele>
      </trkpt>
      <trkpt lat="42.843950000" lon="-2.012790000">
        <ele>902.000</ele>
      </trkpt>
      <trkpt lat="42.843970000" lon="-2.012810000">
        <ele>902.000</ele>
      </trkpt>
      <trkpt lat="42.843990000" lon="-2.012830000">
        <ele>903.000</ele>
      </trkpt>
      <trkpt lat="42.844020000" lon="-2.012860000">
        <ele>903.000</ele>
      </trkpt>
      <trkpt lat="42.844040000" lon="-2.012900000">
        <ele>903.000</ele>
      </trkpt>
      <trkpt lat="42.844050000" lon="-2.012910000">
        <ele>903.000</ele>
      </trkpt>
      <trkpt lat="42.844070000" lon="-2.012960000">
        <ele>903.000</ele>
      </trkpt>
      <trkpt lat="42.844100000" lon="-2.013020000">
        <ele>903.000</ele>
      </trkpt>
      <trkpt lat="42.844120000" lon="-2.013050000">
        <ele>903.000</ele>
      </trkpt>
      <trkpt lat="42.844130000" lon="-2.013080000">
        <ele>904.000</ele>
      </trkpt>
      <trkpt lat="42.844140000" lon="-2.013120000">
        <ele>904.000</ele>
      </trkpt>
      <trkpt lat="42.844150000" lon="-2.013180000">
        <ele>904.000</ele>
      </trkpt>
      <trkpt lat="42.844160000" lon="-2.013250000">
        <ele>904.000</ele>
      </trkpt>
      <trkpt lat="42.844170000" lon="-2.013330000">
        <ele>904.000</ele>
      </trkpt>
      <trkpt lat="42.844180000" lon="-2.013460000">
        <ele>905.000</ele>
      </trkpt>
      <trkpt lat="42.844180000" lon="-2.013470000">
        <ele>905.000</ele>
      </trkpt>
      <trkpt lat="42.844190000" lon="-2.013610000">
        <ele>905.000</ele>
      </trkpt>
      <trkpt lat="42.844200000" lon="-2.013690000">
        <ele>905.000</ele>
      </trkpt>
      <trkpt lat="42.844210000" lon="-2.013760000">
        <ele>906.000</ele>
      </trkpt>
      <trkpt lat="42.844230000" lon="-2.013840000">
        <ele>906.000</ele>
      </trkpt>
      <trkpt lat="42.844240000" lon="-2.013890000">
        <ele>906.000</ele>
      </trkpt>
      <trkpt lat="42.844250000" lon="-2.013910000">
        <ele>906.000</ele>
      </trkpt>
      <trkpt lat="42.844260000" lon="-2.013950000">
        <ele>906.000</ele>
      </trkpt>
      <trkpt lat="42.844270000" lon="-2.013970000">
        <ele>907.000</ele>
      </trkpt>
      <trkpt lat="42.844280000" lon="-2.013990000">
        <ele>907.000</ele>
      </trkpt>
      <trkpt lat="42.844300000" lon="-2.014020000">
        <ele>907.000</ele>
      </trkpt>
      <trkpt lat="42.844320000" lon="-2.014040000">
        <ele>907.000</ele>
      </trkpt>
      <trkpt lat="42.844330000" lon="-2.014060000">
        <ele>907.000</ele>
      </trkpt>
      <trkpt lat="42.844350000" lon="-2.014080000">
        <ele>908.000</ele>
      </trkpt>
      <trkpt lat="42.844370000" lon="-2.014110000">
        <ele>908.000</ele>
      </trkpt>
      <trkpt lat="42.844380000" lon="-2.014120000">
        <ele>908.000</ele>
      </trkpt>
      <trkpt lat="42.844390000" lon="-2.014130000">
        <ele>908.000</ele>
      </trkpt>
      <trkpt lat="42.844410000" lon="-2.014140000">
        <ele>908.000</ele>
      </trkpt>
      <trkpt lat="42.844440000" lon="-2.014170000">
        <ele>908.000</ele>
      </trkpt>
      <trkpt lat="42.844470000" lon="-2.014200000">
        <ele>909.000</ele>
      </trkpt>
      <trkpt lat="42.844520000" lon="-2.014230000">
        <ele>909.000</ele>
      </trkpt>
      <trkpt lat="42.844570000" lon="-2.014250000">
        <ele>909.000</ele>
      </trkpt>
      <trkpt lat="42.844610000" lon="-2.014270000">
        <ele>910.000</ele>
      </trkpt>
      <trkpt lat="42.844720000" lon="-2.014320000">
        <ele>910.000</ele>
      </trkpt>
      <trkpt lat="42.844750000" lon="-2.014340000">
        <ele>911.000</ele>
      </trkpt>
      <trkpt lat="42.844770000" lon="-2.014350000">
        <ele>911.000</ele>
      </trkpt>
      <trkpt lat="42.844810000" lon="-2.014370000">
        <ele>911.000</ele>
      </trkpt>
      <trkpt lat="42.844860000" lon="-2.014400000">
        <ele>912.000</ele>
      </trkpt>
      <trkpt lat="42.844900000" lon="-2.014430000">
        <ele>912.000</ele>
      </trkpt>
      <trkpt lat="42.844950000" lon="-2.014470000">
        <ele>912.000</ele>
      </trkpt>
      <trkpt lat="42.844990000" lon="-2.014520000">
        <ele>913.000</ele>
      </trkpt>
      <trkpt lat="42.845000000" lon="-2.014540000">
        <ele>913.000</ele>
      </trkpt>
      <trkpt lat="42.845020000" lon="-2.014570000">
        <ele>913.000</ele>
      </trkpt>
      <trkpt lat="42.845030000" lon="-2.014590000">
        <ele>914.000</ele>
      </trkpt>
      <trkpt lat="42.845040000" lon="-2.014620000">
        <ele>914.000</ele>
      </trkpt>
      <trkpt lat="42.845050000" lon="-2.014650000">
        <ele>914.000</ele>
      </trkpt>
      <trkpt lat="42.845060000" lon="-2.014680000">
        <ele>914.000</ele>
      </trkpt>
      <trkpt lat="42.845070000" lon="-2.014710000">
        <ele>914.000</ele>
      </trkpt>
      <trkpt lat="42.845070000" lon="-2.014720000">
        <ele>915.000</ele>
      </trkpt>
      <trkpt lat="42.845070000" lon="-2.014740000">
        <ele>915.000</ele>
      </trkpt>
      <trkpt lat="42.845070000" lon="-2.014770000">
        <ele>915.000</ele>
      </trkpt>
      <trkpt lat="42.845070000" lon="-2.014810000">
        <ele>915.000</ele>
      </trkpt>
      <trkpt lat="42.845070000" lon="-2.014900000">
        <ele>915.000</ele>
      </trkpt>
      <trkpt lat="42.845070000" lon="-2.014970000">
        <ele>916.000</ele>
      </trkpt>
      <trkpt lat="42.845060000" lon="-2.015040000">
        <ele>916.000</ele>
      </trkpt>
      <trkpt lat="42.845060000" lon="-2.015110000">
        <ele>916.000</ele>
      </trkpt>
      <trkpt lat="42.845060000" lon="-2.015190000">
        <ele>917.000</ele>
      </trkpt>
      <trkpt lat="42.845060000" lon="-2.015240000">
        <ele>917.000</ele>
      </trkpt>
      <trkpt lat="42.845070000" lon="-2.015320000">
        <ele>918.000</ele>
      </trkpt>
      <trkpt lat="42.845080000" lon="-2.015390000">
        <ele>918.000</ele>
      </trkpt>
      <trkpt lat="42.845090000" lon="-2.015420000">
        <ele>918.000</ele>
      </trkpt>
      <trkpt lat="42.845100000" lon="-2.015460000">
        <ele>919.000</ele>
      </trkpt>
      <trkpt lat="42.845110000" lon="-2.015490000">
        <ele>919.000</ele>
      </trkpt>
      <trkpt lat="42.845120000" lon="-2.015520000">
        <ele>919.000</ele>
      </trkpt>
      <trkpt lat="42.845130000" lon="-2.015550000">
        <ele>919.000</ele>
      </trkpt>
      <trkpt lat="42.845150000" lon="-2.015580000">
        <ele>919.000</ele>
      </trkpt>
      <trkpt lat="42.845170000" lon="-2.015630000">
        <ele>920.000</ele>
      </trkpt>
      <trkpt lat="42.845190000" lon="-2.015660000">
        <ele>920.000</ele>
      </trkpt>
      <trkpt lat="42.845220000" lon="-2.015690000">
        <ele>920.000</ele>
      </trkpt>
      <trkpt lat="42.845250000" lon="-2.015720000">
        <ele>921.000</ele>
      </trkpt>
      <trkpt lat="42.845270000" lon="-2.015730000">
        <ele>921.000</ele>
      </trkpt>
      <trkpt lat="42.845290000" lon="-2.015750000">
        <ele>921.000</ele>
      </trkpt>
      <trkpt lat="42.845320000" lon="-2.015770000">
        <ele>921.000</ele>
      </trkpt>
      <trkpt lat="42.845360000" lon="-2.015790000">
        <ele>921.000</ele>
      </trkpt>
      <trkpt lat="42.845380000" lon="-2.015800000">
        <ele>922.000</ele>
      </trkpt>
      <trkpt lat="42.845420000" lon="-2.015810000">
        <ele>922.000</ele>
      </trkpt>
      <trkpt lat="42.845440000" lon="-2.015810000">
        <ele>922.000</ele>
      </trkpt>
      <trkpt lat="42.845460000" lon="-2.015820000">
        <ele>922.000</ele>
      </trkpt>
      <trkpt lat="42.845480000" lon="-2.015820000">
        <ele>922.000</ele>
      </trkpt>
      <trkpt lat="42.845540000" lon="-2.015830000">
        <ele>923.000</ele>
      </trkpt>
      <trkpt lat="42.845690000" lon="-2.015840000">
        <ele>923.000</ele>
      </trkpt>
      <trkpt lat="42.846210000" lon="-2.015860000">
        <ele>925.000</ele>
      </trkpt>
      <trkpt lat="42.846470000" lon="-2.015880000">
        <ele>926.000</ele>
      </trkpt>
      <trkpt lat="42.846850000" lon="-2.015900000">
        <ele>928.000</ele>
      </trkpt>
      <trkpt lat="42.847010000" lon="-2.015910000">
        <ele>930.000</ele>
      </trkpt>
      <trkpt lat="42.847030000" lon="-2.015910000">
        <ele>931.000</ele>
      </trkpt>
      <trkpt lat="42.847340000" lon="-2.015930000">
        <ele>933.000</ele>
      </trkpt>
      <trkpt lat="42.847460000" lon="-2.015940000">
        <ele>934.000</ele>
      </trkpt>
      <trkpt lat="42.847540000" lon="-2.015950000">
        <ele>935.000</ele>
      </trkpt>
      <trkpt lat="42.847570000" lon="-2.015960000">
        <ele>936.000</ele>
      </trkpt>
      <trkpt lat="42.847610000" lon="-2.015970000">
        <ele>937.000</ele>
      </trkpt>
      <trkpt lat="42.847680000" lon="-2.015990000">
        <ele>938.000</ele>
      </trkpt>
      <trkpt lat="42.847750000" lon="-2.016010000">
        <ele>938.000</ele>
      </trkpt>
      <trkpt lat="42.848070000" lon="-2.016130000">
        <ele>940.000</ele>
      </trkpt>
      <trkpt lat="42.848270000" lon="-2.016200000">
        <ele>941.000</ele>
      </trkpt>
      <trkpt lat="42.849180000" lon="-2.016540000">
        <ele>945.000</ele>
      </trkpt>
      <trkpt lat="42.849310000" lon="-2.016580000">
        <ele>947.000</ele>
      </trkpt>
      <trkpt lat="42.849320000" lon="-2.016580000">
        <ele>949.000</ele>
      </trkpt>
      <trkpt lat="42.849450000" lon="-2.016620000">
        <ele>950.000</ele>
      </trkpt>
      <trkpt lat="42.849490000" lon="-2.016630000">
        <ele>951.000</ele>
      </trkpt>
      <trkpt lat="42.849520000" lon="-2.016640000">
        <ele>952.000</ele>
      </trkpt>
      <trkpt lat="42.849580000" lon="-2.016650000">
        <ele>953.000</ele>
      </trkpt>
      <trkpt lat="42.849670000" lon="-2.016670000">
        <ele>953.000</ele>
      </trkpt>
      <trkpt lat="42.849730000" lon="-2.016680000">
        <ele>954.000</ele>
      </trkpt>
      <trkpt lat="42.849810000" lon="-2.016690000">
        <ele>955.000</ele>
      </trkpt>
      <trkpt lat="42.849880000" lon="-2.016690000">
        <ele>955.000</ele>
      </trkpt>
      <trkpt lat="42.849920000" lon="-2.016690000">
        <ele>956.000</ele>
      </trkpt>
      <trkpt lat="42.849980000" lon="-2.016690000">
        <ele>956.000</ele>
      </trkpt>
      <trkpt lat="42.850060000" lon="-2.016690000">
        <ele>956.000</ele>
      </trkpt>
      <trkpt lat="42.850120000" lon="-2.016680000">
        <ele>957.000</ele>
      </trkpt>
      <trkpt lat="42.850200000" lon="-2.016670000">
        <ele>957.000</ele>
      </trkpt>
      <trkpt lat="42.850280000" lon="-2.016650000">
        <ele>958.000</ele>
      </trkpt>
      <trkpt lat="42.850340000" lon="-2.016640000">
        <ele>958.000</ele>
      </trkpt>
      <trkpt lat="42.850460000" lon="-2.016610000">
        <ele>959.000</ele>
      </trkpt>
      <trkpt lat="42.850540000" lon="-2.016590000">
        <ele>959.000</ele>
      </trkpt>
      <trkpt lat="42.850610000" lon="-2.016560000">
        <ele>960.000</ele>
      </trkpt>
      <trkpt lat="42.850720000" lon="-2.016510000">
        <ele>960.000</ele>
      </trkpt>
      <trkpt lat="42.850790000" lon="-2.016480000">
        <ele>961.000</ele>
      </trkpt>
      <trkpt lat="42.850840000" lon="-2.016450000">
        <ele>961.000</ele>
      </trkpt>
      <trkpt lat="42.850920000" lon="-2.016400000">
        <ele>962.000</ele>
      </trkpt>
      <trkpt lat="42.850930000" lon="-2.016390000">
        <ele>962.000</ele>
      </trkpt>
      <trkpt lat="42.850980000" lon="-2.016350000">
        <ele>963.000</ele>
      </trkpt>
      <trkpt lat="42.851040000" lon="-2.016300000">
        <ele>963.000</ele>
      </trkpt>
      <trkpt lat="42.851050000" lon="-2.016290000">
        <ele>963.000</ele>
      </trkpt>
      <trkpt lat="42.851100000" lon="-2.016250000">
        <ele>964.000</ele>
      </trkpt>
      <trkpt lat="42.851250000" lon="-2.016090000">
        <ele>965.000</ele>
      </trkpt>
      <trkpt lat="42.851460000" lon="-2.015880000">
        <ele>966.000</ele>
      </trkpt>
      <trkpt lat="42.851790000" lon="-2.015530000">
        <ele>967.000</ele>
      </trkpt>
      <trkpt lat="42.851940000" lon="-2.015360000">
        <ele>969.000</ele>
      </trkpt>
      <trkpt lat="42.852100000" lon="-2.015190000">
        <ele>971.000</ele>
      </trkpt>
      <trkpt lat="42.852250000" lon="-2.015020000">
        <ele>972.000</ele>
      </trkpt>
      <trkpt lat="42.852320000" lon="-2.014940000">
        <ele>974.000</ele>
      </trkpt>
      <trkpt lat="42.852460000" lon="-2.014770000">
        <ele>975.000</ele>
      </trkpt>
      <trkpt lat="42.852520000" lon="-2.014690000">
        <ele>976.000</ele>
      </trkpt>
      <trkpt lat="42.852600000" lon="-2.014560000">
        <ele>977.000</ele>
      </trkpt>
      <trkpt lat="42.852700000" lon="-2.014420000">
        <ele>978.000</ele>
      </trkpt>
      <trkpt lat="42.852800000" lon="-2.014280000">
        <ele>979.000</ele>
      </trkpt>
      <trkpt lat="42.852830000" lon="-2.014240000">
        <ele>979.000</ele>
      </trkpt>
      <trkpt lat="42.852830000" lon="-2.014230000">
        <ele>980.000</ele>
      </trkpt>
      <trkpt lat="42.852930000" lon="-2.014110000">
        <ele>980.000</ele>
      </trkpt>
      <trkpt lat="42.852960000" lon="-2.014070000">
        <ele>981.000</ele>
      </trkpt>
      <trkpt lat="42.852980000" lon="-2.014040000">
        <ele>981.000</ele>
      </trkpt>
      <trkpt lat="42.853050000" lon="-2.013970000">
        <ele>982.000</ele>
      </trkpt>
      <trkpt lat="42.853100000" lon="-2.013920000">
        <ele>982.000</ele>
      </trkpt>
      <trkpt lat="42.853140000" lon="-2.013880000">
        <ele>982.000</ele>
      </trkpt>
      <trkpt lat="42.853210000" lon="-2.013830000">
        <ele>983.000</ele>
      </trkpt>
      <trkpt lat="42.853250000" lon="-2.013800000">
        <ele>983.000</ele>
      </trkpt>
      <trkpt lat="42.853280000" lon="-2.013780000">
        <ele>984.000</ele>
      </trkpt>
      <trkpt lat="42.853340000" lon="-2.013750000">
        <ele>984.000</ele>
      </trkpt>
      <trkpt lat="42.853390000" lon="-2.013720000">
        <ele>984.000</ele>
      </trkpt>
      <trkpt lat="42.853430000" lon="-2.013710000">
        <ele>985.000</ele>
      </trkpt>
      <trkpt lat="42.853500000" lon="-2.013690000">
        <ele>985.000</ele>
      </trkpt>
      <trkpt lat="42.853590000" lon="-2.013670000">
        <ele>985.000</ele>
      </trkpt>
      <trkpt lat="42.853600000" lon="-2.013670000">
        <ele>986.000</ele>
      </trkpt>
      <trkpt lat="42.853700000" lon="-2.013650000">
        <ele>986.000</ele>
      </trkpt>
      <trkpt lat="42.853780000" lon="-2.013640000">
        <ele>986.000</ele>
      </trkpt>
      <trkpt lat="42.853850000" lon="-2.013630000">
        <ele>987.000</ele>
      </trkpt>
      <trkpt lat="42.854140000" lon="-2.013570000">
        <ele>988.000</ele>
      </trkpt>
      <trkpt lat="42.854210000" lon="-2.013550000">
        <ele>988.000</ele>
      </trkpt>
      <trkpt lat="42.854270000" lon="-2.013530000">
        <ele>989.000</ele>
      </trkpt>
      <trkpt lat="42.854400000" lon="-2.013490000">
        <ele>990.000</ele>
      </trkpt>
      <trkpt lat="42.854470000" lon="-2.013460000">
        <ele>991.000</ele>
      </trkpt>
      <trkpt lat="42.854560000" lon="-2.013420000">
        <ele>991.000</ele>
      </trkpt>
      <trkpt lat="42.854620000" lon="-2.013400000">
        <ele>992.000</ele>
      </trkpt>
      <trkpt lat="42.854650000" lon="-2.013390000">
        <ele>992.000</ele>
      </trkpt>
      <trkpt lat="42.854730000" lon="-2.013360000">
        <ele>993.000</ele>
      </trkpt>
      <trkpt lat="42.854780000" lon="-2.013340000">
        <ele>993.000</ele>
      </trkpt>
      <trkpt lat="42.854860000" lon="-2.013310000">
        <ele>994.000</ele>
      </trkpt>
      <trkpt lat="42.854910000" lon="-2.013300000">
        <ele>994.000</ele>
      </trkpt>
      <trkpt lat="42.855010000" lon="-2.013280000">
        <ele>995.000</ele>
      </trkpt>
      <trkpt lat="42.855020000" lon="-2.013280000">
        <ele>995.000</ele>
      </trkpt>
      <trkpt lat="42.855130000" lon="-2.013260000">
        <ele>996.000</ele>
      </trkpt>
      <trkpt lat="42.855600000" lon="-2.013210000">
        <ele>997.000</ele>
      </trkpt>
      <trkpt lat="42.855970000" lon="-2.013160000">
        <ele>999.000</ele>
      </trkpt>
      <trkpt lat="42.856240000" lon="-2.013120000">
        <ele>1001.000</ele>
      </trkpt>
      <trkpt lat="42.856350000" lon="-2.013110000">
        <ele>1002.000</ele>
      </trkpt>
      <trkpt lat="42.856410000" lon="-2.013100000">
        <ele>1004.000</ele>
      </trkpt>
      <trkpt lat="42.856640000" lon="-2.013050000">
        <ele>1005.000</ele>
      </trkpt>
      <trkpt lat="42.856780000" lon="-2.013020000">
        <ele>1006.000</ele>
      </trkpt>
      <trkpt lat="42.857150000" lon="-2.012920000">
        <ele>1008.000</ele>
      </trkpt>
      <trkpt lat="42.857220000" lon="-2.012910000">
        <ele>1010.000</ele>
      </trkpt>
      <trkpt lat="42.857300000" lon="-2.012880000">
        <ele>1011.000</ele>
      </trkpt>
      <trkpt lat="42.857360000" lon="-2.012860000">
        <ele>1012.000</ele>
      </trkpt>
      <trkpt lat="42.857410000" lon="-2.012850000">
        <ele>1013.000</ele>
      </trkpt>
      <trkpt lat="42.857470000" lon="-2.012830000">
        <ele>1013.000</ele>
      </trkpt>
      <trkpt lat="42.857500000" lon="-2.012810000">
        <ele>1014.000</ele>
      </trkpt>
      <trkpt lat="42.857520000" lon="-2.012800000">
        <ele>1014.000</ele>
      </trkpt>
      <trkpt lat="42.857570000" lon="-2.012780000">
        <ele>1015.000</ele>
      </trkpt>
      <trkpt lat="42.857600000" lon="-2.012750000">
        <ele>1015.000</ele>
      </trkpt>
      <trkpt lat="42.857770000" lon="-2.012650000">
        <ele>1016.000</ele>
      </trkpt>
      <trkpt lat="42.858110000" lon="-2.012430000">
        <ele>1017.000</ele>
      </trkpt>
      <trkpt lat="42.858160000" lon="-2.012400000">
        <ele>1018.000</ele>
      </trkpt>
      <trkpt lat="42.858320000" lon="-2.012300000">
        <ele>1019.000</ele>
      </trkpt>
      <trkpt lat="42.858380000" lon="-2.012260000">
        <ele>1020.000</ele>
      </trkpt>
      <trkpt lat="42.858680000" lon="-2.012070000">
        <ele>1021.000</ele>
      </trkpt>
      <trkpt lat="42.858970000" lon="-2.011890000">
        <ele>1023.000</ele>
      </trkpt>
      <trkpt lat="42.859130000" lon="-2.011780000">
        <ele>1024.000</ele>
      </trkpt>
      <trkpt lat="42.859260000" lon="-2.011700000">
        <ele>1025.000</ele>
      </trkpt>
      <trkpt lat="42.859300000" lon="-2.011680000">
        <ele>1026.000</ele>
      </trkpt>
      <trkpt lat="42.859410000" lon="-2.011610000">
        <ele>1027.000</ele>
      </trkpt>
      <trkpt lat="42.859460000" lon="-2.011580000">
        <ele>1028.000</ele>
      </trkpt>
      <trkpt lat="42.859670000" lon="-2.011450000">
        <ele>1029.000</ele>
      </trkpt>
      <trkpt lat="42.859760000" lon="-2.011390000">
        <ele>1031.000</ele>
      </trkpt>
      <trkpt lat="42.859830000" lon="-2.011350000">
        <ele>1032.000</ele>
      </trkpt>
      <trkpt lat="42.860000000" lon="-2.011240000">
        <ele>1034.000</ele>
      </trkpt>
      <trkpt lat="42.860130000" lon="-2.011150000">
        <ele>1036.000</ele>
      </trkpt>
      <trkpt lat="42.860150000" lon="-2.011130000">
        <ele>1037.000</ele>
      </trkpt>
      <trkpt lat="42.860180000" lon="-2.011110000">
        <ele>1039.000</ele>
      </trkpt>
      <trkpt lat="42.860250000" lon="-2.011050000">
        <ele>1040.000</ele>
      </trkpt>
      <trkpt lat="42.860300000" lon="-2.010990000">
        <ele>1041.000</ele>
      </trkpt>
      <trkpt lat="42.860330000" lon="-2.010960000">
        <ele>1042.000</ele>
      </trkpt>
      <trkpt lat="42.860430000" lon="-2.010830000">
        <ele>1043.000</ele>
      </trkpt>
      <trkpt lat="42.860610000" lon="-2.010610000">
        <ele>1045.000</ele>
      </trkpt>
      <trkpt lat="42.860860000" lon="-2.010300000">
        <ele>1048.000</ele>
      </trkpt>
      <trkpt lat="42.860880000" lon="-2.010280000">
        <ele>1050.000</ele>
      </trkpt>
      <trkpt lat="42.861000000" lon="-2.010110000">
        <ele>1052.000</ele>
      </trkpt>
      <trkpt lat="42.861260000" lon="-2.009770000">
        <ele>1052.000</ele>
      </trkpt>
      <trkpt lat="42.861390000" lon="-2.009600000">
        <ele>1051.000</ele>
      </trkpt>
      <trkpt lat="42.861520000" lon="-2.009430000">
        <ele>1050.000</ele>
      </trkpt>
      <trkpt lat="42.861650000" lon="-2.009250000">
        <ele>1048.000</ele>
      </trkpt>
      <trkpt lat="42.861780000" lon="-2.009080000">
        <ele>1046.000</ele>
      </trkpt>
      <trkpt lat="42.861810000" lon="-2.009030000">
        <ele>1045.000</ele>
      </trkpt>
      <trkpt lat="42.861910000" lon="-2.008910000">
        <ele>1043.000</ele>
      </trkpt>
      <trkpt lat="42.861980000" lon="-2.008810000">
        <ele>1041.000</ele>
      </trkpt>
      <trkpt lat="42.862030000" lon="-2.008740000">
        <ele>1040.000</ele>
      </trkpt>
      <trkpt lat="42.862090000" lon="-2.008620000">
        <ele>1039.000</ele>
      </trkpt>
      <trkpt lat="42.862110000" lon="-2.008570000">
        <ele>1038.000</ele>
      </trkpt>
      <trkpt lat="42.862120000" lon="-2.008530000">
        <ele>1037.000</ele>
      </trkpt>
      <trkpt lat="42.862120000" lon="-2.008520000">
        <ele>1036.000</ele>
      </trkpt>
      <trkpt lat="42.862140000" lon="-2.008460000">
        <ele>1036.000</ele>
      </trkpt>
      <trkpt lat="42.862160000" lon="-2.008370000">
        <ele>1035.000</ele>
      </trkpt>
      <trkpt lat="42.862160000" lon="-2.008350000">
        <ele>1034.000</ele>
      </trkpt>
      <trkpt lat="42.862170000" lon="-2.008330000">
        <ele>1034.000</ele>
      </trkpt>
      <trkpt lat="42.862180000" lon="-2.008270000">
        <ele>1033.000</ele>
      </trkpt>
      <trkpt lat="42.862200000" lon="-2.008110000">
        <ele>1033.000</ele>
      </trkpt>
      <trkpt lat="42.862210000" lon="-2.008030000">
        <ele>1033.000</ele>
      </trkpt>
      <trkpt lat="42.862220000" lon="-2.007930000">
        <ele>1034.000</ele>
      </trkpt>
      <trkpt lat="42.862240000" lon="-2.007780000">
        <ele>1034.000</ele>
      </trkpt>
      <trkpt lat="42.862250000" lon="-2.007750000">
        <ele>1034.000</ele>
      </trkpt>
      <trkpt lat="42.862250000" lon="-2.007710000">
        <ele>1035.000</ele>
      </trkpt>
      <trkpt lat="42.862250000" lon="-2.007680000">
        <ele>1035.000</ele>
      </trkpt>
      <trkpt lat="42.862250000" lon="-2.007630000">
        <ele>1035.000</ele>
      </trkpt>
      <trkpt lat="42.862250000" lon="-2.007600000">
        <ele>1035.000</ele>
      </trkpt>
      <trkpt lat="42.862240000" lon="-2.007540000">
        <ele>1035.000</ele>
      </trkpt>
      <trkpt lat="42.862230000" lon="-2.007400000">
        <ele>1036.000</ele>
      </trkpt>
      <trkpt lat="42.862220000" lon="-2.007300000">
        <ele>1036.000</ele>
      </trkpt>
      <trkpt lat="42.862210000" lon="-2.007240000">
        <ele>1036.000</ele>
      </trkpt>
      <trkpt lat="42.862220000" lon="-2.007240000">
        <ele>1037.000</ele>
      </trkpt>
      <trkpt lat="42.862220000" lon="-2.007190000">
        <ele>1037.000</ele>
      </trkpt>
      <trkpt lat="42.862220000" lon="-2.007150000">
        <ele>1037.000</ele>
      </trkpt>
      <trkpt lat="42.862240000" lon="-2.007110000">
        <ele>1037.000</ele>
      </trkpt>
      <trkpt lat="42.862260000" lon="-2.007050000">
        <ele>1038.000</ele>
      </trkpt>
      <trkpt lat="42.862280000" lon="-2.007010000">
        <ele>1038.000</ele>
      </trkpt>
      <trkpt lat="42.862300000" lon="-2.006950000">
        <ele>1038.000</ele>
      </trkpt>
      <trkpt lat="42.862330000" lon="-2.006890000">
        <ele>1038.000</ele>
      </trkpt>
      <trkpt lat="42.862340000" lon="-2.006850000">
        <ele>1039.000</ele>
      </trkpt>
      <trkpt lat="42.862360000" lon="-2.006800000">
        <ele>1039.000</ele>
      </trkpt>
      <trkpt lat="42.862360000" lon="-2.006790000">
        <ele>1039.000</ele>
      </trkpt>
      <trkpt lat="42.862370000" lon="-2.006760000">
        <ele>1039.000</ele>
      </trkpt>
      <trkpt lat="42.862390000" lon="-2.006660000">
        <ele>1040.000</ele>
      </trkpt>
      <trkpt lat="42.862420000" lon="-2.006560000">
        <ele>1040.000</ele>
      </trkpt>
      <trkpt lat="42.862430000" lon="-2.006490000">
        <ele>1040.000</ele>
      </trkpt>
      <trkpt lat="42.862460000" lon="-2.006370000">
        <ele>1041.000</ele>
      </trkpt>
      <trkpt lat="42.862460000" lon="-2.006330000">
        <ele>1041.000</ele>
      </trkpt>
      <trkpt lat="42.862460000" lon="-2.006320000">
        <ele>1041.000</ele>
      </trkpt>
      <trkpt lat="42.862470000" lon="-2.006250000">
        <ele>1041.000</ele>
      </trkpt>
      <trkpt lat="42.862470000" lon="-2.006170000">
        <ele>1042.000</ele>
      </trkpt>
      <trkpt lat="42.862470000" lon="-2.006140000">
        <ele>1042.000</ele>
      </trkpt>
      <trkpt lat="42.862470000" lon="-2.006040000">
        <ele>1042.000</ele>
      </trkpt>
      <trkpt lat="42.862480000" lon="-2.005940000">
        <ele>1043.000</ele>
      </trkpt>
      <trkpt lat="42.862480000" lon="-2.005900000">
        <ele>1043.000</ele>
      </trkpt>
      <trkpt lat="42.862480000" lon="-2.005880000">
        <ele>1043.000</ele>
      </trkpt>
      <trkpt lat="42.862490000" lon="-2.005790000">
        <ele>1043.000</ele>
      </trkpt>
      <trkpt lat="42.862500000" lon="-2.005690000">
        <ele>1042.000</ele>
      </trkpt>
      <trkpt lat="42.862510000" lon="-2.005650000">
        <ele>1042.000</ele>
      </trkpt>
      <trkpt lat="42.862550000" lon="-2.005410000">
        <ele>1040.000</ele>
      </trkpt>
      <trkpt lat="42.862570000" lon="-2.005300000">
        <ele>1039.000</ele>
      </trkpt>
      <trkpt lat="42.862590000" lon="-2.005200000">
        <ele>1037.000</ele>
      </trkpt>
      <trkpt lat="42.862590000" lon="-2.005180000">
        <ele>1036.000</ele>
      </trkpt>
      <trkpt lat="42.862620000" lon="-2.005080000">
        <ele>1035.000</ele>
      </trkpt>
      <trkpt lat="42.862640000" lon="-2.005000000">
        <ele>1034.000</ele>
      </trkpt>
      <trkpt lat="42.862660000" lon="-2.004950000">
        <ele>1033.000</ele>
      </trkpt>
      <trkpt lat="42.862660000" lon="-2.004940000">
        <ele>1033.000</ele>
      </trkpt>
      <trkpt lat="42.862670000" lon="-2.004890000">
        <ele>1032.000</ele>
      </trkpt>
      <trkpt lat="42.862680000" lon="-2.004830000">
        <ele>1031.000</ele>
      </trkpt>
      <trkpt lat="42.862690000" lon="-2.004780000">
        <ele>1031.000</ele>
      </trkpt>
      <trkpt lat="42.862700000" lon="-2.004730000">
        <ele>1030.000</ele>
      </trkpt>
      <trkpt lat="42.862700000" lon="-2.004710000">
        <ele>1029.000</ele>
      </trkpt>
      <trkpt lat="42.862710000" lon="-2.004660000">
        <ele>1029.000</ele>
      </trkpt>
      <trkpt lat="42.862720000" lon="-2.004570000">
        <ele>1028.000</ele>
      </trkpt>
      <trkpt lat="42.862720000" lon="-2.004450000">
        <ele>1027.000</ele>
      </trkpt>
      <trkpt lat="42.862730000" lon="-2.004330000">
        <ele>1026.000</ele>
      </trkpt>
      <trkpt lat="42.862740000" lon="-2.004140000">
        <ele>1025.000</ele>
      </trkpt>
      <trkpt lat="42.862770000" lon="-2.003490000">
        <ele>1021.000</ele>
      </trkpt>
      <trkpt lat="42.862770000" lon="-2.003350000">
        <ele>1018.000</ele>
      </trkpt>
      <trkpt lat="42.862780000" lon="-2.003240000">
        <ele>1016.000</ele>
      </trkpt>
      <trkpt lat="42.862790000" lon="-2.003070000">
        <ele>1014.000</ele>
      </trkpt>
      <trkpt lat="42.862800000" lon="-2.002980000">
        <ele>1013.000</ele>
      </trkpt>
      <trkpt lat="42.862800000" lon="-2.002930000">
        <ele>1012.000</ele>
      </trkpt>
      <trkpt lat="42.862820000" lon="-2.002840000">
        <ele>1011.000</ele>
      </trkpt>
      <trkpt lat="42.862840000" lon="-2.002710000">
        <ele>1010.000</ele>
      </trkpt>
      <trkpt lat="42.862910000" lon="-2.002280000">
        <ele>1008.000</ele>
      </trkpt>
      <trkpt lat="42.862950000" lon="-2.002130000">
        <ele>1006.000</ele>
      </trkpt>
      <trkpt lat="42.862980000" lon="-2.002000000">
        <ele>1005.000</ele>
      </trkpt>
      <trkpt lat="42.863000000" lon="-2.001930000">
        <ele>1004.000</ele>
      </trkpt>
      <trkpt lat="42.863030000" lon="-2.001870000">
        <ele>1003.000</ele>
      </trkpt>
      <trkpt lat="42.863050000" lon="-2.001800000">
        <ele>1002.000</ele>
      </trkpt>
      <trkpt lat="42.863080000" lon="-2.001740000">
        <ele>1002.000</ele>
      </trkpt>
      <trkpt lat="42.863130000" lon="-2.001610000">
        <ele>1001.000</ele>
      </trkpt>
      <trkpt lat="42.863210000" lon="-2.001420000">
        <ele>1000.000</ele>
      </trkpt>
      <trkpt lat="42.863270000" lon="-2.001270000">
        <ele>999.000</ele>
      </trkpt>
      <trkpt lat="42.863300000" lon="-2.001190000">
        <ele>998.000</ele>
      </trkpt>
      <trkpt lat="42.863300000" lon="-2.001180000">
        <ele>997.000</ele>
      </trkpt>
      <trkpt lat="42.863310000" lon="-2.001150000">
        <ele>996.000</ele>
      </trkpt>
      <trkpt lat="42.863320000" lon="-2.001090000">
        <ele>996.000</ele>
      </trkpt>
      <trkpt lat="42.863340000" lon="-2.001020000">
        <ele>996.000</ele>
      </trkpt>
      <trkpt lat="42.863350000" lon="-2.000940000">
        <ele>995.000</ele>
      </trkpt>
      <trkpt lat="42.863360000" lon="-2.000800000">
        <ele>995.000</ele>
      </trkpt>
      <trkpt lat="42.863370000" lon="-2.000700000">
        <ele>994.000</ele>
      </trkpt>
      <trkpt lat="42.863400000" lon="-2.000440000">
        <ele>994.000</ele>
      </trkpt>
      <trkpt lat="42.863430000" lon="-2.000210000">
        <ele>993.000</ele>
      </trkpt>
      <trkpt lat="42.863450000" lon="-2.000010000">
        <ele>993.000</ele>
      </trkpt>
      <trkpt lat="42.863470000" lon="-1.999870000">
        <ele>992.000</ele>
      </trkpt>
      <trkpt lat="42.863480000" lon="-1.999790000">
        <ele>991.000</ele>
      </trkpt>
      <trkpt lat="42.863490000" lon="-1.999730000">
        <ele>991.000</ele>
      </trkpt>
      <trkpt lat="42.863500000" lon="-1.999660000">
        <ele>991.000</ele>
      </trkpt>
      <trkpt lat="42.863520000" lon="-1.999560000">
        <ele>990.000</ele>
      </trkpt>
      <trkpt lat="42.863590000" lon="-1.999260000">
        <ele>990.000</ele>
      </trkpt>
      <trkpt lat="42.863690000" lon="-1.998790000">
        <ele>989.000</ele>
      </trkpt>
      <trkpt lat="42.863710000" lon="-1.998670000">
        <ele>988.000</ele>
      </trkpt>
      <trkpt lat="42.863730000" lon="-1.998600000">
        <ele>987.000</ele>
      </trkpt>
      <trkpt lat="42.863760000" lon="-1.998450000">
        <ele>987.000</ele>
      </trkpt>
      <trkpt lat="42.863790000" lon="-1.998320000">
        <ele>986.000</ele>
      </trkpt>
      <trkpt lat="42.863830000" lon="-1.998190000">
        <ele>985.000</ele>
      </trkpt>
      <trkpt lat="42.863860000" lon="-1.998050000">
        <ele>985.000</ele>
      </trkpt>
      <trkpt lat="42.863890000" lon="-1.997920000">
        <ele>985.000</ele>
      </trkpt>
      <trkpt lat="42.863900000" lon="-1.997850000">
        <ele>984.000</ele>
      </trkpt>
      <trkpt lat="42.863910000" lon="-1.997800000">
        <ele>984.000</ele>
      </trkpt>
      <trkpt lat="42.863930000" lon="-1.997690000">
        <ele>983.000</ele>
      </trkpt>
      <trkpt lat="42.863940000" lon="-1.997610000">
        <ele>983.000</ele>
      </trkpt>
      <trkpt lat="42.863940000" lon="-1.997520000">
        <ele>983.000</ele>
      </trkpt>
      <trkpt lat="42.863930000" lon="-1.997410000">
        <ele>983.000</ele>
      </trkpt>
      <trkpt lat="42.863940000" lon="-1.997330000">
        <ele>982.000</ele>
      </trkpt>
      <trkpt lat="42.863960000" lon="-1.997270000">
        <ele>982.000</ele>
      </trkpt>
      <trkpt lat="42.863970000" lon="-1.997240000">
        <ele>982.000</ele>
      </trkpt>
      <trkpt lat="42.863980000" lon="-1.997220000">
        <ele>982.000</ele>
      </trkpt>
      <trkpt lat="42.863990000" lon="-1.997210000">
        <ele>981.000</ele>
      </trkpt>
      <trkpt lat="42.864000000" lon="-1.997210000">
        <ele>981.000</ele>
      </trkpt>
      <trkpt lat="42.864020000" lon="-1.997210000">
        <ele>981.000</ele>
      </trkpt>
      <trkpt lat="42.864030000" lon="-1.997210000">
        <ele>981.000</ele>
      </trkpt>
      <trkpt lat="42.864040000" lon="-1.997210000">
        <ele>981.000</ele>
      </trkpt>
      <trkpt lat="42.864050000" lon="-1.997220000">
        <ele>981.000</ele>
      </trkpt>
      <trkpt lat="42.864060000" lon="-1.997230000">
        <ele>981.000</ele>
      </trkpt>
      <trkpt lat="42.864070000" lon="-1.997230000">
        <ele>981.000</ele>
      </trkpt>
      <trkpt lat="42.864070000" lon="-1.997240000">
        <ele>981.000</ele>
      </trkpt>
      <trkpt lat="42.864070000" lon="-1.997260000">
        <ele>981.000</ele>
      </trkpt>
      <trkpt lat="42.864080000" lon="-1.997290000">
        <ele>981.000</ele>
      </trkpt>
      <trkpt lat="42.864080000" lon="-1.997370000">
        <ele>981.000</ele>
      </trkpt>
      <trkpt lat="42.864070000" lon="-1.997430000">
        <ele>981.000</ele>
      </trkpt>
      <trkpt lat="42.864040000" lon="-1.997780000">
        <ele>980.000</ele>
      </trkpt>
      <trkpt lat="42.864020000" lon="-1.997960000">
        <ele>980.000</ele>
      </trkpt>
      <trkpt lat="42.864000000" lon="-1.998090000">
        <ele>979.000</ele>
      </trkpt>
      <trkpt lat="42.863980000" lon="-1.998280000">
        <ele>978.000</ele>
      </trkpt>
      <trkpt lat="42.863930000" lon="-1.998690000">
        <ele>977.000</ele>
      </trkpt>
      <trkpt lat="42.863930000" lon="-1.998740000">
        <ele>976.000</ele>
      </trkpt>
      <trkpt lat="42.863910000" lon="-1.998920000">
        <ele>975.000</ele>
      </trkpt>
      <trkpt lat="42.863900000" lon="-1.999000000">
        <ele>974.000</ele>
      </trkpt>
      <trkpt lat="42.863890000" lon="-1.999160000">
        <ele>973.000</ele>
      </trkpt>
      <trkpt lat="42.863890000" lon="-1.999180000">
        <ele>973.000</ele>
      </trkpt>
      <trkpt lat="42.863890000" lon="-1.999240000">
        <ele>972.000</ele>
      </trkpt>
      <trkpt lat="42.863880000" lon="-1.999400000">
        <ele>972.000</ele>
      </trkpt>
      <trkpt lat="42.863880000" lon="-1.999520000">
        <ele>971.000</ele>
      </trkpt>
      <trkpt lat="42.863880000" lon="-1.999670000">
        <ele>970.000</ele>
      </trkpt>
      <trkpt lat="42.863850000" lon="-2.001160000">
        <ele>967.000</ele>
      </trkpt>
      <trkpt lat="42.863850000" lon="-2.001230000">
        <ele>965.000</ele>
      </trkpt>
      <trkpt lat="42.863840000" lon="-2.001310000">
        <ele>963.000</ele>
      </trkpt>
      <trkpt lat="42.863840000" lon="-2.001330000">
        <ele>962.000</ele>
      </trkpt>
      <trkpt lat="42.863840000" lon="-2.001410000">
        <ele>962.000</ele>
      </trkpt>
      <trkpt lat="42.863830000" lon="-2.001460000">
        <ele>961.000</ele>
      </trkpt>
      <trkpt lat="42.863820000" lon="-2.001490000">
        <ele>961.000</ele>
      </trkpt>
      <trkpt lat="42.863810000" lon="-2.001550000">
        <ele>961.000</ele>
      </trkpt>
      <trkpt lat="42.863810000" lon="-2.001570000">
        <ele>960.000</ele>
      </trkpt>
      <trkpt lat="42.863790000" lon="-2.001620000">
        <ele>960.000</ele>
      </trkpt>
      <trkpt lat="42.863750000" lon="-2.001730000">
        <ele>960.000</ele>
      </trkpt>
      <trkpt lat="42.863690000" lon="-2.001880000">
        <ele>960.000</ele>
      </trkpt>
      <trkpt lat="42.863660000" lon="-2.001940000">
        <ele>960.000</ele>
      </trkpt>
      <trkpt lat="42.863630000" lon="-2.002000000">
        <ele>960.000</ele>
      </trkpt>
      <trkpt lat="42.863610000" lon="-2.002050000">
        <ele>960.000</ele>
      </trkpt>
      <trkpt lat="42.863580000" lon="-2.002130000">
        <ele>959.000</ele>
      </trkpt>
      <trkpt lat="42.863560000" lon="-2.002180000">
        <ele>959.000</ele>
      </trkpt>
      <trkpt lat="42.863540000" lon="-2.002260000">
        <ele>959.000</ele>
      </trkpt>
      <trkpt lat="42.863530000" lon="-2.002310000">
        <ele>959.000</ele>
      </trkpt>
      <trkpt lat="42.863520000" lon="-2.002380000">
        <ele>959.000</ele>
      </trkpt>
      <trkpt lat="42.863510000" lon="-2.002450000">
        <ele>959.000</ele>
      </trkpt>
      <trkpt lat="42.863510000" lon="-2.002460000">
        <ele>959.000</ele>
      </trkpt>
      <trkpt lat="42.863500000" lon="-2.002620000">
        <ele>959.000</ele>
      </trkpt>
      <trkpt lat="42.863490000" lon="-2.002810000">
        <ele>959.000</ele>
      </trkpt>
      <trkpt lat="42.863480000" lon="-2.003050000">
        <ele>958.000</ele>
      </trkpt>
      <trkpt lat="42.863470000" lon="-2.003190000">
        <ele>958.000</ele>
      </trkpt>
      <trkpt lat="42.863450000" lon="-2.003430000">
        <ele>958.000</ele>
      </trkpt>
      <trkpt lat="42.863450000" lon="-2.003560000">
        <ele>958.000</ele>
      </trkpt>
      <trkpt lat="42.863440000" lon="-2.003760000">
        <ele>958.000</ele>
      </trkpt>
      <trkpt lat="42.863440000" lon="-2.003900000">
        <ele>957.000</ele>
      </trkpt>
      <trkpt lat="42.863440000" lon="-2.003920000">
        <ele>957.000</ele>
      </trkpt>
      <trkpt lat="42.863440000" lon="-2.004060000">
        <ele>957.000</ele>
      </trkpt>
      <trkpt lat="42.863470000" lon="-2.004510000">
        <ele>957.000</ele>
      </trkpt>
      <trkpt lat="42.863470000" lon="-2.004570000">
        <ele>956.000</ele>
      </trkpt>
      <trkpt lat="42.863470000" lon="-2.004640000">
        <ele>956.000</ele>
      </trkpt>
      <trkpt lat="42.863470000" lon="-2.004690000">
        <ele>956.000</ele>
      </trkpt>
      <trkpt lat="42.863460000" lon="-2.004750000">
        <ele>956.000</ele>
      </trkpt>
      <trkpt lat="42.863460000" lon="-2.004780000">
        <ele>955.000</ele>
      </trkpt>
      <trkpt lat="42.863450000" lon="-2.004840000">
        <ele>955.000</ele>
      </trkpt>
      <trkpt lat="42.863450000" lon="-2.004880000">
        <ele>955.000</ele>
      </trkpt>
      <trkpt lat="42.863440000" lon="-2.004900000">
        <ele>955.000</ele>
      </trkpt>
      <trkpt lat="42.863440000" lon="-2.004940000">
        <ele>955.000</ele>
      </trkpt>
      <trkpt lat="42.863410000" lon="-2.005070000">
        <ele>955.000</ele>
      </trkpt>
      <trkpt lat="42.863390000" lon="-2.005210000">
        <ele>955.000</ele>
      </trkpt>
      <trkpt lat="42.863310000" lon="-2.005620000">
        <ele>954.000</ele>
      </trkpt>
      <trkpt lat="42.863260000" lon="-2.005920000">
        <ele>954.000</ele>
      </trkpt>
      <trkpt lat="42.863230000" lon="-2.006070000">
        <ele>953.000</ele>
      </trkpt>
      <trkpt lat="42.863210000" lon="-2.006210000">
        <ele>953.000</ele>
      </trkpt>
      <trkpt lat="42.863200000" lon="-2.006280000">
        <ele>952.000</ele>
      </trkpt>
      <trkpt lat="42.863200000" lon="-2.006330000">
        <ele>952.000</ele>
      </trkpt>
      <trkpt lat="42.863190000" lon="-2.006440000">
        <ele>951.000</ele>
      </trkpt>
      <trkpt lat="42.863190000" lon="-2.006490000">
        <ele>950.000</ele>
      </trkpt>
      <trkpt lat="42.863190000" lon="-2.006580000">
        <ele>950.000</ele>
      </trkpt>
      <trkpt lat="42.863200000" lon="-2.006870000">
        <ele>949.000</ele>
      </trkpt>
      <trkpt lat="42.863200000" lon="-2.007070000">
        <ele>948.000</ele>
      </trkpt>
      <trkpt lat="42.863200000" lon="-2.007170000">
        <ele>947.000</ele>
      </trkpt>
      <trkpt lat="42.863190000" lon="-2.007310000">
        <ele>946.000</ele>
      </trkpt>
      <trkpt lat="42.863190000" lon="-2.007370000">
        <ele>945.000</ele>
      </trkpt>
      <trkpt lat="42.863190000" lon="-2.007450000">
        <ele>944.000</ele>
      </trkpt>
      <trkpt lat="42.863200000" lon="-2.007520000">
        <ele>943.000</ele>
      </trkpt>
      <trkpt lat="42.863200000" lon="-2.007560000">
        <ele>943.000</ele>
      </trkpt>
      <trkpt lat="42.863210000" lon="-2.007600000">
        <ele>942.000</ele>
      </trkpt>
      <trkpt lat="42.863220000" lon="-2.007710000">
        <ele>942.000</ele>
      </trkpt>
      <trkpt lat="42.863250000" lon="-2.007870000">
        <ele>941.000</ele>
      </trkpt>
      <trkpt lat="42.863280000" lon="-2.008010000">
        <ele>940.000</ele>
      </trkpt>
      <trkpt lat="42.863280000" lon="-2.008040000">
        <ele>939.000</ele>
      </trkpt>
      <trkpt lat="42.863290000" lon="-2.008150000">
        <ele>939.000</ele>
      </trkpt>
      <trkpt lat="42.863300000" lon="-2.008210000">
        <ele>938.000</ele>
      </trkpt>
      <trkpt lat="42.863300000" lon="-2.008280000">
        <ele>937.000</ele>
      </trkpt>
      <trkpt lat="42.863310000" lon="-2.008330000">
        <ele>937.000</ele>
      </trkpt>
      <trkpt lat="42.863310000" lon="-2.008390000">
        <ele>936.000</ele>
      </trkpt>
      <trkpt lat="42.863310000" lon="-2.008530000">
        <ele>936.000</ele>
      </trkpt>
      <trkpt lat="42.863320000" lon="-2.008690000">
        <ele>935.000</ele>
      </trkpt>
      <trkpt lat="42.863320000" lon="-2.008760000">
        <ele>934.000</ele>
      </trkpt>
      <trkpt lat="42.863320000" lon="-2.008770000">
        <ele>934.000</ele>
      </trkpt>
      <trkpt lat="42.863320000" lon="-2.008840000">
        <ele>934.000</ele>
      </trkpt>
      <trkpt lat="42.863310000" lon="-2.008960000">
        <ele>933.000</ele>
      </trkpt>
      <trkpt lat="42.863310000" lon="-2.009020000">
        <ele>933.000</ele>
      </trkpt>
      <trkpt lat="42.863300000" lon="-2.009190000">
        <ele>932.000</ele>
      </trkpt>
      <trkpt lat="42.863290000" lon="-2.009260000">
        <ele>931.000</ele>
      </trkpt>
      <trkpt lat="42.863280000" lon="-2.009420000">
        <ele>931.000</ele>
      </trkpt>
      <trkpt lat="42.863270000" lon="-2.009510000">
        <ele>930.000</ele>
      </trkpt>
      <trkpt lat="42.863260000" lon="-2.009750000">
        <ele>929.000</ele>
      </trkpt>
      <trkpt lat="42.863260000" lon="-2.009780000">
        <ele>929.000</ele>
      </trkpt>
      <trkpt lat="42.863250000" lon="-2.009970000">
        <ele>928.000</ele>
      </trkpt>
      <trkpt lat="42.863250000" lon="-2.009990000">
        <ele>927.000</ele>
      </trkpt>
      <trkpt lat="42.863240000" lon="-2.010190000">
        <ele>927.000</ele>
      </trkpt>
      <trkpt lat="42.863230000" lon="-2.010490000">
        <ele>925.000</ele>
      </trkpt>
      <trkpt lat="42.863220000" lon="-2.010710000">
        <ele>924.000</ele>
      </trkpt>
      <trkpt lat="42.863220000" lon="-2.010820000">
        <ele>923.000</ele>
      </trkpt>
      <trkpt lat="42.863220000" lon="-2.010930000">
        <ele>923.000</ele>
      </trkpt>
      <trkpt lat="42.863220000" lon="-2.010990000">
        <ele>922.000</ele>
      </trkpt>
      <trkpt lat="42.863220000" lon="-2.011050000">
        <ele>921.000</ele>
      </trkpt>
      <trkpt lat="42.863230000" lon="-2.011140000">
        <ele>921.000</ele>
      </trkpt>
      <trkpt lat="42.863240000" lon="-2.011210000">
        <ele>920.000</ele>
      </trkpt>
      <trkpt lat="42.863250000" lon="-2.011300000">
        <ele>920.000</ele>
      </trkpt>
      <trkpt lat="42.863250000" lon="-2.011330000">
        <ele>920.000</ele>
      </trkpt>
      <trkpt lat="42.863260000" lon="-2.011430000">
        <ele>920.000</ele>
      </trkpt>
      <trkpt lat="42.863270000" lon="-2.011520000">
        <ele>919.000</ele>
      </trkpt>
      <trkpt lat="42.863280000" lon="-2.011570000">
        <ele>919.000</ele>
      </trkpt>
      <trkpt lat="42.863290000" lon="-2.011720000">
        <ele>919.000</ele>
      </trkpt>
      <trkpt lat="42.863310000" lon="-2.011860000">
        <ele>918.000</ele>
      </trkpt>
      <trkpt lat="42.863320000" lon="-2.012010000">
        <ele>918.000</ele>
      </trkpt>
      <trkpt lat="42.863320000" lon="-2.012060000">
        <ele>917.000</ele>
      </trkpt>
      <trkpt lat="42.863330000" lon="-2.012230000">
        <ele>917.000</ele>
      </trkpt>
      <trkpt lat="42.863330000" lon="-2.012370000">
        <ele>916.000</ele>
      </trkpt>
      <trkpt lat="42.863340000" lon="-2.012580000">
        <ele>916.000</ele>
      </trkpt>
      <trkpt lat="42.863340000" lon="-2.012800000">
        <ele>915.000</ele>
      </trkpt>
      <trkpt lat="42.863330000" lon="-2.012970000">
        <ele>915.000</ele>
      </trkpt>
      <trkpt lat="42.863330000" lon="-2.013040000">
        <ele>914.000</ele>
      </trkpt>
      <trkpt lat="42.863320000" lon="-2.013100000">
        <ele>914.000</ele>
      </trkpt>
      <trkpt lat="42.863320000" lon="-2.013180000">
        <ele>913.000</ele>
      </trkpt>
      <trkpt lat="42.863320000" lon="-2.013180000">
        <ele>913.000</ele>
      </trkpt>
      <trkpt lat="42.863310000" lon="-2.013190000">
        <ele>913.000</ele>
      </trkpt>
      <trkpt lat="42.863290000" lon="-2.013300000">
        <ele>913.000</ele>
      </trkpt>
      <trkpt lat="42.863280000" lon="-2.013350000">
        <ele>912.000</ele>
      </trkpt>
      <trkpt lat="42.863260000" lon="-2.013440000">
        <ele>912.000</ele>
      </trkpt>
      <trkpt lat="42.863190000" lon="-2.013640000">
        <ele>912.000</ele>
      </trkpt>
      <trkpt lat="42.863160000" lon="-2.013740000">
        <ele>911.000</ele>
      </trkpt>
      <trkpt lat="42.863130000" lon="-2.013850000">
        <ele>911.000</ele>
      </trkpt>
      <trkpt lat="42.863110000" lon="-2.013910000">
        <ele>911.000</ele>
      </trkpt>
      <trkpt lat="42.863100000" lon="-2.013970000">
        <ele>910.000</ele>
      </trkpt>
      <trkpt lat="42.863090000" lon="-2.014050000">
        <ele>910.000</ele>
      </trkpt>
      <trkpt lat="42.863090000" lon="-2.014130000">
        <ele>910.000</ele>
      </trkpt>
      <trkpt lat="42.863080000" lon="-2.014260000">
        <ele>909.000</ele>
      </trkpt>
      <trkpt lat="42.863090000" lon="-2.014360000">
        <ele>909.000</ele>
      </trkpt>
      <trkpt lat="42.863090000" lon="-2.014420000">
        <ele>909.000</ele>
      </trkpt>
      <trkpt lat="42.863100000" lon="-2.014490000">
        <ele>909.000</ele>
      </trkpt>
      <trkpt lat="42.863110000" lon="-2.014590000">
        <ele>908.000</ele>
      </trkpt>
      <trkpt lat="42.863140000" lon="-2.014780000">
        <ele>908.000</ele>
      </trkpt>
      <trkpt lat="42.863160000" lon="-2.014910000">
        <ele>907.000</ele>
      </trkpt>
      <trkpt lat="42.863180000" lon="-2.015000000">
        <ele>907.000</ele>
      </trkpt>
      <trkpt lat="42.863210000" lon="-2.015100000">
        <ele>907.000</ele>
      </trkpt>
      <trkpt lat="42.863230000" lon="-2.015170000">
        <ele>906.000</ele>
      </trkpt>
      <trkpt lat="42.863240000" lon="-2.015210000">
        <ele>906.000</ele>
      </trkpt>
      <trkpt lat="42.863280000" lon="-2.015320000">
        <ele>906.000</ele>
      </trkpt>
      <trkpt lat="42.863300000" lon="-2.015390000">
        <ele>906.000</ele>
      </trkpt>
      <trkpt lat="42.863330000" lon="-2.015460000">
        <ele>905.000</ele>
      </trkpt>
      <trkpt lat="42.863360000" lon="-2.015540000">
        <ele>905.000</ele>
      </trkpt>
      <trkpt lat="42.863390000" lon="-2.015600000">
        <ele>905.000</ele>
      </trkpt>
      <trkpt lat="42.863410000" lon="-2.015650000">
        <ele>904.000</ele>
      </trkpt>
      <trkpt lat="42.863470000" lon="-2.015780000">
        <ele>904.000</ele>
      </trkpt>
      <trkpt lat="42.863490000" lon="-2.015860000">
        <ele>904.000</ele>
      </trkpt>
      <trkpt lat="42.863540000" lon="-2.016020000">
        <ele>903.000</ele>
      </trkpt>
      <trkpt lat="42.863580000" lon="-2.016150000">
        <ele>903.000</ele>
      </trkpt>
      <trkpt lat="42.863610000" lon="-2.016270000">
        <ele>902.000</ele>
      </trkpt>
      <trkpt lat="42.863690000" lon="-2.016550000">
        <ele>901.000</ele>
      </trkpt>
      <trkpt lat="42.863700000" lon="-2.016630000">
        <ele>901.000</ele>
      </trkpt>
      <trkpt lat="42.863720000" lon="-2.016680000">
        <ele>900.000</ele>
      </trkpt>
      <trkpt lat="42.863730000" lon="-2.016740000">
        <ele>900.000</ele>
      </trkpt>
      <trkpt lat="42.863740000" lon="-2.016820000">
        <ele>899.000</ele>
      </trkpt>
      <trkpt lat="42.863750000" lon="-2.016910000">
        <ele>899.000</ele>
      </trkpt>
      <trkpt lat="42.863750000" lon="-2.016980000">
        <ele>898.000</ele>
      </trkpt>
      <trkpt lat="42.863760000" lon="-2.017000000">
        <ele>898.000</ele>
      </trkpt>
      <trkpt lat="42.863760000" lon="-2.017090000">
        <ele>898.000</ele>
      </trkpt>
      <trkpt lat="42.863760000" lon="-2.017220000">
        <ele>897.000</ele>
      </trkpt>
      <trkpt lat="42.863760000" lon="-2.017230000">
        <ele>897.000</ele>
      </trkpt>
      <trkpt lat="42.863760000" lon="-2.017420000">
        <ele>896.000</ele>
      </trkpt>
      <trkpt lat="42.863760000" lon="-2.017470000">
        <ele>896.000</ele>
      </trkpt>
      <trkpt lat="42.863750000" lon="-2.017720000">
        <ele>895.000</ele>
      </trkpt>
      <trkpt lat="42.863740000" lon="-2.018450000">
        <ele>894.000</ele>
      </trkpt>
      <trkpt lat="42.863740000" lon="-2.018530000">
        <ele>893.000</ele>
      </trkpt>
      <trkpt lat="42.863740000" lon="-2.018620000">
        <ele>892.000</ele>
      </trkpt>
      <trkpt lat="42.863730000" lon="-2.018700000">
        <ele>891.000</ele>
      </trkpt>
      <trkpt lat="42.863720000" lon="-2.018830000">
        <ele>891.000</ele>
      </trkpt>
      <trkpt lat="42.863710000" lon="-2.018920000">
        <ele>890.000</ele>
      </trkpt>
      <trkpt lat="42.863710000" lon="-2.018940000">
        <ele>890.000</ele>
      </trkpt>
      <trkpt lat="42.863690000" lon="-2.019060000">
        <ele>890.000</ele>
      </trkpt>
      <trkpt lat="42.863690000" lon="-2.019130000">
        <ele>890.000</ele>
      </trkpt>
      <trkpt lat="42.863690000" lon="-2.019210000">
        <ele>889.000</ele>
      </trkpt>
      <trkpt lat="42.863680000" lon="-2.019320000">
        <ele>889.000</ele>
      </trkpt>
      <trkpt lat="42.863690000" lon="-2.019680000">
        <ele>889.000</ele>
      </trkpt>
      <trkpt lat="42.863690000" lon="-2.019920000">
        <ele>888.000</ele>
      </trkpt>
      <trkpt lat="42.863690000" lon="-2.020010000">
        <ele>888.000</ele>
      </trkpt>
      <trkpt lat="42.863690000" lon="-2.020170000">
        <ele>888.000</ele>
      </trkpt>
      <trkpt lat="42.863690000" lon="-2.020350000">
        <ele>887.000</ele>
      </trkpt>
      <trkpt lat="42.863690000" lon="-2.020600000">
        <ele>887.000</ele>
      </trkpt>
      <trkpt lat="42.863700000" lon="-2.020660000">
        <ele>887.000</ele>
      </trkpt>
      <trkpt lat="42.863700000" lon="-2.020780000">
        <ele>886.000</ele>
      </trkpt>
      <trkpt lat="42.863710000" lon="-2.020880000">
        <ele>886.000</ele>
      </trkpt>
      <trkpt lat="42.863710000" lon="-2.020900000">
        <ele>886.000</ele>
      </trkpt>
      <trkpt lat="42.863720000" lon="-2.020940000">
        <ele>886.000</ele>
      </trkpt>
      <trkpt lat="42.863730000" lon="-2.021010000">
        <ele>886.000</ele>
      </trkpt>
      <trkpt lat="42.863750000" lon="-2.021130000">
        <ele>885.000</ele>
      </trkpt>
      <trkpt lat="42.863760000" lon="-2.021140000">
        <ele>885.000</ele>
      </trkpt>
      <trkpt lat="42.863770000" lon="-2.021190000">
        <ele>885.000</ele>
      </trkpt>
      <trkpt lat="42.863790000" lon="-2.021250000">
        <ele>885.000</ele>
      </trkpt>
      <trkpt lat="42.863820000" lon="-2.021370000">
        <ele>885.000</ele>
      </trkpt>
      <trkpt lat="42.863830000" lon="-2.021390000">
        <ele>885.000</ele>
      </trkpt>
      <trkpt lat="42.863900000" lon="-2.021590000">
        <ele>884.000</ele>
      </trkpt>
      <trkpt lat="42.864000000" lon="-2.021940000">
        <ele>884.000</ele>
      </trkpt>
      <trkpt lat="42.864010000" lon="-2.021980000">
        <ele>884.000</ele>
      </trkpt>
      <trkpt lat="42.864020000" lon="-2.022000000">
        <ele>884.000</ele>
      </trkpt>
      <trkpt lat="42.864040000" lon="-2.022110000">
        <ele>883.000</ele>
      </trkpt>
      <trkpt lat="42.864060000" lon="-2.022150000">
        <ele>883.000</ele>
      </trkpt>
      <trkpt lat="42.864070000" lon="-2.022210000">
        <ele>883.000</ele>
      </trkpt>
      <trkpt lat="42.864110000" lon="-2.022340000">
        <ele>883.000</ele>
      </trkpt>
      <trkpt lat="42.864140000" lon="-2.022440000">
        <ele>883.000</ele>
      </trkpt>
      <trkpt lat="42.864160000" lon="-2.022510000">
        <ele>882.000</ele>
      </trkpt>
      <trkpt lat="42.864200000" lon="-2.022670000">
        <ele>882.000</ele>
      </trkpt>
      <trkpt lat="42.864230000" lon="-2.022780000">
        <ele>882.000</ele>
      </trkpt>
      <trkpt lat="42.864260000" lon="-2.022900000">
        <ele>882.000</ele>
      </trkpt>
      <trkpt lat="42.864300000" lon="-2.023080000">
        <ele>881.000</ele>
      </trkpt>
      <trkpt lat="42.864320000" lon="-2.023140000">
        <ele>881.000</ele>
      </trkpt>
      <trkpt lat="42.864330000" lon="-2.023160000">
        <ele>881.000</ele>
      </trkpt>
      <trkpt lat="42.864350000" lon="-2.023240000">
        <ele>881.000</ele>
      </trkpt>
      <trkpt lat="42.864370000" lon="-2.023300000">
        <ele>881.000</ele>
      </trkpt>
      <trkpt lat="42.864390000" lon="-2.023360000">
        <ele>880.000</ele>
      </trkpt>
      <trkpt lat="42.864400000" lon="-2.023360000">
        <ele>880.000</ele>
      </trkpt>
      <trkpt lat="42.864420000" lon="-2.023410000">
        <ele>880.000</ele>
      </trkpt>
      <trkpt lat="42.864450000" lon="-2.023490000">
        <ele>880.000</ele>
      </trkpt>
      <trkpt lat="42.864490000" lon="-2.023580000">
        <ele>879.000</ele>
      </trkpt>
      <trkpt lat="42.864570000" lon="-2.023780000">
        <ele>879.000</ele>
      </trkpt>
      <trkpt lat="42.864600000" lon="-2.023860000">
        <ele>878.000</ele>
      </trkpt>
      <trkpt lat="42.864630000" lon="-2.023970000">
        <ele>878.000</ele>
      </trkpt>
      <trkpt lat="42.864650000" lon="-2.024080000">
        <ele>877.000</ele>
      </trkpt>
      <trkpt lat="42.864650000" lon="-2.024140000">
        <ele>877.000</ele>
      </trkpt>
      <trkpt lat="42.864650000" lon="-2.024200000">
        <ele>876.000</ele>
      </trkpt>
      <trkpt lat="42.864650000" lon="-2.024210000">
        <ele>876.000</ele>
      </trkpt>
      <trkpt lat="42.864650000" lon="-2.024270000">
        <ele>876.000</ele>
      </trkpt>
      <trkpt lat="42.864650000" lon="-2.024340000">
        <ele>875.000</ele>
      </trkpt>
      <trkpt lat="42.864640000" lon="-2.024450000">
        <ele>875.000</ele>
      </trkpt>
      <trkpt lat="42.864630000" lon="-2.024610000">
        <ele>875.000</ele>
      </trkpt>
      <trkpt lat="42.864620000" lon="-2.024740000">
        <ele>874.000</ele>
      </trkpt>
      <trkpt lat="42.864620000" lon="-2.024930000">
        <ele>873.000</ele>
      </trkpt>
      <trkpt lat="42.864620000" lon="-2.024990000">
        <ele>873.000</ele>
      </trkpt>
      <trkpt lat="42.864620000" lon="-2.025180000">
        <ele>872.000</ele>
      </trkpt>
      <trkpt lat="42.864630000" lon="-2.025420000">
        <ele>871.000</ele>
      </trkpt>
      <trkpt lat="42.864630000" lon="-2.025460000">
        <ele>871.000</ele>
      </trkpt>
      <trkpt lat="42.864630000" lon="-2.025670000">
        <ele>870.000</ele>
      </trkpt>
      <trkpt lat="42.864630000" lon="-2.025780000">
        <ele>869.000</ele>
      </trkpt>
      <trkpt lat="42.864630000" lon="-2.025910000">
        <ele>868.000</ele>
      </trkpt>
      <trkpt lat="42.864640000" lon="-2.026000000">
        <ele>868.000</ele>
      </trkpt>
      <trkpt lat="42.864650000" lon="-2.026130000">
        <ele>867.000</ele>
      </trkpt>
      <trkpt lat="42.864670000" lon="-2.026280000">
        <ele>866.000</ele>
      </trkpt>
      <trkpt lat="42.864680000" lon="-2.026350000">
        <ele>865.000</ele>
      </trkpt>
      <trkpt lat="42.864690000" lon="-2.026400000">
        <ele>865.000</ele>
      </trkpt>
      <trkpt lat="42.864700000" lon="-2.026420000">
        <ele>864.000</ele>
      </trkpt>
      <trkpt lat="42.864720000" lon="-2.026490000">
        <ele>864.000</ele>
      </trkpt>
      <trkpt lat="42.864740000" lon="-2.026570000">
        <ele>863.000</ele>
      </trkpt>
      <trkpt lat="42.864770000" lon="-2.026680000">
        <ele>863.000</ele>
      </trkpt>
      <trkpt lat="42.864800000" lon="-2.026810000">
        <ele>862.000</ele>
      </trkpt>
      <trkpt lat="42.864820000" lon="-2.026910000">
        <ele>861.000</ele>
      </trkpt>
      <trkpt lat="42.864840000" lon="-2.026990000">
        <ele>860.000</ele>
      </trkpt>
      <trkpt lat="42.864850000" lon="-2.027060000">
        <ele>860.000</ele>
      </trkpt>
      <trkpt lat="42.864860000" lon="-2.027100000">
        <ele>859.000</ele>
      </trkpt>
      <trkpt lat="42.864880000" lon="-2.027260000">
        <ele>859.000</ele>
      </trkpt>
      <trkpt lat="42.864890000" lon="-2.027340000">
        <ele>858.000</ele>
      </trkpt>
      <trkpt lat="42.864930000" lon="-2.027610000">
        <ele>857.000</ele>
      </trkpt>
      <trkpt lat="42.864950000" lon="-2.027720000">
        <ele>856.000</ele>
      </trkpt>
      <trkpt lat="42.864960000" lon="-2.027810000">
        <ele>855.000</ele>
      </trkpt>
      <trkpt lat="42.864980000" lon="-2.027900000">
        <ele>854.000</ele>
      </trkpt>
      <trkpt lat="42.865010000" lon="-2.028020000">
        <ele>853.000</ele>
      </trkpt>
      <trkpt lat="42.865020000" lon="-2.028050000">
        <ele>853.000</ele>
      </trkpt>
      <trkpt lat="42.865020000" lon="-2.028070000">
        <ele>852.000</ele>
      </trkpt>
      <trkpt lat="42.865050000" lon="-2.028130000">
        <ele>852.000</ele>
      </trkpt>
      <trkpt lat="42.865080000" lon="-2.028210000">
        <ele>852.000</ele>
      </trkpt>
      <trkpt lat="42.865170000" lon="-2.028410000">
        <ele>851.000</ele>
      </trkpt>
      <trkpt lat="42.865230000" lon="-2.028530000">
        <ele>850.000</ele>
      </trkpt>
      <trkpt lat="42.865260000" lon="-2.028600000">
        <ele>850.000</ele>
      </trkpt>
      <trkpt lat="42.865290000" lon="-2.028670000">
        <ele>849.000</ele>
      </trkpt>
      <trkpt lat="42.865320000" lon="-2.028750000">
        <ele>849.000</ele>
      </trkpt>
      <trkpt lat="42.865340000" lon="-2.028810000">
        <ele>848.000</ele>
      </trkpt>
      <trkpt lat="42.865390000" lon="-2.028940000">
        <ele>848.000</ele>
      </trkpt>
      <trkpt lat="42.865450000" lon="-2.029140000">
        <ele>847.000</ele>
      </trkpt>
      <trkpt lat="42.865490000" lon="-2.029270000">
        <ele>847.000</ele>
      </trkpt>
      <trkpt lat="42.865520000" lon="-2.029370000">
        <ele>846.000</ele>
      </trkpt>
      <trkpt lat="42.865530000" lon="-2.029400000">
        <ele>846.000</ele>
      </trkpt>
      <trkpt lat="42.865560000" lon="-2.029470000">
        <ele>845.000</ele>
      </trkpt>
      <trkpt lat="42.865590000" lon="-2.029580000">
        <ele>845.000</ele>
      </trkpt>
      <trkpt lat="42.865630000" lon="-2.029680000">
        <ele>844.000</ele>
      </trkpt>
      <trkpt lat="42.865660000" lon="-2.029740000">
        <ele>844.000</ele>
      </trkpt>
      <trkpt lat="42.865690000" lon="-2.029840000">
        <ele>844.000</ele>
      </trkpt>
      <trkpt lat="42.865700000" lon="-2.029840000">
        <ele>843.000</ele>
      </trkpt>
      <trkpt lat="42.865770000" lon="-2.030020000">
        <ele>843.000</ele>
      </trkpt>
      <trkpt lat="42.865790000" lon="-2.030060000">
        <ele>842.000</ele>
      </trkpt>
      <trkpt lat="42.865800000" lon="-2.030100000">
        <ele>842.000</ele>
      </trkpt>
      <trkpt lat="42.865870000" lon="-2.030280000">
        <ele>842.000</ele>
      </trkpt>
      <trkpt lat="42.866010000" lon="-2.030680000">
        <ele>841.000</ele>
      </trkpt>
      <trkpt lat="42.866020000" lon="-2.030720000">
        <ele>840.000</ele>
      </trkpt>
      <trkpt lat="42.866050000" lon="-2.030830000">
        <ele>839.000</ele>
      </trkpt>
      <trkpt lat="42.866070000" lon="-2.030880000">
        <ele>839.000</ele>
      </trkpt>
      <trkpt lat="42.866090000" lon="-2.030910000">
        <ele>838.000</ele>
      </trkpt>
      <trkpt lat="42.866100000" lon="-2.030920000">
        <ele>838.000</ele>
      </trkpt>
      <trkpt lat="42.866100000" lon="-2.030930000">
        <ele>838.000</ele>
      </trkpt>
      <trkpt lat="42.866110000" lon="-2.030930000">
        <ele>838.000</ele>
      </trkpt>
      <trkpt lat="42.866120000" lon="-2.030940000">
        <ele>837.000</ele>
      </trkpt>
      <trkpt lat="42.866130000" lon="-2.030940000">
        <ele>837.000</ele>
      </trkpt>
      <trkpt lat="42.866140000" lon="-2.030940000">
        <ele>837.000</ele>
      </trkpt>
      <trkpt lat="42.866150000" lon="-2.030940000">
        <ele>837.000</ele>
      </trkpt>
      <trkpt lat="42.866160000" lon="-2.030930000">
        <ele>837.000</ele>
      </trkpt>
      <trkpt lat="42.866170000" lon="-2.030930000">
        <ele>837.000</ele>
      </trkpt>
      <trkpt lat="42.866190000" lon="-2.030920000">
        <ele>837.000</ele>
      </trkpt>
      <trkpt lat="42.866200000" lon="-2.030900000">
        <ele>837.000</ele>
      </trkpt>
      <trkpt lat="42.866210000" lon="-2.030880000">
        <ele>837.000</ele>
      </trkpt>
      <trkpt lat="42.866220000" lon="-2.030840000">
        <ele>837.000</ele>
      </trkpt>
      <trkpt lat="42.866230000" lon="-2.030800000">
        <ele>837.000</ele>
      </trkpt>
      <trkpt lat="42.866230000" lon="-2.030750000">
        <ele>836.000</ele>
      </trkpt>
      <trkpt lat="42.866230000" lon="-2.030740000">
        <ele>836.000</ele>
      </trkpt>
      <trkpt lat="42.866230000" lon="-2.030700000">
        <ele>836.000</ele>
      </trkpt>
      <trkpt lat="42.866220000" lon="-2.030660000">
        <ele>836.000</ele>
      </trkpt>
      <trkpt lat="42.866180000" lon="-2.030560000">
        <ele>836.000</ele>
      </trkpt>
      <trkpt lat="42.866160000" lon="-2.030520000">
        <ele>835.000</ele>
      </trkpt>
      <trkpt lat="42.866130000" lon="-2.030450000">
        <ele>835.000</ele>
      </trkpt>
      <trkpt lat="42.866080000" lon="-2.030310000">
        <ele>835.000</ele>
      </trkpt>
      <trkpt lat="42.866000000" lon="-2.030140000">
        <ele>834.000</ele>
      </trkpt>
      <trkpt lat="42.865980000" lon="-2.030070000">
        <ele>834.000</ele>
      </trkpt>
      <trkpt lat="42.865930000" lon="-2.029940000">
        <ele>833.000</ele>
      </trkpt>
      <trkpt lat="42.865900000" lon="-2.029860000">
        <ele>833.000</ele>
      </trkpt>
      <trkpt lat="42.865890000" lon="-2.029820000">
        <ele>832.000</ele>
      </trkpt>
      <trkpt lat="42.865880000" lon="-2.029780000">
        <ele>832.000</ele>
      </trkpt>
      <trkpt lat="42.865860000" lon="-2.029730000">
        <ele>832.000</ele>
      </trkpt>
      <trkpt lat="42.865840000" lon="-2.029660000">
        <ele>831.000</ele>
      </trkpt>
      <trkpt lat="42.865830000" lon="-2.029630000">
        <ele>831.000</ele>
      </trkpt>
      <trkpt lat="42.865800000" lon="-2.029500000">
        <ele>831.000</ele>
      </trkpt>
      <trkpt lat="42.865780000" lon="-2.029390000">
        <ele>830.000</ele>
      </trkpt>
      <trkpt lat="42.865760000" lon="-2.029310000">
        <ele>830.000</ele>
      </trkpt>
      <trkpt lat="42.865730000" lon="-2.029160000">
        <ele>830.000</ele>
      </trkpt>
      <trkpt lat="42.865730000" lon="-2.029150000">
        <ele>829.000</ele>
      </trkpt>
      <trkpt lat="42.865680000" lon="-2.028890000">
        <ele>829.000</ele>
      </trkpt>
      <trkpt lat="42.865600000" lon="-2.028450000">
        <ele>828.000</ele>
      </trkpt>
      <trkpt lat="42.865600000" lon="-2.028440000">
        <ele>828.000</ele>
      </trkpt>
      <trkpt lat="42.865530000" lon="-2.028100000">
        <ele>827.000</ele>
      </trkpt>
      <trkpt lat="42.865480000" lon="-2.027800000">
        <ele>826.000</ele>
      </trkpt>
      <trkpt lat="42.865460000" lon="-2.027700000">
        <ele>826.000</ele>
      </trkpt>
      <trkpt lat="42.865460000" lon="-2.027640000">
        <ele>825.000</ele>
      </trkpt>
      <trkpt lat="42.865450000" lon="-2.027580000">
        <ele>825.000</ele>
      </trkpt>
      <trkpt lat="42.865450000" lon="-2.027530000">
        <ele>825.000</ele>
      </trkpt>
      <trkpt lat="42.865450000" lon="-2.027480000">
        <ele>824.000</ele>
      </trkpt>
      <trkpt lat="42.865450000" lon="-2.027470000">
        <ele>824.000</ele>
      </trkpt>
      <trkpt lat="42.865450000" lon="-2.027390000">
        <ele>824.000</ele>
      </trkpt>
      <trkpt lat="42.865450000" lon="-2.027310000">
        <ele>824.000</ele>
      </trkpt>
      <trkpt lat="42.865460000" lon="-2.027240000">
        <ele>824.000</ele>
      </trkpt>
      <trkpt lat="42.865480000" lon="-2.027090000">
        <ele>823.000</ele>
      </trkpt>
      <trkpt lat="42.865490000" lon="-2.027000000">
        <ele>823.000</ele>
      </trkpt>
      <trkpt lat="42.865500000" lon="-2.026940000">
        <ele>823.000</ele>
      </trkpt>
      <trkpt lat="42.865530000" lon="-2.026740000">
        <ele>822.000</ele>
      </trkpt>
      <trkpt lat="42.865590000" lon="-2.026270000">
        <ele>822.000</ele>
      </trkpt>
      <trkpt lat="42.865590000" lon="-2.026250000">
        <ele>821.000</ele>
      </trkpt>
      <trkpt lat="42.865610000" lon="-2.026030000">
        <ele>820.000</ele>
      </trkpt>
      <trkpt lat="42.865640000" lon="-2.025820000">
        <ele>820.000</ele>
      </trkpt>
      <trkpt lat="42.865670000" lon="-2.025520000">
        <ele>819.000</ele>
      </trkpt>
      <trkpt lat="42.865690000" lon="-2.025370000">
        <ele>818.000</ele>
      </trkpt>
      <trkpt lat="42.865700000" lon="-2.025280000">
        <ele>817.000</ele>
      </trkpt>
      <trkpt lat="42.865730000" lon="-2.025080000">
        <ele>817.000</ele>
      </trkpt>
      <trkpt lat="42.865740000" lon="-2.025020000">
        <ele>816.000</ele>
      </trkpt>
      <trkpt lat="42.865750000" lon="-2.024990000">
        <ele>816.000</ele>
      </trkpt>
      <trkpt lat="42.865780000" lon="-2.024920000">
        <ele>816.000</ele>
      </trkpt>
      <trkpt lat="42.865790000" lon="-2.024870000">
        <ele>815.000</ele>
      </trkpt>
      <trkpt lat="42.865810000" lon="-2.024840000">
        <ele>815.000</ele>
      </trkpt>
      <trkpt lat="42.865830000" lon="-2.024780000">
        <ele>815.000</ele>
      </trkpt>
      <trkpt lat="42.865900000" lon="-2.024650000">
        <ele>814.000</ele>
      </trkpt>
      <trkpt lat="42.865930000" lon="-2.024590000">
        <ele>814.000</ele>
      </trkpt>
      <trkpt lat="42.866060000" lon="-2.024310000">
        <ele>813.000</ele>
      </trkpt>
      <trkpt lat="42.866130000" lon="-2.024160000">
        <ele>813.000</ele>
      </trkpt>
      <trkpt lat="42.866190000" lon="-2.024020000">
        <ele>812.000</ele>
      </trkpt>
      <trkpt lat="42.866240000" lon="-2.023900000">
        <ele>811.000</ele>
      </trkpt>
      <trkpt lat="42.866290000" lon="-2.023770000">
        <ele>810.000</ele>
      </trkpt>
      <trkpt lat="42.866320000" lon="-2.023690000">
        <ele>809.000</ele>
      </trkpt>
      <trkpt lat="42.866340000" lon="-2.023620000">
        <ele>809.000</ele>
      </trkpt>
      <trkpt lat="42.866360000" lon="-2.023550000">
        <ele>808.000</ele>
      </trkpt>
      <trkpt lat="42.866380000" lon="-2.023490000">
        <ele>808.000</ele>
      </trkpt>
      <trkpt lat="42.866390000" lon="-2.023410000">
        <ele>807.000</ele>
      </trkpt>
      <trkpt lat="42.866390000" lon="-2.023340000">
        <ele>807.000</ele>
      </trkpt>
      <trkpt lat="42.866380000" lon="-2.023320000">
        <ele>807.000</ele>
      </trkpt>
      <trkpt lat="42.866380000" lon="-2.023270000">
        <ele>806.000</ele>
      </trkpt>
      <trkpt lat="42.866360000" lon="-2.023190000">
        <ele>806.000</ele>
      </trkpt>
      <trkpt lat="42.866340000" lon="-2.023140000">
        <ele>806.000</ele>
      </trkpt>
      <trkpt lat="42.866320000" lon="-2.023100000">
        <ele>805.000</ele>
      </trkpt>
      <trkpt lat="42.866300000" lon="-2.023070000">
        <ele>805.000</ele>
      </trkpt>
      <trkpt lat="42.866260000" lon="-2.023020000">
        <ele>805.000</ele>
      </trkpt>
      <trkpt lat="42.866180000" lon="-2.022940000">
        <ele>804.000</ele>
      </trkpt>
      <trkpt lat="42.866100000" lon="-2.022870000">
        <ele>804.000</ele>
      </trkpt>
      <trkpt lat="42.866050000" lon="-2.022810000">
        <ele>803.000</ele>
      </trkpt>
      <trkpt lat="42.866020000" lon="-2.022770000">
        <ele>803.000</ele>
      </trkpt>
      <trkpt lat="42.866000000" lon="-2.022720000">
        <ele>803.000</ele>
      </trkpt>
      <trkpt lat="42.865970000" lon="-2.022660000">
        <ele>802.000</ele>
      </trkpt>
      <trkpt lat="42.865940000" lon="-2.022570000">
        <ele>802.000</ele>
      </trkpt>
      <trkpt lat="42.865920000" lon="-2.022500000">
        <ele>801.000</ele>
      </trkpt>
      <trkpt lat="42.865910000" lon="-2.022430000">
        <ele>801.000</ele>
      </trkpt>
      <trkpt lat="42.865890000" lon="-2.022300000">
        <ele>801.000</ele>
      </trkpt>
      <trkpt lat="42.865870000" lon="-2.022190000">
        <ele>800.000</ele>
      </trkpt>
      <trkpt lat="42.865850000" lon="-2.022030000">
        <ele>800.000</ele>
      </trkpt>
      <trkpt lat="42.865850000" lon="-2.021940000">
        <ele>800.000</ele>
      </trkpt>
      <trkpt lat="42.865840000" lon="-2.021810000">
        <ele>799.000</ele>
      </trkpt>
      <trkpt lat="42.865830000" lon="-2.021710000">
        <ele>799.000</ele>
      </trkpt>
      <trkpt lat="42.865830000" lon="-2.021630000">
        <ele>799.000</ele>
      </trkpt>
      <trkpt lat="42.865830000" lon="-2.021550000">
        <ele>798.000</ele>
      </trkpt>
      <trkpt lat="42.865830000" lon="-2.021450000">
        <ele>798.000</ele>
      </trkpt>
      <trkpt lat="42.865830000" lon="-2.021360000">
        <ele>798.000</ele>
      </trkpt>
      <trkpt lat="42.865830000" lon="-2.021330000">
        <ele>798.000</ele>
      </trkpt>
      <trkpt lat="42.865840000" lon="-2.021140000">
        <ele>797.000</ele>
      </trkpt>
      <trkpt lat="42.865850000" lon="-2.021060000">
        <ele>797.000</ele>
      </trkpt>
      <trkpt lat="42.865850000" lon="-2.020990000">
        <ele>797.000</ele>
      </trkpt>
      <trkpt lat="42.865850000" lon="-2.020860000">
        <ele>797.000</ele>
      </trkpt>
      <trkpt lat="42.865850000" lon="-2.020840000">
        <ele>796.000</ele>
      </trkpt>
      <trkpt lat="42.865850000" lon="-2.020770000">
        <ele>796.000</ele>
      </trkpt>
      <trkpt lat="42.865850000" lon="-2.020690000">
        <ele>796.000</ele>
      </trkpt>
      <trkpt lat="42.865840000" lon="-2.020500000">
        <ele>796.000</ele>
      </trkpt>
      <trkpt lat="42.865830000" lon="-2.020340000">
        <ele>795.000</ele>
      </trkpt>
      <trkpt lat="42.865820000" lon="-2.020190000">
        <ele>795.000</ele>
      </trkpt>
      <trkpt lat="42.865820000" lon="-2.020100000">
        <ele>795.000</ele>
      </trkpt>
      <trkpt lat="42.865820000" lon="-2.019960000">
        <ele>794.000</ele>
      </trkpt>
      <trkpt lat="42.865810000" lon="-2.019890000">
        <ele>794.000</ele>
      </trkpt>
      <trkpt lat="42.865810000" lon="-2.019770000">
        <ele>794.000</ele>
      </trkpt>
      <trkpt lat="42.865820000" lon="-2.019680000">
        <ele>793.000</ele>
      </trkpt>
      <trkpt lat="42.865820000" lon="-2.019600000">
        <ele>793.000</ele>
      </trkpt>
      <trkpt lat="42.865830000" lon="-2.019540000">
        <ele>793.000</ele>
      </trkpt>
      <trkpt lat="42.865840000" lon="-2.019460000">
        <ele>793.000</ele>
      </trkpt>
      <trkpt lat="42.865850000" lon="-2.019400000">
        <ele>792.000</ele>
      </trkpt>
      <trkpt lat="42.865860000" lon="-2.019350000">
        <ele>792.000</ele>
      </trkpt>
      <trkpt lat="42.865880000" lon="-2.019280000">
        <ele>792.000</ele>
      </trkpt>
      <trkpt lat="42.865910000" lon="-2.019200000">
        <ele>792.000</ele>
      </trkpt>
      <trkpt lat="42.865940000" lon="-2.019120000">
        <ele>792.000</ele>
      </trkpt>
      <trkpt lat="42.866000000" lon="-2.018970000">
        <ele>791.000</ele>
      </trkpt>
      <trkpt lat="42.866030000" lon="-2.018920000">
        <ele>791.000</ele>
      </trkpt>
      <trkpt lat="42.866050000" lon="-2.018870000">
        <ele>791.000</ele>
      </trkpt>
      <trkpt lat="42.866090000" lon="-2.018810000">
        <ele>791.000</ele>
      </trkpt>
      <trkpt lat="42.866110000" lon="-2.018760000">
        <ele>791.000</ele>
      </trkpt>
      <trkpt lat="42.866150000" lon="-2.018690000">
        <ele>790.000</ele>
      </trkpt>
      <trkpt lat="42.866180000" lon="-2.018620000">
        <ele>790.000</ele>
      </trkpt>
      <trkpt lat="42.866200000" lon="-2.018560000">
        <ele>790.000</ele>
      </trkpt>
      <trkpt lat="42.866210000" lon="-2.018520000">
        <ele>790.000</ele>
      </trkpt>
      <trkpt lat="42.866220000" lon="-2.018490000">
        <ele>790.000</ele>
      </trkpt>
      <trkpt lat="42.866240000" lon="-2.018410000">
        <ele>790.000</ele>
      </trkpt>
      <trkpt lat="42.866250000" lon="-2.018340000">
        <ele>789.000</ele>
      </trkpt>
      <trkpt lat="42.866250000" lon="-2.018260000">
        <ele>789.000</ele>
      </trkpt>
      <trkpt lat="42.866250000" lon="-2.018200000">
        <ele>789.000</ele>
      </trkpt>
      <trkpt lat="42.866250000" lon="-2.018160000">
        <ele>789.000</ele>
      </trkpt>
      <trkpt lat="42.866240000" lon="-2.018120000">
        <ele>789.000</ele>
      </trkpt>
      <trkpt lat="42.866240000" lon="-2.018110000">
        <ele>789.000</ele>
      </trkpt>
      <trkpt lat="42.866240000" lon="-2.018080000">
        <ele>789.000</ele>
      </trkpt>
      <trkpt lat="42.866230000" lon="-2.018050000">
        <ele>789.000</ele>
      </trkpt>
      <trkpt lat="42.866210000" lon="-2.017990000">
        <ele>789.000</ele>
      </trkpt>
      <trkpt lat="42.866180000" lon="-2.017870000">
        <ele>788.000</ele>
      </trkpt>
      <trkpt lat="42.866160000" lon="-2.017810000">
        <ele>788.000</ele>
      </trkpt>
      <trkpt lat="42.866140000" lon="-2.017750000">
        <ele>788.000</ele>
      </trkpt>
      <trkpt lat="42.866130000" lon="-2.017690000">
        <ele>788.000</ele>
      </trkpt>
      <trkpt lat="42.866120000" lon="-2.017650000">
        <ele>788.000</ele>
      </trkpt>
      <trkpt lat="42.866120000" lon="-2.017630000">
        <ele>787.000</ele>
      </trkpt>
      <trkpt lat="42.866120000" lon="-2.017560000">
        <ele>787.000</ele>
      </trkpt>
      <trkpt lat="42.866120000" lon="-2.017520000">
        <ele>787.000</ele>
      </trkpt>
      <trkpt lat="42.866120000" lon="-2.017480000">
        <ele>787.000</ele>
      </trkpt>
      <trkpt lat="42.866130000" lon="-2.017420000">
        <ele>786.000</ele>
      </trkpt>
      <trkpt lat="42.866140000" lon="-2.017390000">
        <ele>786.000</ele>
      </trkpt>
      <trkpt lat="42.866150000" lon="-2.017330000">
        <ele>786.000</ele>
      </trkpt>
      <trkpt lat="42.866170000" lon="-2.017280000">
        <ele>785.000</ele>
      </trkpt>
      <trkpt lat="42.866190000" lon="-2.017230000">
        <ele>785.000</ele>
      </trkpt>
      <trkpt lat="42.866200000" lon="-2.017210000">
        <ele>785.000</ele>
      </trkpt>
      <trkpt lat="42.866220000" lon="-2.017170000">
        <ele>785.000</ele>
      </trkpt>
      <trkpt lat="42.866240000" lon="-2.017150000">
        <ele>784.000</ele>
      </trkpt>
      <trkpt lat="42.866240000" lon="-2.017140000">
        <ele>784.000</ele>
      </trkpt>
      <trkpt lat="42.866280000" lon="-2.017100000">
        <ele>784.000</ele>
      </trkpt>
      <trkpt lat="42.866370000" lon="-2.017010000">
        <ele>783.000</ele>
      </trkpt>
      <trkpt lat="42.866460000" lon="-2.016930000">
        <ele>783.000</ele>
      </trkpt>
      <trkpt lat="42.866490000" lon="-2.016890000">
        <ele>782.000</ele>
      </trkpt>
      <trkpt lat="42.866530000" lon="-2.016850000">
        <ele>782.000</ele>
      </trkpt>
      <trkpt lat="42.866550000" lon="-2.016830000">
        <ele>781.000</ele>
      </trkpt>
      <trkpt lat="42.866580000" lon="-2.016780000">
        <ele>781.000</ele>
      </trkpt>
      <trkpt lat="42.866620000" lon="-2.016720000">
        <ele>780.000</ele>
      </trkpt>
      <trkpt lat="42.866660000" lon="-2.016670000">
        <ele>780.000</ele>
      </trkpt>
      <trkpt lat="42.866690000" lon="-2.016620000">
        <ele>779.000</ele>
      </trkpt>
      <trkpt lat="42.866730000" lon="-2.016570000">
        <ele>779.000</ele>
      </trkpt>
      <trkpt lat="42.866760000" lon="-2.016540000">
        <ele>779.000</ele>
      </trkpt>
      <trkpt lat="42.866780000" lon="-2.016530000">
        <ele>778.000</ele>
      </trkpt>
      <trkpt lat="42.866800000" lon="-2.016520000">
        <ele>778.000</ele>
      </trkpt>
      <trkpt lat="42.866820000" lon="-2.016510000">
        <ele>778.000</ele>
      </trkpt>
      <trkpt lat="42.866850000" lon="-2.016510000">
        <ele>777.000</ele>
      </trkpt>
      <trkpt lat="42.866870000" lon="-2.016520000">
        <ele>777.000</ele>
      </trkpt>
      <trkpt lat="42.866890000" lon="-2.016530000">
        <ele>777.000</ele>
      </trkpt>
      <trkpt lat="42.866900000" lon="-2.016540000">
        <ele>777.000</ele>
      </trkpt>
      <trkpt lat="42.866910000" lon="-2.016550000">
        <ele>777.000</ele>
      </trkpt>
      <trkpt lat="42.866920000" lon="-2.016570000">
        <ele>776.000</ele>
      </trkpt>
      <trkpt lat="42.866920000" lon="-2.016600000">
        <ele>776.000</ele>
      </trkpt>
      <trkpt lat="42.866920000" lon="-2.016630000">
        <ele>776.000</ele>
      </trkpt>
      <trkpt lat="42.866920000" lon="-2.016670000">
        <ele>776.000</ele>
      </trkpt>
      <trkpt lat="42.866920000" lon="-2.016690000">
        <ele>776.000</ele>
      </trkpt>
      <trkpt lat="42.866900000" lon="-2.016730000">
        <ele>776.000</ele>
      </trkpt>
      <trkpt lat="42.866880000" lon="-2.016760000">
        <ele>775.000</ele>
      </trkpt>
      <trkpt lat="42.866860000" lon="-2.016800000">
        <ele>775.000</ele>
      </trkpt>
      <trkpt lat="42.866820000" lon="-2.016840000">
        <ele>775.000</ele>
      </trkpt>
      <trkpt lat="42.866770000" lon="-2.016900000">
        <ele>774.000</ele>
      </trkpt>
      <trkpt lat="42.866730000" lon="-2.016940000">
        <ele>774.000</ele>
      </trkpt>
      <trkpt lat="42.866640000" lon="-2.017030000">
        <ele>773.000</ele>
      </trkpt>
      <trkpt lat="42.866580000" lon="-2.017080000">
        <ele>773.000</ele>
      </trkpt>
      <trkpt lat="42.866550000" lon="-2.017120000">
        <ele>772.000</ele>
      </trkpt>
      <trkpt lat="42.866520000" lon="-2.017150000">
        <ele>772.000</ele>
      </trkpt>
      <trkpt lat="42.866480000" lon="-2.017200000">
        <ele>772.000</ele>
      </trkpt>
      <trkpt lat="42.866450000" lon="-2.017250000">
        <ele>771.000</ele>
      </trkpt>
      <trkpt lat="42.866420000" lon="-2.017320000">
        <ele>771.000</ele>
      </trkpt>
      <trkpt lat="42.866410000" lon="-2.017370000">
        <ele>771.000</ele>
      </trkpt>
      <trkpt lat="42.866400000" lon="-2.017420000">
        <ele>771.000</ele>
      </trkpt>
      <trkpt lat="42.866390000" lon="-2.017450000">
        <ele>771.000</ele>
      </trkpt>
      <trkpt lat="42.866390000" lon="-2.017490000">
        <ele>770.000</ele>
      </trkpt>
      <trkpt lat="42.866390000" lon="-2.017520000">
        <ele>770.000</ele>
      </trkpt>
      <trkpt lat="42.866390000" lon="-2.017570000">
        <ele>770.000</ele>
      </trkpt>
      <trkpt lat="42.866390000" lon="-2.017610000">
        <ele>770.000</ele>
      </trkpt>
      <trkpt lat="42.866410000" lon="-2.017670000">
        <ele>770.000</ele>
      </trkpt>
      <trkpt lat="42.866420000" lon="-2.017720000">
        <ele>770.000</ele>
      </trkpt>
      <trkpt lat="42.866440000" lon="-2.017770000">
        <ele>770.000</ele>
      </trkpt>
      <trkpt lat="42.866470000" lon="-2.017830000">
        <ele>769.000</ele>
      </trkpt>
      <trkpt lat="42.866510000" lon="-2.017900000">
        <ele>769.000</ele>
      </trkpt>
      <trkpt lat="42.866580000" lon="-2.018000000">
        <ele>769.000</ele>
      </trkpt>
      <trkpt lat="42.866640000" lon="-2.018090000">
        <ele>769.000</ele>
      </trkpt>
      <trkpt lat="42.866670000" lon="-2.018150000">
        <ele>768.000</ele>
      </trkpt>
      <trkpt lat="42.866700000" lon="-2.018210000">
        <ele>768.000</ele>
      </trkpt>
      <trkpt lat="42.866710000" lon="-2.018250000">
        <ele>768.000</ele>
      </trkpt>
      <trkpt lat="42.866730000" lon="-2.018280000">
        <ele>768.000</ele>
      </trkpt>
      <trkpt lat="42.866730000" lon="-2.018310000">
        <ele>768.000</ele>
      </trkpt>
      <trkpt lat="42.866740000" lon="-2.018340000">
        <ele>768.000</ele>
      </trkpt>
      <trkpt lat="42.866740000" lon="-2.018380000">
        <ele>767.000</ele>
      </trkpt>
      <trkpt lat="42.866750000" lon="-2.018410000">
        <ele>767.000</ele>
      </trkpt>
      <trkpt lat="42.866750000" lon="-2.018470000">
        <ele>767.000</ele>
      </trkpt>
      <trkpt lat="42.866750000" lon="-2.018510000">
        <ele>767.000</ele>
      </trkpt>
      <trkpt lat="42.866750000" lon="-2.018620000">
        <ele>767.000</ele>
      </trkpt>
      <trkpt lat="42.866740000" lon="-2.018720000">
        <ele>767.000</ele>
      </trkpt>
      <trkpt lat="42.866730000" lon="-2.018850000">
        <ele>766.000</ele>
      </trkpt>
      <trkpt lat="42.866730000" lon="-2.018890000">
        <ele>766.000</ele>
      </trkpt>
      <trkpt lat="42.866730000" lon="-2.018940000">
        <ele>766.000</ele>
      </trkpt>
      <trkpt lat="42.866730000" lon="-2.018990000">
        <ele>766.000</ele>
      </trkpt>
      <trkpt lat="42.866740000" lon="-2.019020000">
        <ele>766.000</ele>
      </trkpt>
      <trkpt lat="42.866750000" lon="-2.019080000">
        <ele>765.000</ele>
      </trkpt>
      <trkpt lat="42.866760000" lon="-2.019110000">
        <ele>765.000</ele>
      </trkpt>
      <trkpt lat="42.866770000" lon="-2.019150000">
        <ele>765.000</ele>
      </trkpt>
      <trkpt lat="42.866780000" lon="-2.019180000">
        <ele>765.000</ele>
      </trkpt>
      <trkpt lat="42.866800000" lon="-2.019210000">
        <ele>765.000</ele>
      </trkpt>
      <trkpt lat="42.866830000" lon="-2.019280000">
        <ele>765.000</ele>
      </trkpt>
      <trkpt lat="42.866850000" lon="-2.019310000">
        <ele>765.000</ele>
      </trkpt>
      <trkpt lat="42.866870000" lon="-2.019340000">
        <ele>764.000</ele>
      </trkpt>
      <trkpt lat="42.866910000" lon="-2.019390000">
        <ele>764.000</ele>
      </trkpt>
      <trkpt lat="42.866970000" lon="-2.019480000">
        <ele>764.000</ele>
      </trkpt>
      <trkpt lat="42.866980000" lon="-2.019480000">
        <ele>763.000</ele>
      </trkpt>
      <trkpt lat="42.867030000" lon="-2.019540000">
        <ele>763.000</ele>
      </trkpt>
      <trkpt lat="42.867060000" lon="-2.019580000">
        <ele>763.000</ele>
      </trkpt>
      <trkpt lat="42.867090000" lon="-2.019620000">
        <ele>762.000</ele>
      </trkpt>
      <trkpt lat="42.867100000" lon="-2.019640000">
        <ele>762.000</ele>
      </trkpt>
      <trkpt lat="42.867120000" lon="-2.019670000">
        <ele>762.000</ele>
      </trkpt>
      <trkpt lat="42.867130000" lon="-2.019700000">
        <ele>762.000</ele>
      </trkpt>
      <trkpt lat="42.867140000" lon="-2.019740000">
        <ele>761.000</ele>
      </trkpt>
      <trkpt lat="42.867160000" lon="-2.019810000">
        <ele>761.000</ele>
      </trkpt>
      <trkpt lat="42.867170000" lon="-2.019880000">
        <ele>761.000</ele>
      </trkpt>
      <trkpt lat="42.867170000" lon="-2.019940000">
        <ele>760.000</ele>
      </trkpt>
      <trkpt lat="42.867180000" lon="-2.020030000">
        <ele>760.000</ele>
      </trkpt>
      <trkpt lat="42.867180000" lon="-2.020100000">
        <ele>760.000</ele>
      </trkpt>
      <trkpt lat="42.867180000" lon="-2.020250000">
        <ele>759.000</ele>
      </trkpt>
      <trkpt lat="42.867190000" lon="-2.020320000">
        <ele>759.000</ele>
      </trkpt>
      <trkpt lat="42.867190000" lon="-2.020390000">
        <ele>758.000</ele>
      </trkpt>
      <trkpt lat="42.867210000" lon="-2.020470000">
        <ele>758.000</ele>
      </trkpt>
      <trkpt lat="42.867220000" lon="-2.020530000">
        <ele>757.000</ele>
      </trkpt>
      <trkpt lat="42.867240000" lon="-2.020600000">
        <ele>757.000</ele>
      </trkpt>
      <trkpt lat="42.867250000" lon="-2.020660000">
        <ele>756.000</ele>
      </trkpt>
      <trkpt lat="42.867270000" lon="-2.020750000">
        <ele>756.000</ele>
      </trkpt>
      <trkpt lat="42.867290000" lon="-2.020870000">
        <ele>755.000</ele>
      </trkpt>
      <trkpt lat="42.867300000" lon="-2.020960000">
        <ele>755.000</ele>
      </trkpt>
      <trkpt lat="42.867320000" lon="-2.021080000">
        <ele>754.000</ele>
      </trkpt>
      <trkpt lat="42.867320000" lon="-2.021180000">
        <ele>754.000</ele>
      </trkpt>
      <trkpt lat="42.867320000" lon="-2.021240000">
        <ele>753.000</ele>
      </trkpt>
      <trkpt lat="42.867310000" lon="-2.021310000">
        <ele>753.000</ele>
      </trkpt>
      <trkpt lat="42.867290000" lon="-2.021390000">
        <ele>752.000</ele>
      </trkpt>
      <trkpt lat="42.867270000" lon="-2.021460000">
        <ele>752.000</ele>
      </trkpt>
      <trkpt lat="42.867260000" lon="-2.021530000">
        <ele>751.000</ele>
      </trkpt>
      <trkpt lat="42.867250000" lon="-2.021570000">
        <ele>751.000</ele>
      </trkpt>
      <trkpt lat="42.867240000" lon="-2.021570000">
        <ele>751.000</ele>
      </trkpt>
      <trkpt lat="42.867230000" lon="-2.021630000">
        <ele>751.000</ele>
      </trkpt>
      <trkpt lat="42.867220000" lon="-2.021710000">
        <ele>750.000</ele>
      </trkpt>
      <trkpt lat="42.867220000" lon="-2.021750000">
        <ele>750.000</ele>
      </trkpt>
      <trkpt lat="42.867220000" lon="-2.021790000">
        <ele>750.000</ele>
      </trkpt>
      <trkpt lat="42.867220000" lon="-2.021830000">
        <ele>750.000</ele>
      </trkpt>
      <trkpt lat="42.867230000" lon="-2.021860000">
        <ele>749.000</ele>
      </trkpt>
      <trkpt lat="42.867240000" lon="-2.021880000">
        <ele>749.000</ele>
      </trkpt>
      <trkpt lat="42.867250000" lon="-2.021900000">
        <ele>749.000</ele>
      </trkpt>
      <trkpt lat="42.867260000" lon="-2.021920000">
        <ele>749.000</ele>
      </trkpt>
      <trkpt lat="42.867290000" lon="-2.021970000">
        <ele>749.000</ele>
      </trkpt>
      <trkpt lat="42.867320000" lon="-2.022010000">
        <ele>748.000</ele>
      </trkpt>
      <trkpt lat="42.867360000" lon="-2.022040000">
        <ele>748.000</ele>
      </trkpt>
      <trkpt lat="42.867390000" lon="-2.022070000">
        <ele>748.000</ele>
      </trkpt>
      <trkpt lat="42.867480000" lon="-2.022140000">
        <ele>748.000</ele>
      </trkpt>
      <trkpt lat="42.867520000" lon="-2.022170000">
        <ele>747.000</ele>
      </trkpt>
      <trkpt lat="42.867620000" lon="-2.022240000">
        <ele>747.000</ele>
      </trkpt>
      <trkpt lat="42.867750000" lon="-2.022330000">
        <ele>746.000</ele>
      </trkpt>
      <trkpt lat="42.867800000" lon="-2.022370000">
        <ele>746.000</ele>
      </trkpt>
      <trkpt lat="42.867850000" lon="-2.022390000">
        <ele>745.000</ele>
      </trkpt>
      <trkpt lat="42.867890000" lon="-2.022430000">
        <ele>745.000</ele>
      </trkpt>
      <trkpt lat="42.867950000" lon="-2.022470000">
        <ele>744.000</ele>
      </trkpt>
      <trkpt lat="42.868040000" lon="-2.022540000">
        <ele>744.000</ele>
      </trkpt>
      <trkpt lat="42.868130000" lon="-2.022610000">
        <ele>743.000</ele>
      </trkpt>
      <trkpt lat="42.868140000" lon="-2.022610000">
        <ele>743.000</ele>
      </trkpt>
      <trkpt lat="42.868180000" lon="-2.022660000">
        <ele>743.000</ele>
      </trkpt>
      <trkpt lat="42.868200000" lon="-2.022700000">
        <ele>742.000</ele>
      </trkpt>
      <trkpt lat="42.868220000" lon="-2.022730000">
        <ele>742.000</ele>
      </trkpt>
      <trkpt lat="42.868230000" lon="-2.022760000">
        <ele>742.000</ele>
      </trkpt>
      <trkpt lat="42.868240000" lon="-2.022790000">
        <ele>742.000</ele>
      </trkpt>
      <trkpt lat="42.868250000" lon="-2.022830000">
        <ele>742.000</ele>
      </trkpt>
      <trkpt lat="42.868260000" lon="-2.022850000">
        <ele>741.000</ele>
      </trkpt>
      <trkpt lat="42.868260000" lon="-2.022880000">
        <ele>741.000</ele>
      </trkpt>
      <trkpt lat="42.868260000" lon="-2.022900000">
        <ele>741.000</ele>
      </trkpt>
      <trkpt lat="42.868260000" lon="-2.022930000">
        <ele>741.000</ele>
      </trkpt>
      <trkpt lat="42.868250000" lon="-2.022980000">
        <ele>741.000</ele>
      </trkpt>
      <trkpt lat="42.868250000" lon="-2.023000000">
        <ele>741.000</ele>
      </trkpt>
      <trkpt lat="42.868230000" lon="-2.023050000">
        <ele>740.000</ele>
      </trkpt>
      <trkpt lat="42.868210000" lon="-2.023110000">
        <ele>740.000</ele>
      </trkpt>
      <trkpt lat="42.868180000" lon="-2.023160000">
        <ele>740.000</ele>
      </trkpt>
      <trkpt lat="42.868140000" lon="-2.023210000">
        <ele>740.000</ele>
      </trkpt>
      <trkpt lat="42.868090000" lon="-2.023270000">
        <ele>740.000</ele>
      </trkpt>
      <trkpt lat="42.868080000" lon="-2.023290000">
        <ele>739.000</ele>
      </trkpt>
      <trkpt lat="42.868060000" lon="-2.023310000">
        <ele>739.000</ele>
      </trkpt>
      <trkpt lat="42.867950000" lon="-2.023470000">
        <ele>739.000</ele>
      </trkpt>
      <trkpt lat="42.867900000" lon="-2.023530000">
        <ele>739.000</ele>
      </trkpt>
      <trkpt lat="42.867840000" lon="-2.023630000">
        <ele>739.000</ele>
      </trkpt>
      <trkpt lat="42.867810000" lon="-2.023690000">
        <ele>738.000</ele>
      </trkpt>
      <trkpt lat="42.867800000" lon="-2.023710000">
        <ele>738.000</ele>
      </trkpt>
      <trkpt lat="42.867780000" lon="-2.023740000">
        <ele>738.000</ele>
      </trkpt>
      <trkpt lat="42.867760000" lon="-2.023790000">
        <ele>738.000</ele>
      </trkpt>
      <trkpt lat="42.867720000" lon="-2.023870000">
        <ele>738.000</ele>
      </trkpt>
      <trkpt lat="42.867700000" lon="-2.023930000">
        <ele>738.000</ele>
      </trkpt>
      <trkpt lat="42.867670000" lon="-2.024010000">
        <ele>738.000</ele>
      </trkpt>
      <trkpt lat="42.867650000" lon="-2.024060000">
        <ele>737.000</ele>
      </trkpt>
      <trkpt lat="42.867630000" lon="-2.024140000">
        <ele>737.000</ele>
      </trkpt>
      <trkpt lat="42.867620000" lon="-2.024190000">
        <ele>737.000</ele>
      </trkpt>
      <trkpt lat="42.867620000" lon="-2.024200000">
        <ele>737.000</ele>
      </trkpt>
      <trkpt lat="42.867610000" lon="-2.024270000">
        <ele>737.000</ele>
      </trkpt>
      <trkpt lat="42.867600000" lon="-2.024350000">
        <ele>737.000</ele>
      </trkpt>
      <trkpt lat="42.867590000" lon="-2.024420000">
        <ele>737.000</ele>
      </trkpt>
      <trkpt lat="42.867590000" lon="-2.024490000">
        <ele>737.000</ele>
      </trkpt>
      <trkpt lat="42.867580000" lon="-2.024570000">
        <ele>736.000</ele>
      </trkpt>
      <trkpt lat="42.867580000" lon="-2.024680000">
        <ele>736.000</ele>
      </trkpt>
      <trkpt lat="42.867580000" lon="-2.024690000">
        <ele>736.000</ele>
      </trkpt>
      <trkpt lat="42.867580000" lon="-2.024800000">
        <ele>736.000</ele>
      </trkpt>
      <trkpt lat="42.867590000" lon="-2.024860000">
        <ele>736.000</ele>
      </trkpt>
      <trkpt lat="42.867600000" lon="-2.025040000">
        <ele>736.000</ele>
      </trkpt>
      <trkpt lat="42.867610000" lon="-2.025120000">
        <ele>736.000</ele>
      </trkpt>
      <trkpt lat="42.867620000" lon="-2.025210000">
        <ele>735.000</ele>
      </trkpt>
      <trkpt lat="42.867630000" lon="-2.025290000">
        <ele>735.000</ele>
      </trkpt>
      <trkpt lat="42.867660000" lon="-2.025430000">
        <ele>735.000</ele>
      </trkpt>
      <trkpt lat="42.867680000" lon="-2.025500000">
        <ele>735.000</ele>
      </trkpt>
      <trkpt lat="42.867700000" lon="-2.025560000">
        <ele>734.000</ele>
      </trkpt>
      <trkpt lat="42.867720000" lon="-2.025620000">
        <ele>734.000</ele>
      </trkpt>
      <trkpt lat="42.867750000" lon="-2.025690000">
        <ele>734.000</ele>
      </trkpt>
      <trkpt lat="42.867760000" lon="-2.025700000">
        <ele>733.000</ele>
      </trkpt>
      <trkpt lat="42.867780000" lon="-2.025760000">
        <ele>733.000</ele>
      </trkpt>
      <trkpt lat="42.867790000" lon="-2.025770000">
        <ele>733.000</ele>
      </trkpt>
      <trkpt lat="42.867810000" lon="-2.025800000">
        <ele>733.000</ele>
      </trkpt>
      <trkpt lat="42.867830000" lon="-2.025830000">
        <ele>732.000</ele>
      </trkpt>
      <trkpt lat="42.867860000" lon="-2.025850000">
        <ele>732.000</ele>
      </trkpt>
      <trkpt lat="42.867880000" lon="-2.025870000">
        <ele>732.000</ele>
      </trkpt>
      <trkpt lat="42.867900000" lon="-2.025890000">
        <ele>732.000</ele>
      </trkpt>
      <trkpt lat="42.868050000" lon="-2.025970000">
        <ele>731.000</ele>
      </trkpt>
      <trkpt lat="42.868110000" lon="-2.026000000">
        <ele>731.000</ele>
      </trkpt>
      <trkpt lat="42.868140000" lon="-2.026020000">
        <ele>730.000</ele>
      </trkpt>
      <trkpt lat="42.868160000" lon="-2.026040000">
        <ele>730.000</ele>
      </trkpt>
      <trkpt lat="42.868200000" lon="-2.026070000">
        <ele>730.000</ele>
      </trkpt>
      <trkpt lat="42.868220000" lon="-2.026090000">
        <ele>729.000</ele>
      </trkpt>
      <trkpt lat="42.868250000" lon="-2.026120000">
        <ele>729.000</ele>
      </trkpt>
      <trkpt lat="42.868280000" lon="-2.026170000">
        <ele>729.000</ele>
      </trkpt>
      <trkpt lat="42.868300000" lon="-2.026220000">
        <ele>729.000</ele>
      </trkpt>
      <trkpt lat="42.868320000" lon="-2.026250000">
        <ele>728.000</ele>
      </trkpt>
      <trkpt lat="42.868330000" lon="-2.026290000">
        <ele>728.000</ele>
      </trkpt>
      <trkpt lat="42.868350000" lon="-2.026350000">
        <ele>728.000</ele>
      </trkpt>
      <trkpt lat="42.868370000" lon="-2.026410000">
        <ele>727.000</ele>
      </trkpt>
      <trkpt lat="42.868380000" lon="-2.026490000">
        <ele>727.000</ele>
      </trkpt>
      <trkpt lat="42.868390000" lon="-2.026550000">
        <ele>727.000</ele>
      </trkpt>
      <trkpt lat="42.868400000" lon="-2.026630000">
        <ele>726.000</ele>
      </trkpt>
      <trkpt lat="42.868410000" lon="-2.026720000">
        <ele>726.000</ele>
      </trkpt>
      <trkpt lat="42.868410000" lon="-2.026780000">
        <ele>726.000</ele>
      </trkpt>
      <trkpt lat="42.868400000" lon="-2.026870000">
        <ele>725.000</ele>
      </trkpt>
      <trkpt lat="42.868390000" lon="-2.026980000">
        <ele>725.000</ele>
      </trkpt>
      <trkpt lat="42.868390000" lon="-2.027090000">
        <ele>724.000</ele>
      </trkpt>
      <trkpt lat="42.868380000" lon="-2.027150000">
        <ele>724.000</ele>
      </trkpt>
      <trkpt lat="42.868380000" lon="-2.027180000">
        <ele>723.000</ele>
      </trkpt>
      <trkpt lat="42.868390000" lon="-2.027220000">
        <ele>723.000</ele>
      </trkpt>
      <trkpt lat="42.868390000" lon="-2.027250000">
        <ele>723.000</ele>
      </trkpt>
      <trkpt lat="42.868390000" lon="-2.027280000">
        <ele>723.000</ele>
      </trkpt>
      <trkpt lat="42.868400000" lon="-2.027320000">
        <ele>722.000</ele>
      </trkpt>
      <trkpt lat="42.868410000" lon="-2.027350000">
        <ele>722.000</ele>
      </trkpt>
      <trkpt lat="42.868420000" lon="-2.027380000">
        <ele>722.000</ele>
      </trkpt>
      <trkpt lat="42.868420000" lon="-2.027410000">
        <ele>722.000</ele>
      </trkpt>
      <trkpt lat="42.868430000" lon="-2.027440000">
        <ele>722.000</ele>
      </trkpt>
      <trkpt lat="42.868460000" lon="-2.027500000">
        <ele>721.000</ele>
      </trkpt>
      <trkpt lat="42.868480000" lon="-2.027550000">
        <ele>721.000</ele>
      </trkpt>
      <trkpt lat="42.868500000" lon="-2.027580000">
        <ele>721.000</ele>
      </trkpt>
      <trkpt lat="42.868520000" lon="-2.027610000">
        <ele>721.000</ele>
      </trkpt>
      <trkpt lat="42.868550000" lon="-2.027660000">
        <ele>720.000</ele>
      </trkpt>
      <trkpt lat="42.868590000" lon="-2.027720000">
        <ele>720.000</ele>
      </trkpt>
      <trkpt lat="42.868620000" lon="-2.027750000">
        <ele>720.000</ele>
      </trkpt>
      <trkpt lat="42.868630000" lon="-2.027760000">
        <ele>720.000</ele>
      </trkpt>
      <trkpt lat="42.868680000" lon="-2.027820000">
        <ele>719.000</ele>
      </trkpt>
      <trkpt lat="42.868760000" lon="-2.027900000">
        <ele>719.000</ele>
      </trkpt>
      <trkpt lat="42.868840000" lon="-2.027990000">
        <ele>718.000</ele>
      </trkpt>
      <trkpt lat="42.868880000" lon="-2.028040000">
        <ele>718.000</ele>
      </trkpt>
      <trkpt lat="42.868920000" lon="-2.028090000">
        <ele>717.000</ele>
      </trkpt>
      <trkpt lat="42.868960000" lon="-2.028150000">
        <ele>717.000</ele>
      </trkpt>
      <trkpt lat="42.868980000" lon="-2.028170000">
        <ele>717.000</ele>
      </trkpt>
      <trkpt lat="42.869000000" lon="-2.028190000">
        <ele>716.000</ele>
      </trkpt>
      <trkpt lat="42.869020000" lon="-2.028220000">
        <ele>716.000</ele>
      </trkpt>
      <trkpt lat="42.869040000" lon="-2.028250000">
        <ele>716.000</ele>
      </trkpt>
      <trkpt lat="42.869070000" lon="-2.028300000">
        <ele>716.000</ele>
      </trkpt>
      <trkpt lat="42.869110000" lon="-2.028370000">
        <ele>715.000</ele>
      </trkpt>
      <trkpt lat="42.869140000" lon="-2.028420000">
        <ele>715.000</ele>
      </trkpt>
      <trkpt lat="42.869140000" lon="-2.028430000">
        <ele>715.000</ele>
      </trkpt>
      <trkpt lat="42.869160000" lon="-2.028480000">
        <ele>714.000</ele>
      </trkpt>
      <trkpt lat="42.869180000" lon="-2.028540000">
        <ele>714.000</ele>
      </trkpt>
      <trkpt lat="42.869210000" lon="-2.028600000">
        <ele>714.000</ele>
      </trkpt>
      <trkpt lat="42.869220000" lon="-2.028650000">
        <ele>714.000</ele>
      </trkpt>
      <trkpt lat="42.869230000" lon="-2.028710000">
        <ele>713.000</ele>
      </trkpt>
      <trkpt lat="42.869240000" lon="-2.028790000">
        <ele>713.000</ele>
      </trkpt>
      <trkpt lat="42.869260000" lon="-2.028880000">
        <ele>712.000</ele>
      </trkpt>
      <trkpt lat="42.869260000" lon="-2.028970000">
        <ele>712.000</ele>
      </trkpt>
      <trkpt lat="42.869270000" lon="-2.029080000">
        <ele>712.000</ele>
      </trkpt>
      <trkpt lat="42.869280000" lon="-2.029120000">
        <ele>711.000</ele>
      </trkpt>
      <trkpt lat="42.869280000" lon="-2.029190000">
        <ele>711.000</ele>
      </trkpt>
      <trkpt lat="42.869290000" lon="-2.029250000">
        <ele>711.000</ele>
      </trkpt>
      <trkpt lat="42.869310000" lon="-2.029320000">
        <ele>710.000</ele>
      </trkpt>
      <trkpt lat="42.869320000" lon="-2.029400000">
        <ele>710.000</ele>
      </trkpt>
      <trkpt lat="42.869350000" lon="-2.029490000">
        <ele>709.000</ele>
      </trkpt>
      <trkpt lat="42.869390000" lon="-2.029610000">
        <ele>709.000</ele>
      </trkpt>
      <trkpt lat="42.869450000" lon="-2.029780000">
        <ele>708.000</ele>
      </trkpt>
      <trkpt lat="42.869580000" lon="-2.030130000">
        <ele>707.000</ele>
      </trkpt>
      <trkpt lat="42.869620000" lon="-2.030240000">
        <ele>706.000</ele>
      </trkpt>
      <trkpt lat="42.869670000" lon="-2.030390000">
        <ele>705.000</ele>
      </trkpt>
      <trkpt lat="42.869740000" lon="-2.030590000">
        <ele>704.000</ele>
      </trkpt>
      <trkpt lat="42.869780000" lon="-2.030710000">
        <ele>703.000</ele>
      </trkpt>
      <trkpt lat="42.869800000" lon="-2.030780000">
        <ele>702.000</ele>
      </trkpt>
      <trkpt lat="42.869840000" lon="-2.030890000">
        <ele>701.000</ele>
      </trkpt>
      <trkpt lat="42.869860000" lon="-2.030990000">
        <ele>701.000</ele>
      </trkpt>
      <trkpt lat="42.869880000" lon="-2.031070000">
        <ele>700.000</ele>
      </trkpt>
      <trkpt lat="42.869930000" lon="-2.031340000">
        <ele>699.000</ele>
      </trkpt>
      <trkpt lat="42.869980000" lon="-2.031600000">
        <ele>698.000</ele>
      </trkpt>
      <trkpt lat="42.869980000" lon="-2.031610000">
        <ele>697.000</ele>
      </trkpt>
      <trkpt lat="42.870020000" lon="-2.031830000">
        <ele>696.000</ele>
      </trkpt>
      <trkpt lat="42.870040000" lon="-2.031910000">
        <ele>696.000</ele>
      </trkpt>
      <trkpt lat="42.870090000" lon="-2.032190000">
        <ele>695.000</ele>
      </trkpt>
      <trkpt lat="42.870150000" lon="-2.032550000">
        <ele>694.000</ele>
      </trkpt>
      <trkpt lat="42.870150000" lon="-2.032560000">
        <ele>693.000</ele>
      </trkpt>
      <trkpt lat="42.870180000" lon="-2.032650000">
        <ele>692.000</ele>
      </trkpt>
      <trkpt lat="42.870190000" lon="-2.032680000">
        <ele>692.000</ele>
      </trkpt>
      <trkpt lat="42.870210000" lon="-2.032710000">
        <ele>691.000</ele>
      </trkpt>
      <trkpt lat="42.870230000" lon="-2.032730000">
        <ele>691.000</ele>
      </trkpt>
      <trkpt lat="42.870250000" lon="-2.032750000">
        <ele>691.000</ele>
      </trkpt>
      <trkpt lat="42.870270000" lon="-2.032780000">
        <ele>690.000</ele>
      </trkpt>
      <trkpt lat="42.870300000" lon="-2.032790000">
        <ele>690.000</ele>
      </trkpt>
      <trkpt lat="42.870320000" lon="-2.032810000">
        <ele>690.000</ele>
      </trkpt>
      <trkpt lat="42.870370000" lon="-2.032830000">
        <ele>690.000</ele>
      </trkpt>
      <trkpt lat="42.870440000" lon="-2.032850000">
        <ele>689.000</ele>
      </trkpt>
      <trkpt lat="42.870500000" lon="-2.032870000">
        <ele>689.000</ele>
      </trkpt>
      <trkpt lat="42.870580000" lon="-2.032880000">
        <ele>689.000</ele>
      </trkpt>
      <trkpt lat="42.870650000" lon="-2.032910000">
        <ele>688.000</ele>
      </trkpt>
      <trkpt lat="42.870700000" lon="-2.032920000">
        <ele>688.000</ele>
      </trkpt>
      <trkpt lat="42.870760000" lon="-2.032940000">
        <ele>688.000</ele>
      </trkpt>
      <trkpt lat="42.870770000" lon="-2.032950000">
        <ele>687.000</ele>
      </trkpt>
      <trkpt lat="42.870790000" lon="-2.032960000">
        <ele>687.000</ele>
      </trkpt>
      <trkpt lat="42.870830000" lon="-2.032990000">
        <ele>687.000</ele>
      </trkpt>
      <trkpt lat="42.870850000" lon="-2.033010000">
        <ele>687.000</ele>
      </trkpt>
      <trkpt lat="42.870870000" lon="-2.033040000">
        <ele>686.000</ele>
      </trkpt>
      <trkpt lat="42.870890000" lon="-2.033070000">
        <ele>686.000</ele>
      </trkpt>
      <trkpt lat="42.870900000" lon="-2.033100000">
        <ele>686.000</ele>
      </trkpt>
      <trkpt lat="42.870910000" lon="-2.033120000">
        <ele>686.000</ele>
      </trkpt>
      <trkpt lat="42.870920000" lon="-2.033150000">
        <ele>686.000</ele>
      </trkpt>
      <trkpt lat="42.870920000" lon="-2.033170000">
        <ele>686.000</ele>
      </trkpt>
      <trkpt lat="42.870920000" lon="-2.033240000">
        <ele>685.000</ele>
      </trkpt>
      <trkpt lat="42.870910000" lon="-2.033300000">
        <ele>685.000</ele>
      </trkpt>
      <trkpt lat="42.870890000" lon="-2.033360000">
        <ele>685.000</ele>
      </trkpt>
      <trkpt lat="42.870860000" lon="-2.033430000">
        <ele>685.000</ele>
      </trkpt>
      <trkpt lat="42.870830000" lon="-2.033490000">
        <ele>684.000</ele>
      </trkpt>
      <trkpt lat="42.870800000" lon="-2.033550000">
        <ele>684.000</ele>
      </trkpt>
      <trkpt lat="42.870750000" lon="-2.033600000">
        <ele>684.000</ele>
      </trkpt>
      <trkpt lat="42.870720000" lon="-2.033640000">
        <ele>683.000</ele>
      </trkpt>
      <trkpt lat="42.870640000" lon="-2.033740000">
        <ele>683.000</ele>
      </trkpt>
      <trkpt lat="42.870550000" lon="-2.033820000">
        <ele>683.000</ele>
      </trkpt>
      <trkpt lat="42.870500000" lon="-2.033890000">
        <ele>682.000</ele>
      </trkpt>
      <trkpt lat="42.870460000" lon="-2.033950000">
        <ele>682.000</ele>
      </trkpt>
      <trkpt lat="42.870440000" lon="-2.033980000">
        <ele>681.000</ele>
      </trkpt>
      <trkpt lat="42.870430000" lon="-2.034010000">
        <ele>681.000</ele>
      </trkpt>
      <trkpt lat="42.870410000" lon="-2.034050000">
        <ele>681.000</ele>
      </trkpt>
      <trkpt lat="42.870400000" lon="-2.034100000">
        <ele>681.000</ele>
      </trkpt>
      <trkpt lat="42.870390000" lon="-2.034150000">
        <ele>680.000</ele>
      </trkpt>
      <trkpt lat="42.870390000" lon="-2.034220000">
        <ele>680.000</ele>
      </trkpt>
      <trkpt lat="42.870380000" lon="-2.034270000">
        <ele>680.000</ele>
      </trkpt>
      <trkpt lat="42.870390000" lon="-2.034330000">
        <ele>680.000</ele>
      </trkpt>
      <trkpt lat="42.870400000" lon="-2.034370000">
        <ele>679.000</ele>
      </trkpt>
      <trkpt lat="42.870400000" lon="-2.034380000">
        <ele>679.000</ele>
      </trkpt>
      <trkpt lat="42.870410000" lon="-2.034420000">
        <ele>679.000</ele>
      </trkpt>
      <trkpt lat="42.870430000" lon="-2.034480000">
        <ele>679.000</ele>
      </trkpt>
      <trkpt lat="42.870460000" lon="-2.034550000">
        <ele>678.000</ele>
      </trkpt>
      <trkpt lat="42.870480000" lon="-2.034610000">
        <ele>678.000</ele>
      </trkpt>
      <trkpt lat="42.870510000" lon="-2.034670000">
        <ele>678.000</ele>
      </trkpt>
      <trkpt lat="42.870540000" lon="-2.034720000">
        <ele>678.000</ele>
      </trkpt>
      <trkpt lat="42.870570000" lon="-2.034790000">
        <ele>677.000</ele>
      </trkpt>
      <trkpt lat="42.870610000" lon="-2.034840000">
        <ele>677.000</ele>
      </trkpt>
      <trkpt lat="42.870650000" lon="-2.034890000">
        <ele>677.000</ele>
      </trkpt>
      <trkpt lat="42.870680000" lon="-2.034950000">
        <ele>676.000</ele>
      </trkpt>
      <trkpt lat="42.870710000" lon="-2.034980000">
        <ele>676.000</ele>
      </trkpt>
      <trkpt lat="42.870760000" lon="-2.035040000">
        <ele>676.000</ele>
      </trkpt>
      <trkpt lat="42.870790000" lon="-2.035090000">
        <ele>675.000</ele>
      </trkpt>
      <trkpt lat="42.870830000" lon="-2.035160000">
        <ele>675.000</ele>
      </trkpt>
      <trkpt lat="42.870860000" lon="-2.035220000">
        <ele>675.000</ele>
      </trkpt>
      <trkpt lat="42.870870000" lon="-2.035260000">
        <ele>675.000</ele>
      </trkpt>
      <trkpt lat="42.870880000" lon="-2.035300000">
        <ele>674.000</ele>
      </trkpt>
      <trkpt lat="42.870890000" lon="-2.035330000">
        <ele>674.000</ele>
      </trkpt>
      <trkpt lat="42.870890000" lon="-2.035380000">
        <ele>674.000</ele>
      </trkpt>
      <trkpt lat="42.870900000" lon="-2.035430000">
        <ele>674.000</ele>
      </trkpt>
      <trkpt lat="42.870910000" lon="-2.035580000">
        <ele>673.000</ele>
      </trkpt>
      <trkpt lat="42.870920000" lon="-2.035620000">
        <ele>673.000</ele>
      </trkpt>
      <trkpt lat="42.870930000" lon="-2.035660000">
        <ele>673.000</ele>
      </trkpt>
      <trkpt lat="42.870940000" lon="-2.035690000">
        <ele>672.000</ele>
      </trkpt>
      <trkpt lat="42.870950000" lon="-2.035730000">
        <ele>672.000</ele>
      </trkpt>
      <trkpt lat="42.870960000" lon="-2.035750000">
        <ele>672.000</ele>
      </trkpt>
      <trkpt lat="42.870980000" lon="-2.035780000">
        <ele>672.000</ele>
      </trkpt>
      <trkpt lat="42.870990000" lon="-2.035800000">
        <ele>672.000</ele>
      </trkpt>
      <trkpt lat="42.871010000" lon="-2.035820000">
        <ele>671.000</ele>
      </trkpt>
      <trkpt lat="42.871030000" lon="-2.035840000">
        <ele>671.000</ele>
      </trkpt>
      <trkpt lat="42.871060000" lon="-2.035860000">
        <ele>671.000</ele>
      </trkpt>
      <trkpt lat="42.871080000" lon="-2.035880000">
        <ele>671.000</ele>
      </trkpt>
      <trkpt lat="42.871120000" lon="-2.035910000">
        <ele>671.000</ele>
      </trkpt>
      <trkpt lat="42.871150000" lon="-2.035930000">
        <ele>670.000</ele>
      </trkpt>
      <trkpt lat="42.871190000" lon="-2.035950000">
        <ele>670.000</ele>
      </trkpt>
      <trkpt lat="42.871200000" lon="-2.035960000">
        <ele>670.000</ele>
      </trkpt>
      <trkpt lat="42.871250000" lon="-2.035980000">
        <ele>670.000</ele>
      </trkpt>
      <trkpt lat="42.871300000" lon="-2.036000000">
        <ele>669.000</ele>
      </trkpt>
      <trkpt lat="42.871350000" lon="-2.036020000">
        <ele>669.000</ele>
      </trkpt>
      <trkpt lat="42.871400000" lon="-2.036040000">
        <ele>669.000</ele>
      </trkpt>
      <trkpt lat="42.871470000" lon="-2.036060000">
        <ele>668.000</ele>
      </trkpt>
      <trkpt lat="42.871540000" lon="-2.036080000">
        <ele>668.000</ele>
      </trkpt>
      <trkpt lat="42.871730000" lon="-2.036130000">
        <ele>667.000</ele>
      </trkpt>
      <trkpt lat="42.871790000" lon="-2.036150000">
        <ele>667.000</ele>
      </trkpt>
      <trkpt lat="42.871840000" lon="-2.036170000">
        <ele>666.000</ele>
      </trkpt>
      <trkpt lat="42.871890000" lon="-2.036190000">
        <ele>666.000</ele>
      </trkpt>
      <trkpt lat="42.871930000" lon="-2.036210000">
        <ele>665.000</ele>
      </trkpt>
      <trkpt lat="42.871970000" lon="-2.036240000">
        <ele>665.000</ele>
      </trkpt>
      <trkpt lat="42.871990000" lon="-2.036260000">
        <ele>665.000</ele>
      </trkpt>
      <trkpt lat="42.872020000" lon="-2.036280000">
        <ele>664.000</ele>
      </trkpt>
      <trkpt lat="42.872070000" lon="-2.036330000">
        <ele>664.000</ele>
      </trkpt>
      <trkpt lat="42.872110000" lon="-2.036380000">
        <ele>664.000</ele>
      </trkpt>
      <trkpt lat="42.872150000" lon="-2.036420000">
        <ele>663.000</ele>
      </trkpt>
      <trkpt lat="42.872190000" lon="-2.036460000">
        <ele>663.000</ele>
      </trkpt>
      <trkpt lat="42.872230000" lon="-2.036510000">
        <ele>663.000</ele>
      </trkpt>
      <trkpt lat="42.872260000" lon="-2.036560000">
        <ele>662.000</ele>
      </trkpt>
      <trkpt lat="42.872280000" lon="-2.036580000">
        <ele>662.000</ele>
      </trkpt>
      <trkpt lat="42.872310000" lon="-2.036640000">
        <ele>662.000</ele>
      </trkpt>
      <trkpt lat="42.872440000" lon="-2.036860000">
        <ele>661.000</ele>
      </trkpt>
      <trkpt lat="42.872530000" lon="-2.037030000">
        <ele>660.000</ele>
      </trkpt>
      <trkpt lat="42.872590000" lon="-2.037150000">
        <ele>659.000</ele>
      </trkpt>
      <trkpt lat="42.872640000" lon="-2.037230000">
        <ele>659.000</ele>
      </trkpt>
      <trkpt lat="42.872650000" lon="-2.037270000">
        <ele>658.000</ele>
      </trkpt>
      <trkpt lat="42.872740000" lon="-2.037430000">
        <ele>658.000</ele>
      </trkpt>
      <trkpt lat="42.872740000" lon="-2.037440000">
        <ele>657.000</ele>
      </trkpt>
      <trkpt lat="42.872800000" lon="-2.037560000">
        <ele>657.000</ele>
      </trkpt>
      <trkpt lat="42.872820000" lon="-2.037630000">
        <ele>657.000</ele>
      </trkpt>
      <trkpt lat="42.872840000" lon="-2.037690000">
        <ele>656.000</ele>
      </trkpt>
      <trkpt lat="42.872870000" lon="-2.037770000">
        <ele>656.000</ele>
      </trkpt>
      <trkpt lat="42.872880000" lon="-2.037810000">
        <ele>655.000</ele>
      </trkpt>
      <trkpt lat="42.872890000" lon="-2.037850000">
        <ele>655.000</ele>
      </trkpt>
      <trkpt lat="42.872900000" lon="-2.037890000">
        <ele>655.000</ele>
      </trkpt>
      <trkpt lat="42.872900000" lon="-2.037920000">
        <ele>655.000</ele>
      </trkpt>
      <trkpt lat="42.872910000" lon="-2.037960000">
        <ele>655.000</ele>
      </trkpt>
      <trkpt lat="42.872920000" lon="-2.038040000">
        <ele>654.000</ele>
      </trkpt>
      <trkpt lat="42.872920000" lon="-2.038110000">
        <ele>654.000</ele>
      </trkpt>
      <trkpt lat="42.872920000" lon="-2.038170000">
        <ele>654.000</ele>
      </trkpt>
      <trkpt lat="42.872920000" lon="-2.038230000">
        <ele>654.000</ele>
      </trkpt>
      <trkpt lat="42.872910000" lon="-2.038330000">
        <ele>653.000</ele>
      </trkpt>
      <trkpt lat="42.872910000" lon="-2.038390000">
        <ele>653.000</ele>
      </trkpt>
      <trkpt lat="42.872890000" lon="-2.038600000">
        <ele>653.000</ele>
      </trkpt>
      <trkpt lat="42.872880000" lon="-2.038630000">
        <ele>652.000</ele>
      </trkpt>
      <trkpt lat="42.872870000" lon="-2.038750000">
        <ele>652.000</ele>
      </trkpt>
      <trkpt lat="42.872860000" lon="-2.038820000">
        <ele>651.000</ele>
      </trkpt>
      <trkpt lat="42.872860000" lon="-2.038850000">
        <ele>651.000</ele>
      </trkpt>
      <trkpt lat="42.872860000" lon="-2.038900000">
        <ele>651.000</ele>
      </trkpt>
      <trkpt lat="42.872840000" lon="-2.039040000">
        <ele>651.000</ele>
      </trkpt>
      <trkpt lat="42.872840000" lon="-2.039090000">
        <ele>650.000</ele>
      </trkpt>
      <trkpt lat="42.872840000" lon="-2.039120000">
        <ele>650.000</ele>
      </trkpt>
      <trkpt lat="42.872830000" lon="-2.039270000">
        <ele>650.000</ele>
      </trkpt>
      <trkpt lat="42.872820000" lon="-2.039330000">
        <ele>649.000</ele>
      </trkpt>
      <trkpt lat="42.872820000" lon="-2.039340000">
        <ele>649.000</ele>
      </trkpt>
      <trkpt lat="42.872820000" lon="-2.039490000">
        <ele>648.000</ele>
      </trkpt>
      <trkpt lat="42.872820000" lon="-2.039590000">
        <ele>648.000</ele>
      </trkpt>
      <trkpt lat="42.872820000" lon="-2.039710000">
        <ele>647.000</ele>
      </trkpt>
      <trkpt lat="42.872820000" lon="-2.039810000">
        <ele>647.000</ele>
      </trkpt>
      <trkpt lat="42.872820000" lon="-2.039950000">
        <ele>646.000</ele>
      </trkpt>
      <trkpt lat="42.872820000" lon="-2.039980000">
        <ele>646.000</ele>
      </trkpt>
      <trkpt lat="42.872820000" lon="-2.040020000">
        <ele>645.000</ele>
      </trkpt>
      <trkpt lat="42.872830000" lon="-2.040070000">
        <ele>645.000</ele>
      </trkpt>
      <trkpt lat="42.872840000" lon="-2.040130000">
        <ele>645.000</ele>
      </trkpt>
      <trkpt lat="42.872840000" lon="-2.040160000">
        <ele>644.000</ele>
      </trkpt>
      <trkpt lat="42.872850000" lon="-2.040190000">
        <ele>644.000</ele>
      </trkpt>
      <trkpt lat="42.872860000" lon="-2.040210000">
        <ele>644.000</ele>
      </trkpt>
      <trkpt lat="42.872870000" lon="-2.040230000">
        <ele>644.000</ele>
      </trkpt>
      <trkpt lat="42.872870000" lon="-2.040240000">
        <ele>643.000</ele>
      </trkpt>
      <trkpt lat="42.872880000" lon="-2.040260000">
        <ele>643.000</ele>
      </trkpt>
      <trkpt lat="42.872890000" lon="-2.040270000">
        <ele>643.000</ele>
      </trkpt>
      <trkpt lat="42.872910000" lon="-2.040290000">
        <ele>643.000</ele>
      </trkpt>
      <trkpt lat="42.872920000" lon="-2.040300000">
        <ele>643.000</ele>
      </trkpt>
      <trkpt lat="42.872940000" lon="-2.040310000">
        <ele>643.000</ele>
      </trkpt>
      <trkpt lat="42.872950000" lon="-2.040320000">
        <ele>643.000</ele>
      </trkpt>
      <trkpt lat="42.872960000" lon="-2.040320000">
        <ele>642.000</ele>
      </trkpt>
      <trkpt lat="42.872970000" lon="-2.040320000">
        <ele>642.000</ele>
      </trkpt>
      <trkpt lat="42.872990000" lon="-2.040320000">
        <ele>642.000</ele>
      </trkpt>
      <trkpt lat="42.873010000" lon="-2.040320000">
        <ele>642.000</ele>
      </trkpt>
      <trkpt lat="42.873040000" lon="-2.040310000">
        <ele>642.000</ele>
      </trkpt>
      <trkpt lat="42.873060000" lon="-2.040300000">
        <ele>642.000</ele>
      </trkpt>
      <trkpt lat="42.873090000" lon="-2.040270000">
        <ele>642.000</ele>
      </trkpt>
      <trkpt lat="42.873120000" lon="-2.040220000">
        <ele>641.000</ele>
      </trkpt>
      <trkpt lat="42.873130000" lon="-2.040190000">
        <ele>641.000</ele>
      </trkpt>
      <trkpt lat="42.873150000" lon="-2.040140000">
        <ele>641.000</ele>
      </trkpt>
      <trkpt lat="42.873160000" lon="-2.040110000">
        <ele>641.000</ele>
      </trkpt>
      <trkpt lat="42.873180000" lon="-2.039990000">
        <ele>640.000</ele>
      </trkpt>
      <trkpt lat="42.873260000" lon="-2.039560000">
        <ele>639.000</ele>
      </trkpt>
      <trkpt lat="42.873280000" lon="-2.039490000">
        <ele>638.000</ele>
      </trkpt>
      <trkpt lat="42.873310000" lon="-2.039310000">
        <ele>637.000</ele>
      </trkpt>
      <trkpt lat="42.873350000" lon="-2.039140000">
        <ele>636.000</ele>
      </trkpt>
      <trkpt lat="42.873360000" lon="-2.039070000">
        <ele>636.000</ele>
      </trkpt>
      <trkpt lat="42.873410000" lon="-2.038840000">
        <ele>635.000</ele>
      </trkpt>
      <trkpt lat="42.873430000" lon="-2.038750000">
        <ele>634.000</ele>
      </trkpt>
      <trkpt lat="42.873490000" lon="-2.038460000">
        <ele>633.000</ele>
      </trkpt>
      <trkpt lat="42.873510000" lon="-2.038400000">
        <ele>633.000</ele>
      </trkpt>
      <trkpt lat="42.873520000" lon="-2.038370000">
        <ele>632.000</ele>
      </trkpt>
      <trkpt lat="42.873530000" lon="-2.038300000">
        <ele>632.000</ele>
      </trkpt>
      <trkpt lat="42.873550000" lon="-2.038180000">
        <ele>631.000</ele>
      </trkpt>
      <trkpt lat="42.873560000" lon="-2.038130000">
        <ele>631.000</ele>
      </trkpt>
      <trkpt lat="42.873570000" lon="-2.038100000">
        <ele>630.000</ele>
      </trkpt>
      <trkpt lat="42.873580000" lon="-2.038020000">
        <ele>630.000</ele>
      </trkpt>
      <trkpt lat="42.873590000" lon="-2.037980000">
        <ele>630.000</ele>
      </trkpt>
      <trkpt lat="42.873590000" lon="-2.037900000">
        <ele>630.000</ele>
      </trkpt>
      <trkpt lat="42.873590000" lon="-2.037890000">
        <ele>629.000</ele>
      </trkpt>
      <trkpt lat="42.873590000" lon="-2.037860000">
        <ele>629.000</ele>
      </trkpt>
      <trkpt lat="42.873590000" lon="-2.037790000">
        <ele>629.000</ele>
      </trkpt>
      <trkpt lat="42.873590000" lon="-2.037730000">
        <ele>629.000</ele>
      </trkpt>
      <trkpt lat="42.873580000" lon="-2.037650000">
        <ele>628.000</ele>
      </trkpt>
      <trkpt lat="42.873570000" lon="-2.037560000">
        <ele>628.000</ele>
      </trkpt>
      <trkpt lat="42.873530000" lon="-2.037310000">
        <ele>627.000</ele>
      </trkpt>
      <trkpt lat="42.873480000" lon="-2.036990000">
        <ele>627.000</ele>
      </trkpt>
      <trkpt lat="42.873430000" lon="-2.036710000">
        <ele>626.000</ele>
      </trkpt>
      <trkpt lat="42.873420000" lon="-2.036630000">
        <ele>625.000</ele>
      </trkpt>
      <trkpt lat="42.873390000" lon="-2.036500000">
        <ele>624.000</ele>
      </trkpt>
      <trkpt lat="42.873360000" lon="-2.036380000">
        <ele>623.000</ele>
      </trkpt>
      <trkpt lat="42.873340000" lon="-2.036290000">
        <ele>623.000</ele>
      </trkpt>
      <trkpt lat="42.873310000" lon="-2.036160000">
        <ele>622.000</ele>
      </trkpt>
      <trkpt lat="42.873290000" lon="-2.036090000">
        <ele>621.000</ele>
      </trkpt>
      <trkpt lat="42.873280000" lon="-2.036030000">
        <ele>621.000</ele>
      </trkpt>
      <trkpt lat="42.873240000" lon="-2.035890000">
        <ele>620.000</ele>
      </trkpt>
      <trkpt lat="42.873210000" lon="-2.035760000">
        <ele>620.000</ele>
      </trkpt>
      <trkpt lat="42.873200000" lon="-2.035710000">
        <ele>619.000</ele>
      </trkpt>
      <trkpt lat="42.873190000" lon="-2.035700000">
        <ele>619.000</ele>
      </trkpt>
      <trkpt lat="42.873180000" lon="-2.035650000">
        <ele>619.000</ele>
      </trkpt>
      <trkpt lat="42.873160000" lon="-2.035570000">
        <ele>618.000</ele>
      </trkpt>
      <trkpt lat="42.873150000" lon="-2.035530000">
        <ele>618.000</ele>
      </trkpt>
      <trkpt lat="42.873140000" lon="-2.035490000">
        <ele>618.000</ele>
      </trkpt>
      <trkpt lat="42.873140000" lon="-2.035440000">
        <ele>618.000</ele>
      </trkpt>
      <trkpt lat="42.873140000" lon="-2.035390000">
        <ele>617.000</ele>
      </trkpt>
      <trkpt lat="42.873140000" lon="-2.035340000">
        <ele>617.000</ele>
      </trkpt>
      <trkpt lat="42.873140000" lon="-2.035310000">
        <ele>617.000</ele>
      </trkpt>
      <trkpt lat="42.873160000" lon="-2.035270000">
        <ele>617.000</ele>
      </trkpt>
      <trkpt lat="42.873170000" lon="-2.035240000">
        <ele>616.000</ele>
      </trkpt>
      <trkpt lat="42.873190000" lon="-2.035210000">
        <ele>616.000</ele>
      </trkpt>
      <trkpt lat="42.873200000" lon="-2.035200000">
        <ele>616.000</ele>
      </trkpt>
      <trkpt lat="42.873210000" lon="-2.035190000">
        <ele>616.000</ele>
      </trkpt>
      <trkpt lat="42.873230000" lon="-2.035180000">
        <ele>616.000</ele>
      </trkpt>
      <trkpt lat="42.873240000" lon="-2.035170000">
        <ele>616.000</ele>
      </trkpt>
      <trkpt lat="42.873250000" lon="-2.035170000">
        <ele>616.000</ele>
      </trkpt>
      <trkpt lat="42.873270000" lon="-2.035160000">
        <ele>616.000</ele>
      </trkpt>
      <trkpt lat="42.873280000" lon="-2.035160000">
        <ele>615.000</ele>
      </trkpt>
      <trkpt lat="42.873300000" lon="-2.035160000">
        <ele>615.000</ele>
      </trkpt>
      <trkpt lat="42.873310000" lon="-2.035170000">
        <ele>615.000</ele>
      </trkpt>
      <trkpt lat="42.873320000" lon="-2.035170000">
        <ele>615.000</ele>
      </trkpt>
      <trkpt lat="42.873330000" lon="-2.035180000">
        <ele>615.000</ele>
      </trkpt>
      <trkpt lat="42.873340000" lon="-2.035190000">
        <ele>615.000</ele>
      </trkpt>
      <trkpt lat="42.873360000" lon="-2.035210000">
        <ele>615.000</ele>
      </trkpt>
      <trkpt lat="42.873380000" lon="-2.035230000">
        <ele>615.000</ele>
      </trkpt>
      <trkpt lat="42.873390000" lon="-2.035250000">
        <ele>615.000</ele>
      </trkpt>
      <trkpt lat="42.873430000" lon="-2.035310000">
        <ele>614.000</ele>
      </trkpt>
      <trkpt lat="42.873500000" lon="-2.035420000">
        <ele>614.000</ele>
      </trkpt>
      <trkpt lat="42.873550000" lon="-2.035490000">
        <ele>614.000</ele>
      </trkpt>
      <trkpt lat="42.873680000" lon="-2.035690000">
        <ele>613.000</ele>
      </trkpt>
      <trkpt lat="42.873710000" lon="-2.035730000">
        <ele>612.000</ele>
      </trkpt>
      <trkpt lat="42.873720000" lon="-2.035750000">
        <ele>612.000</ele>
      </trkpt>
      <trkpt lat="42.873880000" lon="-2.035990000">
        <ele>611.000</ele>
      </trkpt>
      <trkpt lat="42.873960000" lon="-2.036110000">
        <ele>610.000</ele>
      </trkpt>
      <trkpt lat="42.874060000" lon="-2.036270000">
        <ele>609.000</ele>
      </trkpt>
      <trkpt lat="42.874150000" lon="-2.036440000">
        <ele>608.000</ele>
      </trkpt>
      <trkpt lat="42.874180000" lon="-2.036480000">
        <ele>607.000</ele>
      </trkpt>
      <trkpt lat="42.874240000" lon="-2.036560000">
        <ele>607.000</ele>
      </trkpt>
      <trkpt lat="42.874310000" lon="-2.036610000">
        <ele>606.000</ele>
      </trkpt>
      <trkpt lat="42.874400000" lon="-2.036710000">
        <ele>605.000</ele>
      </trkpt>
      <trkpt lat="42.874420000" lon="-2.036740000">
        <ele>604.000</ele>
      </trkpt>
      <trkpt lat="42.874560000" lon="-2.036850000">
        <ele>604.000</ele>
      </trkpt>
      <trkpt lat="42.874620000" lon="-2.036900000">
        <ele>603.000</ele>
      </trkpt>
      <trkpt lat="42.874760000" lon="-2.037010000">
        <ele>602.000</ele>
      </trkpt>
      <trkpt lat="42.874770000" lon="-2.037010000">
        <ele>601.000</ele>
      </trkpt>
      <trkpt lat="42.874860000" lon="-2.037080000">
        <ele>601.000</ele>
      </trkpt>
      <trkpt lat="42.874930000" lon="-2.037120000">
        <ele>600.000</ele>
      </trkpt>
      <trkpt lat="42.875030000" lon="-2.037180000">
        <ele>599.000</ele>
      </trkpt>
      <trkpt lat="42.875050000" lon="-2.037190000">
        <ele>599.000</ele>
      </trkpt>
      <trkpt lat="42.875100000" lon="-2.037210000">
        <ele>598.000</ele>
      </trkpt>
      <trkpt lat="42.875340000" lon="-2.037340000">
        <ele>598.000</ele>
      </trkpt>
      <trkpt lat="42.875470000" lon="-2.037400000">
        <ele>597.000</ele>
      </trkpt>
      <trkpt lat="42.875600000" lon="-2.037430000">
        <ele>596.000</ele>
      </trkpt>
      <trkpt lat="42.875660000" lon="-2.037440000">
        <ele>595.000</ele>
      </trkpt>
      <trkpt lat="42.875800000" lon="-2.037470000">
        <ele>594.000</ele>
      </trkpt>
      <trkpt lat="42.875960000" lon="-2.037470000">
        <ele>593.000</ele>
      </trkpt>
      <trkpt lat="42.876100000" lon="-2.037470000">
        <ele>592.000</ele>
      </trkpt>
      <trkpt lat="42.876140000" lon="-2.037470000">
        <ele>592.000</ele>
      </trkpt>
      <trkpt lat="42.876280000" lon="-2.037480000">
        <ele>591.000</ele>
      </trkpt>
      <trkpt lat="42.876460000" lon="-2.037500000">
        <ele>590.000</ele>
      </trkpt>
      <trkpt lat="42.876470000" lon="-2.037500000">
        <ele>589.000</ele>
      </trkpt>
      <trkpt lat="42.876590000" lon="-2.037510000">
        <ele>589.000</ele>
      </trkpt>
      <trkpt lat="42.876670000" lon="-2.037510000">
        <ele>588.000</ele>
      </trkpt>
      <trkpt lat="42.876760000" lon="-2.037520000">
        <ele>587.000</ele>
      </trkpt>
      <trkpt lat="42.876770000" lon="-2.037520000">
        <ele>587.000</ele>
      </trkpt>
      <trkpt lat="42.877000000" lon="-2.037540000">
        <ele>586.000</ele>
      </trkpt>
      <trkpt lat="42.877080000" lon="-2.037580000">
        <ele>585.000</ele>
      </trkpt>
      <trkpt lat="42.877150000" lon="-2.037630000">
        <ele>585.000</ele>
      </trkpt>
      <trkpt lat="42.877270000" lon="-2.037750000">
        <ele>584.000</ele>
      </trkpt>
      <trkpt lat="42.877460000" lon="-2.038070000">
        <ele>582.000</ele>
      </trkpt>
      <trkpt lat="42.877610000" lon="-2.038340000">
        <ele>581.000</ele>
      </trkpt>
      <trkpt lat="42.877740000" lon="-2.038540000">
        <ele>579.000</ele>
      </trkpt>
      <trkpt lat="42.877840000" lon="-2.038680000">
        <ele>578.000</ele>
      </trkpt>
      <trkpt lat="42.877850000" lon="-2.038690000">
        <ele>577.000</ele>
      </trkpt>
      <trkpt lat="42.877860000" lon="-2.038700000">
        <ele>576.000</ele>
      </trkpt>
      <trkpt lat="42.877990000" lon="-2.038840000">
        <ele>575.000</ele>
      </trkpt>
      <trkpt lat="42.878170000" lon="-2.039040000">
        <ele>574.000</ele>
      </trkpt>
      <trkpt lat="42.878270000" lon="-2.039120000">
        <ele>573.000</ele>
      </trkpt>
      <trkpt lat="42.878430000" lon="-2.039250000">
        <ele>572.000</ele>
      </trkpt>
      <trkpt lat="42.878440000" lon="-2.039260000">
        <ele>571.000</ele>
      </trkpt>
      <trkpt lat="42.879000000" lon="-2.039640000">
        <ele>569.000</ele>
      </trkpt>
      <trkpt lat="42.879070000" lon="-2.039680000">
        <ele>568.000</ele>
      </trkpt>
      <trkpt lat="42.879080000" lon="-2.039690000">
        <ele>567.000</ele>
      </trkpt>
      <trkpt lat="42.879230000" lon="-2.039790000">
        <ele>566.000</ele>
      </trkpt>
      <trkpt lat="42.879520000" lon="-2.039980000">
        <ele>564.000</ele>
      </trkpt>
      <trkpt lat="42.879550000" lon="-2.040000000">
        <ele>563.000</ele>
      </trkpt>
      <trkpt lat="42.879560000" lon="-2.040010000">
        <ele>563.000</ele>
      </trkpt>
      <trkpt lat="42.879710000" lon="-2.040120000">
        <ele>562.000</ele>
      </trkpt>
      <trkpt lat="42.879750000" lon="-2.040140000">
        <ele>561.000</ele>
      </trkpt>
      <trkpt lat="42.879880000" lon="-2.040270000">
        <ele>560.000</ele>
      </trkpt>
      <trkpt lat="42.879960000" lon="-2.040360000">
        <ele>560.000</ele>
      </trkpt>
      <trkpt lat="42.880000000" lon="-2.040410000">
        <ele>559.000</ele>
      </trkpt>
      <trkpt lat="42.880040000" lon="-2.040470000">
        <ele>559.000</ele>
      </trkpt>
      <trkpt lat="42.880130000" lon="-2.040640000">
        <ele>558.000</ele>
      </trkpt>
      <trkpt lat="42.880200000" lon="-2.040810000">
        <ele>557.000</ele>
      </trkpt>
      <trkpt lat="42.880240000" lon="-2.040920000">
        <ele>556.000</ele>
      </trkpt>
      <trkpt lat="42.880370000" lon="-2.041220000">
        <ele>555.000</ele>
      </trkpt>
      <trkpt lat="42.880380000" lon="-2.041250000">
        <ele>554.000</ele>
      </trkpt>
      <trkpt lat="42.880420000" lon="-2.041340000">
        <ele>554.000</ele>
      </trkpt>
      <trkpt lat="42.880450000" lon="-2.041410000">
        <ele>553.000</ele>
      </trkpt>
      <trkpt lat="42.880480000" lon="-2.041460000">
        <ele>553.000</ele>
      </trkpt>
      <trkpt lat="42.880530000" lon="-2.041550000">
        <ele>552.000</ele>
      </trkpt>
      <trkpt lat="42.880590000" lon="-2.041640000">
        <ele>551.000</ele>
      </trkpt>
      <trkpt lat="42.880630000" lon="-2.041700000">
        <ele>551.000</ele>
      </trkpt>
      <trkpt lat="42.880780000" lon="-2.041900000">
        <ele>550.000</ele>
      </trkpt>
      <trkpt lat="42.880940000" lon="-2.042120000">
        <ele>549.000</ele>
      </trkpt>
      <trkpt lat="42.880970000" lon="-2.042160000">
        <ele>548.000</ele>
      </trkpt>
      <trkpt lat="42.881110000" lon="-2.042340000">
        <ele>547.000</ele>
      </trkpt>
      <trkpt lat="42.881170000" lon="-2.042420000">
        <ele>546.000</ele>
      </trkpt>
      <trkpt lat="42.881290000" lon="-2.042600000">
        <ele>546.000</ele>
      </trkpt>
      <trkpt lat="42.881410000" lon="-2.042750000">
        <ele>545.000</ele>
      </trkpt>
      <trkpt lat="42.881540000" lon="-2.042920000">
        <ele>544.000</ele>
      </trkpt>
      <trkpt lat="42.881670000" lon="-2.043100000">
        <ele>544.000</ele>
      </trkpt>
      <trkpt lat="42.881800000" lon="-2.043270000">
        <ele>543.000</ele>
      </trkpt>
      <trkpt lat="42.881930000" lon="-2.043440000">
        <ele>543.000</ele>
      </trkpt>
      <trkpt lat="42.882060000" lon="-2.043610000">
        <ele>542.000</ele>
      </trkpt>
      <trkpt lat="42.882190000" lon="-2.043780000">
        <ele>542.000</ele>
      </trkpt>
      <trkpt lat="42.882320000" lon="-2.043950000">
        <ele>541.000</ele>
      </trkpt>
      <trkpt lat="42.882450000" lon="-2.044120000">
        <ele>541.000</ele>
      </trkpt>
      <trkpt lat="42.882580000" lon="-2.044290000">
        <ele>540.000</ele>
      </trkpt>
      <trkpt lat="42.882700000" lon="-2.044460000">
        <ele>540.000</ele>
      </trkpt>
      <trkpt lat="42.882830000" lon="-2.044630000">
        <ele>539.000</ele>
      </trkpt>
      <trkpt lat="42.882960000" lon="-2.044800000">
        <ele>539.000</ele>
      </trkpt>
      <trkpt lat="42.883030000" lon="-2.044890000">
        <ele>538.000</ele>
      </trkpt>
      <trkpt lat="42.883090000" lon="-2.044970000">
        <ele>538.000</ele>
      </trkpt>
      <trkpt lat="42.883220000" lon="-2.045140000">
        <ele>537.000</ele>
      </trkpt>
      <trkpt lat="42.883350000" lon="-2.045310000">
        <ele>537.000</ele>
      </trkpt>
      <trkpt lat="42.883480000" lon="-2.045480000">
        <ele>536.000</ele>
      </trkpt>
      <trkpt lat="42.883610000" lon="-2.045650000">
        <ele>536.000</ele>
      </trkpt>
      <trkpt lat="42.884000000" lon="-2.046160000">
        <ele>535.000</ele>
      </trkpt>
      <trkpt lat="42.884280000" lon="-2.046540000">
        <ele>534.000</ele>
      </trkpt>
      <trkpt lat="42.884410000" lon="-2.046710000">
        <ele>533.000</ele>
      </trkpt>
      <trkpt lat="42.884540000" lon="-2.046880000">
        <ele>532.000</ele>
      </trkpt>
      <trkpt lat="42.884780000" lon="-2.047180000">
        <ele>532.000</ele>
      </trkpt>
      <trkpt lat="42.884800000" lon="-2.047220000">
        <ele>531.000</ele>
      </trkpt>
      <trkpt lat="42.885300000" lon="-2.047900000">
        <ele>531.000</ele>
      </trkpt>
      <trkpt lat="42.885320000" lon="-2.047930000">
        <ele>530.000</ele>
      </trkpt>
      <trkpt lat="42.885560000" lon="-2.048230000">
        <ele>530.000</ele>
      </trkpt>
      <trkpt lat="42.885950000" lon="-2.048750000">
        <ele>529.000</ele>
      </trkpt>
      <trkpt lat="42.886230000" lon="-2.049130000">
        <ele>528.000</ele>
      </trkpt>
      <trkpt lat="42.886340000" lon="-2.049250000">
        <ele>527.000</ele>
      </trkpt>
      <trkpt lat="42.886350000" lon="-2.049270000">
        <ele>527.000</ele>
      </trkpt>
      <trkpt lat="42.886420000" lon="-2.049340000">
        <ele>526.000</ele>
      </trkpt>
      <trkpt lat="42.886660000" lon="-2.049560000">
        <ele>526.000</ele>
      </trkpt>
      <trkpt lat="42.886780000" lon="-2.049670000">
        <ele>525.000</ele>
      </trkpt>
      <trkpt lat="42.887000000" lon="-2.049850000">
        <ele>525.000</ele>
      </trkpt>
      <trkpt lat="42.887560000" lon="-2.050290000">
        <ele>524.000</ele>
      </trkpt>
      <trkpt lat="42.887820000" lon="-2.050490000">
        <ele>524.000</ele>
      </trkpt>
      <trkpt lat="42.888200000" lon="-2.050800000">
        <ele>523.000</ele>
      </trkpt>
      <trkpt lat="42.888340000" lon="-2.050910000">
        <ele>522.000</ele>
      </trkpt>
      <trkpt lat="42.888490000" lon="-2.051040000">
        <ele>522.000</ele>
      </trkpt>
      <trkpt lat="42.889000000" lon="-2.051480000">
        <ele>522.000</ele>
      </trkpt>
      <trkpt lat="42.889270000" lon="-2.051690000">
        <ele>521.000</ele>
      </trkpt>
      <trkpt lat="42.889880000" lon="-2.052170000">
        <ele>521.000</ele>
      </trkpt>
      <trkpt lat="42.890090000" lon="-2.052340000">
        <ele>520.000</ele>
      </trkpt>
      <trkpt lat="42.890240000" lon="-2.052460000">
        <ele>520.000</ele>
      </trkpt>
      <trkpt lat="42.890580000" lon="-2.052730000">
        <ele>520.000</ele>
      </trkpt>
      <trkpt lat="42.890640000" lon="-2.052780000">
        <ele>519.000</ele>
      </trkpt>
      <trkpt lat="42.891110000" lon="-2.053150000">
        <ele>519.000</ele>
      </trkpt>
      <trkpt lat="42.891370000" lon="-2.053360000">
        <ele>518.000</ele>
      </trkpt>
      <trkpt lat="42.891570000" lon="-2.053520000">
        <ele>518.000</ele>
      </trkpt>
      <trkpt lat="42.891730000" lon="-2.053640000">
        <ele>517.000</ele>
      </trkpt>
      <trkpt lat="42.892040000" lon="-2.053890000">
        <ele>517.000</ele>
      </trkpt>
      <trkpt lat="42.892540000" lon="-2.054290000">
        <ele>516.000</ele>
      </trkpt>
      <trkpt lat="42.892660000" lon="-2.054390000">
        <ele>516.000</ele>
      </trkpt>
      <trkpt lat="42.892810000" lon="-2.054520000">
        <ele>515.000</ele>
      </trkpt>
      <trkpt lat="42.893360000" lon="-2.054960000">
        <ele>515.000</ele>
      </trkpt>
      <trkpt lat="42.893590000" lon="-2.055140000">
        <ele>514.000</ele>
      </trkpt>
      <trkpt lat="42.893900000" lon="-2.055400000">
        <ele>514.000</ele>
      </trkpt>
      <trkpt lat="42.894210000" lon="-2.055650000">
        <ele>514.000</ele>
      </trkpt>
      <trkpt lat="42.894670000" lon="-2.056020000">
        <ele>514.000</ele>
      </trkpt>
      <trkpt lat="42.894820000" lon="-2.056150000">
        <ele>514.000</ele>
      </trkpt>
      <trkpt lat="42.894980000" lon="-2.056270000">
        <ele>514.000</ele>
      </trkpt>
      <trkpt lat="42.895400000" lon="-2.056610000">
        <ele>514.000</ele>
      </trkpt>
      <trkpt lat="42.895440000" lon="-2.056650000">
        <ele>515.000</ele>
      </trkpt>
      <trkpt lat="42.895810000" lon="-2.056960000">
        <ele>515.000</ele>
      </trkpt>
      <trkpt lat="42.895910000" lon="-2.057030000">
        <ele>516.000</ele>
      </trkpt>
      <trkpt lat="42.896060000" lon="-2.057140000">
        <ele>517.000</ele>
      </trkpt>
      <trkpt lat="42.896240000" lon="-2.057250000">
        <ele>517.000</ele>
      </trkpt>
      <trkpt lat="42.896400000" lon="-2.057310000">
        <ele>518.000</ele>
      </trkpt>
      <trkpt lat="42.896820000" lon="-2.057400000">
        <ele>519.000</ele>
      </trkpt>
      <trkpt lat="42.896950000" lon="-2.057430000">
        <ele>519.000</ele>
      </trkpt>
      <trkpt lat="42.897400000" lon="-2.057520000">
        <ele>520.000</ele>
      </trkpt>
      <trkpt lat="42.897720000" lon="-2.057590000">
        <ele>520.000</ele>
      </trkpt>
      <trkpt lat="42.897840000" lon="-2.057610000">
        <ele>520.000</ele>
      </trkpt>
      <trkpt lat="42.897910000" lon="-2.057630000">
        <ele>520.000</ele>
      </trkpt>
      <trkpt lat="42.897970000" lon="-2.057640000">
        <ele>520.000</ele>
      </trkpt>
      <trkpt lat="42.898040000" lon="-2.057660000">
        <ele>520.000</ele>
      </trkpt>
      <trkpt lat="42.898080000" lon="-2.057670000">
        <ele>520.000</ele>
      </trkpt>
      <trkpt lat="42.898400000" lon="-2.057780000">
        <ele>520.000</ele>
      </trkpt>
      <trkpt lat="42.898550000" lon="-2.057860000">
        <ele>520.000</ele>
      </trkpt>
      <trkpt lat="42.898680000" lon="-2.057950000">
        <ele>520.000</ele>
      </trkpt>
      <trkpt lat="42.898900000" lon="-2.058110000">
        <ele>520.000</ele>
      </trkpt>
      <trkpt lat="42.898920000" lon="-2.058120000">
        <ele>520.000</ele>
      </trkpt>
      <trkpt lat="42.898940000" lon="-2.058130000">
        <ele>520.000</ele>
      </trkpt>
      <trkpt lat="42.899280000" lon="-2.058350000">
        <ele>520.000</ele>
      </trkpt>
      <trkpt lat="42.899290000" lon="-2.058360000">
        <ele>520.000</ele>
      </trkpt>
      <trkpt lat="42.899370000" lon="-2.058410000">
        <ele>520.000</ele>
      </trkpt>
      <trkpt lat="42.899430000" lon="-2.058450000">
        <ele>520.000</ele>
      </trkpt>
      <trkpt lat="42.899440000" lon="-2.058450000">
        <ele>520.000</ele>
      </trkpt>
      <trkpt lat="42.899440000" lon="-2.058460000">
        <ele>520.000</ele>
      </trkpt>
      <trkpt lat="42.899580000" lon="-2.058550000">
        <ele>520.000</ele>
      </trkpt>
      <trkpt lat="42.899590000" lon="-2.058560000">
        <ele>520.000</ele>
      </trkpt>
      <trkpt lat="42.899660000" lon="-2.058600000">
        <ele>520.000</ele>
      </trkpt>
      <trkpt lat="42.899720000" lon="-2.058640000">
        <ele>520.000</ele>
      </trkpt>
      <trkpt lat="42.899760000" lon="-2.058670000">
        <ele>520.000</ele>
      </trkpt>
      <trkpt lat="42.900010000" lon="-2.058810000">
        <ele>520.000</ele>
      </trkpt>
      <trkpt lat="42.900020000" lon="-2.058810000">
        <ele>520.000</ele>
      </trkpt>
      <trkpt lat="42.900030000" lon="-2.058830000">
        <ele>520.000</ele>
      </trkpt>
      <trkpt lat="42.900320000" lon="-2.059070000">
        <ele>520.000</ele>
      </trkpt>
      <trkpt lat="42.900410000" lon="-2.059140000">
        <ele>520.000</ele>
      </trkpt>
      <trkpt lat="42.900440000" lon="-2.059170000">
        <ele>520.000</ele>
      </trkpt>
      <trkpt lat="42.900460000" lon="-2.059180000">
        <ele>520.000</ele>
      </trkpt>
      <trkpt lat="42.900880000" lon="-2.059530000">
        <ele>520.000</ele>
      </trkpt>
      <trkpt lat="42.900920000" lon="-2.059560000">
        <ele>520.000</ele>
      </trkpt>
      <trkpt lat="42.900940000" lon="-2.059570000">
        <ele>520.000</ele>
      </trkpt>
      <trkpt lat="42.901160000" lon="-2.059770000">
        <ele>519.000</ele>
      </trkpt>
      <trkpt lat="42.901480000" lon="-2.060020000">
        <ele>519.000</ele>
      </trkpt>
      <trkpt lat="42.901650000" lon="-2.060150000">
        <ele>519.000</ele>
      </trkpt>
      <trkpt lat="42.901970000" lon="-2.060370000">
        <ele>518.000</ele>
      </trkpt>
      <trkpt lat="42.902000000" lon="-2.060400000">
        <ele>518.000</ele>
      </trkpt>
      <trkpt lat="42.902310000" lon="-2.060630000">
        <ele>518.000</ele>
      </trkpt>
      <trkpt lat="42.902610000" lon="-2.060850000">
        <ele>517.000</ele>
      </trkpt>
      <trkpt lat="42.902650000" lon="-2.060880000">
        <ele>517.000</ele>
      </trkpt>
      <trkpt lat="42.902970000" lon="-2.061110000">
        <ele>516.000</ele>
      </trkpt>
      <trkpt lat="42.903130000" lon="-2.061250000">
        <ele>516.000</ele>
      </trkpt>
      <trkpt lat="42.903280000" lon="-2.061400000">
        <ele>516.000</ele>
      </trkpt>
      <trkpt lat="42.903380000" lon="-2.061490000">
        <ele>515.000</ele>
      </trkpt>
      <trkpt lat="42.903820000" lon="-2.061970000">
        <ele>515.000</ele>
      </trkpt>
      <trkpt lat="42.903970000" lon="-2.062120000">
        <ele>514.000</ele>
      </trkpt>
      <trkpt lat="42.903990000" lon="-2.062150000">
        <ele>514.000</ele>
      </trkpt>
      <trkpt lat="42.904250000" lon="-2.062430000">
        <ele>514.000</ele>
      </trkpt>
      <trkpt lat="42.904620000" lon="-2.062810000">
        <ele>513.000</ele>
      </trkpt>
      <trkpt lat="42.904840000" lon="-2.063040000">
        <ele>513.000</ele>
      </trkpt>
      <trkpt lat="42.905120000" lon="-2.063350000">
        <ele>512.000</ele>
      </trkpt>
      <trkpt lat="42.905250000" lon="-2.063500000">
        <ele>512.000</ele>
      </trkpt>
      <trkpt lat="42.905380000" lon="-2.063640000">
        <ele>512.000</ele>
      </trkpt>
      <trkpt lat="42.905580000" lon="-2.063850000">
        <ele>511.000</ele>
      </trkpt>
      <trkpt lat="42.905650000" lon="-2.063900000">
        <ele>510.000</ele>
      </trkpt>
      <trkpt lat="42.905760000" lon="-2.063980000">
        <ele>510.000</ele>
      </trkpt>
      <trkpt lat="42.905960000" lon="-2.064030000">
        <ele>509.000</ele>
      </trkpt>
      <trkpt lat="42.905960000" lon="-2.064030000">
        <ele>508.000</ele>
      </trkpt>
      <trkpt lat="42.905970000" lon="-2.064020000">
        <ele>508.000</ele>
      </trkpt>
      <trkpt lat="42.905980000" lon="-2.064010000">
        <ele>508.000</ele>
      </trkpt>
      <trkpt lat="42.905990000" lon="-2.064010000">
        <ele>507.000</ele>
      </trkpt>
      <trkpt lat="42.906000000" lon="-2.064000000">
        <ele>507.000</ele>
      </trkpt>
      <trkpt lat="42.906010000" lon="-2.064000000">
        <ele>507.000</ele>
      </trkpt>
      <trkpt lat="42.906020000" lon="-2.063990000">
        <ele>507.000</ele>
      </trkpt>
      <trkpt lat="42.906030000" lon="-2.063990000">
        <ele>507.000</ele>
      </trkpt>
      <trkpt lat="42.906040000" lon="-2.063990000">
        <ele>507.000</ele>
      </trkpt>
      <trkpt lat="42.906050000" lon="-2.063990000">
        <ele>507.000</ele>
      </trkpt>
      <trkpt lat="42.906060000" lon="-2.063990000">
        <ele>507.000</ele>
      </trkpt>
      <trkpt lat="42.906110000" lon="-2.063920000">
        <ele>507.000</ele>
      </trkpt>
      <trkpt lat="42.906260000" lon="-2.063600000">
        <ele>506.000</ele>
      </trkpt>
      <trkpt lat="42.906360000" lon="-2.063390000">
        <ele>505.000</ele>
      </trkpt>
      <trkpt lat="42.906590000" lon="-2.062880000">
        <ele>504.000</ele>
      </trkpt>
      <trkpt lat="42.906740000" lon="-2.062560000">
        <ele>503.000</ele>
      </trkpt>
      <trkpt lat="42.906830000" lon="-2.062340000">
        <ele>502.000</ele>
      </trkpt>
      <trkpt lat="42.906890000" lon="-2.062210000">
        <ele>501.000</ele>
      </trkpt>
      <trkpt lat="42.906920000" lon="-2.062180000">
        <ele>501.000</ele>
      </trkpt>
      <trkpt lat="42.906920000" lon="-2.062180000">
        <ele>500.000</ele>
      </trkpt>
      <trkpt lat="42.906980000" lon="-2.062080000">
        <ele>500.000</ele>
      </trkpt>
      <trkpt lat="42.907120000" lon="-2.061660000">
        <ele>499.000</ele>
      </trkpt>
      <trkpt lat="42.907150000" lon="-2.061570000">
        <ele>499.000</ele>
      </trkpt>
      <trkpt lat="42.907230000" lon="-2.061350000">
        <ele>498.000</ele>
      </trkpt>
      <trkpt lat="42.907310000" lon="-2.061130000">
        <ele>498.000</ele>
      </trkpt>
      <trkpt lat="42.907390000" lon="-2.060910000">
        <ele>497.000</ele>
      </trkpt>
      <trkpt lat="42.907540000" lon="-2.060470000">
        <ele>496.000</ele>
      </trkpt>
      <trkpt lat="42.907660000" lon="-2.060150000">
        <ele>496.000</ele>
      </trkpt>
      <trkpt lat="42.908070000" lon="-2.058780000">
        <ele>497.000</ele>
      </trkpt>
      <trkpt lat="42.908100000" lon="-2.058680000">
        <ele>499.000</ele>
      </trkpt>
      <trkpt lat="42.908130000" lon="-2.058550000">
        <ele>499.000</ele>
      </trkpt>
      <trkpt lat="42.908200000" lon="-2.058330000">
        <ele>500.000</ele>
      </trkpt>
      <trkpt lat="42.908340000" lon="-2.057870000">
        <ele>501.000</ele>
      </trkpt>
      <trkpt lat="42.908370000" lon="-2.057770000">
        <ele>502.000</ele>
      </trkpt>
      <trkpt lat="42.908410000" lon="-2.057650000">
        <ele>502.000</ele>
      </trkpt>
      <trkpt lat="42.908590000" lon="-2.057040000">
        <ele>501.000</ele>
      </trkpt>
      <trkpt lat="42.908680000" lon="-2.056740000">
        <ele>500.000</ele>
      </trkpt>
      <trkpt lat="42.908760000" lon="-2.056470000">
        <ele>499.000</ele>
      </trkpt>
      <trkpt lat="42.909060000" lon="-2.055500000">
        <ele>497.000</ele>
      </trkpt>
      <trkpt lat="42.909090000" lon="-2.055390000">
        <ele>495.000</ele>
      </trkpt>
      <trkpt lat="42.909170000" lon="-2.055150000">
        <ele>494.000</ele>
      </trkpt>
      <trkpt lat="42.909400000" lon="-2.054380000">
        <ele>493.000</ele>
      </trkpt>
      <trkpt lat="42.909440000" lon="-2.054240000">
        <ele>493.000</ele>
      </trkpt>
      <trkpt lat="42.909610000" lon="-2.053700000">
        <ele>492.000</ele>
      </trkpt>
      <trkpt lat="42.909670000" lon="-2.053480000">
        <ele>492.000</ele>
      </trkpt>
      <trkpt lat="42.909680000" lon="-2.053470000">
        <ele>491.000</ele>
      </trkpt>
      <trkpt lat="42.909820000" lon="-2.053020000">
        <ele>491.000</ele>
      </trkpt>
      <trkpt lat="42.909890000" lon="-2.052800000">
        <ele>491.000</ele>
      </trkpt>
      <trkpt lat="42.909920000" lon="-2.052690000">
        <ele>491.000</ele>
      </trkpt>
      <trkpt lat="42.909990000" lon="-2.052470000">
        <ele>491.000</ele>
      </trkpt>
      <trkpt lat="42.910030000" lon="-2.052350000">
        <ele>492.000</ele>
      </trkpt>
      <trkpt lat="42.910100000" lon="-2.052120000">
        <ele>492.000</ele>
      </trkpt>
      <trkpt lat="42.910400000" lon="-2.051130000">
        <ele>493.000</ele>
      </trkpt>
      <trkpt lat="42.910380000" lon="-2.050970000">
        <ele>494.000</ele>
      </trkpt>
      <trkpt lat="42.910460000" lon="-2.050730000">
        <ele>495.000</ele>
      </trkpt>
      <trkpt lat="42.910680000" lon="-2.050040000">
        <ele>496.000</ele>
      </trkpt>
      <trkpt lat="42.910710000" lon="-2.049950000">
        <ele>497.000</ele>
      </trkpt>
      <trkpt lat="42.910860000" lon="-2.049380000">
        <ele>497.000</ele>
      </trkpt>
      <trkpt lat="42.910980000" lon="-2.048970000">
        <ele>498.000</ele>
      </trkpt>
      <trkpt lat="42.910990000" lon="-2.048920000">
        <ele>499.000</ele>
      </trkpt>
      <trkpt lat="42.911130000" lon="-2.048480000">
        <ele>499.000</ele>
      </trkpt>
      <trkpt lat="42.911150000" lon="-2.048430000">
        <ele>500.000</ele>
      </trkpt>
      <trkpt lat="42.911300000" lon="-2.047990000">
        <ele>500.000</ele>
      </trkpt>
      <trkpt lat="42.911310000" lon="-2.047960000">
        <ele>501.000</ele>
      </trkpt>
      <trkpt lat="42.911370000" lon="-2.047790000">
        <ele>501.000</ele>
      </trkpt>
      <trkpt lat="42.911470000" lon="-2.047440000">
        <ele>502.000</ele>
      </trkpt>
      <trkpt lat="42.911490000" lon="-2.047380000">
        <ele>503.000</ele>
      </trkpt>
      <trkpt lat="42.911510000" lon="-2.047330000">
        <ele>503.000</ele>
      </trkpt>
      <trkpt lat="42.911580000" lon="-2.047110000">
        <ele>504.000</ele>
      </trkpt>
      <trkpt lat="42.911590000" lon="-2.047040000">
        <ele>504.000</ele>
      </trkpt>
      <trkpt lat="42.911650000" lon="-2.046720000">
        <ele>504.000</ele>
      </trkpt>
      <trkpt lat="42.911660000" lon="-2.046670000">
        <ele>505.000</ele>
      </trkpt>
      <trkpt lat="42.911650000" lon="-2.046660000">
        <ele>505.000</ele>
      </trkpt>
      <trkpt lat="42.911650000" lon="-2.046650000">
        <ele>505.000</ele>
      </trkpt>
      <trkpt lat="42.911640000" lon="-2.046640000">
        <ele>506.000</ele>
      </trkpt>
      <trkpt lat="42.911640000" lon="-2.046630000">
        <ele>506.000</ele>
      </trkpt>
      <trkpt lat="42.911640000" lon="-2.046620000">
        <ele>506.000</ele>
      </trkpt>
      <trkpt lat="42.911640000" lon="-2.046610000">
        <ele>506.000</ele>
      </trkpt>
      <trkpt lat="42.911640000" lon="-2.046600000">
        <ele>506.000</ele>
      </trkpt>
      <trkpt lat="42.911640000" lon="-2.046590000">
        <ele>506.000</ele>
      </trkpt>
      <trkpt lat="42.911630000" lon="-2.046580000">
        <ele>506.000</ele>
      </trkpt>
      <trkpt lat="42.911640000" lon="-2.046570000">
        <ele>506.000</ele>
      </trkpt>
      <trkpt lat="42.911640000" lon="-2.046560000">
        <ele>506.000</ele>
      </trkpt>
      <trkpt lat="42.911640000" lon="-2.046550000">
        <ele>506.000</ele>
      </trkpt>
      <trkpt lat="42.911640000" lon="-2.046540000">
        <ele>506.000</ele>
      </trkpt>
      <trkpt lat="42.911640000" lon="-2.046530000">
        <ele>506.000</ele>
      </trkpt>
      <trkpt lat="42.911640000" lon="-2.046520000">
        <ele>506.000</ele>
      </trkpt>
      <trkpt lat="42.911650000" lon="-2.046510000">
        <ele>506.000</ele>
      </trkpt>
      <trkpt lat="42.911650000" lon="-2.046500000">
        <ele>506.000</ele>
      </trkpt>
      <trkpt lat="42.911650000" lon="-2.046490000">
        <ele>506.000</ele>
      </trkpt>
      <trkpt lat="42.911660000" lon="-2.046490000">
        <ele>506.000</ele>
      </trkpt>
      <trkpt lat="42.911660000" lon="-2.046480000">
        <ele>506.000</ele>
      </trkpt>
      <trkpt lat="42.911660000" lon="-2.046470000">
        <ele>506.000</ele>
      </trkpt>
      <trkpt lat="42.911670000" lon="-2.046470000">
        <ele>506.000</ele>
      </trkpt>
      <trkpt lat="42.911670000" lon="-2.046460000">
        <ele>506.000</ele>
      </trkpt>
      <trkpt lat="42.911680000" lon="-2.046460000">
        <ele>507.000</ele>
      </trkpt>
      <trkpt lat="42.911680000" lon="-2.046450000">
        <ele>507.000</ele>
      </trkpt>
      <trkpt lat="42.911690000" lon="-2.046450000">
        <ele>507.000</ele>
      </trkpt>
      <trkpt lat="42.911690000" lon="-2.046440000">
        <ele>507.000</ele>
      </trkpt>
      <trkpt lat="42.911700000" lon="-2.046440000">
        <ele>507.000</ele>
      </trkpt>
      <trkpt lat="42.911700000" lon="-2.046430000">
        <ele>507.000</ele>
      </trkpt>
      <trkpt lat="42.911710000" lon="-2.046430000">
        <ele>507.000</ele>
      </trkpt>
      <trkpt lat="42.911720000" lon="-2.046430000">
        <ele>507.000</ele>
      </trkpt>
      <trkpt lat="42.911760000" lon="-2.046370000">
        <ele>507.000</ele>
      </trkpt>
      <trkpt lat="42.911830000" lon="-2.046230000">
        <ele>507.000</ele>
      </trkpt>
      <trkpt lat="42.911910000" lon="-2.046050000">
        <ele>507.000</ele>
      </trkpt>
      <trkpt lat="42.911920000" lon="-2.046040000">
        <ele>507.000</ele>
      </trkpt>
      <trkpt lat="42.912010000" lon="-2.045780000">
        <ele>507.000</ele>
      </trkpt>
      <trkpt lat="42.912170000" lon="-2.045360000">
        <ele>507.000</ele>
      </trkpt>
      <trkpt lat="42.912290000" lon="-2.045060000">
        <ele>507.000</ele>
      </trkpt>
      <trkpt lat="42.912330000" lon="-2.044970000">
        <ele>506.000</ele>
      </trkpt>
      <trkpt lat="42.912380000" lon="-2.044840000">
        <ele>506.000</ele>
      </trkpt>
      <trkpt lat="42.912490000" lon="-2.044620000">
        <ele>506.000</ele>
      </trkpt>
      <trkpt lat="42.912610000" lon="-2.044380000">
        <ele>506.000</ele>
      </trkpt>
      <trkpt lat="42.912640000" lon="-2.044320000">
        <ele>505.000</ele>
      </trkpt>
      <trkpt lat="42.912700000" lon="-2.044210000">
        <ele>505.000</ele>
      </trkpt>
      <trkpt lat="42.912730000" lon="-2.044170000">
        <ele>505.000</ele>
      </trkpt>
      <trkpt lat="42.912850000" lon="-2.043950000">
        <ele>505.000</ele>
      </trkpt>
      <trkpt lat="42.912980000" lon="-2.043720000">
        <ele>505.000</ele>
      </trkpt>
      <trkpt lat="42.913120000" lon="-2.043510000">
        <ele>504.000</ele>
      </trkpt>
      <trkpt lat="42.913300000" lon="-2.043260000">
        <ele>504.000</ele>
      </trkpt>
      <trkpt lat="42.913370000" lon="-2.043170000">
        <ele>504.000</ele>
      </trkpt>
      <trkpt lat="42.913610000" lon="-2.042900000">
        <ele>504.000</ele>
      </trkpt>
      <trkpt lat="42.913650000" lon="-2.042860000">
        <ele>504.000</ele>
      </trkpt>
      <trkpt lat="42.913790000" lon="-2.042710000">
        <ele>503.000</ele>
      </trkpt>
      <trkpt lat="42.913820000" lon="-2.042670000">
        <ele>503.000</ele>
      </trkpt>
      <trkpt lat="42.913850000" lon="-2.042640000">
        <ele>503.000</ele>
      </trkpt>
      <trkpt lat="42.914080000" lon="-2.042420000">
        <ele>503.000</ele>
      </trkpt>
      <trkpt lat="42.914250000" lon="-2.042250000">
        <ele>503.000</ele>
      </trkpt>
      <trkpt lat="42.914280000" lon="-2.042230000">
        <ele>503.000</ele>
      </trkpt>
      <trkpt lat="42.914370000" lon="-2.042150000">
        <ele>502.000</ele>
      </trkpt>
      <trkpt lat="42.914650000" lon="-2.041890000">
        <ele>502.000</ele>
      </trkpt>
      <trkpt lat="42.914700000" lon="-2.041840000">
        <ele>501.000</ele>
      </trkpt>
      <trkpt lat="42.914770000" lon="-2.041760000">
        <ele>501.000</ele>
      </trkpt>
      <trkpt lat="42.914890000" lon="-2.041640000">
        <ele>500.000</ele>
      </trkpt>
      <trkpt lat="42.915000000" lon="-2.041520000">
        <ele>500.000</ele>
      </trkpt>
      <trkpt lat="42.915250000" lon="-2.041220000">
        <ele>499.000</ele>
      </trkpt>
      <trkpt lat="42.915290000" lon="-2.041140000">
        <ele>498.000</ele>
      </trkpt>
      <trkpt lat="42.915310000" lon="-2.041120000">
        <ele>498.000</ele>
      </trkpt>
      <trkpt lat="42.915450000" lon="-2.040860000">
        <ele>497.000</ele>
      </trkpt>
      <trkpt lat="42.915630000" lon="-2.040390000">
        <ele>496.000</ele>
      </trkpt>
      <trkpt lat="42.915680000" lon="-2.040270000">
        <ele>496.000</ele>
      </trkpt>
      <trkpt lat="42.915860000" lon="-2.039560000">
        <ele>495.000</ele>
      </trkpt>
      <trkpt lat="42.915920000" lon="-2.039280000">
        <ele>495.000</ele>
      </trkpt>
      <trkpt lat="42.916040000" lon="-2.038910000">
        <ele>494.000</ele>
      </trkpt>
      <trkpt lat="42.916070000" lon="-2.038800000">
        <ele>494.000</ele>
      </trkpt>
      <trkpt lat="42.916160000" lon="-2.038630000">
        <ele>494.000</ele>
      </trkpt>
      <trkpt lat="42.916270000" lon="-2.038390000">
        <ele>493.000</ele>
      </trkpt>
      <trkpt lat="42.916300000" lon="-2.038320000">
        <ele>493.000</ele>
      </trkpt>
      <trkpt lat="42.916530000" lon="-2.037860000">
        <ele>493.000</ele>
      </trkpt>
      <trkpt lat="42.916570000" lon="-2.037800000">
        <ele>493.000</ele>
      </trkpt>
      <trkpt lat="42.916640000" lon="-2.037700000">
        <ele>493.000</ele>
      </trkpt>
      <trkpt lat="42.916770000" lon="-2.037480000">
        <ele>493.000</ele>
      </trkpt>
      <trkpt lat="42.916860000" lon="-2.037300000">
        <ele>493.000</ele>
      </trkpt>
      <trkpt lat="42.916940000" lon="-2.037150000">
        <ele>493.000</ele>
      </trkpt>
      <trkpt lat="42.916980000" lon="-2.037070000">
        <ele>493.000</ele>
      </trkpt>
      <trkpt lat="42.917090000" lon="-2.036870000">
        <ele>493.000</ele>
      </trkpt>
      <trkpt lat="42.917280000" lon="-2.036540000">
        <ele>493.000</ele>
      </trkpt>
      <trkpt lat="42.917440000" lon="-2.036230000">
        <ele>493.000</ele>
      </trkpt>
      <trkpt lat="42.917530000" lon="-2.036070000">
        <ele>493.000</ele>
      </trkpt>
      <trkpt lat="42.917650000" lon="-2.035850000">
        <ele>493.000</ele>
      </trkpt>
      <trkpt lat="42.917740000" lon="-2.035680000">
        <ele>492.000</ele>
      </trkpt>
      <trkpt lat="42.917850000" lon="-2.035490000">
        <ele>492.000</ele>
      </trkpt>
      <trkpt lat="42.917880000" lon="-2.035410000">
        <ele>492.000</ele>
      </trkpt>
      <trkpt lat="42.918060000" lon="-2.035100000">
        <ele>492.000</ele>
      </trkpt>
      <trkpt lat="42.918170000" lon="-2.034900000">
        <ele>492.000</ele>
      </trkpt>
      <trkpt lat="42.918200000" lon="-2.034830000">
        <ele>492.000</ele>
      </trkpt>
      <trkpt lat="42.918330000" lon="-2.034550000">
        <ele>492.000</ele>
      </trkpt>
      <trkpt lat="42.918430000" lon="-2.034320000">
        <ele>491.000</ele>
      </trkpt>
      <trkpt lat="42.918480000" lon="-2.034210000">
        <ele>491.000</ele>
      </trkpt>
      <trkpt lat="42.918520000" lon="-2.034110000">
        <ele>491.000</ele>
      </trkpt>
      <trkpt lat="42.918630000" lon="-2.033830000">
        <ele>491.000</ele>
      </trkpt>
      <trkpt lat="42.918710000" lon="-2.033610000">
        <ele>491.000</ele>
      </trkpt>
      <trkpt lat="42.919170000" lon="-2.032390000">
        <ele>490.000</ele>
      </trkpt>
      <trkpt lat="42.919190000" lon="-2.032350000">
        <ele>489.000</ele>
      </trkpt>
      <trkpt lat="42.919500000" lon="-2.031520000">
        <ele>488.000</ele>
      </trkpt>
      <trkpt lat="42.919530000" lon="-2.031420000">
        <ele>487.000</ele>
      </trkpt>
      <trkpt lat="42.919540000" lon="-2.031370000">
        <ele>487.000</ele>
      </trkpt>
      <trkpt lat="42.919580000" lon="-2.031270000">
        <ele>486.000</ele>
      </trkpt>
      <trkpt lat="42.919810000" lon="-2.030600000">
        <ele>486.000</ele>
      </trkpt>
      <trkpt lat="42.919940000" lon="-2.030190000">
        <ele>485.000</ele>
      </trkpt>
      <trkpt lat="42.920000000" lon="-2.030000000">
        <ele>485.000</ele>
      </trkpt>
      <trkpt lat="42.920070000" lon="-2.029790000">
        <ele>485.000</ele>
      </trkpt>
      <trkpt lat="42.920130000" lon="-2.029600000">
        <ele>484.000</ele>
      </trkpt>
      <trkpt lat="42.920160000" lon="-2.029480000">
        <ele>484.000</ele>
      </trkpt>
      <trkpt lat="42.920180000" lon="-2.029390000">
        <ele>484.000</ele>
      </trkpt>
      <trkpt lat="42.920260000" lon="-2.029070000">
        <ele>484.000</ele>
      </trkpt>
      <trkpt lat="42.920320000" lon="-2.028780000">
        <ele>484.000</ele>
      </trkpt>
      <trkpt lat="42.920350000" lon="-2.028620000">
        <ele>484.000</ele>
      </trkpt>
      <trkpt lat="42.920390000" lon="-2.028330000">
        <ele>484.000</ele>
      </trkpt>
      <trkpt lat="42.920430000" lon="-2.027860000">
        <ele>484.000</ele>
      </trkpt>
      <trkpt lat="42.920440000" lon="-2.027810000">
        <ele>484.000</ele>
      </trkpt>
      <trkpt lat="42.920440000" lon="-2.026960000">
        <ele>484.000</ele>
      </trkpt>
      <trkpt lat="42.920450000" lon="-2.026880000">
        <ele>484.000</ele>
      </trkpt>
      <trkpt lat="42.920450000" lon="-2.026630000">
        <ele>484.000</ele>
      </trkpt>
      <trkpt lat="42.920450000" lon="-2.026420000">
        <ele>484.000</ele>
      </trkpt>
      <trkpt lat="42.920430000" lon="-2.025640000">
        <ele>485.000</ele>
      </trkpt>
      <trkpt lat="42.920430000" lon="-2.025400000">
        <ele>486.000</ele>
      </trkpt>
      <trkpt lat="42.920420000" lon="-2.025150000">
        <ele>487.000</ele>
      </trkpt>
      <trkpt lat="42.920420000" lon="-2.024940000">
        <ele>488.000</ele>
      </trkpt>
      <trkpt lat="42.920430000" lon="-2.024660000">
        <ele>489.000</ele>
      </trkpt>
      <trkpt lat="42.920440000" lon="-2.024420000">
        <ele>490.000</ele>
      </trkpt>
      <trkpt lat="42.920450000" lon="-2.024020000">
        <ele>491.000</ele>
      </trkpt>
      <trkpt lat="42.920490000" lon="-2.023500000">
        <ele>492.000</ele>
      </trkpt>
      <trkpt lat="42.920510000" lon="-2.023350000">
        <ele>492.000</ele>
      </trkpt>
      <trkpt lat="42.920520000" lon="-2.023280000">
        <ele>492.000</ele>
      </trkpt>
      <trkpt lat="42.920520000" lon="-2.023250000">
        <ele>493.000</ele>
      </trkpt>
      <trkpt lat="42.920530000" lon="-2.023210000">
        <ele>493.000</ele>
      </trkpt>
      <trkpt lat="42.920540000" lon="-2.023110000">
        <ele>493.000</ele>
      </trkpt>
      <trkpt lat="42.920560000" lon="-2.022970000">
        <ele>493.000</ele>
      </trkpt>
      <trkpt lat="42.920590000" lon="-2.022780000">
        <ele>493.000</ele>
      </trkpt>
      <trkpt lat="42.920590000" lon="-2.022770000">
        <ele>493.000</ele>
      </trkpt>
      <trkpt lat="42.920680000" lon="-2.022280000">
        <ele>492.000</ele>
      </trkpt>
      <trkpt lat="42.920710000" lon="-2.022070000">
        <ele>492.000</ele>
      </trkpt>
      <trkpt lat="42.920750000" lon="-2.021880000">
        <ele>492.000</ele>
      </trkpt>
      <trkpt lat="42.920770000" lon="-2.021790000">
        <ele>492.000</ele>
      </trkpt>
      <trkpt lat="42.920770000" lon="-2.021790000">
        <ele>492.000</ele>
      </trkpt>
      <trkpt lat="42.920840000" lon="-2.021480000">
        <ele>492.000</ele>
      </trkpt>
      <trkpt lat="42.920870000" lon="-2.021440000">
        <ele>492.000</ele>
      </trkpt>
      <trkpt lat="42.921100000" lon="-2.020650000">
        <ele>491.000</ele>
      </trkpt>
      <trkpt lat="42.921190000" lon="-2.020430000">
        <ele>490.000</ele>
      </trkpt>
      <trkpt lat="42.921250000" lon="-2.020270000">
        <ele>489.000</ele>
      </trkpt>
      <trkpt lat="42.921360000" lon="-2.019970000">
        <ele>488.000</ele>
      </trkpt>
      <trkpt lat="42.921430000" lon="-2.019800000">
        <ele>487.000</ele>
      </trkpt>
      <trkpt lat="42.921570000" lon="-2.019390000">
        <ele>486.000</ele>
      </trkpt>
      <trkpt lat="42.921580000" lon="-2.019370000">
        <ele>485.000</ele>
      </trkpt>
      <trkpt lat="42.921600000" lon="-2.019310000">
        <ele>484.000</ele>
      </trkpt>
      <trkpt lat="42.921670000" lon="-2.019110000">
        <ele>484.000</ele>
      </trkpt>
      <trkpt lat="42.921820000" lon="-2.018650000">
        <ele>483.000</ele>
      </trkpt>
      <trkpt lat="42.921920000" lon="-2.018350000">
        <ele>482.000</ele>
      </trkpt>
      <trkpt lat="42.921980000" lon="-2.018170000">
        <ele>481.000</ele>
      </trkpt>
      <trkpt lat="42.922080000" lon="-2.017720000">
        <ele>480.000</ele>
      </trkpt>
      <trkpt lat="42.922110000" lon="-2.017600000">
        <ele>480.000</ele>
      </trkpt>
      <trkpt lat="42.922140000" lon="-2.017390000">
        <ele>479.000</ele>
      </trkpt>
      <trkpt lat="42.922150000" lon="-2.017360000">
        <ele>479.000</ele>
      </trkpt>
      <trkpt lat="42.922180000" lon="-2.017170000">
        <ele>478.000</ele>
      </trkpt>
      <trkpt lat="42.922220000" lon="-2.016890000">
        <ele>478.000</ele>
      </trkpt>
      <trkpt lat="42.922270000" lon="-2.016550000">
        <ele>477.000</ele>
      </trkpt>
      <trkpt lat="42.922270000" lon="-2.016450000">
        <ele>476.000</ele>
      </trkpt>
      <trkpt lat="42.922290000" lon="-2.016200000">
        <ele>476.000</ele>
      </trkpt>
      <trkpt lat="42.922300000" lon="-2.016050000">
        <ele>476.000</ele>
      </trkpt>
      <trkpt lat="42.922310000" lon="-2.015950000">
        <ele>475.000</ele>
      </trkpt>
      <trkpt lat="42.922320000" lon="-2.015750000">
        <ele>475.000</ele>
      </trkpt>
      <trkpt lat="42.922330000" lon="-2.015520000">
        <ele>475.000</ele>
      </trkpt>
      <trkpt lat="42.922330000" lon="-2.015460000">
        <ele>475.000</ele>
      </trkpt>
      <trkpt lat="42.922330000" lon="-2.015210000">
        <ele>475.000</ele>
      </trkpt>
      <trkpt lat="42.922330000" lon="-2.014820000">
        <ele>474.000</ele>
      </trkpt>
      <trkpt lat="42.922330000" lon="-2.014570000">
        <ele>474.000</ele>
      </trkpt>
      <trkpt lat="42.922330000" lon="-2.014460000">
        <ele>474.000</ele>
      </trkpt>
      <trkpt lat="42.922320000" lon="-2.014180000">
        <ele>474.000</ele>
      </trkpt>
      <trkpt lat="42.922320000" lon="-2.014110000">
        <ele>473.000</ele>
      </trkpt>
      <trkpt lat="42.922340000" lon="-2.013620000">
        <ele>473.000</ele>
      </trkpt>
      <trkpt lat="42.922340000" lon="-2.013520000">
        <ele>473.000</ele>
      </trkpt>
      <trkpt lat="42.922380000" lon="-2.013030000">
        <ele>473.000</ele>
      </trkpt>
      <trkpt lat="42.922390000" lon="-2.012790000">
        <ele>473.000</ele>
      </trkpt>
      <trkpt lat="42.922400000" lon="-2.012710000">
        <ele>473.000</ele>
      </trkpt>
      <trkpt lat="42.922430000" lon="-2.012470000">
        <ele>473.000</ele>
      </trkpt>
      <trkpt lat="42.922450000" lon="-2.012340000">
        <ele>473.000</ele>
      </trkpt>
      <trkpt lat="42.922470000" lon="-2.012140000">
        <ele>473.000</ele>
      </trkpt>
      <trkpt lat="42.922490000" lon="-2.011950000">
        <ele>473.000</ele>
      </trkpt>
      <trkpt lat="42.922550000" lon="-2.011420000">
        <ele>473.000</ele>
      </trkpt>
      <trkpt lat="42.922580000" lon="-2.011150000">
        <ele>473.000</ele>
      </trkpt>
      <trkpt lat="42.922590000" lon="-2.011130000">
        <ele>473.000</ele>
      </trkpt>
      <trkpt lat="42.922610000" lon="-2.010950000">
        <ele>473.000</ele>
      </trkpt>
      <trkpt lat="42.922610000" lon="-2.010890000">
        <ele>473.000</ele>
      </trkpt>
      <trkpt lat="42.922650000" lon="-2.010500000">
        <ele>473.000</ele>
      </trkpt>
      <trkpt lat="42.922680000" lon="-2.010140000">
        <ele>473.000</ele>
      </trkpt>
      <trkpt lat="42.922690000" lon="-2.009950000">
        <ele>473.000</ele>
      </trkpt>
      <trkpt lat="42.922690000" lon="-2.009200000">
        <ele>473.000</ele>
      </trkpt>
      <trkpt lat="42.922690000" lon="-2.009170000">
        <ele>473.000</ele>
      </trkpt>
      <trkpt lat="42.922690000" lon="-2.009150000">
        <ele>473.000</ele>
      </trkpt>
      <trkpt lat="42.922690000" lon="-2.008930000">
        <ele>473.000</ele>
      </trkpt>
      <trkpt lat="42.922690000" lon="-2.008680000">
        <ele>473.000</ele>
      </trkpt>
      <trkpt lat="42.922690000" lon="-2.008520000">
        <ele>472.000</ele>
      </trkpt>
      <trkpt lat="42.922690000" lon="-2.008460000">
        <ele>472.000</ele>
      </trkpt>
      <trkpt lat="42.922690000" lon="-2.008440000">
        <ele>472.000</ele>
      </trkpt>
      <trkpt lat="42.922690000" lon="-2.007700000">
        <ele>472.000</ele>
      </trkpt>
      <trkpt lat="42.922690000" lon="-2.007500000">
        <ele>472.000</ele>
      </trkpt>
      <trkpt lat="42.922690000" lon="-2.007080000">
        <ele>472.000</ele>
      </trkpt>
      <trkpt lat="42.922690000" lon="-2.006720000">
        <ele>471.000</ele>
      </trkpt>
      <trkpt lat="42.922690000" lon="-2.006500000">
        <ele>471.000</ele>
      </trkpt>
      <trkpt lat="42.922690000" lon="-2.006470000">
        <ele>471.000</ele>
      </trkpt>
      <trkpt lat="42.922700000" lon="-2.006150000">
        <ele>471.000</ele>
      </trkpt>
      <trkpt lat="42.922720000" lon="-2.005880000">
        <ele>471.000</ele>
      </trkpt>
      <trkpt lat="42.922760000" lon="-2.005490000">
        <ele>470.000</ele>
      </trkpt>
      <trkpt lat="42.922760000" lon="-2.005420000">
        <ele>470.000</ele>
      </trkpt>
      <trkpt lat="42.922790000" lon="-2.005250000">
        <ele>470.000</ele>
      </trkpt>
      <trkpt lat="42.922800000" lon="-2.005140000">
        <ele>470.000</ele>
      </trkpt>
      <trkpt lat="42.922820000" lon="-2.005040000">
        <ele>470.000</ele>
      </trkpt>
      <trkpt lat="42.922840000" lon="-2.004910000">
        <ele>470.000</ele>
      </trkpt>
      <trkpt lat="42.922860000" lon="-2.004770000">
        <ele>470.000</ele>
      </trkpt>
      <trkpt lat="42.922890000" lon="-2.004530000">
        <ele>470.000</ele>
      </trkpt>
      <trkpt lat="42.922900000" lon="-2.004410000">
        <ele>469.000</ele>
      </trkpt>
      <trkpt lat="42.922920000" lon="-2.004340000">
        <ele>469.000</ele>
      </trkpt>
      <trkpt lat="42.922930000" lon="-2.004290000">
        <ele>469.000</ele>
      </trkpt>
      <trkpt lat="42.922970000" lon="-2.004080000">
        <ele>469.000</ele>
      </trkpt>
      <trkpt lat="42.922980000" lon="-2.004050000">
        <ele>469.000</ele>
      </trkpt>
      <trkpt lat="42.923020000" lon="-2.003810000">
        <ele>469.000</ele>
      </trkpt>
      <trkpt lat="42.923030000" lon="-2.003770000">
        <ele>469.000</ele>
      </trkpt>
      <trkpt lat="42.923090000" lon="-2.003530000">
        <ele>469.000</ele>
      </trkpt>
      <trkpt lat="42.923140000" lon="-2.003350000">
        <ele>469.000</ele>
      </trkpt>
      <trkpt lat="42.923150000" lon="-2.003340000">
        <ele>469.000</ele>
      </trkpt>
      <trkpt lat="42.923210000" lon="-2.003170000">
        <ele>469.000</ele>
      </trkpt>
      <trkpt lat="42.923220000" lon="-2.003160000">
        <ele>469.000</ele>
      </trkpt>
      <trkpt lat="42.923340000" lon="-2.002980000">
        <ele>469.000</ele>
      </trkpt>
      <trkpt lat="42.923360000" lon="-2.002950000">
        <ele>469.000</ele>
      </trkpt>
      <trkpt lat="42.923470000" lon="-2.002840000">
        <ele>469.000</ele>
      </trkpt>
      <trkpt lat="42.923650000" lon="-2.002670000">
        <ele>469.000</ele>
      </trkpt>
      <trkpt lat="42.923780000" lon="-2.002550000">
        <ele>469.000</ele>
      </trkpt>
      <trkpt lat="42.923910000" lon="-2.002430000">
        <ele>469.000</ele>
      </trkpt>
      <trkpt lat="42.923930000" lon="-2.002410000">
        <ele>469.000</ele>
      </trkpt>
      <trkpt lat="42.924010000" lon="-2.002310000">
        <ele>469.000</ele>
      </trkpt>
      <trkpt lat="42.924060000" lon="-2.002220000">
        <ele>469.000</ele>
      </trkpt>
      <trkpt lat="42.924110000" lon="-2.002140000">
        <ele>469.000</ele>
      </trkpt>
      <trkpt lat="42.924170000" lon="-2.001980000">
        <ele>469.000</ele>
      </trkpt>
      <trkpt lat="42.924220000" lon="-2.001800000">
        <ele>469.000</ele>
      </trkpt>
      <trkpt lat="42.924220000" lon="-2.001760000">
        <ele>469.000</ele>
      </trkpt>
      <trkpt lat="42.924220000" lon="-2.001750000">
        <ele>469.000</ele>
      </trkpt>
      <trkpt lat="42.924240000" lon="-2.001670000">
        <ele>469.000</ele>
      </trkpt>
      <trkpt lat="42.924250000" lon="-2.001530000">
        <ele>469.000</ele>
      </trkpt>
      <trkpt lat="42.924250000" lon="-2.001440000">
        <ele>469.000</ele>
      </trkpt>
      <trkpt lat="42.924250000" lon="-2.001340000">
        <ele>469.000</ele>
      </trkpt>
      <trkpt lat="42.924230000" lon="-2.001210000">
        <ele>469.000</ele>
      </trkpt>
      <trkpt lat="42.924210000" lon="-2.001090000">
        <ele>469.000</ele>
      </trkpt>
      <trkpt lat="42.924200000" lon="-2.001030000">
        <ele>469.000</ele>
      </trkpt>
      <trkpt lat="42.924180000" lon="-2.000960000">
        <ele>469.000</ele>
      </trkpt>
      <trkpt lat="42.924130000" lon="-2.000790000">
        <ele>469.000</ele>
      </trkpt>
      <trkpt lat="42.924070000" lon="-2.000570000">
        <ele>469.000</ele>
      </trkpt>
      <trkpt lat="42.923960000" lon="-2.000210000">
        <ele>469.000</ele>
      </trkpt>
      <trkpt lat="42.923880000" lon="-1.999890000">
        <ele>469.000</ele>
      </trkpt>
      <trkpt lat="42.923860000" lon="-1.999840000">
        <ele>469.000</ele>
      </trkpt>
      <trkpt lat="42.923830000" lon="-1.999670000">
        <ele>469.000</ele>
      </trkpt>
      <trkpt lat="42.923730000" lon="-1.999260000">
        <ele>469.000</ele>
      </trkpt>
      <trkpt lat="42.923720000" lon="-1.999190000">
        <ele>468.000</ele>
      </trkpt>
      <trkpt lat="42.923650000" lon="-1.998890000">
        <ele>468.000</ele>
      </trkpt>
      <trkpt lat="42.923610000" lon="-1.998740000">
        <ele>468.000</ele>
      </trkpt>
      <trkpt lat="42.923510000" lon="-1.998250000">
        <ele>468.000</ele>
      </trkpt>
      <trkpt lat="42.923460000" lon="-1.997930000">
        <ele>468.000</ele>
      </trkpt>
      <trkpt lat="42.923450000" lon="-1.997840000">
        <ele>468.000</ele>
      </trkpt>
      <trkpt lat="42.923400000" lon="-1.997480000">
        <ele>468.000</ele>
      </trkpt>
      <trkpt lat="42.923280000" lon="-1.996620000">
        <ele>467.000</ele>
      </trkpt>
      <trkpt lat="42.923250000" lon="-1.996400000">
        <ele>467.000</ele>
      </trkpt>
      <trkpt lat="42.923170000" lon="-1.995940000">
        <ele>467.000</ele>
      </trkpt>
      <trkpt lat="42.923130000" lon="-1.995680000">
        <ele>467.000</ele>
      </trkpt>
      <trkpt lat="42.923110000" lon="-1.995540000">
        <ele>467.000</ele>
      </trkpt>
      <trkpt lat="42.922910000" lon="-1.994220000">
        <ele>467.000</ele>
      </trkpt>
      <trkpt lat="42.922880000" lon="-1.993990000">
        <ele>467.000</ele>
      </trkpt>
      <trkpt lat="42.922800000" lon="-1.993340000">
        <ele>467.000</ele>
      </trkpt>
      <trkpt lat="42.922740000" lon="-1.992920000">
        <ele>467.000</ele>
      </trkpt>
      <trkpt lat="42.922700000" lon="-1.992540000">
        <ele>467.000</ele>
      </trkpt>
      <trkpt lat="42.922670000" lon="-1.992300000">
        <ele>467.000</ele>
      </trkpt>
      <trkpt lat="42.922670000" lon="-1.992280000">
        <ele>467.000</ele>
      </trkpt>
      <trkpt lat="42.922650000" lon="-1.992050000">
        <ele>467.000</ele>
      </trkpt>
      <trkpt lat="42.922640000" lon="-1.992040000">
        <ele>467.000</ele>
      </trkpt>
      <trkpt lat="42.922620000" lon="-1.991860000">
        <ele>467.000</ele>
      </trkpt>
      <trkpt lat="42.922620000" lon="-1.991810000">
        <ele>467.000</ele>
      </trkpt>
      <trkpt lat="42.922570000" lon="-1.991440000">
        <ele>467.000</ele>
      </trkpt>
      <trkpt lat="42.922540000" lon="-1.991190000">
        <ele>466.000</ele>
      </trkpt>
      <trkpt lat="42.922500000" lon="-1.990840000">
        <ele>466.000</ele>
      </trkpt>
      <trkpt lat="42.922470000" lon="-1.990600000">
        <ele>466.000</ele>
      </trkpt>
      <trkpt lat="42.922430000" lon="-1.990260000">
        <ele>466.000</ele>
      </trkpt>
      <trkpt lat="42.922410000" lon="-1.990110000">
        <ele>466.000</ele>
      </trkpt>
      <trkpt lat="42.922370000" lon="-1.989710000">
        <ele>466.000</ele>
      </trkpt>
      <trkpt lat="42.922310000" lon="-1.989240000">
        <ele>466.000</ele>
      </trkpt>
      <trkpt lat="42.922300000" lon="-1.989140000">
        <ele>466.000</ele>
      </trkpt>
      <trkpt lat="42.922220000" lon="-1.988420000">
        <ele>466.000</ele>
      </trkpt>
      <trkpt lat="42.922190000" lon="-1.988170000">
        <ele>466.000</ele>
      </trkpt>
      <trkpt lat="42.922170000" lon="-1.988040000">
        <ele>466.000</ele>
      </trkpt>
      <trkpt lat="42.922160000" lon="-1.987930000">
        <ele>466.000</ele>
      </trkpt>
      <trkpt lat="42.922110000" lon="-1.987480000">
        <ele>467.000</ele>
      </trkpt>
      <trkpt lat="42.922100000" lon="-1.987450000">
        <ele>468.000</ele>
      </trkpt>
      <trkpt lat="42.922080000" lon="-1.987190000">
        <ele>468.000</ele>
      </trkpt>
      <trkpt lat="42.922070000" lon="-1.987090000">
        <ele>469.000</ele>
      </trkpt>
      <trkpt lat="42.922060000" lon="-1.986970000">
        <ele>469.000</ele>
      </trkpt>
      <trkpt lat="42.922060000" lon="-1.986840000">
        <ele>470.000</ele>
      </trkpt>
      <trkpt lat="42.922060000" lon="-1.986720000">
        <ele>470.000</ele>
      </trkpt>
      <trkpt lat="42.922060000" lon="-1.986710000">
        <ele>470.000</ele>
      </trkpt>
      <trkpt lat="42.922060000" lon="-1.986700000">
        <ele>471.000</ele>
      </trkpt>
      <trkpt lat="42.922060000" lon="-1.986570000">
        <ele>471.000</ele>
      </trkpt>
      <trkpt lat="42.922070000" lon="-1.986440000">
        <ele>471.000</ele>
      </trkpt>
      <trkpt lat="42.922080000" lon="-1.986300000">
        <ele>472.000</ele>
      </trkpt>
      <trkpt lat="42.922090000" lon="-1.986150000">
        <ele>472.000</ele>
      </trkpt>
      <trkpt lat="42.922100000" lon="-1.986120000">
        <ele>472.000</ele>
      </trkpt>
      <trkpt lat="42.922110000" lon="-1.986020000">
        <ele>473.000</ele>
      </trkpt>
      <trkpt lat="42.922120000" lon="-1.985920000">
        <ele>473.000</ele>
      </trkpt>
      <trkpt lat="42.922130000" lon="-1.985890000">
        <ele>473.000</ele>
      </trkpt>
      <trkpt lat="42.922140000" lon="-1.985780000">
        <ele>473.000</ele>
      </trkpt>
      <trkpt lat="42.922150000" lon="-1.985680000">
        <ele>473.000</ele>
      </trkpt>
      <trkpt lat="42.922150000" lon="-1.985620000">
        <ele>473.000</ele>
      </trkpt>
      <trkpt lat="42.922150000" lon="-1.985570000">
        <ele>473.000</ele>
      </trkpt>
      <trkpt lat="42.922120000" lon="-1.985420000">
        <ele>473.000</ele>
      </trkpt>
      <trkpt lat="42.922120000" lon="-1.985420000">
        <ele>473.000</ele>
      </trkpt>
      <trkpt lat="42.922110000" lon="-1.985420000">
        <ele>473.000</ele>
      </trkpt>
      <trkpt lat="42.922100000" lon="-1.985410000">
        <ele>473.000</ele>
      </trkpt>
      <trkpt lat="42.922090000" lon="-1.985410000">
        <ele>473.000</ele>
      </trkpt>
      <trkpt lat="42.922080000" lon="-1.985400000">
        <ele>473.000</ele>
      </trkpt>
      <trkpt lat="42.922070000" lon="-1.985390000">
        <ele>473.000</ele>
      </trkpt>
      <trkpt lat="42.922060000" lon="-1.985390000">
        <ele>473.000</ele>
      </trkpt>
      <trkpt lat="42.922060000" lon="-1.985380000">
        <ele>473.000</ele>
      </trkpt>
      <trkpt lat="42.922050000" lon="-1.985370000">
        <ele>473.000</ele>
      </trkpt>
      <trkpt lat="42.922050000" lon="-1.985360000">
        <ele>473.000</ele>
      </trkpt>
      <trkpt lat="42.922040000" lon="-1.985360000">
        <ele>473.000</ele>
      </trkpt>
      <trkpt lat="42.922040000" lon="-1.985350000">
        <ele>473.000</ele>
      </trkpt>
      <trkpt lat="42.922040000" lon="-1.985340000">
        <ele>473.000</ele>
      </trkpt>
      <trkpt lat="42.922030000" lon="-1.985340000">
        <ele>473.000</ele>
      </trkpt>
      <trkpt lat="42.922030000" lon="-1.985330000">
        <ele>473.000</ele>
      </trkpt>
      <trkpt lat="42.922030000" lon="-1.985320000">
        <ele>473.000</ele>
      </trkpt>
      <trkpt lat="42.922020000" lon="-1.985310000">
        <ele>473.000</ele>
      </trkpt>
      <trkpt lat="42.922020000" lon="-1.985300000">
        <ele>473.000</ele>
      </trkpt>
      <trkpt lat="42.922020000" lon="-1.985290000">
        <ele>473.000</ele>
      </trkpt>
      <trkpt lat="42.922020000" lon="-1.985280000">
        <ele>473.000</ele>
      </trkpt>
      <trkpt lat="42.922020000" lon="-1.985270000">
        <ele>473.000</ele>
      </trkpt>
      <trkpt lat="42.922020000" lon="-1.985260000">
        <ele>473.000</ele>
      </trkpt>
      <trkpt lat="42.922020000" lon="-1.985250000">
        <ele>473.000</ele>
      </trkpt>
      <trkpt lat="42.922020000" lon="-1.985240000">
        <ele>473.000</ele>
      </trkpt>
      <trkpt lat="42.922020000" lon="-1.985230000">
        <ele>473.000</ele>
      </trkpt>
      <trkpt lat="42.922020000" lon="-1.985220000">
        <ele>473.000</ele>
      </trkpt>
      <trkpt lat="42.922030000" lon="-1.985210000">
        <ele>473.000</ele>
      </trkpt>
      <trkpt lat="42.922030000" lon="-1.985200000">
        <ele>473.000</ele>
      </trkpt>
      <trkpt lat="42.922030000" lon="-1.985190000">
        <ele>473.000</ele>
      </trkpt>
      <trkpt lat="42.922030000" lon="-1.985180000">
        <ele>473.000</ele>
      </trkpt>
      <trkpt lat="42.922040000" lon="-1.985180000">
        <ele>473.000</ele>
      </trkpt>
      <trkpt lat="42.922040000" lon="-1.985170000">
        <ele>473.000</ele>
      </trkpt>
      <trkpt lat="42.922040000" lon="-1.985160000">
        <ele>473.000</ele>
      </trkpt>
      <trkpt lat="42.922050000" lon="-1.985160000">
        <ele>473.000</ele>
      </trkpt>
      <trkpt lat="42.922060000" lon="-1.985140000">
        <ele>473.000</ele>
      </trkpt>
      <trkpt lat="42.922070000" lon="-1.985130000">
        <ele>473.000</ele>
      </trkpt>
      <trkpt lat="42.922080000" lon="-1.985120000">
        <ele>473.000</ele>
      </trkpt>
      <trkpt lat="42.922090000" lon="-1.985120000">
        <ele>473.000</ele>
      </trkpt>
      <trkpt lat="42.922090000" lon="-1.985110000">
        <ele>473.000</ele>
      </trkpt>
      <trkpt lat="42.922100000" lon="-1.985110000">
        <ele>473.000</ele>
      </trkpt>
      <trkpt lat="42.922110000" lon="-1.985110000">
        <ele>473.000</ele>
      </trkpt>
      <trkpt lat="42.922120000" lon="-1.985100000">
        <ele>473.000</ele>
      </trkpt>
      <trkpt lat="42.922130000" lon="-1.985100000">
        <ele>473.000</ele>
      </trkpt>
      <trkpt lat="42.922140000" lon="-1.985100000">
        <ele>473.000</ele>
      </trkpt>
      <trkpt lat="42.922150000" lon="-1.985100000">
        <ele>473.000</ele>
      </trkpt>
      <trkpt lat="42.922160000" lon="-1.985100000">
        <ele>473.000</ele>
      </trkpt>
      <trkpt lat="42.922170000" lon="-1.985110000">
        <ele>473.000</ele>
      </trkpt>
      <trkpt lat="42.922180000" lon="-1.985110000">
        <ele>473.000</ele>
      </trkpt>
      <trkpt lat="42.922180000" lon="-1.985120000">
        <ele>473.000</ele>
      </trkpt>
      <trkpt lat="42.922190000" lon="-1.985120000">
        <ele>473.000</ele>
      </trkpt>
      <trkpt lat="42.922200000" lon="-1.985130000">
        <ele>473.000</ele>
      </trkpt>
      <trkpt lat="42.922210000" lon="-1.985140000">
        <ele>473.000</ele>
      </trkpt>
      <trkpt lat="42.922220000" lon="-1.985150000">
        <ele>473.000</ele>
      </trkpt>
      <trkpt lat="42.922230000" lon="-1.985160000">
        <ele>473.000</ele>
      </trkpt>
      <trkpt lat="42.922290000" lon="-1.985190000">
        <ele>473.000</ele>
      </trkpt>
      <trkpt lat="42.922350000" lon="-1.985200000">
        <ele>473.000</ele>
      </trkpt>
      <trkpt lat="42.922400000" lon="-1.985210000">
        <ele>473.000</ele>
      </trkpt>
      <trkpt lat="42.922480000" lon="-1.985210000">
        <ele>473.000</ele>
      </trkpt>
      <trkpt lat="42.922520000" lon="-1.985200000">
        <ele>473.000</ele>
      </trkpt>
      <trkpt lat="42.922550000" lon="-1.985180000">
        <ele>473.000</ele>
      </trkpt>
      <trkpt lat="42.922580000" lon="-1.985170000">
        <ele>473.000</ele>
      </trkpt>
      <trkpt lat="42.922600000" lon="-1.985150000">
        <ele>473.000</ele>
      </trkpt>
      <trkpt lat="42.922640000" lon="-1.985120000">
        <ele>473.000</ele>
      </trkpt>
      <trkpt lat="42.922650000" lon="-1.985110000">
        <ele>473.000</ele>
      </trkpt>
      <trkpt lat="42.922670000" lon="-1.985100000">
        <ele>473.000</ele>
      </trkpt>
      <trkpt lat="42.922750000" lon="-1.985010000">
        <ele>473.000</ele>
      </trkpt>
      <trkpt lat="42.922790000" lon="-1.984950000">
        <ele>473.000</ele>
      </trkpt>
      <trkpt lat="42.922800000" lon="-1.984930000">
        <ele>473.000</ele>
      </trkpt>
      <trkpt lat="42.922860000" lon="-1.984790000">
        <ele>473.000</ele>
      </trkpt>
      <trkpt lat="42.922900000" lon="-1.984650000">
        <ele>473.000</ele>
      </trkpt>
      <trkpt lat="42.922920000" lon="-1.984530000">
        <ele>473.000</ele>
      </trkpt>
      <trkpt lat="42.922920000" lon="-1.984510000">
        <ele>473.000</ele>
      </trkpt>
      <trkpt lat="42.922920000" lon="-1.984390000">
        <ele>473.000</ele>
      </trkpt>
      <trkpt lat="42.922900000" lon="-1.984270000">
        <ele>473.000</ele>
      </trkpt>
      <trkpt lat="42.922870000" lon="-1.984150000">
        <ele>473.000</ele>
      </trkpt>
      <trkpt lat="42.922830000" lon="-1.984040000">
        <ele>473.000</ele>
      </trkpt>
      <trkpt lat="42.922770000" lon="-1.983940000">
        <ele>473.000</ele>
      </trkpt>
      <trkpt lat="42.922730000" lon="-1.983880000">
        <ele>473.000</ele>
      </trkpt>
      <trkpt lat="42.922700000" lon="-1.983860000">
        <ele>473.000</ele>
      </trkpt>
      <trkpt lat="42.922630000" lon="-1.983790000">
        <ele>473.000</ele>
      </trkpt>
      <trkpt lat="42.922560000" lon="-1.983710000">
        <ele>473.000</ele>
      </trkpt>
      <trkpt lat="42.922500000" lon="-1.983640000">
        <ele>473.000</ele>
      </trkpt>
      <trkpt lat="42.922490000" lon="-1.983630000">
        <ele>473.000</ele>
      </trkpt>
      <trkpt lat="42.922440000" lon="-1.983560000">
        <ele>473.000</ele>
      </trkpt>
      <trkpt lat="42.922430000" lon="-1.983540000">
        <ele>473.000</ele>
      </trkpt>
      <trkpt lat="42.922370000" lon="-1.983430000">
        <ele>472.000</ele>
      </trkpt>
      <trkpt lat="42.922310000" lon="-1.983320000">
        <ele>472.000</ele>
      </trkpt>
      <trkpt lat="42.922270000" lon="-1.983160000">
        <ele>472.000</ele>
      </trkpt>
      <trkpt lat="42.922200000" lon="-1.982880000">
        <ele>472.000</ele>
      </trkpt>
      <trkpt lat="42.922190000" lon="-1.982820000">
        <ele>472.000</ele>
      </trkpt>
      <trkpt lat="42.922140000" lon="-1.982570000">
        <ele>472.000</ele>
      </trkpt>
      <trkpt lat="42.921900000" lon="-1.981440000">
        <ele>471.000</ele>
      </trkpt>
      <trkpt lat="42.921850000" lon="-1.981230000">
        <ele>471.000</ele>
      </trkpt>
      <trkpt lat="42.921800000" lon="-1.981010000">
        <ele>471.000</ele>
      </trkpt>
      <trkpt lat="42.921740000" lon="-1.980750000">
        <ele>470.000</ele>
      </trkpt>
      <trkpt lat="42.921740000" lon="-1.980750000">
        <ele>470.000</ele>
      </trkpt>
      <trkpt lat="42.921940000" lon="-1.980710000">
        <ele>470.000</ele>
      </trkpt>
      <trkpt lat="42.922090000" lon="-1.980670000">
        <ele>470.000</ele>
      </trkpt>
      <trkpt lat="42.922100000" lon="-1.980670000">
        <ele>469.000</ele>
      </trkpt>
      <trkpt lat="42.922190000" lon="-1.980640000">
        <ele>469.000</ele>
      </trkpt>
      <trkpt lat="42.922340000" lon="-1.980590000">
        <ele>469.000</ele>
      </trkpt>
      <trkpt lat="42.922450000" lon="-1.980570000">
        <ele>469.000</ele>
      </trkpt>
      <trkpt lat="42.922610000" lon="-1.980550000">
        <ele>469.000</ele>
      </trkpt>
      <trkpt lat="42.922630000" lon="-1.980550000">
        <ele>468.000</ele>
      </trkpt>
      <trkpt lat="42.922730000" lon="-1.980550000">
        <ele>468.000</ele>
      </trkpt>
      <trkpt lat="42.922810000" lon="-1.980550000">
        <ele>468.000</ele>
      </trkpt>
      <trkpt lat="42.922930000" lon="-1.980550000">
        <ele>468.000</ele>
      </trkpt>
      <trkpt lat="42.923050000" lon="-1.980540000">
        <ele>468.000</ele>
      </trkpt>
      <trkpt lat="42.923060000" lon="-1.980540000">
        <ele>468.000</ele>
      </trkpt>
      <trkpt lat="42.923140000" lon="-1.980520000">
        <ele>468.000</ele>
      </trkpt>
      <trkpt lat="42.923210000" lon="-1.980510000">
        <ele>467.000</ele>
      </trkpt>
      <trkpt lat="42.923330000" lon="-1.980460000">
        <ele>467.000</ele>
      </trkpt>
      <trkpt lat="42.923450000" lon="-1.980400000">
        <ele>467.000</ele>
      </trkpt>
      <trkpt lat="42.923520000" lon="-1.980340000">
        <ele>467.000</ele>
      </trkpt>
      <trkpt lat="42.923640000" lon="-1.980240000">
        <ele>467.000</ele>
      </trkpt>
      <trkpt lat="42.923660000" lon="-1.980230000">
        <ele>467.000</ele>
      </trkpt>
      <trkpt lat="42.923750000" lon="-1.980130000">
        <ele>467.000</ele>
      </trkpt>
      <trkpt lat="42.923850000" lon="-1.979990000">
        <ele>466.000</ele>
      </trkpt>
      <trkpt lat="42.923920000" lon="-1.979850000">
        <ele>466.000</ele>
      </trkpt>
      <trkpt lat="42.923980000" lon="-1.979730000">
        <ele>466.000</ele>
      </trkpt>
      <trkpt lat="42.924040000" lon="-1.979550000">
        <ele>466.000</ele>
      </trkpt>
      <trkpt lat="42.924080000" lon="-1.979360000">
        <ele>466.000</ele>
      </trkpt>
      <trkpt lat="42.924100000" lon="-1.979200000">
        <ele>465.000</ele>
      </trkpt>
      <trkpt lat="42.924100000" lon="-1.979180000">
        <ele>465.000</ele>
      </trkpt>
      <trkpt lat="42.924110000" lon="-1.979060000">
        <ele>465.000</ele>
      </trkpt>
      <trkpt lat="42.924110000" lon="-1.978920000">
        <ele>465.000</ele>
      </trkpt>
      <trkpt lat="42.924110000" lon="-1.978780000">
        <ele>465.000</ele>
      </trkpt>
      <trkpt lat="42.924090000" lon="-1.978670000">
        <ele>465.000</ele>
      </trkpt>
      <trkpt lat="42.924080000" lon="-1.978580000">
        <ele>465.000</ele>
      </trkpt>
      <trkpt lat="42.924040000" lon="-1.978370000">
        <ele>464.000</ele>
      </trkpt>
      <trkpt lat="42.924000000" lon="-1.978080000">
        <ele>464.000</ele>
      </trkpt>
      <trkpt lat="42.923870000" lon="-1.977420000">
        <ele>464.000</ele>
      </trkpt>
      <trkpt lat="42.923700000" lon="-1.976490000">
        <ele>464.000</ele>
      </trkpt>
      <trkpt lat="42.923370000" lon="-1.974680000">
        <ele>463.000</ele>
      </trkpt>
      <trkpt lat="42.923240000" lon="-1.974100000">
        <ele>463.000</ele>
      </trkpt>
      <trkpt lat="42.923220000" lon="-1.973950000">
        <ele>462.000</ele>
      </trkpt>
      <trkpt lat="42.923180000" lon="-1.973640000">
        <ele>462.000</ele>
      </trkpt>
      <trkpt lat="42.923180000" lon="-1.973610000">
        <ele>462.000</ele>
      </trkpt>
      <trkpt lat="42.923170000" lon="-1.973370000">
        <ele>462.000</ele>
      </trkpt>
      <trkpt lat="42.923170000" lon="-1.973350000">
        <ele>462.000</ele>
      </trkpt>
      <trkpt lat="42.923170000" lon="-1.973130000">
        <ele>462.000</ele>
      </trkpt>
      <trkpt lat="42.923190000" lon="-1.972860000">
        <ele>462.000</ele>
      </trkpt>
      <trkpt lat="42.923200000" lon="-1.972640000">
        <ele>462.000</ele>
      </trkpt>
      <trkpt lat="42.923200000" lon="-1.972630000">
        <ele>462.000</ele>
      </trkpt>
      <trkpt lat="42.923210000" lon="-1.972520000">
        <ele>462.000</ele>
      </trkpt>
      <trkpt lat="42.923220000" lon="-1.972390000">
        <ele>462.000</ele>
      </trkpt>
      <trkpt lat="42.923220000" lon="-1.972380000">
        <ele>462.000</ele>
      </trkpt>
      <trkpt lat="42.923240000" lon="-1.972170000">
        <ele>462.000</ele>
      </trkpt>
      <trkpt lat="42.923240000" lon="-1.972140000">
        <ele>462.000</ele>
      </trkpt>
      <trkpt lat="42.923260000" lon="-1.971900000">
        <ele>462.000</ele>
      </trkpt>
      <trkpt lat="42.923260000" lon="-1.971820000">
        <ele>462.000</ele>
      </trkpt>
      <trkpt lat="42.923270000" lon="-1.971790000">
        <ele>462.000</ele>
      </trkpt>
      <trkpt lat="42.923280000" lon="-1.971660000">
        <ele>462.000</ele>
      </trkpt>
      <trkpt lat="42.923280000" lon="-1.971540000">
        <ele>462.000</ele>
      </trkpt>
      <trkpt lat="42.923300000" lon="-1.971270000">
        <ele>462.000</ele>
      </trkpt>
      <trkpt lat="42.923310000" lon="-1.971170000">
        <ele>461.000</ele>
      </trkpt>
      <trkpt lat="42.923320000" lon="-1.971050000">
        <ele>461.000</ele>
      </trkpt>
      <trkpt lat="42.923330000" lon="-1.970950000">
        <ele>461.000</ele>
      </trkpt>
      <trkpt lat="42.923330000" lon="-1.970910000">
        <ele>461.000</ele>
      </trkpt>
      <trkpt lat="42.923330000" lon="-1.970810000">
        <ele>461.000</ele>
      </trkpt>
      <trkpt lat="42.923340000" lon="-1.970660000">
        <ele>460.000</ele>
      </trkpt>
      <trkpt lat="42.923340000" lon="-1.970560000">
        <ele>460.000</ele>
      </trkpt>
      <trkpt lat="42.923350000" lon="-1.970540000">
        <ele>460.000</ele>
      </trkpt>
      <trkpt lat="42.923350000" lon="-1.970430000">
        <ele>460.000</ele>
      </trkpt>
      <trkpt lat="42.923350000" lon="-1.970420000">
        <ele>460.000</ele>
      </trkpt>
      <trkpt lat="42.923340000" lon="-1.970280000">
        <ele>460.000</ele>
      </trkpt>
      <trkpt lat="42.923320000" lon="-1.970150000">
        <ele>460.000</ele>
      </trkpt>
      <trkpt lat="42.923310000" lon="-1.970080000">
        <ele>459.000</ele>
      </trkpt>
      <trkpt lat="42.923300000" lon="-1.970030000">
        <ele>459.000</ele>
      </trkpt>
      <trkpt lat="42.923280000" lon="-1.969950000">
        <ele>459.000</ele>
      </trkpt>
      <trkpt lat="42.923260000" lon="-1.969890000">
        <ele>459.000</ele>
      </trkpt>
      <trkpt lat="42.923240000" lon="-1.969850000">
        <ele>459.000</ele>
      </trkpt>
      <trkpt lat="42.923220000" lon="-1.969800000">
        <ele>459.000</ele>
      </trkpt>
      <trkpt lat="42.923170000" lon="-1.969680000">
        <ele>459.000</ele>
      </trkpt>
      <trkpt lat="42.923130000" lon="-1.969580000">
        <ele>459.000</ele>
      </trkpt>
      <trkpt lat="42.923100000" lon="-1.969490000">
        <ele>459.000</ele>
      </trkpt>
      <trkpt lat="42.923070000" lon="-1.969400000">
        <ele>459.000</ele>
      </trkpt>
      <trkpt lat="42.923060000" lon="-1.969340000">
        <ele>459.000</ele>
      </trkpt>
      <trkpt lat="42.923050000" lon="-1.969330000">
        <ele>459.000</ele>
      </trkpt>
      <trkpt lat="42.923030000" lon="-1.969220000">
        <ele>459.000</ele>
      </trkpt>
      <trkpt lat="42.923030000" lon="-1.969190000">
        <ele>459.000</ele>
      </trkpt>
      <trkpt lat="42.923020000" lon="-1.969120000">
        <ele>459.000</ele>
      </trkpt>
      <trkpt lat="42.923020000" lon="-1.968960000">
        <ele>459.000</ele>
      </trkpt>
      <trkpt lat="42.923030000" lon="-1.968850000">
        <ele>459.000</ele>
      </trkpt>
      <trkpt lat="42.923040000" lon="-1.968760000">
        <ele>459.000</ele>
      </trkpt>
      <trkpt lat="42.923060000" lon="-1.968700000">
        <ele>459.000</ele>
      </trkpt>
      <trkpt lat="42.923080000" lon="-1.968640000">
        <ele>459.000</ele>
      </trkpt>
      <trkpt lat="42.923150000" lon="-1.968430000">
        <ele>459.000</ele>
      </trkpt>
      <trkpt lat="42.923190000" lon="-1.968280000">
        <ele>459.000</ele>
      </trkpt>
      <trkpt lat="42.923200000" lon="-1.968250000">
        <ele>459.000</ele>
      </trkpt>
      <trkpt lat="42.923240000" lon="-1.968070000">
        <ele>459.000</ele>
      </trkpt>
      <trkpt lat="42.923280000" lon="-1.967930000">
        <ele>459.000</ele>
      </trkpt>
      <trkpt lat="42.923320000" lon="-1.967720000">
        <ele>459.000</ele>
      </trkpt>
      <trkpt lat="42.923360000" lon="-1.967590000">
        <ele>459.000</ele>
      </trkpt>
      <trkpt lat="42.923370000" lon="-1.967560000">
        <ele>459.000</ele>
      </trkpt>
      <trkpt lat="42.923400000" lon="-1.967480000">
        <ele>459.000</ele>
      </trkpt>
      <trkpt lat="42.923450000" lon="-1.967360000">
        <ele>459.000</ele>
      </trkpt>
      <trkpt lat="42.923490000" lon="-1.967300000">
        <ele>459.000</ele>
      </trkpt>
      <trkpt lat="42.923700000" lon="-1.966990000">
        <ele>460.000</ele>
      </trkpt>
      <trkpt lat="42.923830000" lon="-1.966800000">
        <ele>460.000</ele>
      </trkpt>
      <trkpt lat="42.923900000" lon="-1.966700000">
        <ele>460.000</ele>
      </trkpt>
      <trkpt lat="42.923940000" lon="-1.966610000">
        <ele>460.000</ele>
      </trkpt>
      <trkpt lat="42.923950000" lon="-1.966600000">
        <ele>460.000</ele>
      </trkpt>
      <trkpt lat="42.923990000" lon="-1.966520000">
        <ele>460.000</ele>
      </trkpt>
      <trkpt lat="42.924030000" lon="-1.966400000">
        <ele>460.000</ele>
      </trkpt>
      <trkpt lat="42.924030000" lon="-1.966390000">
        <ele>460.000</ele>
      </trkpt>
      <trkpt lat="42.924070000" lon="-1.966280000">
        <ele>460.000</ele>
      </trkpt>
      <trkpt lat="42.924110000" lon="-1.966060000">
        <ele>461.000</ele>
      </trkpt>
      <trkpt lat="42.924150000" lon="-1.965870000">
        <ele>461.000</ele>
      </trkpt>
      <trkpt lat="42.924190000" lon="-1.965690000">
        <ele>461.000</ele>
      </trkpt>
      <trkpt lat="42.924240000" lon="-1.965460000">
        <ele>461.000</ele>
      </trkpt>
      <trkpt lat="42.924300000" lon="-1.965160000">
        <ele>461.000</ele>
      </trkpt>
      <trkpt lat="42.924320000" lon="-1.964990000">
        <ele>461.000</ele>
      </trkpt>
      <trkpt lat="42.924330000" lon="-1.964970000">
        <ele>462.000</ele>
      </trkpt>
      <trkpt lat="42.924330000" lon="-1.964840000">
        <ele>462.000</ele>
      </trkpt>
      <trkpt lat="42.924320000" lon="-1.964630000">
        <ele>462.000</ele>
      </trkpt>
      <trkpt lat="42.924310000" lon="-1.964500000">
        <ele>462.000</ele>
      </trkpt>
      <trkpt lat="42.924310000" lon="-1.964380000">
        <ele>462.000</ele>
      </trkpt>
      <trkpt lat="42.924280000" lon="-1.964050000">
        <ele>463.000</ele>
      </trkpt>
      <trkpt lat="42.924270000" lon="-1.963890000">
        <ele>463.000</ele>
      </trkpt>
      <trkpt lat="42.924250000" lon="-1.963630000">
        <ele>463.000</ele>
      </trkpt>
      <trkpt lat="42.924250000" lon="-1.963590000">
        <ele>464.000</ele>
      </trkpt>
      <trkpt lat="42.924190000" lon="-1.962790000">
        <ele>464.000</ele>
      </trkpt>
      <trkpt lat="42.924140000" lon="-1.962160000">
        <ele>465.000</ele>
      </trkpt>
      <trkpt lat="42.924140000" lon="-1.962110000">
        <ele>465.000</ele>
      </trkpt>
      <trkpt lat="42.924130000" lon="-1.961920000">
        <ele>466.000</ele>
      </trkpt>
      <trkpt lat="42.924110000" lon="-1.961670000">
        <ele>466.000</ele>
      </trkpt>
      <trkpt lat="42.924090000" lon="-1.961340000">
        <ele>465.000</ele>
      </trkpt>
      <trkpt lat="42.924070000" lon="-1.961100000">
        <ele>465.000</ele>
      </trkpt>
      <trkpt lat="42.924040000" lon="-1.960900000">
        <ele>465.000</ele>
      </trkpt>
      <trkpt lat="42.924020000" lon="-1.960760000">
        <ele>464.000</ele>
      </trkpt>
      <trkpt lat="42.924000000" lon="-1.960660000">
        <ele>464.000</ele>
      </trkpt>
      <trkpt lat="42.923980000" lon="-1.960570000">
        <ele>464.000</ele>
      </trkpt>
      <trkpt lat="42.923920000" lon="-1.960330000">
        <ele>463.000</ele>
      </trkpt>
      <trkpt lat="42.923880000" lon="-1.960190000">
        <ele>463.000</ele>
      </trkpt>
      <trkpt lat="42.923830000" lon="-1.960060000">
        <ele>463.000</ele>
      </trkpt>
      <trkpt lat="42.923740000" lon="-1.959840000">
        <ele>462.000</ele>
      </trkpt>
      <trkpt lat="42.923720000" lon="-1.959790000">
        <ele>462.000</ele>
      </trkpt>
      <trkpt lat="42.923640000" lon="-1.959640000">
        <ele>462.000</ele>
      </trkpt>
      <trkpt lat="42.923540000" lon="-1.959470000">
        <ele>461.000</ele>
      </trkpt>
      <trkpt lat="42.923530000" lon="-1.959440000">
        <ele>461.000</ele>
      </trkpt>
      <trkpt lat="42.923360000" lon="-1.959180000">
        <ele>461.000</ele>
      </trkpt>
      <trkpt lat="42.923310000" lon="-1.959090000">
        <ele>461.000</ele>
      </trkpt>
      <trkpt lat="42.923290000" lon="-1.959070000">
        <ele>460.000</ele>
      </trkpt>
      <trkpt lat="42.923140000" lon="-1.958840000">
        <ele>460.000</ele>
      </trkpt>
      <trkpt lat="42.923010000" lon="-1.958640000">
        <ele>460.000</ele>
      </trkpt>
      <trkpt lat="42.922820000" lon="-1.958330000">
        <ele>459.000</ele>
      </trkpt>
      <trkpt lat="42.922740000" lon="-1.958200000">
        <ele>459.000</ele>
      </trkpt>
      <trkpt lat="42.922700000" lon="-1.958140000">
        <ele>459.000</ele>
      </trkpt>
      <trkpt lat="42.922530000" lon="-1.957870000">
        <ele>458.000</ele>
      </trkpt>
      <trkpt lat="42.922410000" lon="-1.957680000">
        <ele>458.000</ele>
      </trkpt>
      <trkpt lat="42.922350000" lon="-1.957590000">
        <ele>458.000</ele>
      </trkpt>
      <trkpt lat="42.922260000" lon="-1.957440000">
        <ele>458.000</ele>
      </trkpt>
      <trkpt lat="42.922190000" lon="-1.957330000">
        <ele>458.000</ele>
      </trkpt>
      <trkpt lat="42.922100000" lon="-1.957180000">
        <ele>458.000</ele>
      </trkpt>
      <trkpt lat="42.921980000" lon="-1.956990000">
        <ele>458.000</ele>
      </trkpt>
      <trkpt lat="42.921860000" lon="-1.956790000">
        <ele>458.000</ele>
      </trkpt>
      <trkpt lat="42.921650000" lon="-1.956460000">
        <ele>458.000</ele>
      </trkpt>
      <trkpt lat="42.921470000" lon="-1.956170000">
        <ele>458.000</ele>
      </trkpt>
      <trkpt lat="42.921420000" lon="-1.956090000">
        <ele>458.000</ele>
      </trkpt>
      <trkpt lat="42.921340000" lon="-1.955970000">
        <ele>458.000</ele>
      </trkpt>
      <trkpt lat="42.921220000" lon="-1.955770000">
        <ele>458.000</ele>
      </trkpt>
      <trkpt lat="42.921120000" lon="-1.955600000">
        <ele>458.000</ele>
      </trkpt>
      <trkpt lat="42.921070000" lon="-1.955520000">
        <ele>458.000</ele>
      </trkpt>
      <trkpt lat="42.921060000" lon="-1.955510000">
        <ele>458.000</ele>
      </trkpt>
      <trkpt lat="42.920990000" lon="-1.955360000">
        <ele>458.000</ele>
      </trkpt>
      <trkpt lat="42.920890000" lon="-1.955100000">
        <ele>459.000</ele>
      </trkpt>
      <trkpt lat="42.920880000" lon="-1.955080000">
        <ele>459.000</ele>
      </trkpt>
      <trkpt lat="42.920780000" lon="-1.954840000">
        <ele>459.000</ele>
      </trkpt>
      <trkpt lat="42.920660000" lon="-1.954510000">
        <ele>459.000</ele>
      </trkpt>
      <trkpt lat="42.920650000" lon="-1.954440000">
        <ele>460.000</ele>
      </trkpt>
      <trkpt lat="42.920610000" lon="-1.954290000">
        <ele>460.000</ele>
      </trkpt>
      <trkpt lat="42.920570000" lon="-1.954110000">
        <ele>460.000</ele>
      </trkpt>
      <trkpt lat="42.920520000" lon="-1.953850000">
        <ele>460.000</ele>
      </trkpt>
      <trkpt lat="42.920460000" lon="-1.953530000">
        <ele>461.000</ele>
      </trkpt>
      <trkpt lat="42.920440000" lon="-1.953370000">
        <ele>461.000</ele>
      </trkpt>
      <trkpt lat="42.920430000" lon="-1.953250000">
        <ele>461.000</ele>
      </trkpt>
      <trkpt lat="42.920420000" lon="-1.953060000">
        <ele>461.000</ele>
      </trkpt>
      <trkpt lat="42.920380000" lon="-1.952700000">
        <ele>462.000</ele>
      </trkpt>
      <trkpt lat="42.920350000" lon="-1.952420000">
        <ele>462.000</ele>
      </trkpt>
      <trkpt lat="42.920300000" lon="-1.951860000">
        <ele>462.000</ele>
      </trkpt>
      <trkpt lat="42.920300000" lon="-1.951790000">
        <ele>462.000</ele>
      </trkpt>
      <trkpt lat="42.920270000" lon="-1.951450000">
        <ele>462.000</ele>
      </trkpt>
      <trkpt lat="42.920260000" lon="-1.951300000">
        <ele>462.000</ele>
      </trkpt>
      <trkpt lat="42.920240000" lon="-1.951080000">
        <ele>462.000</ele>
      </trkpt>
      <trkpt lat="42.920240000" lon="-1.951060000">
        <ele>462.000</ele>
      </trkpt>
      <trkpt lat="42.920210000" lon="-1.950820000">
        <ele>462.000</ele>
      </trkpt>
      <trkpt lat="42.920210000" lon="-1.950750000">
        <ele>463.000</ele>
      </trkpt>
      <trkpt lat="42.920180000" lon="-1.950360000">
        <ele>463.000</ele>
      </trkpt>
      <trkpt lat="42.920170000" lon="-1.950080000">
        <ele>463.000</ele>
      </trkpt>
      <trkpt lat="42.920160000" lon="-1.949650000">
        <ele>463.000</ele>
      </trkpt>
      <trkpt lat="42.920140000" lon="-1.949390000">
        <ele>463.000</ele>
      </trkpt>
      <trkpt lat="42.920100000" lon="-1.948810000">
        <ele>464.000</ele>
      </trkpt>
      <trkpt lat="42.920100000" lon="-1.948680000">
        <ele>464.000</ele>
      </trkpt>
      <trkpt lat="42.920090000" lon="-1.948580000">
        <ele>464.000</ele>
      </trkpt>
      <trkpt lat="42.920060000" lon="-1.947980000">
        <ele>465.000</ele>
      </trkpt>
      <trkpt lat="42.920040000" lon="-1.947660000">
        <ele>465.000</ele>
      </trkpt>
      <trkpt lat="42.920030000" lon="-1.947510000">
        <ele>465.000</ele>
      </trkpt>
      <trkpt lat="42.920010000" lon="-1.947280000">
        <ele>466.000</ele>
      </trkpt>
      <trkpt lat="42.919980000" lon="-1.947060000">
        <ele>466.000</ele>
      </trkpt>
      <trkpt lat="42.919970000" lon="-1.947000000">
        <ele>466.000</ele>
      </trkpt>
      <trkpt lat="42.919940000" lon="-1.946760000">
        <ele>467.000</ele>
      </trkpt>
      <trkpt lat="42.919900000" lon="-1.946600000">
        <ele>467.000</ele>
      </trkpt>
      <trkpt lat="42.919870000" lon="-1.946470000">
        <ele>467.000</ele>
      </trkpt>
      <trkpt lat="42.919810000" lon="-1.946260000">
        <ele>468.000</ele>
      </trkpt>
      <trkpt lat="42.919730000" lon="-1.946030000">
        <ele>468.000</ele>
      </trkpt>
      <trkpt lat="42.919650000" lon="-1.945830000">
        <ele>468.000</ele>
      </trkpt>
      <trkpt lat="42.919460000" lon="-1.945360000">
        <ele>469.000</ele>
      </trkpt>
      <trkpt lat="42.919270000" lon="-1.944890000">
        <ele>469.000</ele>
      </trkpt>
      <trkpt lat="42.919210000" lon="-1.944730000">
        <ele>469.000</ele>
      </trkpt>
      <trkpt lat="42.919170000" lon="-1.944570000">
        <ele>470.000</ele>
      </trkpt>
      <trkpt lat="42.919120000" lon="-1.944360000">
        <ele>470.000</ele>
      </trkpt>
      <trkpt lat="42.919110000" lon="-1.944320000">
        <ele>470.000</ele>
      </trkpt>
      <trkpt lat="42.919100000" lon="-1.944290000">
        <ele>471.000</ele>
      </trkpt>
      <trkpt lat="42.919070000" lon="-1.944140000">
        <ele>471.000</ele>
      </trkpt>
      <trkpt lat="42.919040000" lon="-1.943910000">
        <ele>471.000</ele>
      </trkpt>
      <trkpt lat="42.919010000" lon="-1.943740000">
        <ele>471.000</ele>
      </trkpt>
      <trkpt lat="42.919000000" lon="-1.943570000">
        <ele>471.000</ele>
      </trkpt>
      <trkpt lat="42.918990000" lon="-1.943550000">
        <ele>471.000</ele>
      </trkpt>
      <trkpt lat="42.918990000" lon="-1.943380000">
        <ele>471.000</ele>
      </trkpt>
      <trkpt lat="42.918980000" lon="-1.943260000">
        <ele>472.000</ele>
      </trkpt>
      <trkpt lat="42.918980000" lon="-1.943080000">
        <ele>472.000</ele>
      </trkpt>
      <trkpt lat="42.918980000" lon="-1.942820000">
        <ele>472.000</ele>
      </trkpt>
      <trkpt lat="42.918980000" lon="-1.942530000">
        <ele>472.000</ele>
      </trkpt>
      <trkpt lat="42.918990000" lon="-1.942290000">
        <ele>472.000</ele>
      </trkpt>
      <trkpt lat="42.918970000" lon="-1.941740000">
        <ele>472.000</ele>
      </trkpt>
      <trkpt lat="42.918970000" lon="-1.941690000">
        <ele>472.000</ele>
      </trkpt>
      <trkpt lat="42.918970000" lon="-1.941630000">
        <ele>472.000</ele>
      </trkpt>
      <trkpt lat="42.918930000" lon="-1.941340000">
        <ele>472.000</ele>
      </trkpt>
      <trkpt lat="42.918860000" lon="-1.940790000">
        <ele>472.000</ele>
      </trkpt>
      <trkpt lat="42.918850000" lon="-1.940750000">
        <ele>472.000</ele>
      </trkpt>
      <trkpt lat="42.918750000" lon="-1.940280000">
        <ele>472.000</ele>
      </trkpt>
      <trkpt lat="42.918710000" lon="-1.940080000">
        <ele>472.000</ele>
      </trkpt>
      <trkpt lat="42.918650000" lon="-1.939730000">
        <ele>472.000</ele>
      </trkpt>
      <trkpt lat="42.918630000" lon="-1.939540000">
        <ele>472.000</ele>
      </trkpt>
      <trkpt lat="42.918610000" lon="-1.939420000">
        <ele>472.000</ele>
      </trkpt>
      <trkpt lat="42.918610000" lon="-1.939300000">
        <ele>472.000</ele>
      </trkpt>
      <trkpt lat="42.918610000" lon="-1.939120000">
        <ele>471.000</ele>
      </trkpt>
      <trkpt lat="42.918600000" lon="-1.939040000">
        <ele>471.000</ele>
      </trkpt>
      <trkpt lat="42.918610000" lon="-1.938620000">
        <ele>471.000</ele>
      </trkpt>
      <trkpt lat="42.918630000" lon="-1.938220000">
        <ele>471.000</ele>
      </trkpt>
      <trkpt lat="42.918640000" lon="-1.938080000">
        <ele>471.000</ele>
      </trkpt>
      <trkpt lat="42.918690000" lon="-1.937520000">
        <ele>470.000</ele>
      </trkpt>
      <trkpt lat="42.918720000" lon="-1.936860000">
        <ele>470.000</ele>
      </trkpt>
      <trkpt lat="42.918730000" lon="-1.936810000">
        <ele>470.000</ele>
      </trkpt>
      <trkpt lat="42.918740000" lon="-1.936670000">
        <ele>469.000</ele>
      </trkpt>
      <trkpt lat="42.918750000" lon="-1.936590000">
        <ele>469.000</ele>
      </trkpt>
      <trkpt lat="42.918790000" lon="-1.936110000">
        <ele>469.000</ele>
      </trkpt>
      <trkpt lat="42.918830000" lon="-1.935490000">
        <ele>468.000</ele>
      </trkpt>
      <trkpt lat="42.918830000" lon="-1.935410000">
        <ele>468.000</ele>
      </trkpt>
      <trkpt lat="42.918880000" lon="-1.934750000">
        <ele>468.000</ele>
      </trkpt>
      <trkpt lat="42.918910000" lon="-1.934380000">
        <ele>467.000</ele>
      </trkpt>
      <trkpt lat="42.919000000" lon="-1.933160000">
        <ele>466.000</ele>
      </trkpt>
      <trkpt lat="42.919000000" lon="-1.933100000">
        <ele>466.000</ele>
      </trkpt>
      <trkpt lat="42.919010000" lon="-1.932910000">
        <ele>465.000</ele>
      </trkpt>
      <trkpt lat="42.919020000" lon="-1.932840000">
        <ele>465.000</ele>
      </trkpt>
      <trkpt lat="42.919030000" lon="-1.932560000">
        <ele>465.000</ele>
      </trkpt>
      <trkpt lat="42.919040000" lon="-1.932280000">
        <ele>464.000</ele>
      </trkpt>
      <trkpt lat="42.919030000" lon="-1.932000000">
        <ele>464.000</ele>
      </trkpt>
      <trkpt lat="42.919030000" lon="-1.931910000">
        <ele>463.000</ele>
      </trkpt>
      <trkpt lat="42.919020000" lon="-1.931710000">
        <ele>463.000</ele>
      </trkpt>
      <trkpt lat="42.919020000" lon="-1.931660000">
        <ele>463.000</ele>
      </trkpt>
      <trkpt lat="42.919010000" lon="-1.931380000">
        <ele>462.000</ele>
      </trkpt>
      <trkpt lat="42.919000000" lon="-1.931160000">
        <ele>462.000</ele>
      </trkpt>
      <trkpt lat="42.918980000" lon="-1.930710000">
        <ele>461.000</ele>
      </trkpt>
      <trkpt lat="42.918970000" lon="-1.930410000">
        <ele>461.000</ele>
      </trkpt>
      <trkpt lat="42.918970000" lon="-1.930310000">
        <ele>460.000</ele>
      </trkpt>
      <trkpt lat="42.918930000" lon="-1.929440000">
        <ele>461.000</ele>
      </trkpt>
      <trkpt lat="42.918930000" lon="-1.929410000">
        <ele>461.000</ele>
      </trkpt>
      <trkpt lat="42.918930000" lon="-1.929160000">
        <ele>461.000</ele>
      </trkpt>
      <trkpt lat="42.918920000" lon="-1.929060000">
        <ele>461.000</ele>
      </trkpt>
      <trkpt lat="42.918910000" lon="-1.928460000">
        <ele>462.000</ele>
      </trkpt>
      <trkpt lat="42.918910000" lon="-1.928410000">
        <ele>462.000</ele>
      </trkpt>
      <trkpt lat="42.918900000" lon="-1.928160000">
        <ele>462.000</ele>
      </trkpt>
      <trkpt lat="42.918900000" lon="-1.928050000">
        <ele>463.000</ele>
      </trkpt>
      <trkpt lat="42.918890000" lon="-1.927910000">
        <ele>463.000</ele>
      </trkpt>
      <trkpt lat="42.918870000" lon="-1.927210000">
        <ele>463.000</ele>
      </trkpt>
      <trkpt lat="42.918860000" lon="-1.926990000">
        <ele>463.000</ele>
      </trkpt>
      <trkpt lat="42.918850000" lon="-1.926680000">
        <ele>462.000</ele>
      </trkpt>
      <trkpt lat="42.918850000" lon="-1.926650000">
        <ele>462.000</ele>
      </trkpt>
      <trkpt lat="42.918830000" lon="-1.926150000">
        <ele>462.000</ele>
      </trkpt>
      <trkpt lat="42.918820000" lon="-1.925910000">
        <ele>461.000</ele>
      </trkpt>
      <trkpt lat="42.918820000" lon="-1.925900000">
        <ele>461.000</ele>
      </trkpt>
      <trkpt lat="42.918790000" lon="-1.925200000">
        <ele>461.000</ele>
      </trkpt>
      <trkpt lat="42.918770000" lon="-1.924600000">
        <ele>460.000</ele>
      </trkpt>
      <trkpt lat="42.918770000" lon="-1.924600000">
        <ele>460.000</ele>
      </trkpt>
      <trkpt lat="42.918760000" lon="-1.924470000">
        <ele>460.000</ele>
      </trkpt>
      <trkpt lat="42.918760000" lon="-1.924400000">
        <ele>459.000</ele>
      </trkpt>
      <trkpt lat="42.918730000" lon="-1.923350000">
        <ele>459.000</ele>
      </trkpt>
      <trkpt lat="42.918700000" lon="-1.922700000">
        <ele>459.000</ele>
      </trkpt>
      <trkpt lat="42.918700000" lon="-1.922650000">
        <ele>459.000</ele>
      </trkpt>
      <trkpt lat="42.918670000" lon="-1.921640000">
        <ele>458.000</ele>
      </trkpt>
      <trkpt lat="42.918650000" lon="-1.921390000">
        <ele>458.000</ele>
      </trkpt>
      <trkpt lat="42.918650000" lon="-1.921260000">
        <ele>458.000</ele>
      </trkpt>
      <trkpt lat="42.918640000" lon="-1.921140000">
        <ele>458.000</ele>
      </trkpt>
      <trkpt lat="42.918620000" lon="-1.920340000">
        <ele>457.000</ele>
      </trkpt>
      <trkpt lat="42.918610000" lon="-1.920160000">
        <ele>457.000</ele>
      </trkpt>
      <trkpt lat="42.918610000" lon="-1.919980000">
        <ele>457.000</ele>
      </trkpt>
      <trkpt lat="42.918600000" lon="-1.919740000">
        <ele>457.000</ele>
      </trkpt>
      <trkpt lat="42.918600000" lon="-1.919620000">
        <ele>457.000</ele>
      </trkpt>
      <trkpt lat="42.918590000" lon="-1.919400000">
        <ele>456.000</ele>
      </trkpt>
      <trkpt lat="42.918570000" lon="-1.919040000">
        <ele>456.000</ele>
      </trkpt>
      <trkpt lat="42.918560000" lon="-1.918810000">
        <ele>456.000</ele>
      </trkpt>
      <trkpt lat="42.918540000" lon="-1.918550000">
        <ele>456.000</ele>
      </trkpt>
      <trkpt lat="42.918540000" lon="-1.918510000">
        <ele>456.000</ele>
      </trkpt>
      <trkpt lat="42.918530000" lon="-1.918390000">
        <ele>456.000</ele>
      </trkpt>
      <trkpt lat="42.918510000" lon="-1.918220000">
        <ele>456.000</ele>
      </trkpt>
      <trkpt lat="42.918480000" lon="-1.918090000">
        <ele>456.000</ele>
      </trkpt>
      <trkpt lat="42.918460000" lon="-1.918010000">
        <ele>456.000</ele>
      </trkpt>
      <trkpt lat="42.918410000" lon="-1.917790000">
        <ele>456.000</ele>
      </trkpt>
      <trkpt lat="42.918400000" lon="-1.917670000">
        <ele>456.000</ele>
      </trkpt>
      <trkpt lat="42.918380000" lon="-1.917320000">
        <ele>456.000</ele>
      </trkpt>
      <trkpt lat="42.918370000" lon="-1.917250000">
        <ele>455.000</ele>
      </trkpt>
      <trkpt lat="42.918340000" lon="-1.916850000">
        <ele>455.000</ele>
      </trkpt>
      <trkpt lat="42.918320000" lon="-1.916710000">
        <ele>455.000</ele>
      </trkpt>
      <trkpt lat="42.918160000" lon="-1.915490000">
        <ele>455.000</ele>
      </trkpt>
      <trkpt lat="42.918130000" lon="-1.915240000">
        <ele>455.000</ele>
      </trkpt>
      <trkpt lat="42.918110000" lon="-1.914990000">
        <ele>455.000</ele>
      </trkpt>
      <trkpt lat="42.918080000" lon="-1.914790000">
        <ele>455.000</ele>
      </trkpt>
      <trkpt lat="42.918060000" lon="-1.914570000">
        <ele>454.000</ele>
      </trkpt>
      <trkpt lat="42.918040000" lon="-1.914490000">
        <ele>454.000</ele>
      </trkpt>
      <trkpt lat="42.918020000" lon="-1.914280000">
        <ele>454.000</ele>
      </trkpt>
      <trkpt lat="42.917910000" lon="-1.913470000">
        <ele>454.000</ele>
      </trkpt>
      <trkpt lat="42.917900000" lon="-1.913390000">
        <ele>454.000</ele>
      </trkpt>
      <trkpt lat="42.917890000" lon="-1.913370000">
        <ele>454.000</ele>
      </trkpt>
      <trkpt lat="42.917860000" lon="-1.913130000">
        <ele>454.000</ele>
      </trkpt>
      <trkpt lat="42.917800000" lon="-1.912610000">
        <ele>454.000</ele>
      </trkpt>
      <trkpt lat="42.917760000" lon="-1.912290000">
        <ele>454.000</ele>
      </trkpt>
      <trkpt lat="42.917650000" lon="-1.911550000">
        <ele>454.000</ele>
      </trkpt>
      <trkpt lat="42.917570000" lon="-1.910950000">
        <ele>454.000</ele>
      </trkpt>
      <trkpt lat="42.917540000" lon="-1.910730000">
        <ele>454.000</ele>
      </trkpt>
      <trkpt lat="42.917530000" lon="-1.910710000">
        <ele>454.000</ele>
      </trkpt>
      <trkpt lat="42.917460000" lon="-1.910200000">
        <ele>454.000</ele>
      </trkpt>
      <trkpt lat="42.917430000" lon="-1.909950000">
        <ele>454.000</ele>
      </trkpt>
      <trkpt lat="42.917300000" lon="-1.909000000">
        <ele>454.000</ele>
      </trkpt>
      <trkpt lat="42.917300000" lon="-1.908970000">
        <ele>454.000</ele>
      </trkpt>
      <trkpt lat="42.917210000" lon="-1.908310000">
        <ele>453.000</ele>
      </trkpt>
      <trkpt lat="42.917100000" lon="-1.907520000">
        <ele>453.000</ele>
      </trkpt>
      <trkpt lat="42.917080000" lon="-1.907340000">
        <ele>452.000</ele>
      </trkpt>
      <trkpt lat="42.916920000" lon="-1.906170000">
        <ele>452.000</ele>
      </trkpt>
      <trkpt lat="42.916900000" lon="-1.906010000">
        <ele>451.000</ele>
      </trkpt>
      <trkpt lat="42.916810000" lon="-1.905310000">
        <ele>451.000</ele>
      </trkpt>
      <trkpt lat="42.916780000" lon="-1.905080000">
        <ele>451.000</ele>
      </trkpt>
      <trkpt lat="42.916710000" lon="-1.904620000">
        <ele>451.000</ele>
      </trkpt>
      <trkpt lat="42.916700000" lon="-1.904600000">
        <ele>451.000</ele>
      </trkpt>
      <trkpt lat="42.916700000" lon="-1.904590000">
        <ele>451.000</ele>
      </trkpt>
      <trkpt lat="42.916670000" lon="-1.904350000">
        <ele>451.000</ele>
      </trkpt>
      <trkpt lat="42.916640000" lon="-1.904110000">
        <ele>451.000</ele>
      </trkpt>
      <trkpt lat="42.916630000" lon="-1.904020000">
        <ele>451.000</ele>
      </trkpt>
      <trkpt lat="42.916510000" lon="-1.903150000">
        <ele>451.000</ele>
      </trkpt>
      <trkpt lat="42.916430000" lon="-1.902580000">
        <ele>452.000</ele>
      </trkpt>
      <trkpt lat="42.916350000" lon="-1.902000000">
        <ele>452.000</ele>
      </trkpt>
      <trkpt lat="42.916340000" lon="-1.901940000">
        <ele>452.000</ele>
      </trkpt>
      <trkpt lat="42.916300000" lon="-1.901680000">
        <ele>452.000</ele>
      </trkpt>
      <trkpt lat="42.916210000" lon="-1.900950000">
        <ele>452.000</ele>
      </trkpt>
      <trkpt lat="42.916130000" lon="-1.900420000">
        <ele>452.000</ele>
      </trkpt>
      <trkpt lat="42.916080000" lon="-1.900090000">
        <ele>452.000</ele>
      </trkpt>
      <trkpt lat="42.916070000" lon="-1.899970000">
        <ele>452.000</ele>
      </trkpt>
      <trkpt lat="42.915940000" lon="-1.899000000">
        <ele>451.000</ele>
      </trkpt>
      <trkpt lat="42.915910000" lon="-1.898770000">
        <ele>451.000</ele>
      </trkpt>
      <trkpt lat="42.915900000" lon="-1.898750000">
        <ele>451.000</ele>
      </trkpt>
      <trkpt lat="42.915870000" lon="-1.898530000">
        <ele>451.000</ele>
      </trkpt>
      <trkpt lat="42.915870000" lon="-1.898510000">
        <ele>451.000</ele>
      </trkpt>
      <trkpt lat="42.915810000" lon="-1.898050000">
        <ele>451.000</ele>
      </trkpt>
      <trkpt lat="42.915800000" lon="-1.897990000">
        <ele>451.000</ele>
      </trkpt>
      <trkpt lat="42.915750000" lon="-1.897570000">
        <ele>451.000</ele>
      </trkpt>
      <trkpt lat="42.915660000" lon="-1.896980000">
        <ele>451.000</ele>
      </trkpt>
      <trkpt lat="42.915660000" lon="-1.896940000">
        <ele>450.000</ele>
      </trkpt>
      <trkpt lat="42.915590000" lon="-1.896440000">
        <ele>450.000</ele>
      </trkpt>
      <trkpt lat="42.915550000" lon="-1.896120000">
        <ele>450.000</ele>
      </trkpt>
      <trkpt lat="42.915530000" lon="-1.896000000">
        <ele>450.000</ele>
      </trkpt>
      <trkpt lat="42.915530000" lon="-1.895960000">
        <ele>450.000</ele>
      </trkpt>
      <trkpt lat="42.915460000" lon="-1.895510000">
        <ele>450.000</ele>
      </trkpt>
      <trkpt lat="42.915370000" lon="-1.894730000">
        <ele>450.000</ele>
      </trkpt>
      <trkpt lat="42.915280000" lon="-1.894250000">
        <ele>449.000</ele>
      </trkpt>
      <trkpt lat="42.915260000" lon="-1.894130000">
        <ele>449.000</ele>
      </trkpt>
      <trkpt lat="42.915260000" lon="-1.894120000">
        <ele>449.000</ele>
      </trkpt>
      <trkpt lat="42.915170000" lon="-1.893970000">
        <ele>448.000</ele>
      </trkpt>
      <trkpt lat="42.915020000" lon="-1.893800000">
        <ele>448.000</ele>
      </trkpt>
      <trkpt lat="42.914910000" lon="-1.893710000">
        <ele>447.000</ele>
      </trkpt>
      <trkpt lat="42.914870000" lon="-1.893630000">
        <ele>447.000</ele>
      </trkpt>
      <trkpt lat="42.914840000" lon="-1.893570000">
        <ele>447.000</ele>
      </trkpt>
      <trkpt lat="42.914810000" lon="-1.893500000">
        <ele>446.000</ele>
      </trkpt>
      <trkpt lat="42.914800000" lon="-1.893430000">
        <ele>446.000</ele>
      </trkpt>
      <trkpt lat="42.914810000" lon="-1.893280000">
        <ele>446.000</ele>
      </trkpt>
      <trkpt lat="42.914810000" lon="-1.893270000">
        <ele>446.000</ele>
      </trkpt>
      <trkpt lat="42.914810000" lon="-1.893260000">
        <ele>445.000</ele>
      </trkpt>
      <trkpt lat="42.914840000" lon="-1.892950000">
        <ele>445.000</ele>
      </trkpt>
      <trkpt lat="42.914860000" lon="-1.892770000">
        <ele>445.000</ele>
      </trkpt>
      <trkpt lat="42.914870000" lon="-1.892590000">
        <ele>444.000</ele>
      </trkpt>
      <trkpt lat="42.914870000" lon="-1.892560000">
        <ele>444.000</ele>
      </trkpt>
      <trkpt lat="42.914870000" lon="-1.892530000">
        <ele>444.000</ele>
      </trkpt>
      <trkpt lat="42.914850000" lon="-1.892460000">
        <ele>444.000</ele>
      </trkpt>
      <trkpt lat="42.914810000" lon="-1.892420000">
        <ele>444.000</ele>
      </trkpt>
      <trkpt lat="42.914760000" lon="-1.892410000">
        <ele>444.000</ele>
      </trkpt>
      <trkpt lat="42.914730000" lon="-1.892410000">
        <ele>443.000</ele>
      </trkpt>
      <trkpt lat="42.914720000" lon="-1.892410000">
        <ele>443.000</ele>
      </trkpt>
      <trkpt lat="42.914590000" lon="-1.892410000">
        <ele>443.000</ele>
      </trkpt>
      <trkpt lat="42.914580000" lon="-1.892410000">
        <ele>443.000</ele>
      </trkpt>
      <trkpt lat="42.914460000" lon="-1.892420000">
        <ele>443.000</ele>
      </trkpt>
      <trkpt lat="42.914410000" lon="-1.892420000">
        <ele>443.000</ele>
      </trkpt>
      <trkpt lat="42.914410000" lon="-1.892420000">
        <ele>443.000</ele>
      </trkpt>
      <trkpt lat="42.914400000" lon="-1.891960000">
        <ele>443.000</ele>
      </trkpt>
      <trkpt lat="42.914400000" lon="-1.891930000">
        <ele>443.000</ele>
      </trkpt>
      <trkpt lat="42.914400000" lon="-1.891570000">
        <ele>443.000</ele>
      </trkpt>
      <trkpt lat="42.914390000" lon="-1.891050000">
        <ele>442.000</ele>
      </trkpt>
      <trkpt lat="42.914380000" lon="-1.890350000">
        <ele>442.000</ele>
      </trkpt>
      <trkpt lat="42.914370000" lon="-1.890100000">
        <ele>442.000</ele>
      </trkpt>
      <trkpt lat="42.914370000" lon="-1.890060000">
        <ele>442.000</ele>
      </trkpt>
      <trkpt lat="42.914370000" lon="-1.889860000">
        <ele>443.000</ele>
      </trkpt>
      <trkpt lat="42.914360000" lon="-1.889610000">
        <ele>443.000</ele>
      </trkpt>
      <trkpt lat="42.914350000" lon="-1.889300000">
        <ele>444.000</ele>
      </trkpt>
      <trkpt lat="42.914350000" lon="-1.889160000">
        <ele>444.000</ele>
      </trkpt>
      <trkpt lat="42.914350000" lon="-1.889110000">
        <ele>445.000</ele>
      </trkpt>
      <trkpt lat="42.914340000" lon="-1.888740000">
        <ele>445.000</ele>
      </trkpt>
      <trkpt lat="42.914340000" lon="-1.888530000">
        <ele>446.000</ele>
      </trkpt>
      <trkpt lat="42.914370000" lon="-1.888270000">
        <ele>447.000</ele>
      </trkpt>
      <trkpt lat="42.914380000" lon="-1.888130000">
        <ele>447.000</ele>
      </trkpt>
      <trkpt lat="42.914420000" lon="-1.887770000">
        <ele>448.000</ele>
      </trkpt>
      <trkpt lat="42.914430000" lon="-1.887580000">
        <ele>449.000</ele>
      </trkpt>
      <trkpt lat="42.914440000" lon="-1.887550000">
        <ele>449.000</ele>
      </trkpt>
      <trkpt lat="42.914450000" lon="-1.887400000">
        <ele>449.000</ele>
      </trkpt>
      <trkpt lat="42.914470000" lon="-1.886890000">
        <ele>450.000</ele>
      </trkpt>
      <trkpt lat="42.914480000" lon="-1.886850000">
        <ele>450.000</ele>
      </trkpt>
      <trkpt lat="42.914490000" lon="-1.886170000">
        <ele>451.000</ele>
      </trkpt>
      <trkpt lat="42.914490000" lon="-1.886110000">
        <ele>452.000</ele>
      </trkpt>
      <trkpt lat="42.914500000" lon="-1.886060000">
        <ele>452.000</ele>
      </trkpt>
      <trkpt lat="42.914500000" lon="-1.885930000">
        <ele>452.000</ele>
      </trkpt>
      <trkpt lat="42.914500000" lon="-1.885870000">
        <ele>453.000</ele>
      </trkpt>
      <trkpt lat="42.914510000" lon="-1.885560000">
        <ele>453.000</ele>
      </trkpt>
      <trkpt lat="42.914510000" lon="-1.885440000">
        <ele>453.000</ele>
      </trkpt>
      <trkpt lat="42.914520000" lon="-1.885380000">
        <ele>454.000</ele>
      </trkpt>
      <trkpt lat="42.914520000" lon="-1.885130000">
        <ele>454.000</ele>
      </trkpt>
      <trkpt lat="42.914530000" lon="-1.884970000">
        <ele>454.000</ele>
      </trkpt>
      <trkpt lat="42.914530000" lon="-1.884970000">
        <ele>455.000</ele>
      </trkpt>
      <trkpt lat="42.914290000" lon="-1.885030000">
        <ele>455.000</ele>
      </trkpt>
      <trkpt lat="42.914110000" lon="-1.885060000">
        <ele>456.000</ele>
      </trkpt>
      <trkpt lat="42.914100000" lon="-1.885060000">
        <ele>457.000</ele>
      </trkpt>
      <trkpt lat="42.913910000" lon="-1.885090000">
        <ele>457.000</ele>
      </trkpt>
      <trkpt lat="42.913630000" lon="-1.885150000">
        <ele>458.000</ele>
      </trkpt>
      <trkpt lat="42.913480000" lon="-1.885190000">
        <ele>459.000</ele>
      </trkpt>
      <trkpt lat="42.913410000" lon="-1.885210000">
        <ele>460.000</ele>
      </trkpt>
      <trkpt lat="42.913390000" lon="-1.885220000">
        <ele>460.000</ele>
      </trkpt>
      <trkpt lat="42.913290000" lon="-1.885230000">
        <ele>461.000</ele>
      </trkpt>
      <trkpt lat="42.913160000" lon="-1.885220000">
        <ele>462.000</ele>
      </trkpt>
      <trkpt lat="42.913050000" lon="-1.885210000">
        <ele>462.000</ele>
      </trkpt>
      <trkpt lat="42.913000000" lon="-1.885210000">
        <ele>463.000</ele>
      </trkpt>
      <trkpt lat="42.912870000" lon="-1.885130000">
        <ele>463.000</ele>
      </trkpt>
      <trkpt lat="42.912770000" lon="-1.885030000">
        <ele>464.000</ele>
      </trkpt>
      <trkpt lat="42.912740000" lon="-1.885000000">
        <ele>464.000</ele>
      </trkpt>
      <trkpt lat="42.912570000" lon="-1.884820000">
        <ele>465.000</ele>
      </trkpt>
      <trkpt lat="42.912440000" lon="-1.884670000">
        <ele>465.000</ele>
      </trkpt>
      <trkpt lat="42.912300000" lon="-1.884590000">
        <ele>466.000</ele>
      </trkpt>
      <trkpt lat="42.912160000" lon="-1.884550000">
        <ele>466.000</ele>
      </trkpt>
      <trkpt lat="42.912120000" lon="-1.884560000">
        <ele>466.000</ele>
      </trkpt>
      <trkpt lat="42.911970000" lon="-1.884560000">
        <ele>467.000</ele>
      </trkpt>
      <trkpt lat="42.911940000" lon="-1.884570000">
        <ele>467.000</ele>
      </trkpt>
      <trkpt lat="42.911760000" lon="-1.884590000">
        <ele>467.000</ele>
      </trkpt>
      <trkpt lat="42.911580000" lon="-1.884610000">
        <ele>468.000</ele>
      </trkpt>
      <trkpt lat="42.911470000" lon="-1.884630000">
        <ele>468.000</ele>
      </trkpt>
      <trkpt lat="42.911400000" lon="-1.884640000">
        <ele>469.000</ele>
      </trkpt>
      <trkpt lat="42.910990000" lon="-1.884710000">
        <ele>469.000</ele>
      </trkpt>
      <trkpt lat="42.910750000" lon="-1.884730000">
        <ele>470.000</ele>
      </trkpt>
      <trkpt lat="42.910690000" lon="-1.884730000">
        <ele>471.000</ele>
      </trkpt>
      <trkpt lat="42.910680000" lon="-1.884730000">
        <ele>471.000</ele>
      </trkpt>
      <trkpt lat="42.910570000" lon="-1.884740000">
        <ele>472.000</ele>
      </trkpt>
      <trkpt lat="42.910440000" lon="-1.884760000">
        <ele>472.000</ele>
      </trkpt>
      <trkpt lat="42.910140000" lon="-1.884780000">
        <ele>473.000</ele>
      </trkpt>
      <trkpt lat="42.910060000" lon="-1.884780000">
        <ele>474.000</ele>
      </trkpt>
      <trkpt lat="42.909970000" lon="-1.884760000">
        <ele>475.000</ele>
      </trkpt>
      <trkpt lat="42.909930000" lon="-1.884750000">
        <ele>475.000</ele>
      </trkpt>
      <trkpt lat="42.909900000" lon="-1.884730000">
        <ele>475.000</ele>
      </trkpt>
      <trkpt lat="42.909880000" lon="-1.884710000">
        <ele>476.000</ele>
      </trkpt>
      <trkpt lat="42.909870000" lon="-1.884700000">
        <ele>476.000</ele>
      </trkpt>
      <trkpt lat="42.909860000" lon="-1.884690000">
        <ele>476.000</ele>
      </trkpt>
      <trkpt lat="42.909850000" lon="-1.884670000">
        <ele>476.000</ele>
      </trkpt>
      <trkpt lat="42.909840000" lon="-1.884650000">
        <ele>476.000</ele>
      </trkpt>
      <trkpt lat="42.909830000" lon="-1.884620000">
        <ele>477.000</ele>
      </trkpt>
      <trkpt lat="42.909800000" lon="-1.884540000">
        <ele>477.000</ele>
      </trkpt>
      <trkpt lat="42.909740000" lon="-1.884370000">
        <ele>477.000</ele>
      </trkpt>
      <trkpt lat="42.909510000" lon="-1.883490000">
        <ele>479.000</ele>
      </trkpt>
      <trkpt lat="42.909490000" lon="-1.883360000">
        <ele>480.000</ele>
      </trkpt>
      <trkpt lat="42.909470000" lon="-1.883250000">
        <ele>480.000</ele>
      </trkpt>
      <trkpt lat="42.909460000" lon="-1.883210000">
        <ele>481.000</ele>
      </trkpt>
      <trkpt lat="42.909420000" lon="-1.882870000">
        <ele>481.000</ele>
      </trkpt>
      <trkpt lat="42.909370000" lon="-1.882390000">
        <ele>481.000</ele>
      </trkpt>
      <trkpt lat="42.909360000" lon="-1.882330000">
        <ele>481.000</ele>
      </trkpt>
      <trkpt lat="42.909310000" lon="-1.881900000">
        <ele>481.000</ele>
      </trkpt>
      <trkpt lat="42.909220000" lon="-1.881080000">
        <ele>481.000</ele>
      </trkpt>
      <trkpt lat="42.909190000" lon="-1.880880000">
        <ele>481.000</ele>
      </trkpt>
      <trkpt lat="42.909100000" lon="-1.880110000">
        <ele>481.000</ele>
      </trkpt>
      <trkpt lat="42.909080000" lon="-1.879880000">
        <ele>481.000</ele>
      </trkpt>
      <trkpt lat="42.909070000" lon="-1.879860000">
        <ele>481.000</ele>
      </trkpt>
      <trkpt lat="42.909050000" lon="-1.879620000">
        <ele>480.000</ele>
      </trkpt>
      <trkpt lat="42.909000000" lon="-1.879210000">
        <ele>480.000</ele>
      </trkpt>
      <trkpt lat="42.909000000" lon="-1.879140000">
        <ele>480.000</ele>
      </trkpt>
      <trkpt lat="42.908970000" lon="-1.878890000">
        <ele>480.000</ele>
      </trkpt>
      <trkpt lat="42.908910000" lon="-1.878410000">
        <ele>479.000</ele>
      </trkpt>
      <trkpt lat="42.908870000" lon="-1.878100000">
        <ele>479.000</ele>
      </trkpt>
      <trkpt lat="42.908830000" lon="-1.877710000">
        <ele>479.000</ele>
      </trkpt>
      <trkpt lat="42.908800000" lon="-1.877330000">
        <ele>480.000</ele>
      </trkpt>
      <trkpt lat="42.908800000" lon="-1.877240000">
        <ele>480.000</ele>
      </trkpt>
      <trkpt lat="42.908800000" lon="-1.877000000">
        <ele>480.000</ele>
      </trkpt>
      <trkpt lat="42.908830000" lon="-1.876510000">
        <ele>481.000</ele>
      </trkpt>
      <trkpt lat="42.908850000" lon="-1.876090000">
        <ele>482.000</ele>
      </trkpt>
      <trkpt lat="42.908860000" lon="-1.876010000">
        <ele>482.000</ele>
      </trkpt>
      <trkpt lat="42.908880000" lon="-1.875760000">
        <ele>483.000</ele>
      </trkpt>
      <trkpt lat="42.908930000" lon="-1.875280000">
        <ele>484.000</ele>
      </trkpt>
      <trkpt lat="42.908950000" lon="-1.875050000">
        <ele>485.000</ele>
      </trkpt>
      <trkpt lat="42.909010000" lon="-1.874340000">
        <ele>487.000</ele>
      </trkpt>
      <trkpt lat="42.909060000" lon="-1.873650000">
        <ele>489.000</ele>
      </trkpt>
      <trkpt lat="42.909110000" lon="-1.873120000">
        <ele>492.000</ele>
      </trkpt>
      <trkpt lat="42.909120000" lon="-1.872910000">
        <ele>493.000</ele>
      </trkpt>
      <trkpt lat="42.909130000" lon="-1.872870000">
        <ele>494.000</ele>
      </trkpt>
      <trkpt lat="42.909140000" lon="-1.872630000">
        <ele>495.000</ele>
      </trkpt>
      <trkpt lat="42.909150000" lon="-1.872330000">
        <ele>496.000</ele>
      </trkpt>
      <trkpt lat="42.909140000" lon="-1.872140000">
        <ele>497.000</ele>
      </trkpt>
      <trkpt lat="42.909110000" lon="-1.871650000">
        <ele>497.000</ele>
      </trkpt>
      <trkpt lat="42.909100000" lon="-1.871400000">
        <ele>497.000</ele>
      </trkpt>
      <trkpt lat="42.909100000" lon="-1.871290000">
        <ele>498.000</ele>
      </trkpt>
      <trkpt lat="42.909090000" lon="-1.871110000">
        <ele>498.000</ele>
      </trkpt>
      <trkpt lat="42.909060000" lon="-1.870330000">
        <ele>499.000</ele>
      </trkpt>
      <trkpt lat="42.909040000" lon="-1.869930000">
        <ele>499.000</ele>
      </trkpt>
      <trkpt lat="42.909000000" lon="-1.869250000">
        <ele>499.000</ele>
      </trkpt>
      <trkpt lat="42.908950000" lon="-1.868220000">
        <ele>499.000</ele>
      </trkpt>
      <trkpt lat="42.908940000" lon="-1.868060000">
        <ele>498.000</ele>
      </trkpt>
      <trkpt lat="42.908940000" lon="-1.867970000">
        <ele>498.000</ele>
      </trkpt>
      <trkpt lat="42.908910000" lon="-1.867480000">
        <ele>498.000</ele>
      </trkpt>
      <trkpt lat="42.908890000" lon="-1.866930000">
        <ele>497.000</ele>
      </trkpt>
      <trkpt lat="42.908870000" lon="-1.866690000">
        <ele>497.000</ele>
      </trkpt>
      <trkpt lat="42.908870000" lon="-1.866660000">
        <ele>497.000</ele>
      </trkpt>
      <trkpt lat="42.908860000" lon="-1.866340000">
        <ele>496.000</ele>
      </trkpt>
      <trkpt lat="42.908850000" lon="-1.866220000">
        <ele>496.000</ele>
      </trkpt>
      <trkpt lat="42.908910000" lon="-1.865980000">
        <ele>496.000</ele>
      </trkpt>
      <trkpt lat="42.908920000" lon="-1.865960000">
        <ele>495.000</ele>
      </trkpt>
      <trkpt lat="42.909070000" lon="-1.865670000">
        <ele>495.000</ele>
      </trkpt>
      <trkpt lat="42.909210000" lon="-1.865530000">
        <ele>495.000</ele>
      </trkpt>
      <trkpt lat="42.909290000" lon="-1.865490000">
        <ele>494.000</ele>
      </trkpt>
      <trkpt lat="42.909440000" lon="-1.865410000">
        <ele>494.000</ele>
      </trkpt>
      <trkpt lat="42.909460000" lon="-1.865410000">
        <ele>494.000</ele>
      </trkpt>
      <trkpt lat="42.909640000" lon="-1.865400000">
        <ele>493.000</ele>
      </trkpt>
      <trkpt lat="42.909650000" lon="-1.865400000">
        <ele>493.000</ele>
      </trkpt>
      <trkpt lat="42.909820000" lon="-1.865460000">
        <ele>493.000</ele>
      </trkpt>
      <trkpt lat="42.910060000" lon="-1.865550000">
        <ele>492.000</ele>
      </trkpt>
      <trkpt lat="42.910350000" lon="-1.865580000">
        <ele>491.000</ele>
      </trkpt>
      <trkpt lat="42.910440000" lon="-1.865560000">
        <ele>491.000</ele>
      </trkpt>
      <trkpt lat="42.910530000" lon="-1.865550000">
        <ele>490.000</ele>
      </trkpt>
      <trkpt lat="42.910800000" lon="-1.865500000">
        <ele>489.000</ele>
      </trkpt>
      <trkpt lat="42.910810000" lon="-1.865490000">
        <ele>489.000</ele>
      </trkpt>
      <trkpt lat="42.910980000" lon="-1.865450000">
        <ele>488.000</ele>
      </trkpt>
      <trkpt lat="42.911160000" lon="-1.865410000">
        <ele>487.000</ele>
      </trkpt>
      <trkpt lat="42.911170000" lon="-1.865400000">
        <ele>487.000</ele>
      </trkpt>
      <trkpt lat="42.911280000" lon="-1.865380000">
        <ele>486.000</ele>
      </trkpt>
      <trkpt lat="42.911280000" lon="-1.865380000">
        <ele>486.000</ele>
      </trkpt>
      <trkpt lat="42.911280000" lon="-1.865360000">
        <ele>486.000</ele>
      </trkpt>
      <trkpt lat="42.911280000" lon="-1.865350000">
        <ele>486.000</ele>
      </trkpt>
      <trkpt lat="42.911280000" lon="-1.865330000">
        <ele>486.000</ele>
      </trkpt>
      <trkpt lat="42.911280000" lon="-1.865320000">
        <ele>486.000</ele>
      </trkpt>
      <trkpt lat="42.911280000" lon="-1.865300000">
        <ele>485.000</ele>
      </trkpt>
      <trkpt lat="42.911290000" lon="-1.865290000">
        <ele>485.000</ele>
      </trkpt>
      <trkpt lat="42.911290000" lon="-1.865270000">
        <ele>485.000</ele>
      </trkpt>
      <trkpt lat="42.911290000" lon="-1.865260000">
        <ele>485.000</ele>
      </trkpt>
      <trkpt lat="42.911300000" lon="-1.865240000">
        <ele>485.000</ele>
      </trkpt>
      <trkpt lat="42.911300000" lon="-1.865230000">
        <ele>485.000</ele>
      </trkpt>
      <trkpt lat="42.911310000" lon="-1.865220000">
        <ele>485.000</ele>
      </trkpt>
      <trkpt lat="42.911310000" lon="-1.865210000">
        <ele>485.000</ele>
      </trkpt>
      <trkpt lat="42.911310000" lon="-1.865200000">
        <ele>485.000</ele>
      </trkpt>
      <trkpt lat="42.911320000" lon="-1.865190000">
        <ele>485.000</ele>
      </trkpt>
      <trkpt lat="42.911330000" lon="-1.865180000">
        <ele>485.000</ele>
      </trkpt>
      <trkpt lat="42.911340000" lon="-1.865170000">
        <ele>485.000</ele>
      </trkpt>
      <trkpt lat="42.911350000" lon="-1.865160000">
        <ele>485.000</ele>
      </trkpt>
      <trkpt lat="42.911360000" lon="-1.865150000">
        <ele>485.000</ele>
      </trkpt>
      <trkpt lat="42.911370000" lon="-1.865140000">
        <ele>485.000</ele>
      </trkpt>
      <trkpt lat="42.911380000" lon="-1.865140000">
        <ele>485.000</ele>
      </trkpt>
      <trkpt lat="42.911390000" lon="-1.865130000">
        <ele>485.000</ele>
      </trkpt>
      <trkpt lat="42.911400000" lon="-1.865130000">
        <ele>485.000</ele>
      </trkpt>
      <trkpt lat="42.911410000" lon="-1.865120000">
        <ele>485.000</ele>
      </trkpt>
      <trkpt lat="42.911420000" lon="-1.865120000">
        <ele>485.000</ele>
      </trkpt>
      <trkpt lat="42.911430000" lon="-1.865120000">
        <ele>485.000</ele>
      </trkpt>
      <trkpt lat="42.911440000" lon="-1.865120000">
        <ele>484.000</ele>
      </trkpt>
      <trkpt lat="42.911460000" lon="-1.865120000">
        <ele>484.000</ele>
      </trkpt>
      <trkpt lat="42.911470000" lon="-1.865120000">
        <ele>484.000</ele>
      </trkpt>
      <trkpt lat="42.911480000" lon="-1.865130000">
        <ele>484.000</ele>
      </trkpt>
      <trkpt lat="42.911490000" lon="-1.865130000">
        <ele>484.000</ele>
      </trkpt>
      <trkpt lat="42.911500000" lon="-1.865140000">
        <ele>484.000</ele>
      </trkpt>
      <trkpt lat="42.911510000" lon="-1.865140000">
        <ele>484.000</ele>
      </trkpt>
      <trkpt lat="42.911520000" lon="-1.865150000">
        <ele>484.000</ele>
      </trkpt>
      <trkpt lat="42.911530000" lon="-1.865160000">
        <ele>484.000</ele>
      </trkpt>
      <trkpt lat="42.911540000" lon="-1.865170000">
        <ele>484.000</ele>
      </trkpt>
      <trkpt lat="42.911550000" lon="-1.865180000">
        <ele>484.000</ele>
      </trkpt>
      <trkpt lat="42.911560000" lon="-1.865190000">
        <ele>484.000</ele>
      </trkpt>
      <trkpt lat="42.911570000" lon="-1.865200000">
        <ele>484.000</ele>
      </trkpt>
      <trkpt lat="42.911570000" lon="-1.865210000">
        <ele>484.000</ele>
      </trkpt>
      <trkpt lat="42.911580000" lon="-1.865230000">
        <ele>484.000</ele>
      </trkpt>
      <trkpt lat="42.911580000" lon="-1.865240000">
        <ele>484.000</ele>
      </trkpt>
      <trkpt lat="42.911590000" lon="-1.865250000">
        <ele>484.000</ele>
      </trkpt>
      <trkpt lat="42.911640000" lon="-1.865260000">
        <ele>484.000</ele>
      </trkpt>
      <trkpt lat="42.911700000" lon="-1.865270000">
        <ele>484.000</ele>
      </trkpt>
      <trkpt lat="42.911750000" lon="-1.865280000">
        <ele>483.000</ele>
      </trkpt>
      <trkpt lat="42.911810000" lon="-1.865260000">
        <ele>483.000</ele>
      </trkpt>
      <trkpt lat="42.911990000" lon="-1.865230000">
        <ele>483.000</ele>
      </trkpt>
      <trkpt lat="42.912170000" lon="-1.865190000">
        <ele>482.000</ele>
      </trkpt>
      <trkpt lat="42.912280000" lon="-1.865180000">
        <ele>482.000</ele>
      </trkpt>
      <trkpt lat="42.912400000" lon="-1.865100000">
        <ele>481.000</ele>
      </trkpt>
      <trkpt lat="42.912400000" lon="-1.865100000">
        <ele>481.000</ele>
      </trkpt>
      <trkpt lat="42.912400000" lon="-1.865090000">
        <ele>481.000</ele>
      </trkpt>
      <trkpt lat="42.912400000" lon="-1.865080000">
        <ele>481.000</ele>
      </trkpt>
      <trkpt lat="42.912410000" lon="-1.865060000">
        <ele>481.000</ele>
      </trkpt>
      <trkpt lat="42.912410000" lon="-1.865050000">
        <ele>481.000</ele>
      </trkpt>
      <trkpt lat="42.912420000" lon="-1.865040000">
        <ele>480.000</ele>
      </trkpt>
      <trkpt lat="42.912420000" lon="-1.865030000">
        <ele>480.000</ele>
      </trkpt>
      <trkpt lat="42.912420000" lon="-1.865020000">
        <ele>480.000</ele>
      </trkpt>
      <trkpt lat="42.912430000" lon="-1.865010000">
        <ele>480.000</ele>
      </trkpt>
      <trkpt lat="42.912440000" lon="-1.865000000">
        <ele>480.000</ele>
      </trkpt>
      <trkpt lat="42.912450000" lon="-1.864990000">
        <ele>480.000</ele>
      </trkpt>
      <trkpt lat="42.912450000" lon="-1.864980000">
        <ele>480.000</ele>
      </trkpt>
      <trkpt lat="42.912460000" lon="-1.864970000">
        <ele>480.000</ele>
      </trkpt>
      <trkpt lat="42.912470000" lon="-1.864970000">
        <ele>480.000</ele>
      </trkpt>
      <trkpt lat="42.912480000" lon="-1.864960000">
        <ele>480.000</ele>
      </trkpt>
      <trkpt lat="42.912490000" lon="-1.864950000">
        <ele>480.000</ele>
      </trkpt>
      <trkpt lat="42.912500000" lon="-1.864940000">
        <ele>480.000</ele>
      </trkpt>
      <trkpt lat="42.912510000" lon="-1.864940000">
        <ele>480.000</ele>
      </trkpt>
      <trkpt lat="42.912520000" lon="-1.864930000">
        <ele>480.000</ele>
      </trkpt>
      <trkpt lat="42.912530000" lon="-1.864930000">
        <ele>480.000</ele>
      </trkpt>
      <trkpt lat="42.912540000" lon="-1.864930000">
        <ele>480.000</ele>
      </trkpt>
      <trkpt lat="42.912550000" lon="-1.864930000">
        <ele>480.000</ele>
      </trkpt>
      <trkpt lat="42.912560000" lon="-1.864940000">
        <ele>480.000</ele>
      </trkpt>
      <trkpt lat="42.912570000" lon="-1.864940000">
        <ele>480.000</ele>
      </trkpt>
      <trkpt lat="42.912630000" lon="-1.864800000">
        <ele>479.000</ele>
      </trkpt>
      <trkpt lat="42.912650000" lon="-1.864760000">
        <ele>479.000</ele>
      </trkpt>
      <trkpt lat="42.912660000" lon="-1.864730000">
        <ele>479.000</ele>
      </trkpt>
      <trkpt lat="42.912690000" lon="-1.864600000">
        <ele>479.000</ele>
      </trkpt>
      <trkpt lat="42.912660000" lon="-1.864220000">
        <ele>479.000</ele>
      </trkpt>
      <trkpt lat="42.912660000" lon="-1.864190000">
        <ele>478.000</ele>
      </trkpt>
      <trkpt lat="42.912660000" lon="-1.863860000">
        <ele>478.000</ele>
      </trkpt>
      <trkpt lat="42.912660000" lon="-1.863740000">
        <ele>477.000</ele>
      </trkpt>
      <trkpt lat="42.912660000" lon="-1.863730000">
        <ele>477.000</ele>
      </trkpt>
      <trkpt lat="42.912670000" lon="-1.863550000">
        <ele>477.000</ele>
      </trkpt>
      <trkpt lat="42.912670000" lon="-1.863530000">
        <ele>477.000</ele>
      </trkpt>
      <trkpt lat="42.912690000" lon="-1.863310000">
        <ele>476.000</ele>
      </trkpt>
      <trkpt lat="42.912790000" lon="-1.862750000">
        <ele>476.000</ele>
      </trkpt>
      <trkpt lat="42.912800000" lon="-1.862670000">
        <ele>475.000</ele>
      </trkpt>
      <trkpt lat="42.912810000" lon="-1.862660000">
        <ele>475.000</ele>
      </trkpt>
      <trkpt lat="42.912830000" lon="-1.862520000">
        <ele>474.000</ele>
      </trkpt>
      <trkpt lat="42.913110000" lon="-1.861090000">
        <ele>473.000</ele>
      </trkpt>
      <trkpt lat="42.913150000" lon="-1.860850000">
        <ele>472.000</ele>
      </trkpt>
      <trkpt lat="42.913210000" lon="-1.860570000">
        <ele>471.000</ele>
      </trkpt>
      <trkpt lat="42.913510000" lon="-1.858950000">
        <ele>468.000</ele>
      </trkpt>
      <trkpt lat="42.913530000" lon="-1.858850000">
        <ele>467.000</ele>
      </trkpt>
      <trkpt lat="42.913580000" lon="-1.858610000">
        <ele>465.000</ele>
      </trkpt>
      <trkpt lat="42.913620000" lon="-1.858390000">
        <ele>464.000</ele>
      </trkpt>
      <trkpt lat="42.913630000" lon="-1.858320000">
        <ele>463.000</ele>
      </trkpt>
      <trkpt lat="42.913680000" lon="-1.858100000">
        <ele>462.000</ele>
      </trkpt>
      <trkpt lat="42.913730000" lon="-1.857870000">
        <ele>461.000</ele>
      </trkpt>
      <trkpt lat="42.913790000" lon="-1.857630000">
        <ele>460.000</ele>
      </trkpt>
      <trkpt lat="42.913870000" lon="-1.857260000">
        <ele>459.000</ele>
      </trkpt>
      <trkpt lat="42.913980000" lon="-1.856880000">
        <ele>458.000</ele>
      </trkpt>
      <trkpt lat="42.913980000" lon="-1.856850000">
        <ele>457.000</ele>
      </trkpt>
      <trkpt lat="42.914010000" lon="-1.856760000">
        <ele>456.000</ele>
      </trkpt>
      <trkpt lat="42.914070000" lon="-1.856530000">
        <ele>455.000</ele>
      </trkpt>
      <trkpt lat="42.914130000" lon="-1.856300000">
        <ele>454.000</ele>
      </trkpt>
      <trkpt lat="42.914180000" lon="-1.856100000">
        <ele>453.000</ele>
      </trkpt>
      <trkpt lat="42.914190000" lon="-1.856070000">
        <ele>453.000</ele>
      </trkpt>
      <trkpt lat="42.914240000" lon="-1.855880000">
        <ele>452.000</ele>
      </trkpt>
      <trkpt lat="42.914380000" lon="-1.855380000">
        <ele>451.000</ele>
      </trkpt>
      <trkpt lat="42.914390000" lon="-1.855320000">
        <ele>450.000</ele>
      </trkpt>
      <trkpt lat="42.914460000" lon="-1.855070000">
        <ele>449.000</ele>
      </trkpt>
      <trkpt lat="42.914500000" lon="-1.854920000">
        <ele>448.000</ele>
      </trkpt>
      <trkpt lat="42.914530000" lon="-1.854820000">
        <ele>448.000</ele>
      </trkpt>
      <trkpt lat="42.914570000" lon="-1.854690000">
        <ele>447.000</ele>
      </trkpt>
      <trkpt lat="42.914590000" lon="-1.854590000">
        <ele>447.000</ele>
      </trkpt>
      <trkpt lat="42.914640000" lon="-1.854430000">
        <ele>446.000</ele>
      </trkpt>
      <trkpt lat="42.914690000" lon="-1.854230000">
        <ele>446.000</ele>
      </trkpt>
      <trkpt lat="42.914700000" lon="-1.854180000">
        <ele>445.000</ele>
      </trkpt>
      <trkpt lat="42.914770000" lon="-1.853960000">
        <ele>444.000</ele>
      </trkpt>
      <trkpt lat="42.914790000" lon="-1.853910000">
        <ele>444.000</ele>
      </trkpt>
      <trkpt lat="42.914810000" lon="-1.853820000">
        <ele>444.000</ele>
      </trkpt>
      <trkpt lat="42.914820000" lon="-1.853770000">
        <ele>443.000</ele>
      </trkpt>
      <trkpt lat="42.914850000" lon="-1.853680000">
        <ele>443.000</ele>
      </trkpt>
      <trkpt lat="42.914890000" lon="-1.853540000">
        <ele>443.000</ele>
      </trkpt>
      <trkpt lat="42.914900000" lon="-1.853490000">
        <ele>442.000</ele>
      </trkpt>
      <trkpt lat="42.915060000" lon="-1.852970000">
        <ele>442.000</ele>
      </trkpt>
      <trkpt lat="42.915170000" lon="-1.852570000">
        <ele>442.000</ele>
      </trkpt>
      <trkpt lat="42.915190000" lon="-1.852520000">
        <ele>441.000</ele>
      </trkpt>
      <trkpt lat="42.915290000" lon="-1.852160000">
        <ele>441.000</ele>
      </trkpt>
      <trkpt lat="42.915290000" lon="-1.852140000">
        <ele>440.000</ele>
      </trkpt>
      <trkpt lat="42.915350000" lon="-1.851920000">
        <ele>440.000</ele>
      </trkpt>
      <trkpt lat="42.915450000" lon="-1.851570000">
        <ele>440.000</ele>
      </trkpt>
      <trkpt lat="42.915510000" lon="-1.851370000">
        <ele>439.000</ele>
      </trkpt>
      <trkpt lat="42.915550000" lon="-1.851240000">
        <ele>439.000</ele>
      </trkpt>
      <trkpt lat="42.915570000" lon="-1.851170000">
        <ele>439.000</ele>
      </trkpt>
      <trkpt lat="42.915630000" lon="-1.850960000">
        <ele>438.000</ele>
      </trkpt>
      <trkpt lat="42.915680000" lon="-1.850780000">
        <ele>438.000</ele>
      </trkpt>
      <trkpt lat="42.915680000" lon="-1.850770000">
        <ele>438.000</ele>
      </trkpt>
      <trkpt lat="42.915720000" lon="-1.850620000">
        <ele>438.000</ele>
      </trkpt>
      <trkpt lat="42.915740000" lon="-1.850550000">
        <ele>437.000</ele>
      </trkpt>
      <trkpt lat="42.915780000" lon="-1.850430000">
        <ele>437.000</ele>
      </trkpt>
      <trkpt lat="42.915840000" lon="-1.850200000">
        <ele>437.000</ele>
      </trkpt>
      <trkpt lat="42.915900000" lon="-1.849970000">
        <ele>437.000</ele>
      </trkpt>
      <trkpt lat="42.915940000" lon="-1.849870000">
        <ele>436.000</ele>
      </trkpt>
      <trkpt lat="42.915940000" lon="-1.849860000">
        <ele>436.000</ele>
      </trkpt>
      <trkpt lat="42.915960000" lon="-1.849790000">
        <ele>436.000</ele>
      </trkpt>
      <trkpt lat="42.916000000" lon="-1.849640000">
        <ele>436.000</ele>
      </trkpt>
      <trkpt lat="42.916020000" lon="-1.849570000">
        <ele>436.000</ele>
      </trkpt>
      <trkpt lat="42.916050000" lon="-1.849430000">
        <ele>436.000</ele>
      </trkpt>
      <trkpt lat="42.916110000" lon="-1.849260000">
        <ele>435.000</ele>
      </trkpt>
      <trkpt lat="42.916160000" lon="-1.849080000">
        <ele>435.000</ele>
      </trkpt>
      <trkpt lat="42.916190000" lon="-1.848950000">
        <ele>435.000</ele>
      </trkpt>
      <trkpt lat="42.916200000" lon="-1.848900000">
        <ele>435.000</ele>
      </trkpt>
      <trkpt lat="42.916260000" lon="-1.848720000">
        <ele>435.000</ele>
      </trkpt>
      <trkpt lat="42.916260000" lon="-1.848710000">
        <ele>435.000</ele>
      </trkpt>
      <trkpt lat="42.916320000" lon="-1.848490000">
        <ele>435.000</ele>
      </trkpt>
      <trkpt lat="42.916330000" lon="-1.848470000">
        <ele>435.000</ele>
      </trkpt>
      <trkpt lat="42.916390000" lon="-1.848260000">
        <ele>435.000</ele>
      </trkpt>
      <trkpt lat="42.916390000" lon="-1.848250000">
        <ele>435.000</ele>
      </trkpt>
      <trkpt lat="42.916450000" lon="-1.848030000">
        <ele>435.000</ele>
      </trkpt>
      <trkpt lat="42.916510000" lon="-1.847830000">
        <ele>435.000</ele>
      </trkpt>
      <trkpt lat="42.916510000" lon="-1.847800000">
        <ele>435.000</ele>
      </trkpt>
      <trkpt lat="42.916520000" lon="-1.847800000">
        <ele>435.000</ele>
      </trkpt>
      <trkpt lat="42.916570000" lon="-1.847610000">
        <ele>435.000</ele>
      </trkpt>
      <trkpt lat="42.916640000" lon="-1.847350000">
        <ele>435.000</ele>
      </trkpt>
      <trkpt lat="42.916640000" lon="-1.847340000">
        <ele>435.000</ele>
      </trkpt>
      <trkpt lat="42.916700000" lon="-1.847120000">
        <ele>435.000</ele>
      </trkpt>
      <trkpt lat="42.916710000" lon="-1.847110000">
        <ele>435.000</ele>
      </trkpt>
      <trkpt lat="42.916770000" lon="-1.846890000">
        <ele>435.000</ele>
      </trkpt>
      <trkpt lat="42.916770000" lon="-1.846880000">
        <ele>435.000</ele>
      </trkpt>
      <trkpt lat="42.916840000" lon="-1.846650000">
        <ele>435.000</ele>
      </trkpt>
      <trkpt lat="42.916910000" lon="-1.846430000">
        <ele>436.000</ele>
      </trkpt>
      <trkpt lat="42.917030000" lon="-1.845980000">
        <ele>436.000</ele>
      </trkpt>
      <trkpt lat="42.917030000" lon="-1.845970000">
        <ele>437.000</ele>
      </trkpt>
      <trkpt lat="42.917080000" lon="-1.845730000">
        <ele>437.000</ele>
      </trkpt>
      <trkpt lat="42.917090000" lon="-1.845730000">
        <ele>438.000</ele>
      </trkpt>
      <trkpt lat="42.917130000" lon="-1.845500000">
        <ele>438.000</ele>
      </trkpt>
      <trkpt lat="42.917160000" lon="-1.845260000">
        <ele>439.000</ele>
      </trkpt>
      <trkpt lat="42.917160000" lon="-1.845250000">
        <ele>439.000</ele>
      </trkpt>
      <trkpt lat="42.917180000" lon="-1.845110000">
        <ele>440.000</ele>
      </trkpt>
      <trkpt lat="42.917190000" lon="-1.845010000">
        <ele>440.000</ele>
      </trkpt>
      <trkpt lat="42.917210000" lon="-1.844770000">
        <ele>440.000</ele>
      </trkpt>
      <trkpt lat="42.917240000" lon="-1.844370000">
        <ele>441.000</ele>
      </trkpt>
      <trkpt lat="42.917300000" lon="-1.843740000">
        <ele>442.000</ele>
      </trkpt>
      <trkpt lat="42.917310000" lon="-1.843670000">
        <ele>443.000</ele>
      </trkpt>
      <trkpt lat="42.917330000" lon="-1.843520000">
        <ele>444.000</ele>
      </trkpt>
      <trkpt lat="42.917370000" lon="-1.843310000">
        <ele>444.000</ele>
      </trkpt>
      <trkpt lat="42.917370000" lon="-1.843290000">
        <ele>445.000</ele>
      </trkpt>
      <trkpt lat="42.917420000" lon="-1.843080000">
        <ele>445.000</ele>
      </trkpt>
      <trkpt lat="42.917420000" lon="-1.843070000">
        <ele>445.000</ele>
      </trkpt>
      <trkpt lat="42.917430000" lon="-1.843050000">
        <ele>446.000</ele>
      </trkpt>
      <trkpt lat="42.917450000" lon="-1.842960000">
        <ele>446.000</ele>
      </trkpt>
      <trkpt lat="42.917490000" lon="-1.842820000">
        <ele>446.000</ele>
      </trkpt>
      <trkpt lat="42.917590000" lon="-1.842530000">
        <ele>446.000</ele>
      </trkpt>
      <trkpt lat="42.917630000" lon="-1.842410000">
        <ele>447.000</ele>
      </trkpt>
      <trkpt lat="42.917750000" lon="-1.842080000">
        <ele>447.000</ele>
      </trkpt>
      <trkpt lat="42.917830000" lon="-1.841860000">
        <ele>448.000</ele>
      </trkpt>
      <trkpt lat="42.917840000" lon="-1.841840000">
        <ele>448.000</ele>
      </trkpt>
      <trkpt lat="42.917950000" lon="-1.841520000">
        <ele>448.000</ele>
      </trkpt>
      <trkpt lat="42.917990000" lon="-1.841440000">
        <ele>449.000</ele>
      </trkpt>
      <trkpt lat="42.917990000" lon="-1.841440000">
        <ele>449.000</ele>
      </trkpt>
      <trkpt lat="42.918170000" lon="-1.841490000">
        <ele>449.000</ele>
      </trkpt>
      <trkpt lat="42.918170000" lon="-1.841490000">
        <ele>450.000</ele>
      </trkpt>
      <trkpt lat="42.918080000" lon="-1.841820000">
        <ele>450.000</ele>
      </trkpt>
      <trkpt lat="42.918040000" lon="-1.841960000">
        <ele>450.000</ele>
      </trkpt>
      <trkpt lat="42.917890000" lon="-1.842500000">
        <ele>450.000</ele>
      </trkpt>
      <trkpt lat="42.917890000" lon="-1.842510000">
        <ele>451.000</ele>
      </trkpt>
      <trkpt lat="42.917840000" lon="-1.842660000">
        <ele>451.000</ele>
      </trkpt>
      <trkpt lat="42.917740000" lon="-1.842990000">
        <ele>451.000</ele>
      </trkpt>
      <trkpt lat="42.917690000" lon="-1.843250000">
        <ele>451.000</ele>
      </trkpt>
      <trkpt lat="42.917660000" lon="-1.843440000">
        <ele>451.000</ele>
      </trkpt>
      <trkpt lat="42.917660000" lon="-1.843470000">
        <ele>451.000</ele>
      </trkpt>
      <trkpt lat="42.917660000" lon="-1.843660000">
        <ele>451.000</ele>
      </trkpt>
      <trkpt lat="42.917680000" lon="-1.843840000">
        <ele>451.000</ele>
      </trkpt>
      <trkpt lat="42.917730000" lon="-1.844030000">
        <ele>452.000</ele>
      </trkpt>
      <trkpt lat="42.917790000" lon="-1.844140000">
        <ele>452.000</ele>
      </trkpt>
      <trkpt lat="42.917820000" lon="-1.844190000">
        <ele>452.000</ele>
      </trkpt>
      <trkpt lat="42.917900000" lon="-1.844320000">
        <ele>452.000</ele>
      </trkpt>
      <trkpt lat="42.917940000" lon="-1.844370000">
        <ele>453.000</ele>
      </trkpt>
      <trkpt lat="42.918090000" lon="-1.844550000">
        <ele>453.000</ele>
      </trkpt>
      <trkpt lat="42.918270000" lon="-1.844760000">
        <ele>453.000</ele>
      </trkpt>
      <trkpt lat="42.918410000" lon="-1.844910000">
        <ele>454.000</ele>
      </trkpt>
      <trkpt lat="42.918500000" lon="-1.844990000">
        <ele>454.000</ele>
      </trkpt>
      <trkpt lat="42.918590000" lon="-1.845050000">
        <ele>454.000</ele>
      </trkpt>
      <trkpt lat="42.918740000" lon="-1.845120000">
        <ele>455.000</ele>
      </trkpt>
      <trkpt lat="42.918940000" lon="-1.845200000">
        <ele>455.000</ele>
      </trkpt>
      <trkpt lat="42.919230000" lon="-1.845290000">
        <ele>456.000</ele>
      </trkpt>
      <trkpt lat="42.919310000" lon="-1.845320000">
        <ele>456.000</ele>
      </trkpt>
      <trkpt lat="42.919380000" lon="-1.845350000">
        <ele>456.000</ele>
      </trkpt>
      <trkpt lat="42.919480000" lon="-1.845390000">
        <ele>456.000</ele>
      </trkpt>
      <trkpt lat="42.919510000" lon="-1.845400000">
        <ele>457.000</ele>
      </trkpt>
      <trkpt lat="42.919640000" lon="-1.845490000">
        <ele>457.000</ele>
      </trkpt>
      <trkpt lat="42.919660000" lon="-1.845500000">
        <ele>457.000</ele>
      </trkpt>
      <trkpt lat="42.919880000" lon="-1.845630000">
        <ele>457.000</ele>
      </trkpt>
      <trkpt lat="42.920100000" lon="-1.845800000">
        <ele>458.000</ele>
      </trkpt>
      <trkpt lat="42.920450000" lon="-1.846040000">
        <ele>459.000</ele>
      </trkpt>
      <trkpt lat="42.920530000" lon="-1.846090000">
        <ele>459.000</ele>
      </trkpt>
      <trkpt lat="42.920720000" lon="-1.846200000">
        <ele>460.000</ele>
      </trkpt>
      <trkpt lat="42.920950000" lon="-1.846320000">
        <ele>460.000</ele>
      </trkpt>
      <trkpt lat="42.920990000" lon="-1.846340000">
        <ele>461.000</ele>
      </trkpt>
      <trkpt lat="42.921100000" lon="-1.846400000">
        <ele>461.000</ele>
      </trkpt>
      <trkpt lat="42.921110000" lon="-1.846400000">
        <ele>461.000</ele>
      </trkpt>
      <trkpt lat="42.921270000" lon="-1.846490000">
        <ele>462.000</ele>
      </trkpt>
      <trkpt lat="42.921410000" lon="-1.846570000">
        <ele>462.000</ele>
      </trkpt>
      <trkpt lat="42.921630000" lon="-1.846710000">
        <ele>463.000</ele>
      </trkpt>
      <trkpt lat="42.921750000" lon="-1.846790000">
        <ele>464.000</ele>
      </trkpt>
      <trkpt lat="42.921750000" lon="-1.846790000">
        <ele>465.000</ele>
      </trkpt>
      <trkpt lat="42.921950000" lon="-1.846930000">
        <ele>465.000</ele>
      </trkpt>
      <trkpt lat="42.922080000" lon="-1.847020000">
        <ele>466.000</ele>
      </trkpt>
      <trkpt lat="42.922210000" lon="-1.847110000">
        <ele>467.000</ele>
      </trkpt>
      <trkpt lat="42.922390000" lon="-1.847240000">
        <ele>468.000</ele>
      </trkpt>
      <trkpt lat="42.922490000" lon="-1.847290000">
        <ele>469.000</ele>
      </trkpt>
      <trkpt lat="42.922620000" lon="-1.847340000">
        <ele>470.000</ele>
      </trkpt>
      <trkpt lat="42.923180000" lon="-1.847460000">
        <ele>471.000</ele>
      </trkpt>
      <trkpt lat="42.923280000" lon="-1.847480000">
        <ele>473.000</ele>
      </trkpt>
      <trkpt lat="42.923360000" lon="-1.847490000">
        <ele>474.000</ele>
      </trkpt>
      <trkpt lat="42.923710000" lon="-1.847570000">
        <ele>475.000</ele>
      </trkpt>
      <trkpt lat="42.923890000" lon="-1.847600000">
        <ele>476.000</ele>
      </trkpt>
      <trkpt lat="42.923930000" lon="-1.847610000">
        <ele>477.000</ele>
      </trkpt>
      <trkpt lat="42.923960000" lon="-1.847620000">
        <ele>478.000</ele>
      </trkpt>
      <trkpt lat="42.924070000" lon="-1.847640000">
        <ele>478.000</ele>
      </trkpt>
      <trkpt lat="42.924080000" lon="-1.847640000">
        <ele>479.000</ele>
      </trkpt>
      <trkpt lat="42.924190000" lon="-1.847670000">
        <ele>479.000</ele>
      </trkpt>
      <trkpt lat="42.924250000" lon="-1.847680000">
        <ele>480.000</ele>
      </trkpt>
      <trkpt lat="42.924320000" lon="-1.847710000">
        <ele>480.000</ele>
      </trkpt>
      <trkpt lat="42.924410000" lon="-1.847780000">
        <ele>481.000</ele>
      </trkpt>
      <trkpt lat="42.924480000" lon="-1.847850000">
        <ele>481.000</ele>
      </trkpt>
      <trkpt lat="42.924830000" lon="-1.848250000">
        <ele>483.000</ele>
      </trkpt>
      <trkpt lat="42.924890000" lon="-1.848330000">
        <ele>484.000</ele>
      </trkpt>
      <trkpt lat="42.924960000" lon="-1.848410000">
        <ele>485.000</ele>
      </trkpt>
      <trkpt lat="42.925010000" lon="-1.848460000">
        <ele>486.000</ele>
      </trkpt>
      <trkpt lat="42.925090000" lon="-1.848500000">
        <ele>487.000</ele>
      </trkpt>
      <trkpt lat="42.925180000" lon="-1.848520000">
        <ele>487.000</ele>
      </trkpt>
      <trkpt lat="42.925250000" lon="-1.848540000">
        <ele>488.000</ele>
      </trkpt>
      <trkpt lat="42.925480000" lon="-1.848540000">
        <ele>488.000</ele>
      </trkpt>
      <trkpt lat="42.925660000" lon="-1.848540000">
        <ele>489.000</ele>
      </trkpt>
      <trkpt lat="42.925840000" lon="-1.848540000">
        <ele>489.000</ele>
      </trkpt>
      <trkpt lat="42.925850000" lon="-1.848540000">
        <ele>490.000</ele>
      </trkpt>
      <trkpt lat="42.926020000" lon="-1.848540000">
        <ele>490.000</ele>
      </trkpt>
      <trkpt lat="42.926110000" lon="-1.848550000">
        <ele>491.000</ele>
      </trkpt>
      <trkpt lat="42.926200000" lon="-1.848540000">
        <ele>492.000</ele>
      </trkpt>
      <trkpt lat="42.926300000" lon="-1.848540000">
        <ele>493.000</ele>
      </trkpt>
      <trkpt lat="42.926380000" lon="-1.848520000">
        <ele>494.000</ele>
      </trkpt>
      <trkpt lat="42.926390000" lon="-1.848520000">
        <ele>495.000</ele>
      </trkpt>
      <trkpt lat="42.926440000" lon="-1.848490000">
        <ele>495.000</ele>
      </trkpt>
      <trkpt lat="42.926520000" lon="-1.848430000">
        <ele>496.000</ele>
      </trkpt>
      <trkpt lat="42.926650000" lon="-1.848300000">
        <ele>497.000</ele>
      </trkpt>
      <trkpt lat="42.926680000" lon="-1.848250000">
        <ele>498.000</ele>
      </trkpt>
      <trkpt lat="42.926690000" lon="-1.848240000">
        <ele>499.000</ele>
      </trkpt>
      <trkpt lat="42.926840000" lon="-1.848150000">
        <ele>500.000</ele>
      </trkpt>
      <trkpt lat="42.926900000" lon="-1.848120000">
        <ele>501.000</ele>
      </trkpt>
      <trkpt lat="42.926990000" lon="-1.848090000">
        <ele>501.000</ele>
      </trkpt>
      <trkpt lat="42.927010000" lon="-1.848090000">
        <ele>502.000</ele>
      </trkpt>
      <trkpt lat="42.927090000" lon="-1.848080000">
        <ele>503.000</ele>
      </trkpt>
      <trkpt lat="42.927140000" lon="-1.848090000">
        <ele>503.000</ele>
      </trkpt>
      <trkpt lat="42.927190000" lon="-1.848120000">
        <ele>504.000</ele>
      </trkpt>
      <trkpt lat="42.927210000" lon="-1.848170000">
        <ele>505.000</ele>
      </trkpt>
      <trkpt lat="42.927220000" lon="-1.848230000">
        <ele>505.000</ele>
      </trkpt>
      <trkpt lat="42.927210000" lon="-1.848280000">
        <ele>506.000</ele>
      </trkpt>
      <trkpt lat="42.927180000" lon="-1.848340000">
        <ele>506.000</ele>
      </trkpt>
      <trkpt lat="42.927170000" lon="-1.848360000">
        <ele>506.000</ele>
      </trkpt>
      <trkpt lat="42.927110000" lon="-1.848420000">
        <ele>507.000</ele>
      </trkpt>
      <trkpt lat="42.927010000" lon="-1.848510000">
        <ele>508.000</ele>
      </trkpt>
      <trkpt lat="42.926960000" lon="-1.848610000">
        <ele>508.000</ele>
      </trkpt>
      <trkpt lat="42.926950000" lon="-1.848690000">
        <ele>509.000</ele>
      </trkpt>
      <trkpt lat="42.926940000" lon="-1.848720000">
        <ele>510.000</ele>
      </trkpt>
      <trkpt lat="42.926940000" lon="-1.848880000">
        <ele>510.000</ele>
      </trkpt>
      <trkpt lat="42.926960000" lon="-1.848980000">
        <ele>511.000</ele>
      </trkpt>
      <trkpt lat="42.926990000" lon="-1.849160000">
        <ele>511.000</ele>
      </trkpt>
      <trkpt lat="42.926990000" lon="-1.849170000">
        <ele>511.000</ele>
      </trkpt>
      <trkpt lat="42.927000000" lon="-1.849300000">
        <ele>512.000</ele>
      </trkpt>
      <trkpt lat="42.926960000" lon="-1.849400000">
        <ele>512.000</ele>
      </trkpt>
      <trkpt lat="42.926940000" lon="-1.849480000">
        <ele>512.000</ele>
      </trkpt>
      <trkpt lat="42.926910000" lon="-1.849590000">
        <ele>513.000</ele>
      </trkpt>
      <trkpt lat="42.926910000" lon="-1.849720000">
        <ele>513.000</ele>
      </trkpt>
      <trkpt lat="42.926980000" lon="-1.849860000">
        <ele>514.000</ele>
      </trkpt>
      <trkpt lat="42.927040000" lon="-1.849940000">
        <ele>515.000</ele>
      </trkpt>
      <trkpt lat="42.927130000" lon="-1.850060000">
        <ele>516.000</ele>
      </trkpt>
      <trkpt lat="42.927200000" lon="-1.850160000">
        <ele>517.000</ele>
      </trkpt>
      <trkpt lat="42.927230000" lon="-1.850230000">
        <ele>518.000</ele>
      </trkpt>
      <trkpt lat="42.927270000" lon="-1.850360000">
        <ele>519.000</ele>
      </trkpt>
      <trkpt lat="42.927280000" lon="-1.850440000">
        <ele>520.000</ele>
      </trkpt>
      <trkpt lat="42.927280000" lon="-1.850460000">
        <ele>521.000</ele>
      </trkpt>
      <trkpt lat="42.927280000" lon="-1.850610000">
        <ele>522.000</ele>
      </trkpt>
      <trkpt lat="42.927300000" lon="-1.850680000">
        <ele>523.000</ele>
      </trkpt>
      <trkpt lat="42.927320000" lon="-1.850870000">
        <ele>524.000</ele>
      </trkpt>
      <trkpt lat="42.927340000" lon="-1.850920000">
        <ele>525.000</ele>
      </trkpt>
      <trkpt lat="42.927380000" lon="-1.851050000">
        <ele>525.000</ele>
      </trkpt>
      <trkpt lat="42.927450000" lon="-1.851260000">
        <ele>526.000</ele>
      </trkpt>
      <trkpt lat="42.927470000" lon="-1.851400000">
        <ele>527.000</ele>
      </trkpt>
      <trkpt lat="42.927440000" lon="-1.851620000">
        <ele>527.000</ele>
      </trkpt>
      <trkpt lat="42.927440000" lon="-1.851650000">
        <ele>527.000</ele>
      </trkpt>
      <trkpt lat="42.927440000" lon="-1.851760000">
        <ele>528.000</ele>
      </trkpt>
      <trkpt lat="42.927450000" lon="-1.851850000">
        <ele>528.000</ele>
      </trkpt>
      <trkpt lat="42.927450000" lon="-1.851870000">
        <ele>528.000</ele>
      </trkpt>
      <trkpt lat="42.927520000" lon="-1.852010000">
        <ele>529.000</ele>
      </trkpt>
      <trkpt lat="42.927560000" lon="-1.852070000">
        <ele>530.000</ele>
      </trkpt>
      <trkpt lat="42.927590000" lon="-1.852120000">
        <ele>531.000</ele>
      </trkpt>
      <trkpt lat="42.927630000" lon="-1.852200000">
        <ele>531.000</ele>
      </trkpt>
      <trkpt lat="42.927660000" lon="-1.852300000">
        <ele>532.000</ele>
      </trkpt>
      <trkpt lat="42.927680000" lon="-1.852470000">
        <ele>534.000</ele>
      </trkpt>
      <trkpt lat="42.927690000" lon="-1.852510000">
        <ele>535.000</ele>
      </trkpt>
      <trkpt lat="42.927710000" lon="-1.852630000">
        <ele>536.000</ele>
      </trkpt>
      <trkpt lat="42.927740000" lon="-1.852750000">
        <ele>537.000</ele>
      </trkpt>
      <trkpt lat="42.927740000" lon="-1.852770000">
        <ele>538.000</ele>
      </trkpt>
      <trkpt lat="42.927750000" lon="-1.852890000">
        <ele>539.000</ele>
      </trkpt>
      <trkpt lat="42.927740000" lon="-1.852990000">
        <ele>540.000</ele>
      </trkpt>
      <trkpt lat="42.927740000" lon="-1.853020000">
        <ele>541.000</ele>
      </trkpt>
      <trkpt lat="42.927670000" lon="-1.853210000">
        <ele>542.000</ele>
      </trkpt>
      <trkpt lat="42.927660000" lon="-1.853230000">
        <ele>543.000</ele>
      </trkpt>
      <trkpt lat="42.927560000" lon="-1.853410000">
        <ele>543.000</ele>
      </trkpt>
      <trkpt lat="42.927480000" lon="-1.853550000">
        <ele>543.000</ele>
      </trkpt>
      <trkpt lat="42.927440000" lon="-1.853630000">
        <ele>543.000</ele>
      </trkpt>
      <trkpt lat="42.927390000" lon="-1.853790000">
        <ele>543.000</ele>
      </trkpt>
      <trkpt lat="42.927380000" lon="-1.853830000">
        <ele>543.000</ele>
      </trkpt>
      <trkpt lat="42.927370000" lon="-1.853880000">
        <ele>542.000</ele>
      </trkpt>
      <trkpt lat="42.927360000" lon="-1.853990000">
        <ele>542.000</ele>
      </trkpt>
      <trkpt lat="42.927360000" lon="-1.854070000">
        <ele>542.000</ele>
      </trkpt>
      <trkpt lat="42.927360000" lon="-1.854080000">
        <ele>542.000</ele>
      </trkpt>
      <trkpt lat="42.927340000" lon="-1.854190000">
        <ele>542.000</ele>
      </trkpt>
      <trkpt lat="42.927320000" lon="-1.854310000">
        <ele>543.000</ele>
      </trkpt>
      <trkpt lat="42.927300000" lon="-1.854370000">
        <ele>543.000</ele>
      </trkpt>
      <trkpt lat="42.927290000" lon="-1.854480000">
        <ele>544.000</ele>
      </trkpt>
      <trkpt lat="42.927280000" lon="-1.854550000">
        <ele>545.000</ele>
      </trkpt>
      <trkpt lat="42.927280000" lon="-1.854680000">
        <ele>545.000</ele>
      </trkpt>
      <trkpt lat="42.927280000" lon="-1.854800000">
        <ele>546.000</ele>
      </trkpt>
      <trkpt lat="42.927280000" lon="-1.854830000">
        <ele>547.000</ele>
      </trkpt>
      <trkpt lat="42.927280000" lon="-1.854880000">
        <ele>548.000</ele>
      </trkpt>
      <trkpt lat="42.927300000" lon="-1.855000000">
        <ele>548.000</ele>
      </trkpt>
      <trkpt lat="42.927390000" lon="-1.855210000">
        <ele>550.000</ele>
      </trkpt>
      <trkpt lat="42.927440000" lon="-1.855380000">
        <ele>551.000</ele>
      </trkpt>
      <trkpt lat="42.927470000" lon="-1.855480000">
        <ele>552.000</ele>
      </trkpt>
      <trkpt lat="42.927480000" lon="-1.855550000">
        <ele>553.000</ele>
      </trkpt>
      <trkpt lat="42.927510000" lon="-1.855710000">
        <ele>554.000</ele>
      </trkpt>
      <trkpt lat="42.927510000" lon="-1.855720000">
        <ele>555.000</ele>
      </trkpt>
      <trkpt lat="42.927510000" lon="-1.855810000">
        <ele>555.000</ele>
      </trkpt>
      <trkpt lat="42.927510000" lon="-1.855960000">
        <ele>556.000</ele>
      </trkpt>
      <trkpt lat="42.927510000" lon="-1.855990000">
        <ele>557.000</ele>
      </trkpt>
      <trkpt lat="42.927480000" lon="-1.856200000">
        <ele>557.000</ele>
      </trkpt>
      <trkpt lat="42.927480000" lon="-1.856210000">
        <ele>558.000</ele>
      </trkpt>
      <trkpt lat="42.927480000" lon="-1.856400000">
        <ele>559.000</ele>
      </trkpt>
      <trkpt lat="42.927490000" lon="-1.856450000">
        <ele>559.000</ele>
      </trkpt>
      <trkpt lat="42.927510000" lon="-1.856570000">
        <ele>560.000</ele>
      </trkpt>
      <trkpt lat="42.927530000" lon="-1.856690000">
        <ele>560.000</ele>
      </trkpt>
      <trkpt lat="42.927530000" lon="-1.856700000">
        <ele>560.000</ele>
      </trkpt>
      <trkpt lat="42.927590000" lon="-1.856880000">
        <ele>560.000</ele>
      </trkpt>
      <trkpt lat="42.927660000" lon="-1.857020000">
        <ele>560.000</ele>
      </trkpt>
      <trkpt lat="42.927700000" lon="-1.857120000">
        <ele>560.000</ele>
      </trkpt>
      <trkpt lat="42.927730000" lon="-1.857200000">
        <ele>560.000</ele>
      </trkpt>
      <trkpt lat="42.927750000" lon="-1.857270000">
        <ele>559.000</ele>
      </trkpt>
      <trkpt lat="42.927750000" lon="-1.857350000">
        <ele>559.000</ele>
      </trkpt>
      <trkpt lat="42.927750000" lon="-1.857360000">
        <ele>559.000</ele>
      </trkpt>
      <trkpt lat="42.927740000" lon="-1.857590000">
        <ele>559.000</ele>
      </trkpt>
      <trkpt lat="42.927740000" lon="-1.857660000">
        <ele>559.000</ele>
      </trkpt>
      <trkpt lat="42.927710000" lon="-1.857840000">
        <ele>559.000</ele>
      </trkpt>
      <trkpt lat="42.927680000" lon="-1.858080000">
        <ele>560.000</ele>
      </trkpt>
      <trkpt lat="42.927650000" lon="-1.858320000">
        <ele>561.000</ele>
      </trkpt>
      <trkpt lat="42.927630000" lon="-1.858410000">
        <ele>562.000</ele>
      </trkpt>
      <trkpt lat="42.927560000" lon="-1.858800000">
        <ele>565.000</ele>
      </trkpt>
      <trkpt lat="42.927520000" lon="-1.859030000">
        <ele>566.000</ele>
      </trkpt>
      <trkpt lat="42.927490000" lon="-1.859170000">
        <ele>568.000</ele>
      </trkpt>
      <trkpt lat="42.927470000" lon="-1.859270000">
        <ele>568.000</ele>
      </trkpt>
      <trkpt lat="42.927430000" lon="-1.859420000">
        <ele>569.000</ele>
      </trkpt>
      <trkpt lat="42.927410000" lon="-1.859500000">
        <ele>569.000</ele>
      </trkpt>
      <trkpt lat="42.927390000" lon="-1.859560000">
        <ele>569.000</ele>
      </trkpt>
      <trkpt lat="42.927370000" lon="-1.859730000">
        <ele>570.000</ele>
      </trkpt>
      <trkpt lat="42.927370000" lon="-1.859740000">
        <ele>570.000</ele>
      </trkpt>
      <trkpt lat="42.927370000" lon="-1.859870000">
        <ele>570.000</ele>
      </trkpt>
      <trkpt lat="42.927380000" lon="-1.859990000">
        <ele>570.000</ele>
      </trkpt>
      <trkpt lat="42.927390000" lon="-1.860070000">
        <ele>570.000</ele>
      </trkpt>
      <trkpt lat="42.927420000" lon="-1.860230000">
        <ele>570.000</ele>
      </trkpt>
      <trkpt lat="42.927450000" lon="-1.860410000">
        <ele>571.000</ele>
      </trkpt>
      <trkpt lat="42.927490000" lon="-1.860630000">
        <ele>571.000</ele>
      </trkpt>
      <trkpt lat="42.927490000" lon="-1.860710000">
        <ele>572.000</ele>
      </trkpt>
      <trkpt lat="42.927500000" lon="-1.860770000">
        <ele>572.000</ele>
      </trkpt>
      <trkpt lat="42.927480000" lon="-1.860950000">
        <ele>573.000</ele>
      </trkpt>
      <trkpt lat="42.927460000" lon="-1.861190000">
        <ele>573.000</ele>
      </trkpt>
      <trkpt lat="42.927440000" lon="-1.861400000">
        <ele>574.000</ele>
      </trkpt>
      <trkpt lat="42.927440000" lon="-1.861510000">
        <ele>575.000</ele>
      </trkpt>
      <trkpt lat="42.927460000" lon="-1.861580000">
        <ele>575.000</ele>
      </trkpt>
      <trkpt lat="42.927490000" lon="-1.861670000">
        <ele>576.000</ele>
      </trkpt>
      <trkpt lat="42.927500000" lon="-1.861670000">
        <ele>576.000</ele>
      </trkpt>
      <trkpt lat="42.927600000" lon="-1.861770000">
        <ele>577.000</ele>
      </trkpt>
      <trkpt lat="42.927650000" lon="-1.861800000">
        <ele>577.000</ele>
      </trkpt>
      <trkpt lat="42.927750000" lon="-1.861850000">
        <ele>578.000</ele>
      </trkpt>
      <trkpt lat="42.927810000" lon="-1.861900000">
        <ele>578.000</ele>
      </trkpt>
      <trkpt lat="42.927970000" lon="-1.862010000">
        <ele>579.000</ele>
      </trkpt>
      <trkpt lat="42.928080000" lon="-1.862080000">
        <ele>580.000</ele>
      </trkpt>
      <trkpt lat="42.928130000" lon="-1.862110000">
        <ele>580.000</ele>
      </trkpt>
      <trkpt lat="42.928280000" lon="-1.862190000">
        <ele>581.000</ele>
      </trkpt>
      <trkpt lat="42.928370000" lon="-1.862210000">
        <ele>582.000</ele>
      </trkpt>
      <trkpt lat="42.928480000" lon="-1.862220000">
        <ele>583.000</ele>
      </trkpt>
      <trkpt lat="42.928490000" lon="-1.862220000">
        <ele>584.000</ele>
      </trkpt>
      <trkpt lat="42.928610000" lon="-1.862220000">
        <ele>585.000</ele>
      </trkpt>
      <trkpt lat="42.928660000" lon="-1.862230000">
        <ele>585.000</ele>
      </trkpt>
      <trkpt lat="42.928770000" lon="-1.862260000">
        <ele>586.000</ele>
      </trkpt>
      <trkpt lat="42.928840000" lon="-1.862290000">
        <ele>587.000</ele>
      </trkpt>
      <trkpt lat="42.928950000" lon="-1.862340000">
        <ele>588.000</ele>
      </trkpt>
      <trkpt lat="42.929010000" lon="-1.862360000">
        <ele>589.000</ele>
      </trkpt>
      <trkpt lat="42.929020000" lon="-1.862360000">
        <ele>589.000</ele>
      </trkpt>
      <trkpt lat="42.929080000" lon="-1.862370000">
        <ele>590.000</ele>
      </trkpt>
      <trkpt lat="42.929270000" lon="-1.862330000">
        <ele>591.000</ele>
      </trkpt>
      <trkpt lat="42.929430000" lon="-1.862280000">
        <ele>592.000</ele>
      </trkpt>
      <trkpt lat="42.929540000" lon="-1.862230000">
        <ele>593.000</ele>
      </trkpt>
      <trkpt lat="42.929690000" lon="-1.862100000">
        <ele>594.000</ele>
      </trkpt>
      <trkpt lat="42.929760000" lon="-1.862040000">
        <ele>595.000</ele>
      </trkpt>
      <trkpt lat="42.929900000" lon="-1.861990000">
        <ele>596.000</ele>
      </trkpt>
      <trkpt lat="42.930030000" lon="-1.861960000">
        <ele>597.000</ele>
      </trkpt>
      <trkpt lat="42.930150000" lon="-1.861970000">
        <ele>598.000</ele>
      </trkpt>
      <trkpt lat="42.930210000" lon="-1.861990000">
        <ele>599.000</ele>
      </trkpt>
      <trkpt lat="42.930320000" lon="-1.862050000">
        <ele>599.000</ele>
      </trkpt>
      <trkpt lat="42.930500000" lon="-1.862190000">
        <ele>600.000</ele>
      </trkpt>
      <trkpt lat="42.930520000" lon="-1.862220000">
        <ele>601.000</ele>
      </trkpt>
      <trkpt lat="42.930590000" lon="-1.862290000">
        <ele>601.000</ele>
      </trkpt>
      <trkpt lat="42.930620000" lon="-1.862380000">
        <ele>601.000</ele>
      </trkpt>
      <trkpt lat="42.930630000" lon="-1.862450000">
        <ele>602.000</ele>
      </trkpt>
      <trkpt lat="42.930610000" lon="-1.862530000">
        <ele>602.000</ele>
      </trkpt>
      <trkpt lat="42.930560000" lon="-1.862630000">
        <ele>603.000</ele>
      </trkpt>
      <trkpt lat="42.930550000" lon="-1.862650000">
        <ele>603.000</ele>
      </trkpt>
      <trkpt lat="42.930470000" lon="-1.862780000">
        <ele>604.000</ele>
      </trkpt>
      <trkpt lat="42.930450000" lon="-1.862830000">
        <ele>604.000</ele>
      </trkpt>
      <trkpt lat="42.930430000" lon="-1.862900000">
        <ele>604.000</ele>
      </trkpt>
      <trkpt lat="42.930410000" lon="-1.863030000">
        <ele>605.000</ele>
      </trkpt>
      <trkpt lat="42.930410000" lon="-1.863140000">
        <ele>605.000</ele>
      </trkpt>
      <trkpt lat="42.930420000" lon="-1.863310000">
        <ele>606.000</ele>
      </trkpt>
      <trkpt lat="42.930420000" lon="-1.863360000">
        <ele>607.000</ele>
      </trkpt>
      <trkpt lat="42.930410000" lon="-1.863500000">
        <ele>607.000</ele>
      </trkpt>
      <trkpt lat="42.930400000" lon="-1.863550000">
        <ele>608.000</ele>
      </trkpt>
      <trkpt lat="42.930350000" lon="-1.863700000">
        <ele>608.000</ele>
      </trkpt>
      <trkpt lat="42.930330000" lon="-1.863790000">
        <ele>609.000</ele>
      </trkpt>
      <trkpt lat="42.930280000" lon="-1.864260000">
        <ele>609.000</ele>
      </trkpt>
      <trkpt lat="42.930220000" lon="-1.864750000">
        <ele>610.000</ele>
      </trkpt>
      <trkpt lat="42.930210000" lon="-1.864950000">
        <ele>610.000</ele>
      </trkpt>
      <trkpt lat="42.930210000" lon="-1.864990000">
        <ele>611.000</ele>
      </trkpt>
      <trkpt lat="42.930220000" lon="-1.865090000">
        <ele>611.000</ele>
      </trkpt>
      <trkpt lat="42.930230000" lon="-1.865210000">
        <ele>612.000</ele>
      </trkpt>
      <trkpt lat="42.930280000" lon="-1.865380000">
        <ele>612.000</ele>
      </trkpt>
      <trkpt lat="42.930310000" lon="-1.865500000">
        <ele>612.000</ele>
      </trkpt>
      <trkpt lat="42.930390000" lon="-1.865750000">
        <ele>613.000</ele>
      </trkpt>
      <trkpt lat="42.930470000" lon="-1.865890000">
        <ele>613.000</ele>
      </trkpt>
      <trkpt lat="42.930500000" lon="-1.865950000">
        <ele>614.000</ele>
      </trkpt>
      <trkpt lat="42.930670000" lon="-1.866140000">
        <ele>614.000</ele>
      </trkpt>
      <trkpt lat="42.930720000" lon="-1.866220000">
        <ele>615.000</ele>
      </trkpt>
      <trkpt lat="42.930720000" lon="-1.866240000">
        <ele>615.000</ele>
      </trkpt>
      <trkpt lat="42.930750000" lon="-1.866310000">
        <ele>616.000</ele>
      </trkpt>
      <trkpt lat="42.930760000" lon="-1.866400000">
        <ele>616.000</ele>
      </trkpt>
      <trkpt lat="42.930760000" lon="-1.866480000">
        <ele>616.000</ele>
      </trkpt>
      <trkpt lat="42.930770000" lon="-1.866720000">
        <ele>617.000</ele>
      </trkpt>
      <trkpt lat="42.930770000" lon="-1.866760000">
        <ele>617.000</ele>
      </trkpt>
      <trkpt lat="42.930770000" lon="-1.866830000">
        <ele>617.000</ele>
      </trkpt>
      <trkpt lat="42.930790000" lon="-1.866870000">
        <ele>618.000</ele>
      </trkpt>
      <trkpt lat="42.930810000" lon="-1.866890000">
        <ele>618.000</ele>
      </trkpt>
      <trkpt lat="42.930850000" lon="-1.866900000">
        <ele>618.000</ele>
      </trkpt>
      <trkpt lat="42.930850000" lon="-1.866890000">
        <ele>618.000</ele>
      </trkpt>
      <trkpt lat="42.930880000" lon="-1.866880000">
        <ele>618.000</ele>
      </trkpt>
      <trkpt lat="42.930900000" lon="-1.866850000">
        <ele>619.000</ele>
      </trkpt>
      <trkpt lat="42.930910000" lon="-1.866770000">
        <ele>619.000</ele>
      </trkpt>
      <trkpt lat="42.930900000" lon="-1.866690000">
        <ele>619.000</ele>
      </trkpt>
      <trkpt lat="42.930890000" lon="-1.866550000">
        <ele>619.000</ele>
      </trkpt>
      <trkpt lat="42.930870000" lon="-1.866450000">
        <ele>620.000</ele>
      </trkpt>
      <trkpt lat="42.930830000" lon="-1.866220000">
        <ele>620.000</ele>
      </trkpt>
      <trkpt lat="42.930830000" lon="-1.866210000">
        <ele>620.000</ele>
      </trkpt>
      <trkpt lat="42.930780000" lon="-1.866080000">
        <ele>621.000</ele>
      </trkpt>
      <trkpt lat="42.930730000" lon="-1.866010000">
        <ele>621.000</ele>
      </trkpt>
      <trkpt lat="42.930650000" lon="-1.865900000">
        <ele>621.000</ele>
      </trkpt>
      <trkpt lat="42.930620000" lon="-1.865810000">
        <ele>622.000</ele>
      </trkpt>
      <trkpt lat="42.930550000" lon="-1.865630000">
        <ele>622.000</ele>
      </trkpt>
      <trkpt lat="42.930540000" lon="-1.865590000">
        <ele>622.000</ele>
      </trkpt>
      <trkpt lat="42.930500000" lon="-1.865450000">
        <ele>623.000</ele>
      </trkpt>
      <trkpt lat="42.930490000" lon="-1.865360000">
        <ele>623.000</ele>
      </trkpt>
      <trkpt lat="42.930480000" lon="-1.865220000">
        <ele>624.000</ele>
      </trkpt>
      <trkpt lat="42.930460000" lon="-1.864990000">
        <ele>625.000</ele>
      </trkpt>
      <trkpt lat="42.930490000" lon="-1.864850000">
        <ele>626.000</ele>
      </trkpt>
      <trkpt lat="42.930510000" lon="-1.864690000">
        <ele>627.000</ele>
      </trkpt>
      <trkpt lat="42.930530000" lon="-1.864630000">
        <ele>628.000</ele>
      </trkpt>
      <trkpt lat="42.930560000" lon="-1.864520000">
        <ele>629.000</ele>
      </trkpt>
      <trkpt lat="42.930600000" lon="-1.864410000">
        <ele>630.000</ele>
      </trkpt>
      <trkpt lat="42.930670000" lon="-1.864180000">
        <ele>631.000</ele>
      </trkpt>
      <trkpt lat="42.930730000" lon="-1.864000000">
        <ele>631.000</ele>
      </trkpt>
      <trkpt lat="42.930740000" lon="-1.863960000">
        <ele>632.000</ele>
      </trkpt>
      <trkpt lat="42.930830000" lon="-1.863750000">
        <ele>632.000</ele>
      </trkpt>
      <trkpt lat="42.930830000" lon="-1.863740000">
        <ele>633.000</ele>
      </trkpt>
      <trkpt lat="42.930920000" lon="-1.863530000">
        <ele>633.000</ele>
      </trkpt>
      <trkpt lat="42.930930000" lon="-1.863500000">
        <ele>634.000</ele>
      </trkpt>
      <trkpt lat="42.931010000" lon="-1.863320000">
        <ele>634.000</ele>
      </trkpt>
      <trkpt lat="42.931060000" lon="-1.863120000">
        <ele>635.000</ele>
      </trkpt>
      <trkpt lat="42.931070000" lon="-1.863090000">
        <ele>635.000</ele>
      </trkpt>
      <trkpt lat="42.931120000" lon="-1.862850000">
        <ele>636.000</ele>
      </trkpt>
      <trkpt lat="42.931140000" lon="-1.862750000">
        <ele>636.000</ele>
      </trkpt>
      <trkpt lat="42.931180000" lon="-1.862620000">
        <ele>637.000</ele>
      </trkpt>
      <trkpt lat="42.931240000" lon="-1.862390000">
        <ele>638.000</ele>
      </trkpt>
      <trkpt lat="42.931330000" lon="-1.862050000">
        <ele>639.000</ele>
      </trkpt>
      <trkpt lat="42.931440000" lon="-1.861700000">
        <ele>641.000</ele>
      </trkpt>
      <trkpt lat="42.931500000" lon="-1.861470000">
        <ele>642.000</ele>
      </trkpt>
      <trkpt lat="42.931500000" lon="-1.861460000">
        <ele>643.000</ele>
      </trkpt>
      <trkpt lat="42.931530000" lon="-1.861270000">
        <ele>644.000</ele>
      </trkpt>
      <trkpt lat="42.931530000" lon="-1.861230000">
        <ele>645.000</ele>
      </trkpt>
      <trkpt lat="42.931520000" lon="-1.861060000">
        <ele>645.000</ele>
      </trkpt>
      <trkpt lat="42.931490000" lon="-1.860940000">
        <ele>646.000</ele>
      </trkpt>
      <trkpt lat="42.931430000" lon="-1.860760000">
        <ele>647.000</ele>
      </trkpt>
      <trkpt lat="42.931400000" lon="-1.860670000">
        <ele>648.000</ele>
      </trkpt>
      <trkpt lat="42.931370000" lon="-1.860510000">
        <ele>648.000</ele>
      </trkpt>
      <trkpt lat="42.931350000" lon="-1.860330000">
        <ele>649.000</ele>
      </trkpt>
      <trkpt lat="42.931350000" lon="-1.860040000">
        <ele>651.000</ele>
      </trkpt>
      <trkpt lat="42.931350000" lon="-1.859940000">
        <ele>652.000</ele>
      </trkpt>
      <trkpt lat="42.931350000" lon="-1.859790000">
        <ele>653.000</ele>
      </trkpt>
      <trkpt lat="42.931360000" lon="-1.859670000">
        <ele>654.000</ele>
      </trkpt>
      <trkpt lat="42.931340000" lon="-1.859540000">
        <ele>654.000</ele>
      </trkpt>
      <trkpt lat="42.931310000" lon="-1.859450000">
        <ele>655.000</ele>
      </trkpt>
      <trkpt lat="42.931250000" lon="-1.859350000">
        <ele>656.000</ele>
      </trkpt>
      <trkpt lat="42.931240000" lon="-1.859350000">
        <ele>656.000</ele>
      </trkpt>
      <trkpt lat="42.931200000" lon="-1.859280000">
        <ele>656.000</ele>
      </trkpt>
      <trkpt lat="42.931140000" lon="-1.859160000">
        <ele>657.000</ele>
      </trkpt>
      <trkpt lat="42.931140000" lon="-1.859150000">
        <ele>657.000</ele>
      </trkpt>
      <trkpt lat="42.931090000" lon="-1.858930000">
        <ele>658.000</ele>
      </trkpt>
      <trkpt lat="42.931090000" lon="-1.858910000">
        <ele>658.000</ele>
      </trkpt>
      <trkpt lat="42.931060000" lon="-1.858710000">
        <ele>659.000</ele>
      </trkpt>
      <trkpt lat="42.931060000" lon="-1.858670000">
        <ele>659.000</ele>
      </trkpt>
      <trkpt lat="42.931050000" lon="-1.858600000">
        <ele>659.000</ele>
      </trkpt>
      <trkpt lat="42.931070000" lon="-1.858560000">
        <ele>659.000</ele>
      </trkpt>
      <trkpt lat="42.931090000" lon="-1.858550000">
        <ele>660.000</ele>
      </trkpt>
      <trkpt lat="42.931130000" lon="-1.858550000">
        <ele>660.000</ele>
      </trkpt>
      <trkpt lat="42.931150000" lon="-1.858570000">
        <ele>660.000</ele>
      </trkpt>
      <trkpt lat="42.931160000" lon="-1.858580000">
        <ele>660.000</ele>
      </trkpt>
      <trkpt lat="42.931180000" lon="-1.858650000">
        <ele>660.000</ele>
      </trkpt>
      <trkpt lat="42.931210000" lon="-1.858810000">
        <ele>661.000</ele>
      </trkpt>
      <trkpt lat="42.931240000" lon="-1.858960000">
        <ele>661.000</ele>
      </trkpt>
      <trkpt lat="42.931250000" lon="-1.859040000">
        <ele>661.000</ele>
      </trkpt>
      <trkpt lat="42.931260000" lon="-1.859040000">
        <ele>661.000</ele>
      </trkpt>
      <trkpt lat="42.931320000" lon="-1.859180000">
        <ele>661.000</ele>
      </trkpt>
      <trkpt lat="42.931480000" lon="-1.859290000">
        <ele>662.000</ele>
      </trkpt>
      <trkpt lat="42.931540000" lon="-1.859330000">
        <ele>662.000</ele>
      </trkpt>
      <trkpt lat="42.931560000" lon="-1.859350000">
        <ele>662.000</ele>
      </trkpt>
      <trkpt lat="42.931600000" lon="-1.859420000">
        <ele>662.000</ele>
      </trkpt>
      <trkpt lat="42.931610000" lon="-1.859480000">
        <ele>662.000</ele>
      </trkpt>
      <trkpt lat="42.931610000" lon="-1.859580000">
        <ele>663.000</ele>
      </trkpt>
      <trkpt lat="42.931560000" lon="-1.859760000">
        <ele>663.000</ele>
      </trkpt>
      <trkpt lat="42.931550000" lon="-1.859810000">
        <ele>663.000</ele>
      </trkpt>
      <trkpt lat="42.931530000" lon="-1.859920000">
        <ele>664.000</ele>
      </trkpt>
      <trkpt lat="42.931530000" lon="-1.860010000">
        <ele>664.000</ele>
      </trkpt>
      <trkpt lat="42.931540000" lon="-1.860030000">
        <ele>665.000</ele>
      </trkpt>
      <trkpt lat="42.931560000" lon="-1.860200000">
        <ele>665.000</ele>
      </trkpt>
      <trkpt lat="42.931650000" lon="-1.860460000">
        <ele>666.000</ele>
      </trkpt>
      <trkpt lat="42.931700000" lon="-1.860600000">
        <ele>666.000</ele>
      </trkpt>
      <trkpt lat="42.931770000" lon="-1.860770000">
        <ele>667.000</ele>
      </trkpt>
      <trkpt lat="42.931800000" lon="-1.860890000">
        <ele>668.000</ele>
      </trkpt>
      <trkpt lat="42.931810000" lon="-1.861150000">
        <ele>669.000</ele>
      </trkpt>
      <trkpt lat="42.931810000" lon="-1.861650000">
        <ele>670.000</ele>
      </trkpt>
      <trkpt lat="42.931810000" lon="-1.861670000">
        <ele>671.000</ele>
      </trkpt>
      <trkpt lat="42.931810000" lon="-1.861890000">
        <ele>672.000</ele>
      </trkpt>
      <trkpt lat="42.931800000" lon="-1.862140000">
        <ele>673.000</ele>
      </trkpt>
      <trkpt lat="42.931800000" lon="-1.862160000">
        <ele>674.000</ele>
      </trkpt>
      <trkpt lat="42.931800000" lon="-1.862350000">
        <ele>675.000</ele>
      </trkpt>
      <trkpt lat="42.931780000" lon="-1.862630000">
        <ele>676.000</ele>
      </trkpt>
      <trkpt lat="42.931770000" lon="-1.862800000">
        <ele>677.000</ele>
      </trkpt>
      <trkpt lat="42.931760000" lon="-1.862870000">
        <ele>678.000</ele>
      </trkpt>
      <trkpt lat="42.931750000" lon="-1.863120000">
        <ele>679.000</ele>
      </trkpt>
      <trkpt lat="42.931740000" lon="-1.863320000">
        <ele>680.000</ele>
      </trkpt>
      <trkpt lat="42.931720000" lon="-1.863510000">
        <ele>680.000</ele>
      </trkpt>
      <trkpt lat="42.931700000" lon="-1.863600000">
        <ele>681.000</ele>
      </trkpt>
      <trkpt lat="42.931670000" lon="-1.863720000">
        <ele>682.000</ele>
      </trkpt>
      <trkpt lat="42.931540000" lon="-1.864050000">
        <ele>682.000</ele>
      </trkpt>
      <trkpt lat="42.931520000" lon="-1.864180000">
        <ele>683.000</ele>
      </trkpt>
      <trkpt lat="42.931510000" lon="-1.864270000">
        <ele>683.000</ele>
      </trkpt>
      <trkpt lat="42.931510000" lon="-1.864280000">
        <ele>684.000</ele>
      </trkpt>
      <trkpt lat="42.931520000" lon="-1.864370000">
        <ele>684.000</ele>
      </trkpt>
      <trkpt lat="42.931540000" lon="-1.864450000">
        <ele>685.000</ele>
      </trkpt>
      <trkpt lat="42.931570000" lon="-1.864510000">
        <ele>685.000</ele>
      </trkpt>
      <trkpt lat="42.931690000" lon="-1.864700000">
        <ele>686.000</ele>
      </trkpt>
      <trkpt lat="42.931790000" lon="-1.864870000">
        <ele>686.000</ele>
      </trkpt>
      <trkpt lat="42.931800000" lon="-1.864890000">
        <ele>687.000</ele>
      </trkpt>
      <trkpt lat="42.931870000" lon="-1.865040000">
        <ele>688.000</ele>
      </trkpt>
      <trkpt lat="42.931890000" lon="-1.865100000">
        <ele>688.000</ele>
      </trkpt>
      <trkpt lat="42.931910000" lon="-1.865200000">
        <ele>689.000</ele>
      </trkpt>
      <trkpt lat="42.931940000" lon="-1.865350000">
        <ele>689.000</ele>
      </trkpt>
      <trkpt lat="42.931940000" lon="-1.865580000">
        <ele>690.000</ele>
      </trkpt>
      <trkpt lat="42.931940000" lon="-1.865600000">
        <ele>691.000</ele>
      </trkpt>
      <trkpt lat="42.931940000" lon="-1.866070000">
        <ele>691.000</ele>
      </trkpt>
      <trkpt lat="42.931960000" lon="-1.866560000">
        <ele>692.000</ele>
      </trkpt>
      <trkpt lat="42.931970000" lon="-1.866650000">
        <ele>693.000</ele>
      </trkpt>
      <trkpt lat="42.931960000" lon="-1.866950000">
        <ele>694.000</ele>
      </trkpt>
      <trkpt lat="42.931940000" lon="-1.867300000">
        <ele>696.000</ele>
      </trkpt>
      <trkpt lat="42.931930000" lon="-1.867500000">
        <ele>697.000</ele>
      </trkpt>
      <trkpt lat="42.931920000" lon="-1.867780000">
        <ele>698.000</ele>
      </trkpt>
      <trkpt lat="42.931930000" lon="-1.868040000">
        <ele>699.000</ele>
      </trkpt>
      <trkpt lat="42.931940000" lon="-1.868300000">
        <ele>700.000</ele>
      </trkpt>
      <trkpt lat="42.931960000" lon="-1.868530000">
        <ele>701.000</ele>
      </trkpt>
      <trkpt lat="42.931960000" lon="-1.868550000">
        <ele>702.000</ele>
      </trkpt>
      <trkpt lat="42.931960000" lon="-1.868590000">
        <ele>703.000</ele>
      </trkpt>
      <trkpt lat="42.931980000" lon="-1.868770000">
        <ele>703.000</ele>
      </trkpt>
      <trkpt lat="42.931990000" lon="-1.868930000">
        <ele>704.000</ele>
      </trkpt>
      <trkpt lat="42.932010000" lon="-1.869160000">
        <ele>705.000</ele>
      </trkpt>
      <trkpt lat="42.932030000" lon="-1.869820000">
        <ele>706.000</ele>
      </trkpt>
      <trkpt lat="42.932030000" lon="-1.869990000">
        <ele>708.000</ele>
      </trkpt>
      <trkpt lat="42.932030000" lon="-1.870200000">
        <ele>709.000</ele>
      </trkpt>
      <trkpt lat="42.932030000" lon="-1.870730000">
        <ele>710.000</ele>
      </trkpt>
      <trkpt lat="42.932030000" lon="-1.870980000">
        <ele>712.000</ele>
      </trkpt>
      <trkpt lat="42.932030000" lon="-1.871040000">
        <ele>713.000</ele>
      </trkpt>
      <trkpt lat="42.932060000" lon="-1.871490000">
        <ele>714.000</ele>
      </trkpt>
      <trkpt lat="42.932160000" lon="-1.872690000">
        <ele>717.000</ele>
      </trkpt>
      <trkpt lat="42.932160000" lon="-1.872700000">
        <ele>719.000</ele>
      </trkpt>
      <trkpt lat="42.932180000" lon="-1.872930000">
        <ele>721.000</ele>
      </trkpt>
      <trkpt lat="42.932200000" lon="-1.873160000">
        <ele>722.000</ele>
      </trkpt>
      <trkpt lat="42.932200000" lon="-1.873170000">
        <ele>723.000</ele>
      </trkpt>
      <trkpt lat="42.932240000" lon="-1.873400000">
        <ele>724.000</ele>
      </trkpt>
      <trkpt lat="42.932320000" lon="-1.873640000">
        <ele>725.000</ele>
      </trkpt>
      <trkpt lat="42.932330000" lon="-1.873680000">
        <ele>726.000</ele>
      </trkpt>
      <trkpt lat="42.932440000" lon="-1.873950000">
        <ele>727.000</ele>
      </trkpt>
      <trkpt lat="42.932600000" lon="-1.874260000">
        <ele>728.000</ele>
      </trkpt>
      <trkpt lat="42.932700000" lon="-1.874470000">
        <ele>730.000</ele>
      </trkpt>
      <trkpt lat="42.932810000" lon="-1.874690000">
        <ele>732.000</ele>
      </trkpt>
      <trkpt lat="42.932880000" lon="-1.874890000">
        <ele>733.000</ele>
      </trkpt>
      <trkpt lat="42.932910000" lon="-1.874970000">
        <ele>734.000</ele>
      </trkpt>
      <trkpt lat="42.932940000" lon="-1.875100000">
        <ele>735.000</ele>
      </trkpt>
      <trkpt lat="42.932940000" lon="-1.875140000">
        <ele>735.000</ele>
      </trkpt>
      <trkpt lat="42.932940000" lon="-1.875370000">
        <ele>735.000</ele>
      </trkpt>
      <trkpt lat="42.932940000" lon="-1.875430000">
        <ele>735.000</ele>
      </trkpt>
      <trkpt lat="42.932950000" lon="-1.875520000">
        <ele>735.000</ele>
      </trkpt>
      <trkpt lat="42.932980000" lon="-1.875590000">
        <ele>735.000</ele>
      </trkpt>
      <trkpt lat="42.932990000" lon="-1.875600000">
        <ele>735.000</ele>
      </trkpt>
      <trkpt lat="42.933120000" lon="-1.875760000">
        <ele>735.000</ele>
      </trkpt>
      <trkpt lat="42.933140000" lon="-1.875770000">
        <ele>735.000</ele>
      </trkpt>
      <trkpt lat="42.933200000" lon="-1.875860000">
        <ele>736.000</ele>
      </trkpt>
      <trkpt lat="42.933270000" lon="-1.876110000">
        <ele>737.000</ele>
      </trkpt>
      <trkpt lat="42.933320000" lon="-1.876240000">
        <ele>738.000</ele>
      </trkpt>
      <trkpt lat="42.933390000" lon="-1.876390000">
        <ele>739.000</ele>
      </trkpt>
      <trkpt lat="42.933450000" lon="-1.876540000">
        <ele>739.000</ele>
      </trkpt>
      <trkpt lat="42.933550000" lon="-1.876740000">
        <ele>741.000</ele>
      </trkpt>
      <trkpt lat="42.933580000" lon="-1.876850000">
        <ele>741.000</ele>
      </trkpt>
      <trkpt lat="42.933610000" lon="-1.877070000">
        <ele>743.000</ele>
      </trkpt>
      <trkpt lat="42.933650000" lon="-1.877200000">
        <ele>744.000</ele>
      </trkpt>
      <trkpt lat="42.933680000" lon="-1.877280000">
        <ele>744.000</ele>
      </trkpt>
      <trkpt lat="42.933690000" lon="-1.877290000">
        <ele>745.000</ele>
      </trkpt>
      <trkpt lat="42.933720000" lon="-1.877350000">
        <ele>745.000</ele>
      </trkpt>
      <trkpt lat="42.933870000" lon="-1.877690000">
        <ele>746.000</ele>
      </trkpt>
      <trkpt lat="42.933960000" lon="-1.877870000">
        <ele>747.000</ele>
      </trkpt>
      <trkpt lat="42.933970000" lon="-1.877900000">
        <ele>748.000</ele>
      </trkpt>
      <trkpt lat="42.934060000" lon="-1.878110000">
        <ele>749.000</ele>
      </trkpt>
      <trkpt lat="42.934170000" lon="-1.878340000">
        <ele>750.000</ele>
      </trkpt>
      <trkpt lat="42.934260000" lon="-1.878540000">
        <ele>750.000</ele>
      </trkpt>
      <trkpt lat="42.934350000" lon="-1.878740000">
        <ele>751.000</ele>
      </trkpt>
      <trkpt lat="42.934430000" lon="-1.878920000">
        <ele>752.000</ele>
      </trkpt>
      <trkpt lat="42.934440000" lon="-1.878940000">
        <ele>753.000</ele>
      </trkpt>
      <trkpt lat="42.934520000" lon="-1.879140000">
        <ele>753.000</ele>
      </trkpt>
      <trkpt lat="42.934590000" lon="-1.879390000">
        <ele>754.000</ele>
      </trkpt>
      <trkpt lat="42.934590000" lon="-1.879410000">
        <ele>755.000</ele>
      </trkpt>
      <trkpt lat="42.934610000" lon="-1.879490000">
        <ele>755.000</ele>
      </trkpt>
      <trkpt lat="42.934650000" lon="-1.879600000">
        <ele>756.000</ele>
      </trkpt>
      <trkpt lat="42.934670000" lon="-1.879630000">
        <ele>756.000</ele>
      </trkpt>
      <trkpt lat="42.934720000" lon="-1.879710000">
        <ele>757.000</ele>
      </trkpt>
      <trkpt lat="42.934810000" lon="-1.879770000">
        <ele>758.000</ele>
      </trkpt>
      <trkpt lat="42.934890000" lon="-1.879780000">
        <ele>759.000</ele>
      </trkpt>
      <trkpt lat="42.934960000" lon="-1.879770000">
        <ele>759.000</ele>
      </trkpt>
      <trkpt lat="42.934980000" lon="-1.879760000">
        <ele>759.000</ele>
      </trkpt>
      <trkpt lat="42.935020000" lon="-1.879730000">
        <ele>760.000</ele>
      </trkpt>
      <trkpt lat="42.935070000" lon="-1.879690000">
        <ele>760.000</ele>
      </trkpt>
      <trkpt lat="42.935110000" lon="-1.879630000">
        <ele>760.000</ele>
      </trkpt>
      <trkpt lat="42.935120000" lon="-1.879620000">
        <ele>760.000</ele>
      </trkpt>
      <trkpt lat="42.935160000" lon="-1.879490000">
        <ele>761.000</ele>
      </trkpt>
      <trkpt lat="42.935160000" lon="-1.879490000">
        <ele>761.000</ele>
      </trkpt>
      <trkpt lat="42.935180000" lon="-1.879390000">
        <ele>761.000</ele>
      </trkpt>
      <trkpt lat="42.935180000" lon="-1.879370000">
        <ele>761.000</ele>
      </trkpt>
      <trkpt lat="42.935190000" lon="-1.879310000">
        <ele>761.000</ele>
      </trkpt>
      <trkpt lat="42.935240000" lon="-1.879140000">
        <ele>761.000</ele>
      </trkpt>
      <trkpt lat="42.935240000" lon="-1.879130000">
        <ele>762.000</ele>
      </trkpt>
      <trkpt lat="42.935310000" lon="-1.879010000">
        <ele>762.000</ele>
      </trkpt>
      <trkpt lat="42.935480000" lon="-1.878820000">
        <ele>762.000</ele>
      </trkpt>
      <trkpt lat="42.935490000" lon="-1.878810000">
        <ele>763.000</ele>
      </trkpt>
      <trkpt lat="42.935630000" lon="-1.878650000">
        <ele>763.000</ele>
      </trkpt>
      <trkpt lat="42.935690000" lon="-1.878520000">
        <ele>763.000</ele>
      </trkpt>
      <trkpt lat="42.935730000" lon="-1.878430000">
        <ele>764.000</ele>
      </trkpt>
      <trkpt lat="42.935740000" lon="-1.878380000">
        <ele>764.000</ele>
      </trkpt>
      <trkpt lat="42.935790000" lon="-1.878220000">
        <ele>764.000</ele>
      </trkpt>
      <trkpt lat="42.935840000" lon="-1.878030000">
        <ele>764.000</ele>
      </trkpt>
      <trkpt lat="42.935850000" lon="-1.877990000">
        <ele>764.000</ele>
      </trkpt>
      <trkpt lat="42.935910000" lon="-1.877830000">
        <ele>764.000</ele>
      </trkpt>
      <trkpt lat="42.936010000" lon="-1.877700000">
        <ele>764.000</ele>
      </trkpt>
      <trkpt lat="42.936140000" lon="-1.877590000">
        <ele>764.000</ele>
      </trkpt>
      <trkpt lat="42.936250000" lon="-1.877520000">
        <ele>764.000</ele>
      </trkpt>
      <trkpt lat="42.936360000" lon="-1.877440000">
        <ele>763.000</ele>
      </trkpt>
      <trkpt lat="42.936400000" lon="-1.877390000">
        <ele>763.000</ele>
      </trkpt>
      <trkpt lat="42.936410000" lon="-1.877380000">
        <ele>763.000</ele>
      </trkpt>
      <trkpt lat="42.936440000" lon="-1.877350000">
        <ele>763.000</ele>
      </trkpt>
      <trkpt lat="42.936500000" lon="-1.877250000">
        <ele>762.000</ele>
      </trkpt>
      <trkpt lat="42.936530000" lon="-1.877110000">
        <ele>762.000</ele>
      </trkpt>
      <trkpt lat="42.936540000" lon="-1.876960000">
        <ele>762.000</ele>
      </trkpt>
      <trkpt lat="42.936540000" lon="-1.876840000">
        <ele>761.000</ele>
      </trkpt>
      <trkpt lat="42.936550000" lon="-1.876720000">
        <ele>761.000</ele>
      </trkpt>
      <trkpt lat="42.936550000" lon="-1.876710000">
        <ele>761.000</ele>
      </trkpt>
      <trkpt lat="42.936550000" lon="-1.876600000">
        <ele>761.000</ele>
      </trkpt>
      <trkpt lat="42.936560000" lon="-1.876390000">
        <ele>760.000</ele>
      </trkpt>
      <trkpt lat="42.936580000" lon="-1.876280000">
        <ele>760.000</ele>
      </trkpt>
      <trkpt lat="42.936600000" lon="-1.876240000">
        <ele>759.000</ele>
      </trkpt>
      <trkpt lat="42.936620000" lon="-1.876200000">
        <ele>759.000</ele>
      </trkpt>
      <trkpt lat="42.936650000" lon="-1.876150000">
        <ele>758.000</ele>
      </trkpt>
      <trkpt lat="42.936660000" lon="-1.876140000">
        <ele>758.000</ele>
      </trkpt>
      <trkpt lat="42.936730000" lon="-1.876090000">
        <ele>757.000</ele>
      </trkpt>
      <trkpt lat="42.936820000" lon="-1.876050000">
        <ele>756.000</ele>
      </trkpt>
      <trkpt lat="42.936900000" lon="-1.876010000">
        <ele>755.000</ele>
      </trkpt>
      <trkpt lat="42.936950000" lon="-1.875980000">
        <ele>755.000</ele>
      </trkpt>
      <trkpt lat="42.936990000" lon="-1.875970000">
        <ele>754.000</ele>
      </trkpt>
      <trkpt lat="42.937070000" lon="-1.875930000">
        <ele>754.000</ele>
      </trkpt>
      <trkpt lat="42.937230000" lon="-1.875870000">
        <ele>754.000</ele>
      </trkpt>
      <trkpt lat="42.937250000" lon="-1.875870000">
        <ele>754.000</ele>
      </trkpt>
      <trkpt lat="42.937300000" lon="-1.875860000">
        <ele>754.000</ele>
      </trkpt>
      <trkpt lat="42.937330000" lon="-1.875870000">
        <ele>755.000</ele>
      </trkpt>
      <trkpt lat="42.937380000" lon="-1.875880000">
        <ele>755.000</ele>
      </trkpt>
      <trkpt lat="42.937450000" lon="-1.875920000">
        <ele>755.000</ele>
      </trkpt>
      <trkpt lat="42.937470000" lon="-1.875940000">
        <ele>755.000</ele>
      </trkpt>
      <trkpt lat="42.937510000" lon="-1.876000000">
        <ele>755.000</ele>
      </trkpt>
      <trkpt lat="42.937610000" lon="-1.876150000">
        <ele>755.000</ele>
      </trkpt>
      <trkpt lat="42.937670000" lon="-1.876250000">
        <ele>756.000</ele>
      </trkpt>
      <trkpt lat="42.937750000" lon="-1.876390000">
        <ele>756.000</ele>
      </trkpt>
      <trkpt lat="42.937760000" lon="-1.876410000">
        <ele>756.000</ele>
      </trkpt>
      <trkpt lat="42.937840000" lon="-1.876570000">
        <ele>756.000</ele>
      </trkpt>
      <trkpt lat="42.937890000" lon="-1.876610000">
        <ele>757.000</ele>
      </trkpt>
      <trkpt lat="42.937940000" lon="-1.876650000">
        <ele>757.000</ele>
      </trkpt>
      <trkpt lat="42.938040000" lon="-1.876730000">
        <ele>757.000</ele>
      </trkpt>
      <trkpt lat="42.938080000" lon="-1.876760000">
        <ele>757.000</ele>
      </trkpt>
      <trkpt lat="42.938110000" lon="-1.876780000">
        <ele>758.000</ele>
      </trkpt>
      <trkpt lat="42.938120000" lon="-1.876780000">
        <ele>758.000</ele>
      </trkpt>
      <trkpt lat="42.938140000" lon="-1.876780000">
        <ele>758.000</ele>
      </trkpt>
      <trkpt lat="42.938170000" lon="-1.876780000">
        <ele>758.000</ele>
      </trkpt>
      <trkpt lat="42.938170000" lon="-1.876770000">
        <ele>759.000</ele>
      </trkpt>
      <trkpt lat="42.938190000" lon="-1.876760000">
        <ele>759.000</ele>
      </trkpt>
      <trkpt lat="42.938210000" lon="-1.876730000">
        <ele>759.000</ele>
      </trkpt>
      <trkpt lat="42.938230000" lon="-1.876680000">
        <ele>759.000</ele>
      </trkpt>
      <trkpt lat="42.938250000" lon="-1.876600000">
        <ele>760.000</ele>
      </trkpt>
      <trkpt lat="42.938300000" lon="-1.876440000">
        <ele>760.000</ele>
      </trkpt>
      <trkpt lat="42.938340000" lon="-1.876270000">
        <ele>761.000</ele>
      </trkpt>
      <trkpt lat="42.938360000" lon="-1.876200000">
        <ele>762.000</ele>
      </trkpt>
      <trkpt lat="42.938370000" lon="-1.876130000">
        <ele>762.000</ele>
      </trkpt>
      <trkpt lat="42.938380000" lon="-1.876110000">
        <ele>763.000</ele>
      </trkpt>
      <trkpt lat="42.938420000" lon="-1.875920000">
        <ele>763.000</ele>
      </trkpt>
      <trkpt lat="42.938440000" lon="-1.875880000">
        <ele>764.000</ele>
      </trkpt>
      <trkpt lat="42.938450000" lon="-1.875830000">
        <ele>764.000</ele>
      </trkpt>
      <trkpt lat="42.938480000" lon="-1.875760000">
        <ele>765.000</ele>
      </trkpt>
      <trkpt lat="42.938560000" lon="-1.875680000">
        <ele>765.000</ele>
      </trkpt>
      <trkpt lat="42.938670000" lon="-1.875590000">
        <ele>766.000</ele>
      </trkpt>
      <trkpt lat="42.938720000" lon="-1.875550000">
        <ele>766.000</ele>
      </trkpt>
      <trkpt lat="42.938840000" lon="-1.875460000">
        <ele>767.000</ele>
      </trkpt>
      <trkpt lat="42.938870000" lon="-1.875420000">
        <ele>768.000</ele>
      </trkpt>
      <trkpt lat="42.938900000" lon="-1.875370000">
        <ele>768.000</ele>
      </trkpt>
      <trkpt lat="42.938920000" lon="-1.875320000">
        <ele>769.000</ele>
      </trkpt>
      <trkpt lat="42.938950000" lon="-1.875270000">
        <ele>769.000</ele>
      </trkpt>
      <trkpt lat="42.938950000" lon="-1.875210000">
        <ele>769.000</ele>
      </trkpt>
      <trkpt lat="42.938960000" lon="-1.875150000">
        <ele>770.000</ele>
      </trkpt>
      <trkpt lat="42.938950000" lon="-1.874990000">
        <ele>770.000</ele>
      </trkpt>
      <trkpt lat="42.938920000" lon="-1.874780000">
        <ele>771.000</ele>
      </trkpt>
      <trkpt lat="42.938920000" lon="-1.874670000">
        <ele>772.000</ele>
      </trkpt>
      <trkpt lat="42.938930000" lon="-1.874590000">
        <ele>772.000</ele>
      </trkpt>
      <trkpt lat="42.938970000" lon="-1.874510000">
        <ele>773.000</ele>
      </trkpt>
      <trkpt lat="42.939030000" lon="-1.874420000">
        <ele>773.000</ele>
      </trkpt>
      <trkpt lat="42.939200000" lon="-1.874270000">
        <ele>774.000</ele>
      </trkpt>
      <trkpt lat="42.939210000" lon="-1.874240000">
        <ele>775.000</ele>
      </trkpt>
      <trkpt lat="42.939240000" lon="-1.874220000">
        <ele>775.000</ele>
      </trkpt>
      <trkpt lat="42.939270000" lon="-1.874140000">
        <ele>775.000</ele>
      </trkpt>
      <trkpt lat="42.939280000" lon="-1.874080000">
        <ele>776.000</ele>
      </trkpt>
      <trkpt lat="42.939300000" lon="-1.874000000">
        <ele>776.000</ele>
      </trkpt>
      <trkpt lat="42.939310000" lon="-1.873780000">
        <ele>777.000</ele>
      </trkpt>
      <trkpt lat="42.939330000" lon="-1.873740000">
        <ele>777.000</ele>
      </trkpt>
      <trkpt lat="42.939350000" lon="-1.873710000">
        <ele>777.000</ele>
      </trkpt>
      <trkpt lat="42.939390000" lon="-1.873670000">
        <ele>778.000</ele>
      </trkpt>
      <trkpt lat="42.939420000" lon="-1.873660000">
        <ele>778.000</ele>
      </trkpt>
      <trkpt lat="42.939450000" lon="-1.873660000">
        <ele>778.000</ele>
      </trkpt>
      <trkpt lat="42.939550000" lon="-1.873760000">
        <ele>778.000</ele>
      </trkpt>
      <trkpt lat="42.939640000" lon="-1.873880000">
        <ele>779.000</ele>
      </trkpt>
      <trkpt lat="42.939690000" lon="-1.873960000">
        <ele>779.000</ele>
      </trkpt>
      <trkpt lat="42.939720000" lon="-1.873990000">
        <ele>780.000</ele>
      </trkpt>
      <trkpt lat="42.939760000" lon="-1.874030000">
        <ele>780.000</ele>
      </trkpt>
      <trkpt lat="42.939930000" lon="-1.874150000">
        <ele>780.000</ele>
      </trkpt>
      <trkpt lat="42.940020000" lon="-1.874200000">
        <ele>781.000</ele>
      </trkpt>
      <trkpt lat="42.940110000" lon="-1.874260000">
        <ele>781.000</ele>
      </trkpt>
      <trkpt lat="42.940210000" lon="-1.874360000">
        <ele>782.000</ele>
      </trkpt>
      <trkpt lat="42.940310000" lon="-1.874490000">
        <ele>782.000</ele>
      </trkpt>
      <trkpt lat="42.940330000" lon="-1.874490000">
        <ele>783.000</ele>
      </trkpt>
      <trkpt lat="42.940430000" lon="-1.874540000">
        <ele>783.000</ele>
      </trkpt>
      <trkpt lat="42.940480000" lon="-1.874570000">
        <ele>784.000</ele>
      </trkpt>
      <trkpt lat="42.940580000" lon="-1.874670000">
        <ele>784.000</ele>
      </trkpt>
      <trkpt lat="42.940620000" lon="-1.874750000">
        <ele>785.000</ele>
      </trkpt>
      <trkpt lat="42.940670000" lon="-1.874840000">
        <ele>785.000</ele>
      </trkpt>
      <trkpt lat="42.940720000" lon="-1.874960000">
        <ele>786.000</ele>
      </trkpt>
      <trkpt lat="42.940780000" lon="-1.875080000">
        <ele>787.000</ele>
      </trkpt>
      <trkpt lat="42.940870000" lon="-1.875180000">
        <ele>787.000</ele>
      </trkpt>
      <trkpt lat="42.940980000" lon="-1.875240000">
        <ele>788.000</ele>
      </trkpt>
      <trkpt lat="42.941160000" lon="-1.875250000">
        <ele>789.000</ele>
      </trkpt>
      <trkpt lat="42.941180000" lon="-1.875250000">
        <ele>790.000</ele>
      </trkpt>
      <trkpt lat="42.941340000" lon="-1.875250000">
        <ele>790.000</ele>
      </trkpt>
      <trkpt lat="42.941360000" lon="-1.875250000">
        <ele>791.000</ele>
      </trkpt>
      <trkpt lat="42.941430000" lon="-1.875260000">
        <ele>792.000</ele>
      </trkpt>
      <trkpt lat="42.941710000" lon="-1.875190000">
        <ele>793.000</ele>
      </trkpt>
      <trkpt lat="42.941720000" lon="-1.875180000">
        <ele>793.000</ele>
      </trkpt>
      <trkpt lat="42.941870000" lon="-1.875170000">
        <ele>794.000</ele>
      </trkpt>
      <trkpt lat="42.941880000" lon="-1.875170000">
        <ele>794.000</ele>
      </trkpt>
      <trkpt lat="42.941890000" lon="-1.875170000">
        <ele>795.000</ele>
      </trkpt>
      <trkpt lat="42.942020000" lon="-1.875170000">
        <ele>795.000</ele>
      </trkpt>
      <trkpt lat="42.942150000" lon="-1.875200000">
        <ele>796.000</ele>
      </trkpt>
      <trkpt lat="42.942240000" lon="-1.875200000">
        <ele>796.000</ele>
      </trkpt>
      <trkpt lat="42.942250000" lon="-1.875190000">
        <ele>796.000</ele>
      </trkpt>
      <trkpt lat="42.942340000" lon="-1.875130000">
        <ele>796.000</ele>
      </trkpt>
      <trkpt lat="42.942400000" lon="-1.875090000">
        <ele>796.000</ele>
      </trkpt>
      <trkpt lat="42.942500000" lon="-1.875030000">
        <ele>797.000</ele>
      </trkpt>
      <trkpt lat="42.942640000" lon="-1.874950000">
        <ele>797.000</ele>
      </trkpt>
      <trkpt lat="42.942750000" lon="-1.874940000">
        <ele>797.000</ele>
      </trkpt>
      <trkpt lat="42.942860000" lon="-1.874920000">
        <ele>797.000</ele>
      </trkpt>
      <trkpt lat="42.942910000" lon="-1.874920000">
        <ele>798.000</ele>
      </trkpt>
      <trkpt lat="42.943110000" lon="-1.874920000">
        <ele>798.000</ele>
      </trkpt>
      <trkpt lat="42.943290000" lon="-1.874900000">
        <ele>798.000</ele>
      </trkpt>
      <trkpt lat="42.943310000" lon="-1.874900000">
        <ele>799.000</ele>
      </trkpt>
      <trkpt lat="42.943450000" lon="-1.874860000">
        <ele>799.000</ele>
      </trkpt>
      <trkpt lat="42.943460000" lon="-1.874860000">
        <ele>799.000</ele>
      </trkpt>
      <trkpt lat="42.943480000" lon="-1.874850000">
        <ele>799.000</ele>
      </trkpt>
      <trkpt lat="42.943630000" lon="-1.874780000">
        <ele>799.000</ele>
      </trkpt>
      <trkpt lat="42.943960000" lon="-1.874630000">
        <ele>799.000</ele>
      </trkpt>
      <trkpt lat="42.943970000" lon="-1.874620000">
        <ele>798.000</ele>
      </trkpt>
      <trkpt lat="42.944020000" lon="-1.874600000">
        <ele>798.000</ele>
      </trkpt>
      <trkpt lat="42.944200000" lon="-1.874530000">
        <ele>798.000</ele>
      </trkpt>
      <trkpt lat="42.944350000" lon="-1.874490000">
        <ele>797.000</ele>
      </trkpt>
      <trkpt lat="42.944480000" lon="-1.874450000">
        <ele>797.000</ele>
      </trkpt>
      <trkpt lat="42.944500000" lon="-1.874450000">
        <ele>796.000</ele>
      </trkpt>
      <trkpt lat="42.944700000" lon="-1.874400000">
        <ele>796.000</ele>
      </trkpt>
      <trkpt lat="42.944850000" lon="-1.874330000">
        <ele>795.000</ele>
      </trkpt>
      <trkpt lat="42.944890000" lon="-1.874310000">
        <ele>794.000</ele>
      </trkpt>
      <trkpt lat="42.945000000" lon="-1.874240000">
        <ele>794.000</ele>
      </trkpt>
      <trkpt lat="42.945030000" lon="-1.874220000">
        <ele>793.000</ele>
      </trkpt>
      <trkpt lat="42.945150000" lon="-1.874100000">
        <ele>793.000</ele>
      </trkpt>
      <trkpt lat="42.945240000" lon="-1.874070000">
        <ele>792.000</ele>
      </trkpt>
      <trkpt lat="42.945330000" lon="-1.874060000">
        <ele>792.000</ele>
      </trkpt>
      <trkpt lat="42.945340000" lon="-1.874060000">
        <ele>792.000</ele>
      </trkpt>
      <trkpt lat="42.945610000" lon="-1.874100000">
        <ele>791.000</ele>
      </trkpt>
      <trkpt lat="42.945680000" lon="-1.874090000">
        <ele>791.000</ele>
      </trkpt>
      <trkpt lat="42.945770000" lon="-1.874090000">
        <ele>790.000</ele>
      </trkpt>
      <trkpt lat="42.945960000" lon="-1.874010000">
        <ele>789.000</ele>
      </trkpt>
      <trkpt lat="42.946190000" lon="-1.873940000">
        <ele>788.000</ele>
      </trkpt>
      <trkpt lat="42.946250000" lon="-1.873940000">
        <ele>787.000</ele>
      </trkpt>
      <trkpt lat="42.946350000" lon="-1.873960000">
        <ele>787.000</ele>
      </trkpt>
      <trkpt lat="42.946390000" lon="-1.874000000">
        <ele>786.000</ele>
      </trkpt>
      <trkpt lat="42.946470000" lon="-1.874060000">
        <ele>785.000</ele>
      </trkpt>
      <trkpt lat="42.946570000" lon="-1.874210000">
        <ele>785.000</ele>
      </trkpt>
      <trkpt lat="42.946650000" lon="-1.874260000">
        <ele>784.000</ele>
      </trkpt>
      <trkpt lat="42.946750000" lon="-1.874300000">
        <ele>783.000</ele>
      </trkpt>
      <trkpt lat="42.946830000" lon="-1.874320000">
        <ele>783.000</ele>
      </trkpt>
      <trkpt lat="42.946910000" lon="-1.874300000">
        <ele>782.000</ele>
      </trkpt>
      <trkpt lat="42.947010000" lon="-1.874260000">
        <ele>782.000</ele>
      </trkpt>
      <trkpt lat="42.947130000" lon="-1.874130000">
        <ele>781.000</ele>
      </trkpt>
      <trkpt lat="42.947150000" lon="-1.874090000">
        <ele>781.000</ele>
      </trkpt>
      <trkpt lat="42.947160000" lon="-1.874070000">
        <ele>781.000</ele>
      </trkpt>
      <trkpt lat="42.947210000" lon="-1.873980000">
        <ele>780.000</ele>
      </trkpt>
      <trkpt lat="42.947260000" lon="-1.873900000">
        <ele>780.000</ele>
      </trkpt>
      <trkpt lat="42.947270000" lon="-1.873890000">
        <ele>780.000</ele>
      </trkpt>
      <trkpt lat="42.947310000" lon="-1.873840000">
        <ele>779.000</ele>
      </trkpt>
      <trkpt lat="42.947400000" lon="-1.873730000">
        <ele>779.000</ele>
      </trkpt>
      <trkpt lat="42.947540000" lon="-1.873630000">
        <ele>778.000</ele>
      </trkpt>
      <trkpt lat="42.947570000" lon="-1.873620000">
        <ele>778.000</ele>
      </trkpt>
      <trkpt lat="42.947730000" lon="-1.873520000">
        <ele>777.000</ele>
      </trkpt>
      <trkpt lat="42.947930000" lon="-1.873400000">
        <ele>777.000</ele>
      </trkpt>
      <trkpt lat="42.948100000" lon="-1.873380000">
        <ele>776.000</ele>
      </trkpt>
      <trkpt lat="42.948250000" lon="-1.873360000">
        <ele>775.000</ele>
      </trkpt>
      <trkpt lat="42.948390000" lon="-1.873330000">
        <ele>774.000</ele>
      </trkpt>
      <trkpt lat="42.948540000" lon="-1.873270000">
        <ele>773.000</ele>
      </trkpt>
      <trkpt lat="42.948670000" lon="-1.873210000">
        <ele>772.000</ele>
      </trkpt>
      <trkpt lat="42.948700000" lon="-1.873200000">
        <ele>772.000</ele>
      </trkpt>
      <trkpt lat="42.948750000" lon="-1.873200000">
        <ele>771.000</ele>
      </trkpt>
      <trkpt lat="42.948840000" lon="-1.873220000">
        <ele>771.000</ele>
      </trkpt>
      <trkpt lat="42.948930000" lon="-1.873360000">
        <ele>770.000</ele>
      </trkpt>
      <trkpt lat="42.949030000" lon="-1.873490000">
        <ele>769.000</ele>
      </trkpt>
      <trkpt lat="42.949150000" lon="-1.873600000">
        <ele>769.000</ele>
      </trkpt>
      <trkpt lat="42.949200000" lon="-1.873620000">
        <ele>768.000</ele>
      </trkpt>
      <trkpt lat="42.949290000" lon="-1.873660000">
        <ele>767.000</ele>
      </trkpt>
      <trkpt lat="42.949500000" lon="-1.873710000">
        <ele>766.000</ele>
      </trkpt>
      <trkpt lat="42.949540000" lon="-1.873720000">
        <ele>766.000</ele>
      </trkpt>
      <trkpt lat="42.949660000" lon="-1.873740000">
        <ele>765.000</ele>
      </trkpt>
      <trkpt lat="42.949760000" lon="-1.873750000">
        <ele>764.000</ele>
      </trkpt>
      <trkpt lat="42.949860000" lon="-1.873730000">
        <ele>764.000</ele>
      </trkpt>
      <trkpt lat="42.949890000" lon="-1.873720000">
        <ele>763.000</ele>
      </trkpt>
      <trkpt lat="42.949950000" lon="-1.873680000">
        <ele>762.000</ele>
      </trkpt>
      <trkpt lat="42.950050000" lon="-1.873590000">
        <ele>762.000</ele>
      </trkpt>
      <trkpt lat="42.950060000" lon="-1.873580000">
        <ele>761.000</ele>
      </trkpt>
      <trkpt lat="42.950090000" lon="-1.873550000">
        <ele>761.000</ele>
      </trkpt>
      <trkpt lat="42.950110000" lon="-1.873540000">
        <ele>761.000</ele>
      </trkpt>
      <trkpt lat="42.950180000" lon="-1.873480000">
        <ele>760.000</ele>
      </trkpt>
      <trkpt lat="42.950420000" lon="-1.873230000">
        <ele>759.000</ele>
      </trkpt>
      <trkpt lat="42.950540000" lon="-1.873090000">
        <ele>759.000</ele>
      </trkpt>
      <trkpt lat="42.950640000" lon="-1.873020000">
        <ele>758.000</ele>
      </trkpt>
      <trkpt lat="42.950710000" lon="-1.872960000">
        <ele>757.000</ele>
      </trkpt>
      <trkpt lat="42.950780000" lon="-1.872900000">
        <ele>757.000</ele>
      </trkpt>
      <trkpt lat="42.950860000" lon="-1.872840000">
        <ele>757.000</ele>
      </trkpt>
      <trkpt lat="42.950870000" lon="-1.872830000">
        <ele>756.000</ele>
      </trkpt>
      <trkpt lat="42.950930000" lon="-1.872790000">
        <ele>756.000</ele>
      </trkpt>
      <trkpt lat="42.950950000" lon="-1.872780000">
        <ele>756.000</ele>
      </trkpt>
      <trkpt lat="42.950980000" lon="-1.872760000">
        <ele>756.000</ele>
      </trkpt>
      <trkpt lat="42.951040000" lon="-1.872750000">
        <ele>756.000</ele>
      </trkpt>
      <trkpt lat="42.951120000" lon="-1.872790000">
        <ele>755.000</ele>
      </trkpt>
      <trkpt lat="42.951210000" lon="-1.872820000">
        <ele>755.000</ele>
      </trkpt>
      <trkpt lat="42.951410000" lon="-1.872910000">
        <ele>755.000</ele>
      </trkpt>
      <trkpt lat="42.951480000" lon="-1.872950000">
        <ele>754.000</ele>
      </trkpt>
      <trkpt lat="42.951730000" lon="-1.873030000">
        <ele>754.000</ele>
      </trkpt>
      <trkpt lat="42.951770000" lon="-1.873040000">
        <ele>754.000</ele>
      </trkpt>
      <trkpt lat="42.951890000" lon="-1.873070000">
        <ele>753.000</ele>
      </trkpt>
      <trkpt lat="42.952030000" lon="-1.873080000">
        <ele>753.000</ele>
      </trkpt>
      <trkpt lat="42.952220000" lon="-1.873050000">
        <ele>752.000</ele>
      </trkpt>
      <trkpt lat="42.952440000" lon="-1.873030000">
        <ele>752.000</ele>
      </trkpt>
      <trkpt lat="42.952560000" lon="-1.873020000">
        <ele>751.000</ele>
      </trkpt>
      <trkpt lat="42.952610000" lon="-1.873010000">
        <ele>751.000</ele>
      </trkpt>
      <trkpt lat="42.952740000" lon="-1.873000000">
        <ele>750.000</ele>
      </trkpt>
      <trkpt lat="42.952820000" lon="-1.873000000">
        <ele>750.000</ele>
      </trkpt>
      <trkpt lat="42.952920000" lon="-1.873000000">
        <ele>750.000</ele>
      </trkpt>
      <trkpt lat="42.952970000" lon="-1.873000000">
        <ele>749.000</ele>
      </trkpt>
      <trkpt lat="42.953030000" lon="-1.873020000">
        <ele>749.000</ele>
      </trkpt>
      <trkpt lat="42.953170000" lon="-1.873060000">
        <ele>749.000</ele>
      </trkpt>
      <trkpt lat="42.953400000" lon="-1.873140000">
        <ele>748.000</ele>
      </trkpt>
      <trkpt lat="42.953440000" lon="-1.873160000">
        <ele>748.000</ele>
      </trkpt>
      <trkpt lat="42.953620000" lon="-1.873220000">
        <ele>747.000</ele>
      </trkpt>
      <trkpt lat="42.953950000" lon="-1.873340000">
        <ele>746.000</ele>
      </trkpt>
      <trkpt lat="42.954840000" lon="-1.873640000">
        <ele>745.000</ele>
      </trkpt>
      <trkpt lat="42.954900000" lon="-1.873660000">
        <ele>744.000</ele>
      </trkpt>
      <trkpt lat="42.955020000" lon="-1.873700000">
        <ele>743.000</ele>
      </trkpt>
      <trkpt lat="42.955070000" lon="-1.873720000">
        <ele>742.000</ele>
      </trkpt>
      <trkpt lat="42.955220000" lon="-1.873750000">
        <ele>741.000</ele>
      </trkpt>
      <trkpt lat="42.955350000" lon="-1.873750000">
        <ele>740.000</ele>
      </trkpt>
      <trkpt lat="42.955380000" lon="-1.873740000">
        <ele>740.000</ele>
      </trkpt>
      <trkpt lat="42.955460000" lon="-1.873720000">
        <ele>739.000</ele>
      </trkpt>
      <trkpt lat="42.955550000" lon="-1.873660000">
        <ele>739.000</ele>
      </trkpt>
      <trkpt lat="42.955610000" lon="-1.873630000">
        <ele>738.000</ele>
      </trkpt>
      <trkpt lat="42.955710000" lon="-1.873570000">
        <ele>738.000</ele>
      </trkpt>
      <trkpt lat="42.955920000" lon="-1.873440000">
        <ele>737.000</ele>
      </trkpt>
      <trkpt lat="42.956050000" lon="-1.873380000">
        <ele>736.000</ele>
      </trkpt>
      <trkpt lat="42.956220000" lon="-1.873290000">
        <ele>735.000</ele>
      </trkpt>
      <trkpt lat="42.956390000" lon="-1.873200000">
        <ele>734.000</ele>
      </trkpt>
      <trkpt lat="42.956560000" lon="-1.873150000">
        <ele>733.000</ele>
      </trkpt>
      <trkpt lat="42.956740000" lon="-1.873170000">
        <ele>732.000</ele>
      </trkpt>
      <trkpt lat="42.956820000" lon="-1.873180000">
        <ele>731.000</ele>
      </trkpt>
      <trkpt lat="42.956920000" lon="-1.873210000">
        <ele>731.000</ele>
      </trkpt>
      <trkpt lat="42.957050000" lon="-1.873250000">
        <ele>730.000</ele>
      </trkpt>
      <trkpt lat="42.957130000" lon="-1.873270000">
        <ele>729.000</ele>
      </trkpt>
      <trkpt lat="42.957270000" lon="-1.873310000">
        <ele>728.000</ele>
      </trkpt>
      <trkpt lat="42.957330000" lon="-1.873330000">
        <ele>727.000</ele>
      </trkpt>
      <trkpt lat="42.957420000" lon="-1.873360000">
        <ele>727.000</ele>
      </trkpt>
      <trkpt lat="42.957630000" lon="-1.873370000">
        <ele>726.000</ele>
      </trkpt>
      <trkpt lat="42.957680000" lon="-1.873380000">
        <ele>725.000</ele>
      </trkpt>
      <trkpt lat="42.957810000" lon="-1.873410000">
        <ele>724.000</ele>
      </trkpt>
      <trkpt lat="42.957830000" lon="-1.873420000">
        <ele>723.000</ele>
      </trkpt>
      <trkpt lat="42.957930000" lon="-1.873490000">
        <ele>723.000</ele>
      </trkpt>
      <trkpt lat="42.957960000" lon="-1.873530000">
        <ele>722.000</ele>
      </trkpt>
      <trkpt lat="42.957990000" lon="-1.873570000">
        <ele>722.000</ele>
      </trkpt>
      <trkpt lat="42.958070000" lon="-1.873660000">
        <ele>721.000</ele>
      </trkpt>
      <trkpt lat="42.958240000" lon="-1.873850000">
        <ele>720.000</ele>
      </trkpt>
      <trkpt lat="42.958250000" lon="-1.873870000">
        <ele>720.000</ele>
      </trkpt>
      <trkpt lat="42.958340000" lon="-1.873930000">
        <ele>719.000</ele>
      </trkpt>
      <trkpt lat="42.958380000" lon="-1.873960000">
        <ele>719.000</ele>
      </trkpt>
      <trkpt lat="42.958400000" lon="-1.873970000">
        <ele>719.000</ele>
      </trkpt>
      <trkpt lat="42.958450000" lon="-1.873990000">
        <ele>719.000</ele>
      </trkpt>
      <trkpt lat="42.958550000" lon="-1.874000000">
        <ele>719.000</ele>
      </trkpt>
      <trkpt lat="42.958630000" lon="-1.873990000">
        <ele>718.000</ele>
      </trkpt>
      <trkpt lat="42.958750000" lon="-1.873940000">
        <ele>718.000</ele>
      </trkpt>
      <trkpt lat="42.958800000" lon="-1.873910000">
        <ele>718.000</ele>
      </trkpt>
      <trkpt lat="42.959100000" lon="-1.873770000">
        <ele>718.000</ele>
      </trkpt>
      <trkpt lat="42.959260000" lon="-1.873700000">
        <ele>718.000</ele>
      </trkpt>
      <trkpt lat="42.959350000" lon="-1.873660000">
        <ele>718.000</ele>
      </trkpt>
      <trkpt lat="42.959430000" lon="-1.873630000">
        <ele>718.000</ele>
      </trkpt>
      <trkpt lat="42.959540000" lon="-1.873600000">
        <ele>718.000</ele>
      </trkpt>
      <trkpt lat="42.959630000" lon="-1.873580000">
        <ele>718.000</ele>
      </trkpt>
      <trkpt lat="42.959740000" lon="-1.873580000">
        <ele>718.000</ele>
      </trkpt>
      <trkpt lat="42.960030000" lon="-1.873640000">
        <ele>718.000</ele>
      </trkpt>
      <trkpt lat="42.960150000" lon="-1.873670000">
        <ele>717.000</ele>
      </trkpt>
      <trkpt lat="42.960170000" lon="-1.873670000">
        <ele>717.000</ele>
      </trkpt>
      <trkpt lat="42.960330000" lon="-1.873710000">
        <ele>717.000</ele>
      </trkpt>
      <trkpt lat="42.960400000" lon="-1.873720000">
        <ele>717.000</ele>
      </trkpt>
      <trkpt lat="42.960670000" lon="-1.873810000">
        <ele>716.000</ele>
      </trkpt>
      <trkpt lat="42.960740000" lon="-1.873830000">
        <ele>715.000</ele>
      </trkpt>
      <trkpt lat="42.960850000" lon="-1.873890000">
        <ele>715.000</ele>
      </trkpt>
      <trkpt lat="42.960860000" lon="-1.873900000">
        <ele>715.000</ele>
      </trkpt>
      <trkpt lat="42.960960000" lon="-1.873980000">
        <ele>714.000</ele>
      </trkpt>
      <trkpt lat="42.961030000" lon="-1.874070000">
        <ele>714.000</ele>
      </trkpt>
      <trkpt lat="42.961110000" lon="-1.874220000">
        <ele>713.000</ele>
      </trkpt>
      <trkpt lat="42.961250000" lon="-1.874480000">
        <ele>713.000</ele>
      </trkpt>
      <trkpt lat="42.961300000" lon="-1.874570000">
        <ele>712.000</ele>
      </trkpt>
      <trkpt lat="42.961430000" lon="-1.874820000">
        <ele>711.000</ele>
      </trkpt>
      <trkpt lat="42.961500000" lon="-1.874950000">
        <ele>711.000</ele>
      </trkpt>
      <trkpt lat="42.961530000" lon="-1.875020000">
        <ele>710.000</ele>
      </trkpt>
      <trkpt lat="42.961620000" lon="-1.875220000">
        <ele>710.000</ele>
      </trkpt>
      <trkpt lat="42.961890000" lon="-1.875760000">
        <ele>709.000</ele>
      </trkpt>
      <trkpt lat="42.961940000" lon="-1.875830000">
        <ele>709.000</ele>
      </trkpt>
      <trkpt lat="42.962050000" lon="-1.875980000">
        <ele>708.000</ele>
      </trkpt>
      <trkpt lat="42.962070000" lon="-1.876000000">
        <ele>708.000</ele>
      </trkpt>
      <trkpt lat="42.962190000" lon="-1.876090000">
        <ele>708.000</ele>
      </trkpt>
      <trkpt lat="42.962380000" lon="-1.876170000">
        <ele>708.000</ele>
      </trkpt>
      <trkpt lat="42.962410000" lon="-1.876180000">
        <ele>707.000</ele>
      </trkpt>
      <trkpt lat="42.962580000" lon="-1.876250000">
        <ele>707.000</ele>
      </trkpt>
      <trkpt lat="42.963100000" lon="-1.876440000">
        <ele>707.000</ele>
      </trkpt>
      <trkpt lat="42.963120000" lon="-1.876450000">
        <ele>706.000</ele>
      </trkpt>
      <trkpt lat="42.963280000" lon="-1.876470000">
        <ele>706.000</ele>
      </trkpt>
      <trkpt lat="42.963340000" lon="-1.876480000">
        <ele>705.000</ele>
      </trkpt>
      <trkpt lat="42.963640000" lon="-1.876480000">
        <ele>705.000</ele>
      </trkpt>
      <trkpt lat="42.963730000" lon="-1.876480000">
        <ele>705.000</ele>
      </trkpt>
      <trkpt lat="42.963820000" lon="-1.876470000">
        <ele>704.000</ele>
      </trkpt>
      <trkpt lat="42.963880000" lon="-1.876460000">
        <ele>704.000</ele>
      </trkpt>
      <trkpt lat="42.964180000" lon="-1.876430000">
        <ele>703.000</ele>
      </trkpt>
      <trkpt lat="42.964300000" lon="-1.876420000">
        <ele>703.000</ele>
      </trkpt>
      <trkpt lat="42.964360000" lon="-1.876420000">
        <ele>703.000</ele>
      </trkpt>
      <trkpt lat="42.964790000" lon="-1.876380000">
        <ele>702.000</ele>
      </trkpt>
      <trkpt lat="42.964900000" lon="-1.876370000">
        <ele>702.000</ele>
      </trkpt>
      <trkpt lat="42.965090000" lon="-1.876370000">
        <ele>701.000</ele>
      </trkpt>
      <trkpt lat="42.965140000" lon="-1.876370000">
        <ele>701.000</ele>
      </trkpt>
      <trkpt lat="42.965170000" lon="-1.876380000">
        <ele>700.000</ele>
      </trkpt>
      <trkpt lat="42.965190000" lon="-1.876380000">
        <ele>700.000</ele>
      </trkpt>
      <trkpt lat="42.965290000" lon="-1.876420000">
        <ele>700.000</ele>
      </trkpt>
      <trkpt lat="42.965490000" lon="-1.876540000">
        <ele>699.000</ele>
      </trkpt>
      <trkpt lat="42.965760000" lon="-1.876690000">
        <ele>699.000</ele>
      </trkpt>
      <trkpt lat="42.965840000" lon="-1.876740000">
        <ele>698.000</ele>
      </trkpt>
      <trkpt lat="42.966510000" lon="-1.877100000">
        <ele>697.000</ele>
      </trkpt>
      <trkpt lat="42.966650000" lon="-1.877160000">
        <ele>696.000</ele>
      </trkpt>
      <trkpt lat="42.966760000" lon="-1.877170000">
        <ele>696.000</ele>
      </trkpt>
      <trkpt lat="42.966770000" lon="-1.877170000">
        <ele>695.000</ele>
      </trkpt>
      <trkpt lat="42.966900000" lon="-1.877140000">
        <ele>695.000</ele>
      </trkpt>
      <trkpt lat="42.967020000" lon="-1.877090000">
        <ele>694.000</ele>
      </trkpt>
      <trkpt lat="42.967110000" lon="-1.877030000">
        <ele>694.000</ele>
      </trkpt>
      <trkpt lat="42.967160000" lon="-1.876990000">
        <ele>693.000</ele>
      </trkpt>
      <trkpt lat="42.967180000" lon="-1.876990000">
        <ele>693.000</ele>
      </trkpt>
      <trkpt lat="42.967240000" lon="-1.876960000">
        <ele>693.000</ele>
      </trkpt>
      <trkpt lat="42.967360000" lon="-1.876920000">
        <ele>693.000</ele>
      </trkpt>
      <trkpt lat="42.967430000" lon="-1.876900000">
        <ele>692.000</ele>
      </trkpt>
      <trkpt lat="42.967520000" lon="-1.876900000">
        <ele>692.000</ele>
      </trkpt>
      <trkpt lat="42.967680000" lon="-1.876950000">
        <ele>692.000</ele>
      </trkpt>
      <trkpt lat="42.967710000" lon="-1.876960000">
        <ele>692.000</ele>
      </trkpt>
      <trkpt lat="42.967780000" lon="-1.877000000">
        <ele>691.000</ele>
      </trkpt>
      <trkpt lat="42.967800000" lon="-1.877010000">
        <ele>691.000</ele>
      </trkpt>
      <trkpt lat="42.968420000" lon="-1.877360000">
        <ele>690.000</ele>
      </trkpt>
      <trkpt lat="42.968460000" lon="-1.877380000">
        <ele>690.000</ele>
      </trkpt>
      <trkpt lat="42.968800000" lon="-1.877560000">
        <ele>689.000</ele>
      </trkpt>
      <trkpt lat="42.968900000" lon="-1.877610000">
        <ele>689.000</ele>
      </trkpt>
      <trkpt lat="42.969080000" lon="-1.877640000">
        <ele>689.000</ele>
      </trkpt>
      <trkpt lat="42.969140000" lon="-1.877640000">
        <ele>689.000</ele>
      </trkpt>
      <trkpt lat="42.969300000" lon="-1.877650000">
        <ele>689.000</ele>
      </trkpt>
      <trkpt lat="42.969320000" lon="-1.877650000">
        <ele>689.000</ele>
      </trkpt>
      <trkpt lat="42.969390000" lon="-1.877650000">
        <ele>689.000</ele>
      </trkpt>
      <trkpt lat="42.969760000" lon="-1.877680000">
        <ele>689.000</ele>
      </trkpt>
      <trkpt lat="42.969870000" lon="-1.877690000">
        <ele>690.000</ele>
      </trkpt>
      <trkpt lat="42.969940000" lon="-1.877690000">
        <ele>690.000</ele>
      </trkpt>
      <trkpt lat="42.970060000" lon="-1.877700000">
        <ele>690.000</ele>
      </trkpt>
      <trkpt lat="42.970150000" lon="-1.877710000">
        <ele>690.000</ele>
      </trkpt>
      <trkpt lat="42.970550000" lon="-1.877710000">
        <ele>690.000</ele>
      </trkpt>
      <trkpt lat="42.970660000" lon="-1.877740000">
        <ele>690.000</ele>
      </trkpt>
      <trkpt lat="42.970690000" lon="-1.877760000">
        <ele>690.000</ele>
      </trkpt>
      <trkpt lat="42.970810000" lon="-1.877860000">
        <ele>690.000</ele>
      </trkpt>
      <trkpt lat="42.970860000" lon="-1.877930000">
        <ele>689.000</ele>
      </trkpt>
      <trkpt lat="42.970890000" lon="-1.877980000">
        <ele>689.000</ele>
      </trkpt>
      <trkpt lat="42.970920000" lon="-1.878030000">
        <ele>689.000</ele>
      </trkpt>
      <trkpt lat="42.970940000" lon="-1.878080000">
        <ele>688.000</ele>
      </trkpt>
      <trkpt lat="42.970960000" lon="-1.878160000">
        <ele>688.000</ele>
      </trkpt>
      <trkpt lat="42.971000000" lon="-1.878300000">
        <ele>687.000</ele>
      </trkpt>
      <trkpt lat="42.971010000" lon="-1.878310000">
        <ele>687.000</ele>
      </trkpt>
      <trkpt lat="42.971040000" lon="-1.878460000">
        <ele>687.000</ele>
      </trkpt>
      <trkpt lat="42.971120000" lon="-1.878630000">
        <ele>686.000</ele>
      </trkpt>
      <trkpt lat="42.971310000" lon="-1.878730000">
        <ele>685.000</ele>
      </trkpt>
      <trkpt lat="42.971470000" lon="-1.878800000">
        <ele>685.000</ele>
      </trkpt>
      <trkpt lat="42.971810000" lon="-1.878950000">
        <ele>683.000</ele>
      </trkpt>
      <trkpt lat="42.972020000" lon="-1.879090000">
        <ele>682.000</ele>
      </trkpt>
      <trkpt lat="42.972150000" lon="-1.879170000">
        <ele>681.000</ele>
      </trkpt>
      <trkpt lat="42.972180000" lon="-1.879200000">
        <ele>680.000</ele>
      </trkpt>
      <trkpt lat="42.972340000" lon="-1.879330000">
        <ele>679.000</ele>
      </trkpt>
      <trkpt lat="42.972350000" lon="-1.879350000">
        <ele>678.000</ele>
      </trkpt>
      <trkpt lat="42.972460000" lon="-1.879490000">
        <ele>677.000</ele>
      </trkpt>
      <trkpt lat="42.972470000" lon="-1.879500000">
        <ele>676.000</ele>
      </trkpt>
      <trkpt lat="42.972550000" lon="-1.879710000">
        <ele>676.000</ele>
      </trkpt>
      <trkpt lat="42.972610000" lon="-1.879810000">
        <ele>675.000</ele>
      </trkpt>
      <trkpt lat="42.972830000" lon="-1.879870000">
        <ele>673.000</ele>
      </trkpt>
      <trkpt lat="42.972880000" lon="-1.879880000">
        <ele>673.000</ele>
      </trkpt>
      <trkpt lat="42.973000000" lon="-1.879900000">
        <ele>672.000</ele>
      </trkpt>
      <trkpt lat="42.973060000" lon="-1.879920000">
        <ele>671.000</ele>
      </trkpt>
      <trkpt lat="42.973220000" lon="-1.879960000">
        <ele>670.000</ele>
      </trkpt>
      <trkpt lat="42.973230000" lon="-1.879960000">
        <ele>669.000</ele>
      </trkpt>
      <trkpt lat="42.973290000" lon="-1.879980000">
        <ele>669.000</ele>
      </trkpt>
      <trkpt lat="42.973410000" lon="-1.880010000">
        <ele>668.000</ele>
      </trkpt>
      <trkpt lat="42.973500000" lon="-1.880040000">
        <ele>667.000</ele>
      </trkpt>
      <trkpt lat="42.973760000" lon="-1.880110000">
        <ele>666.000</ele>
      </trkpt>
      <trkpt lat="42.973940000" lon="-1.880160000">
        <ele>665.000</ele>
      </trkpt>
      <trkpt lat="42.974110000" lon="-1.880200000">
        <ele>664.000</ele>
      </trkpt>
      <trkpt lat="42.974290000" lon="-1.880250000">
        <ele>663.000</ele>
      </trkpt>
      <trkpt lat="42.974310000" lon="-1.880250000">
        <ele>663.000</ele>
      </trkpt>
      <trkpt lat="42.974470000" lon="-1.880300000">
        <ele>662.000</ele>
      </trkpt>
      <trkpt lat="42.974640000" lon="-1.880360000">
        <ele>662.000</ele>
      </trkpt>
      <trkpt lat="42.974780000" lon="-1.880400000">
        <ele>661.000</ele>
      </trkpt>
      <trkpt lat="42.974820000" lon="-1.880420000">
        <ele>661.000</ele>
      </trkpt>
      <trkpt lat="42.974910000" lon="-1.880470000">
        <ele>661.000</ele>
      </trkpt>
      <trkpt lat="42.974980000" lon="-1.880520000">
        <ele>660.000</ele>
      </trkpt>
      <trkpt lat="42.975140000" lon="-1.880620000">
        <ele>660.000</ele>
      </trkpt>
      <trkpt lat="42.975300000" lon="-1.880720000">
        <ele>659.000</ele>
      </trkpt>
      <trkpt lat="42.975310000" lon="-1.880720000">
        <ele>659.000</ele>
      </trkpt>
      <trkpt lat="42.975470000" lon="-1.880810000">
        <ele>659.000</ele>
      </trkpt>
      <trkpt lat="42.975640000" lon="-1.880900000">
        <ele>658.000</ele>
      </trkpt>
      <trkpt lat="42.975720000" lon="-1.880940000">
        <ele>658.000</ele>
      </trkpt>
      <trkpt lat="42.975810000" lon="-1.880980000">
        <ele>658.000</ele>
      </trkpt>
      <trkpt lat="42.975980000" lon="-1.881060000">
        <ele>658.000</ele>
      </trkpt>
      <trkpt lat="42.976150000" lon="-1.881140000">
        <ele>658.000</ele>
      </trkpt>
      <trkpt lat="42.976270000" lon="-1.881190000">
        <ele>658.000</ele>
      </trkpt>
      <trkpt lat="42.976320000" lon="-1.881220000">
        <ele>658.000</ele>
      </trkpt>
      <trkpt lat="42.976410000" lon="-1.881270000">
        <ele>658.000</ele>
      </trkpt>
      <trkpt lat="42.976480000" lon="-1.881330000">
        <ele>658.000</ele>
      </trkpt>
      <trkpt lat="42.976720000" lon="-1.881550000">
        <ele>658.000</ele>
      </trkpt>
      <trkpt lat="42.976810000" lon="-1.881640000">
        <ele>658.000</ele>
      </trkpt>
      <trkpt lat="42.976910000" lon="-1.881770000">
        <ele>658.000</ele>
      </trkpt>
      <trkpt lat="42.977080000" lon="-1.881970000">
        <ele>658.000</ele>
      </trkpt>
      <trkpt lat="42.977180000" lon="-1.882090000">
        <ele>658.000</ele>
      </trkpt>
      <trkpt lat="42.977190000" lon="-1.882090000">
        <ele>658.000</ele>
      </trkpt>
      <trkpt lat="42.977260000" lon="-1.882180000">
        <ele>658.000</ele>
      </trkpt>
      <trkpt lat="42.977360000" lon="-1.882340000">
        <ele>659.000</ele>
      </trkpt>
      <trkpt lat="42.977550000" lon="-1.882810000">
        <ele>659.000</ele>
      </trkpt>
      <trkpt lat="42.977580000" lon="-1.882900000">
        <ele>659.000</ele>
      </trkpt>
      <trkpt lat="42.977690000" lon="-1.883200000">
        <ele>659.000</ele>
      </trkpt>
      <trkpt lat="42.977790000" lon="-1.883400000">
        <ele>659.000</ele>
      </trkpt>
      <trkpt lat="42.977890000" lon="-1.883520000">
        <ele>659.000</ele>
      </trkpt>
      <trkpt lat="42.978000000" lon="-1.883580000">
        <ele>659.000</ele>
      </trkpt>
      <trkpt lat="42.978040000" lon="-1.883610000">
        <ele>659.000</ele>
      </trkpt>
      <trkpt lat="42.978080000" lon="-1.883630000">
        <ele>659.000</ele>
      </trkpt>
      <trkpt lat="42.978210000" lon="-1.883730000">
        <ele>659.000</ele>
      </trkpt>
      <trkpt lat="42.978290000" lon="-1.883820000">
        <ele>659.000</ele>
      </trkpt>
      <trkpt lat="42.978450000" lon="-1.883990000">
        <ele>659.000</ele>
      </trkpt>
      <trkpt lat="42.978860000" lon="-1.884380000">
        <ele>660.000</ele>
      </trkpt>
      <trkpt lat="42.979100000" lon="-1.884620000">
        <ele>660.000</ele>
      </trkpt>
      <trkpt lat="42.979110000" lon="-1.884630000">
        <ele>661.000</ele>
      </trkpt>
      <trkpt lat="42.979180000" lon="-1.884690000">
        <ele>661.000</ele>
      </trkpt>
      <trkpt lat="42.979260000" lon="-1.884750000">
        <ele>661.000</ele>
      </trkpt>
      <trkpt lat="42.979380000" lon="-1.884810000">
        <ele>662.000</ele>
      </trkpt>
      <trkpt lat="42.979520000" lon="-1.884860000">
        <ele>662.000</ele>
      </trkpt>
      <trkpt lat="42.979610000" lon="-1.884900000">
        <ele>662.000</ele>
      </trkpt>
      <trkpt lat="42.979720000" lon="-1.884970000">
        <ele>663.000</ele>
      </trkpt>
      <trkpt lat="42.979800000" lon="-1.885040000">
        <ele>663.000</ele>
      </trkpt>
      <trkpt lat="42.979900000" lon="-1.885170000">
        <ele>663.000</ele>
      </trkpt>
      <trkpt lat="42.979920000" lon="-1.885220000">
        <ele>664.000</ele>
      </trkpt>
      <trkpt lat="42.980010000" lon="-1.885380000">
        <ele>664.000</ele>
      </trkpt>
      <trkpt lat="42.980030000" lon="-1.885420000">
        <ele>664.000</ele>
      </trkpt>
      <trkpt lat="42.980040000" lon="-1.885440000">
        <ele>664.000</ele>
      </trkpt>
      <trkpt lat="42.980110000" lon="-1.885640000">
        <ele>664.000</ele>
      </trkpt>
      <trkpt lat="42.980120000" lon="-1.885670000">
        <ele>664.000</ele>
      </trkpt>
      <trkpt lat="42.980180000" lon="-1.885810000">
        <ele>665.000</ele>
      </trkpt>
      <trkpt lat="42.980250000" lon="-1.885900000">
        <ele>665.000</ele>
      </trkpt>
      <trkpt lat="42.980310000" lon="-1.885970000">
        <ele>665.000</ele>
      </trkpt>
      <trkpt lat="42.980340000" lon="-1.886000000">
        <ele>665.000</ele>
      </trkpt>
      <trkpt lat="42.980430000" lon="-1.886090000">
        <ele>665.000</ele>
      </trkpt>
      <trkpt lat="42.980510000" lon="-1.886190000">
        <ele>665.000</ele>
      </trkpt>
      <trkpt lat="42.980620000" lon="-1.886310000">
        <ele>665.000</ele>
      </trkpt>
      <trkpt lat="42.980720000" lon="-1.886420000">
        <ele>665.000</ele>
      </trkpt>
      <trkpt lat="42.980910000" lon="-1.886600000">
        <ele>665.000</ele>
      </trkpt>
      <trkpt lat="42.981020000" lon="-1.886670000">
        <ele>665.000</ele>
      </trkpt>
      <trkpt lat="42.981040000" lon="-1.886680000">
        <ele>665.000</ele>
      </trkpt>
      <trkpt lat="42.981070000" lon="-1.886700000">
        <ele>665.000</ele>
      </trkpt>
      <trkpt lat="42.981150000" lon="-1.886750000">
        <ele>665.000</ele>
      </trkpt>
      <trkpt lat="42.981210000" lon="-1.886780000">
        <ele>665.000</ele>
      </trkpt>
      <trkpt lat="42.981270000" lon="-1.886810000">
        <ele>665.000</ele>
      </trkpt>
      <trkpt lat="42.981410000" lon="-1.886880000">
        <ele>665.000</ele>
      </trkpt>
      <trkpt lat="42.981470000" lon="-1.886910000">
        <ele>665.000</ele>
      </trkpt>
      <trkpt lat="42.981700000" lon="-1.887080000">
        <ele>664.000</ele>
      </trkpt>
      <trkpt lat="42.981730000" lon="-1.887100000">
        <ele>663.000</ele>
      </trkpt>
      <trkpt lat="42.981760000" lon="-1.887130000">
        <ele>663.000</ele>
      </trkpt>
      <trkpt lat="42.981850000" lon="-1.887200000">
        <ele>662.000</ele>
      </trkpt>
      <trkpt lat="42.981890000" lon="-1.887220000">
        <ele>661.000</ele>
      </trkpt>
      <trkpt lat="42.981910000" lon="-1.887240000">
        <ele>661.000</ele>
      </trkpt>
      <trkpt lat="42.982020000" lon="-1.887280000">
        <ele>660.000</ele>
      </trkpt>
      <trkpt lat="42.982060000" lon="-1.887280000">
        <ele>660.000</ele>
      </trkpt>
      <trkpt lat="42.982100000" lon="-1.887280000">
        <ele>659.000</ele>
      </trkpt>
      <trkpt lat="42.982310000" lon="-1.887220000">
        <ele>658.000</ele>
      </trkpt>
      <trkpt lat="42.982380000" lon="-1.887200000">
        <ele>657.000</ele>
      </trkpt>
      <trkpt lat="42.982400000" lon="-1.887210000">
        <ele>656.000</ele>
      </trkpt>
      <trkpt lat="42.982410000" lon="-1.887210000">
        <ele>656.000</ele>
      </trkpt>
      <trkpt lat="42.982420000" lon="-1.887210000">
        <ele>656.000</ele>
      </trkpt>
      <trkpt lat="42.982460000" lon="-1.887230000">
        <ele>655.000</ele>
      </trkpt>
      <trkpt lat="42.982480000" lon="-1.887250000">
        <ele>655.000</ele>
      </trkpt>
      <trkpt lat="42.982490000" lon="-1.887250000">
        <ele>655.000</ele>
      </trkpt>
      <trkpt lat="42.982520000" lon="-1.887280000">
        <ele>654.000</ele>
      </trkpt>
      <trkpt lat="42.982550000" lon="-1.887310000">
        <ele>654.000</ele>
      </trkpt>
      <trkpt lat="42.982560000" lon="-1.887330000">
        <ele>654.000</ele>
      </trkpt>
      <trkpt lat="42.982580000" lon="-1.887380000">
        <ele>653.000</ele>
      </trkpt>
      <trkpt lat="42.982600000" lon="-1.887460000">
        <ele>653.000</ele>
      </trkpt>
      <trkpt lat="42.982600000" lon="-1.887600000">
        <ele>652.000</ele>
      </trkpt>
      <trkpt lat="42.982580000" lon="-1.887760000">
        <ele>652.000</ele>
      </trkpt>
      <trkpt lat="42.982580000" lon="-1.887800000">
        <ele>651.000</ele>
      </trkpt>
      <trkpt lat="42.982580000" lon="-1.887810000">
        <ele>651.000</ele>
      </trkpt>
      <trkpt lat="42.982590000" lon="-1.887950000">
        <ele>650.000</ele>
      </trkpt>
      <trkpt lat="42.982650000" lon="-1.888090000">
        <ele>649.000</ele>
      </trkpt>
      <trkpt lat="42.982700000" lon="-1.888150000">
        <ele>648.000</ele>
      </trkpt>
      <trkpt lat="42.982730000" lon="-1.888180000">
        <ele>648.000</ele>
      </trkpt>
      <trkpt lat="42.982760000" lon="-1.888210000">
        <ele>648.000</ele>
      </trkpt>
      <trkpt lat="42.982870000" lon="-1.888310000">
        <ele>647.000</ele>
      </trkpt>
      <trkpt lat="42.983200000" lon="-1.888550000">
        <ele>646.000</ele>
      </trkpt>
      <trkpt lat="42.983230000" lon="-1.888580000">
        <ele>646.000</ele>
      </trkpt>
      <trkpt lat="42.983370000" lon="-1.888680000">
        <ele>645.000</ele>
      </trkpt>
      <trkpt lat="42.983390000" lon="-1.888690000">
        <ele>644.000</ele>
      </trkpt>
      <trkpt lat="42.983690000" lon="-1.888850000">
        <ele>644.000</ele>
      </trkpt>
      <trkpt lat="42.983900000" lon="-1.888920000">
        <ele>643.000</ele>
      </trkpt>
      <trkpt lat="42.983920000" lon="-1.888930000">
        <ele>642.000</ele>
      </trkpt>
      <trkpt lat="42.984080000" lon="-1.888980000">
        <ele>641.000</ele>
      </trkpt>
      <trkpt lat="42.984190000" lon="-1.888990000">
        <ele>641.000</ele>
      </trkpt>
      <trkpt lat="42.984250000" lon="-1.888980000">
        <ele>640.000</ele>
      </trkpt>
      <trkpt lat="42.984390000" lon="-1.888970000">
        <ele>640.000</ele>
      </trkpt>
      <trkpt lat="42.984480000" lon="-1.888960000">
        <ele>639.000</ele>
      </trkpt>
      <trkpt lat="42.984620000" lon="-1.888900000">
        <ele>639.000</ele>
      </trkpt>
      <trkpt lat="42.984710000" lon="-1.888870000">
        <ele>638.000</ele>
      </trkpt>
      <trkpt lat="42.984740000" lon="-1.888860000">
        <ele>638.000</ele>
      </trkpt>
      <trkpt lat="42.984780000" lon="-1.888860000">
        <ele>637.000</ele>
      </trkpt>
      <trkpt lat="42.984790000" lon="-1.888850000">
        <ele>637.000</ele>
      </trkpt>
      <trkpt lat="42.984900000" lon="-1.888830000">
        <ele>637.000</ele>
      </trkpt>
      <trkpt lat="42.984960000" lon="-1.888850000">
        <ele>636.000</ele>
      </trkpt>
      <trkpt lat="42.984990000" lon="-1.888850000">
        <ele>636.000</ele>
      </trkpt>
      <trkpt lat="42.985060000" lon="-1.888900000">
        <ele>636.000</ele>
      </trkpt>
      <trkpt lat="42.985080000" lon="-1.888940000">
        <ele>635.000</ele>
      </trkpt>
      <trkpt lat="42.985110000" lon="-1.888980000">
        <ele>635.000</ele>
      </trkpt>
      <trkpt lat="42.985120000" lon="-1.889000000">
        <ele>635.000</ele>
      </trkpt>
      <trkpt lat="42.985160000" lon="-1.889090000">
        <ele>635.000</ele>
      </trkpt>
      <trkpt lat="42.985170000" lon="-1.889200000">
        <ele>634.000</ele>
      </trkpt>
      <trkpt lat="42.985170000" lon="-1.889210000">
        <ele>634.000</ele>
      </trkpt>
      <trkpt lat="42.985160000" lon="-1.889320000">
        <ele>634.000</ele>
      </trkpt>
      <trkpt lat="42.985170000" lon="-1.889390000">
        <ele>634.000</ele>
      </trkpt>
      <trkpt lat="42.985170000" lon="-1.889440000">
        <ele>633.000</ele>
      </trkpt>
      <trkpt lat="42.985180000" lon="-1.889450000">
        <ele>633.000</ele>
      </trkpt>
      <trkpt lat="42.985210000" lon="-1.889540000">
        <ele>633.000</ele>
      </trkpt>
      <trkpt lat="42.985280000" lon="-1.889640000">
        <ele>633.000</ele>
      </trkpt>
      <trkpt lat="42.985290000" lon="-1.889650000">
        <ele>632.000</ele>
      </trkpt>
      <trkpt lat="42.985410000" lon="-1.889760000">
        <ele>632.000</ele>
      </trkpt>
      <trkpt lat="42.985560000" lon="-1.889850000">
        <ele>631.000</ele>
      </trkpt>
      <trkpt lat="42.985660000" lon="-1.889900000">
        <ele>631.000</ele>
      </trkpt>
      <trkpt lat="42.985730000" lon="-1.889940000">
        <ele>630.000</ele>
      </trkpt>
      <trkpt lat="42.985760000" lon="-1.889970000">
        <ele>630.000</ele>
      </trkpt>
      <trkpt lat="42.985770000" lon="-1.889970000">
        <ele>630.000</ele>
      </trkpt>
      <trkpt lat="42.985880000" lon="-1.890070000">
        <ele>630.000</ele>
      </trkpt>
      <trkpt lat="42.985910000" lon="-1.890100000">
        <ele>629.000</ele>
      </trkpt>
      <trkpt lat="42.985950000" lon="-1.890140000">
        <ele>629.000</ele>
      </trkpt>
      <trkpt lat="42.986180000" lon="-1.890360000">
        <ele>629.000</ele>
      </trkpt>
      <trkpt lat="42.986210000" lon="-1.890390000">
        <ele>628.000</ele>
      </trkpt>
      <trkpt lat="42.986320000" lon="-1.890500000">
        <ele>628.000</ele>
      </trkpt>
      <trkpt lat="42.986370000" lon="-1.890550000">
        <ele>628.000</ele>
      </trkpt>
      <trkpt lat="42.986450000" lon="-1.890660000">
        <ele>628.000</ele>
      </trkpt>
      <trkpt lat="42.986610000" lon="-1.890870000">
        <ele>627.000</ele>
      </trkpt>
      <trkpt lat="42.986710000" lon="-1.891010000">
        <ele>627.000</ele>
      </trkpt>
      <trkpt lat="42.986730000" lon="-1.891050000">
        <ele>627.000</ele>
      </trkpt>
      <trkpt lat="42.986770000" lon="-1.891120000">
        <ele>626.000</ele>
      </trkpt>
      <trkpt lat="42.986860000" lon="-1.891220000">
        <ele>626.000</ele>
      </trkpt>
      <trkpt lat="42.986920000" lon="-1.891280000">
        <ele>626.000</ele>
      </trkpt>
      <trkpt lat="42.986990000" lon="-1.891320000">
        <ele>626.000</ele>
      </trkpt>
      <trkpt lat="42.987070000" lon="-1.891320000">
        <ele>625.000</ele>
      </trkpt>
      <trkpt lat="42.987200000" lon="-1.891320000">
        <ele>625.000</ele>
      </trkpt>
      <trkpt lat="42.987310000" lon="-1.891290000">
        <ele>625.000</ele>
      </trkpt>
      <trkpt lat="42.987340000" lon="-1.891300000">
        <ele>625.000</ele>
      </trkpt>
      <trkpt lat="42.987380000" lon="-1.891300000">
        <ele>624.000</ele>
      </trkpt>
      <trkpt lat="42.987440000" lon="-1.891310000">
        <ele>624.000</ele>
      </trkpt>
      <trkpt lat="42.987560000" lon="-1.891340000">
        <ele>624.000</ele>
      </trkpt>
      <trkpt lat="42.987580000" lon="-1.891340000">
        <ele>624.000</ele>
      </trkpt>
      <trkpt lat="42.987880000" lon="-1.891470000">
        <ele>623.000</ele>
      </trkpt>
      <trkpt lat="42.987890000" lon="-1.891480000">
        <ele>623.000</ele>
      </trkpt>
      <trkpt lat="42.988030000" lon="-1.891560000">
        <ele>623.000</ele>
      </trkpt>
      <trkpt lat="42.988170000" lon="-1.891680000">
        <ele>622.000</ele>
      </trkpt>
      <trkpt lat="42.988180000" lon="-1.891690000">
        <ele>622.000</ele>
      </trkpt>
      <trkpt lat="42.988310000" lon="-1.891830000">
        <ele>622.000</ele>
      </trkpt>
      <trkpt lat="42.988770000" lon="-1.892350000">
        <ele>621.000</ele>
      </trkpt>
      <trkpt lat="42.988870000" lon="-1.892470000">
        <ele>621.000</ele>
      </trkpt>
      <trkpt lat="42.988890000" lon="-1.892490000">
        <ele>620.000</ele>
      </trkpt>
      <trkpt lat="42.989040000" lon="-1.892670000">
        <ele>620.000</ele>
      </trkpt>
      <trkpt lat="42.989090000" lon="-1.892760000">
        <ele>620.000</ele>
      </trkpt>
      <trkpt lat="42.989140000" lon="-1.892880000">
        <ele>620.000</ele>
      </trkpt>
      <trkpt lat="42.989160000" lon="-1.892920000">
        <ele>620.000</ele>
      </trkpt>
      <trkpt lat="42.989170000" lon="-1.892940000">
        <ele>620.000</ele>
      </trkpt>
      <trkpt lat="42.989180000" lon="-1.892960000">
        <ele>620.000</ele>
      </trkpt>
      <trkpt lat="42.989250000" lon="-1.893190000">
        <ele>620.000</ele>
      </trkpt>
      <trkpt lat="42.989360000" lon="-1.893490000">
        <ele>620.000</ele>
      </trkpt>
      <trkpt lat="42.989460000" lon="-1.893780000">
        <ele>620.000</ele>
      </trkpt>
      <trkpt lat="42.989480000" lon="-1.893810000">
        <ele>620.000</ele>
      </trkpt>
      <trkpt lat="42.989640000" lon="-1.894150000">
        <ele>620.000</ele>
      </trkpt>
      <trkpt lat="42.989750000" lon="-1.894370000">
        <ele>620.000</ele>
      </trkpt>
      <trkpt lat="42.989770000" lon="-1.894410000">
        <ele>620.000</ele>
      </trkpt>
      <trkpt lat="42.989790000" lon="-1.894430000">
        <ele>620.000</ele>
      </trkpt>
      <trkpt lat="42.990080000" lon="-1.894500000">
        <ele>620.000</ele>
      </trkpt>
      <trkpt lat="42.990170000" lon="-1.894520000">
        <ele>619.000</ele>
      </trkpt>
      <trkpt lat="42.990230000" lon="-1.894550000">
        <ele>619.000</ele>
      </trkpt>
      <trkpt lat="42.990260000" lon="-1.894560000">
        <ele>618.000</ele>
      </trkpt>
      <trkpt lat="42.990310000" lon="-1.894590000">
        <ele>618.000</ele>
      </trkpt>
      <trkpt lat="42.990370000" lon="-1.894630000">
        <ele>618.000</ele>
      </trkpt>
      <trkpt lat="42.990560000" lon="-1.894820000">
        <ele>617.000</ele>
      </trkpt>
      <trkpt lat="42.990650000" lon="-1.894930000">
        <ele>616.000</ele>
      </trkpt>
      <trkpt lat="42.990840000" lon="-1.895160000">
        <ele>616.000</ele>
      </trkpt>
      <trkpt lat="42.990860000" lon="-1.895190000">
        <ele>615.000</ele>
      </trkpt>
      <trkpt lat="42.990930000" lon="-1.895290000">
        <ele>614.000</ele>
      </trkpt>
      <trkpt lat="42.990990000" lon="-1.895420000">
        <ele>614.000</ele>
      </trkpt>
      <trkpt lat="42.991060000" lon="-1.895600000">
        <ele>613.000</ele>
      </trkpt>
      <trkpt lat="42.991100000" lon="-1.895700000">
        <ele>612.000</ele>
      </trkpt>
      <trkpt lat="42.991120000" lon="-1.895740000">
        <ele>612.000</ele>
      </trkpt>
      <trkpt lat="42.991150000" lon="-1.895770000">
        <ele>611.000</ele>
      </trkpt>
      <trkpt lat="42.991180000" lon="-1.895790000">
        <ele>611.000</ele>
      </trkpt>
      <trkpt lat="42.991210000" lon="-1.895800000">
        <ele>611.000</ele>
      </trkpt>
      <trkpt lat="42.991230000" lon="-1.895800000">
        <ele>611.000</ele>
      </trkpt>
      <trkpt lat="42.991250000" lon="-1.895800000">
        <ele>610.000</ele>
      </trkpt>
      <trkpt lat="42.991300000" lon="-1.895800000">
        <ele>610.000</ele>
      </trkpt>
      <trkpt lat="42.991410000" lon="-1.895800000">
        <ele>610.000</ele>
      </trkpt>
      <trkpt lat="42.991440000" lon="-1.895800000">
        <ele>609.000</ele>
      </trkpt>
      <trkpt lat="42.991520000" lon="-1.895790000">
        <ele>609.000</ele>
      </trkpt>
      <trkpt lat="42.991590000" lon="-1.895800000">
        <ele>608.000</ele>
      </trkpt>
      <trkpt lat="42.991620000" lon="-1.895800000">
        <ele>608.000</ele>
      </trkpt>
      <trkpt lat="42.991650000" lon="-1.895800000">
        <ele>608.000</ele>
      </trkpt>
      <trkpt lat="42.991720000" lon="-1.895810000">
        <ele>607.000</ele>
      </trkpt>
      <trkpt lat="42.991770000" lon="-1.895830000">
        <ele>607.000</ele>
      </trkpt>
      <trkpt lat="42.991810000" lon="-1.895850000">
        <ele>606.000</ele>
      </trkpt>
      <trkpt lat="42.991850000" lon="-1.895870000">
        <ele>606.000</ele>
      </trkpt>
      <trkpt lat="42.991920000" lon="-1.895920000">
        <ele>606.000</ele>
      </trkpt>
      <trkpt lat="42.991950000" lon="-1.895940000">
        <ele>605.000</ele>
      </trkpt>
      <trkpt lat="42.992010000" lon="-1.895980000">
        <ele>605.000</ele>
      </trkpt>
      <trkpt lat="42.992080000" lon="-1.896030000">
        <ele>604.000</ele>
      </trkpt>
      <trkpt lat="42.992110000" lon="-1.896050000">
        <ele>604.000</ele>
      </trkpt>
      <trkpt lat="42.992190000" lon="-1.896110000">
        <ele>603.000</ele>
      </trkpt>
      <trkpt lat="42.992270000" lon="-1.896170000">
        <ele>603.000</ele>
      </trkpt>
      <trkpt lat="42.992350000" lon="-1.896220000">
        <ele>602.000</ele>
      </trkpt>
      <trkpt lat="42.992430000" lon="-1.896270000">
        <ele>602.000</ele>
      </trkpt>
      <trkpt lat="42.992500000" lon="-1.896310000">
        <ele>601.000</ele>
      </trkpt>
      <trkpt lat="42.992550000" lon="-1.896320000">
        <ele>600.000</ele>
      </trkpt>
      <trkpt lat="42.992580000" lon="-1.896320000">
        <ele>600.000</ele>
      </trkpt>
      <trkpt lat="42.992630000" lon="-1.896330000">
        <ele>600.000</ele>
      </trkpt>
      <trkpt lat="42.992670000" lon="-1.896340000">
        <ele>599.000</ele>
      </trkpt>
      <trkpt lat="42.992710000" lon="-1.896340000">
        <ele>599.000</ele>
      </trkpt>
      <trkpt lat="42.992920000" lon="-1.896340000">
        <ele>598.000</ele>
      </trkpt>
      <trkpt lat="42.993090000" lon="-1.896320000">
        <ele>597.000</ele>
      </trkpt>
      <trkpt lat="42.993120000" lon="-1.896310000">
        <ele>596.000</ele>
      </trkpt>
      <trkpt lat="42.993180000" lon="-1.896300000">
        <ele>595.000</ele>
      </trkpt>
      <trkpt lat="42.993210000" lon="-1.896280000">
        <ele>595.000</ele>
      </trkpt>
      <trkpt lat="42.993250000" lon="-1.896260000">
        <ele>594.000</ele>
      </trkpt>
      <trkpt lat="42.993290000" lon="-1.896230000">
        <ele>594.000</ele>
      </trkpt>
      <trkpt lat="42.993300000" lon="-1.896220000">
        <ele>594.000</ele>
      </trkpt>
      <trkpt lat="42.993370000" lon="-1.896160000">
        <ele>593.000</ele>
      </trkpt>
      <trkpt lat="42.993430000" lon="-1.896100000">
        <ele>592.000</ele>
      </trkpt>
      <trkpt lat="42.993490000" lon="-1.896040000">
        <ele>592.000</ele>
      </trkpt>
      <trkpt lat="42.993560000" lon="-1.895970000">
        <ele>591.000</ele>
      </trkpt>
      <trkpt lat="42.993690000" lon="-1.895800000">
        <ele>590.000</ele>
      </trkpt>
      <trkpt lat="42.993770000" lon="-1.895680000">
        <ele>589.000</ele>
      </trkpt>
      <trkpt lat="42.993800000" lon="-1.895640000">
        <ele>588.000</ele>
      </trkpt>
      <trkpt lat="42.993880000" lon="-1.895530000">
        <ele>587.000</ele>
      </trkpt>
      <trkpt lat="42.993930000" lon="-1.895480000">
        <ele>587.000</ele>
      </trkpt>
      <trkpt lat="42.993980000" lon="-1.895440000">
        <ele>586.000</ele>
      </trkpt>
      <trkpt lat="42.994170000" lon="-1.895330000">
        <ele>585.000</ele>
      </trkpt>
      <trkpt lat="42.994400000" lon="-1.895250000">
        <ele>583.000</ele>
      </trkpt>
      <trkpt lat="42.994490000" lon="-1.895220000">
        <ele>582.000</ele>
      </trkpt>
      <trkpt lat="42.994710000" lon="-1.895150000">
        <ele>581.000</ele>
      </trkpt>
      <trkpt lat="42.994920000" lon="-1.895040000">
        <ele>580.000</ele>
      </trkpt>
      <trkpt lat="42.994950000" lon="-1.895030000">
        <ele>579.000</ele>
      </trkpt>
      <trkpt lat="42.994990000" lon="-1.895010000">
        <ele>578.000</ele>
      </trkpt>
      <trkpt lat="42.995010000" lon="-1.895010000">
        <ele>578.000</ele>
      </trkpt>
      <trkpt lat="42.995020000" lon="-1.895010000">
        <ele>578.000</ele>
      </trkpt>
      <trkpt lat="42.995050000" lon="-1.895030000">
        <ele>577.000</ele>
      </trkpt>
      <trkpt lat="42.995060000" lon="-1.895060000">
        <ele>577.000</ele>
      </trkpt>
      <trkpt lat="42.995060000" lon="-1.895090000">
        <ele>577.000</ele>
      </trkpt>
      <trkpt lat="42.995070000" lon="-1.895100000">
        <ele>577.000</ele>
      </trkpt>
      <trkpt lat="42.995060000" lon="-1.895140000">
        <ele>577.000</ele>
      </trkpt>
      <trkpt lat="42.995050000" lon="-1.895170000">
        <ele>577.000</ele>
      </trkpt>
      <trkpt lat="42.995030000" lon="-1.895200000">
        <ele>577.000</ele>
      </trkpt>
      <trkpt lat="42.995020000" lon="-1.895210000">
        <ele>576.000</ele>
      </trkpt>
      <trkpt lat="42.994960000" lon="-1.895270000">
        <ele>576.000</ele>
      </trkpt>
      <trkpt lat="42.994810000" lon="-1.895400000">
        <ele>576.000</ele>
      </trkpt>
      <trkpt lat="42.994540000" lon="-1.895650000">
        <ele>575.000</ele>
      </trkpt>
      <trkpt lat="42.994510000" lon="-1.895680000">
        <ele>575.000</ele>
      </trkpt>
      <trkpt lat="42.994430000" lon="-1.895750000">
        <ele>574.000</ele>
      </trkpt>
      <trkpt lat="42.994360000" lon="-1.895810000">
        <ele>574.000</ele>
      </trkpt>
      <trkpt lat="42.994340000" lon="-1.895820000">
        <ele>573.000</ele>
      </trkpt>
      <trkpt lat="42.994290000" lon="-1.895880000">
        <ele>573.000</ele>
      </trkpt>
      <trkpt lat="42.994150000" lon="-1.896050000">
        <ele>572.000</ele>
      </trkpt>
      <trkpt lat="42.994120000" lon="-1.896080000">
        <ele>572.000</ele>
      </trkpt>
      <trkpt lat="42.994090000" lon="-1.896130000">
        <ele>572.000</ele>
      </trkpt>
      <trkpt lat="42.994080000" lon="-1.896140000">
        <ele>571.000</ele>
      </trkpt>
      <trkpt lat="42.994080000" lon="-1.896150000">
        <ele>571.000</ele>
      </trkpt>
      <trkpt lat="42.994080000" lon="-1.896160000">
        <ele>571.000</ele>
      </trkpt>
      <trkpt lat="42.994080000" lon="-1.896170000">
        <ele>571.000</ele>
      </trkpt>
      <trkpt lat="42.994090000" lon="-1.896180000">
        <ele>571.000</ele>
      </trkpt>
      <trkpt lat="42.994100000" lon="-1.896190000">
        <ele>571.000</ele>
      </trkpt>
      <trkpt lat="42.994110000" lon="-1.896200000">
        <ele>571.000</ele>
      </trkpt>
      <trkpt lat="42.994130000" lon="-1.896210000">
        <ele>571.000</ele>
      </trkpt>
      <trkpt lat="42.994140000" lon="-1.896210000">
        <ele>571.000</ele>
      </trkpt>
      <trkpt lat="42.994160000" lon="-1.896210000">
        <ele>570.000</ele>
      </trkpt>
      <trkpt lat="42.994180000" lon="-1.896190000">
        <ele>570.000</ele>
      </trkpt>
      <trkpt lat="42.994200000" lon="-1.896170000">
        <ele>570.000</ele>
      </trkpt>
      <trkpt lat="42.994210000" lon="-1.896160000">
        <ele>570.000</ele>
      </trkpt>
      <trkpt lat="42.994220000" lon="-1.896150000">
        <ele>570.000</ele>
      </trkpt>
      <trkpt lat="42.994280000" lon="-1.896070000">
        <ele>570.000</ele>
      </trkpt>
      <trkpt lat="42.994340000" lon="-1.895990000">
        <ele>569.000</ele>
      </trkpt>
      <trkpt lat="42.994350000" lon="-1.895980000">
        <ele>569.000</ele>
      </trkpt>
      <trkpt lat="42.994370000" lon="-1.895970000">
        <ele>569.000</ele>
      </trkpt>
      <trkpt lat="42.994400000" lon="-1.895950000">
        <ele>569.000</ele>
      </trkpt>
      <trkpt lat="42.994420000" lon="-1.895940000">
        <ele>569.000</ele>
      </trkpt>
      <trkpt lat="42.994430000" lon="-1.895930000">
        <ele>568.000</ele>
      </trkpt>
      <trkpt lat="42.994450000" lon="-1.895930000">
        <ele>568.000</ele>
      </trkpt>
      <trkpt lat="42.994470000" lon="-1.895920000">
        <ele>568.000</ele>
      </trkpt>
      <trkpt lat="42.994480000" lon="-1.895920000">
        <ele>568.000</ele>
      </trkpt>
      <trkpt lat="42.994500000" lon="-1.895930000">
        <ele>568.000</ele>
      </trkpt>
      <trkpt lat="42.994510000" lon="-1.895930000">
        <ele>568.000</ele>
      </trkpt>
      <trkpt lat="42.994550000" lon="-1.895960000">
        <ele>568.000</ele>
      </trkpt>
      <trkpt lat="42.994580000" lon="-1.896000000">
        <ele>568.000</ele>
      </trkpt>
      <trkpt lat="42.994590000" lon="-1.896010000">
        <ele>567.000</ele>
      </trkpt>
      <trkpt lat="42.994650000" lon="-1.896080000">
        <ele>567.000</ele>
      </trkpt>
      <trkpt lat="42.994660000" lon="-1.896100000">
        <ele>567.000</ele>
      </trkpt>
      <trkpt lat="42.995010000" lon="-1.896520000">
        <ele>566.000</ele>
      </trkpt>
      <trkpt lat="42.995210000" lon="-1.896420000">
        <ele>565.000</ele>
      </trkpt>
      <trkpt lat="42.995340000" lon="-1.896340000">
        <ele>564.000</ele>
      </trkpt>
      <trkpt lat="42.995380000" lon="-1.896320000">
        <ele>563.000</ele>
      </trkpt>
      <trkpt lat="42.995510000" lon="-1.896240000">
        <ele>562.000</ele>
      </trkpt>
      <trkpt lat="42.995540000" lon="-1.896210000">
        <ele>562.000</ele>
      </trkpt>
      <trkpt lat="42.995700000" lon="-1.896110000">
        <ele>561.000</ele>
      </trkpt>
      <trkpt lat="42.995730000" lon="-1.896100000">
        <ele>561.000</ele>
      </trkpt>
      <trkpt lat="42.995770000" lon="-1.896070000">
        <ele>561.000</ele>
      </trkpt>
      <trkpt lat="42.995840000" lon="-1.896040000">
        <ele>561.000</ele>
      </trkpt>
      <trkpt lat="42.995900000" lon="-1.896010000">
        <ele>560.000</ele>
      </trkpt>
      <trkpt lat="42.995960000" lon="-1.896000000">
        <ele>560.000</ele>
      </trkpt>
      <trkpt lat="42.996010000" lon="-1.896010000">
        <ele>560.000</ele>
      </trkpt>
      <trkpt lat="42.996030000" lon="-1.896010000">
        <ele>560.000</ele>
      </trkpt>
      <trkpt lat="42.996140000" lon="-1.896040000">
        <ele>560.000</ele>
      </trkpt>
      <trkpt lat="42.996160000" lon="-1.896050000">
        <ele>560.000</ele>
      </trkpt>
      <trkpt lat="42.996190000" lon="-1.896060000">
        <ele>560.000</ele>
      </trkpt>
      <trkpt lat="42.996330000" lon="-1.896110000">
        <ele>560.000</ele>
      </trkpt>
      <trkpt lat="42.996680000" lon="-1.896210000">
        <ele>560.000</ele>
      </trkpt>
      <trkpt lat="42.996690000" lon="-1.896180000">
        <ele>560.000</ele>
      </trkpt>
      <trkpt lat="42.996700000" lon="-1.896160000">
        <ele>560.000</ele>
      </trkpt>
      <trkpt lat="42.996720000" lon="-1.896130000">
        <ele>560.000</ele>
      </trkpt>
      <trkpt lat="42.996770000" lon="-1.896060000">
        <ele>560.000</ele>
      </trkpt>
      <trkpt lat="42.996820000" lon="-1.896000000">
        <ele>560.000</ele>
      </trkpt>
      <trkpt lat="42.996840000" lon="-1.895990000">
        <ele>560.000</ele>
      </trkpt>
      <trkpt lat="42.996900000" lon="-1.895930000">
        <ele>560.000</ele>
      </trkpt>
      <trkpt lat="42.996970000" lon="-1.895880000">
        <ele>560.000</ele>
      </trkpt>
      <trkpt lat="42.996980000" lon="-1.895880000">
        <ele>560.000</ele>
      </trkpt>
      <trkpt lat="42.997090000" lon="-1.895790000">
        <ele>560.000</ele>
      </trkpt>
      <trkpt lat="42.997180000" lon="-1.895720000">
        <ele>560.000</ele>
      </trkpt>
      <trkpt lat="42.997260000" lon="-1.895640000">
        <ele>560.000</ele>
      </trkpt>
      <trkpt lat="42.997380000" lon="-1.895430000">
        <ele>560.000</ele>
      </trkpt>
      <trkpt lat="42.997390000" lon="-1.895420000">
        <ele>560.000</ele>
      </trkpt>
      <trkpt lat="42.997500000" lon="-1.895190000">
        <ele>560.000</ele>
      </trkpt>
      <trkpt lat="42.997600000" lon="-1.894930000">
        <ele>560.000</ele>
      </trkpt>
      <trkpt lat="42.997670000" lon="-1.894680000">
        <ele>560.000</ele>
      </trkpt>
      <trkpt lat="42.997690000" lon="-1.894610000">
        <ele>560.000</ele>
      </trkpt>
      <trkpt lat="42.997690000" lon="-1.894600000">
        <ele>560.000</ele>
      </trkpt>
      <trkpt lat="42.997750000" lon="-1.894400000">
        <ele>560.000</ele>
      </trkpt>
      <trkpt lat="42.997750000" lon="-1.894400000">
        <ele>560.000</ele>
      </trkpt>
      <trkpt lat="42.997760000" lon="-1.894380000">
        <ele>560.000</ele>
      </trkpt>
      <trkpt lat="42.997800000" lon="-1.894230000">
        <ele>560.000</ele>
      </trkpt>
      <trkpt lat="42.997820000" lon="-1.894160000">
        <ele>560.000</ele>
      </trkpt>
      <trkpt lat="42.997950000" lon="-1.893750000">
        <ele>560.000</ele>
      </trkpt>
      <trkpt lat="42.998120000" lon="-1.893240000">
        <ele>560.000</ele>
      </trkpt>
      <trkpt lat="42.998540000" lon="-1.891940000">
        <ele>560.000</ele>
      </trkpt>
      <trkpt lat="42.998650000" lon="-1.891660000">
        <ele>560.000</ele>
      </trkpt>
      <trkpt lat="42.998750000" lon="-1.891460000">
        <ele>560.000</ele>
      </trkpt>
      <trkpt lat="42.998860000" lon="-1.891300000">
        <ele>561.000</ele>
      </trkpt>
      <trkpt lat="42.998990000" lon="-1.891120000">
        <ele>561.000</ele>
      </trkpt>
      <trkpt lat="42.999050000" lon="-1.891040000">
        <ele>561.000</ele>
      </trkpt>
      <trkpt lat="42.999280000" lon="-1.890740000">
        <ele>561.000</ele>
      </trkpt>
      <trkpt lat="42.999760000" lon="-1.890160000">
        <ele>562.000</ele>
      </trkpt>
      <trkpt lat="42.999800000" lon="-1.890120000">
        <ele>562.000</ele>
      </trkpt>
      <trkpt lat="42.999870000" lon="-1.890010000">
        <ele>563.000</ele>
      </trkpt>
      <trkpt lat="42.999870000" lon="-1.890010000">
        <ele>563.000</ele>
      </trkpt>
      <trkpt lat="42.999910000" lon="-1.889910000">
        <ele>563.000</ele>
      </trkpt>
      <trkpt lat="42.999930000" lon="-1.889830000">
        <ele>563.000</ele>
      </trkpt>
      <trkpt lat="42.999940000" lon="-1.889800000">
        <ele>563.000</ele>
      </trkpt>
      <trkpt lat="42.999940000" lon="-1.889790000">
        <ele>563.000</ele>
      </trkpt>
      <trkpt lat="42.999940000" lon="-1.889760000">
        <ele>564.000</ele>
      </trkpt>
      <trkpt lat="42.999950000" lon="-1.889720000">
        <ele>564.000</ele>
      </trkpt>
      <trkpt lat="42.999950000" lon="-1.889680000">
        <ele>564.000</ele>
      </trkpt>
      <trkpt lat="42.999940000" lon="-1.889650000">
        <ele>564.000</ele>
      </trkpt>
      <trkpt lat="42.999940000" lon="-1.889610000">
        <ele>564.000</ele>
      </trkpt>
      <trkpt lat="42.999940000" lon="-1.889580000">
        <ele>564.000</ele>
      </trkpt>
      <trkpt lat="42.999930000" lon="-1.889540000">
        <ele>564.000</ele>
      </trkpt>
      <trkpt lat="42.999870000" lon="-1.889310000">
        <ele>564.000</ele>
      </trkpt>
      <trkpt lat="42.999760000" lon="-1.889150000">
        <ele>564.000</ele>
      </trkpt>
      <trkpt lat="42.999640000" lon="-1.888970000">
        <ele>565.000</ele>
      </trkpt>
      <trkpt lat="42.999540000" lon="-1.888840000">
        <ele>565.000</ele>
      </trkpt>
      <trkpt lat="42.999520000" lon="-1.888810000">
        <ele>566.000</ele>
      </trkpt>
      <trkpt lat="42.999380000" lon="-1.888600000">
        <ele>566.000</ele>
      </trkpt>
      <trkpt lat="42.999260000" lon="-1.888480000">
        <ele>567.000</ele>
      </trkpt>
      <trkpt lat="42.999130000" lon="-1.888390000">
        <ele>568.000</ele>
      </trkpt>
      <trkpt lat="42.999050000" lon="-1.888310000">
        <ele>568.000</ele>
      </trkpt>
      <trkpt lat="42.998970000" lon="-1.888270000">
        <ele>569.000</ele>
      </trkpt>
      <trkpt lat="42.998910000" lon="-1.888250000">
        <ele>570.000</ele>
      </trkpt>
      <trkpt lat="42.998860000" lon="-1.888250000">
        <ele>570.000</ele>
      </trkpt>
      <trkpt lat="42.998830000" lon="-1.888250000">
        <ele>570.000</ele>
      </trkpt>
      <trkpt lat="42.998760000" lon="-1.888270000">
        <ele>571.000</ele>
      </trkpt>
      <trkpt lat="42.998650000" lon="-1.888310000">
        <ele>571.000</ele>
      </trkpt>
      <trkpt lat="42.998540000" lon="-1.888350000">
        <ele>572.000</ele>
      </trkpt>
      <trkpt lat="42.998500000" lon="-1.888370000">
        <ele>572.000</ele>
      </trkpt>
      <trkpt lat="42.998290000" lon="-1.888460000">
        <ele>573.000</ele>
      </trkpt>
      <trkpt lat="42.998100000" lon="-1.888530000">
        <ele>574.000</ele>
      </trkpt>
      <trkpt lat="42.998050000" lon="-1.888530000">
        <ele>575.000</ele>
      </trkpt>
      <trkpt lat="42.998030000" lon="-1.888530000">
        <ele>575.000</ele>
      </trkpt>
      <trkpt lat="42.998010000" lon="-1.888520000">
        <ele>575.000</ele>
      </trkpt>
      <trkpt lat="42.998000000" lon="-1.888510000">
        <ele>576.000</ele>
      </trkpt>
      <trkpt lat="42.997990000" lon="-1.888500000">
        <ele>576.000</ele>
      </trkpt>
      <trkpt lat="42.997990000" lon="-1.888490000">
        <ele>576.000</ele>
      </trkpt>
      <trkpt lat="42.997980000" lon="-1.888460000">
        <ele>576.000</ele>
      </trkpt>
      <trkpt lat="42.997970000" lon="-1.888380000">
        <ele>577.000</ele>
      </trkpt>
      <trkpt lat="42.997970000" lon="-1.888330000">
        <ele>577.000</ele>
      </trkpt>
      <trkpt lat="42.997990000" lon="-1.888280000">
        <ele>577.000</ele>
      </trkpt>
      <trkpt lat="42.998010000" lon="-1.888240000">
        <ele>578.000</ele>
      </trkpt>
      <trkpt lat="42.998030000" lon="-1.888230000">
        <ele>578.000</ele>
      </trkpt>
      <trkpt lat="42.998110000" lon="-1.888210000">
        <ele>579.000</ele>
      </trkpt>
      <trkpt lat="42.998120000" lon="-1.888210000">
        <ele>579.000</ele>
      </trkpt>
      <trkpt lat="42.998240000" lon="-1.888190000">
        <ele>579.000</ele>
      </trkpt>
      <trkpt lat="42.998300000" lon="-1.888170000">
        <ele>580.000</ele>
      </trkpt>
      <trkpt lat="42.998420000" lon="-1.888160000">
        <ele>581.000</ele>
      </trkpt>
      <trkpt lat="42.998550000" lon="-1.888110000">
        <ele>582.000</ele>
      </trkpt>
      <trkpt lat="42.998590000" lon="-1.888090000">
        <ele>582.000</ele>
      </trkpt>
      <trkpt lat="42.998630000" lon="-1.888060000">
        <ele>583.000</ele>
      </trkpt>
      <trkpt lat="42.998710000" lon="-1.887990000">
        <ele>584.000</ele>
      </trkpt>
      <trkpt lat="42.998740000" lon="-1.887950000">
        <ele>584.000</ele>
      </trkpt>
      <trkpt lat="42.998770000" lon="-1.887920000">
        <ele>585.000</ele>
      </trkpt>
      <trkpt lat="42.998840000" lon="-1.887810000">
        <ele>586.000</ele>
      </trkpt>
      <trkpt lat="42.998900000" lon="-1.887660000">
        <ele>586.000</ele>
      </trkpt>
      <trkpt lat="42.998930000" lon="-1.887500000">
        <ele>587.000</ele>
      </trkpt>
      <trkpt lat="42.998960000" lon="-1.887300000">
        <ele>588.000</ele>
      </trkpt>
      <trkpt lat="42.998970000" lon="-1.887090000">
        <ele>590.000</ele>
      </trkpt>
      <trkpt lat="42.998990000" lon="-1.886860000">
        <ele>591.000</ele>
      </trkpt>
      <trkpt lat="42.999000000" lon="-1.886740000">
        <ele>592.000</ele>
      </trkpt>
      <trkpt lat="42.999020000" lon="-1.886670000">
        <ele>593.000</ele>
      </trkpt>
      <trkpt lat="42.999050000" lon="-1.886580000">
        <ele>593.000</ele>
      </trkpt>
      <trkpt lat="42.999060000" lon="-1.886460000">
        <ele>594.000</ele>
      </trkpt>
      <trkpt lat="42.999090000" lon="-1.886340000">
        <ele>594.000</ele>
      </trkpt>
      <trkpt lat="42.999130000" lon="-1.886190000">
        <ele>595.000</ele>
      </trkpt>
      <trkpt lat="42.999150000" lon="-1.886110000">
        <ele>595.000</ele>
      </trkpt>
      <trkpt lat="42.999160000" lon="-1.886090000">
        <ele>595.000</ele>
      </trkpt>
      <trkpt lat="42.999190000" lon="-1.885970000">
        <ele>596.000</ele>
      </trkpt>
      <trkpt lat="42.999200000" lon="-1.885870000">
        <ele>596.000</ele>
      </trkpt>
      <trkpt lat="42.999200000" lon="-1.885840000">
        <ele>596.000</ele>
      </trkpt>
      <trkpt lat="42.999200000" lon="-1.885700000">
        <ele>597.000</ele>
      </trkpt>
      <trkpt lat="42.999180000" lon="-1.885450000">
        <ele>597.000</ele>
      </trkpt>
      <trkpt lat="42.999160000" lon="-1.885260000">
        <ele>598.000</ele>
      </trkpt>
      <trkpt lat="42.999160000" lon="-1.885230000">
        <ele>598.000</ele>
      </trkpt>
      <trkpt lat="42.999150000" lon="-1.885020000">
        <ele>598.000</ele>
      </trkpt>
      <trkpt lat="42.999150000" lon="-1.884970000">
        <ele>599.000</ele>
      </trkpt>
      <trkpt lat="42.999150000" lon="-1.884820000">
        <ele>599.000</ele>
      </trkpt>
      <trkpt lat="42.999150000" lon="-1.884770000">
        <ele>599.000</ele>
      </trkpt>
      <trkpt lat="42.999170000" lon="-1.884620000">
        <ele>600.000</ele>
      </trkpt>
      <trkpt lat="42.999170000" lon="-1.884530000">
        <ele>600.000</ele>
      </trkpt>
      <trkpt lat="42.999200000" lon="-1.884310000">
        <ele>601.000</ele>
      </trkpt>
      <trkpt lat="42.999200000" lon="-1.884290000">
        <ele>601.000</ele>
      </trkpt>
      <trkpt lat="42.999190000" lon="-1.884140000">
        <ele>601.000</ele>
      </trkpt>
      <trkpt lat="42.999170000" lon="-1.884000000">
        <ele>601.000</ele>
      </trkpt>
      <trkpt lat="42.999150000" lon="-1.883860000">
        <ele>602.000</ele>
      </trkpt>
      <trkpt lat="42.999150000" lon="-1.883790000">
        <ele>602.000</ele>
      </trkpt>
      <trkpt lat="42.999080000" lon="-1.883690000">
        <ele>602.000</ele>
      </trkpt>
      <trkpt lat="42.998990000" lon="-1.883570000">
        <ele>602.000</ele>
      </trkpt>
      <trkpt lat="42.998890000" lon="-1.883450000">
        <ele>602.000</ele>
      </trkpt>
      <trkpt lat="42.998820000" lon="-1.883350000">
        <ele>603.000</ele>
      </trkpt>
      <trkpt lat="42.998790000" lon="-1.883310000">
        <ele>603.000</ele>
      </trkpt>
      <trkpt lat="42.998740000" lon="-1.883240000">
        <ele>603.000</ele>
      </trkpt>
      <trkpt lat="42.998600000" lon="-1.883020000">
        <ele>603.000</ele>
      </trkpt>
      <trkpt lat="42.998570000" lon="-1.882980000">
        <ele>603.000</ele>
      </trkpt>
      <trkpt lat="42.998550000" lon="-1.882950000">
        <ele>603.000</ele>
      </trkpt>
      <trkpt lat="42.998420000" lon="-1.882700000">
        <ele>603.000</ele>
      </trkpt>
      <trkpt lat="42.998350000" lon="-1.882550000">
        <ele>604.000</ele>
      </trkpt>
      <trkpt lat="42.998280000" lon="-1.882400000">
        <ele>604.000</ele>
      </trkpt>
      <trkpt lat="42.998220000" lon="-1.882260000">
        <ele>604.000</ele>
      </trkpt>
      <trkpt lat="42.998180000" lon="-1.882150000">
        <ele>604.000</ele>
      </trkpt>
      <trkpt lat="42.998140000" lon="-1.882050000">
        <ele>604.000</ele>
      </trkpt>
      <trkpt lat="42.998060000" lon="-1.881810000">
        <ele>605.000</ele>
      </trkpt>
      <trkpt lat="42.997940000" lon="-1.881440000">
        <ele>605.000</ele>
      </trkpt>
      <trkpt lat="42.997820000" lon="-1.881090000">
        <ele>605.000</ele>
      </trkpt>
      <trkpt lat="42.997730000" lon="-1.880810000">
        <ele>605.000</ele>
      </trkpt>
      <trkpt lat="42.997640000" lon="-1.880540000">
        <ele>606.000</ele>
      </trkpt>
      <trkpt lat="42.997600000" lon="-1.880430000">
        <ele>606.000</ele>
      </trkpt>
      <trkpt lat="42.997590000" lon="-1.880390000">
        <ele>606.000</ele>
      </trkpt>
      <trkpt lat="42.997570000" lon="-1.880330000">
        <ele>606.000</ele>
      </trkpt>
      <trkpt lat="42.997520000" lon="-1.880180000">
        <ele>606.000</ele>
      </trkpt>
      <trkpt lat="42.997490000" lon="-1.880070000">
        <ele>606.000</ele>
      </trkpt>
      <trkpt lat="42.997460000" lon="-1.880000000">
        <ele>606.000</ele>
      </trkpt>
      <trkpt lat="42.997440000" lon="-1.879930000">
        <ele>606.000</ele>
      </trkpt>
      <trkpt lat="42.997370000" lon="-1.879700000">
        <ele>607.000</ele>
      </trkpt>
      <trkpt lat="42.997240000" lon="-1.879400000">
        <ele>607.000</ele>
      </trkpt>
      <trkpt lat="42.997060000" lon="-1.878970000">
        <ele>608.000</ele>
      </trkpt>
      <trkpt lat="42.997040000" lon="-1.878930000">
        <ele>608.000</ele>
      </trkpt>
      <trkpt lat="42.997030000" lon="-1.878900000">
        <ele>609.000</ele>
      </trkpt>
      <trkpt lat="42.996940000" lon="-1.878700000">
        <ele>609.000</ele>
      </trkpt>
      <trkpt lat="42.996840000" lon="-1.878490000">
        <ele>610.000</ele>
      </trkpt>
      <trkpt lat="42.996770000" lon="-1.878350000">
        <ele>610.000</ele>
      </trkpt>
      <trkpt lat="42.996700000" lon="-1.878230000">
        <ele>611.000</ele>
      </trkpt>
      <trkpt lat="42.996510000" lon="-1.877890000">
        <ele>611.000</ele>
      </trkpt>
      <trkpt lat="42.996480000" lon="-1.877840000">
        <ele>612.000</ele>
      </trkpt>
      <trkpt lat="42.996370000" lon="-1.877650000">
        <ele>612.000</ele>
      </trkpt>
      <trkpt lat="42.996250000" lon="-1.877470000">
        <ele>612.000</ele>
      </trkpt>
      <trkpt lat="42.996240000" lon="-1.877460000">
        <ele>612.000</ele>
      </trkpt>
      <trkpt lat="42.996240000" lon="-1.877460000">
        <ele>612.000</ele>
      </trkpt>
      <trkpt lat="42.996400000" lon="-1.877260000">
        <ele>612.000</ele>
      </trkpt>
      <trkpt lat="42.996420000" lon="-1.877230000">
        <ele>612.000</ele>
      </trkpt>
      <trkpt lat="42.996440000" lon="-1.877210000">
        <ele>612.000</ele>
      </trkpt>
      <trkpt lat="42.996490000" lon="-1.877150000">
        <ele>612.000</ele>
      </trkpt>
      <trkpt lat="42.996500000" lon="-1.877140000">
        <ele>612.000</ele>
      </trkpt>
      <trkpt lat="42.996510000" lon="-1.877130000">
        <ele>612.000</ele>
      </trkpt>
      <trkpt lat="42.996570000" lon="-1.877060000">
        <ele>612.000</ele>
      </trkpt>
      <trkpt lat="42.996760000" lon="-1.876810000">
        <ele>612.000</ele>
      </trkpt>
      <trkpt lat="42.996760000" lon="-1.876810000">
        <ele>612.000</ele>
      </trkpt>
      <trkpt lat="42.996710000" lon="-1.876790000">
        <ele>612.000</ele>
      </trkpt>
      <trkpt lat="42.996610000" lon="-1.876710000">
        <ele>611.000</ele>
      </trkpt>
      <trkpt lat="42.996550000" lon="-1.876670000">
        <ele>611.000</ele>
      </trkpt>
      <trkpt lat="42.996510000" lon="-1.876630000">
        <ele>611.000</ele>
      </trkpt>
      <trkpt lat="42.996460000" lon="-1.876610000">
        <ele>611.000</ele>
      </trkpt>
      <trkpt lat="42.996440000" lon="-1.876590000">
        <ele>611.000</ele>
      </trkpt>
      <trkpt lat="42.996420000" lon="-1.876580000">
        <ele>611.000</ele>
      </trkpt>
      <trkpt lat="42.996390000" lon="-1.876560000">
        <ele>611.000</ele>
      </trkpt>
      <trkpt lat="42.996390000" lon="-1.876550000">
        <ele>611.000</ele>
      </trkpt>
      <trkpt lat="42.996380000" lon="-1.876530000">
        <ele>611.000</ele>
      </trkpt>
      <trkpt lat="42.996370000" lon="-1.876510000">
        <ele>611.000</ele>
      </trkpt>
      <trkpt lat="42.996370000" lon="-1.876470000">
        <ele>611.000</ele>
      </trkpt>
      <trkpt lat="42.996370000" lon="-1.876440000">
        <ele>611.000</ele>
      </trkpt>
      <trkpt lat="42.996380000" lon="-1.876410000">
        <ele>611.000</ele>
      </trkpt>
      <trkpt lat="42.996420000" lon="-1.876230000">
        <ele>611.000</ele>
      </trkpt>
      <trkpt lat="42.996480000" lon="-1.875760000">
        <ele>611.000</ele>
      </trkpt>
      <trkpt lat="42.996480000" lon="-1.875670000">
        <ele>611.000</ele>
      </trkpt>
      <trkpt lat="42.996490000" lon="-1.875590000">
        <ele>611.000</ele>
      </trkpt>
      <trkpt lat="42.996490000" lon="-1.875520000">
        <ele>610.000</ele>
      </trkpt>
      <trkpt lat="42.996500000" lon="-1.875430000">
        <ele>610.000</ele>
      </trkpt>
      <trkpt lat="42.996500000" lon="-1.875270000">
        <ele>610.000</ele>
      </trkpt>
      <trkpt lat="42.996500000" lon="-1.875100000">
        <ele>610.000</ele>
      </trkpt>
      <trkpt lat="42.996510000" lon="-1.874870000">
        <ele>610.000</ele>
      </trkpt>
      <trkpt lat="42.996500000" lon="-1.874780000">
        <ele>610.000</ele>
      </trkpt>
      <trkpt lat="42.996490000" lon="-1.874410000">
        <ele>610.000</ele>
      </trkpt>
      <trkpt lat="42.996470000" lon="-1.874290000">
        <ele>610.000</ele>
      </trkpt>
      <trkpt lat="42.996420000" lon="-1.873960000">
        <ele>610.000</ele>
      </trkpt>
      <trkpt lat="42.996390000" lon="-1.873810000">
        <ele>609.000</ele>
      </trkpt>
      <trkpt lat="42.996320000" lon="-1.873510000">
        <ele>609.000</ele>
      </trkpt>
      <trkpt lat="42.996200000" lon="-1.873060000">
        <ele>609.000</ele>
      </trkpt>
      <trkpt lat="42.996150000" lon="-1.872880000">
        <ele>609.000</ele>
      </trkpt>
      <trkpt lat="42.996080000" lon="-1.872660000">
        <ele>609.000</ele>
      </trkpt>
      <trkpt lat="42.996010000" lon="-1.872430000">
        <ele>609.000</ele>
      </trkpt>
      <trkpt lat="42.995940000" lon="-1.872200000">
        <ele>609.000</ele>
      </trkpt>
      <trkpt lat="42.995870000" lon="-1.871980000">
        <ele>609.000</ele>
      </trkpt>
      <trkpt lat="42.995770000" lon="-1.871640000">
        <ele>609.000</ele>
      </trkpt>
      <trkpt lat="42.995600000" lon="-1.871070000">
        <ele>609.000</ele>
      </trkpt>
      <trkpt lat="42.995460000" lon="-1.870620000">
        <ele>609.000</ele>
      </trkpt>
      <trkpt lat="42.995390000" lon="-1.870390000">
        <ele>609.000</ele>
      </trkpt>
      <trkpt lat="42.995320000" lon="-1.870160000">
        <ele>609.000</ele>
      </trkpt>
      <trkpt lat="42.995260000" lon="-1.869980000">
        <ele>609.000</ele>
      </trkpt>
      <trkpt lat="42.995250000" lon="-1.869940000">
        <ele>609.000</ele>
      </trkpt>
      <trkpt lat="42.995010000" lon="-1.869280000">
        <ele>609.000</ele>
      </trkpt>
      <trkpt lat="42.995000000" lon="-1.869280000">
        <ele>609.000</ele>
      </trkpt>
      <trkpt lat="42.994850000" lon="-1.869390000">
        <ele>609.000</ele>
      </trkpt>
      <trkpt lat="42.994820000" lon="-1.869410000">
        <ele>609.000</ele>
      </trkpt>
      <trkpt lat="42.994810000" lon="-1.869420000">
        <ele>609.000</ele>
      </trkpt>
      <trkpt lat="42.994660000" lon="-1.869510000">
        <ele>609.000</ele>
      </trkpt>
      <trkpt lat="42.994620000" lon="-1.869530000">
        <ele>609.000</ele>
      </trkpt>
      <trkpt lat="42.994210000" lon="-1.869760000">
        <ele>609.000</ele>
      </trkpt>
      <trkpt lat="42.994200000" lon="-1.869770000">
        <ele>609.000</ele>
      </trkpt>
      <trkpt lat="42.994010000" lon="-1.869870000">
        <ele>608.000</ele>
      </trkpt>
      <trkpt lat="42.994010000" lon="-1.869870000">
        <ele>608.000</ele>
      </trkpt>
      <trkpt lat="42.993990000" lon="-1.869890000">
        <ele>608.000</ele>
      </trkpt>
      <trkpt lat="42.993910000" lon="-1.869950000">
        <ele>608.000</ele>
      </trkpt>
      <trkpt lat="42.993840000" lon="-1.870020000">
        <ele>608.000</ele>
      </trkpt>
      <trkpt lat="42.993820000" lon="-1.870030000">
        <ele>608.000</ele>
      </trkpt>
      <trkpt lat="42.993790000" lon="-1.870080000">
        <ele>608.000</ele>
      </trkpt>
      <trkpt lat="42.993770000" lon="-1.870110000">
        <ele>608.000</ele>
      </trkpt>
      <trkpt lat="42.993760000" lon="-1.870130000">
        <ele>608.000</ele>
      </trkpt>
      <trkpt lat="42.993730000" lon="-1.870260000">
        <ele>608.000</ele>
      </trkpt>
      <trkpt lat="42.993700000" lon="-1.870370000">
        <ele>608.000</ele>
      </trkpt>
      <trkpt lat="42.993690000" lon="-1.870480000">
        <ele>608.000</ele>
      </trkpt>
      <trkpt lat="42.993670000" lon="-1.870690000">
        <ele>607.000</ele>
      </trkpt>
      <trkpt lat="42.993650000" lon="-1.870960000">
        <ele>607.000</ele>
      </trkpt>
      <trkpt lat="42.993610000" lon="-1.871250000">
        <ele>607.000</ele>
      </trkpt>
      <trkpt lat="42.993570000" lon="-1.871330000">
        <ele>607.000</ele>
      </trkpt>
      <trkpt lat="42.993540000" lon="-1.871390000">
        <ele>607.000</ele>
      </trkpt>
      <trkpt lat="42.993490000" lon="-1.871440000">
        <ele>607.000</ele>
      </trkpt>
      <trkpt lat="42.993450000" lon="-1.871460000">
        <ele>606.000</ele>
      </trkpt>
      <trkpt lat="42.993440000" lon="-1.871480000">
        <ele>606.000</ele>
      </trkpt>
      <trkpt lat="42.993370000" lon="-1.871490000">
        <ele>606.000</ele>
      </trkpt>
      <trkpt lat="42.993340000" lon="-1.871500000">
        <ele>606.000</ele>
      </trkpt>
      <trkpt lat="42.993280000" lon="-1.871510000">
        <ele>606.000</ele>
      </trkpt>
      <trkpt lat="42.992950000" lon="-1.871550000">
        <ele>606.000</ele>
      </trkpt>
      <trkpt lat="42.992840000" lon="-1.871560000">
        <ele>606.000</ele>
      </trkpt>
      <trkpt lat="42.992740000" lon="-1.871570000">
        <ele>605.000</ele>
      </trkpt>
      <trkpt lat="42.992660000" lon="-1.871580000">
        <ele>605.000</ele>
      </trkpt>
      <trkpt lat="42.992420000" lon="-1.871600000">
        <ele>604.000</ele>
      </trkpt>
      <trkpt lat="42.992380000" lon="-1.871610000">
        <ele>604.000</ele>
      </trkpt>
      <trkpt lat="42.992300000" lon="-1.871610000">
        <ele>604.000</ele>
      </trkpt>
      <trkpt lat="42.992270000" lon="-1.871620000">
        <ele>603.000</ele>
      </trkpt>
      <trkpt lat="42.992200000" lon="-1.871610000">
        <ele>603.000</ele>
      </trkpt>
      <trkpt lat="42.992150000" lon="-1.871570000">
        <ele>603.000</ele>
      </trkpt>
      <trkpt lat="42.992130000" lon="-1.871550000">
        <ele>602.000</ele>
      </trkpt>
      <trkpt lat="42.992060000" lon="-1.871470000">
        <ele>602.000</ele>
      </trkpt>
      <trkpt lat="42.991940000" lon="-1.871330000">
        <ele>602.000</ele>
      </trkpt>
      <trkpt lat="42.991780000" lon="-1.871150000">
        <ele>601.000</ele>
      </trkpt>
      <trkpt lat="42.991570000" lon="-1.870930000">
        <ele>600.000</ele>
      </trkpt>
      <trkpt lat="42.991490000" lon="-1.870840000">
        <ele>600.000</ele>
      </trkpt>
      <trkpt lat="42.991430000" lon="-1.870780000">
        <ele>599.000</ele>
      </trkpt>
      <trkpt lat="42.991290000" lon="-1.870630000">
        <ele>599.000</ele>
      </trkpt>
      <trkpt lat="42.991210000" lon="-1.870540000">
        <ele>598.000</ele>
      </trkpt>
      <trkpt lat="42.991140000" lon="-1.870490000">
        <ele>598.000</ele>
      </trkpt>
      <trkpt lat="42.991130000" lon="-1.870490000">
        <ele>598.000</ele>
      </trkpt>
      <trkpt lat="42.991110000" lon="-1.870480000">
        <ele>597.000</ele>
      </trkpt>
      <trkpt lat="42.991080000" lon="-1.870480000">
        <ele>597.000</ele>
      </trkpt>
      <trkpt lat="42.991040000" lon="-1.870490000">
        <ele>597.000</ele>
      </trkpt>
      <trkpt lat="42.991020000" lon="-1.870500000">
        <ele>597.000</ele>
      </trkpt>
      <trkpt lat="42.990980000" lon="-1.870510000">
        <ele>597.000</ele>
      </trkpt>
      <trkpt lat="42.990970000" lon="-1.870530000">
        <ele>597.000</ele>
      </trkpt>
      <trkpt lat="42.990960000" lon="-1.870530000">
        <ele>597.000</ele>
      </trkpt>
      <trkpt lat="42.990920000" lon="-1.870610000">
        <ele>597.000</ele>
      </trkpt>
      <trkpt lat="42.990910000" lon="-1.870620000">
        <ele>597.000</ele>
      </trkpt>
      <trkpt lat="42.990870000" lon="-1.870720000">
        <ele>597.000</ele>
      </trkpt>
      <trkpt lat="42.990870000" lon="-1.870730000">
        <ele>597.000</ele>
      </trkpt>
      <trkpt lat="42.990860000" lon="-1.870750000">
        <ele>597.000</ele>
      </trkpt>
      <trkpt lat="42.990790000" lon="-1.870950000">
        <ele>597.000</ele>
      </trkpt>
      <trkpt lat="42.990520000" lon="-1.870770000">
        <ele>596.000</ele>
      </trkpt>
      <trkpt lat="42.990400000" lon="-1.870660000">
        <ele>596.000</ele>
      </trkpt>
      <trkpt lat="42.990290000" lon="-1.870560000">
        <ele>596.000</ele>
      </trkpt>
      <trkpt lat="42.990250000" lon="-1.870530000">
        <ele>596.000</ele>
      </trkpt>
      <trkpt lat="42.990100000" lon="-1.870400000">
        <ele>595.000</ele>
      </trkpt>
      <trkpt lat="42.989960000" lon="-1.870280000">
        <ele>595.000</ele>
      </trkpt>
      <trkpt lat="42.989950000" lon="-1.870260000">
        <ele>595.000</ele>
      </trkpt>
      <trkpt lat="42.989840000" lon="-1.870160000">
        <ele>595.000</ele>
      </trkpt>
      <trkpt lat="42.989770000" lon="-1.870080000">
        <ele>595.000</ele>
      </trkpt>
      <trkpt lat="42.989550000" lon="-1.869830000">
        <ele>595.000</ele>
      </trkpt>
      <trkpt lat="42.989400000" lon="-1.869640000">
        <ele>594.000</ele>
      </trkpt>
      <trkpt lat="42.989300000" lon="-1.869510000">
        <ele>594.000</ele>
      </trkpt>
      <trkpt lat="42.989050000" lon="-1.869130000">
        <ele>594.000</ele>
      </trkpt>
      <trkpt lat="42.988830000" lon="-1.868740000">
        <ele>594.000</ele>
      </trkpt>
      <trkpt lat="42.988480000" lon="-1.868010000">
        <ele>593.000</ele>
      </trkpt>
      <trkpt lat="42.987930000" lon="-1.866850000">
        <ele>593.000</ele>
      </trkpt>
      <trkpt lat="42.987800000" lon="-1.866590000">
        <ele>593.000</ele>
      </trkpt>
      <trkpt lat="42.987720000" lon="-1.866420000">
        <ele>593.000</ele>
      </trkpt>
      <trkpt lat="42.987540000" lon="-1.866030000">
        <ele>593.000</ele>
      </trkpt>
      <trkpt lat="42.987210000" lon="-1.865340000">
        <ele>593.000</ele>
      </trkpt>
      <trkpt lat="42.986910000" lon="-1.864720000">
        <ele>593.000</ele>
      </trkpt>
      <trkpt lat="42.986630000" lon="-1.864200000">
        <ele>593.000</ele>
      </trkpt>
      <trkpt lat="42.986520000" lon="-1.864000000">
        <ele>593.000</ele>
      </trkpt>
      <trkpt lat="42.986330000" lon="-1.863650000">
        <ele>593.000</ele>
      </trkpt>
      <trkpt lat="42.986070000" lon="-1.863240000">
        <ele>593.000</ele>
      </trkpt>
      <trkpt lat="42.985950000" lon="-1.863050000">
        <ele>594.000</ele>
      </trkpt>
      <trkpt lat="42.985760000" lon="-1.862750000">
        <ele>594.000</ele>
      </trkpt>
      <trkpt lat="42.985710000" lon="-1.862680000">
        <ele>594.000</ele>
      </trkpt>
      <trkpt lat="42.985590000" lon="-1.862500000">
        <ele>594.000</ele>
      </trkpt>
      <trkpt lat="42.985230000" lon="-1.861960000">
        <ele>595.000</ele>
      </trkpt>
      <trkpt lat="42.984980000" lon="-1.861600000">
        <ele>595.000</ele>
      </trkpt>
      <trkpt lat="42.984850000" lon="-1.861410000">
        <ele>596.000</ele>
      </trkpt>
      <trkpt lat="42.984620000" lon="-1.861060000">
        <ele>595.000</ele>
      </trkpt>
      <trkpt lat="42.984490000" lon="-1.860880000">
        <ele>595.000</ele>
      </trkpt>
      <trkpt lat="42.984440000" lon="-1.860800000">
        <ele>595.000</ele>
      </trkpt>
      <trkpt lat="42.984370000" lon="-1.860700000">
        <ele>595.000</ele>
      </trkpt>
      <trkpt lat="42.984250000" lon="-1.860510000">
        <ele>594.000</ele>
      </trkpt>
      <trkpt lat="42.984130000" lon="-1.860330000">
        <ele>594.000</ele>
      </trkpt>
      <trkpt lat="42.984030000" lon="-1.860170000">
        <ele>593.000</ele>
      </trkpt>
      <trkpt lat="42.983890000" lon="-1.859970000">
        <ele>592.000</ele>
      </trkpt>
      <trkpt lat="42.983770000" lon="-1.859780000">
        <ele>592.000</ele>
      </trkpt>
      <trkpt lat="42.983740000" lon="-1.859730000">
        <ele>591.000</ele>
      </trkpt>
      <trkpt lat="42.983420000" lon="-1.859250000">
        <ele>590.000</ele>
      </trkpt>
      <trkpt lat="42.983410000" lon="-1.859240000">
        <ele>590.000</ele>
      </trkpt>
      <trkpt lat="42.983260000" lon="-1.859100000">
        <ele>589.000</ele>
      </trkpt>
      <trkpt lat="42.983260000" lon="-1.859090000">
        <ele>589.000</ele>
      </trkpt>
      <trkpt lat="42.983100000" lon="-1.859030000">
        <ele>588.000</ele>
      </trkpt>
      <trkpt lat="42.983090000" lon="-1.859040000">
        <ele>588.000</ele>
      </trkpt>
      <trkpt lat="42.982960000" lon="-1.859050000">
        <ele>587.000</ele>
      </trkpt>
      <trkpt lat="42.982910000" lon="-1.859070000">
        <ele>587.000</ele>
      </trkpt>
      <trkpt lat="42.982830000" lon="-1.859110000">
        <ele>587.000</ele>
      </trkpt>
      <trkpt lat="42.982750000" lon="-1.859180000">
        <ele>586.000</ele>
      </trkpt>
      <trkpt lat="42.982680000" lon="-1.859250000">
        <ele>586.000</ele>
      </trkpt>
      <trkpt lat="42.982530000" lon="-1.859560000">
        <ele>585.000</ele>
      </trkpt>
      <trkpt lat="42.982440000" lon="-1.859770000">
        <ele>585.000</ele>
      </trkpt>
      <trkpt lat="42.982370000" lon="-1.859930000">
        <ele>584.000</ele>
      </trkpt>
      <trkpt lat="42.982330000" lon="-1.859970000">
        <ele>584.000</ele>
      </trkpt>
      <trkpt lat="42.982220000" lon="-1.860100000">
        <ele>583.000</ele>
      </trkpt>
      <trkpt lat="42.982190000" lon="-1.860110000">
        <ele>583.000</ele>
      </trkpt>
      <trkpt lat="42.982080000" lon="-1.860140000">
        <ele>583.000</ele>
      </trkpt>
      <trkpt lat="42.982010000" lon="-1.860130000">
        <ele>582.000</ele>
      </trkpt>
      <trkpt lat="42.981950000" lon="-1.860120000">
        <ele>582.000</ele>
      </trkpt>
      <trkpt lat="42.981840000" lon="-1.860050000">
        <ele>581.000</ele>
      </trkpt>
      <trkpt lat="42.981740000" lon="-1.859920000">
        <ele>580.000</ele>
      </trkpt>
      <trkpt lat="42.981720000" lon="-1.859880000">
        <ele>580.000</ele>
      </trkpt>
      <trkpt lat="42.981610000" lon="-1.859680000">
        <ele>579.000</ele>
      </trkpt>
      <trkpt lat="42.981190000" lon="-1.858890000">
        <ele>576.000</ele>
      </trkpt>
      <trkpt lat="42.981180000" lon="-1.858870000">
        <ele>574.000</ele>
      </trkpt>
      <trkpt lat="42.980970000" lon="-1.858500000">
        <ele>571.000</ele>
      </trkpt>
      <trkpt lat="42.980850000" lon="-1.858300000">
        <ele>569.000</ele>
      </trkpt>
      <trkpt lat="42.980600000" lon="-1.858070000">
        <ele>566.000</ele>
      </trkpt>
      <trkpt lat="42.979650000" lon="-1.857290000">
        <ele>561.000</ele>
      </trkpt>
      <trkpt lat="42.979260000" lon="-1.856960000">
        <ele>556.000</ele>
      </trkpt>
      <trkpt lat="42.979200000" lon="-1.856890000">
        <ele>552.000</ele>
      </trkpt>
      <trkpt lat="42.979030000" lon="-1.856740000">
        <ele>549.000</ele>
      </trkpt>
      <trkpt lat="42.979000000" lon="-1.856710000">
        <ele>547.000</ele>
      </trkpt>
      <trkpt lat="42.978820000" lon="-1.856470000">
        <ele>545.000</ele>
      </trkpt>
      <trkpt lat="42.978770000" lon="-1.856390000">
        <ele>544.000</ele>
      </trkpt>
      <trkpt lat="42.978660000" lon="-1.856200000">
        <ele>542.000</ele>
      </trkpt>
      <trkpt lat="42.978520000" lon="-1.856080000">
        <ele>541.000</ele>
      </trkpt>
      <trkpt lat="42.978510000" lon="-1.856070000">
        <ele>540.000</ele>
      </trkpt>
      <trkpt lat="42.978340000" lon="-1.855980000">
        <ele>539.000</ele>
      </trkpt>
      <trkpt lat="42.978170000" lon="-1.855900000">
        <ele>538.000</ele>
      </trkpt>
      <trkpt lat="42.978000000" lon="-1.855810000">
        <ele>536.000</ele>
      </trkpt>
      <trkpt lat="42.977680000" lon="-1.855640000">
        <ele>535.000</ele>
      </trkpt>
      <trkpt lat="42.977670000" lon="-1.855630000">
        <ele>534.000</ele>
      </trkpt>
      <trkpt lat="42.977510000" lon="-1.855510000">
        <ele>533.000</ele>
      </trkpt>
      <trkpt lat="42.977390000" lon="-1.855430000">
        <ele>531.000</ele>
      </trkpt>
      <trkpt lat="42.977360000" lon="-1.855380000">
        <ele>531.000</ele>
      </trkpt>
      <trkpt lat="42.977250000" lon="-1.855230000">
        <ele>530.000</ele>
      </trkpt>
      <trkpt lat="42.977230000" lon="-1.855200000">
        <ele>529.000</ele>
      </trkpt>
      <trkpt lat="42.976990000" lon="-1.854810000">
        <ele>528.000</ele>
      </trkpt>
      <trkpt lat="42.976930000" lon="-1.854600000">
        <ele>527.000</ele>
      </trkpt>
      <trkpt lat="42.976880000" lon="-1.854420000">
        <ele>526.000</ele>
      </trkpt>
      <trkpt lat="42.976830000" lon="-1.854230000">
        <ele>525.000</ele>
      </trkpt>
      <trkpt lat="42.976830000" lon="-1.854180000">
        <ele>524.000</ele>
      </trkpt>
      <trkpt lat="42.976750000" lon="-1.853760000">
        <ele>523.000</ele>
      </trkpt>
      <trkpt lat="42.976690000" lon="-1.853420000">
        <ele>521.000</ele>
      </trkpt>
      <trkpt lat="42.976640000" lon="-1.853130000">
        <ele>520.000</ele>
      </trkpt>
      <trkpt lat="42.976560000" lon="-1.852700000">
        <ele>519.000</ele>
      </trkpt>
      <trkpt lat="42.976520000" lon="-1.852460000">
        <ele>518.000</ele>
      </trkpt>
      <trkpt lat="42.976480000" lon="-1.852230000">
        <ele>517.000</ele>
      </trkpt>
      <trkpt lat="42.976470000" lon="-1.852200000">
        <ele>516.000</ele>
      </trkpt>
      <trkpt lat="42.976420000" lon="-1.851990000">
        <ele>516.000</ele>
      </trkpt>
      <trkpt lat="42.976410000" lon="-1.851950000">
        <ele>515.000</ele>
      </trkpt>
      <trkpt lat="42.976350000" lon="-1.851770000">
        <ele>515.000</ele>
      </trkpt>
      <trkpt lat="42.976310000" lon="-1.851650000">
        <ele>514.000</ele>
      </trkpt>
      <trkpt lat="42.976270000" lon="-1.851550000">
        <ele>514.000</ele>
      </trkpt>
      <trkpt lat="42.976200000" lon="-1.851370000">
        <ele>514.000</ele>
      </trkpt>
      <trkpt lat="42.976190000" lon="-1.851330000">
        <ele>513.000</ele>
      </trkpt>
      <trkpt lat="42.976160000" lon="-1.851260000">
        <ele>513.000</ele>
      </trkpt>
      <trkpt lat="42.976100000" lon="-1.851120000">
        <ele>513.000</ele>
      </trkpt>
      <trkpt lat="42.976050000" lon="-1.851020000">
        <ele>512.000</ele>
      </trkpt>
      <trkpt lat="42.975990000" lon="-1.850920000">
        <ele>512.000</ele>
      </trkpt>
      <trkpt lat="42.975890000" lon="-1.850760000">
        <ele>512.000</ele>
      </trkpt>
      <trkpt lat="42.975630000" lon="-1.850400000">
        <ele>512.000</ele>
      </trkpt>
      <trkpt lat="42.975620000" lon="-1.850380000">
        <ele>512.000</ele>
      </trkpt>
      <trkpt lat="42.975520000" lon="-1.850180000">
        <ele>512.000</ele>
      </trkpt>
      <trkpt lat="42.975510000" lon="-1.850150000">
        <ele>512.000</ele>
      </trkpt>
      <trkpt lat="42.975430000" lon="-1.849970000">
        <ele>512.000</ele>
      </trkpt>
      <trkpt lat="42.975340000" lon="-1.849760000">
        <ele>512.000</ele>
      </trkpt>
      <trkpt lat="42.975150000" lon="-1.849340000">
        <ele>512.000</ele>
      </trkpt>
      <trkpt lat="42.975140000" lon="-1.849330000">
        <ele>512.000</ele>
      </trkpt>
      <trkpt lat="42.975050000" lon="-1.849130000">
        <ele>512.000</ele>
      </trkpt>
      <trkpt lat="42.974960000" lon="-1.848920000">
        <ele>512.000</ele>
      </trkpt>
      <trkpt lat="42.974840000" lon="-1.848650000">
        <ele>512.000</ele>
      </trkpt>
      <trkpt lat="42.974770000" lon="-1.848500000">
        <ele>512.000</ele>
      </trkpt>
      <trkpt lat="42.974770000" lon="-1.848500000">
        <ele>512.000</ele>
      </trkpt>
      <trkpt lat="42.974680000" lon="-1.848290000">
        <ele>512.000</ele>
      </trkpt>
      <trkpt lat="42.974590000" lon="-1.848080000">
        <ele>512.000</ele>
      </trkpt>
      <trkpt lat="42.974410000" lon="-1.847670000">
        <ele>512.000</ele>
      </trkpt>
      <trkpt lat="42.974290000" lon="-1.847390000">
        <ele>512.000</ele>
      </trkpt>
      <trkpt lat="42.974220000" lon="-1.847230000">
        <ele>512.000</ele>
      </trkpt>
      <trkpt lat="42.974210000" lon="-1.847200000">
        <ele>512.000</ele>
      </trkpt>
      <trkpt lat="42.974120000" lon="-1.847040000">
        <ele>512.000</ele>
      </trkpt>
      <trkpt lat="42.974000000" lon="-1.846890000">
        <ele>512.000</ele>
      </trkpt>
      <trkpt lat="42.973980000" lon="-1.846870000">
        <ele>512.000</ele>
      </trkpt>
      <trkpt lat="42.973840000" lon="-1.846720000">
        <ele>511.000</ele>
      </trkpt>
      <trkpt lat="42.973830000" lon="-1.846720000">
        <ele>511.000</ele>
      </trkpt>
      <trkpt lat="42.973400000" lon="-1.846280000">
        <ele>510.000</ele>
      </trkpt>
      <trkpt lat="42.973380000" lon="-1.846250000">
        <ele>509.000</ele>
      </trkpt>
      <trkpt lat="42.973240000" lon="-1.846130000">
        <ele>508.000</ele>
      </trkpt>
      <trkpt lat="42.973090000" lon="-1.846040000">
        <ele>507.000</ele>
      </trkpt>
      <trkpt lat="42.973080000" lon="-1.846030000">
        <ele>507.000</ele>
      </trkpt>
      <trkpt lat="42.972730000" lon="-1.845900000">
        <ele>506.000</ele>
      </trkpt>
      <trkpt lat="42.972570000" lon="-1.845840000">
        <ele>505.000</ele>
      </trkpt>
      <trkpt lat="42.972230000" lon="-1.845700000">
        <ele>503.000</ele>
      </trkpt>
      <trkpt lat="42.972060000" lon="-1.845630000">
        <ele>502.000</ele>
      </trkpt>
      <trkpt lat="42.971880000" lon="-1.845560000">
        <ele>502.000</ele>
      </trkpt>
      <trkpt lat="42.971360000" lon="-1.845340000">
        <ele>501.000</ele>
      </trkpt>
      <trkpt lat="42.971190000" lon="-1.845200000">
        <ele>501.000</ele>
      </trkpt>
      <trkpt lat="42.971110000" lon="-1.845080000">
        <ele>500.000</ele>
      </trkpt>
      <trkpt lat="42.971090000" lon="-1.845040000">
        <ele>500.000</ele>
      </trkpt>
      <trkpt lat="42.971010000" lon="-1.844860000">
        <ele>500.000</ele>
      </trkpt>
      <trkpt lat="42.970960000" lon="-1.844600000">
        <ele>500.000</ele>
      </trkpt>
      <trkpt lat="42.970910000" lon="-1.844450000">
        <ele>500.000</ele>
      </trkpt>
      <trkpt lat="42.970850000" lon="-1.844350000">
        <ele>500.000</ele>
      </trkpt>
      <trkpt lat="42.970700000" lon="-1.844140000">
        <ele>500.000</ele>
      </trkpt>
      <trkpt lat="42.970610000" lon="-1.844030000">
        <ele>499.000</ele>
      </trkpt>
      <trkpt lat="42.970410000" lon="-1.843780000">
        <ele>499.000</ele>
      </trkpt>
      <trkpt lat="42.970220000" lon="-1.843540000">
        <ele>499.000</ele>
      </trkpt>
      <trkpt lat="42.970080000" lon="-1.843370000">
        <ele>499.000</ele>
      </trkpt>
      <trkpt lat="42.969980000" lon="-1.843240000">
        <ele>498.000</ele>
      </trkpt>
      <trkpt lat="42.969950000" lon="-1.843200000">
        <ele>498.000</ele>
      </trkpt>
      <trkpt lat="42.969820000" lon="-1.843040000">
        <ele>498.000</ele>
      </trkpt>
      <trkpt lat="42.969690000" lon="-1.842880000">
        <ele>498.000</ele>
      </trkpt>
      <trkpt lat="42.969160000" lon="-1.842190000">
        <ele>497.000</ele>
      </trkpt>
      <trkpt lat="42.969080000" lon="-1.842080000">
        <ele>497.000</ele>
      </trkpt>
      <trkpt lat="42.968600000" lon="-1.841440000">
        <ele>497.000</ele>
      </trkpt>
      <trkpt lat="42.968170000" lon="-1.840880000">
        <ele>496.000</ele>
      </trkpt>
      <trkpt lat="42.968000000" lon="-1.840660000">
        <ele>496.000</ele>
      </trkpt>
      <trkpt lat="42.967470000" lon="-1.840000000">
        <ele>495.000</ele>
      </trkpt>
      <trkpt lat="42.967350000" lon="-1.839850000">
        <ele>495.000</ele>
      </trkpt>
      <trkpt lat="42.966940000" lon="-1.839320000">
        <ele>495.000</ele>
      </trkpt>
      <trkpt lat="42.966750000" lon="-1.839080000">
        <ele>495.000</ele>
      </trkpt>
      <trkpt lat="42.966680000" lon="-1.838990000">
        <ele>494.000</ele>
      </trkpt>
      <trkpt lat="42.966190000" lon="-1.838360000">
        <ele>494.000</ele>
      </trkpt>
      <trkpt lat="42.965930000" lon="-1.838020000">
        <ele>494.000</ele>
      </trkpt>
      <trkpt lat="42.965790000" lon="-1.837770000">
        <ele>494.000</ele>
      </trkpt>
      <trkpt lat="42.965680000" lon="-1.837580000">
        <ele>494.000</ele>
      </trkpt>
      <trkpt lat="42.965670000" lon="-1.837560000">
        <ele>494.000</ele>
      </trkpt>
      <trkpt lat="42.965570000" lon="-1.837380000">
        <ele>494.000</ele>
      </trkpt>
      <trkpt lat="42.965470000" lon="-1.837190000">
        <ele>494.000</ele>
      </trkpt>
      <trkpt lat="42.965450000" lon="-1.837150000">
        <ele>494.000</ele>
      </trkpt>
      <trkpt lat="42.965230000" lon="-1.836740000">
        <ele>494.000</ele>
      </trkpt>
      <trkpt lat="42.965150000" lon="-1.836580000">
        <ele>494.000</ele>
      </trkpt>
      <trkpt lat="42.965130000" lon="-1.836520000">
        <ele>494.000</ele>
      </trkpt>
      <trkpt lat="42.965110000" lon="-1.836430000">
        <ele>494.000</ele>
      </trkpt>
      <trkpt lat="42.965110000" lon="-1.836360000">
        <ele>494.000</ele>
      </trkpt>
      <trkpt lat="42.965110000" lon="-1.836350000">
        <ele>494.000</ele>
      </trkpt>
      <trkpt lat="42.965110000" lon="-1.836300000">
        <ele>494.000</ele>
      </trkpt>
      <trkpt lat="42.965130000" lon="-1.836230000">
        <ele>494.000</ele>
      </trkpt>
      <trkpt lat="42.965140000" lon="-1.836190000">
        <ele>494.000</ele>
      </trkpt>
      <trkpt lat="42.965150000" lon="-1.836150000">
        <ele>494.000</ele>
      </trkpt>
      <trkpt lat="42.965160000" lon="-1.836120000">
        <ele>494.000</ele>
      </trkpt>
      <trkpt lat="42.965190000" lon="-1.836030000">
        <ele>494.000</ele>
      </trkpt>
      <trkpt lat="42.965200000" lon="-1.835990000">
        <ele>494.000</ele>
      </trkpt>
      <trkpt lat="42.965210000" lon="-1.835930000">
        <ele>494.000</ele>
      </trkpt>
      <trkpt lat="42.965230000" lon="-1.835890000">
        <ele>494.000</ele>
      </trkpt>
      <trkpt lat="42.965250000" lon="-1.835810000">
        <ele>494.000</ele>
      </trkpt>
      <trkpt lat="42.965250000" lon="-1.835740000">
        <ele>494.000</ele>
      </trkpt>
      <trkpt lat="42.965240000" lon="-1.835680000">
        <ele>494.000</ele>
      </trkpt>
      <trkpt lat="42.965240000" lon="-1.835650000">
        <ele>494.000</ele>
      </trkpt>
      <trkpt lat="42.965230000" lon="-1.835620000">
        <ele>494.000</ele>
      </trkpt>
      <trkpt lat="42.965210000" lon="-1.835570000">
        <ele>494.000</ele>
      </trkpt>
      <trkpt lat="42.965190000" lon="-1.835540000">
        <ele>494.000</ele>
      </trkpt>
      <trkpt lat="42.965120000" lon="-1.835420000">
        <ele>494.000</ele>
      </trkpt>
      <trkpt lat="42.964970000" lon="-1.835150000">
        <ele>494.000</ele>
      </trkpt>
      <trkpt lat="42.964860000" lon="-1.834960000">
        <ele>494.000</ele>
      </trkpt>
      <trkpt lat="42.964750000" lon="-1.834760000">
        <ele>494.000</ele>
      </trkpt>
      <trkpt lat="42.964700000" lon="-1.834660000">
        <ele>494.000</ele>
      </trkpt>
      <trkpt lat="42.964590000" lon="-1.834460000">
        <ele>494.000</ele>
      </trkpt>
      <trkpt lat="42.964540000" lon="-1.834360000">
        <ele>494.000</ele>
      </trkpt>
      <trkpt lat="42.964430000" lon="-1.834170000">
        <ele>494.000</ele>
      </trkpt>
      <trkpt lat="42.964290000" lon="-1.833900000">
        <ele>494.000</ele>
      </trkpt>
      <trkpt lat="42.964270000" lon="-1.833870000">
        <ele>494.000</ele>
      </trkpt>
      <trkpt lat="42.964210000" lon="-1.833780000">
        <ele>494.000</ele>
      </trkpt>
      <trkpt lat="42.964040000" lon="-1.833500000">
        <ele>494.000</ele>
      </trkpt>
      <trkpt lat="42.963980000" lon="-1.833410000">
        <ele>494.000</ele>
      </trkpt>
      <trkpt lat="42.963890000" lon="-1.833270000">
        <ele>494.000</ele>
      </trkpt>
      <trkpt lat="42.963740000" lon="-1.833040000">
        <ele>494.000</ele>
      </trkpt>
      <trkpt lat="42.963320000" lon="-1.832420000">
        <ele>493.000</ele>
      </trkpt>
      <trkpt lat="42.963250000" lon="-1.832310000">
        <ele>493.000</ele>
      </trkpt>
      <trkpt lat="42.963200000" lon="-1.832220000">
        <ele>493.000</ele>
      </trkpt>
      <trkpt lat="42.963140000" lon="-1.832130000">
        <ele>492.000</ele>
      </trkpt>
      <trkpt lat="42.963020000" lon="-1.831940000">
        <ele>492.000</ele>
      </trkpt>
      <trkpt lat="42.962910000" lon="-1.831750000">
        <ele>492.000</ele>
      </trkpt>
      <trkpt lat="42.962800000" lon="-1.831570000">
        <ele>491.000</ele>
      </trkpt>
      <trkpt lat="42.962790000" lon="-1.831560000">
        <ele>491.000</ele>
      </trkpt>
      <trkpt lat="42.962440000" lon="-1.830980000">
        <ele>490.000</ele>
      </trkpt>
      <trkpt lat="42.962360000" lon="-1.830850000">
        <ele>489.000</ele>
      </trkpt>
      <trkpt lat="42.962330000" lon="-1.830800000">
        <ele>489.000</ele>
      </trkpt>
      <trkpt lat="42.962320000" lon="-1.830790000">
        <ele>488.000</ele>
      </trkpt>
      <trkpt lat="42.962190000" lon="-1.830590000">
        <ele>488.000</ele>
      </trkpt>
      <trkpt lat="42.962080000" lon="-1.830420000">
        <ele>487.000</ele>
      </trkpt>
      <trkpt lat="42.962080000" lon="-1.830400000">
        <ele>487.000</ele>
      </trkpt>
      <trkpt lat="42.961960000" lon="-1.830160000">
        <ele>487.000</ele>
      </trkpt>
      <trkpt lat="42.961910000" lon="-1.830050000">
        <ele>486.000</ele>
      </trkpt>
      <trkpt lat="42.961830000" lon="-1.829780000">
        <ele>486.000</ele>
      </trkpt>
      <trkpt lat="42.961790000" lon="-1.829630000">
        <ele>485.000</ele>
      </trkpt>
      <trkpt lat="42.961770000" lon="-1.829510000">
        <ele>485.000</ele>
      </trkpt>
      <trkpt lat="42.961770000" lon="-1.829500000">
        <ele>485.000</ele>
      </trkpt>
      <trkpt lat="42.961720000" lon="-1.829300000">
        <ele>485.000</ele>
      </trkpt>
      <trkpt lat="42.961650000" lon="-1.828850000">
        <ele>485.000</ele>
      </trkpt>
      <trkpt lat="42.961620000" lon="-1.828700000">
        <ele>486.000</ele>
      </trkpt>
      <trkpt lat="42.961570000" lon="-1.828370000">
        <ele>486.000</ele>
      </trkpt>
      <trkpt lat="42.961540000" lon="-1.828180000">
        <ele>486.000</ele>
      </trkpt>
      <trkpt lat="42.961470000" lon="-1.827850000">
        <ele>487.000</ele>
      </trkpt>
      <trkpt lat="42.961350000" lon="-1.827560000">
        <ele>487.000</ele>
      </trkpt>
      <trkpt lat="42.961300000" lon="-1.827470000">
        <ele>488.000</ele>
      </trkpt>
      <trkpt lat="42.961230000" lon="-1.827370000">
        <ele>488.000</ele>
      </trkpt>
      <trkpt lat="42.961220000" lon="-1.827350000">
        <ele>488.000</ele>
      </trkpt>
      <trkpt lat="42.961170000" lon="-1.827300000">
        <ele>488.000</ele>
      </trkpt>
      <trkpt lat="42.961030000" lon="-1.827140000">
        <ele>488.000</ele>
      </trkpt>
      <trkpt lat="42.960950000" lon="-1.827050000">
        <ele>487.000</ele>
      </trkpt>
      <trkpt lat="42.960890000" lon="-1.826990000">
        <ele>487.000</ele>
      </trkpt>
      <trkpt lat="42.960840000" lon="-1.826920000">
        <ele>487.000</ele>
      </trkpt>
      <trkpt lat="42.960810000" lon="-1.826900000">
        <ele>486.000</ele>
      </trkpt>
      <trkpt lat="42.960750000" lon="-1.826830000">
        <ele>486.000</ele>
      </trkpt>
      <trkpt lat="42.960610000" lon="-1.826680000">
        <ele>486.000</ele>
      </trkpt>
      <trkpt lat="42.960600000" lon="-1.826680000">
        <ele>485.000</ele>
      </trkpt>
      <trkpt lat="42.960520000" lon="-1.826600000">
        <ele>485.000</ele>
      </trkpt>
      <trkpt lat="42.960110000" lon="-1.826170000">
        <ele>484.000</ele>
      </trkpt>
      <trkpt lat="42.960110000" lon="-1.826160000">
        <ele>483.000</ele>
      </trkpt>
      <trkpt lat="42.960090000" lon="-1.826140000">
        <ele>482.000</ele>
      </trkpt>
      <trkpt lat="42.959940000" lon="-1.826000000">
        <ele>482.000</ele>
      </trkpt>
      <trkpt lat="42.959840000" lon="-1.825910000">
        <ele>481.000</ele>
      </trkpt>
      <trkpt lat="42.959610000" lon="-1.825740000">
        <ele>480.000</ele>
      </trkpt>
      <trkpt lat="42.959300000" lon="-1.825540000">
        <ele>479.000</ele>
      </trkpt>
      <trkpt lat="42.959140000" lon="-1.825460000">
        <ele>478.000</ele>
      </trkpt>
      <trkpt lat="42.959000000" lon="-1.825400000">
        <ele>478.000</ele>
      </trkpt>
      <trkpt lat="42.958730000" lon="-1.825280000">
        <ele>477.000</ele>
      </trkpt>
      <trkpt lat="42.958630000" lon="-1.825240000">
        <ele>476.000</ele>
      </trkpt>
      <trkpt lat="42.958480000" lon="-1.825180000">
        <ele>476.000</ele>
      </trkpt>
      <trkpt lat="42.958390000" lon="-1.825150000">
        <ele>475.000</ele>
      </trkpt>
      <trkpt lat="42.958280000" lon="-1.825110000">
        <ele>475.000</ele>
      </trkpt>
      <trkpt lat="42.958280000" lon="-1.825100000">
        <ele>474.000</ele>
      </trkpt>
      <trkpt lat="42.958210000" lon="-1.825080000">
        <ele>474.000</ele>
      </trkpt>
      <trkpt lat="42.957900000" lon="-1.825070000">
        <ele>474.000</ele>
      </trkpt>
      <trkpt lat="42.957060000" lon="-1.825070000">
        <ele>473.000</ele>
      </trkpt>
      <trkpt lat="42.957030000" lon="-1.825070000">
        <ele>473.000</ele>
      </trkpt>
      <trkpt lat="42.957020000" lon="-1.825070000">
        <ele>473.000</ele>
      </trkpt>
      <trkpt lat="42.956850000" lon="-1.825080000">
        <ele>473.000</ele>
      </trkpt>
      <trkpt lat="42.956840000" lon="-1.825080000">
        <ele>473.000</ele>
      </trkpt>
      <trkpt lat="42.955780000" lon="-1.825130000">
        <ele>473.000</ele>
      </trkpt>
      <trkpt lat="42.955590000" lon="-1.825130000">
        <ele>472.000</ele>
      </trkpt>
      <trkpt lat="42.955580000" lon="-1.825130000">
        <ele>472.000</ele>
      </trkpt>
      <trkpt lat="42.955460000" lon="-1.825100000">
        <ele>472.000</ele>
      </trkpt>
      <trkpt lat="42.955410000" lon="-1.825090000">
        <ele>472.000</ele>
      </trkpt>
      <trkpt lat="42.955410000" lon="-1.825080000">
        <ele>472.000</ele>
      </trkpt>
      <trkpt lat="42.955220000" lon="-1.825020000">
        <ele>472.000</ele>
      </trkpt>
      <trkpt lat="42.954320000" lon="-1.824620000">
        <ele>472.000</ele>
      </trkpt>
      <trkpt lat="42.954030000" lon="-1.824500000">
        <ele>471.000</ele>
      </trkpt>
      <trkpt lat="42.953720000" lon="-1.824480000">
        <ele>471.000</ele>
      </trkpt>
      <trkpt lat="42.953680000" lon="-1.824480000">
        <ele>471.000</ele>
      </trkpt>
      <trkpt lat="42.953570000" lon="-1.824480000">
        <ele>471.000</ele>
      </trkpt>
      <trkpt lat="42.953320000" lon="-1.824500000">
        <ele>470.000</ele>
      </trkpt>
      <trkpt lat="42.953310000" lon="-1.824500000">
        <ele>470.000</ele>
      </trkpt>
      <trkpt lat="42.953260000" lon="-1.824500000">
        <ele>470.000</ele>
      </trkpt>
      <trkpt lat="42.953220000" lon="-1.824480000">
        <ele>470.000</ele>
      </trkpt>
      <trkpt lat="42.953150000" lon="-1.824440000">
        <ele>470.000</ele>
      </trkpt>
      <trkpt lat="42.953130000" lon="-1.824430000">
        <ele>470.000</ele>
      </trkpt>
      <trkpt lat="42.953070000" lon="-1.824390000">
        <ele>470.000</ele>
      </trkpt>
      <trkpt lat="42.952820000" lon="-1.824230000">
        <ele>470.000</ele>
      </trkpt>
      <trkpt lat="42.952800000" lon="-1.824220000">
        <ele>470.000</ele>
      </trkpt>
      <trkpt lat="42.952780000" lon="-1.824210000">
        <ele>470.000</ele>
      </trkpt>
      <trkpt lat="42.952740000" lon="-1.824210000">
        <ele>470.000</ele>
      </trkpt>
      <trkpt lat="42.952680000" lon="-1.824220000">
        <ele>470.000</ele>
      </trkpt>
      <trkpt lat="42.952600000" lon="-1.824220000">
        <ele>470.000</ele>
      </trkpt>
      <trkpt lat="42.952450000" lon="-1.824250000">
        <ele>470.000</ele>
      </trkpt>
      <trkpt lat="42.952410000" lon="-1.824280000">
        <ele>470.000</ele>
      </trkpt>
      <trkpt lat="42.952380000" lon="-1.824300000">
        <ele>470.000</ele>
      </trkpt>
      <trkpt lat="42.952330000" lon="-1.824370000">
        <ele>470.000</ele>
      </trkpt>
      <trkpt lat="42.952280000" lon="-1.824480000">
        <ele>470.000</ele>
      </trkpt>
      <trkpt lat="42.952260000" lon="-1.824580000">
        <ele>470.000</ele>
      </trkpt>
      <trkpt lat="42.952230000" lon="-1.824700000">
        <ele>470.000</ele>
      </trkpt>
      <trkpt lat="42.952170000" lon="-1.825140000">
        <ele>470.000</ele>
      </trkpt>
      <trkpt lat="42.952160000" lon="-1.825290000">
        <ele>470.000</ele>
      </trkpt>
      <trkpt lat="42.952140000" lon="-1.825350000">
        <ele>470.000</ele>
      </trkpt>
      <trkpt lat="42.952100000" lon="-1.825470000">
        <ele>471.000</ele>
      </trkpt>
      <trkpt lat="42.952080000" lon="-1.825500000">
        <ele>471.000</ele>
      </trkpt>
      <trkpt lat="42.952050000" lon="-1.825550000">
        <ele>471.000</ele>
      </trkpt>
      <trkpt lat="42.952010000" lon="-1.825610000">
        <ele>471.000</ele>
      </trkpt>
      <trkpt lat="42.951920000" lon="-1.825710000">
        <ele>471.000</ele>
      </trkpt>
      <trkpt lat="42.951850000" lon="-1.825760000">
        <ele>471.000</ele>
      </trkpt>
      <trkpt lat="42.951730000" lon="-1.825800000">
        <ele>472.000</ele>
      </trkpt>
      <trkpt lat="42.951720000" lon="-1.825800000">
        <ele>472.000</ele>
      </trkpt>
      <trkpt lat="42.951610000" lon="-1.825820000">
        <ele>472.000</ele>
      </trkpt>
      <trkpt lat="42.951500000" lon="-1.825840000">
        <ele>472.000</ele>
      </trkpt>
      <trkpt lat="42.951370000" lon="-1.825850000">
        <ele>472.000</ele>
      </trkpt>
      <trkpt lat="42.951370000" lon="-1.825850000">
        <ele>472.000</ele>
      </trkpt>
      <trkpt lat="42.950970000" lon="-1.825890000">
        <ele>473.000</ele>
      </trkpt>
      <trkpt lat="42.950590000" lon="-1.826110000">
        <ele>472.000</ele>
      </trkpt>
      <trkpt lat="42.950560000" lon="-1.826130000">
        <ele>472.000</ele>
      </trkpt>
      <trkpt lat="42.950440000" lon="-1.826210000">
        <ele>472.000</ele>
      </trkpt>
      <trkpt lat="42.950220000" lon="-1.826340000">
        <ele>471.000</ele>
      </trkpt>
      <trkpt lat="42.950180000" lon="-1.826370000">
        <ele>471.000</ele>
      </trkpt>
      <trkpt lat="42.950090000" lon="-1.826420000">
        <ele>471.000</ele>
      </trkpt>
      <trkpt lat="42.950060000" lon="-1.826440000">
        <ele>470.000</ele>
      </trkpt>
      <trkpt lat="42.949960000" lon="-1.826500000">
        <ele>470.000</ele>
      </trkpt>
      <trkpt lat="42.949880000" lon="-1.826550000">
        <ele>470.000</ele>
      </trkpt>
      <trkpt lat="42.949840000" lon="-1.826580000">
        <ele>469.000</ele>
      </trkpt>
      <trkpt lat="42.949330000" lon="-1.826920000">
        <ele>468.000</ele>
      </trkpt>
      <trkpt lat="42.949220000" lon="-1.826970000">
        <ele>468.000</ele>
      </trkpt>
      <trkpt lat="42.949100000" lon="-1.827010000">
        <ele>467.000</ele>
      </trkpt>
      <trkpt lat="42.949030000" lon="-1.827050000">
        <ele>467.000</ele>
      </trkpt>
      <trkpt lat="42.948970000" lon="-1.827100000">
        <ele>467.000</ele>
      </trkpt>
      <trkpt lat="42.948800000" lon="-1.827210000">
        <ele>467.000</ele>
      </trkpt>
      <trkpt lat="42.948660000" lon="-1.827290000">
        <ele>467.000</ele>
      </trkpt>
      <trkpt lat="42.948610000" lon="-1.827330000">
        <ele>467.000</ele>
      </trkpt>
      <trkpt lat="42.948290000" lon="-1.827520000">
        <ele>467.000</ele>
      </trkpt>
      <trkpt lat="42.947980000" lon="-1.827660000">
        <ele>467.000</ele>
      </trkpt>
      <trkpt lat="42.947750000" lon="-1.827730000">
        <ele>466.990</ele>
      </trkpt>
      <trkpt lat="42.947400000" lon="-1.827850000">
        <ele>466.640</ele>
      </trkpt>
      <trkpt lat="42.947220000" lon="-1.827910000">
        <ele>466.460</ele>
      </trkpt>
      <trkpt lat="42.947050000" lon="-1.827970000">
        <ele>466.290</ele>
      </trkpt>
      <trkpt lat="42.946900000" lon="-1.828010000">
        <ele>466.140</ele>
      </trkpt>
      <trkpt lat="42.946830000" lon="-1.828030000">
        <ele>466.070</ele>
      </trkpt>
      <trkpt lat="42.946520000" lon="-1.828130000">
        <ele>465.760</ele>
      </trkpt>
      <trkpt lat="42.946170000" lon="-1.828220000">
        <ele>465.410</ele>
      </trkpt>
      <trkpt lat="42.945860000" lon="-1.828270000">
        <ele>465.110</ele>
      </trkpt>
      <trkpt lat="42.945710000" lon="-1.828290000">
        <ele>464.960</ele>
      </trkpt>
      <trkpt lat="42.945480000" lon="-1.828280000">
        <ele>464.730</ele>
      </trkpt>
      <trkpt lat="42.945470000" lon="-1.828280000">
        <ele>464.720</ele>
      </trkpt>
      <trkpt lat="42.945360000" lon="-1.828270000">
        <ele>464.620</ele>
      </trkpt>
      <trkpt lat="42.945300000" lon="-1.828260000">
        <ele>464.560</ele>
      </trkpt>
      <trkpt lat="42.945170000" lon="-1.828240000">
        <ele>464.430</ele>
      </trkpt>
      <trkpt lat="42.945020000" lon="-1.828200000">
        <ele>464.280</ele>
      </trkpt>
      <trkpt lat="42.944860000" lon="-1.828150000">
        <ele>464.120</ele>
      </trkpt>
      <trkpt lat="42.944660000" lon="-1.828060000">
        <ele>463.910</ele>
      </trkpt>
      <trkpt lat="42.944470000" lon="-1.827970000">
        <ele>463.720</ele>
      </trkpt>
      <trkpt lat="42.944290000" lon="-1.827850000">
        <ele>463.520</ele>
      </trkpt>
      <trkpt lat="42.944180000" lon="-1.827770000">
        <ele>463.400</ele>
      </trkpt>
      <trkpt lat="42.943960000" lon="-1.827600000">
        <ele>463.150</ele>
      </trkpt>
      <trkpt lat="42.943750000" lon="-1.827390000">
        <ele>462.900</ele>
      </trkpt>
      <trkpt lat="42.943610000" lon="-1.827220000">
        <ele>462.710</ele>
      </trkpt>
      <trkpt lat="42.943480000" lon="-1.827050000">
        <ele>462.540</ele>
      </trkpt>
      <trkpt lat="42.943350000" lon="-1.826860000">
        <ele>462.350</ele>
      </trkpt>
      <trkpt lat="42.943170000" lon="-1.826560000">
        <ele>462.080</ele>
      </trkpt>
      <trkpt lat="42.943140000" lon="-1.826510000">
        <ele>462.030</ele>
      </trkpt>
      <trkpt lat="42.943060000" lon="-1.826380000">
        <ele>461.910</ele>
      </trkpt>
      <trkpt lat="42.942980000" lon="-1.826240000">
        <ele>461.780</ele>
      </trkpt>
      <trkpt lat="42.942900000" lon="-1.826100000">
        <ele>461.650</ele>
      </trkpt>
      <trkpt lat="42.942770000" lon="-1.825910000">
        <ele>461.470</ele>
      </trkpt>
      <trkpt lat="42.942650000" lon="-1.825740000">
        <ele>461.300</ele>
      </trkpt>
      <trkpt lat="42.942550000" lon="-1.825620000">
        <ele>461.170</ele>
      </trkpt>
      <trkpt lat="42.942470000" lon="-1.825540000">
        <ele>461.070</ele>
      </trkpt>
      <trkpt lat="42.942380000" lon="-1.825440000">
        <ele>460.960</ele>
      </trkpt>
      <trkpt lat="42.942310000" lon="-1.825380000">
        <ele>460.880</ele>
      </trkpt>
      <trkpt lat="42.942250000" lon="-1.825320000">
        <ele>460.800</ele>
      </trkpt>
      <trkpt lat="42.942150000" lon="-1.825240000">
        <ele>460.690</ele>
      </trkpt>
      <trkpt lat="42.942060000" lon="-1.825160000">
        <ele>460.590</ele>
      </trkpt>
      <trkpt lat="42.941980000" lon="-1.825110000">
        <ele>460.500</ele>
      </trkpt>
      <trkpt lat="42.941890000" lon="-1.825050000">
        <ele>460.400</ele>
      </trkpt>
      <trkpt lat="42.941830000" lon="-1.825010000">
        <ele>460.340</ele>
      </trkpt>
      <trkpt lat="42.941690000" lon="-1.824930000">
        <ele>460.190</ele>
      </trkpt>
      <trkpt lat="42.941560000" lon="-1.824870000">
        <ele>460.050</ele>
      </trkpt>
      <trkpt lat="42.941420000" lon="-1.824810000">
        <ele>459.910</ele>
      </trkpt>
      <trkpt lat="42.941130000" lon="-1.824730000">
        <ele>459.620</ele>
      </trkpt>
      <trkpt lat="42.940930000" lon="-1.824710000">
        <ele>459.430</ele>
      </trkpt>
      <trkpt lat="42.940860000" lon="-1.824700000">
        <ele>459.360</ele>
      </trkpt>
      <trkpt lat="42.940610000" lon="-1.824710000">
        <ele>459.110</ele>
      </trkpt>
      <trkpt lat="42.940180000" lon="-1.824740000">
        <ele>458.690</ele>
      </trkpt>
      <trkpt lat="42.939970000" lon="-1.824790000">
        <ele>458.480</ele>
      </trkpt>
      <trkpt lat="42.939690000" lon="-1.824890000">
        <ele>458.200</ele>
      </trkpt>
      <trkpt lat="42.939530000" lon="-1.824970000">
        <ele>458.030</ele>
      </trkpt>
      <trkpt lat="42.939150000" lon="-1.825220000">
        <ele>457.620</ele>
      </trkpt>
      <trkpt lat="42.939070000" lon="-1.825280000">
        <ele>457.530</ele>
      </trkpt>
      <trkpt lat="42.938930000" lon="-1.825380000">
        <ele>457.380</ele>
      </trkpt>
      <trkpt lat="42.938720000" lon="-1.825540000">
        <ele>457.140</ele>
      </trkpt>
      <trkpt lat="42.938410000" lon="-1.825850000">
        <ele>456.770</ele>
      </trkpt>
      <trkpt lat="42.937890000" lon="-1.826370000">
        <ele>456.140</ele>
      </trkpt>
      <trkpt lat="42.937450000" lon="-1.826920000">
        <ele>455.560</ele>
      </trkpt>
      <trkpt lat="42.937250000" lon="-1.827140000">
        <ele>455.310</ele>
      </trkpt>
      <trkpt lat="42.936830000" lon="-1.827600000">
        <ele>454.780</ele>
      </trkpt>
      <trkpt lat="42.936800000" lon="-1.827640000">
        <ele>454.740</ele>
      </trkpt>
      <trkpt lat="42.936680000" lon="-1.827740000">
        <ele>454.600</ele>
      </trkpt>
      <trkpt lat="42.936460000" lon="-1.827930000">
        <ele>454.350</ele>
      </trkpt>
      <trkpt lat="42.936380000" lon="-1.827990000">
        <ele>454.260</ele>
      </trkpt>
      <trkpt lat="42.936220000" lon="-1.828110000">
        <ele>454.080</ele>
      </trkpt>
      <trkpt lat="42.936060000" lon="-1.828220000">
        <ele>453.900</ele>
      </trkpt>
      <trkpt lat="42.936020000" lon="-1.828250000">
        <ele>453.860</ele>
      </trkpt>
      <trkpt lat="42.935890000" lon="-1.828310000">
        <ele>453.730</ele>
      </trkpt>
      <trkpt lat="42.935610000" lon="-1.828460000">
        <ele>453.430</ele>
      </trkpt>
      <trkpt lat="42.935350000" lon="-1.828580000">
        <ele>453.160</ele>
      </trkpt>
      <trkpt lat="42.935000000" lon="-1.828700000">
        <ele>452.810</ele>
      </trkpt>
      <trkpt lat="42.934600000" lon="-1.828810000">
        <ele>452.410</ele>
      </trkpt>
      <trkpt lat="42.934450000" lon="-1.828840000">
        <ele>452.260</ele>
      </trkpt>
      <trkpt lat="42.934390000" lon="-1.828850000">
        <ele>452.200</ele>
      </trkpt>
      <trkpt lat="42.934320000" lon="-1.828860000">
        <ele>452.140</ele>
      </trkpt>
      <trkpt lat="42.934190000" lon="-1.828880000">
        <ele>452.010</ele>
      </trkpt>
      <trkpt lat="42.934160000" lon="-1.828880000">
        <ele>451.980</ele>
      </trkpt>
      <trkpt lat="42.933830000" lon="-1.828910000">
        <ele>451.660</ele>
      </trkpt>
      <trkpt lat="42.933510000" lon="-1.828900000">
        <ele>451.340</ele>
      </trkpt>
      <trkpt lat="42.933470000" lon="-1.828900000">
        <ele>451.300</ele>
      </trkpt>
      <trkpt lat="42.933360000" lon="-1.828890000">
        <ele>451.200</ele>
      </trkpt>
      <trkpt lat="42.933290000" lon="-1.828880000">
        <ele>451.130</ele>
      </trkpt>
      <trkpt lat="42.933210000" lon="-1.828860000">
        <ele>451.050</ele>
      </trkpt>
      <trkpt lat="42.933040000" lon="-1.828840000">
        <ele>450.880</ele>
      </trkpt>
      <trkpt lat="42.932950000" lon="-1.828810000">
        <ele>450.790</ele>
      </trkpt>
      <trkpt lat="42.932770000" lon="-1.828770000">
        <ele>450.610</ele>
      </trkpt>
      <trkpt lat="42.932560000" lon="-1.828720000">
        <ele>450.400</ele>
      </trkpt>
      <trkpt lat="42.932470000" lon="-1.828690000">
        <ele>450.310</ele>
      </trkpt>
      <trkpt lat="42.932210000" lon="-1.828590000">
        <ele>450.050</ele>
      </trkpt>
      <trkpt lat="42.932180000" lon="-1.828580000">
        <ele>450.020</ele>
      </trkpt>
      <trkpt lat="42.931880000" lon="-1.828460000">
        <ele>449.710</ele>
      </trkpt>
      <trkpt lat="42.931860000" lon="-1.828450000">
        <ele>449.690</ele>
      </trkpt>
      <trkpt lat="42.931590000" lon="-1.828340000">
        <ele>449.420</ele>
      </trkpt>
      <trkpt lat="42.931350000" lon="-1.828240000">
        <ele>449.170</ele>
      </trkpt>
      <trkpt lat="42.931320000" lon="-1.828220000">
        <ele>449.140</ele>
      </trkpt>
      <trkpt lat="42.931170000" lon="-1.828170000">
        <ele>448.990</ele>
      </trkpt>
      <trkpt lat="42.931030000" lon="-1.828110000">
        <ele>448.850</ele>
      </trkpt>
      <trkpt lat="42.930730000" lon="-1.827980000">
        <ele>448.540</ele>
      </trkpt>
      <trkpt lat="42.930490000" lon="-1.827870000">
        <ele>448.290</ele>
      </trkpt>
      <trkpt lat="42.930440000" lon="-1.827840000">
        <ele>448.240</ele>
      </trkpt>
      <trkpt lat="42.930140000" lon="-1.827710000">
        <ele>447.930</ele>
      </trkpt>
      <trkpt lat="42.929980000" lon="-1.827660000">
        <ele>447.770</ele>
      </trkpt>
      <trkpt lat="42.929820000" lon="-1.827610000">
        <ele>447.610</ele>
      </trkpt>
      <trkpt lat="42.929690000" lon="-1.827590000">
        <ele>447.480</ele>
      </trkpt>
      <trkpt lat="42.929520000" lon="-1.827580000">
        <ele>447.310</ele>
      </trkpt>
      <trkpt lat="42.929370000" lon="-1.827580000">
        <ele>447.170</ele>
      </trkpt>
      <trkpt lat="42.929260000" lon="-1.827600000">
        <ele>447.060</ele>
      </trkpt>
      <trkpt lat="42.929230000" lon="-1.827600000">
        <ele>447.030</ele>
      </trkpt>
      <trkpt lat="42.929060000" lon="-1.827630000">
        <ele>446.860</ele>
      </trkpt>
      <trkpt lat="42.928930000" lon="-1.827650000">
        <ele>446.730</ele>
      </trkpt>
      <trkpt lat="42.928770000" lon="-1.827710000">
        <ele>446.570</ele>
      </trkpt>
      <trkpt lat="42.928630000" lon="-1.827770000">
        <ele>446.430</ele>
      </trkpt>
      <trkpt lat="42.928560000" lon="-1.827800000">
        <ele>446.360</ele>
      </trkpt>
      <trkpt lat="42.928470000" lon="-1.827830000">
        <ele>446.270</ele>
      </trkpt>
      <trkpt lat="42.928380000" lon="-1.827870000">
        <ele>446.170</ele>
      </trkpt>
      <trkpt lat="42.928330000" lon="-1.827900000">
        <ele>446.120</ele>
      </trkpt>
      <trkpt lat="42.928220000" lon="-1.827960000">
        <ele>446.010</ele>
      </trkpt>
      <trkpt lat="42.928190000" lon="-1.827970000">
        <ele>445.970</ele>
      </trkpt>
      <trkpt lat="42.928060000" lon="-1.828050000">
        <ele>445.840</ele>
      </trkpt>
      <trkpt lat="42.927960000" lon="-1.828120000">
        <ele>445.730</ele>
      </trkpt>
      <trkpt lat="42.927820000" lon="-1.828220000">
        <ele>445.570</ele>
      </trkpt>
      <trkpt lat="42.927420000" lon="-1.828530000">
        <ele>445.120</ele>
      </trkpt>
      <trkpt lat="42.927370000" lon="-1.828570000">
        <ele>445.070</ele>
      </trkpt>
      <trkpt lat="42.927300000" lon="-1.828610000">
        <ele>444.990</ele>
      </trkpt>
      <trkpt lat="42.927030000" lon="-1.828760000">
        <ele>444.710</ele>
      </trkpt>
      <trkpt lat="42.926770000" lon="-1.828870000">
        <ele>444.440</ele>
      </trkpt>
      <trkpt lat="42.926640000" lon="-1.828920000">
        <ele>444.310</ele>
      </trkpt>
      <trkpt lat="42.926490000" lon="-1.828970000">
        <ele>444.160</ele>
      </trkpt>
      <trkpt lat="42.926340000" lon="-1.829030000">
        <ele>444.000</ele>
      </trkpt>
      <trkpt lat="42.926220000" lon="-1.829080000">
        <ele>443.000</ele>
      </trkpt>
      <trkpt lat="42.926200000" lon="-1.829090000">
        <ele>443.000</ele>
      </trkpt>
      <trkpt lat="42.925970000" lon="-1.829210000">
        <ele>442.000</ele>
      </trkpt>
      <trkpt lat="42.925840000" lon="-1.829280000">
        <ele>442.000</ele>
      </trkpt>
      <trkpt lat="42.925730000" lon="-1.829360000">
        <ele>442.000</ele>
      </trkpt>
      <trkpt lat="42.925630000" lon="-1.829430000">
        <ele>441.000</ele>
      </trkpt>
      <trkpt lat="42.925600000" lon="-1.829460000">
        <ele>441.000</ele>
      </trkpt>
      <trkpt lat="42.925600000" lon="-1.829460000">
        <ele>441.000</ele>
      </trkpt>
      <trkpt lat="42.925550000" lon="-1.829500000">
        <ele>441.000</ele>
      </trkpt>
      <trkpt lat="42.925490000" lon="-1.829550000">
        <ele>441.000</ele>
      </trkpt>
      <trkpt lat="42.925420000" lon="-1.829610000">
        <ele>441.000</ele>
      </trkpt>
      <trkpt lat="42.925340000" lon="-1.829680000">
        <ele>441.000</ele>
      </trkpt>
      <trkpt lat="42.925190000" lon="-1.829830000">
        <ele>441.000</ele>
      </trkpt>
      <trkpt lat="42.925070000" lon="-1.829980000">
        <ele>441.000</ele>
      </trkpt>
      <trkpt lat="42.924920000" lon="-1.830160000">
        <ele>441.000</ele>
      </trkpt>
      <trkpt lat="42.924730000" lon="-1.830450000">
        <ele>441.000</ele>
      </trkpt>
      <trkpt lat="42.924550000" lon="-1.830720000">
        <ele>441.000</ele>
      </trkpt>
      <trkpt lat="42.924470000" lon="-1.830850000">
        <ele>441.000</ele>
      </trkpt>
      <trkpt lat="42.924350000" lon="-1.831040000">
        <ele>442.000</ele>
      </trkpt>
      <trkpt lat="42.924250000" lon="-1.831170000">
        <ele>442.000</ele>
      </trkpt>
      <trkpt lat="42.924120000" lon="-1.831360000">
        <ele>442.000</ele>
      </trkpt>
      <trkpt lat="42.923950000" lon="-1.831590000">
        <ele>443.000</ele>
      </trkpt>
      <trkpt lat="42.923840000" lon="-1.831730000">
        <ele>443.000</ele>
      </trkpt>
      <trkpt lat="42.923730000" lon="-1.831850000">
        <ele>443.000</ele>
      </trkpt>
      <trkpt lat="42.923560000" lon="-1.832060000">
        <ele>444.000</ele>
      </trkpt>
      <trkpt lat="42.923250000" lon="-1.832430000">
        <ele>444.000</ele>
      </trkpt>
      <trkpt lat="42.923090000" lon="-1.832610000">
        <ele>443.000</ele>
      </trkpt>
      <trkpt lat="42.922780000" lon="-1.832990000">
        <ele>443.000</ele>
      </trkpt>
      <trkpt lat="42.922550000" lon="-1.833260000">
        <ele>442.000</ele>
      </trkpt>
      <trkpt lat="42.922360000" lon="-1.833490000">
        <ele>441.000</ele>
      </trkpt>
      <trkpt lat="42.922240000" lon="-1.833630000">
        <ele>441.000</ele>
      </trkpt>
      <trkpt lat="42.922220000" lon="-1.833650000">
        <ele>440.000</ele>
      </trkpt>
      <trkpt lat="42.922180000" lon="-1.833700000">
        <ele>440.000</ele>
      </trkpt>
      <trkpt lat="42.922150000" lon="-1.833740000">
        <ele>440.000</ele>
      </trkpt>
      <trkpt lat="42.922060000" lon="-1.833850000">
        <ele>440.000</ele>
      </trkpt>
      <trkpt lat="42.922060000" lon="-1.833850000">
        <ele>440.000</ele>
      </trkpt>
      <trkpt lat="42.921960000" lon="-1.834030000">
        <ele>439.000</ele>
      </trkpt>
      <trkpt lat="42.921860000" lon="-1.834180000">
        <ele>439.000</ele>
      </trkpt>
      <trkpt lat="42.921690000" lon="-1.834380000">
        <ele>439.000</ele>
      </trkpt>
      <trkpt lat="42.921480000" lon="-1.834640000">
        <ele>439.000</ele>
      </trkpt>
      <trkpt lat="42.921280000" lon="-1.834870000">
        <ele>438.000</ele>
      </trkpt>
      <trkpt lat="42.921230000" lon="-1.834940000">
        <ele>438.000</ele>
      </trkpt>
      <trkpt lat="42.921180000" lon="-1.834990000">
        <ele>438.000</ele>
      </trkpt>
      <trkpt lat="42.921050000" lon="-1.835150000">
        <ele>438.000</ele>
      </trkpt>
      <trkpt lat="42.921010000" lon="-1.835200000">
        <ele>438.000</ele>
      </trkpt>
      <trkpt lat="42.920660000" lon="-1.835600000">
        <ele>437.000</ele>
      </trkpt>
      <trkpt lat="42.920640000" lon="-1.835630000">
        <ele>437.000</ele>
      </trkpt>
      <trkpt lat="42.920430000" lon="-1.835880000">
        <ele>437.000</ele>
      </trkpt>
      <trkpt lat="42.920400000" lon="-1.835920000">
        <ele>437.000</ele>
      </trkpt>
      <trkpt lat="42.920300000" lon="-1.836060000">
        <ele>437.000</ele>
      </trkpt>
      <trkpt lat="42.920230000" lon="-1.836160000">
        <ele>437.000</ele>
      </trkpt>
      <trkpt lat="42.920100000" lon="-1.836370000">
        <ele>437.000</ele>
      </trkpt>
      <trkpt lat="42.920060000" lon="-1.836430000">
        <ele>438.000</ele>
      </trkpt>
      <trkpt lat="42.919900000" lon="-1.836720000">
        <ele>438.000</ele>
      </trkpt>
      <trkpt lat="42.919880000" lon="-1.836760000">
        <ele>438.000</ele>
      </trkpt>
      <trkpt lat="42.919720000" lon="-1.837090000">
        <ele>438.000</ele>
      </trkpt>
      <trkpt lat="42.919710000" lon="-1.837130000">
        <ele>438.000</ele>
      </trkpt>
      <trkpt lat="42.919690000" lon="-1.837160000">
        <ele>439.000</ele>
      </trkpt>
      <trkpt lat="42.919610000" lon="-1.837380000">
        <ele>439.000</ele>
      </trkpt>
      <trkpt lat="42.919520000" lon="-1.837590000">
        <ele>439.000</ele>
      </trkpt>
      <trkpt lat="42.919490000" lon="-1.837670000">
        <ele>439.000</ele>
      </trkpt>
      <trkpt lat="42.919430000" lon="-1.837810000">
        <ele>440.000</ele>
      </trkpt>
      <trkpt lat="42.919350000" lon="-1.838020000">
        <ele>440.000</ele>
      </trkpt>
      <trkpt lat="42.919340000" lon="-1.838020000">
        <ele>441.000</ele>
      </trkpt>
      <trkpt lat="42.919290000" lon="-1.838100000">
        <ele>441.000</ele>
      </trkpt>
      <trkpt lat="42.919260000" lon="-1.838140000">
        <ele>441.000</ele>
      </trkpt>
      <trkpt lat="42.919210000" lon="-1.838190000">
        <ele>442.000</ele>
      </trkpt>
      <trkpt lat="42.919200000" lon="-1.838210000">
        <ele>442.000</ele>
      </trkpt>
      <trkpt lat="42.919060000" lon="-1.838320000">
        <ele>442.000</ele>
      </trkpt>
      <trkpt lat="42.919060000" lon="-1.838320000">
        <ele>442.000</ele>
      </trkpt>
      <trkpt lat="42.919060000" lon="-1.838330000">
        <ele>443.000</ele>
      </trkpt>
      <trkpt lat="42.919080000" lon="-1.838440000">
        <ele>443.000</ele>
      </trkpt>
      <trkpt lat="42.919080000" lon="-1.838490000">
        <ele>443.000</ele>
      </trkpt>
      <trkpt lat="42.919080000" lon="-1.838540000">
        <ele>443.000</ele>
      </trkpt>
      <trkpt lat="42.919070000" lon="-1.838630000">
        <ele>444.000</ele>
      </trkpt>
      <trkpt lat="42.919060000" lon="-1.838690000">
        <ele>444.000</ele>
      </trkpt>
      <trkpt lat="42.919050000" lon="-1.838750000">
        <ele>444.000</ele>
      </trkpt>
      <trkpt lat="42.918930000" lon="-1.839050000">
        <ele>445.000</ele>
      </trkpt>
      <trkpt lat="42.918920000" lon="-1.839060000">
        <ele>445.000</ele>
      </trkpt>
      <trkpt lat="42.918840000" lon="-1.839280000">
        <ele>446.000</ele>
      </trkpt>
      <trkpt lat="42.918750000" lon="-1.839490000">
        <ele>446.000</ele>
      </trkpt>
      <trkpt lat="42.918670000" lon="-1.839710000">
        <ele>447.000</ele>
      </trkpt>
      <trkpt lat="42.918590000" lon="-1.839920000">
        <ele>448.000</ele>
      </trkpt>
      <trkpt lat="42.918340000" lon="-1.840540000">
        <ele>448.000</ele>
      </trkpt>
      <trkpt lat="42.918330000" lon="-1.840570000">
        <ele>448.000</ele>
      </trkpt>
      <trkpt lat="42.918210000" lon="-1.840870000">
        <ele>449.000</ele>
      </trkpt>
      <trkpt lat="42.917990000" lon="-1.841440000">
        <ele>449.000</ele>
      </trkpt>
      <trkpt lat="42.917990000" lon="-1.841440000">
        <ele>449.000</ele>
      </trkpt>
      <trkpt lat="42.918170000" lon="-1.841490000">
        <ele>449.000</ele>
      </trkpt>
      <trkpt lat="42.918170000" lon="-1.841490000">
        <ele>450.000</ele>
      </trkpt>
      <trkpt lat="42.918080000" lon="-1.841820000">
        <ele>450.000</ele>
      </trkpt>
      <trkpt lat="42.918040000" lon="-1.841960000">
        <ele>450.000</ele>
      </trkpt>
      <trkpt lat="42.917890000" lon="-1.842500000">
        <ele>450.000</ele>
      </trkpt>
      <trkpt lat="42.917890000" lon="-1.842510000">
        <ele>451.000</ele>
      </trkpt>
      <trkpt lat="42.917840000" lon="-1.842660000">
        <ele>451.000</ele>
      </trkpt>
      <trkpt lat="42.917740000" lon="-1.842990000">
        <ele>451.000</ele>
      </trkpt>
      <trkpt lat="42.917690000" lon="-1.843250000">
        <ele>451.000</ele>
      </trkpt>
      <trkpt lat="42.917660000" lon="-1.843440000">
        <ele>451.000</ele>
      </trkpt>
      <trkpt lat="42.917660000" lon="-1.843470000">
        <ele>451.000</ele>
      </trkpt>
      <trkpt lat="42.917660000" lon="-1.843660000">
        <ele>451.000</ele>
      </trkpt>
      <trkpt lat="42.917680000" lon="-1.843840000">
        <ele>451.000</ele>
      </trkpt>
      <trkpt lat="42.917730000" lon="-1.844030000">
        <ele>452.000</ele>
      </trkpt>
      <trkpt lat="42.917790000" lon="-1.844140000">
        <ele>452.000</ele>
      </trkpt>
      <trkpt lat="42.917820000" lon="-1.844190000">
        <ele>452.000</ele>
      </trkpt>
      <trkpt lat="42.917900000" lon="-1.844320000">
        <ele>452.000</ele>
      </trkpt>
      <trkpt lat="42.917940000" lon="-1.844370000">
        <ele>453.000</ele>
      </trkpt>
      <trkpt lat="42.918090000" lon="-1.844550000">
        <ele>453.000</ele>
      </trkpt>
      <trkpt lat="42.918270000" lon="-1.844760000">
        <ele>453.000</ele>
      </trkpt>
      <trkpt lat="42.918410000" lon="-1.844910000">
        <ele>454.000</ele>
      </trkpt>
      <trkpt lat="42.918500000" lon="-1.844990000">
        <ele>454.000</ele>
      </trkpt>
      <trkpt lat="42.918590000" lon="-1.845050000">
        <ele>454.000</ele>
      </trkpt>
      <trkpt lat="42.918740000" lon="-1.845120000">
        <ele>455.000</ele>
      </trkpt>
      <trkpt lat="42.918940000" lon="-1.845200000">
        <ele>455.000</ele>
      </trkpt>
      <trkpt lat="42.919230000" lon="-1.845290000">
        <ele>456.000</ele>
      </trkpt>
      <trkpt lat="42.919310000" lon="-1.845320000">
        <ele>456.000</ele>
      </trkpt>
      <trkpt lat="42.919380000" lon="-1.845350000">
        <ele>456.000</ele>
      </trkpt>
      <trkpt lat="42.919480000" lon="-1.845390000">
        <ele>456.000</ele>
      </trkpt>
      <trkpt lat="42.919510000" lon="-1.845400000">
        <ele>457.000</ele>
      </trkpt>
      <trkpt lat="42.919640000" lon="-1.845490000">
        <ele>457.000</ele>
      </trkpt>
      <trkpt lat="42.919660000" lon="-1.845500000">
        <ele>457.000</ele>
      </trkpt>
      <trkpt lat="42.919880000" lon="-1.845630000">
        <ele>457.000</ele>
      </trkpt>
      <trkpt lat="42.920100000" lon="-1.845800000">
        <ele>458.000</ele>
      </trkpt>
      <trkpt lat="42.920450000" lon="-1.846040000">
        <ele>459.000</ele>
      </trkpt>
      <trkpt lat="42.920530000" lon="-1.846090000">
        <ele>459.000</ele>
      </trkpt>
      <trkpt lat="42.920720000" lon="-1.846200000">
        <ele>460.000</ele>
      </trkpt>
      <trkpt lat="42.920950000" lon="-1.846320000">
        <ele>460.000</ele>
      </trkpt>
      <trkpt lat="42.920990000" lon="-1.846340000">
        <ele>461.000</ele>
      </trkpt>
      <trkpt lat="42.921100000" lon="-1.846400000">
        <ele>461.000</ele>
      </trkpt>
      <trkpt lat="42.921110000" lon="-1.846400000">
        <ele>461.000</ele>
      </trkpt>
      <trkpt lat="42.921270000" lon="-1.846490000">
        <ele>462.000</ele>
      </trkpt>
      <trkpt lat="42.921410000" lon="-1.846570000">
        <ele>462.000</ele>
      </trkpt>
      <trkpt lat="42.921630000" lon="-1.846710000">
        <ele>463.000</ele>
      </trkpt>
      <trkpt lat="42.921950000" lon="-1.846930000">
        <ele>464.000</ele>
      </trkpt>
      <trkpt lat="42.922080000" lon="-1.847020000">
        <ele>466.000</ele>
      </trkpt>
      <trkpt lat="42.922210000" lon="-1.847110000">
        <ele>467.000</ele>
      </trkpt>
      <trkpt lat="42.922390000" lon="-1.847240000">
        <ele>468.000</ele>
      </trkpt>
      <trkpt lat="42.922490000" lon="-1.847290000">
        <ele>469.000</ele>
      </trkpt>
      <trkpt lat="42.922620000" lon="-1.847340000">
        <ele>470.000</ele>
      </trkpt>
      <trkpt lat="42.923180000" lon="-1.847460000">
        <ele>471.000</ele>
      </trkpt>
      <trkpt lat="42.923280000" lon="-1.847480000">
        <ele>473.000</ele>
      </trkpt>
      <trkpt lat="42.923360000" lon="-1.847490000">
        <ele>474.000</ele>
      </trkpt>
      <trkpt lat="42.923710000" lon="-1.847570000">
        <ele>475.000</ele>
      </trkpt>
      <trkpt lat="42.923890000" lon="-1.847600000">
        <ele>476.000</ele>
      </trkpt>
      <trkpt lat="42.923930000" lon="-1.847610000">
        <ele>477.000</ele>
      </trkpt>
      <trkpt lat="42.923960000" lon="-1.847620000">
        <ele>478.000</ele>
      </trkpt>
      <trkpt lat="42.924070000" lon="-1.847640000">
        <ele>478.000</ele>
      </trkpt>
      <trkpt lat="42.924080000" lon="-1.847640000">
        <ele>479.000</ele>
      </trkpt>
      <trkpt lat="42.924190000" lon="-1.847670000">
        <ele>479.000</ele>
      </trkpt>
      <trkpt lat="42.924250000" lon="-1.847680000">
        <ele>480.000</ele>
      </trkpt>
      <trkpt lat="42.924320000" lon="-1.847710000">
        <ele>480.000</ele>
      </trkpt>
      <trkpt lat="42.924410000" lon="-1.847780000">
        <ele>481.000</ele>
      </trkpt>
      <trkpt lat="42.924480000" lon="-1.847850000">
        <ele>481.000</ele>
      </trkpt>
      <trkpt lat="42.924830000" lon="-1.848250000">
        <ele>483.000</ele>
      </trkpt>
      <trkpt lat="42.924890000" lon="-1.848330000">
        <ele>484.000</ele>
      </trkpt>
      <trkpt lat="42.924960000" lon="-1.848410000">
        <ele>485.000</ele>
      </trkpt>
      <trkpt lat="42.925010000" lon="-1.848460000">
        <ele>486.000</ele>
      </trkpt>
      <trkpt lat="42.925090000" lon="-1.848500000">
        <ele>487.000</ele>
      </trkpt>
      <trkpt lat="42.925180000" lon="-1.848520000">
        <ele>487.000</ele>
      </trkpt>
      <trkpt lat="42.925250000" lon="-1.848540000">
        <ele>488.000</ele>
      </trkpt>
      <trkpt lat="42.925480000" lon="-1.848540000">
        <ele>488.000</ele>
      </trkpt>
      <trkpt lat="42.925660000" lon="-1.848540000">
        <ele>489.000</ele>
      </trkpt>
      <trkpt lat="42.925840000" lon="-1.848540000">
        <ele>489.000</ele>
      </trkpt>
      <trkpt lat="42.925850000" lon="-1.848540000">
        <ele>490.000</ele>
      </trkpt>
      <trkpt lat="42.926020000" lon="-1.848540000">
        <ele>490.000</ele>
      </trkpt>
      <trkpt lat="42.926110000" lon="-1.848550000">
        <ele>491.000</ele>
      </trkpt>
      <trkpt lat="42.926200000" lon="-1.848540000">
        <ele>492.000</ele>
      </trkpt>
      <trkpt lat="42.926300000" lon="-1.848540000">
        <ele>493.000</ele>
      </trkpt>
      <trkpt lat="42.926380000" lon="-1.848520000">
        <ele>494.000</ele>
      </trkpt>
      <trkpt lat="42.926390000" lon="-1.848520000">
        <ele>495.000</ele>
      </trkpt>
      <trkpt lat="42.926440000" lon="-1.848490000">
        <ele>495.000</ele>
      </trkpt>
      <trkpt lat="42.926520000" lon="-1.848430000">
        <ele>496.000</ele>
      </trkpt>
      <trkpt lat="42.926650000" lon="-1.848300000">
        <ele>497.000</ele>
      </trkpt>
      <trkpt lat="42.926680000" lon="-1.848250000">
        <ele>498.000</ele>
      </trkpt>
      <trkpt lat="42.926690000" lon="-1.848240000">
        <ele>499.000</ele>
      </trkpt>
      <trkpt lat="42.926840000" lon="-1.848150000">
        <ele>500.000</ele>
      </trkpt>
      <trkpt lat="42.926900000" lon="-1.848120000">
        <ele>501.000</ele>
      </trkpt>
      <trkpt lat="42.926990000" lon="-1.848090000">
        <ele>501.000</ele>
      </trkpt>
      <trkpt lat="42.927010000" lon="-1.848090000">
        <ele>502.000</ele>
      </trkpt>
      <trkpt lat="42.927090000" lon="-1.848080000">
        <ele>503.000</ele>
      </trkpt>
      <trkpt lat="42.927140000" lon="-1.848090000">
        <ele>503.000</ele>
      </trkpt>
      <trkpt lat="42.927190000" lon="-1.848120000">
        <ele>504.000</ele>
      </trkpt>
      <trkpt lat="42.927210000" lon="-1.848170000">
        <ele>505.000</ele>
      </trkpt>
      <trkpt lat="42.927220000" lon="-1.848230000">
        <ele>505.000</ele>
      </trkpt>
      <trkpt lat="42.927210000" lon="-1.848280000">
        <ele>506.000</ele>
      </trkpt>
      <trkpt lat="42.927180000" lon="-1.848340000">
        <ele>506.000</ele>
      </trkpt>
      <trkpt lat="42.927170000" lon="-1.848360000">
        <ele>506.000</ele>
      </trkpt>
      <trkpt lat="42.927110000" lon="-1.848420000">
        <ele>507.000</ele>
      </trkpt>
      <trkpt lat="42.927010000" lon="-1.848510000">
        <ele>508.000</ele>
      </trkpt>
      <trkpt lat="42.926960000" lon="-1.848610000">
        <ele>508.000</ele>
      </trkpt>
      <trkpt lat="42.926950000" lon="-1.848690000">
        <ele>509.000</ele>
      </trkpt>
      <trkpt lat="42.926940000" lon="-1.848720000">
        <ele>510.000</ele>
      </trkpt>
      <trkpt lat="42.926940000" lon="-1.848880000">
        <ele>510.000</ele>
      </trkpt>
      <trkpt lat="42.926960000" lon="-1.848980000">
        <ele>511.000</ele>
      </trkpt>
      <trkpt lat="42.926990000" lon="-1.849160000">
        <ele>511.000</ele>
      </trkpt>
      <trkpt lat="42.926990000" lon="-1.849170000">
        <ele>511.000</ele>
      </trkpt>
      <trkpt lat="42.927000000" lon="-1.849300000">
        <ele>512.000</ele>
      </trkpt>
      <trkpt lat="42.926960000" lon="-1.849400000">
        <ele>512.000</ele>
      </trkpt>
      <trkpt lat="42.926940000" lon="-1.849480000">
        <ele>512.000</ele>
      </trkpt>
      <trkpt lat="42.926910000" lon="-1.849590000">
        <ele>513.000</ele>
      </trkpt>
      <trkpt lat="42.926910000" lon="-1.849720000">
        <ele>513.000</ele>
      </trkpt>
      <trkpt lat="42.926980000" lon="-1.849860000">
        <ele>514.000</ele>
      </trkpt>
      <trkpt lat="42.927040000" lon="-1.849940000">
        <ele>515.000</ele>
      </trkpt>
      <trkpt lat="42.927130000" lon="-1.850060000">
        <ele>516.000</ele>
      </trkpt>
      <trkpt lat="42.927200000" lon="-1.850160000">
        <ele>517.000</ele>
      </trkpt>
      <trkpt lat="42.927230000" lon="-1.850230000">
        <ele>518.000</ele>
      </trkpt>
      <trkpt lat="42.927270000" lon="-1.850360000">
        <ele>519.000</ele>
      </trkpt>
      <trkpt lat="42.927280000" lon="-1.850440000">
        <ele>520.000</ele>
      </trkpt>
      <trkpt lat="42.927280000" lon="-1.850460000">
        <ele>521.000</ele>
      </trkpt>
      <trkpt lat="42.927280000" lon="-1.850610000">
        <ele>522.000</ele>
      </trkpt>
      <trkpt lat="42.927300000" lon="-1.850680000">
        <ele>523.000</ele>
      </trkpt>
      <trkpt lat="42.927320000" lon="-1.850870000">
        <ele>524.000</ele>
      </trkpt>
      <trkpt lat="42.927340000" lon="-1.850920000">
        <ele>525.000</ele>
      </trkpt>
      <trkpt lat="42.927380000" lon="-1.851050000">
        <ele>525.000</ele>
      </trkpt>
      <trkpt lat="42.927450000" lon="-1.851260000">
        <ele>526.000</ele>
      </trkpt>
      <trkpt lat="42.927470000" lon="-1.851400000">
        <ele>527.000</ele>
      </trkpt>
      <trkpt lat="42.927440000" lon="-1.851620000">
        <ele>527.000</ele>
      </trkpt>
      <trkpt lat="42.927440000" lon="-1.851650000">
        <ele>527.000</ele>
      </trkpt>
      <trkpt lat="42.927440000" lon="-1.851760000">
        <ele>528.000</ele>
      </trkpt>
      <trkpt lat="42.927450000" lon="-1.851850000">
        <ele>528.000</ele>
      </trkpt>
      <trkpt lat="42.927450000" lon="-1.851870000">
        <ele>528.000</ele>
      </trkpt>
      <trkpt lat="42.927520000" lon="-1.852010000">
        <ele>529.000</ele>
      </trkpt>
      <trkpt lat="42.927560000" lon="-1.852070000">
        <ele>530.000</ele>
      </trkpt>
      <trkpt lat="42.927590000" lon="-1.852120000">
        <ele>531.000</ele>
      </trkpt>
      <trkpt lat="42.927630000" lon="-1.852200000">
        <ele>531.000</ele>
      </trkpt>
      <trkpt lat="42.927660000" lon="-1.852300000">
        <ele>532.000</ele>
      </trkpt>
      <trkpt lat="42.927680000" lon="-1.852470000">
        <ele>534.000</ele>
      </trkpt>
      <trkpt lat="42.927690000" lon="-1.852510000">
        <ele>535.000</ele>
      </trkpt>
      <trkpt lat="42.927710000" lon="-1.852630000">
        <ele>536.000</ele>
      </trkpt>
      <trkpt lat="42.927740000" lon="-1.852750000">
        <ele>537.000</ele>
      </trkpt>
      <trkpt lat="42.927740000" lon="-1.852770000">
        <ele>538.000</ele>
      </trkpt>
      <trkpt lat="42.927750000" lon="-1.852890000">
        <ele>539.000</ele>
      </trkpt>
      <trkpt lat="42.927740000" lon="-1.852990000">
        <ele>540.000</ele>
      </trkpt>
      <trkpt lat="42.927740000" lon="-1.853020000">
        <ele>541.000</ele>
      </trkpt>
      <trkpt lat="42.927670000" lon="-1.853210000">
        <ele>542.000</ele>
      </trkpt>
      <trkpt lat="42.927660000" lon="-1.853230000">
        <ele>543.000</ele>
      </trkpt>
      <trkpt lat="42.927560000" lon="-1.853410000">
        <ele>543.000</ele>
      </trkpt>
      <trkpt lat="42.927480000" lon="-1.853550000">
        <ele>543.000</ele>
      </trkpt>
      <trkpt lat="42.927440000" lon="-1.853630000">
        <ele>543.000</ele>
      </trkpt>
      <trkpt lat="42.927390000" lon="-1.853790000">
        <ele>543.000</ele>
      </trkpt>
      <trkpt lat="42.927380000" lon="-1.853830000">
        <ele>543.000</ele>
      </trkpt>
      <trkpt lat="42.927370000" lon="-1.853880000">
        <ele>542.000</ele>
      </trkpt>
      <trkpt lat="42.927360000" lon="-1.853990000">
        <ele>542.000</ele>
      </trkpt>
      <trkpt lat="42.927360000" lon="-1.854070000">
        <ele>542.000</ele>
      </trkpt>
      <trkpt lat="42.927360000" lon="-1.854080000">
        <ele>542.000</ele>
      </trkpt>
      <trkpt lat="42.927340000" lon="-1.854190000">
        <ele>542.000</ele>
      </trkpt>
      <trkpt lat="42.927320000" lon="-1.854310000">
        <ele>543.000</ele>
      </trkpt>
      <trkpt lat="42.927300000" lon="-1.854370000">
        <ele>543.000</ele>
      </trkpt>
      <trkpt lat="42.927290000" lon="-1.854480000">
        <ele>544.000</ele>
      </trkpt>
      <trkpt lat="42.927280000" lon="-1.854550000">
        <ele>545.000</ele>
      </trkpt>
      <trkpt lat="42.927280000" lon="-1.854680000">
        <ele>545.000</ele>
      </trkpt>
      <trkpt lat="42.927280000" lon="-1.854800000">
        <ele>546.000</ele>
      </trkpt>
      <trkpt lat="42.927280000" lon="-1.854830000">
        <ele>547.000</ele>
      </trkpt>
      <trkpt lat="42.927280000" lon="-1.854880000">
        <ele>548.000</ele>
      </trkpt>
      <trkpt lat="42.927300000" lon="-1.855000000">
        <ele>548.000</ele>
      </trkpt>
      <trkpt lat="42.927390000" lon="-1.855210000">
        <ele>550.000</ele>
      </trkpt>
      <trkpt lat="42.927440000" lon="-1.855380000">
        <ele>551.000</ele>
      </trkpt>
      <trkpt lat="42.927450000" lon="-1.855420000">
        <ele>552.000</ele>
      </trkpt>
      <trkpt lat="42.927450000" lon="-1.855420000">
        <ele>553.000</ele>
      </trkpt>
      <trkpt lat="42.927470000" lon="-1.855480000">
        <ele>553.000</ele>
      </trkpt>
      <trkpt lat="42.927480000" lon="-1.855550000">
        <ele>554.000</ele>
      </trkpt>
      <trkpt lat="42.927510000" lon="-1.855710000">
        <ele>555.000</ele>
      </trkpt>
      <trkpt lat="42.927510000" lon="-1.855720000">
        <ele>555.000</ele>
      </trkpt>
      <trkpt lat="42.927510000" lon="-1.855810000">
        <ele>556.000</ele>
      </trkpt>
      <trkpt lat="42.927510000" lon="-1.855960000">
        <ele>556.000</ele>
      </trkpt>
      <trkpt lat="42.927510000" lon="-1.855990000">
        <ele>557.000</ele>
      </trkpt>
      <trkpt lat="42.927480000" lon="-1.856200000">
        <ele>557.000</ele>
      </trkpt>
      <trkpt lat="42.927480000" lon="-1.856210000">
        <ele>558.000</ele>
      </trkpt>
      <trkpt lat="42.927480000" lon="-1.856400000">
        <ele>559.000</ele>
      </trkpt>
      <trkpt lat="42.927490000" lon="-1.856450000">
        <ele>559.000</ele>
      </trkpt>
      <trkpt lat="42.927510000" lon="-1.856570000">
        <ele>560.000</ele>
      </trkpt>
      <trkpt lat="42.927530000" lon="-1.856690000">
        <ele>560.000</ele>
      </trkpt>
      <trkpt lat="42.927530000" lon="-1.856700000">
        <ele>560.000</ele>
      </trkpt>
      <trkpt lat="42.927590000" lon="-1.856880000">
        <ele>560.000</ele>
      </trkpt>
      <trkpt lat="42.927660000" lon="-1.857020000">
        <ele>560.000</ele>
      </trkpt>
      <trkpt lat="42.927700000" lon="-1.857120000">
        <ele>560.000</ele>
      </trkpt>
      <trkpt lat="42.927730000" lon="-1.857200000">
        <ele>560.000</ele>
      </trkpt>
      <trkpt lat="42.927750000" lon="-1.857270000">
        <ele>559.000</ele>
      </trkpt>
      <trkpt lat="42.927750000" lon="-1.857350000">
        <ele>559.000</ele>
      </trkpt>
      <trkpt lat="42.927750000" lon="-1.857360000">
        <ele>559.000</ele>
      </trkpt>
      <trkpt lat="42.927740000" lon="-1.857590000">
        <ele>559.000</ele>
      </trkpt>
      <trkpt lat="42.927740000" lon="-1.857660000">
        <ele>559.000</ele>
      </trkpt>
      <trkpt lat="42.927710000" lon="-1.857840000">
        <ele>559.000</ele>
      </trkpt>
      <trkpt lat="42.927680000" lon="-1.858080000">
        <ele>560.000</ele>
      </trkpt>
      <trkpt lat="42.927650000" lon="-1.858320000">
        <ele>561.000</ele>
      </trkpt>
      <trkpt lat="42.927630000" lon="-1.858410000">
        <ele>562.000</ele>
      </trkpt>
      <trkpt lat="42.927560000" lon="-1.858800000">
        <ele>565.000</ele>
      </trkpt>
      <trkpt lat="42.927520000" lon="-1.859030000">
        <ele>566.000</ele>
      </trkpt>
      <trkpt lat="42.927490000" lon="-1.859170000">
        <ele>568.000</ele>
      </trkpt>
      <trkpt lat="42.927470000" lon="-1.859270000">
        <ele>568.000</ele>
      </trkpt>
      <trkpt lat="42.927430000" lon="-1.859420000">
        <ele>569.000</ele>
      </trkpt>
      <trkpt lat="42.927410000" lon="-1.859500000">
        <ele>569.000</ele>
      </trkpt>
      <trkpt lat="42.927390000" lon="-1.859560000">
        <ele>569.000</ele>
      </trkpt>
      <trkpt lat="42.927370000" lon="-1.859730000">
        <ele>570.000</ele>
      </trkpt>
      <trkpt lat="42.927370000" lon="-1.859740000">
        <ele>570.000</ele>
      </trkpt>
      <trkpt lat="42.927370000" lon="-1.859870000">
        <ele>570.000</ele>
      </trkpt>
      <trkpt lat="42.927380000" lon="-1.859990000">
        <ele>570.000</ele>
      </trkpt>
      <trkpt lat="42.927390000" lon="-1.860070000">
        <ele>570.000</ele>
      </trkpt>
      <trkpt lat="42.927420000" lon="-1.860230000">
        <ele>570.000</ele>
      </trkpt>
      <trkpt lat="42.927450000" lon="-1.860410000">
        <ele>571.000</ele>
      </trkpt>
      <trkpt lat="42.927490000" lon="-1.860630000">
        <ele>571.000</ele>
      </trkpt>
      <trkpt lat="42.927490000" lon="-1.860710000">
        <ele>572.000</ele>
      </trkpt>
      <trkpt lat="42.927500000" lon="-1.860770000">
        <ele>572.000</ele>
      </trkpt>
      <trkpt lat="42.927480000" lon="-1.860950000">
        <ele>573.000</ele>
      </trkpt>
      <trkpt lat="42.927460000" lon="-1.861190000">
        <ele>573.000</ele>
      </trkpt>
      <trkpt lat="42.927440000" lon="-1.861400000">
        <ele>574.000</ele>
      </trkpt>
      <trkpt lat="42.927440000" lon="-1.861510000">
        <ele>575.000</ele>
      </trkpt>
      <trkpt lat="42.927460000" lon="-1.861580000">
        <ele>575.000</ele>
      </trkpt>
      <trkpt lat="42.927490000" lon="-1.861670000">
        <ele>576.000</ele>
      </trkpt>
      <trkpt lat="42.927500000" lon="-1.861670000">
        <ele>576.000</ele>
      </trkpt>
      <trkpt lat="42.927600000" lon="-1.861770000">
        <ele>577.000</ele>
      </trkpt>
      <trkpt lat="42.927650000" lon="-1.861800000">
        <ele>577.000</ele>
      </trkpt>
      <trkpt lat="42.927750000" lon="-1.861850000">
        <ele>578.000</ele>
      </trkpt>
      <trkpt lat="42.927810000" lon="-1.861900000">
        <ele>578.000</ele>
      </trkpt>
      <trkpt lat="42.927970000" lon="-1.862010000">
        <ele>579.000</ele>
      </trkpt>
      <trkpt lat="42.928080000" lon="-1.862080000">
        <ele>580.000</ele>
      </trkpt>
      <trkpt lat="42.928130000" lon="-1.862110000">
        <ele>580.000</ele>
      </trkpt>
      <trkpt lat="42.928280000" lon="-1.862190000">
        <ele>581.000</ele>
      </trkpt>
      <trkpt lat="42.928370000" lon="-1.862210000">
        <ele>582.000</ele>
      </trkpt>
      <trkpt lat="42.928480000" lon="-1.862220000">
        <ele>583.000</ele>
      </trkpt>
      <trkpt lat="42.928490000" lon="-1.862220000">
        <ele>584.000</ele>
      </trkpt>
      <trkpt lat="42.928610000" lon="-1.862220000">
        <ele>585.000</ele>
      </trkpt>
      <trkpt lat="42.928660000" lon="-1.862230000">
        <ele>585.000</ele>
      </trkpt>
      <trkpt lat="42.928770000" lon="-1.862260000">
        <ele>586.000</ele>
      </trkpt>
      <trkpt lat="42.928840000" lon="-1.862290000">
        <ele>587.000</ele>
      </trkpt>
      <trkpt lat="42.928950000" lon="-1.862340000">
        <ele>588.000</ele>
      </trkpt>
      <trkpt lat="42.929010000" lon="-1.862360000">
        <ele>589.000</ele>
      </trkpt>
      <trkpt lat="42.929020000" lon="-1.862360000">
        <ele>589.000</ele>
      </trkpt>
      <trkpt lat="42.929080000" lon="-1.862370000">
        <ele>590.000</ele>
      </trkpt>
      <trkpt lat="42.929270000" lon="-1.862330000">
        <ele>591.000</ele>
      </trkpt>
      <trkpt lat="42.929430000" lon="-1.862280000">
        <ele>592.000</ele>
      </trkpt>
      <trkpt lat="42.929540000" lon="-1.862230000">
        <ele>593.000</ele>
      </trkpt>
      <trkpt lat="42.929690000" lon="-1.862100000">
        <ele>594.000</ele>
      </trkpt>
      <trkpt lat="42.929760000" lon="-1.862040000">
        <ele>595.000</ele>
      </trkpt>
      <trkpt lat="42.929900000" lon="-1.861990000">
        <ele>596.000</ele>
      </trkpt>
      <trkpt lat="42.930030000" lon="-1.861960000">
        <ele>597.000</ele>
      </trkpt>
      <trkpt lat="42.930150000" lon="-1.861970000">
        <ele>598.000</ele>
      </trkpt>
      <trkpt lat="42.930210000" lon="-1.861990000">
        <ele>599.000</ele>
      </trkpt>
      <trkpt lat="42.930320000" lon="-1.862050000">
        <ele>599.000</ele>
      </trkpt>
      <trkpt lat="42.930500000" lon="-1.862190000">
        <ele>600.000</ele>
      </trkpt>
      <trkpt lat="42.930520000" lon="-1.862220000">
        <ele>601.000</ele>
      </trkpt>
      <trkpt lat="42.930590000" lon="-1.862290000">
        <ele>601.000</ele>
      </trkpt>
      <trkpt lat="42.930620000" lon="-1.862380000">
        <ele>601.000</ele>
      </trkpt>
      <trkpt lat="42.930630000" lon="-1.862450000">
        <ele>602.000</ele>
      </trkpt>
      <trkpt lat="42.930610000" lon="-1.862530000">
        <ele>602.000</ele>
      </trkpt>
      <trkpt lat="42.930560000" lon="-1.862630000">
        <ele>603.000</ele>
      </trkpt>
      <trkpt lat="42.930550000" lon="-1.862650000">
        <ele>603.000</ele>
      </trkpt>
      <trkpt lat="42.930470000" lon="-1.862780000">
        <ele>604.000</ele>
      </trkpt>
      <trkpt lat="42.930450000" lon="-1.862830000">
        <ele>604.000</ele>
      </trkpt>
      <trkpt lat="42.930430000" lon="-1.862900000">
        <ele>604.000</ele>
      </trkpt>
      <trkpt lat="42.930410000" lon="-1.863030000">
        <ele>605.000</ele>
      </trkpt>
      <trkpt lat="42.930410000" lon="-1.863140000">
        <ele>605.000</ele>
      </trkpt>
      <trkpt lat="42.930420000" lon="-1.863310000">
        <ele>606.000</ele>
      </trkpt>
      <trkpt lat="42.930420000" lon="-1.863360000">
        <ele>607.000</ele>
      </trkpt>
      <trkpt lat="42.930410000" lon="-1.863500000">
        <ele>607.000</ele>
      </trkpt>
      <trkpt lat="42.930400000" lon="-1.863550000">
        <ele>608.000</ele>
      </trkpt>
      <trkpt lat="42.930350000" lon="-1.863700000">
        <ele>608.000</ele>
      </trkpt>
      <trkpt lat="42.930330000" lon="-1.863790000">
        <ele>609.000</ele>
      </trkpt>
      <trkpt lat="42.930280000" lon="-1.864260000">
        <ele>609.000</ele>
      </trkpt>
      <trkpt lat="42.930220000" lon="-1.864750000">
        <ele>610.000</ele>
      </trkpt>
      <trkpt lat="42.930210000" lon="-1.864950000">
        <ele>610.000</ele>
      </trkpt>
      <trkpt lat="42.930210000" lon="-1.864990000">
        <ele>611.000</ele>
      </trkpt>
      <trkpt lat="42.930220000" lon="-1.865090000">
        <ele>611.000</ele>
      </trkpt>
      <trkpt lat="42.930230000" lon="-1.865210000">
        <ele>612.000</ele>
      </trkpt>
      <trkpt lat="42.930280000" lon="-1.865380000">
        <ele>612.000</ele>
      </trkpt>
      <trkpt lat="42.930310000" lon="-1.865500000">
        <ele>612.000</ele>
      </trkpt>
      <trkpt lat="42.930390000" lon="-1.865750000">
        <ele>613.000</ele>
      </trkpt>
      <trkpt lat="42.930470000" lon="-1.865890000">
        <ele>613.000</ele>
      </trkpt>
      <trkpt lat="42.930500000" lon="-1.865950000">
        <ele>614.000</ele>
      </trkpt>
      <trkpt lat="42.930670000" lon="-1.866140000">
        <ele>614.000</ele>
      </trkpt>
      <trkpt lat="42.930720000" lon="-1.866220000">
        <ele>615.000</ele>
      </trkpt>
      <trkpt lat="42.930720000" lon="-1.866240000">
        <ele>615.000</ele>
      </trkpt>
      <trkpt lat="42.930750000" lon="-1.866310000">
        <ele>616.000</ele>
      </trkpt>
      <trkpt lat="42.930760000" lon="-1.866400000">
        <ele>616.000</ele>
      </trkpt>
      <trkpt lat="42.930760000" lon="-1.866480000">
        <ele>616.000</ele>
      </trkpt>
      <trkpt lat="42.930770000" lon="-1.866720000">
        <ele>617.000</ele>
      </trkpt>
      <trkpt lat="42.930770000" lon="-1.866760000">
        <ele>617.000</ele>
      </trkpt>
      <trkpt lat="42.930770000" lon="-1.866830000">
        <ele>617.000</ele>
      </trkpt>
      <trkpt lat="42.930790000" lon="-1.866870000">
        <ele>618.000</ele>
      </trkpt>
      <trkpt lat="42.930810000" lon="-1.866890000">
        <ele>618.000</ele>
      </trkpt>
      <trkpt lat="42.930850000" lon="-1.866900000">
        <ele>618.000</ele>
      </trkpt>
      <trkpt lat="42.930850000" lon="-1.866890000">
        <ele>618.000</ele>
      </trkpt>
      <trkpt lat="42.930880000" lon="-1.866880000">
        <ele>618.000</ele>
      </trkpt>
      <trkpt lat="42.930900000" lon="-1.866850000">
        <ele>619.000</ele>
      </trkpt>
      <trkpt lat="42.930910000" lon="-1.866770000">
        <ele>619.000</ele>
      </trkpt>
      <trkpt lat="42.930900000" lon="-1.866690000">
        <ele>619.000</ele>
      </trkpt>
      <trkpt lat="42.930890000" lon="-1.866550000">
        <ele>619.000</ele>
      </trkpt>
      <trkpt lat="42.930870000" lon="-1.866450000">
        <ele>620.000</ele>
      </trkpt>
      <trkpt lat="42.930830000" lon="-1.866220000">
        <ele>620.000</ele>
      </trkpt>
      <trkpt lat="42.930830000" lon="-1.866210000">
        <ele>620.000</ele>
      </trkpt>
      <trkpt lat="42.930780000" lon="-1.866080000">
        <ele>621.000</ele>
      </trkpt>
      <trkpt lat="42.930730000" lon="-1.866010000">
        <ele>621.000</ele>
      </trkpt>
      <trkpt lat="42.930650000" lon="-1.865900000">
        <ele>621.000</ele>
      </trkpt>
      <trkpt lat="42.930620000" lon="-1.865810000">
        <ele>622.000</ele>
      </trkpt>
      <trkpt lat="42.930550000" lon="-1.865630000">
        <ele>622.000</ele>
      </trkpt>
      <trkpt lat="42.930540000" lon="-1.865590000">
        <ele>622.000</ele>
      </trkpt>
      <trkpt lat="42.930500000" lon="-1.865450000">
        <ele>623.000</ele>
      </trkpt>
      <trkpt lat="42.930490000" lon="-1.865360000">
        <ele>623.000</ele>
      </trkpt>
      <trkpt lat="42.930480000" lon="-1.865220000">
        <ele>624.000</ele>
      </trkpt>
      <trkpt lat="42.930460000" lon="-1.864990000">
        <ele>625.000</ele>
      </trkpt>
      <trkpt lat="42.930490000" lon="-1.864850000">
        <ele>626.000</ele>
      </trkpt>
      <trkpt lat="42.930510000" lon="-1.864690000">
        <ele>627.000</ele>
      </trkpt>
      <trkpt lat="42.930530000" lon="-1.864630000">
        <ele>628.000</ele>
      </trkpt>
      <trkpt lat="42.930560000" lon="-1.864520000">
        <ele>629.000</ele>
      </trkpt>
      <trkpt lat="42.930600000" lon="-1.864410000">
        <ele>630.000</ele>
      </trkpt>
      <trkpt lat="42.930670000" lon="-1.864180000">
        <ele>631.000</ele>
      </trkpt>
      <trkpt lat="42.930730000" lon="-1.864000000">
        <ele>631.000</ele>
      </trkpt>
      <trkpt lat="42.930740000" lon="-1.863960000">
        <ele>632.000</ele>
      </trkpt>
      <trkpt lat="42.930830000" lon="-1.863750000">
        <ele>632.000</ele>
      </trkpt>
      <trkpt lat="42.930830000" lon="-1.863740000">
        <ele>633.000</ele>
      </trkpt>
      <trkpt lat="42.930920000" lon="-1.863530000">
        <ele>633.000</ele>
      </trkpt>
      <trkpt lat="42.930930000" lon="-1.863500000">
        <ele>634.000</ele>
      </trkpt>
      <trkpt lat="42.931010000" lon="-1.863320000">
        <ele>634.000</ele>
      </trkpt>
      <trkpt lat="42.931060000" lon="-1.863120000">
        <ele>635.000</ele>
      </trkpt>
      <trkpt lat="42.931070000" lon="-1.863090000">
        <ele>635.000</ele>
      </trkpt>
      <trkpt lat="42.931120000" lon="-1.862850000">
        <ele>636.000</ele>
      </trkpt>
      <trkpt lat="42.931140000" lon="-1.862750000">
        <ele>636.000</ele>
      </trkpt>
      <trkpt lat="42.931180000" lon="-1.862620000">
        <ele>637.000</ele>
      </trkpt>
      <trkpt lat="42.931240000" lon="-1.862390000">
        <ele>638.000</ele>
      </trkpt>
      <trkpt lat="42.931330000" lon="-1.862050000">
        <ele>639.000</ele>
      </trkpt>
      <trkpt lat="42.931440000" lon="-1.861700000">
        <ele>641.000</ele>
      </trkpt>
      <trkpt lat="42.931500000" lon="-1.861470000">
        <ele>642.000</ele>
      </trkpt>
      <trkpt lat="42.931500000" lon="-1.861460000">
        <ele>643.000</ele>
      </trkpt>
      <trkpt lat="42.931530000" lon="-1.861270000">
        <ele>644.000</ele>
      </trkpt>
      <trkpt lat="42.931530000" lon="-1.861230000">
        <ele>645.000</ele>
      </trkpt>
      <trkpt lat="42.931520000" lon="-1.861060000">
        <ele>645.000</ele>
      </trkpt>
      <trkpt lat="42.931490000" lon="-1.860940000">
        <ele>646.000</ele>
      </trkpt>
      <trkpt lat="42.931430000" lon="-1.860760000">
        <ele>647.000</ele>
      </trkpt>
      <trkpt lat="42.931400000" lon="-1.860670000">
        <ele>648.000</ele>
      </trkpt>
      <trkpt lat="42.931370000" lon="-1.860510000">
        <ele>648.000</ele>
      </trkpt>
      <trkpt lat="42.931350000" lon="-1.860330000">
        <ele>649.000</ele>
      </trkpt>
      <trkpt lat="42.931350000" lon="-1.860040000">
        <ele>651.000</ele>
      </trkpt>
      <trkpt lat="42.931350000" lon="-1.859940000">
        <ele>652.000</ele>
      </trkpt>
      <trkpt lat="42.931350000" lon="-1.859790000">
        <ele>653.000</ele>
      </trkpt>
      <trkpt lat="42.931360000" lon="-1.859670000">
        <ele>654.000</ele>
      </trkpt>
      <trkpt lat="42.931340000" lon="-1.859540000">
        <ele>654.000</ele>
      </trkpt>
      <trkpt lat="42.931310000" lon="-1.859450000">
        <ele>655.000</ele>
      </trkpt>
      <trkpt lat="42.931250000" lon="-1.859350000">
        <ele>656.000</ele>
      </trkpt>
      <trkpt lat="42.931240000" lon="-1.859350000">
        <ele>656.000</ele>
      </trkpt>
      <trkpt lat="42.931200000" lon="-1.859280000">
        <ele>656.000</ele>
      </trkpt>
      <trkpt lat="42.931140000" lon="-1.859160000">
        <ele>657.000</ele>
      </trkpt>
      <trkpt lat="42.931140000" lon="-1.859150000">
        <ele>657.000</ele>
      </trkpt>
      <trkpt lat="42.931090000" lon="-1.858930000">
        <ele>658.000</ele>
      </trkpt>
      <trkpt lat="42.931090000" lon="-1.858910000">
        <ele>658.000</ele>
      </trkpt>
      <trkpt lat="42.931060000" lon="-1.858710000">
        <ele>659.000</ele>
      </trkpt>
      <trkpt lat="42.931060000" lon="-1.858670000">
        <ele>659.000</ele>
      </trkpt>
      <trkpt lat="42.931050000" lon="-1.858600000">
        <ele>659.000</ele>
      </trkpt>
      <trkpt lat="42.931070000" lon="-1.858560000">
        <ele>659.000</ele>
      </trkpt>
      <trkpt lat="42.931090000" lon="-1.858550000">
        <ele>660.000</ele>
      </trkpt>
      <trkpt lat="42.931130000" lon="-1.858550000">
        <ele>660.000</ele>
      </trkpt>
      <trkpt lat="42.931150000" lon="-1.858570000">
        <ele>660.000</ele>
      </trkpt>
      <trkpt lat="42.931160000" lon="-1.858580000">
        <ele>660.000</ele>
      </trkpt>
      <trkpt lat="42.931180000" lon="-1.858650000">
        <ele>660.000</ele>
      </trkpt>
      <trkpt lat="42.931210000" lon="-1.858810000">
        <ele>661.000</ele>
      </trkpt>
      <trkpt lat="42.931240000" lon="-1.858960000">
        <ele>661.000</ele>
      </trkpt>
      <trkpt lat="42.931250000" lon="-1.859040000">
        <ele>661.000</ele>
      </trkpt>
      <trkpt lat="42.931260000" lon="-1.859040000">
        <ele>661.000</ele>
      </trkpt>
      <trkpt lat="42.931320000" lon="-1.859180000">
        <ele>661.000</ele>
      </trkpt>
      <trkpt lat="42.931480000" lon="-1.859290000">
        <ele>662.000</ele>
      </trkpt>
      <trkpt lat="42.931540000" lon="-1.859330000">
        <ele>662.000</ele>
      </trkpt>
      <trkpt lat="42.931560000" lon="-1.859350000">
        <ele>662.000</ele>
      </trkpt>
      <trkpt lat="42.931600000" lon="-1.859420000">
        <ele>662.000</ele>
      </trkpt>
      <trkpt lat="42.931610000" lon="-1.859480000">
        <ele>662.000</ele>
      </trkpt>
      <trkpt lat="42.931610000" lon="-1.859580000">
        <ele>663.000</ele>
      </trkpt>
      <trkpt lat="42.931560000" lon="-1.859760000">
        <ele>663.000</ele>
      </trkpt>
      <trkpt lat="42.931550000" lon="-1.859810000">
        <ele>663.000</ele>
      </trkpt>
      <trkpt lat="42.931530000" lon="-1.859920000">
        <ele>664.000</ele>
      </trkpt>
      <trkpt lat="42.931530000" lon="-1.860010000">
        <ele>664.000</ele>
      </trkpt>
      <trkpt lat="42.931540000" lon="-1.860030000">
        <ele>665.000</ele>
      </trkpt>
      <trkpt lat="42.931560000" lon="-1.860200000">
        <ele>665.000</ele>
      </trkpt>
      <trkpt lat="42.931650000" lon="-1.860460000">
        <ele>666.000</ele>
      </trkpt>
      <trkpt lat="42.931700000" lon="-1.860600000">
        <ele>666.000</ele>
      </trkpt>
      <trkpt lat="42.931770000" lon="-1.860770000">
        <ele>667.000</ele>
      </trkpt>
      <trkpt lat="42.931800000" lon="-1.860890000">
        <ele>668.000</ele>
      </trkpt>
      <trkpt lat="42.931810000" lon="-1.861150000">
        <ele>669.000</ele>
      </trkpt>
      <trkpt lat="42.931810000" lon="-1.861650000">
        <ele>670.000</ele>
      </trkpt>
      <trkpt lat="42.931810000" lon="-1.861670000">
        <ele>671.000</ele>
      </trkpt>
      <trkpt lat="42.931810000" lon="-1.861890000">
        <ele>672.000</ele>
      </trkpt>
      <trkpt lat="42.931800000" lon="-1.862140000">
        <ele>673.000</ele>
      </trkpt>
      <trkpt lat="42.931800000" lon="-1.862160000">
        <ele>674.000</ele>
      </trkpt>
      <trkpt lat="42.931800000" lon="-1.862350000">
        <ele>675.000</ele>
      </trkpt>
      <trkpt lat="42.931780000" lon="-1.862630000">
        <ele>676.000</ele>
      </trkpt>
      <trkpt lat="42.931770000" lon="-1.862800000">
        <ele>677.000</ele>
      </trkpt>
      <trkpt lat="42.931760000" lon="-1.862870000">
        <ele>678.000</ele>
      </trkpt>
      <trkpt lat="42.931750000" lon="-1.863120000">
        <ele>679.000</ele>
      </trkpt>
      <trkpt lat="42.931740000" lon="-1.863320000">
        <ele>680.000</ele>
      </trkpt>
      <trkpt lat="42.931720000" lon="-1.863510000">
        <ele>680.000</ele>
      </trkpt>
      <trkpt lat="42.931700000" lon="-1.863600000">
        <ele>681.000</ele>
      </trkpt>
      <trkpt lat="42.931670000" lon="-1.863720000">
        <ele>682.000</ele>
      </trkpt>
      <trkpt lat="42.931540000" lon="-1.864050000">
        <ele>682.000</ele>
      </trkpt>
      <trkpt lat="42.931520000" lon="-1.864180000">
        <ele>683.000</ele>
      </trkpt>
      <trkpt lat="42.931510000" lon="-1.864270000">
        <ele>683.000</ele>
      </trkpt>
      <trkpt lat="42.931510000" lon="-1.864280000">
        <ele>684.000</ele>
      </trkpt>
      <trkpt lat="42.931520000" lon="-1.864370000">
        <ele>684.000</ele>
      </trkpt>
      <trkpt lat="42.931540000" lon="-1.864450000">
        <ele>685.000</ele>
      </trkpt>
      <trkpt lat="42.931570000" lon="-1.864510000">
        <ele>685.000</ele>
      </trkpt>
      <trkpt lat="42.931690000" lon="-1.864700000">
        <ele>686.000</ele>
      </trkpt>
      <trkpt lat="42.931790000" lon="-1.864870000">
        <ele>686.000</ele>
      </trkpt>
      <trkpt lat="42.931800000" lon="-1.864890000">
        <ele>687.000</ele>
      </trkpt>
      <trkpt lat="42.931870000" lon="-1.865040000">
        <ele>688.000</ele>
      </trkpt>
      <trkpt lat="42.931890000" lon="-1.865100000">
        <ele>688.000</ele>
      </trkpt>
      <trkpt lat="42.931910000" lon="-1.865200000">
        <ele>689.000</ele>
      </trkpt>
      <trkpt lat="42.931940000" lon="-1.865350000">
        <ele>689.000</ele>
      </trkpt>
      <trkpt lat="42.931940000" lon="-1.865580000">
        <ele>690.000</ele>
      </trkpt>
      <trkpt lat="42.931940000" lon="-1.865600000">
        <ele>691.000</ele>
      </trkpt>
      <trkpt lat="42.931940000" lon="-1.866070000">
        <ele>691.000</ele>
      </trkpt>
      <trkpt lat="42.931960000" lon="-1.866560000">
        <ele>692.000</ele>
      </trkpt>
      <trkpt lat="42.931970000" lon="-1.866650000">
        <ele>693.000</ele>
      </trkpt>
      <trkpt lat="42.931960000" lon="-1.866950000">
        <ele>694.000</ele>
      </trkpt>
      <trkpt lat="42.931940000" lon="-1.867300000">
        <ele>696.000</ele>
      </trkpt>
      <trkpt lat="42.931930000" lon="-1.867500000">
        <ele>697.000</ele>
      </trkpt>
      <trkpt lat="42.931920000" lon="-1.867780000">
        <ele>698.000</ele>
      </trkpt>
      <trkpt lat="42.931930000" lon="-1.868040000">
        <ele>699.000</ele>
      </trkpt>
      <trkpt lat="42.931940000" lon="-1.868300000">
        <ele>700.000</ele>
      </trkpt>
      <trkpt lat="42.931960000" lon="-1.868530000">
        <ele>701.000</ele>
      </trkpt>
      <trkpt lat="42.931960000" lon="-1.868550000">
        <ele>702.000</ele>
      </trkpt>
      <trkpt lat="42.931960000" lon="-1.868590000">
        <ele>703.000</ele>
      </trkpt>
      <trkpt lat="42.931980000" lon="-1.868770000">
        <ele>703.000</ele>
      </trkpt>
      <trkpt lat="42.931990000" lon="-1.868930000">
        <ele>704.000</ele>
      </trkpt>
      <trkpt lat="42.932010000" lon="-1.869160000">
        <ele>705.000</ele>
      </trkpt>
      <trkpt lat="42.932030000" lon="-1.869820000">
        <ele>706.000</ele>
      </trkpt>
      <trkpt lat="42.932030000" lon="-1.869990000">
        <ele>708.000</ele>
      </trkpt>
      <trkpt lat="42.932030000" lon="-1.870200000">
        <ele>709.000</ele>
      </trkpt>
      <trkpt lat="42.932030000" lon="-1.870730000">
        <ele>710.000</ele>
      </trkpt>
      <trkpt lat="42.932030000" lon="-1.870980000">
        <ele>712.000</ele>
      </trkpt>
      <trkpt lat="42.932030000" lon="-1.871040000">
        <ele>713.000</ele>
      </trkpt>
      <trkpt lat="42.932060000" lon="-1.871490000">
        <ele>714.000</ele>
      </trkpt>
      <trkpt lat="42.932160000" lon="-1.872690000">
        <ele>717.000</ele>
      </trkpt>
      <trkpt lat="42.932160000" lon="-1.872700000">
        <ele>719.000</ele>
      </trkpt>
      <trkpt lat="42.932180000" lon="-1.872930000">
        <ele>721.000</ele>
      </trkpt>
      <trkpt lat="42.932200000" lon="-1.873160000">
        <ele>722.000</ele>
      </trkpt>
      <trkpt lat="42.932200000" lon="-1.873170000">
        <ele>723.000</ele>
      </trkpt>
      <trkpt lat="42.932240000" lon="-1.873400000">
        <ele>724.000</ele>
      </trkpt>
      <trkpt lat="42.932320000" lon="-1.873640000">
        <ele>725.000</ele>
      </trkpt>
      <trkpt lat="42.932330000" lon="-1.873680000">
        <ele>726.000</ele>
      </trkpt>
      <trkpt lat="42.932440000" lon="-1.873950000">
        <ele>727.000</ele>
      </trkpt>
      <trkpt lat="42.932600000" lon="-1.874260000">
        <ele>728.000</ele>
      </trkpt>
      <trkpt lat="42.932700000" lon="-1.874470000">
        <ele>730.000</ele>
      </trkpt>
      <trkpt lat="42.932810000" lon="-1.874690000">
        <ele>732.000</ele>
      </trkpt>
      <trkpt lat="42.932880000" lon="-1.874890000">
        <ele>733.000</ele>
      </trkpt>
      <trkpt lat="42.932910000" lon="-1.874970000">
        <ele>734.000</ele>
      </trkpt>
      <trkpt lat="42.932940000" lon="-1.875100000">
        <ele>735.000</ele>
      </trkpt>
      <trkpt lat="42.932940000" lon="-1.875140000">
        <ele>735.000</ele>
      </trkpt>
      <trkpt lat="42.932940000" lon="-1.875370000">
        <ele>735.000</ele>
      </trkpt>
      <trkpt lat="42.932940000" lon="-1.875430000">
        <ele>735.000</ele>
      </trkpt>
      <trkpt lat="42.932950000" lon="-1.875520000">
        <ele>735.000</ele>
      </trkpt>
      <trkpt lat="42.932980000" lon="-1.875590000">
        <ele>735.000</ele>
      </trkpt>
      <trkpt lat="42.932990000" lon="-1.875600000">
        <ele>735.000</ele>
      </trkpt>
      <trkpt lat="42.933120000" lon="-1.875760000">
        <ele>735.000</ele>
      </trkpt>
      <trkpt lat="42.933140000" lon="-1.875770000">
        <ele>735.000</ele>
      </trkpt>
      <trkpt lat="42.933200000" lon="-1.875860000">
        <ele>736.000</ele>
      </trkpt>
      <trkpt lat="42.933270000" lon="-1.876110000">
        <ele>737.000</ele>
      </trkpt>
      <trkpt lat="42.933320000" lon="-1.876240000">
        <ele>738.000</ele>
      </trkpt>
      <trkpt lat="42.933390000" lon="-1.876390000">
        <ele>739.000</ele>
      </trkpt>
      <trkpt lat="42.933450000" lon="-1.876540000">
        <ele>739.000</ele>
      </trkpt>
      <trkpt lat="42.933550000" lon="-1.876740000">
        <ele>741.000</ele>
      </trkpt>
      <trkpt lat="42.933580000" lon="-1.876850000">
        <ele>741.000</ele>
      </trkpt>
      <trkpt lat="42.933610000" lon="-1.877070000">
        <ele>743.000</ele>
      </trkpt>
      <trkpt lat="42.933650000" lon="-1.877200000">
        <ele>744.000</ele>
      </trkpt>
      <trkpt lat="42.933680000" lon="-1.877280000">
        <ele>744.000</ele>
      </trkpt>
      <trkpt lat="42.933690000" lon="-1.877290000">
        <ele>745.000</ele>
      </trkpt>
      <trkpt lat="42.933720000" lon="-1.877350000">
        <ele>745.000</ele>
      </trkpt>
      <trkpt lat="42.933870000" lon="-1.877690000">
        <ele>746.000</ele>
      </trkpt>
      <trkpt lat="42.933960000" lon="-1.877870000">
        <ele>747.000</ele>
      </trkpt>
      <trkpt lat="42.933970000" lon="-1.877900000">
        <ele>748.000</ele>
      </trkpt>
      <trkpt lat="42.934060000" lon="-1.878110000">
        <ele>749.000</ele>
      </trkpt>
      <trkpt lat="42.934170000" lon="-1.878340000">
        <ele>750.000</ele>
      </trkpt>
      <trkpt lat="42.934260000" lon="-1.878540000">
        <ele>750.000</ele>
      </trkpt>
      <trkpt lat="42.934350000" lon="-1.878740000">
        <ele>751.000</ele>
      </trkpt>
      <trkpt lat="42.934430000" lon="-1.878920000">
        <ele>752.000</ele>
      </trkpt>
      <trkpt lat="42.934440000" lon="-1.878940000">
        <ele>753.000</ele>
      </trkpt>
      <trkpt lat="42.934520000" lon="-1.879140000">
        <ele>753.000</ele>
      </trkpt>
      <trkpt lat="42.934590000" lon="-1.879390000">
        <ele>754.000</ele>
      </trkpt>
      <trkpt lat="42.934590000" lon="-1.879410000">
        <ele>755.000</ele>
      </trkpt>
      <trkpt lat="42.934610000" lon="-1.879490000">
        <ele>755.000</ele>
      </trkpt>
      <trkpt lat="42.934650000" lon="-1.879600000">
        <ele>756.000</ele>
      </trkpt>
      <trkpt lat="42.934670000" lon="-1.879630000">
        <ele>756.000</ele>
      </trkpt>
      <trkpt lat="42.934720000" lon="-1.879710000">
        <ele>757.000</ele>
      </trkpt>
      <trkpt lat="42.934810000" lon="-1.879770000">
        <ele>758.000</ele>
      </trkpt>
      <trkpt lat="42.934890000" lon="-1.879780000">
        <ele>759.000</ele>
      </trkpt>
      <trkpt lat="42.934960000" lon="-1.879770000">
        <ele>759.000</ele>
      </trkpt>
      <trkpt lat="42.934980000" lon="-1.879760000">
        <ele>759.000</ele>
      </trkpt>
      <trkpt lat="42.935020000" lon="-1.879730000">
        <ele>760.000</ele>
      </trkpt>
      <trkpt lat="42.935070000" lon="-1.879690000">
        <ele>760.000</ele>
      </trkpt>
      <trkpt lat="42.935110000" lon="-1.879630000">
        <ele>760.000</ele>
      </trkpt>
      <trkpt lat="42.935120000" lon="-1.879620000">
        <ele>760.000</ele>
      </trkpt>
      <trkpt lat="42.935160000" lon="-1.879490000">
        <ele>761.000</ele>
      </trkpt>
      <trkpt lat="42.935180000" lon="-1.879390000">
        <ele>761.000</ele>
      </trkpt>
      <trkpt lat="42.935180000" lon="-1.879370000">
        <ele>761.000</ele>
      </trkpt>
      <trkpt lat="42.935190000" lon="-1.879310000">
        <ele>761.000</ele>
      </trkpt>
      <trkpt lat="42.935240000" lon="-1.879140000">
        <ele>761.000</ele>
      </trkpt>
      <trkpt lat="42.935240000" lon="-1.879130000">
        <ele>762.000</ele>
      </trkpt>
      <trkpt lat="42.935310000" lon="-1.879010000">
        <ele>762.000</ele>
      </trkpt>
      <trkpt lat="42.935480000" lon="-1.878820000">
        <ele>762.000</ele>
      </trkpt>
      <trkpt lat="42.935490000" lon="-1.878810000">
        <ele>763.000</ele>
      </trkpt>
      <trkpt lat="42.935530000" lon="-1.878760000">
        <ele>763.000</ele>
      </trkpt>
      <trkpt lat="42.935530000" lon="-1.878760000">
        <ele>763.000</ele>
      </trkpt>
      <trkpt lat="42.935630000" lon="-1.878650000">
        <ele>763.000</ele>
      </trkpt>
      <trkpt lat="42.935690000" lon="-1.878520000">
        <ele>764.000</ele>
      </trkpt>
      <trkpt lat="42.935730000" lon="-1.878430000">
        <ele>764.000</ele>
      </trkpt>
      <trkpt lat="42.935740000" lon="-1.878380000">
        <ele>764.000</ele>
      </trkpt>
      <trkpt lat="42.935790000" lon="-1.878220000">
        <ele>764.000</ele>
      </trkpt>
      <trkpt lat="42.935840000" lon="-1.878030000">
        <ele>764.000</ele>
      </trkpt>
      <trkpt lat="42.935850000" lon="-1.877990000">
        <ele>764.000</ele>
      </trkpt>
      <trkpt lat="42.935910000" lon="-1.877830000">
        <ele>764.000</ele>
      </trkpt>
      <trkpt lat="42.936010000" lon="-1.877700000">
        <ele>764.000</ele>
      </trkpt>
      <trkpt lat="42.936140000" lon="-1.877590000">
        <ele>764.000</ele>
      </trkpt>
      <trkpt lat="42.936250000" lon="-1.877520000">
        <ele>764.000</ele>
      </trkpt>
      <trkpt lat="42.936360000" lon="-1.877440000">
        <ele>763.000</ele>
      </trkpt>
      <trkpt lat="42.936400000" lon="-1.877390000">
        <ele>763.000</ele>
      </trkpt>
      <trkpt lat="42.936410000" lon="-1.877380000">
        <ele>763.000</ele>
      </trkpt>
      <trkpt lat="42.936440000" lon="-1.877350000">
        <ele>763.000</ele>
      </trkpt>
      <trkpt lat="42.936500000" lon="-1.877250000">
        <ele>762.000</ele>
      </trkpt>
      <trkpt lat="42.936530000" lon="-1.877110000">
        <ele>762.000</ele>
      </trkpt>
      <trkpt lat="42.936540000" lon="-1.876960000">
        <ele>762.000</ele>
      </trkpt>
      <trkpt lat="42.936540000" lon="-1.876840000">
        <ele>761.000</ele>
      </trkpt>
      <trkpt lat="42.936550000" lon="-1.876720000">
        <ele>761.000</ele>
      </trkpt>
      <trkpt lat="42.936550000" lon="-1.876710000">
        <ele>761.000</ele>
      </trkpt>
      <trkpt lat="42.936550000" lon="-1.876600000">
        <ele>761.000</ele>
      </trkpt>
      <trkpt lat="42.936560000" lon="-1.876390000">
        <ele>760.000</ele>
      </trkpt>
      <trkpt lat="42.936580000" lon="-1.876280000">
        <ele>760.000</ele>
      </trkpt>
      <trkpt lat="42.936600000" lon="-1.876240000">
        <ele>759.000</ele>
      </trkpt>
      <trkpt lat="42.936620000" lon="-1.876200000">
        <ele>759.000</ele>
      </trkpt>
      <trkpt lat="42.936650000" lon="-1.876150000">
        <ele>758.000</ele>
      </trkpt>
      <trkpt lat="42.936660000" lon="-1.876140000">
        <ele>758.000</ele>
      </trkpt>
      <trkpt lat="42.936730000" lon="-1.876090000">
        <ele>757.000</ele>
      </trkpt>
      <trkpt lat="42.936820000" lon="-1.876050000">
        <ele>756.000</ele>
      </trkpt>
      <trkpt lat="42.936900000" lon="-1.876010000">
        <ele>755.000</ele>
      </trkpt>
      <trkpt lat="42.936950000" lon="-1.875980000">
        <ele>755.000</ele>
      </trkpt>
      <trkpt lat="42.936990000" lon="-1.875970000">
        <ele>754.000</ele>
      </trkpt>
      <trkpt lat="42.937070000" lon="-1.875930000">
        <ele>754.000</ele>
      </trkpt>
      <trkpt lat="42.937230000" lon="-1.875870000">
        <ele>754.000</ele>
      </trkpt>
      <trkpt lat="42.937250000" lon="-1.875870000">
        <ele>754.000</ele>
      </trkpt>
      <trkpt lat="42.937300000" lon="-1.875860000">
        <ele>754.000</ele>
      </trkpt>
      <trkpt lat="42.937330000" lon="-1.875870000">
        <ele>755.000</ele>
      </trkpt>
      <trkpt lat="42.937380000" lon="-1.875880000">
        <ele>755.000</ele>
      </trkpt>
      <trkpt lat="42.937450000" lon="-1.875920000">
        <ele>755.000</ele>
      </trkpt>
      <trkpt lat="42.937470000" lon="-1.875940000">
        <ele>755.000</ele>
      </trkpt>
      <trkpt lat="42.937510000" lon="-1.876000000">
        <ele>755.000</ele>
      </trkpt>
      <trkpt lat="42.937610000" lon="-1.876150000">
        <ele>755.000</ele>
      </trkpt>
      <trkpt lat="42.937670000" lon="-1.876250000">
        <ele>756.000</ele>
      </trkpt>
      <trkpt lat="42.937750000" lon="-1.876390000">
        <ele>756.000</ele>
      </trkpt>
      <trkpt lat="42.937760000" lon="-1.876410000">
        <ele>756.000</ele>
      </trkpt>
      <trkpt lat="42.937840000" lon="-1.876570000">
        <ele>756.000</ele>
      </trkpt>
      <trkpt lat="42.937890000" lon="-1.876610000">
        <ele>757.000</ele>
      </trkpt>
      <trkpt lat="42.937940000" lon="-1.876650000">
        <ele>757.000</ele>
      </trkpt>
      <trkpt lat="42.938040000" lon="-1.876730000">
        <ele>757.000</ele>
      </trkpt>
      <trkpt lat="42.938080000" lon="-1.876760000">
        <ele>757.000</ele>
      </trkpt>
      <trkpt lat="42.938110000" lon="-1.876780000">
        <ele>758.000</ele>
      </trkpt>
      <trkpt lat="42.938120000" lon="-1.876780000">
        <ele>758.000</ele>
      </trkpt>
      <trkpt lat="42.938140000" lon="-1.876780000">
        <ele>758.000</ele>
      </trkpt>
      <trkpt lat="42.938170000" lon="-1.876780000">
        <ele>758.000</ele>
      </trkpt>
      <trkpt lat="42.938170000" lon="-1.876770000">
        <ele>759.000</ele>
      </trkpt>
      <trkpt lat="42.938190000" lon="-1.876760000">
        <ele>759.000</ele>
      </trkpt>
      <trkpt lat="42.938210000" lon="-1.876730000">
        <ele>759.000</ele>
      </trkpt>
      <trkpt lat="42.938230000" lon="-1.876680000">
        <ele>759.000</ele>
      </trkpt>
      <trkpt lat="42.938250000" lon="-1.876600000">
        <ele>760.000</ele>
      </trkpt>
      <trkpt lat="42.938300000" lon="-1.876440000">
        <ele>760.000</ele>
      </trkpt>
      <trkpt lat="42.938340000" lon="-1.876270000">
        <ele>761.000</ele>
      </trkpt>
      <trkpt lat="42.938360000" lon="-1.876200000">
        <ele>762.000</ele>
      </trkpt>
      <trkpt lat="42.938370000" lon="-1.876130000">
        <ele>762.000</ele>
      </trkpt>
      <trkpt lat="42.938380000" lon="-1.876110000">
        <ele>763.000</ele>
      </trkpt>
      <trkpt lat="42.938420000" lon="-1.875920000">
        <ele>763.000</ele>
      </trkpt>
      <trkpt lat="42.938440000" lon="-1.875880000">
        <ele>764.000</ele>
      </trkpt>
      <trkpt lat="42.938450000" lon="-1.875830000">
        <ele>764.000</ele>
      </trkpt>
      <trkpt lat="42.938480000" lon="-1.875760000">
        <ele>765.000</ele>
      </trkpt>
      <trkpt lat="42.938560000" lon="-1.875680000">
        <ele>765.000</ele>
      </trkpt>
      <trkpt lat="42.938670000" lon="-1.875590000">
        <ele>766.000</ele>
      </trkpt>
      <trkpt lat="42.938720000" lon="-1.875550000">
        <ele>766.000</ele>
      </trkpt>
      <trkpt lat="42.938840000" lon="-1.875460000">
        <ele>767.000</ele>
      </trkpt>
      <trkpt lat="42.938870000" lon="-1.875420000">
        <ele>768.000</ele>
      </trkpt>
      <trkpt lat="42.938900000" lon="-1.875370000">
        <ele>768.000</ele>
      </trkpt>
      <trkpt lat="42.938920000" lon="-1.875320000">
        <ele>769.000</ele>
      </trkpt>
      <trkpt lat="42.938950000" lon="-1.875270000">
        <ele>769.000</ele>
      </trkpt>
      <trkpt lat="42.938950000" lon="-1.875210000">
        <ele>769.000</ele>
      </trkpt>
      <trkpt lat="42.938960000" lon="-1.875150000">
        <ele>770.000</ele>
      </trkpt>
      <trkpt lat="42.938950000" lon="-1.874990000">
        <ele>770.000</ele>
      </trkpt>
      <trkpt lat="42.938920000" lon="-1.874780000">
        <ele>771.000</ele>
      </trkpt>
      <trkpt lat="42.938920000" lon="-1.874670000">
        <ele>772.000</ele>
      </trkpt>
      <trkpt lat="42.938930000" lon="-1.874590000">
        <ele>772.000</ele>
      </trkpt>
      <trkpt lat="42.938970000" lon="-1.874510000">
        <ele>773.000</ele>
      </trkpt>
      <trkpt lat="42.939030000" lon="-1.874420000">
        <ele>773.000</ele>
      </trkpt>
      <trkpt lat="42.939200000" lon="-1.874270000">
        <ele>774.000</ele>
      </trkpt>
      <trkpt lat="42.939210000" lon="-1.874240000">
        <ele>775.000</ele>
      </trkpt>
      <trkpt lat="42.939240000" lon="-1.874220000">
        <ele>775.000</ele>
      </trkpt>
      <trkpt lat="42.939270000" lon="-1.874140000">
        <ele>775.000</ele>
      </trkpt>
      <trkpt lat="42.939280000" lon="-1.874080000">
        <ele>776.000</ele>
      </trkpt>
      <trkpt lat="42.939300000" lon="-1.874000000">
        <ele>776.000</ele>
      </trkpt>
      <trkpt lat="42.939310000" lon="-1.873780000">
        <ele>777.000</ele>
      </trkpt>
      <trkpt lat="42.939330000" lon="-1.873740000">
        <ele>777.000</ele>
      </trkpt>
      <trkpt lat="42.939350000" lon="-1.873710000">
        <ele>777.000</ele>
      </trkpt>
      <trkpt lat="42.939390000" lon="-1.873670000">
        <ele>778.000</ele>
      </trkpt>
      <trkpt lat="42.939420000" lon="-1.873660000">
        <ele>778.000</ele>
      </trkpt>
      <trkpt lat="42.939450000" lon="-1.873660000">
        <ele>778.000</ele>
      </trkpt>
      <trkpt lat="42.939550000" lon="-1.873760000">
        <ele>778.000</ele>
      </trkpt>
      <trkpt lat="42.939640000" lon="-1.873880000">
        <ele>779.000</ele>
      </trkpt>
      <trkpt lat="42.939690000" lon="-1.873960000">
        <ele>779.000</ele>
      </trkpt>
      <trkpt lat="42.939720000" lon="-1.873990000">
        <ele>780.000</ele>
      </trkpt>
      <trkpt lat="42.939760000" lon="-1.874030000">
        <ele>780.000</ele>
      </trkpt>
      <trkpt lat="42.939930000" lon="-1.874150000">
        <ele>780.000</ele>
      </trkpt>
      <trkpt lat="42.940020000" lon="-1.874200000">
        <ele>781.000</ele>
      </trkpt>
      <trkpt lat="42.940110000" lon="-1.874260000">
        <ele>781.000</ele>
      </trkpt>
      <trkpt lat="42.940210000" lon="-1.874360000">
        <ele>782.000</ele>
      </trkpt>
      <trkpt lat="42.940310000" lon="-1.874490000">
        <ele>782.000</ele>
      </trkpt>
      <trkpt lat="42.940330000" lon="-1.874490000">
        <ele>783.000</ele>
      </trkpt>
      <trkpt lat="42.940430000" lon="-1.874540000">
        <ele>783.000</ele>
      </trkpt>
      <trkpt lat="42.940480000" lon="-1.874570000">
        <ele>784.000</ele>
      </trkpt>
      <trkpt lat="42.940580000" lon="-1.874670000">
        <ele>784.000</ele>
      </trkpt>
      <trkpt lat="42.940620000" lon="-1.874750000">
        <ele>785.000</ele>
      </trkpt>
      <trkpt lat="42.940670000" lon="-1.874840000">
        <ele>785.000</ele>
      </trkpt>
      <trkpt lat="42.940720000" lon="-1.874960000">
        <ele>786.000</ele>
      </trkpt>
      <trkpt lat="42.940780000" lon="-1.875080000">
        <ele>787.000</ele>
      </trkpt>
      <trkpt lat="42.940870000" lon="-1.875180000">
        <ele>787.000</ele>
      </trkpt>
      <trkpt lat="42.940980000" lon="-1.875240000">
        <ele>788.000</ele>
      </trkpt>
      <trkpt lat="42.941160000" lon="-1.875250000">
        <ele>789.000</ele>
      </trkpt>
      <trkpt lat="42.941180000" lon="-1.875250000">
        <ele>790.000</ele>
      </trkpt>
      <trkpt lat="42.941340000" lon="-1.875250000">
        <ele>790.000</ele>
      </trkpt>
      <trkpt lat="42.941360000" lon="-1.875250000">
        <ele>791.000</ele>
      </trkpt>
      <trkpt lat="42.941430000" lon="-1.875260000">
        <ele>792.000</ele>
      </trkpt>
      <trkpt lat="42.941710000" lon="-1.875190000">
        <ele>793.000</ele>
      </trkpt>
      <trkpt lat="42.941720000" lon="-1.875180000">
        <ele>793.000</ele>
      </trkpt>
      <trkpt lat="42.941870000" lon="-1.875170000">
        <ele>794.000</ele>
      </trkpt>
      <trkpt lat="42.941880000" lon="-1.875170000">
        <ele>794.000</ele>
      </trkpt>
      <trkpt lat="42.941890000" lon="-1.875170000">
        <ele>795.000</ele>
      </trkpt>
      <trkpt lat="42.942020000" lon="-1.875170000">
        <ele>795.000</ele>
      </trkpt>
      <trkpt lat="42.942150000" lon="-1.875200000">
        <ele>796.000</ele>
      </trkpt>
      <trkpt lat="42.942240000" lon="-1.875200000">
        <ele>796.000</ele>
      </trkpt>
      <trkpt lat="42.942250000" lon="-1.875190000">
        <ele>796.000</ele>
      </trkpt>
      <trkpt lat="42.942340000" lon="-1.875130000">
        <ele>796.000</ele>
      </trkpt>
      <trkpt lat="42.942400000" lon="-1.875090000">
        <ele>796.000</ele>
      </trkpt>
      <trkpt lat="42.942500000" lon="-1.875030000">
        <ele>797.000</ele>
      </trkpt>
      <trkpt lat="42.942640000" lon="-1.874950000">
        <ele>797.000</ele>
      </trkpt>
      <trkpt lat="42.942750000" lon="-1.874940000">
        <ele>797.000</ele>
      </trkpt>
      <trkpt lat="42.942860000" lon="-1.874920000">
        <ele>797.000</ele>
      </trkpt>
      <trkpt lat="42.942910000" lon="-1.874920000">
        <ele>798.000</ele>
      </trkpt>
      <trkpt lat="42.943110000" lon="-1.874920000">
        <ele>798.000</ele>
      </trkpt>
      <trkpt lat="42.943290000" lon="-1.874900000">
        <ele>798.000</ele>
      </trkpt>
      <trkpt lat="42.943310000" lon="-1.874900000">
        <ele>799.000</ele>
      </trkpt>
      <trkpt lat="42.943450000" lon="-1.874860000">
        <ele>799.000</ele>
      </trkpt>
      <trkpt lat="42.943460000" lon="-1.874860000">
        <ele>799.000</ele>
      </trkpt>
      <trkpt lat="42.943480000" lon="-1.874850000">
        <ele>799.000</ele>
      </trkpt>
      <trkpt lat="42.943630000" lon="-1.874780000">
        <ele>799.000</ele>
      </trkpt>
      <trkpt lat="42.943960000" lon="-1.874630000">
        <ele>799.000</ele>
      </trkpt>
      <trkpt lat="42.943970000" lon="-1.874620000">
        <ele>798.000</ele>
      </trkpt>
      <trkpt lat="42.944020000" lon="-1.874600000">
        <ele>798.000</ele>
      </trkpt>
      <trkpt lat="42.944200000" lon="-1.874530000">
        <ele>798.000</ele>
      </trkpt>
      <trkpt lat="42.944350000" lon="-1.874490000">
        <ele>797.000</ele>
      </trkpt>
      <trkpt lat="42.944480000" lon="-1.874450000">
        <ele>797.000</ele>
      </trkpt>
      <trkpt lat="42.944500000" lon="-1.874450000">
        <ele>796.000</ele>
      </trkpt>
      <trkpt lat="42.944700000" lon="-1.874400000">
        <ele>796.000</ele>
      </trkpt>
      <trkpt lat="42.944850000" lon="-1.874330000">
        <ele>795.000</ele>
      </trkpt>
      <trkpt lat="42.944890000" lon="-1.874310000">
        <ele>794.000</ele>
      </trkpt>
      <trkpt lat="42.945000000" lon="-1.874240000">
        <ele>794.000</ele>
      </trkpt>
      <trkpt lat="42.945030000" lon="-1.874220000">
        <ele>793.000</ele>
      </trkpt>
      <trkpt lat="42.945150000" lon="-1.874100000">
        <ele>793.000</ele>
      </trkpt>
      <trkpt lat="42.945240000" lon="-1.874070000">
        <ele>792.000</ele>
      </trkpt>
      <trkpt lat="42.945330000" lon="-1.874060000">
        <ele>792.000</ele>
      </trkpt>
      <trkpt lat="42.945340000" lon="-1.874060000">
        <ele>792.000</ele>
      </trkpt>
      <trkpt lat="42.945610000" lon="-1.874100000">
        <ele>791.000</ele>
      </trkpt>
      <trkpt lat="42.945680000" lon="-1.874090000">
        <ele>791.000</ele>
      </trkpt>
      <trkpt lat="42.945770000" lon="-1.874090000">
        <ele>790.000</ele>
      </trkpt>
      <trkpt lat="42.945960000" lon="-1.874010000">
        <ele>789.000</ele>
      </trkpt>
      <trkpt lat="42.946190000" lon="-1.873940000">
        <ele>788.000</ele>
      </trkpt>
      <trkpt lat="42.946250000" lon="-1.873940000">
        <ele>787.000</ele>
      </trkpt>
      <trkpt lat="42.946350000" lon="-1.873960000">
        <ele>787.000</ele>
      </trkpt>
      <trkpt lat="42.946390000" lon="-1.874000000">
        <ele>786.000</ele>
      </trkpt>
      <trkpt lat="42.946470000" lon="-1.874060000">
        <ele>785.000</ele>
      </trkpt>
      <trkpt lat="42.946570000" lon="-1.874210000">
        <ele>785.000</ele>
      </trkpt>
      <trkpt lat="42.946650000" lon="-1.874260000">
        <ele>784.000</ele>
      </trkpt>
      <trkpt lat="42.946750000" lon="-1.874300000">
        <ele>783.000</ele>
      </trkpt>
      <trkpt lat="42.946830000" lon="-1.874320000">
        <ele>783.000</ele>
      </trkpt>
      <trkpt lat="42.946910000" lon="-1.874300000">
        <ele>782.000</ele>
      </trkpt>
      <trkpt lat="42.947010000" lon="-1.874260000">
        <ele>782.000</ele>
      </trkpt>
      <trkpt lat="42.947130000" lon="-1.874130000">
        <ele>781.000</ele>
      </trkpt>
      <trkpt lat="42.947150000" lon="-1.874090000">
        <ele>781.000</ele>
      </trkpt>
      <trkpt lat="42.947160000" lon="-1.874070000">
        <ele>781.000</ele>
      </trkpt>
      <trkpt lat="42.947210000" lon="-1.873980000">
        <ele>780.000</ele>
      </trkpt>
      <trkpt lat="42.947260000" lon="-1.873900000">
        <ele>780.000</ele>
      </trkpt>
      <trkpt lat="42.947270000" lon="-1.873890000">
        <ele>780.000</ele>
      </trkpt>
      <trkpt lat="42.947310000" lon="-1.873840000">
        <ele>779.000</ele>
      </trkpt>
      <trkpt lat="42.947400000" lon="-1.873730000">
        <ele>779.000</ele>
      </trkpt>
      <trkpt lat="42.947540000" lon="-1.873630000">
        <ele>778.000</ele>
      </trkpt>
      <trkpt lat="42.947570000" lon="-1.873620000">
        <ele>778.000</ele>
      </trkpt>
      <trkpt lat="42.947730000" lon="-1.873520000">
        <ele>777.000</ele>
      </trkpt>
      <trkpt lat="42.947930000" lon="-1.873400000">
        <ele>777.000</ele>
      </trkpt>
      <trkpt lat="42.948100000" lon="-1.873380000">
        <ele>776.000</ele>
      </trkpt>
      <trkpt lat="42.948250000" lon="-1.873360000">
        <ele>775.000</ele>
      </trkpt>
      <trkpt lat="42.948390000" lon="-1.873330000">
        <ele>774.000</ele>
      </trkpt>
      <trkpt lat="42.948540000" lon="-1.873270000">
        <ele>773.000</ele>
      </trkpt>
      <trkpt lat="42.948670000" lon="-1.873210000">
        <ele>772.000</ele>
      </trkpt>
      <trkpt lat="42.948700000" lon="-1.873200000">
        <ele>772.000</ele>
      </trkpt>
      <trkpt lat="42.948750000" lon="-1.873200000">
        <ele>771.000</ele>
      </trkpt>
      <trkpt lat="42.948840000" lon="-1.873220000">
        <ele>771.000</ele>
      </trkpt>
      <trkpt lat="42.948930000" lon="-1.873360000">
        <ele>770.000</ele>
      </trkpt>
      <trkpt lat="42.949030000" lon="-1.873490000">
        <ele>769.000</ele>
      </trkpt>
      <trkpt lat="42.949150000" lon="-1.873600000">
        <ele>769.000</ele>
      </trkpt>
      <trkpt lat="42.949200000" lon="-1.873620000">
        <ele>768.000</ele>
      </trkpt>
      <trkpt lat="42.949290000" lon="-1.873660000">
        <ele>767.000</ele>
      </trkpt>
      <trkpt lat="42.949500000" lon="-1.873710000">
        <ele>766.000</ele>
      </trkpt>
      <trkpt lat="42.949540000" lon="-1.873720000">
        <ele>766.000</ele>
      </trkpt>
      <trkpt lat="42.949660000" lon="-1.873740000">
        <ele>765.000</ele>
      </trkpt>
      <trkpt lat="42.949760000" lon="-1.873750000">
        <ele>764.000</ele>
      </trkpt>
      <trkpt lat="42.949860000" lon="-1.873730000">
        <ele>764.000</ele>
      </trkpt>
      <trkpt lat="42.949890000" lon="-1.873720000">
        <ele>763.000</ele>
      </trkpt>
      <trkpt lat="42.949950000" lon="-1.873680000">
        <ele>762.000</ele>
      </trkpt>
      <trkpt lat="42.950050000" lon="-1.873590000">
        <ele>762.000</ele>
      </trkpt>
      <trkpt lat="42.950060000" lon="-1.873580000">
        <ele>761.000</ele>
      </trkpt>
      <trkpt lat="42.950090000" lon="-1.873550000">
        <ele>761.000</ele>
      </trkpt>
      <trkpt lat="42.950110000" lon="-1.873540000">
        <ele>761.000</ele>
      </trkpt>
      <trkpt lat="42.950180000" lon="-1.873480000">
        <ele>760.000</ele>
      </trkpt>
      <trkpt lat="42.950420000" lon="-1.873230000">
        <ele>759.000</ele>
      </trkpt>
      <trkpt lat="42.950540000" lon="-1.873090000">
        <ele>759.000</ele>
      </trkpt>
      <trkpt lat="42.950640000" lon="-1.873020000">
        <ele>758.000</ele>
      </trkpt>
      <trkpt lat="42.950710000" lon="-1.872960000">
        <ele>757.000</ele>
      </trkpt>
      <trkpt lat="42.950780000" lon="-1.872900000">
        <ele>757.000</ele>
      </trkpt>
      <trkpt lat="42.950860000" lon="-1.872840000">
        <ele>757.000</ele>
      </trkpt>
      <trkpt lat="42.950870000" lon="-1.872830000">
        <ele>756.000</ele>
      </trkpt>
      <trkpt lat="42.950930000" lon="-1.872790000">
        <ele>756.000</ele>
      </trkpt>
      <trkpt lat="42.950950000" lon="-1.872780000">
        <ele>756.000</ele>
      </trkpt>
      <trkpt lat="42.950980000" lon="-1.872760000">
        <ele>756.000</ele>
      </trkpt>
      <trkpt lat="42.951040000" lon="-1.872750000">
        <ele>756.000</ele>
      </trkpt>
      <trkpt lat="42.951120000" lon="-1.872790000">
        <ele>755.000</ele>
      </trkpt>
      <trkpt lat="42.951210000" lon="-1.872820000">
        <ele>755.000</ele>
      </trkpt>
      <trkpt lat="42.951410000" lon="-1.872910000">
        <ele>755.000</ele>
      </trkpt>
      <trkpt lat="42.951480000" lon="-1.872950000">
        <ele>754.000</ele>
      </trkpt>
      <trkpt lat="42.951730000" lon="-1.873030000">
        <ele>754.000</ele>
      </trkpt>
      <trkpt lat="42.951770000" lon="-1.873040000">
        <ele>754.000</ele>
      </trkpt>
      <trkpt lat="42.951890000" lon="-1.873070000">
        <ele>753.000</ele>
      </trkpt>
      <trkpt lat="42.952030000" lon="-1.873080000">
        <ele>753.000</ele>
      </trkpt>
      <trkpt lat="42.952220000" lon="-1.873050000">
        <ele>752.000</ele>
      </trkpt>
      <trkpt lat="42.952440000" lon="-1.873030000">
        <ele>752.000</ele>
      </trkpt>
      <trkpt lat="42.952560000" lon="-1.873020000">
        <ele>751.000</ele>
      </trkpt>
      <trkpt lat="42.952610000" lon="-1.873010000">
        <ele>751.000</ele>
      </trkpt>
      <trkpt lat="42.952740000" lon="-1.873000000">
        <ele>750.000</ele>
      </trkpt>
      <trkpt lat="42.952820000" lon="-1.873000000">
        <ele>750.000</ele>
      </trkpt>
      <trkpt lat="42.952920000" lon="-1.873000000">
        <ele>750.000</ele>
      </trkpt>
      <trkpt lat="42.952970000" lon="-1.873000000">
        <ele>749.000</ele>
      </trkpt>
      <trkpt lat="42.953030000" lon="-1.873020000">
        <ele>749.000</ele>
      </trkpt>
      <trkpt lat="42.953170000" lon="-1.873060000">
        <ele>749.000</ele>
      </trkpt>
      <trkpt lat="42.953400000" lon="-1.873140000">
        <ele>748.000</ele>
      </trkpt>
      <trkpt lat="42.953440000" lon="-1.873160000">
        <ele>748.000</ele>
      </trkpt>
      <trkpt lat="42.953620000" lon="-1.873220000">
        <ele>747.000</ele>
      </trkpt>
      <trkpt lat="42.953950000" lon="-1.873340000">
        <ele>746.000</ele>
      </trkpt>
      <trkpt lat="42.954840000" lon="-1.873640000">
        <ele>745.000</ele>
      </trkpt>
      <trkpt lat="42.954900000" lon="-1.873660000">
        <ele>744.000</ele>
      </trkpt>
      <trkpt lat="42.955020000" lon="-1.873700000">
        <ele>743.000</ele>
      </trkpt>
      <trkpt lat="42.955070000" lon="-1.873720000">
        <ele>742.000</ele>
      </trkpt>
      <trkpt lat="42.955220000" lon="-1.873750000">
        <ele>741.000</ele>
      </trkpt>
      <trkpt lat="42.955350000" lon="-1.873750000">
        <ele>740.000</ele>
      </trkpt>
      <trkpt lat="42.955380000" lon="-1.873740000">
        <ele>740.000</ele>
      </trkpt>
      <trkpt lat="42.955460000" lon="-1.873720000">
        <ele>739.000</ele>
      </trkpt>
      <trkpt lat="42.955550000" lon="-1.873660000">
        <ele>739.000</ele>
      </trkpt>
      <trkpt lat="42.955610000" lon="-1.873630000">
        <ele>738.000</ele>
      </trkpt>
      <trkpt lat="42.955710000" lon="-1.873570000">
        <ele>738.000</ele>
      </trkpt>
      <trkpt lat="42.955920000" lon="-1.873440000">
        <ele>737.000</ele>
      </trkpt>
      <trkpt lat="42.956050000" lon="-1.873380000">
        <ele>736.000</ele>
      </trkpt>
      <trkpt lat="42.956220000" lon="-1.873290000">
        <ele>735.000</ele>
      </trkpt>
      <trkpt lat="42.956390000" lon="-1.873200000">
        <ele>734.000</ele>
      </trkpt>
      <trkpt lat="42.956560000" lon="-1.873150000">
        <ele>733.000</ele>
      </trkpt>
      <trkpt lat="42.956740000" lon="-1.873170000">
        <ele>732.000</ele>
      </trkpt>
      <trkpt lat="42.956820000" lon="-1.873180000">
        <ele>731.000</ele>
      </trkpt>
      <trkpt lat="42.956920000" lon="-1.873210000">
        <ele>731.000</ele>
      </trkpt>
      <trkpt lat="42.957050000" lon="-1.873250000">
        <ele>730.000</ele>
      </trkpt>
      <trkpt lat="42.957130000" lon="-1.873270000">
        <ele>729.000</ele>
      </trkpt>
      <trkpt lat="42.957270000" lon="-1.873310000">
        <ele>728.000</ele>
      </trkpt>
      <trkpt lat="42.957330000" lon="-1.873330000">
        <ele>727.000</ele>
      </trkpt>
      <trkpt lat="42.957420000" lon="-1.873360000">
        <ele>727.000</ele>
      </trkpt>
      <trkpt lat="42.957630000" lon="-1.873370000">
        <ele>726.000</ele>
      </trkpt>
      <trkpt lat="42.957680000" lon="-1.873380000">
        <ele>725.000</ele>
      </trkpt>
      <trkpt lat="42.957810000" lon="-1.873410000">
        <ele>724.000</ele>
      </trkpt>
      <trkpt lat="42.957830000" lon="-1.873420000">
        <ele>723.000</ele>
      </trkpt>
      <trkpt lat="42.957930000" lon="-1.873490000">
        <ele>723.000</ele>
      </trkpt>
      <trkpt lat="42.957960000" lon="-1.873530000">
        <ele>722.000</ele>
      </trkpt>
      <trkpt lat="42.957990000" lon="-1.873570000">
        <ele>722.000</ele>
      </trkpt>
      <trkpt lat="42.958070000" lon="-1.873660000">
        <ele>721.000</ele>
      </trkpt>
      <trkpt lat="42.958240000" lon="-1.873850000">
        <ele>720.000</ele>
      </trkpt>
      <trkpt lat="42.958250000" lon="-1.873870000">
        <ele>720.000</ele>
      </trkpt>
      <trkpt lat="42.958340000" lon="-1.873930000">
        <ele>719.000</ele>
      </trkpt>
      <trkpt lat="42.958380000" lon="-1.873960000">
        <ele>719.000</ele>
      </trkpt>
      <trkpt lat="42.958400000" lon="-1.873970000">
        <ele>719.000</ele>
      </trkpt>
      <trkpt lat="42.958450000" lon="-1.873990000">
        <ele>719.000</ele>
      </trkpt>
      <trkpt lat="42.958550000" lon="-1.874000000">
        <ele>719.000</ele>
      </trkpt>
      <trkpt lat="42.958630000" lon="-1.873990000">
        <ele>718.000</ele>
      </trkpt>
      <trkpt lat="42.958750000" lon="-1.873940000">
        <ele>718.000</ele>
      </trkpt>
      <trkpt lat="42.958800000" lon="-1.873910000">
        <ele>718.000</ele>
      </trkpt>
      <trkpt lat="42.959100000" lon="-1.873770000">
        <ele>718.000</ele>
      </trkpt>
      <trkpt lat="42.959260000" lon="-1.873700000">
        <ele>718.000</ele>
      </trkpt>
      <trkpt lat="42.959350000" lon="-1.873660000">
        <ele>718.000</ele>
      </trkpt>
      <trkpt lat="42.959430000" lon="-1.873630000">
        <ele>718.000</ele>
      </trkpt>
      <trkpt lat="42.959540000" lon="-1.873600000">
        <ele>718.000</ele>
      </trkpt>
      <trkpt lat="42.959630000" lon="-1.873580000">
        <ele>718.000</ele>
      </trkpt>
      <trkpt lat="42.959740000" lon="-1.873580000">
        <ele>718.000</ele>
      </trkpt>
      <trkpt lat="42.960030000" lon="-1.873640000">
        <ele>718.000</ele>
      </trkpt>
      <trkpt lat="42.960150000" lon="-1.873670000">
        <ele>717.000</ele>
      </trkpt>
      <trkpt lat="42.960170000" lon="-1.873670000">
        <ele>717.000</ele>
      </trkpt>
      <trkpt lat="42.960330000" lon="-1.873710000">
        <ele>717.000</ele>
      </trkpt>
      <trkpt lat="42.960400000" lon="-1.873720000">
        <ele>717.000</ele>
      </trkpt>
      <trkpt lat="42.960670000" lon="-1.873810000">
        <ele>716.000</ele>
      </trkpt>
      <trkpt lat="42.960740000" lon="-1.873830000">
        <ele>715.000</ele>
      </trkpt>
      <trkpt lat="42.960850000" lon="-1.873890000">
        <ele>715.000</ele>
      </trkpt>
      <trkpt lat="42.960860000" lon="-1.873900000">
        <ele>715.000</ele>
      </trkpt>
      <trkpt lat="42.960960000" lon="-1.873980000">
        <ele>714.000</ele>
      </trkpt>
      <trkpt lat="42.961030000" lon="-1.874070000">
        <ele>714.000</ele>
      </trkpt>
      <trkpt lat="42.961110000" lon="-1.874220000">
        <ele>713.000</ele>
      </trkpt>
      <trkpt lat="42.961250000" lon="-1.874480000">
        <ele>713.000</ele>
      </trkpt>
      <trkpt lat="42.961300000" lon="-1.874570000">
        <ele>712.000</ele>
      </trkpt>
      <trkpt lat="42.961430000" lon="-1.874820000">
        <ele>711.000</ele>
      </trkpt>
      <trkpt lat="42.961500000" lon="-1.874950000">
        <ele>711.000</ele>
      </trkpt>
      <trkpt lat="42.961530000" lon="-1.875020000">
        <ele>710.000</ele>
      </trkpt>
      <trkpt lat="42.961620000" lon="-1.875220000">
        <ele>710.000</ele>
      </trkpt>
      <trkpt lat="42.961890000" lon="-1.875760000">
        <ele>709.000</ele>
      </trkpt>
      <trkpt lat="42.961940000" lon="-1.875830000">
        <ele>709.000</ele>
      </trkpt>
      <trkpt lat="42.962050000" lon="-1.875980000">
        <ele>708.000</ele>
      </trkpt>
      <trkpt lat="42.962070000" lon="-1.876000000">
        <ele>708.000</ele>
      </trkpt>
      <trkpt lat="42.962190000" lon="-1.876090000">
        <ele>708.000</ele>
      </trkpt>
      <trkpt lat="42.962380000" lon="-1.876170000">
        <ele>708.000</ele>
      </trkpt>
      <trkpt lat="42.962410000" lon="-1.876180000">
        <ele>707.000</ele>
      </trkpt>
      <trkpt lat="42.962580000" lon="-1.876250000">
        <ele>707.000</ele>
      </trkpt>
      <trkpt lat="42.963100000" lon="-1.876440000">
        <ele>707.000</ele>
      </trkpt>
      <trkpt lat="42.963120000" lon="-1.876450000">
        <ele>706.000</ele>
      </trkpt>
      <trkpt lat="42.963280000" lon="-1.876470000">
        <ele>706.000</ele>
      </trkpt>
      <trkpt lat="42.963340000" lon="-1.876480000">
        <ele>705.000</ele>
      </trkpt>
      <trkpt lat="42.963640000" lon="-1.876480000">
        <ele>705.000</ele>
      </trkpt>
      <trkpt lat="42.963730000" lon="-1.876480000">
        <ele>705.000</ele>
      </trkpt>
      <trkpt lat="42.963820000" lon="-1.876470000">
        <ele>704.000</ele>
      </trkpt>
      <trkpt lat="42.963880000" lon="-1.876460000">
        <ele>704.000</ele>
      </trkpt>
      <trkpt lat="42.964180000" lon="-1.876430000">
        <ele>703.000</ele>
      </trkpt>
      <trkpt lat="42.964300000" lon="-1.876420000">
        <ele>703.000</ele>
      </trkpt>
      <trkpt lat="42.964360000" lon="-1.876420000">
        <ele>703.000</ele>
      </trkpt>
      <trkpt lat="42.964790000" lon="-1.876380000">
        <ele>702.000</ele>
      </trkpt>
      <trkpt lat="42.964900000" lon="-1.876370000">
        <ele>702.000</ele>
      </trkpt>
      <trkpt lat="42.965090000" lon="-1.876370000">
        <ele>701.000</ele>
      </trkpt>
      <trkpt lat="42.965140000" lon="-1.876370000">
        <ele>701.000</ele>
      </trkpt>
      <trkpt lat="42.965170000" lon="-1.876380000">
        <ele>700.000</ele>
      </trkpt>
      <trkpt lat="42.965190000" lon="-1.876380000">
        <ele>700.000</ele>
      </trkpt>
      <trkpt lat="42.965290000" lon="-1.876420000">
        <ele>700.000</ele>
      </trkpt>
      <trkpt lat="42.965490000" lon="-1.876540000">
        <ele>699.000</ele>
      </trkpt>
      <trkpt lat="42.965760000" lon="-1.876690000">
        <ele>699.000</ele>
      </trkpt>
      <trkpt lat="42.965840000" lon="-1.876740000">
        <ele>698.000</ele>
      </trkpt>
      <trkpt lat="42.966510000" lon="-1.877100000">
        <ele>697.000</ele>
      </trkpt>
      <trkpt lat="42.966650000" lon="-1.877160000">
        <ele>696.000</ele>
      </trkpt>
      <trkpt lat="42.966760000" lon="-1.877170000">
        <ele>696.000</ele>
      </trkpt>
      <trkpt lat="42.966770000" lon="-1.877170000">
        <ele>695.000</ele>
      </trkpt>
      <trkpt lat="42.966900000" lon="-1.877140000">
        <ele>695.000</ele>
      </trkpt>
      <trkpt lat="42.967020000" lon="-1.877090000">
        <ele>694.000</ele>
      </trkpt>
      <trkpt lat="42.967110000" lon="-1.877030000">
        <ele>694.000</ele>
      </trkpt>
      <trkpt lat="42.967160000" lon="-1.876990000">
        <ele>693.000</ele>
      </trkpt>
      <trkpt lat="42.967180000" lon="-1.876990000">
        <ele>693.000</ele>
      </trkpt>
      <trkpt lat="42.967240000" lon="-1.876960000">
        <ele>693.000</ele>
      </trkpt>
      <trkpt lat="42.967360000" lon="-1.876920000">
        <ele>693.000</ele>
      </trkpt>
      <trkpt lat="42.967430000" lon="-1.876900000">
        <ele>692.000</ele>
      </trkpt>
      <trkpt lat="42.967520000" lon="-1.876900000">
        <ele>692.000</ele>
      </trkpt>
      <trkpt lat="42.967680000" lon="-1.876950000">
        <ele>692.000</ele>
      </trkpt>
      <trkpt lat="42.967710000" lon="-1.876960000">
        <ele>692.000</ele>
      </trkpt>
      <trkpt lat="42.967780000" lon="-1.877000000">
        <ele>691.000</ele>
      </trkpt>
      <trkpt lat="42.967800000" lon="-1.877010000">
        <ele>691.000</ele>
      </trkpt>
      <trkpt lat="42.968420000" lon="-1.877360000">
        <ele>690.000</ele>
      </trkpt>
      <trkpt lat="42.968460000" lon="-1.877380000">
        <ele>690.000</ele>
      </trkpt>
      <trkpt lat="42.968800000" lon="-1.877560000">
        <ele>689.000</ele>
      </trkpt>
      <trkpt lat="42.968900000" lon="-1.877610000">
        <ele>689.000</ele>
      </trkpt>
      <trkpt lat="42.969080000" lon="-1.877640000">
        <ele>689.000</ele>
      </trkpt>
      <trkpt lat="42.969140000" lon="-1.877640000">
        <ele>689.000</ele>
      </trkpt>
      <trkpt lat="42.969300000" lon="-1.877650000">
        <ele>689.000</ele>
      </trkpt>
      <trkpt lat="42.969320000" lon="-1.877650000">
        <ele>689.000</ele>
      </trkpt>
      <trkpt lat="42.969390000" lon="-1.877650000">
        <ele>689.000</ele>
      </trkpt>
      <trkpt lat="42.969760000" lon="-1.877680000">
        <ele>689.000</ele>
      </trkpt>
      <trkpt lat="42.969870000" lon="-1.877690000">
        <ele>690.000</ele>
      </trkpt>
      <trkpt lat="42.969940000" lon="-1.877690000">
        <ele>690.000</ele>
      </trkpt>
      <trkpt lat="42.970060000" lon="-1.877700000">
        <ele>690.000</ele>
      </trkpt>
      <trkpt lat="42.970150000" lon="-1.877710000">
        <ele>690.000</ele>
      </trkpt>
      <trkpt lat="42.970550000" lon="-1.877710000">
        <ele>690.000</ele>
      </trkpt>
      <trkpt lat="42.970660000" lon="-1.877740000">
        <ele>690.000</ele>
      </trkpt>
      <trkpt lat="42.970690000" lon="-1.877760000">
        <ele>690.000</ele>
      </trkpt>
      <trkpt lat="42.970810000" lon="-1.877860000">
        <ele>690.000</ele>
      </trkpt>
      <trkpt lat="42.970860000" lon="-1.877930000">
        <ele>689.000</ele>
      </trkpt>
      <trkpt lat="42.970890000" lon="-1.877980000">
        <ele>689.000</ele>
      </trkpt>
      <trkpt lat="42.970920000" lon="-1.878030000">
        <ele>689.000</ele>
      </trkpt>
      <trkpt lat="42.970940000" lon="-1.878080000">
        <ele>688.000</ele>
      </trkpt>
      <trkpt lat="42.970960000" lon="-1.878160000">
        <ele>688.000</ele>
      </trkpt>
      <trkpt lat="42.971000000" lon="-1.878300000">
        <ele>687.000</ele>
      </trkpt>
      <trkpt lat="42.971010000" lon="-1.878310000">
        <ele>687.000</ele>
      </trkpt>
      <trkpt lat="42.971040000" lon="-1.878460000">
        <ele>687.000</ele>
      </trkpt>
      <trkpt lat="42.971120000" lon="-1.878630000">
        <ele>686.000</ele>
      </trkpt>
      <trkpt lat="42.971310000" lon="-1.878730000">
        <ele>685.000</ele>
      </trkpt>
      <trkpt lat="42.971470000" lon="-1.878800000">
        <ele>685.000</ele>
      </trkpt>
      <trkpt lat="42.971810000" lon="-1.878950000">
        <ele>683.000</ele>
      </trkpt>
      <trkpt lat="42.972020000" lon="-1.879090000">
        <ele>682.000</ele>
      </trkpt>
      <trkpt lat="42.972150000" lon="-1.879170000">
        <ele>681.000</ele>
      </trkpt>
      <trkpt lat="42.972180000" lon="-1.879200000">
        <ele>680.000</ele>
      </trkpt>
      <trkpt lat="42.972340000" lon="-1.879330000">
        <ele>679.000</ele>
      </trkpt>
      <trkpt lat="42.972350000" lon="-1.879350000">
        <ele>678.000</ele>
      </trkpt>
      <trkpt lat="42.972460000" lon="-1.879490000">
        <ele>677.000</ele>
      </trkpt>
      <trkpt lat="42.972470000" lon="-1.879500000">
        <ele>676.000</ele>
      </trkpt>
      <trkpt lat="42.972550000" lon="-1.879710000">
        <ele>676.000</ele>
      </trkpt>
      <trkpt lat="42.972610000" lon="-1.879810000">
        <ele>675.000</ele>
      </trkpt>
      <trkpt lat="42.972830000" lon="-1.879870000">
        <ele>673.000</ele>
      </trkpt>
      <trkpt lat="42.972880000" lon="-1.879880000">
        <ele>673.000</ele>
      </trkpt>
      <trkpt lat="42.973000000" lon="-1.879900000">
        <ele>672.000</ele>
      </trkpt>
      <trkpt lat="42.973060000" lon="-1.879920000">
        <ele>671.000</ele>
      </trkpt>
      <trkpt lat="42.973220000" lon="-1.879960000">
        <ele>670.000</ele>
      </trkpt>
      <trkpt lat="42.973230000" lon="-1.879960000">
        <ele>669.000</ele>
      </trkpt>
      <trkpt lat="42.973290000" lon="-1.879980000">
        <ele>669.000</ele>
      </trkpt>
      <trkpt lat="42.973410000" lon="-1.880010000">
        <ele>668.000</ele>
      </trkpt>
      <trkpt lat="42.973500000" lon="-1.880040000">
        <ele>667.000</ele>
      </trkpt>
      <trkpt lat="42.973760000" lon="-1.880110000">
        <ele>666.000</ele>
      </trkpt>
      <trkpt lat="42.973940000" lon="-1.880160000">
        <ele>665.000</ele>
      </trkpt>
      <trkpt lat="42.974110000" lon="-1.880200000">
        <ele>664.000</ele>
      </trkpt>
      <trkpt lat="42.974290000" lon="-1.880250000">
        <ele>663.000</ele>
      </trkpt>
      <trkpt lat="42.974310000" lon="-1.880250000">
        <ele>663.000</ele>
      </trkpt>
      <trkpt lat="42.974470000" lon="-1.880300000">
        <ele>662.000</ele>
      </trkpt>
      <trkpt lat="42.974640000" lon="-1.880360000">
        <ele>662.000</ele>
      </trkpt>
      <trkpt lat="42.974780000" lon="-1.880400000">
        <ele>661.000</ele>
      </trkpt>
      <trkpt lat="42.974820000" lon="-1.880420000">
        <ele>661.000</ele>
      </trkpt>
      <trkpt lat="42.974910000" lon="-1.880470000">
        <ele>661.000</ele>
      </trkpt>
      <trkpt lat="42.974980000" lon="-1.880520000">
        <ele>660.000</ele>
      </trkpt>
      <trkpt lat="42.975140000" lon="-1.880620000">
        <ele>660.000</ele>
      </trkpt>
      <trkpt lat="42.975300000" lon="-1.880720000">
        <ele>659.000</ele>
      </trkpt>
      <trkpt lat="42.975310000" lon="-1.880720000">
        <ele>659.000</ele>
      </trkpt>
      <trkpt lat="42.975470000" lon="-1.880810000">
        <ele>659.000</ele>
      </trkpt>
      <trkpt lat="42.975640000" lon="-1.880900000">
        <ele>658.000</ele>
      </trkpt>
      <trkpt lat="42.975720000" lon="-1.880940000">
        <ele>658.000</ele>
      </trkpt>
      <trkpt lat="42.975810000" lon="-1.880980000">
        <ele>658.000</ele>
      </trkpt>
      <trkpt lat="42.975980000" lon="-1.881060000">
        <ele>658.000</ele>
      </trkpt>
      <trkpt lat="42.976150000" lon="-1.881140000">
        <ele>658.000</ele>
      </trkpt>
      <trkpt lat="42.976270000" lon="-1.881190000">
        <ele>658.000</ele>
      </trkpt>
      <trkpt lat="42.976320000" lon="-1.881220000">
        <ele>658.000</ele>
      </trkpt>
      <trkpt lat="42.976410000" lon="-1.881270000">
        <ele>658.000</ele>
      </trkpt>
      <trkpt lat="42.976480000" lon="-1.881330000">
        <ele>658.000</ele>
      </trkpt>
      <trkpt lat="42.976720000" lon="-1.881550000">
        <ele>658.000</ele>
      </trkpt>
      <trkpt lat="42.976810000" lon="-1.881640000">
        <ele>658.000</ele>
      </trkpt>
      <trkpt lat="42.976910000" lon="-1.881770000">
        <ele>658.000</ele>
      </trkpt>
      <trkpt lat="42.977080000" lon="-1.881970000">
        <ele>658.000</ele>
      </trkpt>
      <trkpt lat="42.977180000" lon="-1.882090000">
        <ele>658.000</ele>
      </trkpt>
      <trkpt lat="42.977190000" lon="-1.882090000">
        <ele>658.000</ele>
      </trkpt>
      <trkpt lat="42.977260000" lon="-1.882180000">
        <ele>658.000</ele>
      </trkpt>
      <trkpt lat="42.977360000" lon="-1.882340000">
        <ele>659.000</ele>
      </trkpt>
      <trkpt lat="42.977550000" lon="-1.882810000">
        <ele>659.000</ele>
      </trkpt>
      <trkpt lat="42.977580000" lon="-1.882900000">
        <ele>659.000</ele>
      </trkpt>
      <trkpt lat="42.977690000" lon="-1.883200000">
        <ele>659.000</ele>
      </trkpt>
      <trkpt lat="42.977790000" lon="-1.883400000">
        <ele>659.000</ele>
      </trkpt>
      <trkpt lat="42.977890000" lon="-1.883520000">
        <ele>659.000</ele>
      </trkpt>
      <trkpt lat="42.978000000" lon="-1.883580000">
        <ele>659.000</ele>
      </trkpt>
      <trkpt lat="42.978040000" lon="-1.883610000">
        <ele>659.000</ele>
      </trkpt>
      <trkpt lat="42.978080000" lon="-1.883630000">
        <ele>659.000</ele>
      </trkpt>
      <trkpt lat="42.978210000" lon="-1.883730000">
        <ele>659.000</ele>
      </trkpt>
      <trkpt lat="42.978290000" lon="-1.883820000">
        <ele>659.000</ele>
      </trkpt>
      <trkpt lat="42.978450000" lon="-1.883990000">
        <ele>659.000</ele>
      </trkpt>
      <trkpt lat="42.978860000" lon="-1.884380000">
        <ele>660.000</ele>
      </trkpt>
      <trkpt lat="42.979100000" lon="-1.884620000">
        <ele>660.000</ele>
      </trkpt>
      <trkpt lat="42.979110000" lon="-1.884630000">
        <ele>661.000</ele>
      </trkpt>
      <trkpt lat="42.979180000" lon="-1.884690000">
        <ele>661.000</ele>
      </trkpt>
      <trkpt lat="42.979260000" lon="-1.884750000">
        <ele>661.000</ele>
      </trkpt>
      <trkpt lat="42.979380000" lon="-1.884810000">
        <ele>662.000</ele>
      </trkpt>
      <trkpt lat="42.979520000" lon="-1.884860000">
        <ele>662.000</ele>
      </trkpt>
      <trkpt lat="42.979610000" lon="-1.884900000">
        <ele>662.000</ele>
      </trkpt>
      <trkpt lat="42.979720000" lon="-1.884970000">
        <ele>663.000</ele>
      </trkpt>
      <trkpt lat="42.979800000" lon="-1.885040000">
        <ele>663.000</ele>
      </trkpt>
      <trkpt lat="42.979900000" lon="-1.885170000">
        <ele>663.000</ele>
      </trkpt>
      <trkpt lat="42.979920000" lon="-1.885220000">
        <ele>664.000</ele>
      </trkpt>
      <trkpt lat="42.980010000" lon="-1.885380000">
        <ele>664.000</ele>
      </trkpt>
      <trkpt lat="42.980030000" lon="-1.885420000">
        <ele>664.000</ele>
      </trkpt>
      <trkpt lat="42.980040000" lon="-1.885440000">
        <ele>664.000</ele>
      </trkpt>
      <trkpt lat="42.980110000" lon="-1.885640000">
        <ele>664.000</ele>
      </trkpt>
      <trkpt lat="42.980120000" lon="-1.885670000">
        <ele>664.000</ele>
      </trkpt>
      <trkpt lat="42.980180000" lon="-1.885810000">
        <ele>665.000</ele>
      </trkpt>
      <trkpt lat="42.980250000" lon="-1.885900000">
        <ele>665.000</ele>
      </trkpt>
      <trkpt lat="42.980310000" lon="-1.885970000">
        <ele>665.000</ele>
      </trkpt>
      <trkpt lat="42.980340000" lon="-1.886000000">
        <ele>665.000</ele>
      </trkpt>
      <trkpt lat="42.980430000" lon="-1.886090000">
        <ele>665.000</ele>
      </trkpt>
      <trkpt lat="42.980510000" lon="-1.886190000">
        <ele>665.000</ele>
      </trkpt>
      <trkpt lat="42.980620000" lon="-1.886310000">
        <ele>665.000</ele>
      </trkpt>
      <trkpt lat="42.980720000" lon="-1.886420000">
        <ele>665.000</ele>
      </trkpt>
      <trkpt lat="42.980910000" lon="-1.886600000">
        <ele>665.000</ele>
      </trkpt>
      <trkpt lat="42.981020000" lon="-1.886670000">
        <ele>665.000</ele>
      </trkpt>
      <trkpt lat="42.981040000" lon="-1.886680000">
        <ele>665.000</ele>
      </trkpt>
      <trkpt lat="42.981070000" lon="-1.886700000">
        <ele>665.000</ele>
      </trkpt>
      <trkpt lat="42.981150000" lon="-1.886750000">
        <ele>665.000</ele>
      </trkpt>
      <trkpt lat="42.981210000" lon="-1.886780000">
        <ele>665.000</ele>
      </trkpt>
      <trkpt lat="42.981270000" lon="-1.886810000">
        <ele>665.000</ele>
      </trkpt>
      <trkpt lat="42.981410000" lon="-1.886880000">
        <ele>665.000</ele>
      </trkpt>
      <trkpt lat="42.981470000" lon="-1.886910000">
        <ele>665.000</ele>
      </trkpt>
      <trkpt lat="42.981700000" lon="-1.887080000">
        <ele>664.000</ele>
      </trkpt>
      <trkpt lat="42.981730000" lon="-1.887100000">
        <ele>663.000</ele>
      </trkpt>
      <trkpt lat="42.981760000" lon="-1.887130000">
        <ele>663.000</ele>
      </trkpt>
      <trkpt lat="42.981850000" lon="-1.887200000">
        <ele>662.000</ele>
      </trkpt>
      <trkpt lat="42.981890000" lon="-1.887220000">
        <ele>661.000</ele>
      </trkpt>
      <trkpt lat="42.981910000" lon="-1.887240000">
        <ele>661.000</ele>
      </trkpt>
      <trkpt lat="42.982020000" lon="-1.887280000">
        <ele>660.000</ele>
      </trkpt>
      <trkpt lat="42.982060000" lon="-1.887280000">
        <ele>660.000</ele>
      </trkpt>
      <trkpt lat="42.982100000" lon="-1.887280000">
        <ele>659.000</ele>
      </trkpt>
      <trkpt lat="42.982310000" lon="-1.887220000">
        <ele>658.000</ele>
      </trkpt>
      <trkpt lat="42.982380000" lon="-1.887200000">
        <ele>657.000</ele>
      </trkpt>
      <trkpt lat="42.982400000" lon="-1.887210000">
        <ele>656.000</ele>
      </trkpt>
      <trkpt lat="42.982410000" lon="-1.887210000">
        <ele>656.000</ele>
      </trkpt>
      <trkpt lat="42.982420000" lon="-1.887210000">
        <ele>656.000</ele>
      </trkpt>
      <trkpt lat="42.982460000" lon="-1.887230000">
        <ele>655.000</ele>
      </trkpt>
      <trkpt lat="42.982480000" lon="-1.887250000">
        <ele>655.000</ele>
      </trkpt>
      <trkpt lat="42.982490000" lon="-1.887250000">
        <ele>655.000</ele>
      </trkpt>
      <trkpt lat="42.982520000" lon="-1.887280000">
        <ele>654.000</ele>
      </trkpt>
      <trkpt lat="42.982550000" lon="-1.887310000">
        <ele>654.000</ele>
      </trkpt>
      <trkpt lat="42.982560000" lon="-1.887330000">
        <ele>654.000</ele>
      </trkpt>
      <trkpt lat="42.982580000" lon="-1.887380000">
        <ele>653.000</ele>
      </trkpt>
      <trkpt lat="42.982600000" lon="-1.887460000">
        <ele>653.000</ele>
      </trkpt>
      <trkpt lat="42.982600000" lon="-1.887600000">
        <ele>652.000</ele>
      </trkpt>
      <trkpt lat="42.982580000" lon="-1.887760000">
        <ele>652.000</ele>
      </trkpt>
      <trkpt lat="42.982580000" lon="-1.887800000">
        <ele>651.000</ele>
      </trkpt>
      <trkpt lat="42.982580000" lon="-1.887810000">
        <ele>651.000</ele>
      </trkpt>
      <trkpt lat="42.982590000" lon="-1.887950000">
        <ele>650.000</ele>
      </trkpt>
      <trkpt lat="42.982650000" lon="-1.888090000">
        <ele>649.000</ele>
      </trkpt>
      <trkpt lat="42.982700000" lon="-1.888150000">
        <ele>648.000</ele>
      </trkpt>
      <trkpt lat="42.982730000" lon="-1.888180000">
        <ele>648.000</ele>
      </trkpt>
      <trkpt lat="42.982760000" lon="-1.888210000">
        <ele>648.000</ele>
      </trkpt>
      <trkpt lat="42.982870000" lon="-1.888310000">
        <ele>647.000</ele>
      </trkpt>
      <trkpt lat="42.983200000" lon="-1.888550000">
        <ele>646.000</ele>
      </trkpt>
      <trkpt lat="42.983230000" lon="-1.888580000">
        <ele>646.000</ele>
      </trkpt>
      <trkpt lat="42.983370000" lon="-1.888680000">
        <ele>645.000</ele>
      </trkpt>
      <trkpt lat="42.983390000" lon="-1.888690000">
        <ele>644.000</ele>
      </trkpt>
      <trkpt lat="42.983690000" lon="-1.888850000">
        <ele>644.000</ele>
      </trkpt>
      <trkpt lat="42.983900000" lon="-1.888920000">
        <ele>643.000</ele>
      </trkpt>
      <trkpt lat="42.983920000" lon="-1.888930000">
        <ele>642.000</ele>
      </trkpt>
      <trkpt lat="42.984080000" lon="-1.888980000">
        <ele>641.000</ele>
      </trkpt>
      <trkpt lat="42.984190000" lon="-1.888990000">
        <ele>641.000</ele>
      </trkpt>
      <trkpt lat="42.984250000" lon="-1.888980000">
        <ele>640.000</ele>
      </trkpt>
      <trkpt lat="42.984390000" lon="-1.888970000">
        <ele>640.000</ele>
      </trkpt>
      <trkpt lat="42.984480000" lon="-1.888960000">
        <ele>639.000</ele>
      </trkpt>
      <trkpt lat="42.984620000" lon="-1.888900000">
        <ele>639.000</ele>
      </trkpt>
      <trkpt lat="42.984710000" lon="-1.888870000">
        <ele>638.000</ele>
      </trkpt>
      <trkpt lat="42.984740000" lon="-1.888860000">
        <ele>638.000</ele>
      </trkpt>
      <trkpt lat="42.984780000" lon="-1.888860000">
        <ele>637.000</ele>
      </trkpt>
      <trkpt lat="42.984790000" lon="-1.888850000">
        <ele>637.000</ele>
      </trkpt>
      <trkpt lat="42.984900000" lon="-1.888830000">
        <ele>637.000</ele>
      </trkpt>
      <trkpt lat="42.984960000" lon="-1.888850000">
        <ele>636.000</ele>
      </trkpt>
      <trkpt lat="42.984990000" lon="-1.888850000">
        <ele>636.000</ele>
      </trkpt>
      <trkpt lat="42.985060000" lon="-1.888900000">
        <ele>636.000</ele>
      </trkpt>
      <trkpt lat="42.985080000" lon="-1.888940000">
        <ele>635.000</ele>
      </trkpt>
      <trkpt lat="42.985110000" lon="-1.888980000">
        <ele>635.000</ele>
      </trkpt>
      <trkpt lat="42.985120000" lon="-1.889000000">
        <ele>635.000</ele>
      </trkpt>
      <trkpt lat="42.985160000" lon="-1.889090000">
        <ele>635.000</ele>
      </trkpt>
      <trkpt lat="42.985170000" lon="-1.889200000">
        <ele>634.000</ele>
      </trkpt>
      <trkpt lat="42.985170000" lon="-1.889210000">
        <ele>634.000</ele>
      </trkpt>
      <trkpt lat="42.985160000" lon="-1.889320000">
        <ele>634.000</ele>
      </trkpt>
      <trkpt lat="42.985170000" lon="-1.889390000">
        <ele>634.000</ele>
      </trkpt>
      <trkpt lat="42.985170000" lon="-1.889440000">
        <ele>633.000</ele>
      </trkpt>
      <trkpt lat="42.985180000" lon="-1.889450000">
        <ele>633.000</ele>
      </trkpt>
      <trkpt lat="42.985210000" lon="-1.889540000">
        <ele>633.000</ele>
      </trkpt>
      <trkpt lat="42.985280000" lon="-1.889640000">
        <ele>633.000</ele>
      </trkpt>
      <trkpt lat="42.985290000" lon="-1.889650000">
        <ele>632.000</ele>
      </trkpt>
      <trkpt lat="42.985410000" lon="-1.889760000">
        <ele>632.000</ele>
      </trkpt>
      <trkpt lat="42.985560000" lon="-1.889850000">
        <ele>631.000</ele>
      </trkpt>
      <trkpt lat="42.985660000" lon="-1.889900000">
        <ele>631.000</ele>
      </trkpt>
      <trkpt lat="42.985730000" lon="-1.889940000">
        <ele>630.000</ele>
      </trkpt>
      <trkpt lat="42.985760000" lon="-1.889970000">
        <ele>630.000</ele>
      </trkpt>
      <trkpt lat="42.985770000" lon="-1.889970000">
        <ele>630.000</ele>
      </trkpt>
      <trkpt lat="42.985880000" lon="-1.890070000">
        <ele>630.000</ele>
      </trkpt>
      <trkpt lat="42.985910000" lon="-1.890100000">
        <ele>629.000</ele>
      </trkpt>
      <trkpt lat="42.985950000" lon="-1.890140000">
        <ele>629.000</ele>
      </trkpt>
      <trkpt lat="42.986180000" lon="-1.890360000">
        <ele>629.000</ele>
      </trkpt>
      <trkpt lat="42.986210000" lon="-1.890390000">
        <ele>628.000</ele>
      </trkpt>
      <trkpt lat="42.986320000" lon="-1.890500000">
        <ele>628.000</ele>
      </trkpt>
      <trkpt lat="42.986370000" lon="-1.890550000">
        <ele>628.000</ele>
      </trkpt>
      <trkpt lat="42.986450000" lon="-1.890660000">
        <ele>628.000</ele>
      </trkpt>
      <trkpt lat="42.986610000" lon="-1.890870000">
        <ele>627.000</ele>
      </trkpt>
      <trkpt lat="42.986710000" lon="-1.891010000">
        <ele>627.000</ele>
      </trkpt>
      <trkpt lat="42.986730000" lon="-1.891050000">
        <ele>627.000</ele>
      </trkpt>
      <trkpt lat="42.986770000" lon="-1.891120000">
        <ele>626.000</ele>
      </trkpt>
      <trkpt lat="42.986860000" lon="-1.891220000">
        <ele>626.000</ele>
      </trkpt>
      <trkpt lat="42.986920000" lon="-1.891280000">
        <ele>626.000</ele>
      </trkpt>
      <trkpt lat="42.986990000" lon="-1.891320000">
        <ele>626.000</ele>
      </trkpt>
      <trkpt lat="42.987070000" lon="-1.891320000">
        <ele>625.000</ele>
      </trkpt>
      <trkpt lat="42.987200000" lon="-1.891320000">
        <ele>625.000</ele>
      </trkpt>
      <trkpt lat="42.987310000" lon="-1.891290000">
        <ele>625.000</ele>
      </trkpt>
      <trkpt lat="42.987340000" lon="-1.891300000">
        <ele>625.000</ele>
      </trkpt>
      <trkpt lat="42.987380000" lon="-1.891300000">
        <ele>624.000</ele>
      </trkpt>
      <trkpt lat="42.987440000" lon="-1.891310000">
        <ele>624.000</ele>
      </trkpt>
      <trkpt lat="42.987560000" lon="-1.891340000">
        <ele>624.000</ele>
      </trkpt>
      <trkpt lat="42.987580000" lon="-1.891340000">
        <ele>624.000</ele>
      </trkpt>
      <trkpt lat="42.987880000" lon="-1.891470000">
        <ele>623.000</ele>
      </trkpt>
      <trkpt lat="42.987890000" lon="-1.891480000">
        <ele>623.000</ele>
      </trkpt>
      <trkpt lat="42.988030000" lon="-1.891560000">
        <ele>623.000</ele>
      </trkpt>
      <trkpt lat="42.988170000" lon="-1.891680000">
        <ele>622.000</ele>
      </trkpt>
      <trkpt lat="42.988180000" lon="-1.891690000">
        <ele>622.000</ele>
      </trkpt>
      <trkpt lat="42.988310000" lon="-1.891830000">
        <ele>622.000</ele>
      </trkpt>
      <trkpt lat="42.988770000" lon="-1.892350000">
        <ele>621.000</ele>
      </trkpt>
      <trkpt lat="42.988870000" lon="-1.892470000">
        <ele>621.000</ele>
      </trkpt>
      <trkpt lat="42.988890000" lon="-1.892490000">
        <ele>620.000</ele>
      </trkpt>
      <trkpt lat="42.989040000" lon="-1.892670000">
        <ele>620.000</ele>
      </trkpt>
      <trkpt lat="42.989090000" lon="-1.892760000">
        <ele>620.000</ele>
      </trkpt>
      <trkpt lat="42.989140000" lon="-1.892880000">
        <ele>620.000</ele>
      </trkpt>
      <trkpt lat="42.989160000" lon="-1.892920000">
        <ele>620.000</ele>
      </trkpt>
      <trkpt lat="42.989170000" lon="-1.892940000">
        <ele>620.000</ele>
      </trkpt>
      <trkpt lat="42.989180000" lon="-1.892960000">
        <ele>620.000</ele>
      </trkpt>
      <trkpt lat="42.989250000" lon="-1.893190000">
        <ele>620.000</ele>
      </trkpt>
      <trkpt lat="42.989360000" lon="-1.893490000">
        <ele>620.000</ele>
      </trkpt>
      <trkpt lat="42.989460000" lon="-1.893780000">
        <ele>620.000</ele>
      </trkpt>
      <trkpt lat="42.989480000" lon="-1.893810000">
        <ele>620.000</ele>
      </trkpt>
      <trkpt lat="42.989640000" lon="-1.894150000">
        <ele>620.000</ele>
      </trkpt>
      <trkpt lat="42.989750000" lon="-1.894370000">
        <ele>620.000</ele>
      </trkpt>
      <trkpt lat="42.989770000" lon="-1.894410000">
        <ele>620.000</ele>
      </trkpt>
      <trkpt lat="42.989790000" lon="-1.894430000">
        <ele>620.000</ele>
      </trkpt>
      <trkpt lat="42.990080000" lon="-1.894500000">
        <ele>620.000</ele>
      </trkpt>
      <trkpt lat="42.990170000" lon="-1.894520000">
        <ele>619.000</ele>
      </trkpt>
      <trkpt lat="42.990230000" lon="-1.894550000">
        <ele>619.000</ele>
      </trkpt>
      <trkpt lat="42.990260000" lon="-1.894560000">
        <ele>618.000</ele>
      </trkpt>
      <trkpt lat="42.990310000" lon="-1.894590000">
        <ele>618.000</ele>
      </trkpt>
      <trkpt lat="42.990370000" lon="-1.894630000">
        <ele>618.000</ele>
      </trkpt>
      <trkpt lat="42.990560000" lon="-1.894820000">
        <ele>617.000</ele>
      </trkpt>
      <trkpt lat="42.990650000" lon="-1.894930000">
        <ele>616.000</ele>
      </trkpt>
      <trkpt lat="42.990840000" lon="-1.895160000">
        <ele>616.000</ele>
      </trkpt>
      <trkpt lat="42.990860000" lon="-1.895190000">
        <ele>615.000</ele>
      </trkpt>
      <trkpt lat="42.990930000" lon="-1.895290000">
        <ele>614.000</ele>
      </trkpt>
      <trkpt lat="42.990990000" lon="-1.895420000">
        <ele>614.000</ele>
      </trkpt>
      <trkpt lat="42.991060000" lon="-1.895600000">
        <ele>613.000</ele>
      </trkpt>
      <trkpt lat="42.991100000" lon="-1.895700000">
        <ele>612.000</ele>
      </trkpt>
      <trkpt lat="42.991120000" lon="-1.895740000">
        <ele>612.000</ele>
      </trkpt>
      <trkpt lat="42.991150000" lon="-1.895770000">
        <ele>611.000</ele>
      </trkpt>
      <trkpt lat="42.991180000" lon="-1.895790000">
        <ele>611.000</ele>
      </trkpt>
      <trkpt lat="42.991210000" lon="-1.895800000">
        <ele>611.000</ele>
      </trkpt>
      <trkpt lat="42.991230000" lon="-1.895800000">
        <ele>611.000</ele>
      </trkpt>
      <trkpt lat="42.991250000" lon="-1.895800000">
        <ele>610.000</ele>
      </trkpt>
      <trkpt lat="42.991300000" lon="-1.895800000">
        <ele>610.000</ele>
      </trkpt>
      <trkpt lat="42.991410000" lon="-1.895800000">
        <ele>610.000</ele>
      </trkpt>
      <trkpt lat="42.991440000" lon="-1.895800000">
        <ele>609.000</ele>
      </trkpt>
      <trkpt lat="42.991520000" lon="-1.895790000">
        <ele>609.000</ele>
      </trkpt>
      <trkpt lat="42.991590000" lon="-1.895800000">
        <ele>608.000</ele>
      </trkpt>
      <trkpt lat="42.991620000" lon="-1.895800000">
        <ele>608.000</ele>
      </trkpt>
      <trkpt lat="42.991650000" lon="-1.895800000">
        <ele>608.000</ele>
      </trkpt>
      <trkpt lat="42.991720000" lon="-1.895810000">
        <ele>607.000</ele>
      </trkpt>
      <trkpt lat="42.991770000" lon="-1.895830000">
        <ele>607.000</ele>
      </trkpt>
      <trkpt lat="42.991810000" lon="-1.895850000">
        <ele>606.000</ele>
      </trkpt>
      <trkpt lat="42.991850000" lon="-1.895870000">
        <ele>606.000</ele>
      </trkpt>
      <trkpt lat="42.991920000" lon="-1.895920000">
        <ele>606.000</ele>
      </trkpt>
      <trkpt lat="42.991950000" lon="-1.895940000">
        <ele>605.000</ele>
      </trkpt>
      <trkpt lat="42.992010000" lon="-1.895980000">
        <ele>605.000</ele>
      </trkpt>
      <trkpt lat="42.992080000" lon="-1.896030000">
        <ele>604.000</ele>
      </trkpt>
      <trkpt lat="42.992110000" lon="-1.896050000">
        <ele>604.000</ele>
      </trkpt>
      <trkpt lat="42.992190000" lon="-1.896110000">
        <ele>603.000</ele>
      </trkpt>
      <trkpt lat="42.992270000" lon="-1.896170000">
        <ele>603.000</ele>
      </trkpt>
      <trkpt lat="42.992350000" lon="-1.896220000">
        <ele>602.000</ele>
      </trkpt>
      <trkpt lat="42.992430000" lon="-1.896270000">
        <ele>602.000</ele>
      </trkpt>
      <trkpt lat="42.992500000" lon="-1.896310000">
        <ele>601.000</ele>
      </trkpt>
      <trkpt lat="42.992550000" lon="-1.896320000">
        <ele>600.000</ele>
      </trkpt>
      <trkpt lat="42.992580000" lon="-1.896320000">
        <ele>600.000</ele>
      </trkpt>
      <trkpt lat="42.992630000" lon="-1.896330000">
        <ele>600.000</ele>
      </trkpt>
      <trkpt lat="42.992670000" lon="-1.896340000">
        <ele>599.000</ele>
      </trkpt>
      <trkpt lat="42.992710000" lon="-1.896340000">
        <ele>599.000</ele>
      </trkpt>
      <trkpt lat="42.992920000" lon="-1.896340000">
        <ele>598.000</ele>
      </trkpt>
      <trkpt lat="42.993090000" lon="-1.896320000">
        <ele>597.000</ele>
      </trkpt>
      <trkpt lat="42.993120000" lon="-1.896310000">
        <ele>596.000</ele>
      </trkpt>
      <trkpt lat="42.993180000" lon="-1.896300000">
        <ele>595.000</ele>
      </trkpt>
      <trkpt lat="42.993210000" lon="-1.896280000">
        <ele>595.000</ele>
      </trkpt>
      <trkpt lat="42.993250000" lon="-1.896260000">
        <ele>594.000</ele>
      </trkpt>
      <trkpt lat="42.993290000" lon="-1.896230000">
        <ele>594.000</ele>
      </trkpt>
      <trkpt lat="42.993300000" lon="-1.896220000">
        <ele>594.000</ele>
      </trkpt>
      <trkpt lat="42.993370000" lon="-1.896160000">
        <ele>593.000</ele>
      </trkpt>
      <trkpt lat="42.993430000" lon="-1.896100000">
        <ele>592.000</ele>
      </trkpt>
      <trkpt lat="42.993490000" lon="-1.896040000">
        <ele>592.000</ele>
      </trkpt>
      <trkpt lat="42.993560000" lon="-1.895970000">
        <ele>591.000</ele>
      </trkpt>
      <trkpt lat="42.993690000" lon="-1.895800000">
        <ele>590.000</ele>
      </trkpt>
      <trkpt lat="42.993770000" lon="-1.895680000">
        <ele>589.000</ele>
      </trkpt>
      <trkpt lat="42.993800000" lon="-1.895640000">
        <ele>588.000</ele>
      </trkpt>
      <trkpt lat="42.993880000" lon="-1.895530000">
        <ele>587.000</ele>
      </trkpt>
      <trkpt lat="42.993930000" lon="-1.895480000">
        <ele>587.000</ele>
      </trkpt>
      <trkpt lat="42.993980000" lon="-1.895440000">
        <ele>586.000</ele>
      </trkpt>
      <trkpt lat="42.994170000" lon="-1.895330000">
        <ele>585.000</ele>
      </trkpt>
      <trkpt lat="42.994400000" lon="-1.895250000">
        <ele>583.000</ele>
      </trkpt>
      <trkpt lat="42.994490000" lon="-1.895220000">
        <ele>582.000</ele>
      </trkpt>
      <trkpt lat="42.994710000" lon="-1.895150000">
        <ele>581.000</ele>
      </trkpt>
      <trkpt lat="42.994920000" lon="-1.895040000">
        <ele>580.000</ele>
      </trkpt>
      <trkpt lat="42.994950000" lon="-1.895030000">
        <ele>579.000</ele>
      </trkpt>
      <trkpt lat="42.994990000" lon="-1.895010000">
        <ele>578.000</ele>
      </trkpt>
      <trkpt lat="42.995010000" lon="-1.895010000">
        <ele>578.000</ele>
      </trkpt>
      <trkpt lat="42.995020000" lon="-1.895010000">
        <ele>578.000</ele>
      </trkpt>
      <trkpt lat="42.995050000" lon="-1.895030000">
        <ele>577.000</ele>
      </trkpt>
      <trkpt lat="42.995060000" lon="-1.895060000">
        <ele>577.000</ele>
      </trkpt>
      <trkpt lat="42.995060000" lon="-1.895090000">
        <ele>577.000</ele>
      </trkpt>
      <trkpt lat="42.995070000" lon="-1.895100000">
        <ele>577.000</ele>
      </trkpt>
      <trkpt lat="42.995060000" lon="-1.895140000">
        <ele>577.000</ele>
      </trkpt>
      <trkpt lat="42.995050000" lon="-1.895170000">
        <ele>577.000</ele>
      </trkpt>
      <trkpt lat="42.995030000" lon="-1.895200000">
        <ele>577.000</ele>
      </trkpt>
      <trkpt lat="42.995020000" lon="-1.895210000">
        <ele>576.000</ele>
      </trkpt>
      <trkpt lat="42.994960000" lon="-1.895270000">
        <ele>576.000</ele>
      </trkpt>
      <trkpt lat="42.994810000" lon="-1.895400000">
        <ele>576.000</ele>
      </trkpt>
      <trkpt lat="42.994540000" lon="-1.895650000">
        <ele>575.000</ele>
      </trkpt>
      <trkpt lat="42.994510000" lon="-1.895680000">
        <ele>575.000</ele>
      </trkpt>
      <trkpt lat="42.994430000" lon="-1.895750000">
        <ele>574.000</ele>
      </trkpt>
      <trkpt lat="42.994360000" lon="-1.895810000">
        <ele>574.000</ele>
      </trkpt>
      <trkpt lat="42.994340000" lon="-1.895820000">
        <ele>573.000</ele>
      </trkpt>
      <trkpt lat="42.994290000" lon="-1.895880000">
        <ele>573.000</ele>
      </trkpt>
      <trkpt lat="42.994150000" lon="-1.896050000">
        <ele>572.000</ele>
      </trkpt>
      <trkpt lat="42.994120000" lon="-1.896080000">
        <ele>572.000</ele>
      </trkpt>
      <trkpt lat="42.994090000" lon="-1.896130000">
        <ele>572.000</ele>
      </trkpt>
      <trkpt lat="42.994080000" lon="-1.896140000">
        <ele>571.000</ele>
      </trkpt>
      <trkpt lat="42.994080000" lon="-1.896150000">
        <ele>571.000</ele>
      </trkpt>
      <trkpt lat="42.994080000" lon="-1.896160000">
        <ele>571.000</ele>
      </trkpt>
      <trkpt lat="42.994080000" lon="-1.896170000">
        <ele>571.000</ele>
      </trkpt>
      <trkpt lat="42.994090000" lon="-1.896180000">
        <ele>571.000</ele>
      </trkpt>
      <trkpt lat="42.994100000" lon="-1.896190000">
        <ele>571.000</ele>
      </trkpt>
      <trkpt lat="42.994110000" lon="-1.896200000">
        <ele>571.000</ele>
      </trkpt>
      <trkpt lat="42.994130000" lon="-1.896210000">
        <ele>571.000</ele>
      </trkpt>
      <trkpt lat="42.994140000" lon="-1.896210000">
        <ele>571.000</ele>
      </trkpt>
      <trkpt lat="42.994160000" lon="-1.896210000">
        <ele>570.000</ele>
      </trkpt>
      <trkpt lat="42.994180000" lon="-1.896190000">
        <ele>570.000</ele>
      </trkpt>
      <trkpt lat="42.994200000" lon="-1.896170000">
        <ele>570.000</ele>
      </trkpt>
      <trkpt lat="42.994210000" lon="-1.896160000">
        <ele>570.000</ele>
      </trkpt>
      <trkpt lat="42.994220000" lon="-1.896150000">
        <ele>570.000</ele>
      </trkpt>
      <trkpt lat="42.994280000" lon="-1.896070000">
        <ele>570.000</ele>
      </trkpt>
      <trkpt lat="42.994340000" lon="-1.895990000">
        <ele>569.000</ele>
      </trkpt>
      <trkpt lat="42.994350000" lon="-1.895980000">
        <ele>569.000</ele>
      </trkpt>
      <trkpt lat="42.994370000" lon="-1.895970000">
        <ele>569.000</ele>
      </trkpt>
      <trkpt lat="42.994400000" lon="-1.895950000">
        <ele>569.000</ele>
      </trkpt>
      <trkpt lat="42.994420000" lon="-1.895940000">
        <ele>569.000</ele>
      </trkpt>
      <trkpt lat="42.994430000" lon="-1.895930000">
        <ele>568.000</ele>
      </trkpt>
      <trkpt lat="42.994450000" lon="-1.895930000">
        <ele>568.000</ele>
      </trkpt>
      <trkpt lat="42.994470000" lon="-1.895920000">
        <ele>568.000</ele>
      </trkpt>
      <trkpt lat="42.994480000" lon="-1.895920000">
        <ele>568.000</ele>
      </trkpt>
      <trkpt lat="42.994500000" lon="-1.895930000">
        <ele>568.000</ele>
      </trkpt>
      <trkpt lat="42.994510000" lon="-1.895930000">
        <ele>568.000</ele>
      </trkpt>
      <trkpt lat="42.994550000" lon="-1.895960000">
        <ele>568.000</ele>
      </trkpt>
      <trkpt lat="42.994580000" lon="-1.896000000">
        <ele>568.000</ele>
      </trkpt>
      <trkpt lat="42.994590000" lon="-1.896010000">
        <ele>567.000</ele>
      </trkpt>
      <trkpt lat="42.994650000" lon="-1.896080000">
        <ele>567.000</ele>
      </trkpt>
      <trkpt lat="42.994660000" lon="-1.896100000">
        <ele>567.000</ele>
      </trkpt>
      <trkpt lat="42.995010000" lon="-1.896520000">
        <ele>566.000</ele>
      </trkpt>
      <trkpt lat="42.995210000" lon="-1.896420000">
        <ele>565.000</ele>
      </trkpt>
      <trkpt lat="42.995340000" lon="-1.896340000">
        <ele>564.000</ele>
      </trkpt>
      <trkpt lat="42.995380000" lon="-1.896320000">
        <ele>563.000</ele>
      </trkpt>
      <trkpt lat="42.995510000" lon="-1.896240000">
        <ele>562.000</ele>
      </trkpt>
      <trkpt lat="42.995540000" lon="-1.896210000">
        <ele>562.000</ele>
      </trkpt>
      <trkpt lat="42.995700000" lon="-1.896110000">
        <ele>561.000</ele>
      </trkpt>
      <trkpt lat="42.995730000" lon="-1.896100000">
        <ele>561.000</ele>
      </trkpt>
      <trkpt lat="42.995770000" lon="-1.896070000">
        <ele>561.000</ele>
      </trkpt>
      <trkpt lat="42.995840000" lon="-1.896040000">
        <ele>561.000</ele>
      </trkpt>
      <trkpt lat="42.995900000" lon="-1.896010000">
        <ele>560.000</ele>
      </trkpt>
      <trkpt lat="42.995960000" lon="-1.896000000">
        <ele>560.000</ele>
      </trkpt>
      <trkpt lat="42.996010000" lon="-1.896010000">
        <ele>560.000</ele>
      </trkpt>
      <trkpt lat="42.996030000" lon="-1.896010000">
        <ele>560.000</ele>
      </trkpt>
      <trkpt lat="42.996140000" lon="-1.896040000">
        <ele>560.000</ele>
      </trkpt>
      <trkpt lat="42.996160000" lon="-1.896050000">
        <ele>560.000</ele>
      </trkpt>
      <trkpt lat="42.996190000" lon="-1.896060000">
        <ele>560.000</ele>
      </trkpt>
      <trkpt lat="42.996330000" lon="-1.896110000">
        <ele>560.000</ele>
      </trkpt>
      <trkpt lat="42.996680000" lon="-1.896210000">
        <ele>560.000</ele>
      </trkpt>
      <trkpt lat="42.996690000" lon="-1.896180000">
        <ele>560.000</ele>
      </trkpt>
      <trkpt lat="42.996700000" lon="-1.896160000">
        <ele>560.000</ele>
      </trkpt>
      <trkpt lat="42.996720000" lon="-1.896130000">
        <ele>560.000</ele>
      </trkpt>
      <trkpt lat="42.996770000" lon="-1.896060000">
        <ele>560.000</ele>
      </trkpt>
      <trkpt lat="42.996820000" lon="-1.896000000">
        <ele>560.000</ele>
      </trkpt>
      <trkpt lat="42.996840000" lon="-1.895990000">
        <ele>560.000</ele>
      </trkpt>
      <trkpt lat="42.996900000" lon="-1.895930000">
        <ele>560.000</ele>
      </trkpt>
      <trkpt lat="42.996970000" lon="-1.895880000">
        <ele>560.000</ele>
      </trkpt>
      <trkpt lat="42.996980000" lon="-1.895880000">
        <ele>560.000</ele>
      </trkpt>
      <trkpt lat="42.997090000" lon="-1.895790000">
        <ele>560.000</ele>
      </trkpt>
      <trkpt lat="42.997180000" lon="-1.895720000">
        <ele>560.000</ele>
      </trkpt>
      <trkpt lat="42.997260000" lon="-1.895640000">
        <ele>560.000</ele>
      </trkpt>
      <trkpt lat="42.997380000" lon="-1.895430000">
        <ele>560.000</ele>
      </trkpt>
      <trkpt lat="42.997390000" lon="-1.895420000">
        <ele>560.000</ele>
      </trkpt>
      <trkpt lat="42.997500000" lon="-1.895190000">
        <ele>560.000</ele>
      </trkpt>
      <trkpt lat="42.997600000" lon="-1.894930000">
        <ele>560.000</ele>
      </trkpt>
      <trkpt lat="42.997670000" lon="-1.894690000">
        <ele>560.000</ele>
      </trkpt>
      <trkpt lat="42.997670000" lon="-1.894690000">
        <ele>560.000</ele>
      </trkpt>
      <trkpt lat="42.997670000" lon="-1.894680000">
        <ele>560.000</ele>
      </trkpt>
      <trkpt lat="42.997690000" lon="-1.894610000">
        <ele>560.000</ele>
      </trkpt>
      <trkpt lat="42.997690000" lon="-1.894600000">
        <ele>560.000</ele>
      </trkpt>
      <trkpt lat="42.997760000" lon="-1.894380000">
        <ele>560.000</ele>
      </trkpt>
      <trkpt lat="42.997800000" lon="-1.894230000">
        <ele>560.000</ele>
      </trkpt>
      <trkpt lat="42.997820000" lon="-1.894160000">
        <ele>560.000</ele>
      </trkpt>
      <trkpt lat="42.997950000" lon="-1.893750000">
        <ele>560.000</ele>
      </trkpt>
      <trkpt lat="42.998120000" lon="-1.893240000">
        <ele>560.000</ele>
      </trkpt>
      <trkpt lat="42.998540000" lon="-1.891940000">
        <ele>560.000</ele>
      </trkpt>
      <trkpt lat="42.998650000" lon="-1.891660000">
        <ele>560.000</ele>
      </trkpt>
      <trkpt lat="42.998750000" lon="-1.891460000">
        <ele>560.000</ele>
      </trkpt>
      <trkpt lat="42.998860000" lon="-1.891300000">
        <ele>561.000</ele>
      </trkpt>
      <trkpt lat="42.998990000" lon="-1.891120000">
        <ele>561.000</ele>
      </trkpt>
      <trkpt lat="42.999050000" lon="-1.891040000">
        <ele>561.000</ele>
      </trkpt>
      <trkpt lat="42.999280000" lon="-1.890740000">
        <ele>561.000</ele>
      </trkpt>
      <trkpt lat="42.999760000" lon="-1.890160000">
        <ele>562.000</ele>
      </trkpt>
      <trkpt lat="42.999800000" lon="-1.890120000">
        <ele>562.000</ele>
      </trkpt>
      <trkpt lat="42.999870000" lon="-1.890010000">
        <ele>562.000</ele>
      </trkpt>
      <trkpt lat="43.000120000" lon="-1.889700000">
        <ele>563.000</ele>
      </trkpt>
      <trkpt lat="43.000120000" lon="-1.889700000">
        <ele>563.000</ele>
      </trkpt>
      <trkpt lat="43.000320000" lon="-1.889980000">
        <ele>563.000</ele>
      </trkpt>
      <trkpt lat="43.000330000" lon="-1.889990000">
        <ele>563.000</ele>
      </trkpt>
      <trkpt lat="43.000840000" lon="-1.890750000">
        <ele>564.000</ele>
      </trkpt>
      <trkpt lat="43.001040000" lon="-1.891060000">
        <ele>564.000</ele>
      </trkpt>
      <trkpt lat="43.001610000" lon="-1.891860000">
        <ele>565.000</ele>
      </trkpt>
      <trkpt lat="43.001670000" lon="-1.891940000">
        <ele>566.000</ele>
      </trkpt>
      <trkpt lat="43.001740000" lon="-1.892030000">
        <ele>566.000</ele>
      </trkpt>
      <trkpt lat="43.001830000" lon="-1.892150000">
        <ele>567.000</ele>
      </trkpt>
      <trkpt lat="43.001920000" lon="-1.892280000">
        <ele>567.000</ele>
      </trkpt>
      <trkpt lat="43.002110000" lon="-1.892540000">
        <ele>568.000</ele>
      </trkpt>
      <trkpt lat="43.002340000" lon="-1.892860000">
        <ele>568.000</ele>
      </trkpt>
      <trkpt lat="43.002570000" lon="-1.893180000">
        <ele>568.000</ele>
      </trkpt>
      <trkpt lat="43.002910000" lon="-1.893650000">
        <ele>568.000</ele>
      </trkpt>
      <trkpt lat="43.003080000" lon="-1.893890000">
        <ele>568.000</ele>
      </trkpt>
      <trkpt lat="43.003340000" lon="-1.894210000">
        <ele>568.000</ele>
      </trkpt>
      <trkpt lat="43.003690000" lon="-1.894670000">
        <ele>568.000</ele>
      </trkpt>
      <trkpt lat="43.003730000" lon="-1.894730000">
        <ele>568.000</ele>
      </trkpt>
      <trkpt lat="43.003990000" lon="-1.895070000">
        <ele>568.000</ele>
      </trkpt>
      <trkpt lat="43.004160000" lon="-1.895300000">
        <ele>568.000</ele>
      </trkpt>
      <trkpt lat="43.004320000" lon="-1.895530000">
        <ele>568.000</ele>
      </trkpt>
      <trkpt lat="43.004420000" lon="-1.895660000">
        <ele>568.000</ele>
      </trkpt>
      <trkpt lat="43.004630000" lon="-1.895950000">
        <ele>568.000</ele>
      </trkpt>
      <trkpt lat="43.004660000" lon="-1.895990000">
        <ele>568.000</ele>
      </trkpt>
      <trkpt lat="43.004690000" lon="-1.896030000">
        <ele>568.000</ele>
      </trkpt>
      <trkpt lat="43.004830000" lon="-1.896220000">
        <ele>568.000</ele>
      </trkpt>
      <trkpt lat="43.004860000" lon="-1.896270000">
        <ele>568.000</ele>
      </trkpt>
    </trkseg>
  </trk>
</gpx>
