<?xml version="1.0" encoding="UTF-8"?>
<gpx creator="https://gpx.studio" version="1.1" xmlns="http://www.topografix.com/GPX/1/1" xmlns:xsi="http://www.w3.org/2001/XMLSchema-instance" xsi:schemaLocation="http://www.topografix.com/GPX/1/1 http://www.topografix.com/GPX/1/1/gpx.xsd http://www.garmin.com/xmlschemas/GpxExtensions/v3 http://www.garmin.com/xmlschemas/GpxExtensionsv3.xsd http://www.garmin.com/xmlschemas/TrackPointExtension/v1 http://www.garmin.com/xmlschemas/TrackPointExtensionv1.xsd http://www.garmin.com/xmlschemas/PowerExtension/v1 http://www.garmin.com/xmlschemas/PowerExtensionv1.xsd http://www.topografix.com/GPX/gpx_style/0/2 http://www.topografix.com/GPX/gpx_style/0/2/gpx_style.xsd" xmlns:gpxtpx="http://www.garmin.com/xmlschemas/TrackPointExtension/v1" xmlns:gpxx="http://www.garmin.com/xmlschemas/GpxExtensions/v3" xmlns:gpxpx="http://www.garmin.com/xmlschemas/PowerExtension/v1" xmlns:gpx_style="http://www.topografix.com/GPX/gpx_style/0/2">
  <metadata>
    <name>Klausenpass von Burglen</name>
    <author>
      <name>gpx.studio</name>
      <link href="https://gpx.studio"/>
    </author>
  </metadata>
  <trk>
    <name>Klausenpass von Burglen</name>
    <trkseg>
      <trkpt lat="46.875123" lon="8.65067">
        <ele>490.06</ele>
      </trkpt>
      <trkpt lat="46.875095" lon="8.650785">
        <ele>490.3</ele>
      </trkpt>
      <trkpt lat="46.875081" lon="8.650793">
        <ele>490.44</ele>
      </trkpt>
      <trkpt lat="46.875083" lon="8.650876">
        <ele>490.73</ele>
      </trkpt>
      <trkpt lat="46.875126" lon="8.650893">
        <ele>490.67</ele>
      </trkpt>
      <trkpt lat="46.875037" lon="8.651374">
        <ele>492.47</ele>
      </trkpt>
      <trkpt lat="46.874607" lon="8.654072">
        <ele>501.65</ele>
      </trkpt>
      <trkpt lat="46.874475" lon="8.654806">
        <ele>504.2</ele>
      </trkpt>
      <trkpt lat="46.874415" lon="8.655041">
        <ele>504.83</ele>
      </trkpt>
      <trkpt lat="46.874121" lon="8.655951">
        <ele>508.58</ele>
      </trkpt>
      <trkpt lat="46.874074" lon="8.656157">
        <ele>509.28</ele>
      </trkpt>
      <trkpt lat="46.874053" lon="8.656332">
        <ele>510</ele>
      </trkpt>
      <trkpt lat="46.874045" lon="8.656524">
        <ele>510.33</ele>
      </trkpt>
      <trkpt lat="46.874062" lon="8.656844">
        <ele>511.26</ele>
      </trkpt>
      <trkpt lat="46.874106" lon="8.657069">
        <ele>512</ele>
      </trkpt>
      <trkpt lat="46.874156" lon="8.657247">
        <ele>512.62</ele>
      </trkpt>
      <trkpt lat="46.874245" lon="8.657486">
        <ele>513.51</ele>
      </trkpt>
      <trkpt lat="46.874638" lon="8.658293">
        <ele>516.11</ele>
      </trkpt>
      <trkpt lat="46.874784" lon="8.658619">
        <ele>516.67</ele>
      </trkpt>
      <trkpt lat="46.874879" lon="8.658887">
        <ele>517.68</ele>
      </trkpt>
      <trkpt lat="46.875038" lon="8.659432">
        <ele>519.43</ele>
      </trkpt>
      <trkpt lat="46.875086" lon="8.659569">
        <ele>519.71</ele>
      </trkpt>
      <trkpt lat="46.875158" lon="8.659732">
        <ele>520.54</ele>
      </trkpt>
      <trkpt lat="46.875248" lon="8.659891">
        <ele>521.05</ele>
      </trkpt>
      <trkpt lat="46.875455" lon="8.660213">
        <ele>522.8</ele>
      </trkpt>
      <trkpt lat="46.875428" lon="8.660253">
        <ele>522.46</ele>
      </trkpt>
      <trkpt lat="46.875509" lon="8.660398">
        <ele>523.26</ele>
      </trkpt>
      <trkpt lat="46.875538" lon="8.660473">
        <ele>521.65</ele>
      </trkpt>
      <trkpt lat="46.875582" lon="8.66063">
        <ele>521.68</ele>
      </trkpt>
      <trkpt lat="46.875624" lon="8.660821">
        <ele>521.71</ele>
      </trkpt>
      <trkpt lat="46.875642" lon="8.660909">
        <ele>524.49</ele>
      </trkpt>
      <trkpt lat="46.875691" lon="8.661092">
        <ele>525</ele>
      </trkpt>
      <trkpt lat="46.875727" lon="8.661066">
        <ele>524.94</ele>
      </trkpt>
      <trkpt lat="46.875793" lon="8.661223">
        <ele>525.74</ele>
      </trkpt>
      <trkpt lat="46.875855" lon="8.661324">
        <ele>526.72</ele>
      </trkpt>
      <trkpt lat="46.875945" lon="8.661442">
        <ele>527.04</ele>
      </trkpt>
      <trkpt lat="46.876008" lon="8.661509">
        <ele>528.01</ele>
      </trkpt>
      <trkpt lat="46.876427" lon="8.661876">
        <ele>530.97</ele>
      </trkpt>
      <trkpt lat="46.876512" lon="8.661978">
        <ele>531.8</ele>
      </trkpt>
      <trkpt lat="46.876614" lon="8.662133">
        <ele>532.67</ele>
      </trkpt>
      <trkpt lat="46.876659" lon="8.662226">
        <ele>532.93</ele>
      </trkpt>
      <trkpt lat="46.876727" lon="8.662399">
        <ele>533.3</ele>
      </trkpt>
      <trkpt lat="46.876779" lon="8.662567">
        <ele>534.39</ele>
      </trkpt>
      <trkpt lat="46.876862" lon="8.662882">
        <ele>535.04</ele>
      </trkpt>
      <trkpt lat="46.876894" lon="8.66309">
        <ele>537.05</ele>
      </trkpt>
      <trkpt lat="46.876894" lon="8.663197">
        <ele>538.09</ele>
      </trkpt>
      <trkpt lat="46.876881" lon="8.663288">
        <ele>538.72</ele>
      </trkpt>
      <trkpt lat="46.876857" lon="8.663368">
        <ele>539.06</ele>
      </trkpt>
      <trkpt lat="46.876834" lon="8.663416">
        <ele>539.23</ele>
      </trkpt>
      <trkpt lat="46.876778" lon="8.663491">
        <ele>539.87</ele>
      </trkpt>
      <trkpt lat="46.876718" lon="8.663535">
        <ele>540.36</ele>
      </trkpt>
      <trkpt lat="46.87664" lon="8.663567">
        <ele>541.16</ele>
      </trkpt>
      <trkpt lat="46.876573" lon="8.663575">
        <ele>541.97</ele>
      </trkpt>
      <trkpt lat="46.876502" lon="8.663564">
        <ele>542.64</ele>
      </trkpt>
      <trkpt lat="46.876439" lon="8.663538">
        <ele>543.02</ele>
      </trkpt>
      <trkpt lat="46.876387" lon="8.663505">
        <ele>543.27</ele>
      </trkpt>
      <trkpt lat="46.8763" lon="8.663416">
        <ele>544.04</ele>
      </trkpt>
      <trkpt lat="46.876247" lon="8.663332">
        <ele>544.92</ele>
      </trkpt>
      <trkpt lat="46.876191" lon="8.663222">
        <ele>545.22</ele>
      </trkpt>
      <trkpt lat="46.876095" lon="8.662986">
        <ele>545.98</ele>
      </trkpt>
      <trkpt lat="46.876029" lon="8.662846">
        <ele>547.16</ele>
      </trkpt>
      <trkpt lat="46.875982" lon="8.66278">
        <ele>547.53</ele>
      </trkpt>
      <trkpt lat="46.875898" lon="8.66272">
        <ele>548.49</ele>
      </trkpt>
      <trkpt lat="46.875814" lon="8.662705">
        <ele>549.29</ele>
      </trkpt>
      <trkpt lat="46.875744" lon="8.662722">
        <ele>550.5</ele>
      </trkpt>
      <trkpt lat="46.875333" lon="8.66291">
        <ele>552.55</ele>
      </trkpt>
      <trkpt lat="46.875271" lon="8.66295">
        <ele>552.77</ele>
      </trkpt>
      <trkpt lat="46.875223" lon="8.663002">
        <ele>553.15</ele>
      </trkpt>
      <trkpt lat="46.875198" lon="8.663047">
        <ele>553.55</ele>
      </trkpt>
      <trkpt lat="46.875173" lon="8.663135">
        <ele>554.19</ele>
      </trkpt>
      <trkpt lat="46.875168" lon="8.663191">
        <ele>554.54</ele>
      </trkpt>
      <trkpt lat="46.875175" lon="8.663281">
        <ele>555.12</ele>
      </trkpt>
      <trkpt lat="46.875217" lon="8.663388">
        <ele>556.17</ele>
      </trkpt>
      <trkpt lat="46.875291" lon="8.663472">
        <ele>557.21</ele>
      </trkpt>
      <trkpt lat="46.875473" lon="8.663606">
        <ele>558.59</ele>
      </trkpt>
      <trkpt lat="46.875539" lon="8.663672">
        <ele>559.49</ele>
      </trkpt>
      <trkpt lat="46.875878" lon="8.664168">
        <ele>564.26</ele>
      </trkpt>
      <trkpt lat="46.876063" lon="8.664388">
        <ele>566.14</ele>
      </trkpt>
      <trkpt lat="46.87617" lon="8.664564">
        <ele>567.16</ele>
      </trkpt>
      <trkpt lat="46.87623" lon="8.664702">
        <ele>565.58</ele>
      </trkpt>
      <trkpt lat="46.876301" lon="8.66495">
        <ele>568.19</ele>
      </trkpt>
      <trkpt lat="46.876322" lon="8.66505">
        <ele>567.96</ele>
      </trkpt>
      <trkpt lat="46.876352" lon="8.665254">
        <ele>568.53</ele>
      </trkpt>
      <trkpt lat="46.876377" lon="8.665634">
        <ele>572.26</ele>
      </trkpt>
      <trkpt lat="46.876377" lon="8.665634">
        <ele>572.26</ele>
      </trkpt>
      <trkpt lat="46.876414" lon="8.666192">
        <ele>577.74</ele>
      </trkpt>
      <trkpt lat="46.876435" lon="8.66655">
        <ele>579.38</ele>
      </trkpt>
      <trkpt lat="46.876491" lon="8.667176">
        <ele>583.94</ele>
      </trkpt>
      <trkpt lat="46.876546" lon="8.667551">
        <ele>586.53</ele>
      </trkpt>
      <trkpt lat="46.876614" lon="8.667879">
        <ele>588.91</ele>
      </trkpt>
      <trkpt lat="46.876666" lon="8.668072">
        <ele>590.4</ele>
      </trkpt>
      <trkpt lat="46.876715" lon="8.668235">
        <ele>591.25</ele>
      </trkpt>
      <trkpt lat="46.876846" lon="8.668611">
        <ele>593.5</ele>
      </trkpt>
      <trkpt lat="46.876901" lon="8.668808">
        <ele>594.71</ele>
      </trkpt>
      <trkpt lat="46.876918" lon="8.668995">
        <ele>595.68</ele>
      </trkpt>
      <trkpt lat="46.876903" lon="8.669123">
        <ele>596.54</ele>
      </trkpt>
      <trkpt lat="46.876843" lon="8.66931">
        <ele>598.15</ele>
      </trkpt>
      <trkpt lat="46.876795" lon="8.66939">
        <ele>599.2</ele>
      </trkpt>
      <trkpt lat="46.876693" lon="8.669496">
        <ele>600.78</ele>
      </trkpt>
      <trkpt lat="46.876468" lon="8.669661">
        <ele>602.38</ele>
      </trkpt>
      <trkpt lat="46.876408" lon="8.669721">
        <ele>603.24</ele>
      </trkpt>
      <trkpt lat="46.876361" lon="8.669792">
        <ele>604.05</ele>
      </trkpt>
      <trkpt lat="46.876316" lon="8.66989">
        <ele>604.89</ele>
      </trkpt>
      <trkpt lat="46.876287" lon="8.669989">
        <ele>605.12</ele>
      </trkpt>
      <trkpt lat="46.87627" lon="8.670096">
        <ele>605.67</ele>
      </trkpt>
      <trkpt lat="46.87627" lon="8.67026">
        <ele>607.08</ele>
      </trkpt>
      <trkpt lat="46.876307" lon="8.670471">
        <ele>608.51</ele>
      </trkpt>
      <trkpt lat="46.876356" lon="8.670636">
        <ele>609.71</ele>
      </trkpt>
      <trkpt lat="46.876422" lon="8.670815">
        <ele>611.03</ele>
      </trkpt>
      <trkpt lat="46.876509" lon="8.671005">
        <ele>612.75</ele>
      </trkpt>
      <trkpt lat="46.876581" lon="8.671127">
        <ele>613.32</ele>
      </trkpt>
      <trkpt lat="46.87693" lon="8.67161">
        <ele>616.86</ele>
      </trkpt>
      <trkpt lat="46.877001" lon="8.671738">
        <ele>618.23</ele>
      </trkpt>
      <trkpt lat="46.877039" lon="8.67183">
        <ele>618.97</ele>
      </trkpt>
      <trkpt lat="46.877056" lon="8.671938">
        <ele>619.63</ele>
      </trkpt>
      <trkpt lat="46.877055" lon="8.672029">
        <ele>620.38</ele>
      </trkpt>
      <trkpt lat="46.87704" lon="8.672121">
        <ele>621.1</ele>
      </trkpt>
      <trkpt lat="46.877008" lon="8.672209">
        <ele>621.61</ele>
      </trkpt>
      <trkpt lat="46.876973" lon="8.672267">
        <ele>621.95</ele>
      </trkpt>
      <trkpt lat="46.876927" lon="8.672317">
        <ele>622.4</ele>
      </trkpt>
      <trkpt lat="46.876837" lon="8.672365">
        <ele>623.24</ele>
      </trkpt>
      <trkpt lat="46.876675" lon="8.672393">
        <ele>624.49</ele>
      </trkpt>
      <trkpt lat="46.876588" lon="8.67243">
        <ele>625.4</ele>
      </trkpt>
      <trkpt lat="46.876533" lon="8.672484">
        <ele>626.23</ele>
      </trkpt>
      <trkpt lat="46.876495" lon="8.672544">
        <ele>626.91</ele>
      </trkpt>
      <trkpt lat="46.87646" lon="8.672631">
        <ele>627.67</ele>
      </trkpt>
      <trkpt lat="46.876449" lon="8.672681">
        <ele>627.81</ele>
      </trkpt>
      <trkpt lat="46.876449" lon="8.672681">
        <ele>627.81</ele>
      </trkpt>
      <trkpt lat="46.876449" lon="8.672681">
        <ele>627.81</ele>
      </trkpt>
      <trkpt lat="46.876441" lon="8.672717">
        <ele>627.92</ele>
      </trkpt>
      <trkpt lat="46.876441" lon="8.672841">
        <ele>628.51</ele>
      </trkpt>
      <trkpt lat="46.876457" lon="8.67293">
        <ele>629.34</ele>
      </trkpt>
      <trkpt lat="46.876482" lon="8.673011">
        <ele>630</ele>
      </trkpt>
      <trkpt lat="46.87668" lon="8.673451">
        <ele>632.79</ele>
      </trkpt>
      <trkpt lat="46.876764" lon="8.673677">
        <ele>634.15</ele>
      </trkpt>
      <trkpt lat="46.87684" lon="8.673974">
        <ele>636.81</ele>
      </trkpt>
      <trkpt lat="46.876871" lon="8.674186">
        <ele>638.26</ele>
      </trkpt>
      <trkpt lat="46.876893" lon="8.674572">
        <ele>640.31</ele>
      </trkpt>
      <trkpt lat="46.876907" lon="8.675155">
        <ele>643.58</ele>
      </trkpt>
      <trkpt lat="46.876907" lon="8.675155">
        <ele>643.58</ele>
      </trkpt>
      <trkpt lat="46.876914" lon="8.675506">
        <ele>645.61</ele>
      </trkpt>
      <trkpt lat="46.87694" lon="8.676536">
        <ele>651.9</ele>
      </trkpt>
      <trkpt lat="46.876953" lon="8.676674">
        <ele>652.09</ele>
      </trkpt>
      <trkpt lat="46.876953" lon="8.676674">
        <ele>652.09</ele>
      </trkpt>
      <trkpt lat="46.876953" lon="8.676674">
        <ele>652.09</ele>
      </trkpt>
      <trkpt lat="46.876959" lon="8.676748">
        <ele>652.2</ele>
      </trkpt>
      <trkpt lat="46.87706" lon="8.677255">
        <ele>655.04</ele>
      </trkpt>
      <trkpt lat="46.877101" lon="8.677519">
        <ele>656</ele>
      </trkpt>
      <trkpt lat="46.877132" lon="8.677908">
        <ele>656.59</ele>
      </trkpt>
      <trkpt lat="46.877125" lon="8.678143">
        <ele>656.88</ele>
      </trkpt>
      <trkpt lat="46.877077" lon="8.678541">
        <ele>655.52</ele>
      </trkpt>
      <trkpt lat="46.876828" lon="8.680098">
        <ele>651.55</ele>
      </trkpt>
      <trkpt lat="46.876751" lon="8.680628">
        <ele>646.09</ele>
      </trkpt>
      <trkpt lat="46.876733" lon="8.680761">
        <ele>647.74</ele>
      </trkpt>
      <trkpt lat="46.876669" lon="8.681298">
        <ele>646.61</ele>
      </trkpt>
      <trkpt lat="46.876595" lon="8.682016">
        <ele>646.94</ele>
      </trkpt>
      <trkpt lat="46.876595" lon="8.682016">
        <ele>646.94</ele>
      </trkpt>
      <trkpt lat="46.876595" lon="8.682016">
        <ele>646.94</ele>
      </trkpt>
      <trkpt lat="46.876565" lon="8.682398">
        <ele>647.99</ele>
      </trkpt>
      <trkpt lat="46.876536" lon="8.682777">
        <ele>649.03</ele>
      </trkpt>
      <trkpt lat="46.876527" lon="8.682997">
        <ele>649.85</ele>
      </trkpt>
      <trkpt lat="46.876533" lon="8.68322">
        <ele>652.04</ele>
      </trkpt>
      <trkpt lat="46.876553" lon="8.683443">
        <ele>653.8</ele>
      </trkpt>
      <trkpt lat="46.876576" lon="8.683608">
        <ele>654.25</ele>
      </trkpt>
      <trkpt lat="46.876616" lon="8.683801">
        <ele>653.05</ele>
      </trkpt>
      <trkpt lat="46.87668" lon="8.684032">
        <ele>654.34</ele>
      </trkpt>
      <trkpt lat="46.876747" lon="8.684212">
        <ele>653.71</ele>
      </trkpt>
      <trkpt lat="46.876846" lon="8.684428">
        <ele>654.92</ele>
      </trkpt>
      <trkpt lat="46.87693" lon="8.684583">
        <ele>656.69</ele>
      </trkpt>
      <trkpt lat="46.877097" lon="8.684893">
        <ele>660.22</ele>
      </trkpt>
      <trkpt lat="46.877276" lon="8.685215">
        <ele>658.72</ele>
      </trkpt>
      <trkpt lat="46.877411" lon="8.685501">
        <ele>658.2</ele>
      </trkpt>
      <trkpt lat="46.877546" lon="8.685857">
        <ele>659.08</ele>
      </trkpt>
      <trkpt lat="46.87758" lon="8.68598">
        <ele>659.66</ele>
      </trkpt>
      <trkpt lat="46.87764" lon="8.686234">
        <ele>663.73</ele>
      </trkpt>
      <trkpt lat="46.877671" lon="8.686432">
        <ele>663.58</ele>
      </trkpt>
      <trkpt lat="46.877692" lon="8.686694">
        <ele>659.74</ele>
      </trkpt>
      <trkpt lat="46.877689" lon="8.687031">
        <ele>659.85</ele>
      </trkpt>
      <trkpt lat="46.877649" lon="8.687419">
        <ele>660.53</ele>
      </trkpt>
      <trkpt lat="46.877518" lon="8.688119">
        <ele>668.28</ele>
      </trkpt>
      <trkpt lat="46.877446" lon="8.688484">
        <ele>668.17</ele>
      </trkpt>
      <trkpt lat="46.877428" lon="8.68861">
        <ele>668.31</ele>
      </trkpt>
      <trkpt lat="46.877419" lon="8.68883">
        <ele>667.39</ele>
      </trkpt>
      <trkpt lat="46.877423" lon="8.688933">
        <ele>667.08</ele>
      </trkpt>
      <trkpt lat="46.877445" lon="8.689145">
        <ele>668.08</ele>
      </trkpt>
      <trkpt lat="46.877466" lon="8.689239">
        <ele>668.62</ele>
      </trkpt>
      <trkpt lat="46.87754" lon="8.689487">
        <ele>672.52</ele>
      </trkpt>
      <trkpt lat="46.877587" lon="8.689593">
        <ele>672.08</ele>
      </trkpt>
      <trkpt lat="46.877641" lon="8.689693">
        <ele>672.54</ele>
      </trkpt>
      <trkpt lat="46.877758" lon="8.689855">
        <ele>672.64</ele>
      </trkpt>
      <trkpt lat="46.87809" lon="8.690246">
        <ele>676.13</ele>
      </trkpt>
      <trkpt lat="46.878231" lon="8.690445">
        <ele>678.54</ele>
      </trkpt>
      <trkpt lat="46.878357" lon="8.690664">
        <ele>679.66</ele>
      </trkpt>
      <trkpt lat="46.878435" lon="8.690826">
        <ele>680.64</ele>
      </trkpt>
      <trkpt lat="46.8785" lon="8.690985">
        <ele>681.03</ele>
      </trkpt>
      <trkpt lat="46.878648" lon="8.691421">
        <ele>683.45</ele>
      </trkpt>
      <trkpt lat="46.878719" lon="8.691673">
        <ele>683.82</ele>
      </trkpt>
      <trkpt lat="46.878835" lon="8.692156">
        <ele>685.35</ele>
      </trkpt>
      <trkpt lat="46.878879" lon="8.692389">
        <ele>686.69</ele>
      </trkpt>
      <trkpt lat="46.878949" lon="8.692841">
        <ele>688.13</ele>
      </trkpt>
      <trkpt lat="46.87899" lon="8.693205">
        <ele>689.34</ele>
      </trkpt>
      <trkpt lat="46.879013" lon="8.693499">
        <ele>690.58</ele>
      </trkpt>
      <trkpt lat="46.879034" lon="8.69404">
        <ele>692.35</ele>
      </trkpt>
      <trkpt lat="46.879048" lon="8.694937">
        <ele>695.73</ele>
      </trkpt>
      <trkpt lat="46.87907" lon="8.695444">
        <ele>697.77</ele>
      </trkpt>
      <trkpt lat="46.879099" lon="8.695929">
        <ele>698.18</ele>
      </trkpt>
      <trkpt lat="46.8791" lon="8.696393">
        <ele>699.28</ele>
      </trkpt>
      <trkpt lat="46.879087" lon="8.696911">
        <ele>700.52</ele>
      </trkpt>
      <trkpt lat="46.879093" lon="8.697365">
        <ele>701.46</ele>
      </trkpt>
      <trkpt lat="46.879108" lon="8.697553">
        <ele>701.59</ele>
      </trkpt>
      <trkpt lat="46.879133" lon="8.697728">
        <ele>701.7</ele>
      </trkpt>
      <trkpt lat="46.87925" lon="8.698256">
        <ele>702.17</ele>
      </trkpt>
      <trkpt lat="46.87928" lon="8.698454">
        <ele>702.34</ele>
      </trkpt>
      <trkpt lat="46.879291" lon="8.698747">
        <ele>702.43</ele>
      </trkpt>
      <trkpt lat="46.879269" lon="8.699109">
        <ele>702.49</ele>
      </trkpt>
      <trkpt lat="46.879187" lon="8.699801">
        <ele>703.56</ele>
      </trkpt>
      <trkpt lat="46.879131" lon="8.700242">
        <ele>705.63</ele>
      </trkpt>
      <trkpt lat="46.879047" lon="8.700725">
        <ele>706.76</ele>
      </trkpt>
      <trkpt lat="46.878966" lon="8.701067">
        <ele>708.05</ele>
      </trkpt>
      <trkpt lat="46.878753" lon="8.70179">
        <ele>711.4</ele>
      </trkpt>
      <trkpt lat="46.878579" lon="8.702381">
        <ele>713.04</ele>
      </trkpt>
      <trkpt lat="46.878506" lon="8.702683">
        <ele>713.78</ele>
      </trkpt>
      <trkpt lat="46.878438" lon="8.703052">
        <ele>715.1</ele>
      </trkpt>
      <trkpt lat="46.878411" lon="8.70325">
        <ele>715.08</ele>
      </trkpt>
      <trkpt lat="46.878377" lon="8.703676">
        <ele>717.37</ele>
      </trkpt>
      <trkpt lat="46.878374" lon="8.703923">
        <ele>718.62</ele>
      </trkpt>
      <trkpt lat="46.878407" lon="8.704812">
        <ele>722.96</ele>
      </trkpt>
      <trkpt lat="46.878395" lon="8.705206">
        <ele>726.6</ele>
      </trkpt>
      <trkpt lat="46.878314" lon="8.705944">
        <ele>729.24</ele>
      </trkpt>
      <trkpt lat="46.878283" lon="8.706133">
        <ele>729.51</ele>
      </trkpt>
      <trkpt lat="46.878215" lon="8.706426">
        <ele>731.94</ele>
      </trkpt>
      <trkpt lat="46.87815" lon="8.706632">
        <ele>733.01</ele>
      </trkpt>
      <trkpt lat="46.878108" lon="8.706741">
        <ele>734.02</ele>
      </trkpt>
      <trkpt lat="46.878017" lon="8.706951">
        <ele>735.91</ele>
      </trkpt>
      <trkpt lat="46.877916" lon="8.707144">
        <ele>736.71</ele>
      </trkpt>
      <trkpt lat="46.877837" lon="8.707267">
        <ele>736.98</ele>
      </trkpt>
      <trkpt lat="46.877696" lon="8.707454">
        <ele>738.49</ele>
      </trkpt>
      <trkpt lat="46.877459" lon="8.707743">
        <ele>741.58</ele>
      </trkpt>
      <trkpt lat="46.877335" lon="8.707931">
        <ele>742.01</ele>
      </trkpt>
      <trkpt lat="46.877272" lon="8.708049">
        <ele>742.74</ele>
      </trkpt>
      <trkpt lat="46.877207" lon="8.708194">
        <ele>743.66</ele>
      </trkpt>
      <trkpt lat="46.877148" lon="8.708366">
        <ele>744.33</ele>
      </trkpt>
      <trkpt lat="46.877046" lon="8.708799">
        <ele>746.8</ele>
      </trkpt>
      <trkpt lat="46.87697" lon="8.709083">
        <ele>748.68</ele>
      </trkpt>
      <trkpt lat="46.876862" lon="8.709369">
        <ele>750.16</ele>
      </trkpt>
      <trkpt lat="46.876693" lon="8.709736">
        <ele>752.32</ele>
      </trkpt>
      <trkpt lat="46.876503" lon="8.710169">
        <ele>753.31</ele>
      </trkpt>
      <trkpt lat="46.876404" lon="8.71043">
        <ele>754.69</ele>
      </trkpt>
      <trkpt lat="46.876343" lon="8.710666">
        <ele>755.48</ele>
      </trkpt>
      <trkpt lat="46.87631" lon="8.710838">
        <ele>755.28</ele>
      </trkpt>
      <trkpt lat="46.876296" lon="8.710962">
        <ele>752.23</ele>
      </trkpt>
      <trkpt lat="46.876285" lon="8.711172">
        <ele>755.24</ele>
      </trkpt>
      <trkpt lat="46.876288" lon="8.711433">
        <ele>757.37</ele>
      </trkpt>
      <trkpt lat="46.876307" lon="8.711745">
        <ele>758.3</ele>
      </trkpt>
      <trkpt lat="46.876321" lon="8.711982">
        <ele>759</ele>
      </trkpt>
      <trkpt lat="46.876323" lon="8.71227">
        <ele>759.61</ele>
      </trkpt>
      <trkpt lat="46.876316" lon="8.712422">
        <ele>760.05</ele>
      </trkpt>
      <trkpt lat="46.876287" lon="8.712706">
        <ele>759.94</ele>
      </trkpt>
      <trkpt lat="46.876237" lon="8.713003">
        <ele>760.89</ele>
      </trkpt>
      <trkpt lat="46.876203" lon="8.713162">
        <ele>761.83</ele>
      </trkpt>
      <trkpt lat="46.875967" lon="8.714121">
        <ele>766.33</ele>
      </trkpt>
      <trkpt lat="46.875883" lon="8.714398">
        <ele>767.63</ele>
      </trkpt>
      <trkpt lat="46.875809" lon="8.714573">
        <ele>768.6</ele>
      </trkpt>
      <trkpt lat="46.875684" lon="8.714782">
        <ele>769.93</ele>
      </trkpt>
      <trkpt lat="46.875451" lon="8.715118">
        <ele>772.78</ele>
      </trkpt>
      <trkpt lat="46.875347" lon="8.715291">
        <ele>773.04</ele>
      </trkpt>
      <trkpt lat="46.875046" lon="8.715949">
        <ele>777.08</ele>
      </trkpt>
      <trkpt lat="46.874981" lon="8.716069">
        <ele>777.84</ele>
      </trkpt>
      <trkpt lat="46.874735" lon="8.71642">
        <ele>779.1</ele>
      </trkpt>
      <trkpt lat="46.874674" lon="8.716527">
        <ele>779.44</ele>
      </trkpt>
      <trkpt lat="46.874592" lon="8.71673">
        <ele>778.67</ele>
      </trkpt>
      <trkpt lat="46.874554" lon="8.716887">
        <ele>780.16</ele>
      </trkpt>
      <trkpt lat="46.874534" lon="8.717038">
        <ele>782</ele>
      </trkpt>
      <trkpt lat="46.874528" lon="8.71721">
        <ele>782.25</ele>
      </trkpt>
      <trkpt lat="46.874576" lon="8.717747">
        <ele>783.9</ele>
      </trkpt>
      <trkpt lat="46.874574" lon="8.717959">
        <ele>784.49</ele>
      </trkpt>
      <trkpt lat="46.874565" lon="8.718049">
        <ele>784.47</ele>
      </trkpt>
      <trkpt lat="46.874533" lon="8.71821">
        <ele>784.08</ele>
      </trkpt>
      <trkpt lat="46.874483" lon="8.718362">
        <ele>784.98</ele>
      </trkpt>
      <trkpt lat="46.874452" lon="8.718429">
        <ele>785.73</ele>
      </trkpt>
      <trkpt lat="46.87433" lon="8.718646">
        <ele>786.92</ele>
      </trkpt>
      <trkpt lat="46.874256" lon="8.718749">
        <ele>786.96</ele>
      </trkpt>
      <trkpt lat="46.873764" lon="8.719352">
        <ele>788.78</ele>
      </trkpt>
      <trkpt lat="46.873681" lon="8.719471">
        <ele>789.62</ele>
      </trkpt>
      <trkpt lat="46.873563" lon="8.719665">
        <ele>791.25</ele>
      </trkpt>
      <trkpt lat="46.873397" lon="8.72001">
        <ele>792.72</ele>
      </trkpt>
      <trkpt lat="46.873199" lon="8.72051">
        <ele>794.28</ele>
      </trkpt>
      <trkpt lat="46.872929" lon="8.7211">
        <ele>799.67</ele>
      </trkpt>
      <trkpt lat="46.872781" lon="8.721414">
        <ele>800.59</ele>
      </trkpt>
      <trkpt lat="46.87266" lon="8.721697">
        <ele>802.15</ele>
      </trkpt>
      <trkpt lat="46.872564" lon="8.721952">
        <ele>803.63</ele>
      </trkpt>
      <trkpt lat="46.872476" lon="8.722216">
        <ele>804.65</ele>
      </trkpt>
      <trkpt lat="46.872411" lon="8.72249">
        <ele>805.85</ele>
      </trkpt>
      <trkpt lat="46.872359" lon="8.722765">
        <ele>807.02</ele>
      </trkpt>
      <trkpt lat="46.872309" lon="8.723111">
        <ele>809.16</ele>
      </trkpt>
      <trkpt lat="46.87225" lon="8.723409">
        <ele>811.14</ele>
      </trkpt>
      <trkpt lat="46.872171" lon="8.723669">
        <ele>812.55</ele>
      </trkpt>
      <trkpt lat="46.872124" lon="8.723793">
        <ele>814.26</ele>
      </trkpt>
      <trkpt lat="46.872016" lon="8.724024">
        <ele>815.81</ele>
      </trkpt>
      <trkpt lat="46.871692" lon="8.72459">
        <ele>818.56</ele>
      </trkpt>
      <trkpt lat="46.871656" lon="8.724674">
        <ele>819.92</ele>
      </trkpt>
      <trkpt lat="46.871593" lon="8.72489">
        <ele>821.68</ele>
      </trkpt>
      <trkpt lat="46.87157" lon="8.725005">
        <ele>822.44</ele>
      </trkpt>
      <trkpt lat="46.871545" lon="8.725267">
        <ele>823.79</ele>
      </trkpt>
      <trkpt lat="46.871545" lon="8.725768">
        <ele>827.75</ele>
      </trkpt>
      <trkpt lat="46.871537" lon="8.726026">
        <ele>828.42</ele>
      </trkpt>
      <trkpt lat="46.871493" lon="8.726404">
        <ele>829.41</ele>
      </trkpt>
      <trkpt lat="46.871457" lon="8.726587">
        <ele>830.99</ele>
      </trkpt>
      <trkpt lat="46.871431" lon="8.726697">
        <ele>832.51</ele>
      </trkpt>
      <trkpt lat="46.871371" lon="8.726907">
        <ele>832.83</ele>
      </trkpt>
      <trkpt lat="46.871126" lon="8.727595">
        <ele>836.83</ele>
      </trkpt>
      <trkpt lat="46.87106" lon="8.727863">
        <ele>839.11</ele>
      </trkpt>
      <trkpt lat="46.871036" lon="8.727988">
        <ele>838.27</ele>
      </trkpt>
      <trkpt lat="46.870982" lon="8.728492">
        <ele>841.25</ele>
      </trkpt>
      <trkpt lat="46.870959" lon="8.728646">
        <ele>842.28</ele>
      </trkpt>
      <trkpt lat="46.870889" lon="8.728959">
        <ele>844.04</ele>
      </trkpt>
      <trkpt lat="46.870685" lon="8.729698">
        <ele>850.34</ele>
      </trkpt>
      <trkpt lat="46.87055" lon="8.730151">
        <ele>856.47</ele>
      </trkpt>
      <trkpt lat="46.87051" lon="8.730289">
        <ele>856.51</ele>
      </trkpt>
      <trkpt lat="46.870398" lon="8.730673">
        <ele>856.63</ele>
      </trkpt>
      <trkpt lat="46.870377" lon="8.73076">
        <ele>857.42</ele>
      </trkpt>
      <trkpt lat="46.870369" lon="8.730835">
        <ele>858.16</ele>
      </trkpt>
      <trkpt lat="46.870374" lon="8.730872">
        <ele>858.49</ele>
      </trkpt>
      <trkpt lat="46.870398" lon="8.73094">
        <ele>859.32</ele>
      </trkpt>
      <trkpt lat="46.870442" lon="8.730988">
        <ele>860.65</ele>
      </trkpt>
      <trkpt lat="46.870496" lon="8.731004">
        <ele>861.69</ele>
      </trkpt>
      <trkpt lat="46.870545" lon="8.730986">
        <ele>861.96</ele>
      </trkpt>
      <trkpt lat="46.870587" lon="8.730933">
        <ele>862.56</ele>
      </trkpt>
      <trkpt lat="46.870607" lon="8.730849">
        <ele>862.47</ele>
      </trkpt>
      <trkpt lat="46.87064" lon="8.730299">
        <ele>861.51</ele>
      </trkpt>
      <trkpt lat="46.870646" lon="8.730223">
        <ele>861.57</ele>
      </trkpt>
      <trkpt lat="46.870655" lon="8.730186">
        <ele>861.92</ele>
      </trkpt>
      <trkpt lat="46.87069" lon="8.730125">
        <ele>862.28</ele>
      </trkpt>
      <trkpt lat="46.870737" lon="8.730091">
        <ele>862.68</ele>
      </trkpt>
      <trkpt lat="46.870789" lon="8.730088">
        <ele>863.37</ele>
      </trkpt>
      <trkpt lat="46.870834" lon="8.730118">
        <ele>864.52</ele>
      </trkpt>
      <trkpt lat="46.870867" lon="8.730171">
        <ele>865.36</ele>
      </trkpt>
      <trkpt lat="46.870878" lon="8.730203">
        <ele>865.64</ele>
      </trkpt>
      <trkpt lat="46.870887" lon="8.730279">
        <ele>866.3</ele>
      </trkpt>
      <trkpt lat="46.870884" lon="8.730319">
        <ele>866.67</ele>
      </trkpt>
      <trkpt lat="46.870854" lon="8.730451">
        <ele>867.08</ele>
      </trkpt>
      <trkpt lat="46.87076" lon="8.730734">
        <ele>866.26</ele>
      </trkpt>
      <trkpt lat="46.870731" lon="8.730838">
        <ele>867.54</ele>
      </trkpt>
      <trkpt lat="46.870682" lon="8.731089">
        <ele>870.29</ele>
      </trkpt>
      <trkpt lat="46.870665" lon="8.731237">
        <ele>870.39</ele>
      </trkpt>
      <trkpt lat="46.870644" lon="8.731576">
        <ele>873.22</ele>
      </trkpt>
      <trkpt lat="46.870616" lon="8.731818">
        <ele>875.7</ele>
      </trkpt>
      <trkpt lat="46.870594" lon="8.731899">
        <ele>876.53</ele>
      </trkpt>
      <trkpt lat="46.870544" lon="8.732016">
        <ele>876.3</ele>
      </trkpt>
      <trkpt lat="46.870482" lon="8.732111">
        <ele>877.14</ele>
      </trkpt>
      <trkpt lat="46.870427" lon="8.732179">
        <ele>876.87</ele>
      </trkpt>
      <trkpt lat="46.870377" lon="8.732229">
        <ele>877.76</ele>
      </trkpt>
      <trkpt lat="46.870145" lon="8.732417">
        <ele>879.2</ele>
      </trkpt>
      <trkpt lat="46.870112" lon="8.73246">
        <ele>879.3</ele>
      </trkpt>
      <trkpt lat="46.870084" lon="8.732511">
        <ele>879.38</ele>
      </trkpt>
      <trkpt lat="46.870052" lon="8.732611">
        <ele>880.06</ele>
      </trkpt>
      <trkpt lat="46.870038" lon="8.732703">
        <ele>881.17</ele>
      </trkpt>
      <trkpt lat="46.870045" lon="8.732825">
        <ele>882.49</ele>
      </trkpt>
      <trkpt lat="46.870072" lon="8.732922">
        <ele>883.2</ele>
      </trkpt>
      <trkpt lat="46.870123" lon="8.733005">
        <ele>884.49</ele>
      </trkpt>
      <trkpt lat="46.870194" lon="8.733061">
        <ele>885.63</ele>
      </trkpt>
      <trkpt lat="46.870285" lon="8.733087">
        <ele>886.13</ele>
      </trkpt>
      <trkpt lat="46.870368" lon="8.733066">
        <ele>886.71</ele>
      </trkpt>
      <trkpt lat="46.870411" lon="8.733036">
        <ele>887.09</ele>
      </trkpt>
      <trkpt lat="46.870474" lon="8.732964">
        <ele>888.26</ele>
      </trkpt>
      <trkpt lat="46.87054" lon="8.732842">
        <ele>889.15</ele>
      </trkpt>
      <trkpt lat="46.870604" lon="8.732659">
        <ele>891.02</ele>
      </trkpt>
      <trkpt lat="46.870699" lon="8.732387">
        <ele>893.79</ele>
      </trkpt>
      <trkpt lat="46.87098" lon="8.731832">
        <ele>898.08</ele>
      </trkpt>
      <trkpt lat="46.871024" lon="8.731733">
        <ele>898.34</ele>
      </trkpt>
      <trkpt lat="46.871197" lon="8.731191">
        <ele>901.14</ele>
      </trkpt>
      <trkpt lat="46.871407" lon="8.73073">
        <ele>903.77</ele>
      </trkpt>
      <trkpt lat="46.871448" lon="8.730624">
        <ele>905.34</ele>
      </trkpt>
      <trkpt lat="46.871493" lon="8.730474">
        <ele>907.04</ele>
      </trkpt>
      <trkpt lat="46.871574" lon="8.73009">
        <ele>909.92</ele>
      </trkpt>
      <trkpt lat="46.871635" lon="8.729892">
        <ele>910.84</ele>
      </trkpt>
      <trkpt lat="46.871707" lon="8.729717">
        <ele>911.66</ele>
      </trkpt>
      <trkpt lat="46.871842" lon="8.729435">
        <ele>914.07</ele>
      </trkpt>
      <trkpt lat="46.871932" lon="8.729227">
        <ele>915.71</ele>
      </trkpt>
      <trkpt lat="46.87203" lon="8.728966">
        <ele>917.61</ele>
      </trkpt>
      <trkpt lat="46.872349" lon="8.728132">
        <ele>922.23</ele>
      </trkpt>
      <trkpt lat="46.872376" lon="8.728085">
        <ele>922.72</ele>
      </trkpt>
      <trkpt lat="46.872433" lon="8.728014">
        <ele>923.17</ele>
      </trkpt>
      <trkpt lat="46.872474" lon="8.727982">
        <ele>923.58</ele>
      </trkpt>
      <trkpt lat="46.872516" lon="8.727964">
        <ele>924.04</ele>
      </trkpt>
      <trkpt lat="46.872588" lon="8.727976">
        <ele>925.63</ele>
      </trkpt>
      <trkpt lat="46.872632" lon="8.728005">
        <ele>926.38</ele>
      </trkpt>
      <trkpt lat="46.872667" lon="8.728046">
        <ele>927.39</ele>
      </trkpt>
      <trkpt lat="46.872691" lon="8.728096">
        <ele>928.54</ele>
      </trkpt>
      <trkpt lat="46.872708" lon="8.728157">
        <ele>929.17</ele>
      </trkpt>
      <trkpt lat="46.872711" lon="8.728255">
        <ele>929.96</ele>
      </trkpt>
      <trkpt lat="46.872701" lon="8.728327">
        <ele>930.1</ele>
      </trkpt>
      <trkpt lat="46.872667" lon="8.728444">
        <ele>930.15</ele>
      </trkpt>
      <trkpt lat="46.872421" lon="8.729043">
        <ele>932.09</ele>
      </trkpt>
      <trkpt lat="46.872361" lon="8.729285">
        <ele>934.1</ele>
      </trkpt>
      <trkpt lat="46.872258" lon="8.729891">
        <ele>939.16</ele>
      </trkpt>
      <trkpt lat="46.872167" lon="8.730503">
        <ele>942.56</ele>
      </trkpt>
      <trkpt lat="46.872133" lon="8.730824">
        <ele>944.31</ele>
      </trkpt>
      <trkpt lat="46.872111" lon="8.731027">
        <ele>945.42</ele>
      </trkpt>
      <trkpt lat="46.872092" lon="8.731332">
        <ele>948.92</ele>
      </trkpt>
      <trkpt lat="46.872096" lon="8.731528">
        <ele>950.58</ele>
      </trkpt>
      <trkpt lat="46.872118" lon="8.731728">
        <ele>952.57</ele>
      </trkpt>
      <trkpt lat="46.872191" lon="8.732095">
        <ele>954.55</ele>
      </trkpt>
      <trkpt lat="46.872204" lon="8.732263">
        <ele>955.07</ele>
      </trkpt>
      <trkpt lat="46.872192" lon="8.732429">
        <ele>955.81</ele>
      </trkpt>
      <trkpt lat="46.872156" lon="8.732589">
        <ele>957.68</ele>
      </trkpt>
      <trkpt lat="46.8721" lon="8.732736">
        <ele>959.31</ele>
      </trkpt>
      <trkpt lat="46.871928" lon="8.733022">
        <ele>959.7</ele>
      </trkpt>
      <trkpt lat="46.871894" lon="8.733089">
        <ele>960.54</ele>
      </trkpt>
      <trkpt lat="46.871836" lon="8.733232">
        <ele>960.31</ele>
      </trkpt>
      <trkpt lat="46.871789" lon="8.7334">
        <ele>961.95</ele>
      </trkpt>
      <trkpt lat="46.871756" lon="8.733639">
        <ele>962.82</ele>
      </trkpt>
      <trkpt lat="46.871756" lon="8.733837">
        <ele>963.67</ele>
      </trkpt>
      <trkpt lat="46.871772" lon="8.73408">
        <ele>963.3</ele>
      </trkpt>
      <trkpt lat="46.871778" lon="8.734308">
        <ele>964.37</ele>
      </trkpt>
      <trkpt lat="46.871771" lon="8.734587">
        <ele>966.23</ele>
      </trkpt>
      <trkpt lat="46.871755" lon="8.734774">
        <ele>967.16</ele>
      </trkpt>
      <trkpt lat="46.871729" lon="8.734902">
        <ele>967.56</ele>
      </trkpt>
      <trkpt lat="46.871701" lon="8.734989">
        <ele>968.11</ele>
      </trkpt>
      <trkpt lat="46.87165" lon="8.735103">
        <ele>969.25</ele>
      </trkpt>
      <trkpt lat="46.871418" lon="8.73549">
        <ele>972.27</ele>
      </trkpt>
      <trkpt lat="46.871337" lon="8.735658">
        <ele>972.15</ele>
      </trkpt>
      <trkpt lat="46.871306" lon="8.735748">
        <ele>972.59</ele>
      </trkpt>
      <trkpt lat="46.871249" lon="8.735966">
        <ele>973.7</ele>
      </trkpt>
      <trkpt lat="46.871226" lon="8.736091">
        <ele>974.36</ele>
      </trkpt>
      <trkpt lat="46.87111" lon="8.736791">
        <ele>977.01</ele>
      </trkpt>
      <trkpt lat="46.87108" lon="8.737017">
        <ele>978.27</ele>
      </trkpt>
      <trkpt lat="46.871061" lon="8.737294">
        <ele>980.05</ele>
      </trkpt>
      <trkpt lat="46.871059" lon="8.737603">
        <ele>981.69</ele>
      </trkpt>
      <trkpt lat="46.871066" lon="8.737765">
        <ele>982.28</ele>
      </trkpt>
      <trkpt lat="46.871105" lon="8.738139">
        <ele>983.57</ele>
      </trkpt>
      <trkpt lat="46.871218" lon="8.738793">
        <ele>987</ele>
      </trkpt>
      <trkpt lat="46.871229" lon="8.738985">
        <ele>987.81</ele>
      </trkpt>
      <trkpt lat="46.871226" lon="8.739063">
        <ele>987.99</ele>
      </trkpt>
      <trkpt lat="46.871207" lon="8.739204">
        <ele>987.31</ele>
      </trkpt>
      <trkpt lat="46.871187" lon="8.739285">
        <ele>986.02</ele>
      </trkpt>
      <trkpt lat="46.871147" lon="8.739402">
        <ele>985.9</ele>
      </trkpt>
      <trkpt lat="46.871059" lon="8.739583">
        <ele>988.93</ele>
      </trkpt>
      <trkpt lat="46.871001" lon="8.739729">
        <ele>989.77</ele>
      </trkpt>
      <trkpt lat="46.870962" lon="8.739916">
        <ele>989.85</ele>
      </trkpt>
      <trkpt lat="46.8709" lon="8.740879">
        <ele>994.06</ele>
      </trkpt>
      <trkpt lat="46.870885" lon="8.741029">
        <ele>995.19</ele>
      </trkpt>
      <trkpt lat="46.87084" lon="8.741316">
        <ele>997.79</ele>
      </trkpt>
      <trkpt lat="46.870685" lon="8.742166">
        <ele>1001.13</ele>
      </trkpt>
      <trkpt lat="46.870644" lon="8.742336">
        <ele>1000.74</ele>
      </trkpt>
      <trkpt lat="46.87059" lon="8.742484">
        <ele>1000.67</ele>
      </trkpt>
      <trkpt lat="46.870445" lon="8.742752">
        <ele>1001.88</ele>
      </trkpt>
      <trkpt lat="46.87034" lon="8.742989">
        <ele>1003.54</ele>
      </trkpt>
      <trkpt lat="46.870083" lon="8.744036">
        <ele>1004.68</ele>
      </trkpt>
      <trkpt lat="46.870007" lon="8.744272">
        <ele>1005.18</ele>
      </trkpt>
      <trkpt lat="46.869858" lon="8.744677">
        <ele>1006.89</ele>
      </trkpt>
      <trkpt lat="46.869781" lon="8.744955">
        <ele>1008.51</ele>
      </trkpt>
      <trkpt lat="46.869704" lon="8.745267">
        <ele>1008.09</ele>
      </trkpt>
      <trkpt lat="46.869645" lon="8.745428">
        <ele>1008.72</ele>
      </trkpt>
      <trkpt lat="46.869578" lon="8.745552">
        <ele>1009.67</ele>
      </trkpt>
      <trkpt lat="46.869546" lon="8.745597">
        <ele>1010.52</ele>
      </trkpt>
      <trkpt lat="46.86943" lon="8.745724">
        <ele>1011.54</ele>
      </trkpt>
      <trkpt lat="46.86929" lon="8.745855">
        <ele>1012.52</ele>
      </trkpt>
      <trkpt lat="46.869166" lon="8.745972">
        <ele>1013.39</ele>
      </trkpt>
      <trkpt lat="46.869008" lon="8.746183">
        <ele>1014.38</ele>
      </trkpt>
      <trkpt lat="46.868831" lon="8.746515">
        <ele>1015.91</ele>
      </trkpt>
      <trkpt lat="46.868706" lon="8.746797">
        <ele>1015.98</ele>
      </trkpt>
      <trkpt lat="46.868673" lon="8.746892">
        <ele>1015.43</ele>
      </trkpt>
      <trkpt lat="46.868619" lon="8.747155">
        <ele>1016.01</ele>
      </trkpt>
      <trkpt lat="46.868579" lon="8.74748">
        <ele>1014.89</ele>
      </trkpt>
      <trkpt lat="46.868531" lon="8.74766">
        <ele>1014.74</ele>
      </trkpt>
      <trkpt lat="46.868459" lon="8.747845">
        <ele>1014.78</ele>
      </trkpt>
      <trkpt lat="46.867945" lon="8.748817">
        <ele>1016.76</ele>
      </trkpt>
      <trkpt lat="46.867754" lon="8.749101">
        <ele>1017.49</ele>
      </trkpt>
      <trkpt lat="46.867666" lon="8.749248">
        <ele>1017.31</ele>
      </trkpt>
      <trkpt lat="46.867586" lon="8.749409">
        <ele>1016.98</ele>
      </trkpt>
      <trkpt lat="46.867517" lon="8.749572">
        <ele>1017.81</ele>
      </trkpt>
      <trkpt lat="46.867475" lon="8.749702">
        <ele>1018.43</ele>
      </trkpt>
      <trkpt lat="46.867413" lon="8.749974">
        <ele>1020.82</ele>
      </trkpt>
      <trkpt lat="46.86739" lon="8.750132">
        <ele>1021.11</ele>
      </trkpt>
      <trkpt lat="46.867363" lon="8.75055">
        <ele>1021.84</ele>
      </trkpt>
      <trkpt lat="46.867352" lon="8.750652">
        <ele>1021</ele>
      </trkpt>
      <trkpt lat="46.867336" lon="8.750741">
        <ele>1020.91</ele>
      </trkpt>
      <trkpt lat="46.86729" lon="8.750895">
        <ele>1021.91</ele>
      </trkpt>
      <trkpt lat="46.867235" lon="8.750998">
        <ele>1022.25</ele>
      </trkpt>
      <trkpt lat="46.867021" lon="8.751261">
        <ele>1023.67</ele>
      </trkpt>
      <trkpt lat="46.866742" lon="8.751579">
        <ele>1025.95</ele>
      </trkpt>
      <trkpt lat="46.86664" lon="8.751726">
        <ele>1027.25</ele>
      </trkpt>
      <trkpt lat="46.86659" lon="8.751815">
        <ele>1028.45</ele>
      </trkpt>
      <trkpt lat="46.866502" lon="8.752015">
        <ele>1030.9</ele>
      </trkpt>
      <trkpt lat="46.866252" lon="8.752633">
        <ele>1033.58</ele>
      </trkpt>
      <trkpt lat="46.866175" lon="8.752863">
        <ele>1032.48</ele>
      </trkpt>
      <trkpt lat="46.866159" lon="8.752936">
        <ele>1032.64</ele>
      </trkpt>
      <trkpt lat="46.86615" lon="8.753012">
        <ele>1032.75</ele>
      </trkpt>
      <trkpt lat="46.866148" lon="8.753167">
        <ele>1032.96</ele>
      </trkpt>
      <trkpt lat="46.866166" lon="8.75332">
        <ele>1032.8</ele>
      </trkpt>
      <trkpt lat="46.866241" lon="8.753557">
        <ele>1034.09</ele>
      </trkpt>
      <trkpt lat="46.866374" lon="8.753856">
        <ele>1035.74</ele>
      </trkpt>
      <trkpt lat="46.866421" lon="8.753993">
        <ele>1034.55</ele>
      </trkpt>
      <trkpt lat="46.86645" lon="8.754178">
        <ele>1033.11</ele>
      </trkpt>
      <trkpt lat="46.866445" lon="8.754281">
        <ele>1032.72</ele>
      </trkpt>
      <trkpt lat="46.866423" lon="8.754375">
        <ele>1032.37</ele>
      </trkpt>
      <trkpt lat="46.866366" lon="8.754489">
        <ele>1031.92</ele>
      </trkpt>
      <trkpt lat="46.866308" lon="8.754552">
        <ele>1031.61</ele>
      </trkpt>
      <trkpt lat="46.866239" lon="8.754595">
        <ele>1031.31</ele>
      </trkpt>
      <trkpt lat="46.866181" lon="8.754611">
        <ele>1031.07</ele>
      </trkpt>
      <trkpt lat="46.866013" lon="8.754617">
        <ele>1034.89</ele>
      </trkpt>
      <trkpt lat="46.865934" lon="8.754631">
        <ele>1035.96</ele>
      </trkpt>
      <trkpt lat="46.865857" lon="8.754663">
        <ele>1036.18</ele>
      </trkpt>
      <trkpt lat="46.865786" lon="8.75472">
        <ele>1038.22</ele>
      </trkpt>
      <trkpt lat="46.865751" lon="8.754761">
        <ele>1038.8</ele>
      </trkpt>
      <trkpt lat="46.865692" lon="8.754859">
        <ele>1039.35</ele>
      </trkpt>
      <trkpt lat="46.865559" lon="8.755234">
        <ele>1042.07</ele>
      </trkpt>
      <trkpt lat="46.865496" lon="8.755358">
        <ele>1041.82</ele>
      </trkpt>
      <trkpt lat="46.865447" lon="8.755426">
        <ele>1042.11</ele>
      </trkpt>
      <trkpt lat="46.865272" lon="8.755625">
        <ele>1043.02</ele>
      </trkpt>
      <trkpt lat="46.865183" lon="8.755764">
        <ele>1044.22</ele>
      </trkpt>
      <trkpt lat="46.865143" lon="8.755845">
        <ele>1044.26</ele>
      </trkpt>
      <trkpt lat="46.865099" lon="8.756014">
        <ele>1045.52</ele>
      </trkpt>
      <trkpt lat="46.865082" lon="8.756169">
        <ele>1046.55</ele>
      </trkpt>
      <trkpt lat="46.865082" lon="8.756256">
        <ele>1047.06</ele>
      </trkpt>
      <trkpt lat="46.865111" lon="8.75664">
        <ele>1048.35</ele>
      </trkpt>
      <trkpt lat="46.86511" lon="8.756907">
        <ele>1048.39</ele>
      </trkpt>
      <trkpt lat="46.865074" lon="8.75718">
        <ele>1049.89</ele>
      </trkpt>
      <trkpt lat="46.864986" lon="8.757624">
        <ele>1050.41</ele>
      </trkpt>
      <trkpt lat="46.864947" lon="8.757949">
        <ele>1051.11</ele>
      </trkpt>
      <trkpt lat="46.864945" lon="8.758551">
        <ele>1050.73</ele>
      </trkpt>
      <trkpt lat="46.864925" lon="8.758766">
        <ele>1049.28</ele>
      </trkpt>
      <trkpt lat="46.864883" lon="8.75896">
        <ele>1047.69</ele>
      </trkpt>
      <trkpt lat="46.864721" lon="8.759456">
        <ele>1045.39</ele>
      </trkpt>
      <trkpt lat="46.864575" lon="8.75999">
        <ele>1043.56</ele>
      </trkpt>
      <trkpt lat="46.86438" lon="8.760749">
        <ele>1039.24</ele>
      </trkpt>
      <trkpt lat="46.864355" lon="8.760961">
        <ele>1037.81</ele>
      </trkpt>
      <trkpt lat="46.864332" lon="8.761323">
        <ele>1037.13</ele>
      </trkpt>
      <trkpt lat="46.864293" lon="8.761492">
        <ele>1036.3</ele>
      </trkpt>
      <trkpt lat="46.864242" lon="8.761619">
        <ele>1034.97</ele>
      </trkpt>
      <trkpt lat="46.864167" lon="8.761736">
        <ele>1032.62</ele>
      </trkpt>
      <trkpt lat="46.863935" lon="8.762005">
        <ele>1029.09</ele>
      </trkpt>
      <trkpt lat="46.863868" lon="8.762134">
        <ele>1028.27</ele>
      </trkpt>
      <trkpt lat="46.863819" lon="8.762297">
        <ele>1027.05</ele>
      </trkpt>
      <trkpt lat="46.863805" lon="8.762455">
        <ele>1025.69</ele>
      </trkpt>
      <trkpt lat="46.863815" lon="8.762602">
        <ele>1024.81</ele>
      </trkpt>
      <trkpt lat="46.863828" lon="8.762676">
        <ele>1024.37</ele>
      </trkpt>
      <trkpt lat="46.863855" lon="8.762763">
        <ele>1024.05</ele>
      </trkpt>
      <trkpt lat="46.863906" lon="8.762886">
        <ele>1023.31</ele>
      </trkpt>
      <trkpt lat="46.864079" lon="8.76323">
        <ele>1022.84</ele>
      </trkpt>
      <trkpt lat="46.864186" lon="8.763498">
        <ele>1020.4</ele>
      </trkpt>
      <trkpt lat="46.864229" lon="8.763644">
        <ele>1019.3</ele>
      </trkpt>
      <trkpt lat="46.86428" lon="8.763862">
        <ele>1019.51</ele>
      </trkpt>
      <trkpt lat="46.864369" lon="8.76453">
        <ele>1013.9</ele>
      </trkpt>
      <trkpt lat="46.864416" lon="8.764704">
        <ele>1012.96</ele>
      </trkpt>
      <trkpt lat="46.864569" lon="8.765154">
        <ele>1010.16</ele>
      </trkpt>
      <trkpt lat="46.864596" lon="8.765309">
        <ele>1008.68</ele>
      </trkpt>
      <trkpt lat="46.864599" lon="8.765467">
        <ele>1007.23</ele>
      </trkpt>
      <trkpt lat="46.864589" lon="8.765572">
        <ele>1006.63</ele>
      </trkpt>
      <trkpt lat="46.864571" lon="8.765662">
        <ele>1006.26</ele>
      </trkpt>
      <trkpt lat="46.864438" lon="8.766049">
        <ele>1003.96</ele>
      </trkpt>
      <trkpt lat="46.864394" lon="8.766216">
        <ele>1002.48</ele>
      </trkpt>
      <trkpt lat="46.864359" lon="8.766489">
        <ele>1002.22</ele>
      </trkpt>
      <trkpt lat="46.864315" lon="8.766933">
        <ele>999.82</ele>
      </trkpt>
      <trkpt lat="46.864272" lon="8.767229">
        <ele>997.7</ele>
      </trkpt>
      <trkpt lat="46.864233" lon="8.767374">
        <ele>997.37</ele>
      </trkpt>
      <trkpt lat="46.864165" lon="8.767541">
        <ele>996.07</ele>
      </trkpt>
      <trkpt lat="46.864072" lon="8.767691">
        <ele>995.26</ele>
      </trkpt>
      <trkpt lat="46.863843" lon="8.767994">
        <ele>994.03</ele>
      </trkpt>
      <trkpt lat="46.863792" lon="8.768074">
        <ele>994</ele>
      </trkpt>
      <trkpt lat="46.863735" lon="8.768183">
        <ele>994.94</ele>
      </trkpt>
      <trkpt lat="46.863673" lon="8.768355">
        <ele>994.97</ele>
      </trkpt>
      <trkpt lat="46.863632" lon="8.768554">
        <ele>995.1</ele>
      </trkpt>
      <trkpt lat="46.863623" lon="8.768644">
        <ele>994.85</ele>
      </trkpt>
      <trkpt lat="46.863616" lon="8.769145">
        <ele>995.72</ele>
      </trkpt>
      <trkpt lat="46.863602" lon="8.769351">
        <ele>995.04</ele>
      </trkpt>
      <trkpt lat="46.86358" lon="8.769495">
        <ele>995.19</ele>
      </trkpt>
      <trkpt lat="46.863531" lon="8.76968">
        <ele>995.83</ele>
      </trkpt>
      <trkpt lat="46.863394" lon="8.770081">
        <ele>997.88</ele>
      </trkpt>
      <trkpt lat="46.863343" lon="8.770268">
        <ele>998.53</ele>
      </trkpt>
      <trkpt lat="46.863325" lon="8.770433">
        <ele>999.34</ele>
      </trkpt>
      <trkpt lat="46.863325" lon="8.77054">
        <ele>999.76</ele>
      </trkpt>
      <trkpt lat="46.86334" lon="8.770707">
        <ele>1000.34</ele>
      </trkpt>
      <trkpt lat="46.863404" lon="8.77101">
        <ele>1002.35</ele>
      </trkpt>
      <trkpt lat="46.863455" lon="8.771183">
        <ele>1003.05</ele>
      </trkpt>
      <trkpt lat="46.863551" lon="8.771423">
        <ele>1004.32</ele>
      </trkpt>
      <trkpt lat="46.863595" lon="8.771513">
        <ele>1004.03</ele>
      </trkpt>
      <trkpt lat="46.8637" lon="8.771693">
        <ele>1004.84</ele>
      </trkpt>
      <trkpt lat="46.863871" lon="8.771912">
        <ele>1005</ele>
      </trkpt>
      <trkpt lat="46.864271" lon="8.772291">
        <ele>1006.54</ele>
      </trkpt>
      <trkpt lat="46.864342" lon="8.772374">
        <ele>1007.3</ele>
      </trkpt>
      <trkpt lat="46.864381" lon="8.772454">
        <ele>1007.47</ele>
      </trkpt>
      <trkpt lat="46.864394" lon="8.7725">
        <ele>1007.56</ele>
      </trkpt>
      <trkpt lat="46.864419" lon="8.772659">
        <ele>1008.51</ele>
      </trkpt>
      <trkpt lat="46.864574" lon="8.77395">
        <ele>1019.37</ele>
      </trkpt>
      <trkpt lat="46.86467" lon="8.774496">
        <ele>1023.18</ele>
      </trkpt>
      <trkpt lat="46.864698" lon="8.774701">
        <ele>1024.05</ele>
      </trkpt>
      <trkpt lat="46.864763" lon="8.775397">
        <ele>1027.93</ele>
      </trkpt>
      <trkpt lat="46.86479" lon="8.775751">
        <ele>1028.8</ele>
      </trkpt>
      <trkpt lat="46.86487" lon="8.776815">
        <ele>1036.97</ele>
      </trkpt>
      <trkpt lat="46.864897" lon="8.777172">
        <ele>1037.24</ele>
      </trkpt>
      <trkpt lat="46.864924" lon="8.77753">
        <ele>1039.69</ele>
      </trkpt>
      <trkpt lat="46.864933" lon="8.777765">
        <ele>1041.18</ele>
      </trkpt>
      <trkpt lat="46.864945" lon="8.778089">
        <ele>1043.24</ele>
      </trkpt>
      <trkpt lat="46.864951" lon="8.779077">
        <ele>1049.77</ele>
      </trkpt>
      <trkpt lat="46.864926" lon="8.779279">
        <ele>1049.42</ele>
      </trkpt>
      <trkpt lat="46.864889" lon="8.779407">
        <ele>1048.79</ele>
      </trkpt>
      <trkpt lat="46.864837" lon="8.779505">
        <ele>1049.37</ele>
      </trkpt>
      <trkpt lat="46.86462" lon="8.779765">
        <ele>1051.44</ele>
      </trkpt>
      <trkpt lat="46.864554" lon="8.779873">
        <ele>1052.24</ele>
      </trkpt>
      <trkpt lat="46.864529" lon="8.77993">
        <ele>1052.69</ele>
      </trkpt>
      <trkpt lat="46.864482" lon="8.780088">
        <ele>1053.73</ele>
      </trkpt>
      <trkpt lat="46.864468" lon="8.780168">
        <ele>1054.39</ele>
      </trkpt>
      <trkpt lat="46.864447" lon="8.780439">
        <ele>1055.89</ele>
      </trkpt>
      <trkpt lat="46.864444" lon="8.780623">
        <ele>1056.15</ele>
      </trkpt>
      <trkpt lat="46.864455" lon="8.780706">
        <ele>1056.56</ele>
      </trkpt>
      <trkpt lat="46.86448" lon="8.780785">
        <ele>1056.93</ele>
      </trkpt>
      <trkpt lat="46.864528" lon="8.780875">
        <ele>1057.75</ele>
      </trkpt>
      <trkpt lat="46.864568" lon="8.780927">
        <ele>1058.53</ele>
      </trkpt>
      <trkpt lat="46.864621" lon="8.780974">
        <ele>1058.98</ele>
      </trkpt>
      <trkpt lat="46.864683" lon="8.781">
        <ele>1059.05</ele>
      </trkpt>
      <trkpt lat="46.864751" lon="8.781">
        <ele>1059.56</ele>
      </trkpt>
      <trkpt lat="46.864946" lon="8.780945">
        <ele>1061.94</ele>
      </trkpt>
      <trkpt lat="46.865022" lon="8.780951">
        <ele>1063.4</ele>
      </trkpt>
      <trkpt lat="46.865059" lon="8.780968">
        <ele>1064.24</ele>
      </trkpt>
      <trkpt lat="46.865125" lon="8.78103">
        <ele>1065.54</ele>
      </trkpt>
      <trkpt lat="46.865152" lon="8.781069">
        <ele>1066.6</ele>
      </trkpt>
      <trkpt lat="46.865195" lon="8.781164">
        <ele>1068.8</ele>
      </trkpt>
      <trkpt lat="46.865209" lon="8.781215">
        <ele>1069.54</ele>
      </trkpt>
      <trkpt lat="46.865221" lon="8.781364">
        <ele>1070.19</ele>
      </trkpt>
      <trkpt lat="46.865245" lon="8.782139">
        <ele>1072.79</ele>
      </trkpt>
      <trkpt lat="46.865244" lon="8.782269">
        <ele>1073.24</ele>
      </trkpt>
      <trkpt lat="46.865206" lon="8.782741">
        <ele>1076.45</ele>
      </trkpt>
      <trkpt lat="46.865206" lon="8.782891">
        <ele>1077.25</ele>
      </trkpt>
      <trkpt lat="46.865247" lon="8.7834">
        <ele>1079.14</ele>
      </trkpt>
      <trkpt lat="46.865251" lon="8.783511">
        <ele>1080.73</ele>
      </trkpt>
      <trkpt lat="46.865247" lon="8.783742">
        <ele>1082.11</ele>
      </trkpt>
      <trkpt lat="46.865217" lon="8.784368">
        <ele>1088.55</ele>
      </trkpt>
      <trkpt lat="46.865189" lon="8.784915">
        <ele>1090.44</ele>
      </trkpt>
      <trkpt lat="46.865174" lon="8.785006">
        <ele>1090.11</ele>
      </trkpt>
      <trkpt lat="46.865143" lon="8.785105">
        <ele>1089.43</ele>
      </trkpt>
      <trkpt lat="46.865046" lon="8.785317">
        <ele>1090.06</ele>
      </trkpt>
      <trkpt lat="46.865035" lon="8.785414">
        <ele>1090.15</ele>
      </trkpt>
      <trkpt lat="46.865039" lon="8.785465">
        <ele>1090.31</ele>
      </trkpt>
      <trkpt lat="46.865076" lon="8.78554">
        <ele>1091.06</ele>
      </trkpt>
      <trkpt lat="46.865124" lon="8.785579">
        <ele>1091.69</ele>
      </trkpt>
      <trkpt lat="46.865169" lon="8.785593">
        <ele>1092.48</ele>
      </trkpt>
      <trkpt lat="46.865224" lon="8.785576">
        <ele>1093.32</ele>
      </trkpt>
      <trkpt lat="46.865242" lon="8.785558">
        <ele>1093.52</ele>
      </trkpt>
      <trkpt lat="46.865286" lon="8.785471">
        <ele>1094.16</ele>
      </trkpt>
      <trkpt lat="46.865302" lon="8.785397">
        <ele>1094.38</ele>
      </trkpt>
      <trkpt lat="46.86533" lon="8.784977">
        <ele>1099.64</ele>
      </trkpt>
      <trkpt lat="46.865366" lon="8.784495">
        <ele>1102.06</ele>
      </trkpt>
      <trkpt lat="46.865387" lon="8.784325">
        <ele>1102.64</ele>
      </trkpt>
      <trkpt lat="46.865644" lon="8.783195">
        <ele>1109.72</ele>
      </trkpt>
      <trkpt lat="46.865696" lon="8.783033">
        <ele>1109.17</ele>
      </trkpt>
      <trkpt lat="46.865748" lon="8.782908">
        <ele>1111.23</ele>
      </trkpt>
      <trkpt lat="46.865769" lon="8.782818">
        <ele>1112.63</ele>
      </trkpt>
      <trkpt lat="46.865764" lon="8.782505">
        <ele>1116.24</ele>
      </trkpt>
      <trkpt lat="46.865817" lon="8.781601">
        <ele>1121.39</ele>
      </trkpt>
      <trkpt lat="46.865832" lon="8.781483">
        <ele>1121.42</ele>
      </trkpt>
      <trkpt lat="46.865862" lon="8.781354">
        <ele>1121.73</ele>
      </trkpt>
      <trkpt lat="46.865934" lon="8.781104">
        <ele>1121.65</ele>
      </trkpt>
      <trkpt lat="46.865958" lon="8.781046">
        <ele>1121.86</ele>
      </trkpt>
      <trkpt lat="46.866105" lon="8.780835">
        <ele>1123.25</ele>
      </trkpt>
      <trkpt lat="46.866144" lon="8.78076">
        <ele>1121.78</ele>
      </trkpt>
      <trkpt lat="46.866185" lon="8.780626">
        <ele>1123.99</ele>
      </trkpt>
      <trkpt lat="46.866199" lon="8.780511">
        <ele>1125.8</ele>
      </trkpt>
      <trkpt lat="46.866192" lon="8.780375">
        <ele>1127.92</ele>
      </trkpt>
      <trkpt lat="46.866175" lon="8.780294">
        <ele>1129.2</ele>
      </trkpt>
      <trkpt lat="46.866124" lon="8.780115">
        <ele>1132.62</ele>
      </trkpt>
      <trkpt lat="46.866069" lon="8.779917">
        <ele>1131.41</ele>
      </trkpt>
      <trkpt lat="46.866032" lon="8.779723">
        <ele>1132.78</ele>
      </trkpt>
      <trkpt lat="46.866006" lon="8.779452">
        <ele>1134</ele>
      </trkpt>
      <trkpt lat="46.866013" lon="8.779348">
        <ele>1134.06</ele>
      </trkpt>
      <trkpt lat="46.866064" lon="8.779094">
        <ele>1136.45</ele>
      </trkpt>
      <trkpt lat="46.866089" lon="8.77891">
        <ele>1138.37</ele>
      </trkpt>
      <trkpt lat="46.866091" lon="8.778735">
        <ele>1139.61</ele>
      </trkpt>
      <trkpt lat="46.866076" lon="8.778395">
        <ele>1140.39</ele>
      </trkpt>
      <trkpt lat="46.866081" lon="8.778307">
        <ele>1140.7</ele>
      </trkpt>
      <trkpt lat="46.86611" lon="8.778164">
        <ele>1141.78</ele>
      </trkpt>
      <trkpt lat="46.866253" lon="8.777705">
        <ele>1144.86</ele>
      </trkpt>
      <trkpt lat="46.866272" lon="8.777622">
        <ele>1145.85</ele>
      </trkpt>
      <trkpt lat="46.866365" lon="8.776845">
        <ele>1151.5</ele>
      </trkpt>
      <trkpt lat="46.866464" lon="8.775836">
        <ele>1158.38</ele>
      </trkpt>
      <trkpt lat="46.866459" lon="8.775528">
        <ele>1159.46</ele>
      </trkpt>
      <trkpt lat="46.866467" lon="8.775447">
        <ele>1159.69</ele>
      </trkpt>
      <trkpt lat="46.866499" lon="8.775292">
        <ele>1160.49</ele>
      </trkpt>
      <trkpt lat="46.866521" lon="8.775116">
        <ele>1162.84</ele>
      </trkpt>
      <trkpt lat="46.866519" lon="8.774945">
        <ele>1165.42</ele>
      </trkpt>
      <trkpt lat="46.866481" lon="8.774456">
        <ele>1167.27</ele>
      </trkpt>
      <trkpt lat="46.866482" lon="8.774213">
        <ele>1167.46</ele>
      </trkpt>
      <trkpt lat="46.866519" lon="8.773861">
        <ele>1168.73</ele>
      </trkpt>
      <trkpt lat="46.866571" lon="8.773621">
        <ele>1170.29</ele>
      </trkpt>
      <trkpt lat="46.866723" lon="8.773044">
        <ele>1173.09</ele>
      </trkpt>
      <trkpt lat="46.866843" lon="8.772584">
        <ele>1177.57</ele>
      </trkpt>
      <trkpt lat="46.867005" lon="8.771903">
        <ele>1180.64</ele>
      </trkpt>
      <trkpt lat="46.867197" lon="8.770986">
        <ele>1188.43</ele>
      </trkpt>
      <trkpt lat="46.86734" lon="8.769949">
        <ele>1193.4</ele>
      </trkpt>
      <trkpt lat="46.867519" lon="8.769343">
        <ele>1197.51</ele>
      </trkpt>
      <trkpt lat="46.867567" lon="8.769234">
        <ele>1197.71</ele>
      </trkpt>
      <trkpt lat="46.867598" lon="8.769185">
        <ele>1198.37</ele>
      </trkpt>
      <trkpt lat="46.867757" lon="8.769">
        <ele>1199.6</ele>
      </trkpt>
      <trkpt lat="46.867825" lon="8.768904">
        <ele>1200.52</ele>
      </trkpt>
      <trkpt lat="46.868013" lon="8.768527">
        <ele>1204.46</ele>
      </trkpt>
      <trkpt lat="46.868078" lon="8.76837">
        <ele>1205.42</ele>
      </trkpt>
      <trkpt lat="46.868137" lon="8.768276">
        <ele>1206.26</ele>
      </trkpt>
      <trkpt lat="46.868562" lon="8.767708">
        <ele>1211.95</ele>
      </trkpt>
      <trkpt lat="46.868598" lon="8.76765">
        <ele>1212.92</ele>
      </trkpt>
      <trkpt lat="46.868621" lon="8.767598">
        <ele>1212.99</ele>
      </trkpt>
      <trkpt lat="46.868657" lon="8.767478">
        <ele>1213.91</ele>
      </trkpt>
      <trkpt lat="46.868706" lon="8.767073">
        <ele>1216.54</ele>
      </trkpt>
      <trkpt lat="46.868738" lon="8.766967">
        <ele>1215.82</ele>
      </trkpt>
      <trkpt lat="46.868804" lon="8.766899">
        <ele>1216.62</ele>
      </trkpt>
      <trkpt lat="46.86895" lon="8.766818">
        <ele>1216.13</ele>
      </trkpt>
      <trkpt lat="46.868995" lon="8.766786">
        <ele>1216.73</ele>
      </trkpt>
      <trkpt lat="46.869057" lon="8.76669">
        <ele>1219.64</ele>
      </trkpt>
      <trkpt lat="46.869091" lon="8.766568">
        <ele>1223.73</ele>
      </trkpt>
      <trkpt lat="46.869092" lon="8.766485">
        <ele>1225.25</ele>
      </trkpt>
      <trkpt lat="46.869062" lon="8.766377">
        <ele>1225.52</ele>
      </trkpt>
      <trkpt lat="46.869007" lon="8.766226">
        <ele>1226.34</ele>
      </trkpt>
      <trkpt lat="46.868981" lon="8.766119">
        <ele>1226.22</ele>
      </trkpt>
      <trkpt lat="46.86897" lon="8.765985">
        <ele>1225.85</ele>
      </trkpt>
      <trkpt lat="46.868976" lon="8.765877">
        <ele>1224.94</ele>
      </trkpt>
      <trkpt lat="46.869001" lon="8.765774">
        <ele>1225.14</ele>
      </trkpt>
      <trkpt lat="46.869053" lon="8.765658">
        <ele>1225.81</ele>
      </trkpt>
      <trkpt lat="46.869247" lon="8.765348">
        <ele>1229.03</ele>
      </trkpt>
      <trkpt lat="46.869278" lon="8.765281">
        <ele>1230.65</ele>
      </trkpt>
      <trkpt lat="46.869317" lon="8.765153">
        <ele>1232.6</ele>
      </trkpt>
      <trkpt lat="46.869335" lon="8.765031">
        <ele>1232.27</ele>
      </trkpt>
      <trkpt lat="46.86933" lon="8.764827">
        <ele>1233.38</ele>
      </trkpt>
      <trkpt lat="46.869295" lon="8.764573">
        <ele>1235.03</ele>
      </trkpt>
      <trkpt lat="46.869294" lon="8.764382">
        <ele>1235.82</ele>
      </trkpt>
      <trkpt lat="46.869315" lon="8.764255">
        <ele>1236.74</ele>
      </trkpt>
      <trkpt lat="46.869501" lon="8.763547">
        <ele>1241.79</ele>
      </trkpt>
      <trkpt lat="46.869517" lon="8.763411">
        <ele>1242.31</ele>
      </trkpt>
      <trkpt lat="46.869535" lon="8.762969">
        <ele>1244.09</ele>
      </trkpt>
      <trkpt lat="46.869555" lon="8.762721">
        <ele>1245.87</ele>
      </trkpt>
      <trkpt lat="46.869595" lon="8.762491">
        <ele>1246.88</ele>
      </trkpt>
      <trkpt lat="46.869664" lon="8.762284">
        <ele>1248.51</ele>
      </trkpt>
      <trkpt lat="46.869987" lon="8.761452">
        <ele>1255.54</ele>
      </trkpt>
      <trkpt lat="46.87018" lon="8.760865">
        <ele>1259.74</ele>
      </trkpt>
      <trkpt lat="46.870209" lon="8.760762">
        <ele>1260.89</ele>
      </trkpt>
      <trkpt lat="46.870249" lon="8.760579">
        <ele>1262.39</ele>
      </trkpt>
      <trkpt lat="46.870316" lon="8.760108">
        <ele>1264.76</ele>
      </trkpt>
      <trkpt lat="46.870376" lon="8.759882">
        <ele>1264.52</ele>
      </trkpt>
      <trkpt lat="46.870494" lon="8.759604">
        <ele>1266.21</ele>
      </trkpt>
      <trkpt lat="46.870602" lon="8.759381">
        <ele>1266.91</ele>
      </trkpt>
      <trkpt lat="46.870665" lon="8.759288">
        <ele>1267.72</ele>
      </trkpt>
      <trkpt lat="46.870737" lon="8.759202">
        <ele>1268.08</ele>
      </trkpt>
      <trkpt lat="46.871072" lon="8.758898">
        <ele>1270.31</ele>
      </trkpt>
      <trkpt lat="46.871112" lon="8.758851">
        <ele>1270.91</ele>
      </trkpt>
      <trkpt lat="46.871171" lon="8.758756">
        <ele>1271.82</ele>
      </trkpt>
      <trkpt lat="46.871222" lon="8.75863">
        <ele>1273.36</ele>
      </trkpt>
      <trkpt lat="46.871304" lon="8.758315">
        <ele>1274.62</ele>
      </trkpt>
      <trkpt lat="46.871343" lon="8.75823">
        <ele>1274.53</ele>
      </trkpt>
      <trkpt lat="46.871427" lon="8.758129">
        <ele>1274.7</ele>
      </trkpt>
      <trkpt lat="46.871506" lon="8.758073">
        <ele>1274.91</ele>
      </trkpt>
      <trkpt lat="46.871578" lon="8.758051">
        <ele>1275.47</ele>
      </trkpt>
      <trkpt lat="46.871688" lon="8.758054">
        <ele>1275.72</ele>
      </trkpt>
      <trkpt lat="46.871776" lon="8.758085">
        <ele>1275.32</ele>
      </trkpt>
      <trkpt lat="46.871858" lon="8.758151">
        <ele>1275.35</ele>
      </trkpt>
      <trkpt lat="46.871919" lon="8.758231">
        <ele>1275.75</ele>
      </trkpt>
      <trkpt lat="46.871976" lon="8.758339">
        <ele>1276.31</ele>
      </trkpt>
      <trkpt lat="46.872023" lon="8.758506">
        <ele>1277.2</ele>
      </trkpt>
      <trkpt lat="46.872033" lon="8.758625">
        <ele>1278.03</ele>
      </trkpt>
      <trkpt lat="46.872026" lon="8.758747">
        <ele>1278.75</ele>
      </trkpt>
      <trkpt lat="46.872001" lon="8.758856">
        <ele>1279.38</ele>
      </trkpt>
      <trkpt lat="46.871966" lon="8.758952">
        <ele>1279.93</ele>
      </trkpt>
      <trkpt lat="46.871401" lon="8.759906">
        <ele>1287.43</ele>
      </trkpt>
      <trkpt lat="46.871346" lon="8.760028">
        <ele>1288.95</ele>
      </trkpt>
      <trkpt lat="46.871273" lon="8.760246">
        <ele>1289.99</ele>
      </trkpt>
      <trkpt lat="46.871238" lon="8.760435">
        <ele>1291.36</ele>
      </trkpt>
      <trkpt lat="46.871225" lon="8.760709">
        <ele>1293.51</ele>
      </trkpt>
      <trkpt lat="46.871256" lon="8.761242">
        <ele>1296.44</ele>
      </trkpt>
      <trkpt lat="46.871284" lon="8.761654">
        <ele>1300.81</ele>
      </trkpt>
      <trkpt lat="46.871313" lon="8.762107">
        <ele>1302.69</ele>
      </trkpt>
      <trkpt lat="46.871314" lon="8.762296">
        <ele>1302.97</ele>
      </trkpt>
      <trkpt lat="46.871234" lon="8.763001">
        <ele>1308.23</ele>
      </trkpt>
      <trkpt lat="46.871226" lon="8.763193">
        <ele>1309.68</ele>
      </trkpt>
      <trkpt lat="46.871232" lon="8.763289">
        <ele>1310.7</ele>
      </trkpt>
      <trkpt lat="46.871259" lon="8.763465">
        <ele>1312.22</ele>
      </trkpt>
      <trkpt lat="46.871281" lon="8.763549">
        <ele>1312.4</ele>
      </trkpt>
      <trkpt lat="46.871329" lon="8.763673">
        <ele>1312.61</ele>
      </trkpt>
      <trkpt lat="46.871666" lon="8.76443">
        <ele>1319.51</ele>
      </trkpt>
      <trkpt lat="46.871806" lon="8.764759">
        <ele>1321.55</ele>
      </trkpt>
      <trkpt lat="46.871844" lon="8.764902">
        <ele>1322.09</ele>
      </trkpt>
      <trkpt lat="46.87186" lon="8.765001">
        <ele>1322.34</ele>
      </trkpt>
      <trkpt lat="46.871866" lon="8.765218">
        <ele>1324.01</ele>
      </trkpt>
      <trkpt lat="46.871844" lon="8.765387">
        <ele>1325.44</ele>
      </trkpt>
      <trkpt lat="46.87172" lon="8.765977">
        <ele>1328.88</ele>
      </trkpt>
      <trkpt lat="46.871691" lon="8.766081">
        <ele>1329.29</ele>
      </trkpt>
      <trkpt lat="46.871653" lon="8.766171">
        <ele>1330.18</ele>
      </trkpt>
      <trkpt lat="46.871603" lon="8.766249">
        <ele>1331.13</ele>
      </trkpt>
      <trkpt lat="46.871489" lon="8.766356">
        <ele>1331.06</ele>
      </trkpt>
      <trkpt lat="46.87126" lon="8.766467">
        <ele>1333.08</ele>
      </trkpt>
      <trkpt lat="46.871141" lon="8.766544">
        <ele>1334.68</ele>
      </trkpt>
      <trkpt lat="46.871055" lon="8.766644">
        <ele>1336.09</ele>
      </trkpt>
      <trkpt lat="46.871009" lon="8.766717">
        <ele>1337.39</ele>
      </trkpt>
      <trkpt lat="46.870941" lon="8.766869">
        <ele>1339.5</ele>
      </trkpt>
      <trkpt lat="46.870915" lon="8.766967">
        <ele>1339.92</ele>
      </trkpt>
      <trkpt lat="46.870891" lon="8.767092">
        <ele>1340.48</ele>
      </trkpt>
      <trkpt lat="46.870877" lon="8.767227">
        <ele>1341.54</ele>
      </trkpt>
      <trkpt lat="46.870868" lon="8.76784">
        <ele>1345.26</ele>
      </trkpt>
      <trkpt lat="46.870843" lon="8.768141">
        <ele>1347.39</ele>
      </trkpt>
      <trkpt lat="46.870791" lon="8.768416">
        <ele>1349.36</ele>
      </trkpt>
      <trkpt lat="46.870736" lon="8.768619">
        <ele>1350.85</ele>
      </trkpt>
      <trkpt lat="46.870658" lon="8.768832">
        <ele>1352.5</ele>
      </trkpt>
      <trkpt lat="46.87053" lon="8.769087">
        <ele>1354.56</ele>
      </trkpt>
      <trkpt lat="46.870258" lon="8.769542">
        <ele>1358.36</ele>
      </trkpt>
      <trkpt lat="46.870168" lon="8.769752">
        <ele>1360</ele>
      </trkpt>
      <trkpt lat="46.870137" lon="8.769857">
        <ele>1360.78</ele>
      </trkpt>
      <trkpt lat="46.870098" lon="8.770047">
        <ele>1362.16</ele>
      </trkpt>
      <trkpt lat="46.870081" lon="8.770221">
        <ele>1363.38</ele>
      </trkpt>
      <trkpt lat="46.870058" lon="8.770639">
        <ele>1366.32</ele>
      </trkpt>
      <trkpt lat="46.870038" lon="8.770804">
        <ele>1367.52</ele>
      </trkpt>
      <trkpt lat="46.870009" lon="8.770966">
        <ele>1368.71</ele>
      </trkpt>
      <trkpt lat="46.86997" lon="8.77113">
        <ele>1369.93</ele>
      </trkpt>
      <trkpt lat="46.869922" lon="8.771288">
        <ele>1371.13</ele>
      </trkpt>
      <trkpt lat="46.86966" lon="8.771951">
        <ele>1376.24</ele>
      </trkpt>
      <trkpt lat="46.869614" lon="8.7721">
        <ele>1377.36</ele>
      </trkpt>
      <trkpt lat="46.869557" lon="8.772345">
        <ele>1379.16</ele>
      </trkpt>
      <trkpt lat="46.869536" lon="8.772498">
        <ele>1380.28</ele>
      </trkpt>
      <trkpt lat="46.869527" lon="8.772707">
        <ele>1381.79</ele>
      </trkpt>
      <trkpt lat="46.869544" lon="8.773348">
        <ele>1387.6</ele>
      </trkpt>
      <trkpt lat="46.869546" lon="8.773624">
        <ele>1388.64</ele>
      </trkpt>
      <trkpt lat="46.869577" lon="8.773964">
        <ele>1391.63</ele>
      </trkpt>
      <trkpt lat="46.869585" lon="8.77414">
        <ele>1392.49</ele>
      </trkpt>
      <trkpt lat="46.869582" lon="8.774214">
        <ele>1393.07</ele>
      </trkpt>
      <trkpt lat="46.869545" lon="8.774502">
        <ele>1393.83</ele>
      </trkpt>
      <trkpt lat="46.869543" lon="8.774559">
        <ele>1394.17</ele>
      </trkpt>
      <trkpt lat="46.869555" lon="8.774685">
        <ele>1395.14</ele>
      </trkpt>
      <trkpt lat="46.869857" lon="8.775969">
        <ele>1405.91</ele>
      </trkpt>
      <trkpt lat="46.869875" lon="8.776122">
        <ele>1406.38</ele>
      </trkpt>
      <trkpt lat="46.86989" lon="8.77636">
        <ele>1407.88</ele>
      </trkpt>
      <trkpt lat="46.869911" lon="8.776499">
        <ele>1408.93</ele>
      </trkpt>
      <trkpt lat="46.870011" lon="8.776735">
        <ele>1409.87</ele>
      </trkpt>
      <trkpt lat="46.87031" lon="8.777379">
        <ele>1414.19</ele>
      </trkpt>
      <trkpt lat="46.870426" lon="8.777676">
        <ele>1416.34</ele>
      </trkpt>
      <trkpt lat="46.870596" lon="8.778229">
        <ele>1420.39</ele>
      </trkpt>
      <trkpt lat="46.870824" lon="8.779031">
        <ele>1427.52</ele>
      </trkpt>
      <trkpt lat="46.870959" lon="8.779482">
        <ele>1429.51</ele>
      </trkpt>
      <trkpt lat="46.870981" lon="8.779536">
        <ele>1429.34</ele>
      </trkpt>
      <trkpt lat="46.871052" lon="8.779655">
        <ele>1430.01</ele>
      </trkpt>
      <trkpt lat="46.871218" lon="8.779859">
        <ele>1431.43</ele>
      </trkpt>
      <trkpt lat="46.871244" lon="8.779905">
        <ele>1431.44</ele>
      </trkpt>
      <trkpt lat="46.871264" lon="8.779967">
        <ele>1431.47</ele>
      </trkpt>
      <trkpt lat="46.871262" lon="8.78011">
        <ele>1433.8</ele>
      </trkpt>
      <trkpt lat="46.871241" lon="8.780207">
        <ele>1434.49</ele>
      </trkpt>
      <trkpt lat="46.871124" lon="8.780483">
        <ele>1434.03</ele>
      </trkpt>
      <trkpt lat="46.871101" lon="8.780575">
        <ele>1434.27</ele>
      </trkpt>
      <trkpt lat="46.871084" lon="8.780715">
        <ele>1435.1</ele>
      </trkpt>
      <trkpt lat="46.871089" lon="8.780923">
        <ele>1436.13</ele>
      </trkpt>
      <trkpt lat="46.8712" lon="8.782979">
        <ele>1451.5</ele>
      </trkpt>
      <trkpt lat="46.871222" lon="8.783396">
        <ele>1452.65</ele>
      </trkpt>
      <trkpt lat="46.871237" lon="8.784041">
        <ele>1458.38</ele>
      </trkpt>
      <trkpt lat="46.871252" lon="8.784158">
        <ele>1459.47</ele>
      </trkpt>
      <trkpt lat="46.871544" lon="8.785403">
        <ele>1469.16</ele>
      </trkpt>
      <trkpt lat="46.871588" lon="8.785525">
        <ele>1469.61</ele>
      </trkpt>
      <trkpt lat="46.871642" lon="8.785617">
        <ele>1470.95</ele>
      </trkpt>
      <trkpt lat="46.87183" lon="8.785858">
        <ele>1474.39</ele>
      </trkpt>
      <trkpt lat="46.871858" lon="8.785949">
        <ele>1473.71</ele>
      </trkpt>
      <trkpt lat="46.871867" lon="8.786035">
        <ele>1472.52</ele>
      </trkpt>
      <trkpt lat="46.871839" lon="8.786158">
        <ele>1469.61</ele>
      </trkpt>
      <trkpt lat="46.871809" lon="8.786208">
        <ele>1469.4</ele>
      </trkpt>
      <trkpt lat="46.871698" lon="8.786314">
        <ele>1470.52</ele>
      </trkpt>
      <trkpt lat="46.871639" lon="8.786385">
        <ele>1471.12</ele>
      </trkpt>
      <trkpt lat="46.871615" lon="8.786425">
        <ele>1471.65</ele>
      </trkpt>
      <trkpt lat="46.871578" lon="8.786524">
        <ele>1473.54</ele>
      </trkpt>
      <trkpt lat="46.871551" lon="8.78668">
        <ele>1475.74</ele>
      </trkpt>
      <trkpt lat="46.871553" lon="8.786815">
        <ele>1477.56</ele>
      </trkpt>
      <trkpt lat="46.871566" lon="8.786993">
        <ele>1479.11</ele>
      </trkpt>
      <trkpt lat="46.8716" lon="8.787208">
        <ele>1479.89</ele>
      </trkpt>
      <trkpt lat="46.87163" lon="8.787327">
        <ele>1481.05</ele>
      </trkpt>
      <trkpt lat="46.871726" lon="8.787597">
        <ele>1482.68</ele>
      </trkpt>
      <trkpt lat="46.871788" lon="8.787749">
        <ele>1484.53</ele>
      </trkpt>
      <trkpt lat="46.871984" lon="8.78809">
        <ele>1487.55</ele>
      </trkpt>
      <trkpt lat="46.872036" lon="8.788196">
        <ele>1488.7</ele>
      </trkpt>
      <trkpt lat="46.872107" lon="8.78835">
        <ele>1489.77</ele>
      </trkpt>
      <trkpt lat="46.872149" lon="8.788475">
        <ele>1490.41</ele>
      </trkpt>
      <trkpt lat="46.87219" lon="8.788691">
        <ele>1489.49</ele>
      </trkpt>
      <trkpt lat="46.872201" lon="8.788821">
        <ele>1490.3</ele>
      </trkpt>
      <trkpt lat="46.87223" lon="8.788998">
        <ele>1493.32</ele>
      </trkpt>
      <trkpt lat="46.8723" lon="8.789248">
        <ele>1494.76</ele>
      </trkpt>
      <trkpt lat="46.872366" lon="8.789507">
        <ele>1497.87</ele>
      </trkpt>
      <trkpt lat="46.872417" lon="8.789768">
        <ele>1496.87</ele>
      </trkpt>
      <trkpt lat="46.872446" lon="8.789961">
        <ele>1499.35</ele>
      </trkpt>
      <trkpt lat="46.872477" lon="8.790306">
        <ele>1502.08</ele>
      </trkpt>
      <trkpt lat="46.872478" lon="8.790746">
        <ele>1503.82</ele>
      </trkpt>
      <trkpt lat="46.872464" lon="8.79097">
        <ele>1505.09</ele>
      </trkpt>
      <trkpt lat="46.872379" lon="8.791765">
        <ele>1512.4</ele>
      </trkpt>
      <trkpt lat="46.872274" lon="8.792132">
        <ele>1513.11</ele>
      </trkpt>
      <trkpt lat="46.872254" lon="8.792276">
        <ele>1513.39</ele>
      </trkpt>
      <trkpt lat="46.872219" lon="8.79239">
        <ele>1513.61</ele>
      </trkpt>
      <trkpt lat="46.872179" lon="8.792444">
        <ele>1513.71</ele>
      </trkpt>
      <trkpt lat="46.872136" lon="8.792592">
        <ele>1513.99</ele>
      </trkpt>
      <trkpt lat="46.87214" lon="8.792674">
        <ele>1514.13</ele>
      </trkpt>
      <trkpt lat="46.872183" lon="8.792828">
        <ele>1514.43</ele>
      </trkpt>
      <trkpt lat="46.872259" lon="8.792927">
        <ele>1515.58</ele>
      </trkpt>
      <trkpt lat="46.872442" lon="8.793037">
        <ele>1517.36</ele>
      </trkpt>
      <trkpt lat="46.872506" lon="8.793109">
        <ele>1518.14</ele>
      </trkpt>
      <trkpt lat="46.872594" lon="8.793321">
        <ele>1519.97</ele>
      </trkpt>
      <trkpt lat="46.872616" lon="8.793469">
        <ele>1521.17</ele>
      </trkpt>
      <trkpt lat="46.872625" lon="8.793651">
        <ele>1522.66</ele>
      </trkpt>
      <trkpt lat="46.872611" lon="8.79378">
        <ele>1523.74</ele>
      </trkpt>
      <trkpt lat="46.872568" lon="8.793895">
        <ele>1524.81</ele>
      </trkpt>
      <trkpt lat="46.872433" lon="8.794094">
        <ele>1526.53</ele>
      </trkpt>
      <trkpt lat="46.872384" lon="8.794183">
        <ele>1527.13</ele>
      </trkpt>
      <trkpt lat="46.872345" lon="8.794285">
        <ele>1527.76</ele>
      </trkpt>
      <trkpt lat="46.872326" lon="8.794489">
        <ele>1528.94</ele>
      </trkpt>
      <trkpt lat="46.87233" lon="8.794625">
        <ele>1529.74</ele>
      </trkpt>
      <trkpt lat="46.872355" lon="8.794758">
        <ele>1530.56</ele>
      </trkpt>
      <trkpt lat="46.872331" lon="8.794862">
        <ele>1529.99</ele>
      </trkpt>
      <trkpt lat="46.872218" lon="8.795506">
        <ele>1532.13</ele>
      </trkpt>
      <trkpt lat="46.872148" lon="8.795951">
        <ele>1532.5</ele>
      </trkpt>
      <trkpt lat="46.872135" lon="8.796189">
        <ele>1534.22</ele>
      </trkpt>
      <trkpt lat="46.872179" lon="8.79658">
        <ele>1536.54</ele>
      </trkpt>
      <trkpt lat="46.872182" lon="8.796685">
        <ele>1537.52</ele>
      </trkpt>
      <trkpt lat="46.872174" lon="8.796745">
        <ele>1537.96</ele>
      </trkpt>
      <trkpt lat="46.872023" lon="8.797284">
        <ele>1542.36</ele>
      </trkpt>
      <trkpt lat="46.871973" lon="8.797483">
        <ele>1542.78</ele>
      </trkpt>
      <trkpt lat="46.871952" lon="8.79759">
        <ele>1542.29</ele>
      </trkpt>
      <trkpt lat="46.87193" lon="8.797852">
        <ele>1544.7</ele>
      </trkpt>
      <trkpt lat="46.871936" lon="8.798124">
        <ele>1545.87</ele>
      </trkpt>
      <trkpt lat="46.871987" lon="8.798574">
        <ele>1549.1</ele>
      </trkpt>
      <trkpt lat="46.872031" lon="8.798949">
        <ele>1549.79</ele>
      </trkpt>
      <trkpt lat="46.872039" lon="8.7991">
        <ele>1552.01</ele>
      </trkpt>
      <trkpt lat="46.87203" lon="8.799193">
        <ele>1553.06</ele>
      </trkpt>
      <trkpt lat="46.872005" lon="8.799331">
        <ele>1555.63</ele>
      </trkpt>
      <trkpt lat="46.871918" lon="8.799601">
        <ele>1556.19</ele>
      </trkpt>
      <trkpt lat="46.871871" lon="8.799875">
        <ele>1556.02</ele>
      </trkpt>
      <trkpt lat="46.871807" lon="8.800166">
        <ele>1557.98</ele>
      </trkpt>
      <trkpt lat="46.871793" lon="8.800282">
        <ele>1557.49</ele>
      </trkpt>
      <trkpt lat="46.871807" lon="8.800407">
        <ele>1557.07</ele>
      </trkpt>
      <trkpt lat="46.871944" lon="8.801061">
        <ele>1563.28</ele>
      </trkpt>
      <trkpt lat="46.87196" lon="8.801179">
        <ele>1566.53</ele>
      </trkpt>
      <trkpt lat="46.872001" lon="8.801658">
        <ele>1572.74</ele>
      </trkpt>
      <trkpt lat="46.871998" lon="8.801761">
        <ele>1573.74</ele>
      </trkpt>
      <trkpt lat="46.871964" lon="8.801932">
        <ele>1569.7</ele>
      </trkpt>
      <trkpt lat="46.871968" lon="8.802005">
        <ele>1570.63</ele>
      </trkpt>
      <trkpt lat="46.872001" lon="8.802243">
        <ele>1577.52</ele>
      </trkpt>
      <trkpt lat="46.872004" lon="8.802506">
        <ele>1575.48</ele>
      </trkpt>
      <trkpt lat="46.872005" lon="8.802688">
        <ele>1579.07</ele>
      </trkpt>
      <trkpt lat="46.871999" lon="8.803038">
        <ele>1581.08</ele>
      </trkpt>
      <trkpt lat="46.871988" lon="8.80319">
        <ele>1579.87</ele>
      </trkpt>
      <trkpt lat="46.871931" lon="8.803528">
        <ele>1579.66</ele>
      </trkpt>
      <trkpt lat="46.871916" lon="8.803721">
        <ele>1581.64</ele>
      </trkpt>
      <trkpt lat="46.871908" lon="8.804165">
        <ele>1586.8</ele>
      </trkpt>
      <trkpt lat="46.871892" lon="8.804242">
        <ele>1586.54</ele>
      </trkpt>
      <trkpt lat="46.87187" lon="8.804306">
        <ele>1586.45</ele>
      </trkpt>
      <trkpt lat="46.871734" lon="8.804539">
        <ele>1585.65</ele>
      </trkpt>
      <trkpt lat="46.871704" lon="8.804624">
        <ele>1584.33</ele>
      </trkpt>
      <trkpt lat="46.871703" lon="8.804699">
        <ele>1584.99</ele>
      </trkpt>
      <trkpt lat="46.871736" lon="8.804884">
        <ele>1585.32</ele>
      </trkpt>
      <trkpt lat="46.871742" lon="8.804993">
        <ele>1589.41</ele>
      </trkpt>
      <trkpt lat="46.871729" lon="8.805073">
        <ele>1590.99</ele>
      </trkpt>
      <trkpt lat="46.871655" lon="8.805328">
        <ele>1593.71</ele>
      </trkpt>
      <trkpt lat="46.871626" lon="8.805484">
        <ele>1593.08</ele>
      </trkpt>
      <trkpt lat="46.871615" lon="8.80595">
        <ele>1599.03</ele>
      </trkpt>
      <trkpt lat="46.871583" lon="8.806236">
        <ele>1598.27</ele>
      </trkpt>
      <trkpt lat="46.871576" lon="8.806341">
        <ele>1596.46</ele>
      </trkpt>
      <trkpt lat="46.871589" lon="8.806493">
        <ele>1595.13</ele>
      </trkpt>
      <trkpt lat="46.871624" lon="8.806638">
        <ele>1596.4</ele>
      </trkpt>
      <trkpt lat="46.871775" lon="8.806958">
        <ele>1597.03</ele>
      </trkpt>
      <trkpt lat="46.871823" lon="8.807088">
        <ele>1598.73</ele>
      </trkpt>
      <trkpt lat="46.871871" lon="8.807278">
        <ele>1602.94</ele>
      </trkpt>
      <trkpt lat="46.871913" lon="8.807475">
        <ele>1603.61</ele>
      </trkpt>
      <trkpt lat="46.871939" lon="8.80764">
        <ele>1602.44</ele>
      </trkpt>
      <trkpt lat="46.871954" lon="8.807766">
        <ele>1604.86</ele>
      </trkpt>
      <trkpt lat="46.871955" lon="8.807822">
        <ele>1605.67</ele>
      </trkpt>
      <trkpt lat="46.871942" lon="8.807983">
        <ele>1606.53</ele>
      </trkpt>
      <trkpt lat="46.87195" lon="8.808156">
        <ele>1604.09</ele>
      </trkpt>
      <trkpt lat="46.87194" lon="8.808248">
        <ele>1608.78</ele>
      </trkpt>
      <trkpt lat="46.871905" lon="8.808353">
        <ele>1611.99</ele>
      </trkpt>
      <trkpt lat="46.871855" lon="8.808437">
        <ele>1612.95</ele>
      </trkpt>
      <trkpt lat="46.871768" lon="8.808554">
        <ele>1612.52</ele>
      </trkpt>
      <trkpt lat="46.871712" lon="8.808671">
        <ele>1611.82</ele>
      </trkpt>
      <trkpt lat="46.871687" lon="8.8088">
        <ele>1613.16</ele>
      </trkpt>
      <trkpt lat="46.871676" lon="8.809012">
        <ele>1615.94</ele>
      </trkpt>
      <trkpt lat="46.87166" lon="8.809076">
        <ele>1616.51</ele>
      </trkpt>
      <trkpt lat="46.871615" lon="8.809163">
        <ele>1615.52</ele>
      </trkpt>
      <trkpt lat="46.871461" lon="8.809293">
        <ele>1616.29</ele>
      </trkpt>
      <trkpt lat="46.871389" lon="8.809396">
        <ele>1616.79</ele>
      </trkpt>
      <trkpt lat="46.871362" lon="8.809457">
        <ele>1616.82</ele>
      </trkpt>
      <trkpt lat="46.871317" lon="8.809639">
        <ele>1619.56</ele>
      </trkpt>
      <trkpt lat="46.871295" lon="8.809705">
        <ele>1619.89</ele>
      </trkpt>
      <trkpt lat="46.871204" lon="8.809922">
        <ele>1622.86</ele>
      </trkpt>
      <trkpt lat="46.871073" lon="8.810188">
        <ele>1623.87</ele>
      </trkpt>
      <trkpt lat="46.871043" lon="8.810279">
        <ele>1623.32</ele>
      </trkpt>
      <trkpt lat="46.87103" lon="8.810346">
        <ele>1623.63</ele>
      </trkpt>
      <trkpt lat="46.871025" lon="8.810412">
        <ele>1624.27</ele>
      </trkpt>
      <trkpt lat="46.871026" lon="8.810653">
        <ele>1625.86</ele>
      </trkpt>
      <trkpt lat="46.871056" lon="8.811214">
        <ele>1628.45</ele>
      </trkpt>
      <trkpt lat="46.871071" lon="8.81145">
        <ele>1632.06</ele>
      </trkpt>
      <trkpt lat="46.871098" lon="8.811686">
        <ele>1641.22</ele>
      </trkpt>
      <trkpt lat="46.871143" lon="8.811936">
        <ele>1643.52</ele>
      </trkpt>
      <trkpt lat="46.871208" lon="8.812209">
        <ele>1639.48</ele>
      </trkpt>
      <trkpt lat="46.871247" lon="8.812403">
        <ele>1637.81</ele>
      </trkpt>
      <trkpt lat="46.871248" lon="8.812474">
        <ele>1638.83</ele>
      </trkpt>
      <trkpt lat="46.871235" lon="8.812534">
        <ele>1642</ele>
      </trkpt>
      <trkpt lat="46.871213" lon="8.812598">
        <ele>1642.36</ele>
      </trkpt>
      <trkpt lat="46.871146" lon="8.812719">
        <ele>1643.11</ele>
      </trkpt>
      <trkpt lat="46.871131" lon="8.812795">
        <ele>1643.52</ele>
      </trkpt>
      <trkpt lat="46.871141" lon="8.812914">
        <ele>1644.12</ele>
      </trkpt>
      <trkpt lat="46.871229" lon="8.813198">
        <ele>1645.62</ele>
      </trkpt>
      <trkpt lat="46.871242" lon="8.813277">
        <ele>1646.06</ele>
      </trkpt>
      <trkpt lat="46.871245" lon="8.813331">
        <ele>1646.35</ele>
      </trkpt>
      <trkpt lat="46.871227" lon="8.8135">
        <ele>1647.27</ele>
      </trkpt>
      <trkpt lat="46.871233" lon="8.813575">
        <ele>1647.68</ele>
      </trkpt>
      <trkpt lat="46.871269" lon="8.813818">
        <ele>1649.01</ele>
      </trkpt>
      <trkpt lat="46.87128" lon="8.813948">
        <ele>1649.72</ele>
      </trkpt>
      <trkpt lat="46.87128" lon="8.814147">
        <ele>1650.81</ele>
      </trkpt>
      <trkpt lat="46.871244" lon="8.814802">
        <ele>1654.38</ele>
      </trkpt>
      <trkpt lat="46.871264" lon="8.815682">
        <ele>1659.17</ele>
      </trkpt>
      <trkpt lat="46.871247" lon="8.816127">
        <ele>1661.58</ele>
      </trkpt>
      <trkpt lat="46.871227" lon="8.816299">
        <ele>1662.49</ele>
      </trkpt>
      <trkpt lat="46.871159" lon="8.816627">
        <ele>1664.15</ele>
      </trkpt>
      <trkpt lat="46.871153" lon="8.816737">
        <ele>1664.7</ele>
      </trkpt>
      <trkpt lat="46.871169" lon="8.816834">
        <ele>1665.21</ele>
      </trkpt>
      <trkpt lat="46.871186" lon="8.816882">
        <ele>1665.49</ele>
      </trkpt>
      <trkpt lat="46.871432" lon="8.817402">
        <ele>1668.58</ele>
      </trkpt>
      <trkpt lat="46.87148" lon="8.817536">
        <ele>1669.36</ele>
      </trkpt>
      <trkpt lat="46.871487" lon="8.817677">
        <ele>1677.71</ele>
      </trkpt>
      <trkpt lat="46.871477" lon="8.817756">
        <ele>1678.18</ele>
      </trkpt>
      <trkpt lat="46.871342" lon="8.818103">
        <ele>1680.34</ele>
      </trkpt>
      <trkpt lat="46.871325" lon="8.818226">
        <ele>1681.05</ele>
      </trkpt>
      <trkpt lat="46.871346" lon="8.81839">
        <ele>1681.96</ele>
      </trkpt>
      <trkpt lat="46.871385" lon="8.818583">
        <ele>1683.04</ele>
      </trkpt>
      <trkpt lat="46.871384" lon="8.81871">
        <ele>1683.78</ele>
      </trkpt>
      <trkpt lat="46.871371" lon="8.818934">
        <ele>1685.09</ele>
      </trkpt>
      <trkpt lat="46.871422" lon="8.81917">
        <ele>1686.46</ele>
      </trkpt>
      <trkpt lat="46.871451" lon="8.819342">
        <ele>1687.46</ele>
      </trkpt>
      <trkpt lat="46.871456" lon="8.819429">
        <ele>1687.96</ele>
      </trkpt>
      <trkpt lat="46.871435" lon="8.819697">
        <ele>1689.52</ele>
      </trkpt>
      <trkpt lat="46.871464" lon="8.820153">
        <ele>1692.18</ele>
      </trkpt>
      <trkpt lat="46.871451" lon="8.820275">
        <ele>1692.88</ele>
      </trkpt>
      <trkpt lat="46.871405" lon="8.820407">
        <ele>1693.63</ele>
      </trkpt>
      <trkpt lat="46.871371" lon="8.820561">
        <ele>1694.51</ele>
      </trkpt>
      <trkpt lat="46.871309" lon="8.820957">
        <ele>1696.76</ele>
      </trkpt>
      <trkpt lat="46.871334" lon="8.821208">
        <ele>1698.21</ele>
      </trkpt>
      <trkpt lat="46.871338" lon="8.821423">
        <ele>1699.43</ele>
      </trkpt>
      <trkpt lat="46.871353" lon="8.821548">
        <ele>1700.15</ele>
      </trkpt>
      <trkpt lat="46.871364" lon="8.821593">
        <ele>1700.41</ele>
      </trkpt>
      <trkpt lat="46.871409" lon="8.821669">
        <ele>1700.87</ele>
      </trkpt>
      <trkpt lat="46.871526" lon="8.82176">
        <ele>1701.48</ele>
      </trkpt>
      <trkpt lat="46.871566" lon="8.82181">
        <ele>1701.8</ele>
      </trkpt>
      <trkpt lat="46.871582" lon="8.821841">
        <ele>1701.99</ele>
      </trkpt>
      <trkpt lat="46.871766" lon="8.822393">
        <ele>1705.31</ele>
      </trkpt>
      <trkpt lat="46.871817" lon="8.822486">
        <ele>1705.89</ele>
      </trkpt>
      <trkpt lat="46.871863" lon="8.822548">
        <ele>1706.29</ele>
      </trkpt>
      <trkpt lat="46.871998" lon="8.822696">
        <ele>1707.28</ele>
      </trkpt>
      <trkpt lat="46.87203" lon="8.822755">
        <ele>1707.66</ele>
      </trkpt>
      <trkpt lat="46.872149" lon="8.823376">
        <ele>1711.36</ele>
      </trkpt>
      <trkpt lat="46.872189" lon="8.823719">
        <ele>1713.37</ele>
      </trkpt>
      <trkpt lat="46.872259" lon="8.823914">
        <ele>1714.57</ele>
      </trkpt>
      <trkpt lat="46.872295" lon="8.824052">
        <ele>1715.4</ele>
      </trkpt>
      <trkpt lat="46.872306" lon="8.824177">
        <ele>1716.13</ele>
      </trkpt>
      <trkpt lat="46.872327" lon="8.824281">
        <ele>1716.75</ele>
      </trkpt>
      <trkpt lat="46.872379" lon="8.824394">
        <ele>1717.46</ele>
      </trkpt>
      <trkpt lat="46.872492" lon="8.82455">
        <ele>1718.5</ele>
      </trkpt>
      <trkpt lat="46.872556" lon="8.824652">
        <ele>1719.17</ele>
      </trkpt>
      <trkpt lat="46.872601" lon="8.824753">
        <ele>1719.8</ele>
      </trkpt>
      <trkpt lat="46.872639" lon="8.824883">
        <ele>1720.59</ele>
      </trkpt>
      <trkpt lat="46.872737" lon="8.82535">
        <ele>1723.4</ele>
      </trkpt>
      <trkpt lat="46.872916" lon="8.825877">
        <ele>1726.63</ele>
      </trkpt>
      <trkpt lat="46.872927" lon="8.825951">
        <ele>1727.08</ele>
      </trkpt>
      <trkpt lat="46.872944" lon="8.826311">
        <ele>1729.18</ele>
      </trkpt>
      <trkpt lat="46.872962" lon="8.826456">
        <ele>1730.03</ele>
      </trkpt>
      <trkpt lat="46.873028" lon="8.826792">
        <ele>1732.04</ele>
      </trkpt>
      <trkpt lat="46.873081" lon="8.826962">
        <ele>1733.08</ele>
      </trkpt>
      <trkpt lat="46.87334" lon="8.827632">
        <ele>1738.64</ele>
      </trkpt>
      <trkpt lat="46.873378" lon="8.827741">
        <ele>1739.49</ele>
      </trkpt>
      <trkpt lat="46.873419" lon="8.827906">
        <ele>1740.49</ele>
      </trkpt>
      <trkpt lat="46.873433" lon="8.828003">
        <ele>1740.85</ele>
      </trkpt>
      <trkpt lat="46.873463" lon="8.8284">
        <ele>1743.34</ele>
      </trkpt>
      <trkpt lat="46.87348" lon="8.828744">
        <ele>1746.45</ele>
      </trkpt>
      <trkpt lat="46.873514" lon="8.829023">
        <ele>1749.01</ele>
      </trkpt>
      <trkpt lat="46.873636" lon="8.829688">
        <ele>1753.45</ele>
      </trkpt>
      <trkpt lat="46.873702" lon="8.830017">
        <ele>1754.56</ele>
      </trkpt>
      <trkpt lat="46.873791" lon="8.830498">
        <ele>1759.21</ele>
      </trkpt>
      <trkpt lat="46.873811" lon="8.830746">
        <ele>1760</ele>
      </trkpt>
      <trkpt lat="46.873807" lon="8.83088">
        <ele>1759.5</ele>
      </trkpt>
      <trkpt lat="46.873785" lon="8.831265">
        <ele>1761.32</ele>
      </trkpt>
      <trkpt lat="46.873784" lon="8.83144">
        <ele>1762.18</ele>
      </trkpt>
      <trkpt lat="46.873804" lon="8.831517">
        <ele>1762.53</ele>
      </trkpt>
      <trkpt lat="46.873844" lon="8.831575">
        <ele>1763.73</ele>
      </trkpt>
      <trkpt lat="46.873903" lon="8.83159">
        <ele>1765.3</ele>
      </trkpt>
      <trkpt lat="46.873941" lon="8.831576">
        <ele>1765.71</ele>
      </trkpt>
      <trkpt lat="46.87396" lon="8.831557">
        <ele>1765.75</ele>
      </trkpt>
      <trkpt lat="46.873992" lon="8.831498">
        <ele>1766.42</ele>
      </trkpt>
      <trkpt lat="46.874011" lon="8.831405">
        <ele>1766.37</ele>
      </trkpt>
      <trkpt lat="46.874083" lon="8.830514">
        <ele>1767.4</ele>
      </trkpt>
      <trkpt lat="46.874138" lon="8.829013">
        <ele>1773.16</ele>
      </trkpt>
      <trkpt lat="46.87416" lon="8.828177">
        <ele>1773.5</ele>
      </trkpt>
      <trkpt lat="46.874175" lon="8.828113">
        <ele>1773.83</ele>
      </trkpt>
      <trkpt lat="46.874195" lon="8.828081">
        <ele>1774.24</ele>
      </trkpt>
      <trkpt lat="46.874224" lon="8.828049">
        <ele>1774.78</ele>
      </trkpt>
      <trkpt lat="46.87425" lon="8.828038">
        <ele>1775.17</ele>
      </trkpt>
      <trkpt lat="46.874271" lon="8.828035">
        <ele>1775.45</ele>
      </trkpt>
      <trkpt lat="46.874311" lon="8.82805">
        <ele>1776.07</ele>
      </trkpt>
      <trkpt lat="46.874348" lon="8.828102">
        <ele>1777</ele>
      </trkpt>
      <trkpt lat="46.874368" lon="8.828177">
        <ele>1777.98</ele>
      </trkpt>
      <trkpt lat="46.874363" lon="8.828317">
        <ele>1778.43</ele>
      </trkpt>
      <trkpt lat="46.874316" lon="8.828757">
        <ele>1779.49</ele>
      </trkpt>
      <trkpt lat="46.874313" lon="8.828866">
        <ele>1779.95</ele>
      </trkpt>
      <trkpt lat="46.874327" lon="8.829046">
        <ele>1781.05</ele>
      </trkpt>
      <trkpt lat="46.874389" lon="8.82941">
        <ele>1781.91</ele>
      </trkpt>
      <trkpt lat="46.87465" lon="8.830884">
        <ele>1791.78</ele>
      </trkpt>
      <trkpt lat="46.874692" lon="8.831156">
        <ele>1793.17</ele>
      </trkpt>
      <trkpt lat="46.874733" lon="8.831569">
        <ele>1796.48</ele>
      </trkpt>
      <trkpt lat="46.874751" lon="8.831937">
        <ele>1799.3</ele>
      </trkpt>
      <trkpt lat="46.874746" lon="8.832301">
        <ele>1800.75</ele>
      </trkpt>
      <trkpt lat="46.874726" lon="8.832421">
        <ele>1801.6</ele>
      </trkpt>
      <trkpt lat="46.874635" lon="8.832803">
        <ele>1804.27</ele>
      </trkpt>
      <trkpt lat="46.874612" lon="8.832932">
        <ele>1805.34</ele>
      </trkpt>
      <trkpt lat="46.8746" lon="8.833073">
        <ele>1805.94</ele>
      </trkpt>
      <trkpt lat="46.874598" lon="8.833445">
        <ele>1807.61</ele>
      </trkpt>
      <trkpt lat="46.874589" lon="8.833543">
        <ele>1808.2</ele>
      </trkpt>
      <trkpt lat="46.874579" lon="8.833579">
        <ele>1808.16</ele>
      </trkpt>
      <trkpt lat="46.87455" lon="8.833643">
        <ele>1807.94</ele>
      </trkpt>
      <trkpt lat="46.874496" lon="8.833702">
        <ele>1808.64</ele>
      </trkpt>
      <trkpt lat="46.874448" lon="8.833727">
        <ele>1809.31</ele>
      </trkpt>
      <trkpt lat="46.87428" lon="8.833739">
        <ele>1810.49</ele>
      </trkpt>
      <trkpt lat="46.874209" lon="8.833758">
        <ele>1811.49</ele>
      </trkpt>
      <trkpt lat="46.87415" lon="8.833802">
        <ele>1812.4</ele>
      </trkpt>
      <trkpt lat="46.874095" lon="8.83388">
        <ele>1813.4</ele>
      </trkpt>
      <trkpt lat="46.874045" lon="8.83403">
        <ele>1814.61</ele>
      </trkpt>
      <trkpt lat="46.873997" lon="8.834389">
        <ele>1816.98</ele>
      </trkpt>
      <trkpt lat="46.873834" lon="8.83498">
        <ele>1821.05</ele>
      </trkpt>
      <trkpt lat="46.87377" lon="8.835154">
        <ele>1821.79</ele>
      </trkpt>
      <trkpt lat="46.873645" lon="8.835424">
        <ele>1825.49</ele>
      </trkpt>
      <trkpt lat="46.873512" lon="8.835748">
        <ele>1826.98</ele>
      </trkpt>
      <trkpt lat="46.873438" lon="8.835875">
        <ele>1826.58</ele>
      </trkpt>
      <trkpt lat="46.873335" lon="8.83598">
        <ele>1827.64</ele>
      </trkpt>
      <trkpt lat="46.873105" lon="8.836115">
        <ele>1830.45</ele>
      </trkpt>
      <trkpt lat="46.872978" lon="8.836206">
        <ele>1831.56</ele>
      </trkpt>
      <trkpt lat="46.872899" lon="8.836276">
        <ele>1832.63</ele>
      </trkpt>
      <trkpt lat="46.87279" lon="8.836405">
        <ele>1833.46</ele>
      </trkpt>
      <trkpt lat="46.872275" lon="8.837134">
        <ele>1839.1</ele>
      </trkpt>
      <trkpt lat="46.871902" lon="8.837683">
        <ele>1845.16</ele>
      </trkpt>
      <trkpt lat="46.871762" lon="8.837874">
        <ele>1846.29</ele>
      </trkpt>
      <trkpt lat="46.871631" lon="8.838081">
        <ele>1847.85</ele>
      </trkpt>
      <trkpt lat="46.87156" lon="8.838246">
        <ele>1849.19</ele>
      </trkpt>
      <trkpt lat="46.871524" lon="8.838352">
        <ele>1850.09</ele>
      </trkpt>
      <trkpt lat="46.871435" lon="8.838693">
        <ele>1853.02</ele>
      </trkpt>
      <trkpt lat="46.871035" lon="8.84055">
        <ele>1865.77</ele>
      </trkpt>
      <trkpt lat="46.870778" lon="8.841742">
        <ele>1871.74</ele>
      </trkpt>
      <trkpt lat="46.870754" lon="8.841917">
        <ele>1873.06</ele>
      </trkpt>
      <trkpt lat="46.870729" lon="8.842304">
        <ele>1875.38</ele>
      </trkpt>
      <trkpt lat="46.870702" lon="8.842465">
        <ele>1876.48</ele>
      </trkpt>
      <trkpt lat="46.870683" lon="8.842537">
        <ele>1876.84</ele>
      </trkpt>
      <trkpt lat="46.870555" lon="8.842892">
        <ele>1879.82</ele>
      </trkpt>
      <trkpt lat="46.870484" lon="8.843162">
        <ele>1882.75</ele>
      </trkpt>
      <trkpt lat="46.87044" lon="8.84343">
        <ele>1883.25</ele>
      </trkpt>
      <trkpt lat="46.870348" lon="8.844062">
        <ele>1888.96</ele>
      </trkpt>
      <trkpt lat="46.870301" lon="8.844383">
        <ele>1889.79</ele>
      </trkpt>
      <trkpt lat="46.870257" lon="8.844619">
        <ele>1891</ele>
      </trkpt>
      <trkpt lat="46.870202" lon="8.844838">
        <ele>1892.23</ele>
      </trkpt>
      <trkpt lat="46.870006" lon="8.845519">
        <ele>1895.97</ele>
      </trkpt>
      <trkpt lat="46.869965" lon="8.8457">
        <ele>1897.28</ele>
      </trkpt>
      <trkpt lat="46.869842" lon="8.846578">
        <ele>1902.75</ele>
      </trkpt>
      <trkpt lat="46.869721" lon="8.847172">
        <ele>1905.93</ele>
      </trkpt>
      <trkpt lat="46.869709" lon="8.847259">
        <ele>1906.38</ele>
      </trkpt>
      <trkpt lat="46.869701" lon="8.84743">
        <ele>1907.22</ele>
      </trkpt>
      <trkpt lat="46.869714" lon="8.84787">
        <ele>1909.83</ele>
      </trkpt>
      <trkpt lat="46.869708" lon="8.847995">
        <ele>1910.39</ele>
      </trkpt>
      <trkpt lat="46.869693" lon="8.848114">
        <ele>1911.52</ele>
      </trkpt>
      <trkpt lat="46.869523" lon="8.84882">
        <ele>1915.72</ele>
      </trkpt>
      <trkpt lat="46.869523" lon="8.84882">
        <ele>1915.72</ele>
      </trkpt>
      <trkpt lat="46.869476" lon="8.84907">
        <ele>1916.56</ele>
      </trkpt>
      <trkpt lat="46.869404" lon="8.849534">
        <ele>1919</ele>
      </trkpt>
      <trkpt lat="46.86937" lon="8.849662">
        <ele>1919.25</ele>
      </trkpt>
      <trkpt lat="46.869328" lon="8.849786">
        <ele>1920.24</ele>
      </trkpt>
      <trkpt lat="46.868485" lon="8.851872">
        <ele>1932.32</ele>
      </trkpt>
      <trkpt lat="46.868438" lon="8.852038">
        <ele>1934.05</ele>
      </trkpt>
      <trkpt lat="46.868372" lon="8.852338">
        <ele>1935.48</ele>
      </trkpt>
      <trkpt lat="46.868333" lon="8.852603">
        <ele>1937.44</ele>
      </trkpt>
      <trkpt lat="46.86832" lon="8.852835">
        <ele>1938.62</ele>
      </trkpt>
      <trkpt lat="46.868322" lon="8.853145">
        <ele>1941.51</ele>
      </trkpt>
      <trkpt lat="46.868312" lon="8.853368">
        <ele>1942.25</ele>
      </trkpt>
      <trkpt lat="46.868277" lon="8.853583">
        <ele>1943.16</ele>
      </trkpt>
      <trkpt lat="46.868251" lon="8.853688">
        <ele>1943.91</ele>
      </trkpt>
      <trkpt lat="46.868118" lon="8.854162">
        <ele>1946.31</ele>
      </trkpt>
      <trkpt lat="46.868078" lon="8.854402">
        <ele>1948.18</ele>
      </trkpt>
      <trkpt lat="46.868068" lon="8.85471">
        <ele>1949.61</ele>
      </trkpt>
      <trkpt lat="46.868079" lon="8.85487">
        <ele>1949.85</ele>
      </trkpt>
      <trkpt lat="46.86818" lon="8.855389">
        <ele>1949.43</ele>
      </trkpt>
    </trkseg>
  </trk>
</gpx>
