<?xml version="1.0" encoding="UTF-8"?>
<gpx creator="https://gpx.studio" version="1.1" xmlns="http://www.topografix.com/GPX/1/1" xmlns:xsi="http://www.w3.org/2001/XMLSchema-instance" xsi:schemaLocation="http://www.topografix.com/GPX/1/1 http://www.topografix.com/GPX/1/1/gpx.xsd http://www.garmin.com/xmlschemas/GpxExtensions/v3 http://www.garmin.com/xmlschemas/GpxExtensionsv3.xsd http://www.garmin.com/xmlschemas/TrackPointExtension/v1 http://www.garmin.com/xmlschemas/TrackPointExtensionv1.xsd http://www.garmin.com/xmlschemas/PowerExtension/v1 http://www.garmin.com/xmlschemas/PowerExtensionv1.xsd http://www.topografix.com/GPX/gpx_style/0/2 http://www.topografix.com/GPX/gpx_style/0/2/gpx_style.xsd" xmlns:gpxtpx="http://www.garmin.com/xmlschemas/TrackPointExtension/v1" xmlns:gpxx="http://www.garmin.com/xmlschemas/GpxExtensions/v3" xmlns:gpxpx="http://www.garmin.com/xmlschemas/PowerExtension/v1" xmlns:gpx_style="http://www.topografix.com/GPX/gpx_style/0/2">
  <metadata>
    <name>picon del fraile por san roque gpxstudio</name>
    <author>
      <name>gpx.studio</name>
      <link href="https://gpx.studio"/>
    </author>
  </metadata>
  <trk>
    <name>picon del fraile por san roque gpxstudio</name>
    <trkseg>
      <trkpt lat="43.243339" lon="-3.704537">
        <ele>342.11</ele>
      </trkpt>
      <trkpt lat="43.243084" lon="-3.704161">
        <ele>343</ele>
      </trkpt>
      <trkpt lat="43.24294" lon="-3.703974">
        <ele>344.85</ele>
      </trkpt>
      <trkpt lat="43.242828" lon="-3.703866">
        <ele>346.8</ele>
      </trkpt>
      <trkpt lat="43.242734" lon="-3.7038">
        <ele>347.67</ele>
      </trkpt>
      <trkpt lat="43.24259" lon="-3.703735">
        <ele>348.93</ele>
      </trkpt>
      <trkpt lat="43.24248" lon="-3.703713">
        <ele>349.6</ele>
      </trkpt>
      <trkpt lat="43.242379" lon="-3.70371">
        <ele>349.97</ele>
      </trkpt>
      <trkpt lat="43.242302" lon="-3.703719">
        <ele>349.65</ele>
      </trkpt>
      <trkpt lat="43.242225" lon="-3.703746">
        <ele>348.92</ele>
      </trkpt>
      <trkpt lat="43.241946" lon="-3.703913">
        <ele>348.58</ele>
      </trkpt>
      <trkpt lat="43.241875" lon="-3.703948">
        <ele>349.93</ele>
      </trkpt>
      <trkpt lat="43.241823" lon="-3.703956">
        <ele>351.72</ele>
      </trkpt>
      <trkpt lat="43.24177" lon="-3.703947">
        <ele>353.57</ele>
      </trkpt>
      <trkpt lat="43.241475" lon="-3.703762">
        <ele>356.14</ele>
      </trkpt>
      <trkpt lat="43.241254" lon="-3.703652">
        <ele>356.01</ele>
      </trkpt>
      <trkpt lat="43.241254" lon="-3.703652">
        <ele>356.01</ele>
      </trkpt>
      <trkpt lat="43.240845" lon="-3.703464">
        <ele>356.29</ele>
      </trkpt>
      <trkpt lat="43.240762" lon="-3.7034">
        <ele>356.88</ele>
      </trkpt>
      <trkpt lat="43.240714" lon="-3.703349">
        <ele>357.61</ele>
      </trkpt>
      <trkpt lat="43.240636" lon="-3.703217">
        <ele>357.91</ele>
      </trkpt>
      <trkpt lat="43.240569" lon="-3.703032">
        <ele>358.01</ele>
      </trkpt>
      <trkpt lat="43.240513" lon="-3.702793">
        <ele>357.59</ele>
      </trkpt>
      <trkpt lat="43.240463" lon="-3.702666">
        <ele>357.61</ele>
      </trkpt>
      <trkpt lat="43.240153" lon="-3.70217">
        <ele>360.02</ele>
      </trkpt>
      <trkpt lat="43.239957" lon="-3.701903">
        <ele>362.24</ele>
      </trkpt>
      <trkpt lat="43.239854" lon="-3.701786">
        <ele>363.01</ele>
      </trkpt>
      <trkpt lat="43.239801" lon="-3.701743">
        <ele>363.14</ele>
      </trkpt>
      <trkpt lat="43.239746" lon="-3.701726">
        <ele>362.72</ele>
      </trkpt>
      <trkpt lat="43.239702" lon="-3.701733">
        <ele>362.62</ele>
      </trkpt>
      <trkpt lat="43.239479" lon="-3.701843">
        <ele>364.42</ele>
      </trkpt>
      <trkpt lat="43.239437" lon="-3.701851">
        <ele>364.35</ele>
      </trkpt>
      <trkpt lat="43.239312" lon="-3.701833">
        <ele>365.11</ele>
      </trkpt>
      <trkpt lat="43.239079" lon="-3.701659">
        <ele>366.73</ele>
      </trkpt>
      <trkpt lat="43.238969" lon="-3.701626">
        <ele>367.37</ele>
      </trkpt>
      <trkpt lat="43.238833" lon="-3.701604">
        <ele>368.14</ele>
      </trkpt>
      <trkpt lat="43.238645" lon="-3.701618">
        <ele>369.17</ele>
      </trkpt>
      <trkpt lat="43.238465" lon="-3.701664">
        <ele>370.18</ele>
      </trkpt>
      <trkpt lat="43.23825" lon="-3.701741">
        <ele>371.46</ele>
      </trkpt>
      <trkpt lat="43.238057" lon="-3.701766">
        <ele>372.6</ele>
      </trkpt>
      <trkpt lat="43.237758" lon="-3.70172">
        <ele>374.16</ele>
      </trkpt>
      <trkpt lat="43.23765" lon="-3.701764">
        <ele>374.82</ele>
      </trkpt>
      <trkpt lat="43.237188" lon="-3.70212">
        <ele>379.09</ele>
      </trkpt>
      <trkpt lat="43.237144" lon="-3.702133">
        <ele>379.46</ele>
      </trkpt>
      <trkpt lat="43.237096" lon="-3.702119">
        <ele>379.87</ele>
      </trkpt>
      <trkpt lat="43.236935" lon="-3.702024">
        <ele>381.61</ele>
      </trkpt>
      <trkpt lat="43.236867" lon="-3.702018">
        <ele>382.9</ele>
      </trkpt>
      <trkpt lat="43.236845" lon="-3.702032">
        <ele>383.32</ele>
      </trkpt>
      <trkpt lat="43.236811" lon="-3.702097">
        <ele>384.16</ele>
      </trkpt>
      <trkpt lat="43.236804" lon="-3.702137">
        <ele>385.32</ele>
      </trkpt>
      <trkpt lat="43.236823" lon="-3.702226">
        <ele>387.13</ele>
      </trkpt>
      <trkpt lat="43.23685" lon="-3.702273">
        <ele>387.56</ele>
      </trkpt>
      <trkpt lat="43.236937" lon="-3.702382">
        <ele>387.52</ele>
      </trkpt>
      <trkpt lat="43.236973" lon="-3.702445">
        <ele>386.97</ele>
      </trkpt>
      <trkpt lat="43.23701" lon="-3.702545">
        <ele>386.89</ele>
      </trkpt>
      <trkpt lat="43.23707" lon="-3.702749">
        <ele>386.9</ele>
      </trkpt>
      <trkpt lat="43.237234" lon="-3.703361">
        <ele>393</ele>
      </trkpt>
      <trkpt lat="43.237293" lon="-3.70369">
        <ele>392.67</ele>
      </trkpt>
      <trkpt lat="43.237352" lon="-3.70402">
        <ele>395.63</ele>
      </trkpt>
      <trkpt lat="43.237361" lon="-3.704123">
        <ele>396.25</ele>
      </trkpt>
      <trkpt lat="43.237353" lon="-3.704195">
        <ele>397.19</ele>
      </trkpt>
      <trkpt lat="43.23734" lon="-3.704234">
        <ele>397.97</ele>
      </trkpt>
      <trkpt lat="43.237307" lon="-3.704269">
        <ele>399.36</ele>
      </trkpt>
      <trkpt lat="43.237266" lon="-3.704282">
        <ele>400.81</ele>
      </trkpt>
      <trkpt lat="43.237237" lon="-3.704275">
        <ele>401.51</ele>
      </trkpt>
      <trkpt lat="43.237171" lon="-3.704205">
        <ele>401.56</ele>
      </trkpt>
      <trkpt lat="43.237143" lon="-3.704126">
        <ele>400.46</ele>
      </trkpt>
      <trkpt lat="43.237071" lon="-3.703844">
        <ele>402.11</ele>
      </trkpt>
      <trkpt lat="43.236998" lon="-3.703582">
        <ele>405.17</ele>
      </trkpt>
      <trkpt lat="43.236936" lon="-3.703418">
        <ele>406.92</ele>
      </trkpt>
      <trkpt lat="43.236855" lon="-3.703274">
        <ele>408.23</ele>
      </trkpt>
      <trkpt lat="43.236768" lon="-3.703171">
        <ele>409.92</ele>
      </trkpt>
      <trkpt lat="43.23669" lon="-3.703105">
        <ele>410.84</ele>
      </trkpt>
      <trkpt lat="43.236602" lon="-3.703066">
        <ele>411.55</ele>
      </trkpt>
      <trkpt lat="43.236532" lon="-3.703055">
        <ele>412.26</ele>
      </trkpt>
      <trkpt lat="43.236343" lon="-3.703073">
        <ele>411.57</ele>
      </trkpt>
      <trkpt lat="43.236233" lon="-3.703068">
        <ele>412.28</ele>
      </trkpt>
      <trkpt lat="43.23613" lon="-3.703026">
        <ele>413.61</ele>
      </trkpt>
      <trkpt lat="43.236047" lon="-3.702977">
        <ele>414.65</ele>
      </trkpt>
      <trkpt lat="43.23599" lon="-3.702918">
        <ele>414.82</ele>
      </trkpt>
      <trkpt lat="43.235933" lon="-3.702826">
        <ele>415.76</ele>
      </trkpt>
      <trkpt lat="43.235841" lon="-3.70261">
        <ele>419</ele>
      </trkpt>
      <trkpt lat="43.23581" lon="-3.702562">
        <ele>419.84</ele>
      </trkpt>
      <trkpt lat="43.235768" lon="-3.702524">
        <ele>420.62</ele>
      </trkpt>
      <trkpt lat="43.235724" lon="-3.702505">
        <ele>420.54</ele>
      </trkpt>
      <trkpt lat="43.23567" lon="-3.7025">
        <ele>420.83</ele>
      </trkpt>
      <trkpt lat="43.235348" lon="-3.702543">
        <ele>422.41</ele>
      </trkpt>
      <trkpt lat="43.23515" lon="-3.702534">
        <ele>424.76</ele>
      </trkpt>
      <trkpt lat="43.235099" lon="-3.702511">
        <ele>425.8</ele>
      </trkpt>
      <trkpt lat="43.235077" lon="-3.702483">
        <ele>425.86</ele>
      </trkpt>
      <trkpt lat="43.235017" lon="-3.702216">
        <ele>424.17</ele>
      </trkpt>
      <trkpt lat="43.234988" lon="-3.702122">
        <ele>425.09</ele>
      </trkpt>
      <trkpt lat="43.234937" lon="-3.702015">
        <ele>426.12</ele>
      </trkpt>
      <trkpt lat="43.234878" lon="-3.70194">
        <ele>426.31</ele>
      </trkpt>
      <trkpt lat="43.234771" lon="-3.701874">
        <ele>426.86</ele>
      </trkpt>
      <trkpt lat="43.234649" lon="-3.701816">
        <ele>427.04</ele>
      </trkpt>
      <trkpt lat="43.234572" lon="-3.701797">
        <ele>426.23</ele>
      </trkpt>
      <trkpt lat="43.234517" lon="-3.701809">
        <ele>425.9</ele>
      </trkpt>
      <trkpt lat="43.234326" lon="-3.701889">
        <ele>425.79</ele>
      </trkpt>
      <trkpt lat="43.234238" lon="-3.701907">
        <ele>426.54</ele>
      </trkpt>
      <trkpt lat="43.234178" lon="-3.701902">
        <ele>426.86</ele>
      </trkpt>
      <trkpt lat="43.234108" lon="-3.701881">
        <ele>427.27</ele>
      </trkpt>
      <trkpt lat="43.233938" lon="-3.701803">
        <ele>427.74</ele>
      </trkpt>
      <trkpt lat="43.23383" lon="-3.701766">
        <ele>428.29</ele>
      </trkpt>
      <trkpt lat="43.233738" lon="-3.701745">
        <ele>428.7</ele>
      </trkpt>
      <trkpt lat="43.233448" lon="-3.701749">
        <ele>429.51</ele>
      </trkpt>
      <trkpt lat="43.233365" lon="-3.701738">
        <ele>429.95</ele>
      </trkpt>
      <trkpt lat="43.233278" lon="-3.701711">
        <ele>430.21</ele>
      </trkpt>
      <trkpt lat="43.233213" lon="-3.701659">
        <ele>430.85</ele>
      </trkpt>
      <trkpt lat="43.233029" lon="-3.701433">
        <ele>428.94</ele>
      </trkpt>
      <trkpt lat="43.232997" lon="-3.701418">
        <ele>428.85</ele>
      </trkpt>
      <trkpt lat="43.232943" lon="-3.70141">
        <ele>428.89</ele>
      </trkpt>
      <trkpt lat="43.232698" lon="-3.70143">
        <ele>428.82</ele>
      </trkpt>
      <trkpt lat="43.232348" lon="-3.701499">
        <ele>427.8</ele>
      </trkpt>
      <trkpt lat="43.232155" lon="-3.701548">
        <ele>428.04</ele>
      </trkpt>
      <trkpt lat="43.232074" lon="-3.701582">
        <ele>428.04</ele>
      </trkpt>
      <trkpt lat="43.231983" lon="-3.701636">
        <ele>427.58</ele>
      </trkpt>
      <trkpt lat="43.231654" lon="-3.701858">
        <ele>429.62</ele>
      </trkpt>
      <trkpt lat="43.231594" lon="-3.70191">
        <ele>430.13</ele>
      </trkpt>
      <trkpt lat="43.231553" lon="-3.701967">
        <ele>431.29</ele>
      </trkpt>
      <trkpt lat="43.231503" lon="-3.702058">
        <ele>431.31</ele>
      </trkpt>
      <trkpt lat="43.231274" lon="-3.702621">
        <ele>436.15</ele>
      </trkpt>
      <trkpt lat="43.23121" lon="-3.702746">
        <ele>438.8</ele>
      </trkpt>
      <trkpt lat="43.231164" lon="-3.702798">
        <ele>437.23</ele>
      </trkpt>
      <trkpt lat="43.231112" lon="-3.702835">
        <ele>436.61</ele>
      </trkpt>
      <trkpt lat="43.230819" lon="-3.70298">
        <ele>433.19</ele>
      </trkpt>
      <trkpt lat="43.23067" lon="-3.703061">
        <ele>433.87</ele>
      </trkpt>
      <trkpt lat="43.230585" lon="-3.70313">
        <ele>433.11</ele>
      </trkpt>
      <trkpt lat="43.230523" lon="-3.703198">
        <ele>433.58</ele>
      </trkpt>
      <trkpt lat="43.230404" lon="-3.703358">
        <ele>435.99</ele>
      </trkpt>
      <trkpt lat="43.230194" lon="-3.703558">
        <ele>443.53</ele>
      </trkpt>
      <trkpt lat="43.230052" lon="-3.70367">
        <ele>436.94</ele>
      </trkpt>
      <trkpt lat="43.229958" lon="-3.703728">
        <ele>435.12</ele>
      </trkpt>
      <trkpt lat="43.229665" lon="-3.703904">
        <ele>434.82</ele>
      </trkpt>
      <trkpt lat="43.229578" lon="-3.703995">
        <ele>435.48</ele>
      </trkpt>
      <trkpt lat="43.229514" lon="-3.704105">
        <ele>434.95</ele>
      </trkpt>
      <trkpt lat="43.229467" lon="-3.704222">
        <ele>436.43</ele>
      </trkpt>
      <trkpt lat="43.229343" lon="-3.704548">
        <ele>436.23</ele>
      </trkpt>
      <trkpt lat="43.229299" lon="-3.704634">
        <ele>436.35</ele>
      </trkpt>
      <trkpt lat="43.22924" lon="-3.70472">
        <ele>438.5</ele>
      </trkpt>
      <trkpt lat="43.22919" lon="-3.70477">
        <ele>440.76</ele>
      </trkpt>
      <trkpt lat="43.229113" lon="-3.704807">
        <ele>441.78</ele>
      </trkpt>
      <trkpt lat="43.229037" lon="-3.704803">
        <ele>439.98</ele>
      </trkpt>
      <trkpt lat="43.228866" lon="-3.70478">
        <ele>438.29</ele>
      </trkpt>
      <trkpt lat="43.228748" lon="-3.704779">
        <ele>440.19</ele>
      </trkpt>
      <trkpt lat="43.228642" lon="-3.704793">
        <ele>439.9</ele>
      </trkpt>
      <trkpt lat="43.228527" lon="-3.70483">
        <ele>440.52</ele>
      </trkpt>
      <trkpt lat="43.228459" lon="-3.704836">
        <ele>440.29</ele>
      </trkpt>
      <trkpt lat="43.228398" lon="-3.704829">
        <ele>439.51</ele>
      </trkpt>
      <trkpt lat="43.228329" lon="-3.704803">
        <ele>438.85</ele>
      </trkpt>
      <trkpt lat="43.228248" lon="-3.704743">
        <ele>438.58</ele>
      </trkpt>
      <trkpt lat="43.228008" lon="-3.704471">
        <ele>439.72</ele>
      </trkpt>
      <trkpt lat="43.227942" lon="-3.704413">
        <ele>440.99</ele>
      </trkpt>
      <trkpt lat="43.227881" lon="-3.704401">
        <ele>442.7</ele>
      </trkpt>
      <trkpt lat="43.227799" lon="-3.704417">
        <ele>443.2</ele>
      </trkpt>
      <trkpt lat="43.22749" lon="-3.704562">
        <ele>443.81</ele>
      </trkpt>
      <trkpt lat="43.22725" lon="-3.70469">
        <ele>445.9</ele>
      </trkpt>
      <trkpt lat="43.227188" lon="-3.704741">
        <ele>446.33</ele>
      </trkpt>
      <trkpt lat="43.227118" lon="-3.704816">
        <ele>446.82</ele>
      </trkpt>
      <trkpt lat="43.22707" lon="-3.704884">
        <ele>448.19</ele>
      </trkpt>
      <trkpt lat="43.227017" lon="-3.704941">
        <ele>448.96</ele>
      </trkpt>
      <trkpt lat="43.226698" lon="-3.705201">
        <ele>454.2</ele>
      </trkpt>
      <trkpt lat="43.226623" lon="-3.705242">
        <ele>455.45</ele>
      </trkpt>
      <trkpt lat="43.226547" lon="-3.705263">
        <ele>456.9</ele>
      </trkpt>
      <trkpt lat="43.226338" lon="-3.705298">
        <ele>456.3</ele>
      </trkpt>
      <trkpt lat="43.226194" lon="-3.70534">
        <ele>456.16</ele>
      </trkpt>
      <trkpt lat="43.22611" lon="-3.705387">
        <ele>456.08</ele>
      </trkpt>
      <trkpt lat="43.225503" lon="-3.706053">
        <ele>460.17</ele>
      </trkpt>
      <trkpt lat="43.225364" lon="-3.706199">
        <ele>462.01</ele>
      </trkpt>
      <trkpt lat="43.225203" lon="-3.706321">
        <ele>463.59</ele>
      </trkpt>
      <trkpt lat="43.225059" lon="-3.706407">
        <ele>466.49</ele>
      </trkpt>
      <trkpt lat="43.224667" lon="-3.706571">
        <ele>467.68</ele>
      </trkpt>
      <trkpt lat="43.224492" lon="-3.706628">
        <ele>470.49</ele>
      </trkpt>
      <trkpt lat="43.224365" lon="-3.706707">
        <ele>471.81</ele>
      </trkpt>
      <trkpt lat="43.224307" lon="-3.706772">
        <ele>472.49</ele>
      </trkpt>
      <trkpt lat="43.224027" lon="-3.707188">
        <ele>477.13</ele>
      </trkpt>
      <trkpt lat="43.223885" lon="-3.707332">
        <ele>478.36</ele>
      </trkpt>
      <trkpt lat="43.223778" lon="-3.707391">
        <ele>478.97</ele>
      </trkpt>
      <trkpt lat="43.223682" lon="-3.707403">
        <ele>479.06</ele>
      </trkpt>
      <trkpt lat="43.223591" lon="-3.707383">
        <ele>479.27</ele>
      </trkpt>
      <trkpt lat="43.223447" lon="-3.707331">
        <ele>481.7</ele>
      </trkpt>
      <trkpt lat="43.223376" lon="-3.707325">
        <ele>483.23</ele>
      </trkpt>
      <trkpt lat="43.223291" lon="-3.707345">
        <ele>483.94</ele>
      </trkpt>
      <trkpt lat="43.222745" lon="-3.707682">
        <ele>488.81</ele>
      </trkpt>
      <trkpt lat="43.222193" lon="-3.708028">
        <ele>484.23</ele>
      </trkpt>
      <trkpt lat="43.222077" lon="-3.70808">
        <ele>488.82</ele>
      </trkpt>
      <trkpt lat="43.222007" lon="-3.708099">
        <ele>491.9</ele>
      </trkpt>
      <trkpt lat="43.221717" lon="-3.708141">
        <ele>493.21</ele>
      </trkpt>
      <trkpt lat="43.221616" lon="-3.708176">
        <ele>493.55</ele>
      </trkpt>
      <trkpt lat="43.22154" lon="-3.708227">
        <ele>493.72</ele>
      </trkpt>
      <trkpt lat="43.221482" lon="-3.708288">
        <ele>494.83</ele>
      </trkpt>
      <trkpt lat="43.221403" lon="-3.708433">
        <ele>496.26</ele>
      </trkpt>
      <trkpt lat="43.22137" lon="-3.708479">
        <ele>496.55</ele>
      </trkpt>
      <trkpt lat="43.221268" lon="-3.708554">
        <ele>498.88</ele>
      </trkpt>
      <trkpt lat="43.221192" lon="-3.708573">
        <ele>499.63</ele>
      </trkpt>
      <trkpt lat="43.221017" lon="-3.708583">
        <ele>500.31</ele>
      </trkpt>
      <trkpt lat="43.220786" lon="-3.708542">
        <ele>501.08</ele>
      </trkpt>
      <trkpt lat="43.22065" lon="-3.708494">
        <ele>500.86</ele>
      </trkpt>
      <trkpt lat="43.220425" lon="-3.708382">
        <ele>501.15</ele>
      </trkpt>
      <trkpt lat="43.22018" lon="-3.708243">
        <ele>499.46</ele>
      </trkpt>
      <trkpt lat="43.220113" lon="-3.708198">
        <ele>499.81</ele>
      </trkpt>
      <trkpt lat="43.220064" lon="-3.708153">
        <ele>501.65</ele>
      </trkpt>
      <trkpt lat="43.219941" lon="-3.707983">
        <ele>504.25</ele>
      </trkpt>
      <trkpt lat="43.219848" lon="-3.70788">
        <ele>504.91</ele>
      </trkpt>
      <trkpt lat="43.219784" lon="-3.707825">
        <ele>506.03</ele>
      </trkpt>
      <trkpt lat="43.219691" lon="-3.707773">
        <ele>506.76</ele>
      </trkpt>
      <trkpt lat="43.219298" lon="-3.707658">
        <ele>510.96</ele>
      </trkpt>
      <trkpt lat="43.219072" lon="-3.70759">
        <ele>511.22</ele>
      </trkpt>
      <trkpt lat="43.218795" lon="-3.70754">
        <ele>512.99</ele>
      </trkpt>
      <trkpt lat="43.218706" lon="-3.707504">
        <ele>513.13</ele>
      </trkpt>
      <trkpt lat="43.218403" lon="-3.707232">
        <ele>514.13</ele>
      </trkpt>
      <trkpt lat="43.218143" lon="-3.70704">
        <ele>516.22</ele>
      </trkpt>
      <trkpt lat="43.217749" lon="-3.706791">
        <ele>518.89</ele>
      </trkpt>
      <trkpt lat="43.217639" lon="-3.706739">
        <ele>519.14</ele>
      </trkpt>
      <trkpt lat="43.217519" lon="-3.706696">
        <ele>520.42</ele>
      </trkpt>
      <trkpt lat="43.217417" lon="-3.706678">
        <ele>521.9</ele>
      </trkpt>
      <trkpt lat="43.217373" lon="-3.70668">
        <ele>522.67</ele>
      </trkpt>
      <trkpt lat="43.217335" lon="-3.706691">
        <ele>523.1</ele>
      </trkpt>
      <trkpt lat="43.217179" lon="-3.706783">
        <ele>523.18</ele>
      </trkpt>
      <trkpt lat="43.217071" lon="-3.706808">
        <ele>522.46</ele>
      </trkpt>
      <trkpt lat="43.216836" lon="-3.706768">
        <ele>525.03</ele>
      </trkpt>
      <trkpt lat="43.216745" lon="-3.70677">
        <ele>526.07</ele>
      </trkpt>
      <trkpt lat="43.216626" lon="-3.706797">
        <ele>527.78</ele>
      </trkpt>
      <trkpt lat="43.216433" lon="-3.706863">
        <ele>528.02</ele>
      </trkpt>
      <trkpt lat="43.216225" lon="-3.706907">
        <ele>528.72</ele>
      </trkpt>
      <trkpt lat="43.216107" lon="-3.706906">
        <ele>528.69</ele>
      </trkpt>
      <trkpt lat="43.215888" lon="-3.706884">
        <ele>530.31</ele>
      </trkpt>
      <trkpt lat="43.215816" lon="-3.70689">
        <ele>531.18</ele>
      </trkpt>
      <trkpt lat="43.215601" lon="-3.706947">
        <ele>532.79</ele>
      </trkpt>
      <trkpt lat="43.215225" lon="-3.707075">
        <ele>535.59</ele>
      </trkpt>
      <trkpt lat="43.21512" lon="-3.707089">
        <ele>535.44</ele>
      </trkpt>
      <trkpt lat="43.215004" lon="-3.707094">
        <ele>535.88</ele>
      </trkpt>
      <trkpt lat="43.214657" lon="-3.707074">
        <ele>538.42</ele>
      </trkpt>
      <trkpt lat="43.214566" lon="-3.707058">
        <ele>538.23</ele>
      </trkpt>
      <trkpt lat="43.214501" lon="-3.707032">
        <ele>538.24</ele>
      </trkpt>
      <trkpt lat="43.214442" lon="-3.706982">
        <ele>538.54</ele>
      </trkpt>
      <trkpt lat="43.214288" lon="-3.706777">
        <ele>540.16</ele>
      </trkpt>
      <trkpt lat="43.21415" lon="-3.706608">
        <ele>543.16</ele>
      </trkpt>
      <trkpt lat="43.214027" lon="-3.70651">
        <ele>545</ele>
      </trkpt>
      <trkpt lat="43.213905" lon="-3.706451">
        <ele>547.25</ele>
      </trkpt>
      <trkpt lat="43.213712" lon="-3.706394">
        <ele>548.15</ele>
      </trkpt>
      <trkpt lat="43.213417" lon="-3.706372">
        <ele>548.45</ele>
      </trkpt>
      <trkpt lat="43.213315" lon="-3.70634">
        <ele>549.08</ele>
      </trkpt>
      <trkpt lat="43.21324" lon="-3.706291">
        <ele>549.98</ele>
      </trkpt>
      <trkpt lat="43.213169" lon="-3.706214">
        <ele>550.02</ele>
      </trkpt>
      <trkpt lat="43.213071" lon="-3.706083">
        <ele>550.58</ele>
      </trkpt>
      <trkpt lat="43.212932" lon="-3.705846">
        <ele>551.01</ele>
      </trkpt>
      <trkpt lat="43.212837" lon="-3.705652">
        <ele>551.92</ele>
      </trkpt>
      <trkpt lat="43.2128" lon="-3.705609">
        <ele>553.26</ele>
      </trkpt>
      <trkpt lat="43.212718" lon="-3.705558">
        <ele>554.83</ele>
      </trkpt>
      <trkpt lat="43.212658" lon="-3.705558">
        <ele>555.4</ele>
      </trkpt>
      <trkpt lat="43.212601" lon="-3.70557">
        <ele>556.34</ele>
      </trkpt>
      <trkpt lat="43.212396" lon="-3.7057">
        <ele>556.52</ele>
      </trkpt>
      <trkpt lat="43.212326" lon="-3.705732">
        <ele>556.46</ele>
      </trkpt>
      <trkpt lat="43.212263" lon="-3.705748">
        <ele>556.92</ele>
      </trkpt>
      <trkpt lat="43.212196" lon="-3.705754">
        <ele>557.14</ele>
      </trkpt>
      <trkpt lat="43.211965" lon="-3.7057">
        <ele>557.59</ele>
      </trkpt>
      <trkpt lat="43.211803" lon="-3.705632">
        <ele>557.69</ele>
      </trkpt>
      <trkpt lat="43.211721" lon="-3.705588">
        <ele>557.63</ele>
      </trkpt>
      <trkpt lat="43.211676" lon="-3.705551">
        <ele>557.24</ele>
      </trkpt>
      <trkpt lat="43.211602" lon="-3.705462">
        <ele>556.19</ele>
      </trkpt>
      <trkpt lat="43.211468" lon="-3.705281">
        <ele>558.06</ele>
      </trkpt>
      <trkpt lat="43.211414" lon="-3.705222">
        <ele>558.57</ele>
      </trkpt>
      <trkpt lat="43.211343" lon="-3.705172">
        <ele>559.85</ele>
      </trkpt>
      <trkpt lat="43.211202" lon="-3.705119">
        <ele>561.37</ele>
      </trkpt>
      <trkpt lat="43.211118" lon="-3.705116">
        <ele>561.27</ele>
      </trkpt>
      <trkpt lat="43.21103" lon="-3.705131">
        <ele>561.11</ele>
      </trkpt>
      <trkpt lat="43.210873" lon="-3.705186">
        <ele>560.2</ele>
      </trkpt>
      <trkpt lat="43.210605" lon="-3.70529">
        <ele>556.15</ele>
      </trkpt>
      <trkpt lat="43.210419" lon="-3.705338">
        <ele>558.6</ele>
      </trkpt>
      <trkpt lat="43.210332" lon="-3.705333">
        <ele>559.96</ele>
      </trkpt>
      <trkpt lat="43.210259" lon="-3.705311">
        <ele>561.96</ele>
      </trkpt>
      <trkpt lat="43.210133" lon="-3.705246">
        <ele>564.1</ele>
      </trkpt>
      <trkpt lat="43.20992" lon="-3.705101">
        <ele>565.78</ele>
      </trkpt>
      <trkpt lat="43.209814" lon="-3.705003">
        <ele>565.34</ele>
      </trkpt>
      <trkpt lat="43.209765" lon="-3.704927">
        <ele>564.76</ele>
      </trkpt>
      <trkpt lat="43.209699" lon="-3.704799">
        <ele>565.18</ele>
      </trkpt>
      <trkpt lat="43.209393" lon="-3.704004">
        <ele>567.71</ele>
      </trkpt>
      <trkpt lat="43.20909" lon="-3.703182">
        <ele>573.94</ele>
      </trkpt>
      <trkpt lat="43.209034" lon="-3.703076">
        <ele>575.09</ele>
      </trkpt>
      <trkpt lat="43.208974" lon="-3.703001">
        <ele>576.1</ele>
      </trkpt>
      <trkpt lat="43.208915" lon="-3.702956">
        <ele>576.49</ele>
      </trkpt>
      <trkpt lat="43.208741" lon="-3.70294">
        <ele>577.15</ele>
      </trkpt>
      <trkpt lat="43.208487" lon="-3.702945">
        <ele>580.09</ele>
      </trkpt>
      <trkpt lat="43.208137" lon="-3.702977">
        <ele>583.79</ele>
      </trkpt>
      <trkpt lat="43.207786" lon="-3.702989">
        <ele>585.02</ele>
      </trkpt>
      <trkpt lat="43.207718" lon="-3.702974">
        <ele>585.14</ele>
      </trkpt>
      <trkpt lat="43.20763" lon="-3.702941">
        <ele>585.4</ele>
      </trkpt>
      <trkpt lat="43.207519" lon="-3.702877">
        <ele>586.86</ele>
      </trkpt>
      <trkpt lat="43.20744" lon="-3.702813">
        <ele>587.25</ele>
      </trkpt>
      <trkpt lat="43.206942" lon="-3.702264">
        <ele>590.82</ele>
      </trkpt>
      <trkpt lat="43.20643" lon="-3.701654">
        <ele>597.6</ele>
      </trkpt>
      <trkpt lat="43.206143" lon="-3.701341">
        <ele>599.86</ele>
      </trkpt>
      <trkpt lat="43.206079" lon="-3.701282">
        <ele>600.69</ele>
      </trkpt>
      <trkpt lat="43.205966" lon="-3.701218">
        <ele>602.58</ele>
      </trkpt>
      <trkpt lat="43.205891" lon="-3.701205">
        <ele>603.63</ele>
      </trkpt>
      <trkpt lat="43.205654" lon="-3.701221">
        <ele>605.53</ele>
      </trkpt>
      <trkpt lat="43.205559" lon="-3.701202">
        <ele>604.93</ele>
      </trkpt>
      <trkpt lat="43.205474" lon="-3.701168">
        <ele>605.95</ele>
      </trkpt>
      <trkpt lat="43.205369" lon="-3.701106">
        <ele>607.19</ele>
      </trkpt>
      <trkpt lat="43.205214" lon="-3.700989">
        <ele>608.23</ele>
      </trkpt>
      <trkpt lat="43.205073" lon="-3.700852">
        <ele>608.67</ele>
      </trkpt>
      <trkpt lat="43.204627" lon="-3.700307">
        <ele>613.13</ele>
      </trkpt>
      <trkpt lat="43.204404" lon="-3.700035">
        <ele>613.18</ele>
      </trkpt>
      <trkpt lat="43.204166" lon="-3.699775">
        <ele>616.27</ele>
      </trkpt>
      <trkpt lat="43.20407" lon="-3.699713">
        <ele>617.42</ele>
      </trkpt>
      <trkpt lat="43.203962" lon="-3.699667">
        <ele>618.54</ele>
      </trkpt>
      <trkpt lat="43.203867" lon="-3.699637">
        <ele>622.29</ele>
      </trkpt>
      <trkpt lat="43.203496" lon="-3.699488">
        <ele>621.54</ele>
      </trkpt>
      <trkpt lat="43.20291" lon="-3.699172">
        <ele>626.79</ele>
      </trkpt>
      <trkpt lat="43.202769" lon="-3.699076">
        <ele>627.12</ele>
      </trkpt>
      <trkpt lat="43.202663" lon="-3.699027">
        <ele>628.35</ele>
      </trkpt>
      <trkpt lat="43.202457" lon="-3.698991">
        <ele>631.22</ele>
      </trkpt>
      <trkpt lat="43.202073" lon="-3.698909">
        <ele>634.47</ele>
      </trkpt>
      <trkpt lat="43.201902" lon="-3.698859">
        <ele>637.92</ele>
      </trkpt>
      <trkpt lat="43.201436" lon="-3.698655">
        <ele>638.91</ele>
      </trkpt>
      <trkpt lat="43.200943" lon="-3.698429">
        <ele>641.93</ele>
      </trkpt>
      <trkpt lat="43.200767" lon="-3.698378">
        <ele>644.41</ele>
      </trkpt>
      <trkpt lat="43.200282" lon="-3.698282">
        <ele>649.16</ele>
      </trkpt>
      <trkpt lat="43.200151" lon="-3.698247">
        <ele>650.82</ele>
      </trkpt>
      <trkpt lat="43.20001" lon="-3.698193">
        <ele>652.72</ele>
      </trkpt>
      <trkpt lat="43.199789" lon="-3.698086">
        <ele>651.59</ele>
      </trkpt>
      <trkpt lat="43.199333" lon="-3.697864">
        <ele>659.31</ele>
      </trkpt>
      <trkpt lat="43.198881" lon="-3.697652">
        <ele>659.53</ele>
      </trkpt>
      <trkpt lat="43.198792" lon="-3.697637">
        <ele>660.92</ele>
      </trkpt>
      <trkpt lat="43.198615" lon="-3.697626">
        <ele>663.91</ele>
      </trkpt>
      <trkpt lat="43.198418" lon="-3.697642">
        <ele>666.55</ele>
      </trkpt>
      <trkpt lat="43.198202" lon="-3.697684">
        <ele>667.63</ele>
      </trkpt>
      <trkpt lat="43.197869" lon="-3.69777">
        <ele>674.8</ele>
      </trkpt>
      <trkpt lat="43.197678" lon="-3.697847">
        <ele>678.8</ele>
      </trkpt>
      <trkpt lat="43.197484" lon="-3.697938">
        <ele>684.89</ele>
      </trkpt>
      <trkpt lat="43.197291" lon="-3.698029">
        <ele>674.95</ele>
      </trkpt>
      <trkpt lat="43.19722" lon="-3.69805">
        <ele>673.43</ele>
      </trkpt>
      <trkpt lat="43.197155" lon="-3.698061">
        <ele>673.73</ele>
      </trkpt>
      <trkpt lat="43.197075" lon="-3.69806">
        <ele>675.4</ele>
      </trkpt>
      <trkpt lat="43.197" lon="-3.698035">
        <ele>676.43</ele>
      </trkpt>
      <trkpt lat="43.196631" lon="-3.697823">
        <ele>678.51</ele>
      </trkpt>
      <trkpt lat="43.196268" lon="-3.697631">
        <ele>683.16</ele>
      </trkpt>
      <trkpt lat="43.196091" lon="-3.697514">
        <ele>686.34</ele>
      </trkpt>
      <trkpt lat="43.195673" lon="-3.697154">
        <ele>689.04</ele>
      </trkpt>
      <trkpt lat="43.195403" lon="-3.696889">
        <ele>698.6</ele>
      </trkpt>
      <trkpt lat="43.195134" lon="-3.696624">
        <ele>694.65</ele>
      </trkpt>
      <trkpt lat="43.194806" lon="-3.696317">
        <ele>697.41</ele>
      </trkpt>
      <trkpt lat="43.194614" lon="-3.696151">
        <ele>700.35</ele>
      </trkpt>
      <trkpt lat="43.193993" lon="-3.695725">
        <ele>702.67</ele>
      </trkpt>
      <trkpt lat="43.193809" lon="-3.695546">
        <ele>704.33</ele>
      </trkpt>
      <trkpt lat="43.193475" lon="-3.695174">
        <ele>706.86</ele>
      </trkpt>
      <trkpt lat="43.193123" lon="-3.694752">
        <ele>710.46</ele>
      </trkpt>
      <trkpt lat="43.192974" lon="-3.694605">
        <ele>712.09</ele>
      </trkpt>
      <trkpt lat="43.192841" lon="-3.694498">
        <ele>714.86</ele>
      </trkpt>
      <trkpt lat="43.192727" lon="-3.694387">
        <ele>715.94</ele>
      </trkpt>
      <trkpt lat="43.192658" lon="-3.694285">
        <ele>716.49</ele>
      </trkpt>
      <trkpt lat="43.192608" lon="-3.69417">
        <ele>716.58</ele>
      </trkpt>
      <trkpt lat="43.192583" lon="-3.694072">
        <ele>716.68</ele>
      </trkpt>
      <trkpt lat="43.192578" lon="-3.693986">
        <ele>715.62</ele>
      </trkpt>
      <trkpt lat="43.192628" lon="-3.693666">
        <ele>714.12</ele>
      </trkpt>
      <trkpt lat="43.192649" lon="-3.693531">
        <ele>716.05</ele>
      </trkpt>
      <trkpt lat="43.192659" lon="-3.693284">
        <ele>716.74</ele>
      </trkpt>
      <trkpt lat="43.192657" lon="-3.693115">
        <ele>716.87</ele>
      </trkpt>
      <trkpt lat="43.192631" lon="-3.692958">
        <ele>718.05</ele>
      </trkpt>
      <trkpt lat="43.192581" lon="-3.692787">
        <ele>717.4</ele>
      </trkpt>
      <trkpt lat="43.192486" lon="-3.692543">
        <ele>718.34</ele>
      </trkpt>
      <trkpt lat="43.192267" lon="-3.692144">
        <ele>719.22</ele>
      </trkpt>
      <trkpt lat="43.191873" lon="-3.691489">
        <ele>721.73</ele>
      </trkpt>
      <trkpt lat="43.191702" lon="-3.691304">
        <ele>718.61</ele>
      </trkpt>
      <trkpt lat="43.191326" lon="-3.690952">
        <ele>719.18</ele>
      </trkpt>
      <trkpt lat="43.19117" lon="-3.690822">
        <ele>719.59</ele>
      </trkpt>
      <trkpt lat="43.190714" lon="-3.690494">
        <ele>721.08</ele>
      </trkpt>
      <trkpt lat="43.190486" lon="-3.690367">
        <ele>723.34</ele>
      </trkpt>
      <trkpt lat="43.190314" lon="-3.690229">
        <ele>723.68</ele>
      </trkpt>
      <trkpt lat="43.190168" lon="-3.690083">
        <ele>724.5</ele>
      </trkpt>
      <trkpt lat="43.190003" lon="-3.689882">
        <ele>725.15</ele>
      </trkpt>
      <trkpt lat="43.189751" lon="-3.689542">
        <ele>726.97</ele>
      </trkpt>
      <trkpt lat="43.189631" lon="-3.689417">
        <ele>725.94</ele>
      </trkpt>
      <trkpt lat="43.189553" lon="-3.689388">
        <ele>727.09</ele>
      </trkpt>
      <trkpt lat="43.189226" lon="-3.689323">
        <ele>729.17</ele>
      </trkpt>
      <trkpt lat="43.189165" lon="-3.68929">
        <ele>729.6</ele>
      </trkpt>
      <trkpt lat="43.189114" lon="-3.689243">
        <ele>730.27</ele>
      </trkpt>
      <trkpt lat="43.189028" lon="-3.689132">
        <ele>730.93</ele>
      </trkpt>
      <trkpt lat="43.188927" lon="-3.688969">
        <ele>731.3</ele>
      </trkpt>
      <trkpt lat="43.188858" lon="-3.688879">
        <ele>731.61</ele>
      </trkpt>
      <trkpt lat="43.188796" lon="-3.688822">
        <ele>731.33</ele>
      </trkpt>
      <trkpt lat="43.188584" lon="-3.688703">
        <ele>732.5</ele>
      </trkpt>
      <trkpt lat="43.188308" lon="-3.688592">
        <ele>735.38</ele>
      </trkpt>
      <trkpt lat="43.187996" lon="-3.688492">
        <ele>738.52</ele>
      </trkpt>
      <trkpt lat="43.187789" lon="-3.688436">
        <ele>739.68</ele>
      </trkpt>
      <trkpt lat="43.187668" lon="-3.688416">
        <ele>740.33</ele>
      </trkpt>
      <trkpt lat="43.187118" lon="-3.68837">
        <ele>746.94</ele>
      </trkpt>
      <trkpt lat="43.186795" lon="-3.688275">
        <ele>749.56</ele>
      </trkpt>
      <trkpt lat="43.18651" lon="-3.688166">
        <ele>753.07</ele>
      </trkpt>
      <trkpt lat="43.186411" lon="-3.688143">
        <ele>754.52</ele>
      </trkpt>
      <trkpt lat="43.186262" lon="-3.68813">
        <ele>755.47</ele>
      </trkpt>
      <trkpt lat="43.185976" lon="-3.688125">
        <ele>758.96</ele>
      </trkpt>
      <trkpt lat="43.185513" lon="-3.688097">
        <ele>762.96</ele>
      </trkpt>
      <trkpt lat="43.18511" lon="-3.688056">
        <ele>766.4</ele>
      </trkpt>
      <trkpt lat="43.184592" lon="-3.688047">
        <ele>771.47</ele>
      </trkpt>
      <trkpt lat="43.184345" lon="-3.688007">
        <ele>775.17</ele>
      </trkpt>
      <trkpt lat="43.184155" lon="-3.687953">
        <ele>776.96</ele>
      </trkpt>
      <trkpt lat="43.184043" lon="-3.687907">
        <ele>777.61</ele>
      </trkpt>
      <trkpt lat="43.183953" lon="-3.687851">
        <ele>779.08</ele>
      </trkpt>
      <trkpt lat="43.183875" lon="-3.687777">
        <ele>780.98</ele>
      </trkpt>
      <trkpt lat="43.183844" lon="-3.687728">
        <ele>782.74</ele>
      </trkpt>
      <trkpt lat="43.183819" lon="-3.68765">
        <ele>784.15</ele>
      </trkpt>
      <trkpt lat="43.183793" lon="-3.687504">
        <ele>783.96</ele>
      </trkpt>
      <trkpt lat="43.18376" lon="-3.68738">
        <ele>783.41</ele>
      </trkpt>
      <trkpt lat="43.183714" lon="-3.68729">
        <ele>783.41</ele>
      </trkpt>
      <trkpt lat="43.18366" lon="-3.687217">
        <ele>783.33</ele>
      </trkpt>
      <trkpt lat="43.183577" lon="-3.68714">
        <ele>783.91</ele>
      </trkpt>
      <trkpt lat="43.183491" lon="-3.687099">
        <ele>784.85</ele>
      </trkpt>
      <trkpt lat="43.183384" lon="-3.68707">
        <ele>784.85</ele>
      </trkpt>
      <trkpt lat="43.183208" lon="-3.68706">
        <ele>785.72</ele>
      </trkpt>
      <trkpt lat="43.182944" lon="-3.68708">
        <ele>788.73</ele>
      </trkpt>
      <trkpt lat="43.182793" lon="-3.687116">
        <ele>791.35</ele>
      </trkpt>
      <trkpt lat="43.182554" lon="-3.687217">
        <ele>791.73</ele>
      </trkpt>
      <trkpt lat="43.182486" lon="-3.687232">
        <ele>791.91</ele>
      </trkpt>
      <trkpt lat="43.182394" lon="-3.687221">
        <ele>794.29</ele>
      </trkpt>
      <trkpt lat="43.18231" lon="-3.687179">
        <ele>795.91</ele>
      </trkpt>
      <trkpt lat="43.181933" lon="-3.68685">
        <ele>798.25</ele>
      </trkpt>
      <trkpt lat="43.181786" lon="-3.686755">
        <ele>799.75</ele>
      </trkpt>
      <trkpt lat="43.181666" lon="-3.686698">
        <ele>800.59</ele>
      </trkpt>
      <trkpt lat="43.18157" lon="-3.686668">
        <ele>801.57</ele>
      </trkpt>
      <trkpt lat="43.181456" lon="-3.686649">
        <ele>802.65</ele>
      </trkpt>
      <trkpt lat="43.181344" lon="-3.686643">
        <ele>803.27</ele>
      </trkpt>
      <trkpt lat="43.181226" lon="-3.68666">
        <ele>803.98</ele>
      </trkpt>
      <trkpt lat="43.181019" lon="-3.686712">
        <ele>804.84</ele>
      </trkpt>
      <trkpt lat="43.180813" lon="-3.686794">
        <ele>807.74</ele>
      </trkpt>
      <trkpt lat="43.180586" lon="-3.686894">
        <ele>808.5</ele>
      </trkpt>
      <trkpt lat="43.1803" lon="-3.687042">
        <ele>811.77</ele>
      </trkpt>
      <trkpt lat="43.180156" lon="-3.687099">
        <ele>813.75</ele>
      </trkpt>
      <trkpt lat="43.179977" lon="-3.687152">
        <ele>815.39</ele>
      </trkpt>
      <trkpt lat="43.179807" lon="-3.68718">
        <ele>817.14</ele>
      </trkpt>
      <trkpt lat="43.179458" lon="-3.687194">
        <ele>820.36</ele>
      </trkpt>
      <trkpt lat="43.17935" lon="-3.687173">
        <ele>821.31</ele>
      </trkpt>
      <trkpt lat="43.179134" lon="-3.687093">
        <ele>824.25</ele>
      </trkpt>
      <trkpt lat="43.178744" lon="-3.686924">
        <ele>826.52</ele>
      </trkpt>
      <trkpt lat="43.178669" lon="-3.686908">
        <ele>826.73</ele>
      </trkpt>
      <trkpt lat="43.178585" lon="-3.68691">
        <ele>827.28</ele>
      </trkpt>
      <trkpt lat="43.178439" lon="-3.686943">
        <ele>828.26</ele>
      </trkpt>
      <trkpt lat="43.177765" lon="-3.687185">
        <ele>834.15</ele>
      </trkpt>
      <trkpt lat="43.177464" lon="-3.687287">
        <ele>838.88</ele>
      </trkpt>
      <trkpt lat="43.17717" lon="-3.687464">
        <ele>838.44</ele>
      </trkpt>
      <trkpt lat="43.176885" lon="-3.687626">
        <ele>846.49</ele>
      </trkpt>
      <trkpt lat="43.176787" lon="-3.687675">
        <ele>847.82</ele>
      </trkpt>
      <trkpt lat="43.17672" lon="-3.687691">
        <ele>848.46</ele>
      </trkpt>
      <trkpt lat="43.176636" lon="-3.687687">
        <ele>849.19</ele>
      </trkpt>
      <trkpt lat="43.17655" lon="-3.687623">
        <ele>849.22</ele>
      </trkpt>
      <trkpt lat="43.176495" lon="-3.68755">
        <ele>849.48</ele>
      </trkpt>
      <trkpt lat="43.176355" lon="-3.68723">
        <ele>850.91</ele>
      </trkpt>
      <trkpt lat="43.176216" lon="-3.686865">
        <ele>852.86</ele>
      </trkpt>
      <trkpt lat="43.176161" lon="-3.686759">
        <ele>853.43</ele>
      </trkpt>
      <trkpt lat="43.176129" lon="-3.68672">
        <ele>853.11</ele>
      </trkpt>
      <trkpt lat="43.176077" lon="-3.686681">
        <ele>852.9</ele>
      </trkpt>
      <trkpt lat="43.176016" lon="-3.686658">
        <ele>852.88</ele>
      </trkpt>
      <trkpt lat="43.175827" lon="-3.68664">
        <ele>854.68</ele>
      </trkpt>
      <trkpt lat="43.175754" lon="-3.686655">
        <ele>855.82</ele>
      </trkpt>
      <trkpt lat="43.175676" lon="-3.686688">
        <ele>856.71</ele>
      </trkpt>
      <trkpt lat="43.175597" lon="-3.686745">
        <ele>857.7</ele>
      </trkpt>
      <trkpt lat="43.175541" lon="-3.686806">
        <ele>856.59</ele>
      </trkpt>
      <trkpt lat="43.175326" lon="-3.687174">
        <ele>861.84</ele>
      </trkpt>
      <trkpt lat="43.175193" lon="-3.687318">
        <ele>862.3</ele>
      </trkpt>
      <trkpt lat="43.175131" lon="-3.687355">
        <ele>862.23</ele>
      </trkpt>
      <trkpt lat="43.175045" lon="-3.687374">
        <ele>862.41</ele>
      </trkpt>
      <trkpt lat="43.174928" lon="-3.687356">
        <ele>863.22</ele>
      </trkpt>
      <trkpt lat="43.174888" lon="-3.687323">
        <ele>863.56</ele>
      </trkpt>
      <trkpt lat="43.174818" lon="-3.687165">
        <ele>864.91</ele>
      </trkpt>
      <trkpt lat="43.17469" lon="-3.686699">
        <ele>864.09</ele>
      </trkpt>
      <trkpt lat="43.174623" lon="-3.686512">
        <ele>863.73</ele>
      </trkpt>
      <trkpt lat="43.174557" lon="-3.68639">
        <ele>863.58</ele>
      </trkpt>
      <trkpt lat="43.17449" lon="-3.686331">
        <ele>862.38</ele>
      </trkpt>
      <trkpt lat="43.174429" lon="-3.686301">
        <ele>861.69</ele>
      </trkpt>
      <trkpt lat="43.174362" lon="-3.686288">
        <ele>861.41</ele>
      </trkpt>
      <trkpt lat="43.173834" lon="-3.686356">
        <ele>863.5</ele>
      </trkpt>
      <trkpt lat="43.173607" lon="-3.68637">
        <ele>865.2</ele>
      </trkpt>
      <trkpt lat="43.173357" lon="-3.686348">
        <ele>867.16</ele>
      </trkpt>
      <trkpt lat="43.173213" lon="-3.686325">
        <ele>868.38</ele>
      </trkpt>
      <trkpt lat="43.172877" lon="-3.686316">
        <ele>871.62</ele>
      </trkpt>
      <trkpt lat="43.172729" lon="-3.68636">
        <ele>873.19</ele>
      </trkpt>
      <trkpt lat="43.17263" lon="-3.686401">
        <ele>874.45</ele>
      </trkpt>
      <trkpt lat="43.171712" lon="-3.686852">
        <ele>879.11</ele>
      </trkpt>
      <trkpt lat="43.171094" lon="-3.68717">
        <ele>883.53</ele>
      </trkpt>
      <trkpt lat="43.170912" lon="-3.68725">
        <ele>885.39</ele>
      </trkpt>
      <trkpt lat="43.170777" lon="-3.687275">
        <ele>886.37</ele>
      </trkpt>
      <trkpt lat="43.170643" lon="-3.687267">
        <ele>887.8</ele>
      </trkpt>
      <trkpt lat="43.170496" lon="-3.687221">
        <ele>888.66</ele>
      </trkpt>
      <trkpt lat="43.170309" lon="-3.687112">
        <ele>890.39</ele>
      </trkpt>
      <trkpt lat="43.170173" lon="-3.686967">
        <ele>890.96</ele>
      </trkpt>
      <trkpt lat="43.170099" lon="-3.686817">
        <ele>890.87</ele>
      </trkpt>
      <trkpt lat="43.170048" lon="-3.686639">
        <ele>891</ele>
      </trkpt>
      <trkpt lat="43.170027" lon="-3.686533">
        <ele>891.36</ele>
      </trkpt>
      <trkpt lat="43.17" lon="-3.686285">
        <ele>892.29</ele>
      </trkpt>
      <trkpt lat="43.17001" lon="-3.686153">
        <ele>891.5</ele>
      </trkpt>
      <trkpt lat="43.170029" lon="-3.685961">
        <ele>893.23</ele>
      </trkpt>
      <trkpt lat="43.170064" lon="-3.685818">
        <ele>895.79</ele>
      </trkpt>
      <trkpt lat="43.170144" lon="-3.685627">
        <ele>897.79</ele>
      </trkpt>
      <trkpt lat="43.17035" lon="-3.685278">
        <ele>901.2</ele>
      </trkpt>
      <trkpt lat="43.170556" lon="-3.685033">
        <ele>903.12</ele>
      </trkpt>
      <trkpt lat="43.170688" lon="-3.684894">
        <ele>904.69</ele>
      </trkpt>
      <trkpt lat="43.170834" lon="-3.684771">
        <ele>906.96</ele>
      </trkpt>
      <trkpt lat="43.171016" lon="-3.684657">
        <ele>907.81</ele>
      </trkpt>
      <trkpt lat="43.171434" lon="-3.684485">
        <ele>910.76</ele>
      </trkpt>
      <trkpt lat="43.171528" lon="-3.684424">
        <ele>911.39</ele>
      </trkpt>
      <trkpt lat="43.171604" lon="-3.684355">
        <ele>911.5</ele>
      </trkpt>
      <trkpt lat="43.171948" lon="-3.683967">
        <ele>914.07</ele>
      </trkpt>
      <trkpt lat="43.172304" lon="-3.683587">
        <ele>916.44</ele>
      </trkpt>
      <trkpt lat="43.17242" lon="-3.683441">
        <ele>915.73</ele>
      </trkpt>
      <trkpt lat="43.172446" lon="-3.683376">
        <ele>915.26</ele>
      </trkpt>
      <trkpt lat="43.172451" lon="-3.683276">
        <ele>914.81</ele>
      </trkpt>
      <trkpt lat="43.172437" lon="-3.683214">
        <ele>914.46</ele>
      </trkpt>
      <trkpt lat="43.172399" lon="-3.683151">
        <ele>914.51</ele>
      </trkpt>
      <trkpt lat="43.172282" lon="-3.683032">
        <ele>914.55</ele>
      </trkpt>
      <trkpt lat="43.171864" lon="-3.68266">
        <ele>917.4</ele>
      </trkpt>
      <trkpt lat="43.171504" lon="-3.682322">
        <ele>919.85</ele>
      </trkpt>
      <trkpt lat="43.171202" lon="-3.681993">
        <ele>923.68</ele>
      </trkpt>
      <trkpt lat="43.171088" lon="-3.681849">
        <ele>925.26</ele>
      </trkpt>
      <trkpt lat="43.171042" lon="-3.681768">
        <ele>925.9</ele>
      </trkpt>
      <trkpt lat="43.171019" lon="-3.681682">
        <ele>925.68</ele>
      </trkpt>
      <trkpt lat="43.171017" lon="-3.681633">
        <ele>925.3</ele>
      </trkpt>
      <trkpt lat="43.171022" lon="-3.681555">
        <ele>925.1</ele>
      </trkpt>
      <trkpt lat="43.171085" lon="-3.681033">
        <ele>930.87</ele>
      </trkpt>
      <trkpt lat="43.171166" lon="-3.68051">
        <ele>933.46</ele>
      </trkpt>
      <trkpt lat="43.171207" lon="-3.680337">
        <ele>935.44</ele>
      </trkpt>
      <trkpt lat="43.171289" lon="-3.680084">
        <ele>937.6</ele>
      </trkpt>
      <trkpt lat="43.171367" lon="-3.6799">
        <ele>936.25</ele>
      </trkpt>
      <trkpt lat="43.171611" lon="-3.67941">
        <ele>940.84</ele>
      </trkpt>
      <trkpt lat="43.171682" lon="-3.67931">
        <ele>942.26</ele>
      </trkpt>
      <trkpt lat="43.171756" lon="-3.679228">
        <ele>943.12</ele>
      </trkpt>
      <trkpt lat="43.171963" lon="-3.679067">
        <ele>944.6</ele>
      </trkpt>
      <trkpt lat="43.172313" lon="-3.678816">
        <ele>946.68</ele>
      </trkpt>
      <trkpt lat="43.172445" lon="-3.678685">
        <ele>946.52</ele>
      </trkpt>
      <trkpt lat="43.172459" lon="-3.678635">
        <ele>946.06</ele>
      </trkpt>
      <trkpt lat="43.172467" lon="-3.678575">
        <ele>945.92</ele>
      </trkpt>
      <trkpt lat="43.172456" lon="-3.678513">
        <ele>946.09</ele>
      </trkpt>
      <trkpt lat="43.172381" lon="-3.678429">
        <ele>943.81</ele>
      </trkpt>
      <trkpt lat="43.172099" lon="-3.678297">
        <ele>946.52</ele>
      </trkpt>
      <trkpt lat="43.171932" lon="-3.678253">
        <ele>948.28</ele>
      </trkpt>
      <trkpt lat="43.171747" lon="-3.678283">
        <ele>950</ele>
      </trkpt>
      <trkpt lat="43.171449" lon="-3.678361">
        <ele>951.64</ele>
      </trkpt>
      <trkpt lat="43.170961" lon="-3.678518">
        <ele>955.33</ele>
      </trkpt>
      <trkpt lat="43.170855" lon="-3.678539">
        <ele>955.79</ele>
      </trkpt>
      <trkpt lat="43.170755" lon="-3.678538">
        <ele>956.72</ele>
      </trkpt>
      <trkpt lat="43.170657" lon="-3.678509">
        <ele>957.8</ele>
      </trkpt>
      <trkpt lat="43.170498" lon="-3.678441">
        <ele>958.51</ele>
      </trkpt>
      <trkpt lat="43.170246" lon="-3.678304">
        <ele>961.27</ele>
      </trkpt>
      <trkpt lat="43.170068" lon="-3.67823">
        <ele>961.97</ele>
      </trkpt>
      <trkpt lat="43.169975" lon="-3.678223">
        <ele>961.76</ele>
      </trkpt>
      <trkpt lat="43.169824" lon="-3.678237">
        <ele>962.16</ele>
      </trkpt>
      <trkpt lat="43.169542" lon="-3.678281">
        <ele>964.09</ele>
      </trkpt>
      <trkpt lat="43.169411" lon="-3.678285">
        <ele>965.39</ele>
      </trkpt>
      <trkpt lat="43.16912" lon="-3.678227">
        <ele>968.16</ele>
      </trkpt>
      <trkpt lat="43.168896" lon="-3.678122">
        <ele>969.22</ele>
      </trkpt>
      <trkpt lat="43.168796" lon="-3.678021">
        <ele>969.95</ele>
      </trkpt>
      <trkpt lat="43.168695" lon="-3.677891">
        <ele>970.78</ele>
      </trkpt>
      <trkpt lat="43.168551" lon="-3.677666">
        <ele>972.1</ele>
      </trkpt>
      <trkpt lat="43.168404" lon="-3.677496">
        <ele>974.52</ele>
      </trkpt>
      <trkpt lat="43.168332" lon="-3.677441">
        <ele>974.58</ele>
      </trkpt>
      <trkpt lat="43.168144" lon="-3.677363">
        <ele>975.67</ele>
      </trkpt>
      <trkpt lat="43.167876" lon="-3.6773">
        <ele>979.07</ele>
      </trkpt>
      <trkpt lat="43.167799" lon="-3.677266">
        <ele>980.09</ele>
      </trkpt>
      <trkpt lat="43.167747" lon="-3.67723">
        <ele>980.91</ele>
      </trkpt>
      <trkpt lat="43.167668" lon="-3.677149">
        <ele>981.94</ele>
      </trkpt>
      <trkpt lat="43.167482" lon="-3.67691">
        <ele>984.37</ele>
      </trkpt>
      <trkpt lat="43.167383" lon="-3.676813">
        <ele>985.01</ele>
      </trkpt>
      <trkpt lat="43.167299" lon="-3.67675">
        <ele>984.65</ele>
      </trkpt>
      <trkpt lat="43.167094" lon="-3.67667">
        <ele>985.87</ele>
      </trkpt>
      <trkpt lat="43.166987" lon="-3.676608">
        <ele>986.89</ele>
      </trkpt>
      <trkpt lat="43.166872" lon="-3.676497">
        <ele>988.79</ele>
      </trkpt>
      <trkpt lat="43.166732" lon="-3.676328">
        <ele>990.57</ele>
      </trkpt>
      <trkpt lat="43.166633" lon="-3.67616">
        <ele>990.26</ele>
      </trkpt>
      <trkpt lat="43.16659" lon="-3.676034">
        <ele>990.75</ele>
      </trkpt>
      <trkpt lat="43.166563" lon="-3.675907">
        <ele>993.74</ele>
      </trkpt>
      <trkpt lat="43.166566" lon="-3.675833">
        <ele>995.68</ele>
      </trkpt>
      <trkpt lat="43.166602" lon="-3.67572">
        <ele>997.44</ele>
      </trkpt>
      <trkpt lat="43.166725" lon="-3.675393">
        <ele>996.46</ele>
      </trkpt>
      <trkpt lat="43.166824" lon="-3.675163">
        <ele>997.57</ele>
      </trkpt>
      <trkpt lat="43.166922" lon="-3.675005">
        <ele>1000.64</ele>
      </trkpt>
      <trkpt lat="43.166984" lon="-3.674954">
        <ele>1000.34</ele>
      </trkpt>
      <trkpt lat="43.167367" lon="-3.67478">
        <ele>1000.96</ele>
      </trkpt>
      <trkpt lat="43.167446" lon="-3.674729">
        <ele>1000.74</ele>
      </trkpt>
      <trkpt lat="43.167834" lon="-3.67433">
        <ele>1005.84</ele>
      </trkpt>
      <trkpt lat="43.167898" lon="-3.674281">
        <ele>1007.15</ele>
      </trkpt>
      <trkpt lat="43.167981" lon="-3.674243">
        <ele>1006.3</ele>
      </trkpt>
      <trkpt lat="43.168083" lon="-3.674219">
        <ele>1005.3</ele>
      </trkpt>
      <trkpt lat="43.168173" lon="-3.674214">
        <ele>1004.84</ele>
      </trkpt>
      <trkpt lat="43.168321" lon="-3.674221">
        <ele>1003.05</ele>
      </trkpt>
      <trkpt lat="43.168572" lon="-3.674202">
        <ele>1007.24</ele>
      </trkpt>
      <trkpt lat="43.169292" lon="-3.674075">
        <ele>1011.42</ele>
      </trkpt>
      <trkpt lat="43.169458" lon="-3.674019">
        <ele>1012.86</ele>
      </trkpt>
      <trkpt lat="43.169584" lon="-3.673957">
        <ele>1014.97</ele>
      </trkpt>
      <trkpt lat="43.16967" lon="-3.673902">
        <ele>1014.76</ele>
      </trkpt>
      <trkpt lat="43.169759" lon="-3.673824">
        <ele>1015.9</ele>
      </trkpt>
      <trkpt lat="43.169868" lon="-3.673687">
        <ele>1017.19</ele>
      </trkpt>
      <trkpt lat="43.169925" lon="-3.67357">
        <ele>1017.83</ele>
      </trkpt>
      <trkpt lat="43.169971" lon="-3.673439">
        <ele>1016.97</ele>
      </trkpt>
      <trkpt lat="43.170158" lon="-3.67263">
        <ele>1022.86</ele>
      </trkpt>
      <trkpt lat="43.170198" lon="-3.672342">
        <ele>1023.16</ele>
      </trkpt>
      <trkpt lat="43.17025" lon="-3.671968">
        <ele>1027.19</ele>
      </trkpt>
      <trkpt lat="43.170356" lon="-3.671222">
        <ele>1030.9</ele>
      </trkpt>
      <trkpt lat="43.170408" lon="-3.670716">
        <ele>1032.72</ele>
      </trkpt>
      <trkpt lat="43.170419" lon="-3.670569">
        <ele>1032.44</ele>
      </trkpt>
      <trkpt lat="43.170412" lon="-3.670443">
        <ele>1032.41</ele>
      </trkpt>
      <trkpt lat="43.17039" lon="-3.67029">
        <ele>1032.43</ele>
      </trkpt>
      <trkpt lat="43.170316" lon="-3.670013">
        <ele>1034.27</ele>
      </trkpt>
      <trkpt lat="43.17028" lon="-3.669914">
        <ele>1034.65</ele>
      </trkpt>
      <trkpt lat="43.17024" lon="-3.669833">
        <ele>1034.43</ele>
      </trkpt>
      <trkpt lat="43.170182" lon="-3.669769">
        <ele>1035.02</ele>
      </trkpt>
      <trkpt lat="43.170105" lon="-3.669728">
        <ele>1035.42</ele>
      </trkpt>
      <trkpt lat="43.16984" lon="-3.669639">
        <ele>1037.57</ele>
      </trkpt>
      <trkpt lat="43.169721" lon="-3.669617">
        <ele>1038.96</ele>
      </trkpt>
      <trkpt lat="43.169633" lon="-3.669629">
        <ele>1039.34</ele>
      </trkpt>
      <trkpt lat="43.169505" lon="-3.669678">
        <ele>1039.63</ele>
      </trkpt>
      <trkpt lat="43.16937" lon="-3.669737">
        <ele>1041.69</ele>
      </trkpt>
      <trkpt lat="43.169294" lon="-3.669735">
        <ele>1042.26</ele>
      </trkpt>
      <trkpt lat="43.169226" lon="-3.669706">
        <ele>1042.38</ele>
      </trkpt>
      <trkpt lat="43.169153" lon="-3.669645">
        <ele>1043.08</ele>
      </trkpt>
      <trkpt lat="43.169077" lon="-3.669545">
        <ele>1043.93</ele>
      </trkpt>
      <trkpt lat="43.169055" lon="-3.669506">
        <ele>1044.5</ele>
      </trkpt>
      <trkpt lat="43.169033" lon="-3.669435">
        <ele>1045.22</ele>
      </trkpt>
      <trkpt lat="43.16902" lon="-3.669334">
        <ele>1046.06</ele>
      </trkpt>
      <trkpt lat="43.169024" lon="-3.669062">
        <ele>1047.51</ele>
      </trkpt>
      <trkpt lat="43.16904" lon="-3.668955">
        <ele>1048.3</ele>
      </trkpt>
      <trkpt lat="43.169067" lon="-3.668861">
        <ele>1048.67</ele>
      </trkpt>
      <trkpt lat="43.16988" lon="-3.667474">
        <ele>1055.96</ele>
      </trkpt>
      <trkpt lat="43.169953" lon="-3.667379">
        <ele>1056.85</ele>
      </trkpt>
      <trkpt lat="43.170029" lon="-3.66731">
        <ele>1058.13</ele>
      </trkpt>
      <trkpt lat="43.170364" lon="-3.66707">
        <ele>1060.48</ele>
      </trkpt>
      <trkpt lat="43.170452" lon="-3.666977">
        <ele>1061.21</ele>
      </trkpt>
      <trkpt lat="43.170509" lon="-3.666888">
        <ele>1061.76</ele>
      </trkpt>
      <trkpt lat="43.170551" lon="-3.666807">
        <ele>1062.22</ele>
      </trkpt>
      <trkpt lat="43.170604" lon="-3.666666">
        <ele>1062.49</ele>
      </trkpt>
      <trkpt lat="43.170736" lon="-3.66623">
        <ele>1064.74</ele>
      </trkpt>
      <trkpt lat="43.171" lon="-3.665428">
        <ele>1068.4</ele>
      </trkpt>
      <trkpt lat="43.171052" lon="-3.665308">
        <ele>1069.12</ele>
      </trkpt>
      <trkpt lat="43.171106" lon="-3.665218">
        <ele>1069.52</ele>
      </trkpt>
      <trkpt lat="43.171152" lon="-3.665164">
        <ele>1069.83</ele>
      </trkpt>
      <trkpt lat="43.171241" lon="-3.665086">
        <ele>1070.08</ele>
      </trkpt>
      <trkpt lat="43.17133" lon="-3.665023">
        <ele>1070.79</ele>
      </trkpt>
      <trkpt lat="43.171501" lon="-3.664946">
        <ele>1071.81</ele>
      </trkpt>
      <trkpt lat="43.171576" lon="-3.664939">
        <ele>1072.47</ele>
      </trkpt>
      <trkpt lat="43.171679" lon="-3.664959">
        <ele>1073.01</ele>
      </trkpt>
      <trkpt lat="43.171969" lon="-3.665121">
        <ele>1076.36</ele>
      </trkpt>
      <trkpt lat="43.172337" lon="-3.665349">
        <ele>1079.55</ele>
      </trkpt>
      <trkpt lat="43.172445" lon="-3.665441">
        <ele>1079.2</ele>
      </trkpt>
      <trkpt lat="43.172613" lon="-3.665624">
        <ele>1079.81</ele>
      </trkpt>
      <trkpt lat="43.172827" lon="-3.665881">
        <ele>1082.48</ele>
      </trkpt>
      <trkpt lat="43.17295" lon="-3.666075">
        <ele>1083.66</ele>
      </trkpt>
      <trkpt lat="43.173062" lon="-3.666281">
        <ele>1083.95</ele>
      </trkpt>
      <trkpt lat="43.173264" lon="-3.666728">
        <ele>1088.62</ele>
      </trkpt>
      <trkpt lat="43.173314" lon="-3.666806">
        <ele>1088.47</ele>
      </trkpt>
      <trkpt lat="43.173412" lon="-3.666896">
        <ele>1090.59</ele>
      </trkpt>
      <trkpt lat="43.173478" lon="-3.666919">
        <ele>1091.86</ele>
      </trkpt>
      <trkpt lat="43.174171" lon="-3.666903">
        <ele>1094.73</ele>
      </trkpt>
      <trkpt lat="43.174234" lon="-3.666944">
        <ele>1094.25</ele>
      </trkpt>
      <trkpt lat="43.174273" lon="-3.666992">
        <ele>1094.98</ele>
      </trkpt>
      <trkpt lat="43.174302" lon="-3.667061">
        <ele>1095.37</ele>
      </trkpt>
      <trkpt lat="43.174324" lon="-3.66718">
        <ele>1094.99</ele>
      </trkpt>
      <trkpt lat="43.174365" lon="-3.667558">
        <ele>1095.87</ele>
      </trkpt>
      <trkpt lat="43.174371" lon="-3.667741">
        <ele>1095.65</ele>
      </trkpt>
      <trkpt lat="43.17436" lon="-3.667895">
        <ele>1095.5</ele>
      </trkpt>
      <trkpt lat="43.174319" lon="-3.668219">
        <ele>1096.33</ele>
      </trkpt>
      <trkpt lat="43.17432" lon="-3.668375">
        <ele>1097.46</ele>
      </trkpt>
      <trkpt lat="43.174335" lon="-3.668455">
        <ele>1097.94</ele>
      </trkpt>
      <trkpt lat="43.174421" lon="-3.668767">
        <ele>1099.5</ele>
      </trkpt>
      <trkpt lat="43.174429" lon="-3.668845">
        <ele>1099.43</ele>
      </trkpt>
      <trkpt lat="43.17443" lon="-3.669143">
        <ele>1101.4</ele>
      </trkpt>
      <trkpt lat="43.174446" lon="-3.669233">
        <ele>1102.47</ele>
      </trkpt>
      <trkpt lat="43.174475" lon="-3.669327">
        <ele>1103.7</ele>
      </trkpt>
      <trkpt lat="43.174571" lon="-3.669553">
        <ele>1105.42</ele>
      </trkpt>
      <trkpt lat="43.174571" lon="-3.669553">
        <ele>1105.42</ele>
      </trkpt>
      <trkpt lat="43.174676" lon="-3.669798">
        <ele>1107.29</ele>
      </trkpt>
      <trkpt lat="43.174726" lon="-3.669873">
        <ele>1108.66</ele>
      </trkpt>
      <trkpt lat="43.174775" lon="-3.669921">
        <ele>1109.44</ele>
      </trkpt>
      <trkpt lat="43.174899" lon="-3.67001">
        <ele>1111.24</ele>
      </trkpt>
      <trkpt lat="43.175068" lon="-3.670109">
        <ele>1112.44</ele>
      </trkpt>
      <trkpt lat="43.175137" lon="-3.670136">
        <ele>1113.1</ele>
      </trkpt>
      <trkpt lat="43.175219" lon="-3.670144">
        <ele>1114.43</ele>
      </trkpt>
      <trkpt lat="43.175399" lon="-3.670108">
        <ele>1115.09</ele>
      </trkpt>
      <trkpt lat="43.175512" lon="-3.670044">
        <ele>1116.71</ele>
      </trkpt>
      <trkpt lat="43.176005" lon="-3.669675">
        <ele>1121.35</ele>
      </trkpt>
      <trkpt lat="43.176201" lon="-3.669571">
        <ele>1121.1</ele>
      </trkpt>
      <trkpt lat="43.17634" lon="-3.669508">
        <ele>1122.94</ele>
      </trkpt>
      <trkpt lat="43.176481" lon="-3.669457">
        <ele>1123.24</ele>
      </trkpt>
      <trkpt lat="43.176648" lon="-3.669412">
        <ele>1123.2</ele>
      </trkpt>
      <trkpt lat="43.176979" lon="-3.669352">
        <ele>1125.47</ele>
      </trkpt>
      <trkpt lat="43.177212" lon="-3.669299">
        <ele>1126.44</ele>
      </trkpt>
      <trkpt lat="43.177317" lon="-3.669288">
        <ele>1126.79</ele>
      </trkpt>
      <trkpt lat="43.177485" lon="-3.669325">
        <ele>1125.81</ele>
      </trkpt>
      <trkpt lat="43.17771" lon="-3.669482">
        <ele>1127.49</ele>
      </trkpt>
      <trkpt lat="43.177819" lon="-3.669571">
        <ele>1128.58</ele>
      </trkpt>
      <trkpt lat="43.177914" lon="-3.669621">
        <ele>1130.19</ele>
      </trkpt>
      <trkpt lat="43.178131" lon="-3.669672">
        <ele>1131.96</ele>
      </trkpt>
      <trkpt lat="43.178354" lon="-3.669709">
        <ele>1133.43</ele>
      </trkpt>
      <trkpt lat="43.178519" lon="-3.669764">
        <ele>1133.62</ele>
      </trkpt>
      <trkpt lat="43.178612" lon="-3.669806">
        <ele>1134.05</ele>
      </trkpt>
      <trkpt lat="43.178682" lon="-3.669852">
        <ele>1134.38</ele>
      </trkpt>
      <trkpt lat="43.178794" lon="-3.669954">
        <ele>1134.85</ele>
      </trkpt>
      <trkpt lat="43.178917" lon="-3.670102">
        <ele>1136.32</ele>
      </trkpt>
      <trkpt lat="43.178971" lon="-3.670192">
        <ele>1136.48</ele>
      </trkpt>
      <trkpt lat="43.179004" lon="-3.670278">
        <ele>1136.61</ele>
      </trkpt>
      <trkpt lat="43.179043" lon="-3.670467">
        <ele>1135.84</ele>
      </trkpt>
      <trkpt lat="43.179041" lon="-3.670622">
        <ele>1136.16</ele>
      </trkpt>
      <trkpt lat="43.179028" lon="-3.670775">
        <ele>1138.26</ele>
      </trkpt>
      <trkpt lat="43.178962" lon="-3.671182">
        <ele>1140.91</ele>
      </trkpt>
      <trkpt lat="43.178961" lon="-3.671284">
        <ele>1142.48</ele>
      </trkpt>
      <trkpt lat="43.178972" lon="-3.671354">
        <ele>1143.29</ele>
      </trkpt>
      <trkpt lat="43.179" lon="-3.671418">
        <ele>1144.59</ele>
      </trkpt>
      <trkpt lat="43.179055" lon="-3.671491">
        <ele>1145.78</ele>
      </trkpt>
      <trkpt lat="43.179253" lon="-3.671656">
        <ele>1147.05</ele>
      </trkpt>
      <trkpt lat="43.179312" lon="-3.671732">
        <ele>1147.64</ele>
      </trkpt>
      <trkpt lat="43.179356" lon="-3.671815">
        <ele>1147.56</ele>
      </trkpt>
      <trkpt lat="43.179403" lon="-3.671936">
        <ele>1147.72</ele>
      </trkpt>
      <trkpt lat="43.179455" lon="-3.672174">
        <ele>1148.87</ele>
      </trkpt>
      <trkpt lat="43.179488" lon="-3.672401">
        <ele>1150.68</ele>
      </trkpt>
      <trkpt lat="43.179491" lon="-3.67265">
        <ele>1152.26</ele>
      </trkpt>
      <trkpt lat="43.179467" lon="-3.672832">
        <ele>1151.72</ele>
      </trkpt>
      <trkpt lat="43.179432" lon="-3.673019">
        <ele>1152.98</ele>
      </trkpt>
      <trkpt lat="43.179382" lon="-3.673198">
        <ele>1154.12</ele>
      </trkpt>
      <trkpt lat="43.179109" lon="-3.673969">
        <ele>1159.71</ele>
      </trkpt>
      <trkpt lat="43.179037" lon="-3.67411">
        <ele>1160.35</ele>
      </trkpt>
      <trkpt lat="43.178795" lon="-3.674472">
        <ele>1160.74</ele>
      </trkpt>
      <trkpt lat="43.178709" lon="-3.674588">
        <ele>1160.62</ele>
      </trkpt>
      <trkpt lat="43.178669" lon="-3.674686">
        <ele>1161.25</ele>
      </trkpt>
      <trkpt lat="43.178667" lon="-3.674757">
        <ele>1162.33</ele>
      </trkpt>
      <trkpt lat="43.178683" lon="-3.674813">
        <ele>1163.3</ele>
      </trkpt>
      <trkpt lat="43.178735" lon="-3.674874">
        <ele>1166.92</ele>
      </trkpt>
      <trkpt lat="43.178799" lon="-3.674877">
        <ele>1168</ele>
      </trkpt>
      <trkpt lat="43.178831" lon="-3.674849">
        <ele>1168.51</ele>
      </trkpt>
      <trkpt lat="43.17887" lon="-3.674784">
        <ele>1169.56</ele>
      </trkpt>
      <trkpt lat="43.178962" lon="-3.674542">
        <ele>1169.11</ele>
      </trkpt>
      <trkpt lat="43.17903" lon="-3.674408">
        <ele>1169.49</ele>
      </trkpt>
      <trkpt lat="43.179376" lon="-3.673826">
        <ele>1173.86</ele>
      </trkpt>
      <trkpt lat="43.179695" lon="-3.673262">
        <ele>1179.59</ele>
      </trkpt>
      <trkpt lat="43.179743" lon="-3.673148">
        <ele>1180.05</ele>
      </trkpt>
      <trkpt lat="43.17979" lon="-3.673006">
        <ele>1180.95</ele>
      </trkpt>
      <trkpt lat="43.179922" lon="-3.672491">
        <ele>1185.35</ele>
      </trkpt>
      <trkpt lat="43.179937" lon="-3.672335">
        <ele>1185.56</ele>
      </trkpt>
      <trkpt lat="43.179943" lon="-3.672031">
        <ele>1186.78</ele>
      </trkpt>
      <trkpt lat="43.179904" lon="-3.67114">
        <ele>1193.75</ele>
      </trkpt>
      <trkpt lat="43.179913" lon="-3.671014">
        <ele>1194.09</ele>
      </trkpt>
      <trkpt lat="43.179936" lon="-3.67092">
        <ele>1194.19</ele>
      </trkpt>
      <trkpt lat="43.180027" lon="-3.670676">
        <ele>1196.08</ele>
      </trkpt>
      <trkpt lat="43.180047" lon="-3.670555">
        <ele>1196.61</ele>
      </trkpt>
      <trkpt lat="43.180053" lon="-3.670411">
        <ele>1197.75</ele>
      </trkpt>
      <trkpt lat="43.180026" lon="-3.670072">
        <ele>1198.96</ele>
      </trkpt>
      <trkpt lat="43.179931" lon="-3.669466">
        <ele>1202.82</ele>
      </trkpt>
      <trkpt lat="43.17989" lon="-3.669297">
        <ele>1205.1</ele>
      </trkpt>
      <trkpt lat="43.179771" lon="-3.669072">
        <ele>1206.88</ele>
      </trkpt>
      <trkpt lat="43.179541" lon="-3.668717">
        <ele>1208.2</ele>
      </trkpt>
      <trkpt lat="43.179452" lon="-3.668659">
        <ele>1208.45</ele>
      </trkpt>
      <trkpt lat="43.179091" lon="-3.668579">
        <ele>1213.46</ele>
      </trkpt>
      <trkpt lat="43.178832" lon="-3.668526">
        <ele>1215.12</ele>
      </trkpt>
      <trkpt lat="43.178631" lon="-3.668453">
        <ele>1216.69</ele>
      </trkpt>
      <trkpt lat="43.178566" lon="-3.668399">
        <ele>1216.31</ele>
      </trkpt>
      <trkpt lat="43.178519" lon="-3.668315">
        <ele>1216.43</ele>
      </trkpt>
      <trkpt lat="43.178493" lon="-3.668188">
        <ele>1216.64</ele>
      </trkpt>
      <trkpt lat="43.178459" lon="-3.667881">
        <ele>1219.2</ele>
      </trkpt>
      <trkpt lat="43.178428" lon="-3.667749">
        <ele>1220.84</ele>
      </trkpt>
      <trkpt lat="43.178386" lon="-3.667656">
        <ele>1221.78</ele>
      </trkpt>
      <trkpt lat="43.178334" lon="-3.667586">
        <ele>1222.99</ele>
      </trkpt>
      <trkpt lat="43.178244" lon="-3.667522">
        <ele>1224.14</ele>
      </trkpt>
      <trkpt lat="43.178122" lon="-3.667486">
        <ele>1225</ele>
      </trkpt>
      <trkpt lat="43.177956" lon="-3.667462">
        <ele>1227.73</ele>
      </trkpt>
      <trkpt lat="43.177862" lon="-3.667484">
        <ele>1227.8</ele>
      </trkpt>
      <trkpt lat="43.177336" lon="-3.667662">
        <ele>1231.91</ele>
      </trkpt>
      <trkpt lat="43.176898" lon="-3.667724">
        <ele>1233.81</ele>
      </trkpt>
      <trkpt lat="43.176841" lon="-3.667713">
        <ele>1234.09</ele>
      </trkpt>
      <trkpt lat="43.176766" lon="-3.667681">
        <ele>1234.15</ele>
      </trkpt>
      <trkpt lat="43.176549" lon="-3.667553">
        <ele>1235.59</ele>
      </trkpt>
      <trkpt lat="43.176477" lon="-3.667487">
        <ele>1236.38</ele>
      </trkpt>
      <trkpt lat="43.176428" lon="-3.667419">
        <ele>1236.46</ele>
      </trkpt>
      <trkpt lat="43.176391" lon="-3.667336">
        <ele>1236.79</ele>
      </trkpt>
      <trkpt lat="43.176372" lon="-3.667234">
        <ele>1237.36</ele>
      </trkpt>
      <trkpt lat="43.176362" lon="-3.667119">
        <ele>1237.82</ele>
      </trkpt>
      <trkpt lat="43.176398" lon="-3.666454">
        <ele>1240.85</ele>
      </trkpt>
      <trkpt lat="43.176396" lon="-3.666356">
        <ele>1241.88</ele>
      </trkpt>
      <trkpt lat="43.176378" lon="-3.666243">
        <ele>1242.18</ele>
      </trkpt>
      <trkpt lat="43.176349" lon="-3.666121">
        <ele>1241.96</ele>
      </trkpt>
      <trkpt lat="43.17629" lon="-3.665939">
        <ele>1241.69</ele>
      </trkpt>
      <trkpt lat="43.176099" lon="-3.665356">
        <ele>1247.36</ele>
      </trkpt>
      <trkpt lat="43.176072" lon="-3.665246">
        <ele>1247.92</ele>
      </trkpt>
      <trkpt lat="43.176055" lon="-3.665106">
        <ele>1248.71</ele>
      </trkpt>
      <trkpt lat="43.176033" lon="-3.664705">
        <ele>1251.06</ele>
      </trkpt>
      <trkpt lat="43.176018" lon="-3.664539">
        <ele>1253.16</ele>
      </trkpt>
      <trkpt lat="43.175983" lon="-3.664387">
        <ele>1254.59</ele>
      </trkpt>
      <trkpt lat="43.175886" lon="-3.664153">
        <ele>1257.08</ele>
      </trkpt>
      <trkpt lat="43.175776" lon="-3.66401">
        <ele>1258.85</ele>
      </trkpt>
      <trkpt lat="43.175548" lon="-3.663785">
        <ele>1260.47</ele>
      </trkpt>
      <trkpt lat="43.17543" lon="-3.663705">
        <ele>1260.87</ele>
      </trkpt>
      <trkpt lat="43.17534" lon="-3.663668">
        <ele>1261.69</ele>
      </trkpt>
      <trkpt lat="43.174876" lon="-3.66357">
        <ele>1264.09</ele>
      </trkpt>
      <trkpt lat="43.174817" lon="-3.66355">
        <ele>1264.19</ele>
      </trkpt>
      <trkpt lat="43.174682" lon="-3.663456">
        <ele>1266.14</ele>
      </trkpt>
      <trkpt lat="43.174458" lon="-3.663272">
        <ele>1269.36</ele>
      </trkpt>
      <trkpt lat="43.174279" lon="-3.66314">
        <ele>1272.71</ele>
      </trkpt>
      <trkpt lat="43.174184" lon="-3.663075">
        <ele>1272.54</ele>
      </trkpt>
      <trkpt lat="43.174118" lon="-3.663008">
        <ele>1273.09</ele>
      </trkpt>
      <trkpt lat="43.174038" lon="-3.662903">
        <ele>1272.92</ele>
      </trkpt>
      <trkpt lat="43.173979" lon="-3.662769">
        <ele>1273.71</ele>
      </trkpt>
      <trkpt lat="43.173865" lon="-3.662428">
        <ele>1274.67</ele>
      </trkpt>
      <trkpt lat="43.17375" lon="-3.662087">
        <ele>1278.51</ele>
      </trkpt>
      <trkpt lat="43.173713" lon="-3.661935">
        <ele>1279.13</ele>
      </trkpt>
      <trkpt lat="43.1737" lon="-3.661801">
        <ele>1279.01</ele>
      </trkpt>
      <trkpt lat="43.173696" lon="-3.661314">
        <ele>1282.54</ele>
      </trkpt>
      <trkpt lat="43.173684" lon="-3.661225">
        <ele>1283.07</ele>
      </trkpt>
      <trkpt lat="43.173659" lon="-3.661118">
        <ele>1284.12</ele>
      </trkpt>
      <trkpt lat="43.173592" lon="-3.661007">
        <ele>1285.33</ele>
      </trkpt>
      <trkpt lat="43.173501" lon="-3.660895">
        <ele>1285.02</ele>
      </trkpt>
      <trkpt lat="43.173357" lon="-3.660697">
        <ele>1287.48</ele>
      </trkpt>
      <trkpt lat="43.173267" lon="-3.660558">
        <ele>1287.79</ele>
      </trkpt>
      <trkpt lat="43.173223" lon="-3.66047">
        <ele>1287.23</ele>
      </trkpt>
      <trkpt lat="43.173139" lon="-3.660253">
        <ele>1286.95</ele>
      </trkpt>
      <trkpt lat="43.173089" lon="-3.660165">
        <ele>1286.89</ele>
      </trkpt>
      <trkpt lat="43.17304" lon="-3.660102">
        <ele>1288.66</ele>
      </trkpt>
      <trkpt lat="43.172972" lon="-3.660058">
        <ele>1290.37</ele>
      </trkpt>
      <trkpt lat="43.172879" lon="-3.660028">
        <ele>1291.05</ele>
      </trkpt>
      <trkpt lat="43.172524" lon="-3.65996">
        <ele>1290.23</ele>
      </trkpt>
      <trkpt lat="43.172354" lon="-3.659884">
        <ele>1291.26</ele>
      </trkpt>
      <trkpt lat="43.172172" lon="-3.659794">
        <ele>1289.68</ele>
      </trkpt>
      <trkpt lat="43.172017" lon="-3.659717">
        <ele>1291.98</ele>
      </trkpt>
      <trkpt lat="43.171765" lon="-3.659571">
        <ele>1293.56</ele>
      </trkpt>
      <trkpt lat="43.17172" lon="-3.659532">
        <ele>1293.9</ele>
      </trkpt>
      <trkpt lat="43.171683" lon="-3.659477">
        <ele>1293.62</ele>
      </trkpt>
      <trkpt lat="43.171536" lon="-3.659034">
        <ele>1292.99</ele>
      </trkpt>
      <trkpt lat="43.171295" lon="-3.658357">
        <ele>1299.27</ele>
      </trkpt>
      <trkpt lat="43.171259" lon="-3.65823">
        <ele>1300.34</ele>
      </trkpt>
      <trkpt lat="43.171198" lon="-3.657941">
        <ele>1300.1</ele>
      </trkpt>
      <trkpt lat="43.171123" lon="-3.657496">
        <ele>1302.64</ele>
      </trkpt>
      <trkpt lat="43.171115" lon="-3.657398">
        <ele>1303.3</ele>
      </trkpt>
      <trkpt lat="43.171117" lon="-3.657307">
        <ele>1303.67</ele>
      </trkpt>
      <trkpt lat="43.171132" lon="-3.657221">
        <ele>1303.76</ele>
      </trkpt>
      <trkpt lat="43.171197" lon="-3.65699">
        <ele>1303.59</ele>
      </trkpt>
      <trkpt lat="43.171241" lon="-3.656786">
        <ele>1304.65</ele>
      </trkpt>
      <trkpt lat="43.171273" lon="-3.65634">
        <ele>1306.63</ele>
      </trkpt>
      <trkpt lat="43.171392" lon="-3.655683">
        <ele>1310.74</ele>
      </trkpt>
      <trkpt lat="43.171395" lon="-3.655613">
        <ele>1311.15</ele>
      </trkpt>
      <trkpt lat="43.171381" lon="-3.655482">
        <ele>1311.76</ele>
      </trkpt>
      <trkpt lat="43.171347" lon="-3.655361">
        <ele>1312.36</ele>
      </trkpt>
      <trkpt lat="43.171282" lon="-3.655209">
        <ele>1313.15</ele>
      </trkpt>
      <trkpt lat="43.171148" lon="-3.654978">
        <ele>1314.46</ele>
      </trkpt>
      <trkpt lat="43.171016" lon="-3.654673">
        <ele>1316.84</ele>
      </trkpt>
      <trkpt lat="43.170982" lon="-3.654553">
        <ele>1317.26</ele>
      </trkpt>
      <trkpt lat="43.170959" lon="-3.654364">
        <ele>1316.71</ele>
      </trkpt>
      <trkpt lat="43.170952" lon="-3.653925">
        <ele>1315.11</ele>
      </trkpt>
      <trkpt lat="43.170956" lon="-3.652919">
        <ele>1311.01</ele>
      </trkpt>
      <trkpt lat="43.17096" lon="-3.652496">
        <ele>1310.9</ele>
      </trkpt>
      <trkpt lat="43.170982" lon="-3.652287">
        <ele>1309.31</ele>
      </trkpt>
      <trkpt lat="43.171011" lon="-3.652159">
        <ele>1307.85</ele>
      </trkpt>
      <trkpt lat="43.171088" lon="-3.651888">
        <ele>1307.34</ele>
      </trkpt>
      <trkpt lat="43.171154" lon="-3.651714">
        <ele>1307.38</ele>
      </trkpt>
      <trkpt lat="43.171223" lon="-3.651587">
        <ele>1307.81</ele>
      </trkpt>
      <trkpt lat="43.171291" lon="-3.651499">
        <ele>1307.61</ele>
      </trkpt>
      <trkpt lat="43.171374" lon="-3.651416">
        <ele>1306.98</ele>
      </trkpt>
      <trkpt lat="43.171632" lon="-3.651209">
        <ele>1305.16</ele>
      </trkpt>
      <trkpt lat="43.171825" lon="-3.651039">
        <ele>1304.99</ele>
      </trkpt>
      <trkpt lat="43.171937" lon="-3.650903">
        <ele>1304.01</ele>
      </trkpt>
      <trkpt lat="43.171983" lon="-3.650824">
        <ele>1303.77</ele>
      </trkpt>
      <trkpt lat="43.172052" lon="-3.650639">
        <ele>1302.44</ele>
      </trkpt>
      <trkpt lat="43.172113" lon="-3.650426">
        <ele>1302.69</ele>
      </trkpt>
      <trkpt lat="43.172193" lon="-3.650154">
        <ele>1300.79</ele>
      </trkpt>
      <trkpt lat="43.172351" lon="-3.649674">
        <ele>1298.62</ele>
      </trkpt>
      <trkpt lat="43.172403" lon="-3.649458">
        <ele>1297.18</ele>
      </trkpt>
      <trkpt lat="43.172497" lon="-3.649413">
        <ele>1297.42</ele>
      </trkpt>
      <trkpt lat="43.172593" lon="-3.649352">
        <ele>1298.71</ele>
      </trkpt>
      <trkpt lat="43.172642" lon="-3.64928">
        <ele>1299.12</ele>
      </trkpt>
      <trkpt lat="43.172678" lon="-3.649176">
        <ele>1299.36</ele>
      </trkpt>
      <trkpt lat="43.172695" lon="-3.649033">
        <ele>1299.09</ele>
      </trkpt>
      <trkpt lat="43.172671" lon="-3.648196">
        <ele>1299.58</ele>
      </trkpt>
      <trkpt lat="43.172641" lon="-3.647747">
        <ele>1300.07</ele>
      </trkpt>
      <trkpt lat="43.172614" lon="-3.646741">
        <ele>1302.65</ele>
      </trkpt>
      <trkpt lat="43.172629" lon="-3.646418">
        <ele>1304.21</ele>
      </trkpt>
      <trkpt lat="43.172686" lon="-3.64607">
        <ele>1304.82</ele>
      </trkpt>
      <trkpt lat="43.17283" lon="-3.645595">
        <ele>1306.28</ele>
      </trkpt>
      <trkpt lat="43.173055" lon="-3.645103">
        <ele>1308.15</ele>
      </trkpt>
      <trkpt lat="43.173335" lon="-3.644367">
        <ele>1310.36</ele>
      </trkpt>
      <trkpt lat="43.173485" lon="-3.644181">
        <ele>1312.37</ele>
      </trkpt>
      <trkpt lat="43.173644" lon="-3.644046">
        <ele>1313.43</ele>
      </trkpt>
      <trkpt lat="43.173695" lon="-3.643984">
        <ele>1313.83</ele>
      </trkpt>
      <trkpt lat="43.173725" lon="-3.643914">
        <ele>1314.2</ele>
      </trkpt>
      <trkpt lat="43.173742" lon="-3.643845">
        <ele>1314.73</ele>
      </trkpt>
      <trkpt lat="43.173747" lon="-3.643762">
        <ele>1315.26</ele>
      </trkpt>
      <trkpt lat="43.173718" lon="-3.643409">
        <ele>1317.18</ele>
      </trkpt>
      <trkpt lat="43.17374" lon="-3.642455">
        <ele>1323.48</ele>
      </trkpt>
      <trkpt lat="43.173757" lon="-3.642331">
        <ele>1324.53</ele>
      </trkpt>
      <trkpt lat="43.173785" lon="-3.642245">
        <ele>1325.57</ele>
      </trkpt>
      <trkpt lat="43.173823" lon="-3.642175">
        <ele>1326.57</ele>
      </trkpt>
      <trkpt lat="43.173924" lon="-3.642085">
        <ele>1328.65</ele>
      </trkpt>
      <trkpt lat="43.173976" lon="-3.642071">
        <ele>1329.4</ele>
      </trkpt>
      <trkpt lat="43.174038" lon="-3.642084">
        <ele>1329.91</ele>
      </trkpt>
      <trkpt lat="43.174098" lon="-3.642118">
        <ele>1330.59</ele>
      </trkpt>
      <trkpt lat="43.174143" lon="-3.642158">
        <ele>1331.62</ele>
      </trkpt>
      <trkpt lat="43.174173" lon="-3.642217">
        <ele>1331.68</ele>
      </trkpt>
      <trkpt lat="43.174189" lon="-3.642298">
        <ele>1332.79</ele>
      </trkpt>
      <trkpt lat="43.174206" lon="-3.642499">
        <ele>1334.08</ele>
      </trkpt>
      <trkpt lat="43.174197" lon="-3.642618">
        <ele>1335.35</ele>
      </trkpt>
      <trkpt lat="43.174175" lon="-3.642745">
        <ele>1336.73</ele>
      </trkpt>
      <trkpt lat="43.174169" lon="-3.642854">
        <ele>1337.21</ele>
      </trkpt>
      <trkpt lat="43.174175" lon="-3.643112">
        <ele>1337.93</ele>
      </trkpt>
      <trkpt lat="43.174195" lon="-3.643237">
        <ele>1337.83</ele>
      </trkpt>
      <trkpt lat="43.174341" lon="-3.643664">
        <ele>1339.39</ele>
      </trkpt>
      <trkpt lat="43.174354" lon="-3.643777">
        <ele>1340.37</ele>
      </trkpt>
      <trkpt lat="43.174349" lon="-3.643904">
        <ele>1340.21</ele>
      </trkpt>
      <trkpt lat="43.174329" lon="-3.644025">
        <ele>1339.92</ele>
      </trkpt>
      <trkpt lat="43.17431" lon="-3.644132">
        <ele>1340.05</ele>
      </trkpt>
      <trkpt lat="43.174274" lon="-3.644249">
        <ele>1340.82</ele>
      </trkpt>
      <trkpt lat="43.174218" lon="-3.644352">
        <ele>1341.3</ele>
      </trkpt>
      <trkpt lat="43.173947" lon="-3.644697">
        <ele>1343.43</ele>
      </trkpt>
      <trkpt lat="43.173903" lon="-3.644766">
        <ele>1343.91</ele>
      </trkpt>
      <trkpt lat="43.173859" lon="-3.644892">
        <ele>1345.03</ele>
      </trkpt>
      <trkpt lat="43.173837" lon="-3.645013">
        <ele>1344.94</ele>
      </trkpt>
      <trkpt lat="43.173828" lon="-3.645139">
        <ele>1344.89</ele>
      </trkpt>
      <trkpt lat="43.173842" lon="-3.645384">
        <ele>1346.45</ele>
      </trkpt>
      <trkpt lat="43.173843" lon="-3.645462">
        <ele>1346.91</ele>
      </trkpt>
      <trkpt lat="43.173833" lon="-3.645527">
        <ele>1346.95</ele>
      </trkpt>
      <trkpt lat="43.173816" lon="-3.645587">
        <ele>1346.92</ele>
      </trkpt>
      <trkpt lat="43.173691" lon="-3.645824">
        <ele>1347.98</ele>
      </trkpt>
      <trkpt lat="43.173652" lon="-3.645912">
        <ele>1348.74</ele>
      </trkpt>
      <trkpt lat="43.173622" lon="-3.646009">
        <ele>1349.28</ele>
      </trkpt>
      <trkpt lat="43.173599" lon="-3.646169">
        <ele>1349.22</ele>
      </trkpt>
      <trkpt lat="43.173601" lon="-3.646244">
        <ele>1349.26</ele>
      </trkpt>
      <trkpt lat="43.173617" lon="-3.646338">
        <ele>1349.64</ele>
      </trkpt>
      <trkpt lat="43.173753" lon="-3.646754">
        <ele>1351.87</ele>
      </trkpt>
      <trkpt lat="43.173773" lon="-3.646853">
        <ele>1352.44</ele>
      </trkpt>
      <trkpt lat="43.173797" lon="-3.647177">
        <ele>1352.6</ele>
      </trkpt>
      <trkpt lat="43.173817" lon="-3.647332">
        <ele>1353.08</ele>
      </trkpt>
      <trkpt lat="43.173851" lon="-3.647484">
        <ele>1354.36</ele>
      </trkpt>
      <trkpt lat="43.173892" lon="-3.647619">
        <ele>1355.22</ele>
      </trkpt>
      <trkpt lat="43.17402" lon="-3.647959">
        <ele>1358.12</ele>
      </trkpt>
      <trkpt lat="43.174076" lon="-3.648082">
        <ele>1358.73</ele>
      </trkpt>
      <trkpt lat="43.17412" lon="-3.648154">
        <ele>1359.76</ele>
      </trkpt>
      <trkpt lat="43.174167" lon="-3.648209">
        <ele>1360.47</ele>
      </trkpt>
      <trkpt lat="43.174215" lon="-3.648249">
        <ele>1361.04</ele>
      </trkpt>
      <trkpt lat="43.174267" lon="-3.648272">
        <ele>1361.61</ele>
      </trkpt>
      <trkpt lat="43.174384" lon="-3.648284">
        <ele>1362.8</ele>
      </trkpt>
      <trkpt lat="43.174478" lon="-3.648255">
        <ele>1363.52</ele>
      </trkpt>
      <trkpt lat="43.174815" lon="-3.648002">
        <ele>1367.86</ele>
      </trkpt>
      <trkpt lat="43.17486" lon="-3.647975">
        <ele>1368.12</ele>
      </trkpt>
      <trkpt lat="43.17495" lon="-3.647946">
        <ele>1368.54</ele>
      </trkpt>
      <trkpt lat="43.175058" lon="-3.647935">
        <ele>1369.39</ele>
      </trkpt>
      <trkpt lat="43.175358" lon="-3.64794">
        <ele>1371.88</ele>
      </trkpt>
      <trkpt lat="43.175716" lon="-3.647962">
        <ele>1374.21</ele>
      </trkpt>
      <trkpt lat="43.175801" lon="-3.647953">
        <ele>1375.34</ele>
      </trkpt>
      <trkpt lat="43.175847" lon="-3.647937">
        <ele>1375.79</ele>
      </trkpt>
      <trkpt lat="43.17599" lon="-3.647868">
        <ele>1376.65</ele>
      </trkpt>
      <trkpt lat="43.176105" lon="-3.647794">
        <ele>1378.06</ele>
      </trkpt>
      <trkpt lat="43.176186" lon="-3.647708">
        <ele>1379</ele>
      </trkpt>
      <trkpt lat="43.176227" lon="-3.647642">
        <ele>1380.09</ele>
      </trkpt>
      <trkpt lat="43.176261" lon="-3.647565">
        <ele>1380.97</ele>
      </trkpt>
      <trkpt lat="43.176293" lon="-3.647467">
        <ele>1381.44</ele>
      </trkpt>
      <trkpt lat="43.176322" lon="-3.647301">
        <ele>1382.53</ele>
      </trkpt>
      <trkpt lat="43.176324" lon="-3.647136">
        <ele>1383.72</ele>
      </trkpt>
      <trkpt lat="43.176308" lon="-3.647002">
        <ele>1384.83</ele>
      </trkpt>
      <trkpt lat="43.176251" lon="-3.646831">
        <ele>1386.93</ele>
      </trkpt>
      <trkpt lat="43.176184" lon="-3.646699">
        <ele>1387.44</ele>
      </trkpt>
      <trkpt lat="43.175985" lon="-3.646397">
        <ele>1390.33</ele>
      </trkpt>
      <trkpt lat="43.175813" lon="-3.646162">
        <ele>1392.22</ele>
      </trkpt>
      <trkpt lat="43.175768" lon="-3.646081">
        <ele>1393.61</ele>
      </trkpt>
      <trkpt lat="43.175729" lon="-3.64599">
        <ele>1394.21</ele>
      </trkpt>
      <trkpt lat="43.1757" lon="-3.645899">
        <ele>1394.4</ele>
      </trkpt>
      <trkpt lat="43.175687" lon="-3.645824">
        <ele>1394.73</ele>
      </trkpt>
      <trkpt lat="43.175685" lon="-3.645648">
        <ele>1395.46</ele>
      </trkpt>
      <trkpt lat="43.175698" lon="-3.645544">
        <ele>1396.38</ele>
      </trkpt>
      <trkpt lat="43.17572" lon="-3.645451">
        <ele>1397.33</ele>
      </trkpt>
      <trkpt lat="43.175746" lon="-3.645377">
        <ele>1398.59</ele>
      </trkpt>
      <trkpt lat="43.175779" lon="-3.645325">
        <ele>1399.02</ele>
      </trkpt>
      <trkpt lat="43.175826" lon="-3.645273">
        <ele>1399.18</ele>
      </trkpt>
      <trkpt lat="43.175999" lon="-3.645121">
        <ele>1400.68</ele>
      </trkpt>
      <trkpt lat="43.176062" lon="-3.64504">
        <ele>1401.45</ele>
      </trkpt>
      <trkpt lat="43.176122" lon="-3.644962">
        <ele>1401.65</ele>
      </trkpt>
      <trkpt lat="43.176196" lon="-3.644833">
        <ele>1402.34</ele>
      </trkpt>
      <trkpt lat="43.176319" lon="-3.644579">
        <ele>1404.33</ele>
      </trkpt>
      <trkpt lat="43.17639" lon="-3.644481">
        <ele>1406.49</ele>
      </trkpt>
      <trkpt lat="43.176691" lon="-3.64415">
        <ele>1410.46</ele>
      </trkpt>
      <trkpt lat="43.17675" lon="-3.644057">
        <ele>1410.57</ele>
      </trkpt>
      <trkpt lat="43.176816" lon="-3.643941">
        <ele>1411.25</ele>
      </trkpt>
      <trkpt lat="43.176881" lon="-3.643793">
        <ele>1412.88</ele>
      </trkpt>
      <trkpt lat="43.176925" lon="-3.643665">
        <ele>1413.42</ele>
      </trkpt>
      <trkpt lat="43.176954" lon="-3.643555">
        <ele>1413.81</ele>
      </trkpt>
      <trkpt lat="43.176959" lon="-3.643394">
        <ele>1414.77</ele>
      </trkpt>
      <trkpt lat="43.176949" lon="-3.643316">
        <ele>1415.2</ele>
      </trkpt>
      <trkpt lat="43.176906" lon="-3.643188">
        <ele>1416.62</ele>
      </trkpt>
      <trkpt lat="43.176864" lon="-3.643121">
        <ele>1417.38</ele>
      </trkpt>
      <trkpt lat="43.176816" lon="-3.643074">
        <ele>1417.75</ele>
      </trkpt>
      <trkpt lat="43.176745" lon="-3.643023">
        <ele>1418.11</ele>
      </trkpt>
      <trkpt lat="43.176659" lon="-3.642984">
        <ele>1418.33</ele>
      </trkpt>
      <trkpt lat="43.176558" lon="-3.642953">
        <ele>1418.97</ele>
      </trkpt>
      <trkpt lat="43.176218" lon="-3.642909">
        <ele>1422.71</ele>
      </trkpt>
      <trkpt lat="43.176128" lon="-3.642876">
        <ele>1424.05</ele>
      </trkpt>
      <trkpt lat="43.176054" lon="-3.642837">
        <ele>1424.43</ele>
      </trkpt>
      <trkpt lat="43.175988" lon="-3.642791">
        <ele>1424.55</ele>
      </trkpt>
      <trkpt lat="43.175926" lon="-3.642729">
        <ele>1425.3</ele>
      </trkpt>
      <trkpt lat="43.175799" lon="-3.642564">
        <ele>1425.31</ele>
      </trkpt>
      <trkpt lat="43.17568" lon="-3.642355">
        <ele>1428.18</ele>
      </trkpt>
      <trkpt lat="43.175612" lon="-3.642161">
        <ele>1430.91</ele>
      </trkpt>
      <trkpt lat="43.175599" lon="-3.642079">
        <ele>1430.9</ele>
      </trkpt>
      <trkpt lat="43.175596" lon="-3.641988">
        <ele>1431.26</ele>
      </trkpt>
      <trkpt lat="43.175614" lon="-3.641814">
        <ele>1433.01</ele>
      </trkpt>
      <trkpt lat="43.175697" lon="-3.64145">
        <ele>1433.73</ele>
      </trkpt>
      <trkpt lat="43.175825" lon="-3.640876">
        <ele>1437.74</ele>
      </trkpt>
      <trkpt lat="43.175879" lon="-3.640659">
        <ele>1440.96</ele>
      </trkpt>
      <trkpt lat="43.175921" lon="-3.640526">
        <ele>1441.37</ele>
      </trkpt>
      <trkpt lat="43.17598" lon="-3.640375">
        <ele>1442.16</ele>
      </trkpt>
      <trkpt lat="43.176125" lon="-3.640118">
        <ele>1444.72</ele>
      </trkpt>
      <trkpt lat="43.176205" lon="-3.640005">
        <ele>1445.23</ele>
      </trkpt>
      <trkpt lat="43.176313" lon="-3.639884">
        <ele>1447.54</ele>
      </trkpt>
      <trkpt lat="43.176426" lon="-3.639775">
        <ele>1448.45</ele>
      </trkpt>
      <trkpt lat="43.176575" lon="-3.639658">
        <ele>1449.21</ele>
      </trkpt>
      <trkpt lat="43.176695" lon="-3.639609">
        <ele>1450.09</ele>
      </trkpt>
      <trkpt lat="43.176745" lon="-3.639605">
        <ele>1450.27</ele>
      </trkpt>
      <trkpt lat="43.176846" lon="-3.639619">
        <ele>1450.87</ele>
      </trkpt>
      <trkpt lat="43.176915" lon="-3.639647">
        <ele>1450.97</ele>
      </trkpt>
      <trkpt lat="43.177168" lon="-3.639804">
        <ele>1451.93</ele>
      </trkpt>
      <trkpt lat="43.177265" lon="-3.639875">
        <ele>1451.82</ele>
      </trkpt>
      <trkpt lat="43.177571" lon="-3.640132">
        <ele>1451.97</ele>
      </trkpt>
      <trkpt lat="43.177634" lon="-3.640171">
        <ele>1451.84</ele>
      </trkpt>
      <trkpt lat="43.177913" lon="-3.640282">
        <ele>1452.28</ele>
      </trkpt>
      <trkpt lat="43.177967" lon="-3.640312">
        <ele>1452.09</ele>
      </trkpt>
      <trkpt lat="43.178027" lon="-3.640363">
        <ele>1452.2</ele>
      </trkpt>
      <trkpt lat="43.178103" lon="-3.640457">
        <ele>1451.09</ele>
      </trkpt>
      <trkpt lat="43.178128" lon="-3.640511">
        <ele>1451.08</ele>
      </trkpt>
      <trkpt lat="43.178154" lon="-3.640626">
        <ele>1451.47</ele>
      </trkpt>
      <trkpt lat="43.178157" lon="-3.640744">
        <ele>1451.23</ele>
      </trkpt>
      <trkpt lat="43.17812" lon="-3.640913">
        <ele>1451.12</ele>
      </trkpt>
      <trkpt lat="43.178058" lon="-3.641075">
        <ele>1451.72</ele>
      </trkpt>
      <trkpt lat="43.17801" lon="-3.641169">
        <ele>1450.87</ele>
      </trkpt>
      <trkpt lat="43.177839" lon="-3.641478">
        <ele>1452.14</ele>
      </trkpt>
      <trkpt lat="43.177782" lon="-3.641649">
        <ele>1451.91</ele>
      </trkpt>
      <trkpt lat="43.177757" lon="-3.641821">
        <ele>1451.24</ele>
      </trkpt>
      <trkpt lat="43.177759" lon="-3.642121">
        <ele>1450.28</ele>
      </trkpt>
      <trkpt lat="43.17777" lon="-3.642194">
        <ele>1450.27</ele>
      </trkpt>
      <trkpt lat="43.177792" lon="-3.642266">
        <ele>1449.71</ele>
      </trkpt>
      <trkpt lat="43.177827" lon="-3.64234">
        <ele>1449.53</ele>
      </trkpt>
      <trkpt lat="43.177907" lon="-3.642473">
        <ele>1448.92</ele>
      </trkpt>
      <trkpt lat="43.17797" lon="-3.642547">
        <ele>1450.51</ele>
      </trkpt>
      <trkpt lat="43.178017" lon="-3.642581">
        <ele>1451.27</ele>
      </trkpt>
      <trkpt lat="43.178063" lon="-3.642603">
        <ele>1451.94</ele>
      </trkpt>
      <trkpt lat="43.178187" lon="-3.642631">
        <ele>1453.37</ele>
      </trkpt>
      <trkpt lat="43.178434" lon="-3.642658">
        <ele>1453.57</ele>
      </trkpt>
      <trkpt lat="43.178587" lon="-3.642649">
        <ele>1454.42</ele>
      </trkpt>
      <trkpt lat="43.178667" lon="-3.642627">
        <ele>1455.52</ele>
      </trkpt>
      <trkpt lat="43.178936" lon="-3.642514">
        <ele>1457.9</ele>
      </trkpt>
      <trkpt lat="43.179076" lon="-3.64244">
        <ele>1460.24</ele>
      </trkpt>
      <trkpt lat="43.179178" lon="-3.642374">
        <ele>1460.3</ele>
      </trkpt>
      <trkpt lat="43.179255" lon="-3.642317">
        <ele>1461.66</ele>
      </trkpt>
      <trkpt lat="43.179466" lon="-3.642127">
        <ele>1462.44</ele>
      </trkpt>
      <trkpt lat="43.179776" lon="-3.6418">
        <ele>1466.09</ele>
      </trkpt>
      <trkpt lat="43.179859" lon="-3.641748">
        <ele>1468.75</ele>
      </trkpt>
      <trkpt lat="43.179985" lon="-3.641724">
        <ele>1470.01</ele>
      </trkpt>
      <trkpt lat="43.18014" lon="-3.64172">
        <ele>1471.46</ele>
      </trkpt>
      <trkpt lat="43.180242" lon="-3.641729">
        <ele>1471.57</ele>
      </trkpt>
      <trkpt lat="43.180408" lon="-3.641762">
        <ele>1473.49</ele>
      </trkpt>
      <trkpt lat="43.180549" lon="-3.641824">
        <ele>1475.21</ele>
      </trkpt>
      <trkpt lat="43.180624" lon="-3.641878">
        <ele>1476.24</ele>
      </trkpt>
      <trkpt lat="43.180668" lon="-3.641928">
        <ele>1477.33</ele>
      </trkpt>
      <trkpt lat="43.180765" lon="-3.64209">
        <ele>1478.56</ele>
      </trkpt>
      <trkpt lat="43.180799" lon="-3.642185">
        <ele>1479.61</ele>
      </trkpt>
      <trkpt lat="43.180838" lon="-3.642384">
        <ele>1480.42</ele>
      </trkpt>
      <trkpt lat="43.180893" lon="-3.642883">
        <ele>1485.65</ele>
      </trkpt>
      <trkpt lat="43.180915" lon="-3.643013">
        <ele>1487.71</ele>
      </trkpt>
      <trkpt lat="43.180936" lon="-3.643104">
        <ele>1488.35</ele>
      </trkpt>
      <trkpt lat="43.180981" lon="-3.643191">
        <ele>1486.85</ele>
      </trkpt>
      <trkpt lat="43.181062" lon="-3.643245">
        <ele>1486.96</ele>
      </trkpt>
      <trkpt lat="43.181423" lon="-3.643348">
        <ele>1491.87</ele>
      </trkpt>
      <trkpt lat="43.181463" lon="-3.643375">
        <ele>1492.05</ele>
      </trkpt>
      <trkpt lat="43.181519" lon="-3.643455">
        <ele>1492.32</ele>
      </trkpt>
      <trkpt lat="43.181542" lon="-3.643524">
        <ele>1493.16</ele>
      </trkpt>
      <trkpt lat="43.181574" lon="-3.643707">
        <ele>1495.19</ele>
      </trkpt>
      <trkpt lat="43.181614" lon="-3.643983">
        <ele>1499.08</ele>
      </trkpt>
      <trkpt lat="43.181679" lon="-3.644499">
        <ele>1503.65</ele>
      </trkpt>
      <trkpt lat="43.181696" lon="-3.644584">
        <ele>1503.3</ele>
      </trkpt>
      <trkpt lat="43.181714" lon="-3.644646">
        <ele>1502.8</ele>
      </trkpt>
      <trkpt lat="43.18174" lon="-3.6447">
        <ele>1501.58</ele>
      </trkpt>
      <trkpt lat="43.181771" lon="-3.644743">
        <ele>1501.74</ele>
      </trkpt>
      <trkpt lat="43.181814" lon="-3.64478">
        <ele>1502.08</ele>
      </trkpt>
      <trkpt lat="43.181895" lon="-3.644826">
        <ele>1502.69</ele>
      </trkpt>
      <trkpt lat="43.18197" lon="-3.644853">
        <ele>1503.08</ele>
      </trkpt>
      <trkpt lat="43.182142" lon="-3.644872">
        <ele>1504.53</ele>
      </trkpt>
      <trkpt lat="43.182304" lon="-3.644853">
        <ele>1505.95</ele>
      </trkpt>
      <trkpt lat="43.182454" lon="-3.644788">
        <ele>1507.11</ele>
      </trkpt>
      <trkpt lat="43.182578" lon="-3.644692">
        <ele>1507.63</ele>
      </trkpt>
      <trkpt lat="43.182621" lon="-3.644641">
        <ele>1509</ele>
      </trkpt>
      <trkpt lat="43.182721" lon="-3.644474">
        <ele>1509.99</ele>
      </trkpt>
      <trkpt lat="43.182798" lon="-3.644288">
        <ele>1510.18</ele>
      </trkpt>
      <trkpt lat="43.182843" lon="-3.644122">
        <ele>1510.8</ele>
      </trkpt>
      <trkpt lat="43.182913" lon="-3.643967">
        <ele>1512.59</ele>
      </trkpt>
      <trkpt lat="43.182963" lon="-3.643901">
        <ele>1513.94</ele>
      </trkpt>
      <trkpt lat="43.183011" lon="-3.643857">
        <ele>1515.71</ele>
      </trkpt>
      <trkpt lat="43.183059" lon="-3.643834">
        <ele>1516.2</ele>
      </trkpt>
      <trkpt lat="43.183113" lon="-3.643833">
        <ele>1516.88</ele>
      </trkpt>
      <trkpt lat="43.183164" lon="-3.643846">
        <ele>1517.49</ele>
      </trkpt>
      <trkpt lat="43.183198" lon="-3.643869">
        <ele>1517.97</ele>
      </trkpt>
      <trkpt lat="43.183246" lon="-3.643945">
        <ele>1519.04</ele>
      </trkpt>
      <trkpt lat="43.183259" lon="-3.643996">
        <ele>1519.48</ele>
      </trkpt>
      <trkpt lat="43.183266" lon="-3.644067">
        <ele>1520.02</ele>
      </trkpt>
      <trkpt lat="43.183251" lon="-3.644197">
        <ele>1521.1</ele>
      </trkpt>
      <trkpt lat="43.18323" lon="-3.644253">
        <ele>1521.96</ele>
      </trkpt>
      <trkpt lat="43.183149" lon="-3.644397">
        <ele>1524.16</ele>
      </trkpt>
      <trkpt lat="43.183066" lon="-3.64451">
        <ele>1525.69</ele>
      </trkpt>
      <trkpt lat="43.182945" lon="-3.644671">
        <ele>1525.06</ele>
      </trkpt>
      <trkpt lat="43.182714" lon="-3.645058">
        <ele>1525.91</ele>
      </trkpt>
      <trkpt lat="43.182618" lon="-3.645203">
        <ele>1527.11</ele>
      </trkpt>
      <trkpt lat="43.182495" lon="-3.645437">
        <ele>1530.93</ele>
      </trkpt>
      <trkpt lat="43.182418" lon="-3.645518">
        <ele>1532.65</ele>
      </trkpt>
      <trkpt lat="43.182237" lon="-3.645628">
        <ele>1534.04</ele>
      </trkpt>
      <trkpt lat="43.182118" lon="-3.645674">
        <ele>1535.33</ele>
      </trkpt>
      <trkpt lat="43.181823" lon="-3.645739">
        <ele>1537.41</ele>
      </trkpt>
      <trkpt lat="43.181764" lon="-3.645771">
        <ele>1537.59</ele>
      </trkpt>
      <trkpt lat="43.181508" lon="-3.646021">
        <ele>1541.1</ele>
      </trkpt>
      <trkpt lat="43.181468" lon="-3.646046">
        <ele>1541.52</ele>
      </trkpt>
      <trkpt lat="43.181424" lon="-3.646056">
        <ele>1542.06</ele>
      </trkpt>
      <trkpt lat="43.181364" lon="-3.646051">
        <ele>1542.61</ele>
      </trkpt>
      <trkpt lat="43.181274" lon="-3.646027">
        <ele>1542.44</ele>
      </trkpt>
      <trkpt lat="43.181022" lon="-3.645905">
        <ele>1542.86</ele>
      </trkpt>
      <trkpt lat="43.18086" lon="-3.645885">
        <ele>1544.03</ele>
      </trkpt>
      <trkpt lat="43.180759" lon="-3.6459">
        <ele>1544.72</ele>
      </trkpt>
      <trkpt lat="43.180614" lon="-3.645954">
        <ele>1545.48</ele>
      </trkpt>
      <trkpt lat="43.180263" lon="-3.646113">
        <ele>1547.45</ele>
      </trkpt>
      <trkpt lat="43.180034" lon="-3.646232">
        <ele>1550.32</ele>
      </trkpt>
      <trkpt lat="43.179805" lon="-3.64635">
        <ele>1551.11</ele>
      </trkpt>
      <trkpt lat="43.1796" lon="-3.646438">
        <ele>1552.6</ele>
      </trkpt>
      <trkpt lat="43.179261" lon="-3.64656">
        <ele>1555.42</ele>
      </trkpt>
      <trkpt lat="43.179087" lon="-3.646613">
        <ele>1555.48</ele>
      </trkpt>
      <trkpt lat="43.179029" lon="-3.646651">
        <ele>1555.98</ele>
      </trkpt>
      <trkpt lat="43.178941" lon="-3.646732">
        <ele>1556.7</ele>
      </trkpt>
      <trkpt lat="43.178911" lon="-3.646785">
        <ele>1557.07</ele>
      </trkpt>
      <trkpt lat="43.17889" lon="-3.646851">
        <ele>1558.09</ele>
      </trkpt>
      <trkpt lat="43.178876" lon="-3.646932">
        <ele>1558.63</ele>
      </trkpt>
      <trkpt lat="43.178873" lon="-3.647014">
        <ele>1559.14</ele>
      </trkpt>
      <trkpt lat="43.178881" lon="-3.647105">
        <ele>1559.87</ele>
      </trkpt>
      <trkpt lat="43.178897" lon="-3.647184">
        <ele>1560.79</ele>
      </trkpt>
      <trkpt lat="43.178953" lon="-3.647317">
        <ele>1563.1</ele>
      </trkpt>
      <trkpt lat="43.178985" lon="-3.647352">
        <ele>1564.75</ele>
      </trkpt>
      <trkpt lat="43.179034" lon="-3.647389">
        <ele>1565.65</ele>
      </trkpt>
      <trkpt lat="43.179087" lon="-3.647408">
        <ele>1566.41</ele>
      </trkpt>
      <trkpt lat="43.179184" lon="-3.647411">
        <ele>1568.09</ele>
      </trkpt>
      <trkpt lat="43.17942" lon="-3.647359">
        <ele>1570.87</ele>
      </trkpt>
      <trkpt lat="43.179626" lon="-3.647337">
        <ele>1574.12</ele>
      </trkpt>
      <trkpt lat="43.179772" lon="-3.647353">
        <ele>1575.25</ele>
      </trkpt>
      <trkpt lat="43.179941" lon="-3.647403">
        <ele>1577.94</ele>
      </trkpt>
      <trkpt lat="43.180033" lon="-3.647438">
        <ele>1579.33</ele>
      </trkpt>
      <trkpt lat="43.180096" lon="-3.647476">
        <ele>1580.12</ele>
      </trkpt>
      <trkpt lat="43.180309" lon="-3.647677">
        <ele>1583.65</ele>
      </trkpt>
      <trkpt lat="43.18045" lon="-3.647787">
        <ele>1586.65</ele>
      </trkpt>
      <trkpt lat="43.180534" lon="-3.647835">
        <ele>1587.22</ele>
      </trkpt>
      <trkpt lat="43.180631" lon="-3.647875">
        <ele>1587.65</ele>
      </trkpt>
      <trkpt lat="43.180855" lon="-3.64794">
        <ele>1591.45</ele>
      </trkpt>
      <trkpt lat="43.180895" lon="-3.647969">
        <ele>1592.01</ele>
      </trkpt>
      <trkpt lat="43.180924" lon="-3.648008">
        <ele>1592.69</ele>
      </trkpt>
      <trkpt lat="43.180951" lon="-3.648069">
        <ele>1593.78</ele>
      </trkpt>
      <trkpt lat="43.180969" lon="-3.648147">
        <ele>1594.97</ele>
      </trkpt>
      <trkpt lat="43.180972" lon="-3.648212">
        <ele>1595.84</ele>
      </trkpt>
      <trkpt lat="43.180946" lon="-3.64841">
        <ele>1598.09</ele>
      </trkpt>
      <trkpt lat="43.180898" lon="-3.648576">
        <ele>1600.19</ele>
      </trkpt>
      <trkpt lat="43.180867" lon="-3.648636">
        <ele>1600.95</ele>
      </trkpt>
      <trkpt lat="43.180818" lon="-3.648694">
        <ele>1601.86</ele>
      </trkpt>
      <trkpt lat="43.180769" lon="-3.648725">
        <ele>1602.64</ele>
      </trkpt>
      <trkpt lat="43.180709" lon="-3.648743">
        <ele>1603.53</ele>
      </trkpt>
      <trkpt lat="43.180658" lon="-3.648744">
        <ele>1604.33</ele>
      </trkpt>
      <trkpt lat="43.180605" lon="-3.648724">
        <ele>1605.42</ele>
      </trkpt>
      <trkpt lat="43.180557" lon="-3.648686">
        <ele>1606.86</ele>
      </trkpt>
      <trkpt lat="43.180522" lon="-3.648636">
        <ele>1607.62</ele>
      </trkpt>
      <trkpt lat="43.180461" lon="-3.64847">
        <ele>1609.14</ele>
      </trkpt>
      <trkpt lat="43.180425" lon="-3.648406">
        <ele>1610.03</ele>
      </trkpt>
      <trkpt lat="43.180327" lon="-3.648314">
        <ele>1611.22</ele>
      </trkpt>
      <trkpt lat="43.180247" lon="-3.648274">
        <ele>1611.96</ele>
      </trkpt>
      <trkpt lat="43.180175" lon="-3.648256">
        <ele>1612.55</ele>
      </trkpt>
      <trkpt lat="43.180069" lon="-3.648245">
        <ele>1613.22</ele>
      </trkpt>
      <trkpt lat="43.179991" lon="-3.648255">
        <ele>1613.36</ele>
      </trkpt>
      <trkpt lat="43.179921" lon="-3.648289">
        <ele>1613.07</ele>
      </trkpt>
      <trkpt lat="43.179857" lon="-3.648354">
        <ele>1613.62</ele>
      </trkpt>
      <trkpt lat="43.179822" lon="-3.648409">
        <ele>1613.65</ele>
      </trkpt>
      <trkpt lat="43.179802" lon="-3.64844">
        <ele>1613.68</ele>
      </trkpt>
      <trkpt lat="43.17977" lon="-3.648523">
        <ele>1614.42</ele>
      </trkpt>
      <trkpt lat="43.179751" lon="-3.648607">
        <ele>1615.4</ele>
      </trkpt>
      <trkpt lat="43.179731" lon="-3.648753">
        <ele>1615.76</ele>
      </trkpt>
    </trkseg>
  </trk>
</gpx>
