<?xml version="1.0" encoding="UTF-8"?><gpx creator="https://climbfinder.com" version="1.1"  xmlns:xsi="http://www.w3.org/2001/XMLSchema-instance"  xmlns="http://www.topografix.com/GPX/1/1" xsi:schemaLocation="http://www.topografix.com/GPX/1/1 http://www.topografix.com/GPX/1/1/gpx.xsd">
  <metadata>
    <name>puerto-de-velefique-desde-tabernas</name>
    <author>
      <link href="https://climbfinder.com">
        <text>climbfinder</text>
        <type>text/html</type>
      </link>
    </author>
  </metadata>
  <trk>
    <name>puerto-de-velefique-desde-tabernas</name>
    <trkseg>
			<trkpt lat="37.07133" lon="-2.38499">
        <ele>462.9</ele>
        <time>2026-08-04T09:00:00Z</time>
      </trkpt>
			<trkpt lat="37.07134" lon="-2.38505">
        <ele>462.9</ele>
        <time>2026-08-04T09:00:00Z</time>
      </trkpt>
			<trkpt lat="37.07144" lon="-2.38537">
        <ele>462.9</ele>
        <time>2026-08-04T09:00:04Z</time>
      </trkpt>
			<trkpt lat="37.0715" lon="-2.38548">
        <ele>462.9</ele>
        <time>2026-08-04T09:00:06Z</time>
      </trkpt>
			<trkpt lat="37.07157" lon="-2.38556">
        <ele>463</ele>
        <time>2026-08-04T09:00:08Z</time>
      </trkpt>
			<trkpt lat="37.07168" lon="-2.38567">
        <ele>463</ele>
        <time>2026-08-04T09:00:10Z</time>
      </trkpt>
			<trkpt lat="37.07178" lon="-2.38574">
        <ele>463</ele>
        <time>2026-08-04T09:00:11Z</time>
      </trkpt>
			<trkpt lat="37.07188" lon="-2.38578">
        <ele>463</ele>
        <time>2026-08-04T09:00:13Z</time>
      </trkpt>
			<trkpt lat="37.07198" lon="-2.38581">
        <ele>463.1</ele>
        <time>2026-08-04T09:00:15Z</time>
      </trkpt>
			<trkpt lat="37.07211" lon="-2.38581">
        <ele>463.1</ele>
        <time>2026-08-04T09:00:17Z</time>
      </trkpt>
			<trkpt lat="37.07227" lon="-2.38579">
        <ele>463.2</ele>
        <time>2026-08-04T09:00:19Z</time>
      </trkpt>
			<trkpt lat="37.07254" lon="-2.38574">
        <ele>463.3</ele>
        <time>2026-08-04T09:00:23Z</time>
      </trkpt>
			<trkpt lat="37.07281" lon="-2.38568">
        <ele>463.5</ele>
        <time>2026-08-04T09:00:28Z</time>
      </trkpt>
			<trkpt lat="37.07306" lon="-2.38566">
        <ele>463.8</ele>
        <time>2026-08-04T09:00:33Z</time>
      </trkpt>
			<trkpt lat="37.0733" lon="-2.38564">
        <ele>464.1</ele>
        <time>2026-08-04T09:00:37Z</time>
      </trkpt>
			<trkpt lat="37.07372" lon="-2.38562">
        <ele>464.7</ele>
        <time>2026-08-04T09:00:44Z</time>
      </trkpt>
			<trkpt lat="37.07414" lon="-2.3856">
        <ele>465.6</ele>
        <time>2026-08-04T09:00:52Z</time>
      </trkpt>
			<trkpt lat="37.07456" lon="-2.38557">
        <ele>466.6</ele>
        <time>2026-08-04T09:01:00Z</time>
      </trkpt>
			<trkpt lat="37.07498" lon="-2.38555">
        <ele>467.7</ele>
        <time>2026-08-04T09:01:08Z</time>
      </trkpt>
			<trkpt lat="37.07536" lon="-2.38554">
        <ele>468.6</ele>
        <time>2026-08-04T09:01:15Z</time>
      </trkpt>
			<trkpt lat="37.07574" lon="-2.38553">
        <ele>469.5</ele>
        <time>2026-08-04T09:01:23Z</time>
      </trkpt>
			<trkpt lat="37.076" lon="-2.38558">
        <ele>470.1</ele>
        <time>2026-08-04T09:01:28Z</time>
      </trkpt>
			<trkpt lat="37.07633" lon="-2.38566">
        <ele>470.7</ele>
        <time>2026-08-04T09:01:34Z</time>
      </trkpt>
			<trkpt lat="37.07665" lon="-2.38574">
        <ele>471.2</ele>
        <time>2026-08-04T09:01:40Z</time>
      </trkpt>
			<trkpt lat="37.07706" lon="-2.3858">
        <ele>471.9</ele>
        <time>2026-08-04T09:01:48Z</time>
      </trkpt>
			<trkpt lat="37.07746" lon="-2.38587">
        <ele>472.6</ele>
        <time>2026-08-04T09:01:55Z</time>
      </trkpt>
			<trkpt lat="37.07787" lon="-2.38594">
        <ele>473.3</ele>
        <time>2026-08-04T09:02:03Z</time>
      </trkpt>
			<trkpt lat="37.07829" lon="-2.38601">
        <ele>474.2</ele>
        <time>2026-08-04T09:02:11Z</time>
      </trkpt>
			<trkpt lat="37.0787" lon="-2.38608">
        <ele>475.3</ele>
        <time>2026-08-04T09:02:19Z</time>
      </trkpt>
			<trkpt lat="37.07911" lon="-2.38616">
        <ele>476.4</ele>
        <time>2026-08-04T09:02:27Z</time>
      </trkpt>
			<trkpt lat="37.07953" lon="-2.38623">
        <ele>477.5</ele>
        <time>2026-08-04T09:02:35Z</time>
      </trkpt>
			<trkpt lat="37.07994" lon="-2.3863">
        <ele>478.6</ele>
        <time>2026-08-04T09:02:43Z</time>
      </trkpt>
			<trkpt lat="37.08033" lon="-2.38639">
        <ele>479.6</ele>
        <time>2026-08-04T09:02:51Z</time>
      </trkpt>
			<trkpt lat="37.08065" lon="-2.38648">
        <ele>480.4</ele>
        <time>2026-08-04T09:02:57Z</time>
      </trkpt>
			<trkpt lat="37.08098" lon="-2.38658">
        <ele>481.2</ele>
        <time>2026-08-04T09:03:03Z</time>
      </trkpt>
			<trkpt lat="37.0813" lon="-2.38667">
        <ele>482</ele>
        <time>2026-08-04T09:03:10Z</time>
      </trkpt>
			<trkpt lat="37.08167" lon="-2.38674">
        <ele>482.9</ele>
        <time>2026-08-04T09:03:17Z</time>
      </trkpt>
			<trkpt lat="37.08205" lon="-2.3868">
        <ele>483.9</ele>
        <time>2026-08-04T09:03:24Z</time>
      </trkpt>
			<trkpt lat="37.08242" lon="-2.38687">
        <ele>485.1</ele>
        <time>2026-08-04T09:03:32Z</time>
      </trkpt>
			<trkpt lat="37.08285" lon="-2.38691">
        <ele>486.5</ele>
        <time>2026-08-04T09:03:42Z</time>
      </trkpt>
			<trkpt lat="37.08329" lon="-2.38695">
        <ele>488.1</ele>
        <time>2026-08-04T09:03:52Z</time>
      </trkpt>
			<trkpt lat="37.08372" lon="-2.38699">
        <ele>489.8</ele>
        <time>2026-08-04T09:04:02Z</time>
      </trkpt>
			<trkpt lat="37.08411" lon="-2.38704">
        <ele>491.3</ele>
        <time>2026-08-04T09:04:11Z</time>
      </trkpt>
			<trkpt lat="37.08451" lon="-2.38709">
        <ele>492.8</ele>
        <time>2026-08-04T09:04:20Z</time>
      </trkpt>
			<trkpt lat="37.0849" lon="-2.38714">
        <ele>494.2</ele>
        <time>2026-08-04T09:04:29Z</time>
      </trkpt>
			<trkpt lat="37.08529" lon="-2.38719">
        <ele>495.5</ele>
        <time>2026-08-04T09:04:38Z</time>
      </trkpt>
			<trkpt lat="37.08566" lon="-2.38724">
        <ele>496.6</ele>
        <time>2026-08-04T09:04:46Z</time>
      </trkpt>
			<trkpt lat="37.08602" lon="-2.38729">
        <ele>497.6</ele>
        <time>2026-08-04T09:04:53Z</time>
      </trkpt>
			<trkpt lat="37.08639" lon="-2.38734">
        <ele>498.5</ele>
        <time>2026-08-04T09:05:00Z</time>
      </trkpt>
			<trkpt lat="37.08675" lon="-2.38742">
        <ele>499.5</ele>
        <time>2026-08-04T09:05:07Z</time>
      </trkpt>
			<trkpt lat="37.0871" lon="-2.3875">
        <ele>500.4</ele>
        <time>2026-08-04T09:05:14Z</time>
      </trkpt>
			<trkpt lat="37.0875" lon="-2.38762">
        <ele>501.5</ele>
        <time>2026-08-04T09:05:21Z</time>
      </trkpt>
			<trkpt lat="37.08791" lon="-2.38774">
        <ele>502.6</ele>
        <time>2026-08-04T09:05:29Z</time>
      </trkpt>
			<trkpt lat="37.08831" lon="-2.38785">
        <ele>503.7</ele>
        <time>2026-08-04T09:05:37Z</time>
      </trkpt>
			<trkpt lat="37.08871" lon="-2.38797">
        <ele>504.9</ele>
        <time>2026-08-04T09:05:46Z</time>
      </trkpt>
			<trkpt lat="37.08912" lon="-2.38809">
        <ele>506.1</ele>
        <time>2026-08-04T09:05:56Z</time>
      </trkpt>
			<trkpt lat="37.08952" lon="-2.38821">
        <ele>507.2</ele>
        <time>2026-08-04T09:06:04Z</time>
      </trkpt>
			<trkpt lat="37.08979" lon="-2.38838">
        <ele>507.9</ele>
        <time>2026-08-04T09:06:09Z</time>
      </trkpt>
			<trkpt lat="37.09007" lon="-2.38868">
        <ele>508.7</ele>
        <time>2026-08-04T09:06:16Z</time>
      </trkpt>
			<trkpt lat="37.09028" lon="-2.38904">
        <ele>509.4</ele>
        <time>2026-08-04T09:06:23Z</time>
      </trkpt>
			<trkpt lat="37.09041" lon="-2.38927">
        <ele>509.7</ele>
        <time>2026-08-04T09:06:27Z</time>
      </trkpt>
			<trkpt lat="37.09053" lon="-2.38951">
        <ele>510.1</ele>
        <time>2026-08-04T09:06:31Z</time>
      </trkpt>
			<trkpt lat="37.09075" lon="-2.38988">
        <ele>510.6</ele>
        <time>2026-08-04T09:06:38Z</time>
      </trkpt>
			<trkpt lat="37.09096" lon="-2.39026">
        <ele>511.1</ele>
        <time>2026-08-04T09:06:44Z</time>
      </trkpt>
			<trkpt lat="37.09111" lon="-2.39069">
        <ele>511.5</ele>
        <time>2026-08-04T09:06:51Z</time>
      </trkpt>
			<trkpt lat="37.0912" lon="-2.39112">
        <ele>512</ele>
        <time>2026-08-04T09:06:57Z</time>
      </trkpt>
			<trkpt lat="37.0912" lon="-2.39148">
        <ele>512.5</ele>
        <time>2026-08-04T09:07:02Z</time>
      </trkpt>
			<trkpt lat="37.09119" lon="-2.39183">
        <ele>513</ele>
        <time>2026-08-04T09:07:08Z</time>
      </trkpt>
			<trkpt lat="37.09117" lon="-2.39238">
        <ele>513.9</ele>
        <time>2026-08-04T09:07:16Z</time>
      </trkpt>
			<trkpt lat="37.09118" lon="-2.39271">
        <ele>514.5</ele>
        <time>2026-08-04T09:07:21Z</time>
      </trkpt>
			<trkpt lat="37.09119" lon="-2.39304">
        <ele>515.3</ele>
        <time>2026-08-04T09:07:27Z</time>
      </trkpt>
			<trkpt lat="37.09127" lon="-2.39354">
        <ele>516.5</ele>
        <time>2026-08-04T09:07:36Z</time>
      </trkpt>
			<trkpt lat="37.09143" lon="-2.39401">
        <ele>518</ele>
        <time>2026-08-04T09:07:45Z</time>
      </trkpt>
			<trkpt lat="37.09155" lon="-2.39426">
        <ele>519</ele>
        <time>2026-08-04T09:07:51Z</time>
      </trkpt>
			<trkpt lat="37.09166" lon="-2.39451">
        <ele>520</ele>
        <time>2026-08-04T09:07:57Z</time>
      </trkpt>
			<trkpt lat="37.09187" lon="-2.39492">
        <ele>521.8</ele>
        <time>2026-08-04T09:08:06Z</time>
      </trkpt>
			<trkpt lat="37.09208" lon="-2.39534">
        <ele>523.7</ele>
        <time>2026-08-04T09:08:16Z</time>
      </trkpt>
			<trkpt lat="37.09231" lon="-2.39572">
        <ele>525.5</ele>
        <time>2026-08-04T09:08:26Z</time>
      </trkpt>
			<trkpt lat="37.09256" lon="-2.39606">
        <ele>527.3</ele>
        <time>2026-08-04T09:08:35Z</time>
      </trkpt>
			<trkpt lat="37.0928" lon="-2.3964">
        <ele>529</ele>
        <time>2026-08-04T09:08:44Z</time>
      </trkpt>
			<trkpt lat="37.09305" lon="-2.39674">
        <ele>530.5</ele>
        <time>2026-08-04T09:08:53Z</time>
      </trkpt>
			<trkpt lat="37.09322" lon="-2.39694">
        <ele>531.3</ele>
        <time>2026-08-04T09:08:58Z</time>
      </trkpt>
			<trkpt lat="37.09339" lon="-2.39714">
        <ele>532.1</ele>
        <time>2026-08-04T09:09:04Z</time>
      </trkpt>
			<trkpt lat="37.09356" lon="-2.39733">
        <ele>532.8</ele>
        <time>2026-08-04T09:09:09Z</time>
      </trkpt>
			<trkpt lat="37.09373" lon="-2.39753">
        <ele>533.4</ele>
        <time>2026-08-04T09:09:13Z</time>
      </trkpt>
			<trkpt lat="37.09402" lon="-2.39783">
        <ele>534.2</ele>
        <time>2026-08-04T09:09:20Z</time>
      </trkpt>
			<trkpt lat="37.09431" lon="-2.39811">
        <ele>534.8</ele>
        <time>2026-08-04T09:09:27Z</time>
      </trkpt>
			<trkpt lat="37.09459" lon="-2.3984">
        <ele>535.2</ele>
        <time>2026-08-04T09:09:33Z</time>
      </trkpt>
			<trkpt lat="37.0949" lon="-2.39861">
        <ele>535.5</ele>
        <time>2026-08-04T09:09:39Z</time>
      </trkpt>
			<trkpt lat="37.0952" lon="-2.39883">
        <ele>535.7</ele>
        <time>2026-08-04T09:09:45Z</time>
      </trkpt>
			<trkpt lat="37.09552" lon="-2.39905">
        <ele>535.9</ele>
        <time>2026-08-04T09:09:51Z</time>
      </trkpt>
			<trkpt lat="37.0959" lon="-2.39926">
        <ele>536.2</ele>
        <time>2026-08-04T09:09:58Z</time>
      </trkpt>
			<trkpt lat="37.09625" lon="-2.39945">
        <ele>536.5</ele>
        <time>2026-08-04T09:10:04Z</time>
      </trkpt>
			<trkpt lat="37.09659" lon="-2.39962">
        <ele>536.8</ele>
        <time>2026-08-04T09:10:11Z</time>
      </trkpt>
			<trkpt lat="37.09692" lon="-2.39978">
        <ele>537.2</ele>
        <time>2026-08-04T09:10:17Z</time>
      </trkpt>
			<trkpt lat="37.09726" lon="-2.39995">
        <ele>537.7</ele>
        <time>2026-08-04T09:10:23Z</time>
      </trkpt>
			<trkpt lat="37.09758" lon="-2.4001">
        <ele>538.3</ele>
        <time>2026-08-04T09:10:30Z</time>
      </trkpt>
			<trkpt lat="37.09789" lon="-2.40025">
        <ele>538.9</ele>
        <time>2026-08-04T09:10:36Z</time>
      </trkpt>
			<trkpt lat="37.09821" lon="-2.4004">
        <ele>539.5</ele>
        <time>2026-08-04T09:10:43Z</time>
      </trkpt>
			<trkpt lat="37.09858" lon="-2.40059">
        <ele>540.4</ele>
        <time>2026-08-04T09:10:50Z</time>
      </trkpt>
			<trkpt lat="37.09895" lon="-2.40078">
        <ele>541.4</ele>
        <time>2026-08-04T09:10:58Z</time>
      </trkpt>
			<trkpt lat="37.09932" lon="-2.40097">
        <ele>542.4</ele>
        <time>2026-08-04T09:11:06Z</time>
      </trkpt>
			<trkpt lat="37.09968" lon="-2.40117">
        <ele>543.5</ele>
        <time>2026-08-04T09:11:14Z</time>
      </trkpt>
			<trkpt lat="37.10005" lon="-2.40136">
        <ele>544.6</ele>
        <time>2026-08-04T09:11:22Z</time>
      </trkpt>
			<trkpt lat="37.10042" lon="-2.40155">
        <ele>545.7</ele>
        <time>2026-08-04T09:11:30Z</time>
      </trkpt>
			<trkpt lat="37.10079" lon="-2.40174">
        <ele>546.9</ele>
        <time>2026-08-04T09:11:38Z</time>
      </trkpt>
			<trkpt lat="37.10109" lon="-2.40187">
        <ele>547.8</ele>
        <time>2026-08-04T09:11:45Z</time>
      </trkpt>
			<trkpt lat="37.10138" lon="-2.40201">
        <ele>548.7</ele>
        <time>2026-08-04T09:11:52Z</time>
      </trkpt>
			<trkpt lat="37.10172" lon="-2.40216">
        <ele>549.7</ele>
        <time>2026-08-04T09:11:59Z</time>
      </trkpt>
			<trkpt lat="37.10207" lon="-2.40231">
        <ele>550.7</ele>
        <time>2026-08-04T09:12:06Z</time>
      </trkpt>
			<trkpt lat="37.10241" lon="-2.40247">
        <ele>551.7</ele>
        <time>2026-08-04T09:12:13Z</time>
      </trkpt>
			<trkpt lat="37.10275" lon="-2.40262">
        <ele>552.7</ele>
        <time>2026-08-04T09:12:20Z</time>
      </trkpt>
			<trkpt lat="37.10313" lon="-2.4028">
        <ele>553.9</ele>
        <time>2026-08-04T09:12:29Z</time>
      </trkpt>
			<trkpt lat="37.10351" lon="-2.40299">
        <ele>555</ele>
        <time>2026-08-04T09:12:37Z</time>
      </trkpt>
			<trkpt lat="37.10384" lon="-2.40313">
        <ele>556</ele>
        <time>2026-08-04T09:12:45Z</time>
      </trkpt>
			<trkpt lat="37.10416" lon="-2.40327">
        <ele>556.9</ele>
        <time>2026-08-04T09:12:51Z</time>
      </trkpt>
			<trkpt lat="37.10449" lon="-2.40341">
        <ele>557.9</ele>
        <time>2026-08-04T09:12:59Z</time>
      </trkpt>
			<trkpt lat="37.10481" lon="-2.40355">
        <ele>558.9</ele>
        <time>2026-08-04T09:13:06Z</time>
      </trkpt>
			<trkpt lat="37.10516" lon="-2.40373">
        <ele>560</ele>
        <time>2026-08-04T09:13:15Z</time>
      </trkpt>
			<trkpt lat="37.1055" lon="-2.40392">
        <ele>561.1</ele>
        <time>2026-08-04T09:13:23Z</time>
      </trkpt>
			<trkpt lat="37.1059" lon="-2.40416">
        <ele>562.4</ele>
        <time>2026-08-04T09:13:33Z</time>
      </trkpt>
			<trkpt lat="37.1063" lon="-2.40441">
        <ele>563.7</ele>
        <time>2026-08-04T09:13:43Z</time>
      </trkpt>
			<trkpt lat="37.1067" lon="-2.40465">
        <ele>565</ele>
        <time>2026-08-04T09:13:53Z</time>
      </trkpt>
			<trkpt lat="37.1071" lon="-2.40489">
        <ele>566.4</ele>
        <time>2026-08-04T09:14:03Z</time>
      </trkpt>
			<trkpt lat="37.1075" lon="-2.40514">
        <ele>567.6</ele>
        <time>2026-08-04T09:14:11Z</time>
      </trkpt>
			<trkpt lat="37.1079" lon="-2.40538">
        <ele>568.9</ele>
        <time>2026-08-04T09:14:21Z</time>
      </trkpt>
			<trkpt lat="37.1083" lon="-2.40562">
        <ele>570.1</ele>
        <time>2026-08-04T09:14:29Z</time>
      </trkpt>
			<trkpt lat="37.1087" lon="-2.40587">
        <ele>571.3</ele>
        <time>2026-08-04T09:14:38Z</time>
      </trkpt>
			<trkpt lat="37.1091" lon="-2.40611">
        <ele>572.5</ele>
        <time>2026-08-04T09:14:46Z</time>
      </trkpt>
			<trkpt lat="37.10949" lon="-2.40635">
        <ele>573.7</ele>
        <time>2026-08-04T09:14:55Z</time>
      </trkpt>
			<trkpt lat="37.10989" lon="-2.4066">
        <ele>574.8</ele>
        <time>2026-08-04T09:15:03Z</time>
      </trkpt>
			<trkpt lat="37.11029" lon="-2.40684">
        <ele>576</ele>
        <time>2026-08-04T09:15:12Z</time>
      </trkpt>
			<trkpt lat="37.11069" lon="-2.40708">
        <ele>577.2</ele>
        <time>2026-08-04T09:15:20Z</time>
      </trkpt>
			<trkpt lat="37.11109" lon="-2.40733">
        <ele>578.4</ele>
        <time>2026-08-04T09:15:29Z</time>
      </trkpt>
			<trkpt lat="37.11149" lon="-2.40757">
        <ele>579.6</ele>
        <time>2026-08-04T09:15:37Z</time>
      </trkpt>
			<trkpt lat="37.11189" lon="-2.40781">
        <ele>580.9</ele>
        <time>2026-08-04T09:15:47Z</time>
      </trkpt>
			<trkpt lat="37.11229" lon="-2.40806">
        <ele>582.2</ele>
        <time>2026-08-04T09:15:57Z</time>
      </trkpt>
			<trkpt lat="37.11269" lon="-2.4083">
        <ele>583.5</ele>
        <time>2026-08-04T09:16:07Z</time>
      </trkpt>
			<trkpt lat="37.11309" lon="-2.40853">
        <ele>584.8</ele>
        <time>2026-08-04T09:16:17Z</time>
      </trkpt>
			<trkpt lat="37.11348" lon="-2.40877">
        <ele>586.2</ele>
        <time>2026-08-04T09:16:26Z</time>
      </trkpt>
			<trkpt lat="37.11388" lon="-2.409">
        <ele>587.7</ele>
        <time>2026-08-04T09:16:36Z</time>
      </trkpt>
			<trkpt lat="37.11427" lon="-2.40923">
        <ele>589.2</ele>
        <time>2026-08-04T09:16:46Z</time>
      </trkpt>
			<trkpt lat="37.11467" lon="-2.40947">
        <ele>590.8</ele>
        <time>2026-08-04T09:16:55Z</time>
      </trkpt>
			<trkpt lat="37.11506" lon="-2.4097">
        <ele>592.5</ele>
        <time>2026-08-04T09:17:06Z</time>
      </trkpt>
			<trkpt lat="37.11546" lon="-2.40993">
        <ele>594.2</ele>
        <time>2026-08-04T09:17:16Z</time>
      </trkpt>
			<trkpt lat="37.11585" lon="-2.41017">
        <ele>595.9</ele>
        <time>2026-08-04T09:17:27Z</time>
      </trkpt>
			<trkpt lat="37.11625" lon="-2.4104">
        <ele>597.5</ele>
        <time>2026-08-04T09:17:37Z</time>
      </trkpt>
			<trkpt lat="37.11661" lon="-2.41073">
        <ele>599.2</ele>
        <time>2026-08-04T09:17:47Z</time>
      </trkpt>
			<trkpt lat="37.11679" lon="-2.41093">
        <ele>600</ele>
        <time>2026-08-04T09:17:52Z</time>
      </trkpt>
			<trkpt lat="37.11696" lon="-2.41113">
        <ele>600.9</ele>
        <time>2026-08-04T09:17:57Z</time>
      </trkpt>
			<trkpt lat="37.1172" lon="-2.41143">
        <ele>602.1</ele>
        <time>2026-08-04T09:18:05Z</time>
      </trkpt>
			<trkpt lat="37.11745" lon="-2.41172">
        <ele>603.3</ele>
        <time>2026-08-04T09:18:12Z</time>
      </trkpt>
			<trkpt lat="37.11769" lon="-2.41202">
        <ele>604.5</ele>
        <time>2026-08-04T09:18:20Z</time>
      </trkpt>
			<trkpt lat="37.11802" lon="-2.41236">
        <ele>606</ele>
        <time>2026-08-04T09:18:29Z</time>
      </trkpt>
			<trkpt lat="37.11835" lon="-2.41261">
        <ele>607.5</ele>
        <time>2026-08-04T09:18:38Z</time>
      </trkpt>
			<trkpt lat="37.11868" lon="-2.4128">
        <ele>608.9</ele>
        <time>2026-08-04T09:18:46Z</time>
      </trkpt>
			<trkpt lat="37.11906" lon="-2.41301">
        <ele>610.5</ele>
        <time>2026-08-04T09:18:55Z</time>
      </trkpt>
			<trkpt lat="37.11945" lon="-2.41323">
        <ele>612.2</ele>
        <time>2026-08-04T09:19:06Z</time>
      </trkpt>
			<trkpt lat="37.11983" lon="-2.41344">
        <ele>614</ele>
        <time>2026-08-04T09:19:16Z</time>
      </trkpt>
			<trkpt lat="37.12022" lon="-2.41364">
        <ele>615.7</ele>
        <time>2026-08-04T09:19:27Z</time>
      </trkpt>
			<trkpt lat="37.12061" lon="-2.41385">
        <ele>617.4</ele>
        <time>2026-08-04T09:19:37Z</time>
      </trkpt>
			<trkpt lat="37.12099" lon="-2.41405">
        <ele>618.9</ele>
        <time>2026-08-04T09:19:47Z</time>
      </trkpt>
			<trkpt lat="37.12138" lon="-2.41426">
        <ele>620.1</ele>
        <time>2026-08-04T09:19:56Z</time>
      </trkpt>
			<trkpt lat="37.12176" lon="-2.41448">
        <ele>621.1</ele>
        <time>2026-08-04T09:20:04Z</time>
      </trkpt>
			<trkpt lat="37.12211" lon="-2.41479">
        <ele>621.9</ele>
        <time>2026-08-04T09:20:12Z</time>
      </trkpt>
			<trkpt lat="37.12244" lon="-2.41514">
        <ele>622.4</ele>
        <time>2026-08-04T09:20:20Z</time>
      </trkpt>
			<trkpt lat="37.12276" lon="-2.4155">
        <ele>622.8</ele>
        <time>2026-08-04T09:20:27Z</time>
      </trkpt>
			<trkpt lat="37.12309" lon="-2.41585">
        <ele>623.2</ele>
        <time>2026-08-04T09:20:35Z</time>
      </trkpt>
			<trkpt lat="37.12342" lon="-2.41622">
        <ele>623.8</ele>
        <time>2026-08-04T09:20:42Z</time>
      </trkpt>
			<trkpt lat="37.12376" lon="-2.41658">
        <ele>624.7</ele>
        <time>2026-08-04T09:20:51Z</time>
      </trkpt>
			<trkpt lat="37.12409" lon="-2.41695">
        <ele>626.1</ele>
        <time>2026-08-04T09:21:01Z</time>
      </trkpt>
			<trkpt lat="37.12442" lon="-2.41732">
        <ele>628.1</ele>
        <time>2026-08-04T09:21:12Z</time>
      </trkpt>
			<trkpt lat="37.12474" lon="-2.41766">
        <ele>630.4</ele>
        <time>2026-08-04T09:21:24Z</time>
      </trkpt>
			<trkpt lat="37.12506" lon="-2.418">
        <ele>633.2</ele>
        <time>2026-08-04T09:21:37Z</time>
      </trkpt>
			<trkpt lat="37.12538" lon="-2.41835">
        <ele>636.3</ele>
        <time>2026-08-04T09:21:51Z</time>
      </trkpt>
			<trkpt lat="37.1257" lon="-2.41869">
        <ele>639.6</ele>
        <time>2026-08-04T09:22:05Z</time>
      </trkpt>
			<trkpt lat="37.12598" lon="-2.41905">
        <ele>642.9</ele>
        <time>2026-08-04T09:22:18Z</time>
      </trkpt>
			<trkpt lat="37.12626" lon="-2.41941">
        <ele>646.2</ele>
        <time>2026-08-04T09:22:32Z</time>
      </trkpt>
			<trkpt lat="37.12641" lon="-2.41963">
        <ele>648</ele>
        <time>2026-08-04T09:22:39Z</time>
      </trkpt>
			<trkpt lat="37.12656" lon="-2.41986">
        <ele>649.9</ele>
        <time>2026-08-04T09:22:47Z</time>
      </trkpt>
			<trkpt lat="37.12676" lon="-2.42025">
        <ele>652.5</ele>
        <time>2026-08-04T09:22:59Z</time>
      </trkpt>
			<trkpt lat="37.12689" lon="-2.42072">
        <ele>655.1</ele>
        <time>2026-08-04T09:23:11Z</time>
      </trkpt>
			<trkpt lat="37.12701" lon="-2.4212">
        <ele>657.1</ele>
        <time>2026-08-04T09:23:21Z</time>
      </trkpt>
			<trkpt lat="37.12715" lon="-2.42164">
        <ele>658.5</ele>
        <time>2026-08-04T09:23:29Z</time>
      </trkpt>
			<trkpt lat="37.12735" lon="-2.42203">
        <ele>659.4</ele>
        <time>2026-08-04T09:23:36Z</time>
      </trkpt>
			<trkpt lat="37.12765" lon="-2.42224">
        <ele>659.7</ele>
        <time>2026-08-04T09:23:42Z</time>
      </trkpt>
			<trkpt lat="37.12795" lon="-2.42246">
        <ele>659.6</ele>
        <time>2026-08-04T09:23:47Z</time>
      </trkpt>
			<trkpt lat="37.12818" lon="-2.42259">
        <ele>659.4</ele>
        <time>2026-08-04T09:23:50Z</time>
      </trkpt>
			<trkpt lat="37.1284" lon="-2.42272">
        <ele>659.1</ele>
        <time>2026-08-04T09:23:52Z</time>
      </trkpt>
			<trkpt lat="37.12875" lon="-2.42295">
        <ele>658.4</ele>
        <time>2026-08-04T09:23:56Z</time>
      </trkpt>
			<trkpt lat="37.12915" lon="-2.42293">
        <ele>657.7</ele>
        <time>2026-08-04T09:24:00Z</time>
      </trkpt>
			<trkpt lat="37.12954" lon="-2.42291">
        <ele>657.1</ele>
        <time>2026-08-04T09:24:04Z</time>
      </trkpt>
			<trkpt lat="37.12987" lon="-2.42307">
        <ele>656.8</ele>
        <time>2026-08-04T09:24:07Z</time>
      </trkpt>
			<trkpt lat="37.1302" lon="-2.42326">
        <ele>656.7</ele>
        <time>2026-08-04T09:24:13Z</time>
      </trkpt>
			<trkpt lat="37.13053" lon="-2.42345">
        <ele>656.9</ele>
        <time>2026-08-04T09:24:18Z</time>
      </trkpt>
			<trkpt lat="37.13087" lon="-2.42363">
        <ele>657.4</ele>
        <time>2026-08-04T09:24:24Z</time>
      </trkpt>
			<trkpt lat="37.1312" lon="-2.42382">
        <ele>658.1</ele>
        <time>2026-08-04T09:24:31Z</time>
      </trkpt>
			<trkpt lat="37.13153" lon="-2.42401">
        <ele>659</ele>
        <time>2026-08-04T09:24:38Z</time>
      </trkpt>
			<trkpt lat="37.13187" lon="-2.42413">
        <ele>660</ele>
        <time>2026-08-04T09:24:46Z</time>
      </trkpt>
			<trkpt lat="37.1323" lon="-2.42413">
        <ele>661.2</ele>
        <time>2026-08-04T09:24:56Z</time>
      </trkpt>
			<trkpt lat="37.13266" lon="-2.42414">
        <ele>662.2</ele>
        <time>2026-08-04T09:25:03Z</time>
      </trkpt>
			<trkpt lat="37.13302" lon="-2.42416">
        <ele>663.1</ele>
        <time>2026-08-04T09:25:09Z</time>
      </trkpt>
			<trkpt lat="37.13338" lon="-2.42417">
        <ele>663.8</ele>
        <time>2026-08-04T09:25:16Z</time>
      </trkpt>
			<trkpt lat="37.13374" lon="-2.42419">
        <ele>664.3</ele>
        <time>2026-08-04T09:25:23Z</time>
      </trkpt>
			<trkpt lat="37.134" lon="-2.42417">
        <ele>664.6</ele>
        <time>2026-08-04T09:25:27Z</time>
      </trkpt>
			<trkpt lat="37.13426" lon="-2.42414">
        <ele>664.8</ele>
        <time>2026-08-04T09:25:32Z</time>
      </trkpt>
			<trkpt lat="37.13461" lon="-2.42404">
        <ele>665</ele>
        <time>2026-08-04T09:25:38Z</time>
      </trkpt>
			<trkpt lat="37.13496" lon="-2.42393">
        <ele>665.2</ele>
        <time>2026-08-04T09:25:43Z</time>
      </trkpt>
			<trkpt lat="37.13531" lon="-2.42383">
        <ele>665.4</ele>
        <time>2026-08-04T09:25:49Z</time>
      </trkpt>
			<trkpt lat="37.13556" lon="-2.42381">
        <ele>665.7</ele>
        <time>2026-08-04T09:25:54Z</time>
      </trkpt>
			<trkpt lat="37.13592" lon="-2.42393">
        <ele>666.3</ele>
        <time>2026-08-04T09:26:00Z</time>
      </trkpt>
			<trkpt lat="37.13626" lon="-2.42411">
        <ele>667.1</ele>
        <time>2026-08-04T09:26:07Z</time>
      </trkpt>
			<trkpt lat="37.13661" lon="-2.42429">
        <ele>668.3</ele>
        <time>2026-08-04T09:26:16Z</time>
      </trkpt>
			<trkpt lat="37.13695" lon="-2.42447">
        <ele>669.7</ele>
        <time>2026-08-04T09:26:24Z</time>
      </trkpt>
			<trkpt lat="37.13729" lon="-2.42465">
        <ele>671.5</ele>
        <time>2026-08-04T09:26:33Z</time>
      </trkpt>
			<trkpt lat="37.13757" lon="-2.42478">
        <ele>673</ele>
        <time>2026-08-04T09:26:42Z</time>
      </trkpt>
			<trkpt lat="37.13789" lon="-2.42495">
        <ele>675</ele>
        <time>2026-08-04T09:26:52Z</time>
      </trkpt>
			<trkpt lat="37.13821" lon="-2.42513">
        <ele>677</ele>
        <time>2026-08-04T09:27:02Z</time>
      </trkpt>
			<trkpt lat="37.13855" lon="-2.42531">
        <ele>678.9</ele>
        <time>2026-08-04T09:27:12Z</time>
      </trkpt>
			<trkpt lat="37.13888" lon="-2.42549">
        <ele>680.5</ele>
        <time>2026-08-04T09:27:21Z</time>
      </trkpt>
			<trkpt lat="37.13922" lon="-2.42565">
        <ele>681.7</ele>
        <time>2026-08-04T09:27:29Z</time>
      </trkpt>
			<trkpt lat="37.13955" lon="-2.42581">
        <ele>682.5</ele>
        <time>2026-08-04T09:27:36Z</time>
      </trkpt>
			<trkpt lat="37.13999" lon="-2.42587">
        <ele>682.8</ele>
        <time>2026-08-04T09:27:44Z</time>
      </trkpt>
			<trkpt lat="37.14029" lon="-2.42583">
        <ele>682.8</ele>
        <time>2026-08-04T09:27:48Z</time>
      </trkpt>
			<trkpt lat="37.14058" lon="-2.42579">
        <ele>682.5</ele>
        <time>2026-08-04T09:27:51Z</time>
      </trkpt>
			<trkpt lat="37.14095" lon="-2.42573">
        <ele>682.1</ele>
        <time>2026-08-04T09:27:55Z</time>
      </trkpt>
			<trkpt lat="37.14131" lon="-2.42566">
        <ele>681.8</ele>
        <time>2026-08-04T09:27:58Z</time>
      </trkpt>
			<trkpt lat="37.14158" lon="-2.42559">
        <ele>681.6</ele>
        <time>2026-08-04T09:28:01Z</time>
      </trkpt>
			<trkpt lat="37.14188" lon="-2.42549">
        <ele>681.7</ele>
        <time>2026-08-04T09:28:06Z</time>
      </trkpt>
			<trkpt lat="37.14217" lon="-2.42538">
        <ele>682</ele>
        <time>2026-08-04T09:28:11Z</time>
      </trkpt>
			<trkpt lat="37.14247" lon="-2.42528">
        <ele>682.4</ele>
        <time>2026-08-04T09:28:16Z</time>
      </trkpt>
			<trkpt lat="37.14288" lon="-2.42515">
        <ele>683.3</ele>
        <time>2026-08-04T09:28:24Z</time>
      </trkpt>
			<trkpt lat="37.14316" lon="-2.42501">
        <ele>684</ele>
        <time>2026-08-04T09:28:30Z</time>
      </trkpt>
			<trkpt lat="37.14343" lon="-2.42487">
        <ele>684.6</ele>
        <time>2026-08-04T09:28:36Z</time>
      </trkpt>
			<trkpt lat="37.14375" lon="-2.42473">
        <ele>685.3</ele>
        <time>2026-08-04T09:28:42Z</time>
      </trkpt>
			<trkpt lat="37.14406" lon="-2.42458">
        <ele>685.9</ele>
        <time>2026-08-04T09:28:48Z</time>
      </trkpt>
			<trkpt lat="37.14412" lon="-2.42453">
        <ele>686</ele>
        <time>2026-08-04T09:28:50Z</time>
      </trkpt>
			<trkpt lat="37.14417" lon="-2.42446">
        <ele>686.1</ele>
        <time>2026-08-04T09:28:51Z</time>
      </trkpt>
			<trkpt lat="37.14436" lon="-2.42413">
        <ele>686.4</ele>
        <time>2026-08-04T09:28:57Z</time>
      </trkpt>
			<trkpt lat="37.14455" lon="-2.4238">
        <ele>686.6</ele>
        <time>2026-08-04T09:29:02Z</time>
      </trkpt>
			<trkpt lat="37.14461" lon="-2.42372">
        <ele>686.7</ele>
        <time>2026-08-04T09:29:04Z</time>
      </trkpt>
			<trkpt lat="37.14467" lon="-2.42365">
        <ele>686.7</ele>
        <time>2026-08-04T09:29:05Z</time>
      </trkpt>
			<trkpt lat="37.14488" lon="-2.42347">
        <ele>686.7</ele>
        <time>2026-08-04T09:29:09Z</time>
      </trkpt>
			<trkpt lat="37.14509" lon="-2.42329">
        <ele>686.6</ele>
        <time>2026-08-04T09:29:13Z</time>
      </trkpt>
			<trkpt lat="37.14541" lon="-2.42303">
        <ele>686.5</ele>
        <time>2026-08-04T09:29:18Z</time>
      </trkpt>
			<trkpt lat="37.14572" lon="-2.42277">
        <ele>686.3</ele>
        <time>2026-08-04T09:29:24Z</time>
      </trkpt>
			<trkpt lat="37.14604" lon="-2.42251">
        <ele>686.1</ele>
        <time>2026-08-04T09:29:29Z</time>
      </trkpt>
			<trkpt lat="37.14636" lon="-2.42225">
        <ele>686</ele>
        <time>2026-08-04T09:29:35Z</time>
      </trkpt>
			<trkpt lat="37.14667" lon="-2.42199">
        <ele>686.1</ele>
        <time>2026-08-04T09:29:41Z</time>
      </trkpt>
			<trkpt lat="37.14699" lon="-2.42173">
        <ele>686.4</ele>
        <time>2026-08-04T09:29:47Z</time>
      </trkpt>
			<trkpt lat="37.14709" lon="-2.42164">
        <ele>686.6</ele>
        <time>2026-08-04T09:29:49Z</time>
      </trkpt>
			<trkpt lat="37.14745" lon="-2.42134">
        <ele>687.5</ele>
        <time>2026-08-04T09:29:58Z</time>
      </trkpt>
			<trkpt lat="37.14782" lon="-2.42103">
        <ele>688.7</ele>
        <time>2026-08-04T09:30:06Z</time>
      </trkpt>
			<trkpt lat="37.14818" lon="-2.42073">
        <ele>690.3</ele>
        <time>2026-08-04T09:30:16Z</time>
      </trkpt>
			<trkpt lat="37.14854" lon="-2.42042">
        <ele>692.1</ele>
        <time>2026-08-04T09:30:27Z</time>
      </trkpt>
			<trkpt lat="37.14882" lon="-2.42019">
        <ele>693.4</ele>
        <time>2026-08-04T09:30:34Z</time>
      </trkpt>
			<trkpt lat="37.1491" lon="-2.41997">
        <ele>694.7</ele>
        <time>2026-08-04T09:30:42Z</time>
      </trkpt>
			<trkpt lat="37.14938" lon="-2.41974">
        <ele>695.8</ele>
        <time>2026-08-04T09:30:50Z</time>
      </trkpt>
			<trkpt lat="37.14953" lon="-2.41959">
        <ele>696.5</ele>
        <time>2026-08-04T09:30:54Z</time>
      </trkpt>
			<trkpt lat="37.14977" lon="-2.41934">
        <ele>697.4</ele>
        <time>2026-08-04T09:31:01Z</time>
      </trkpt>
			<trkpt lat="37.15001" lon="-2.41908">
        <ele>698.3</ele>
        <time>2026-08-04T09:31:08Z</time>
      </trkpt>
			<trkpt lat="37.15011" lon="-2.419">
        <ele>698.6</ele>
        <time>2026-08-04T09:31:10Z</time>
      </trkpt>
			<trkpt lat="37.1502" lon="-2.41895">
        <ele>698.8</ele>
        <time>2026-08-04T09:31:12Z</time>
      </trkpt>
			<trkpt lat="37.15033" lon="-2.4189">
        <ele>699.1</ele>
        <time>2026-08-04T09:31:15Z</time>
      </trkpt>
			<trkpt lat="37.15044" lon="-2.41889">
        <ele>699.3</ele>
        <time>2026-08-04T09:31:17Z</time>
      </trkpt>
			<trkpt lat="37.15077" lon="-2.41888">
        <ele>700</ele>
        <time>2026-08-04T09:31:23Z</time>
      </trkpt>
			<trkpt lat="37.15109" lon="-2.41886">
        <ele>700.7</ele>
        <time>2026-08-04T09:31:29Z</time>
      </trkpt>
			<trkpt lat="37.15127" lon="-2.41883">
        <ele>701</ele>
        <time>2026-08-04T09:31:32Z</time>
      </trkpt>
			<trkpt lat="37.15148" lon="-2.41877">
        <ele>701.4</ele>
        <time>2026-08-04T09:31:37Z</time>
      </trkpt>
			<trkpt lat="37.15167" lon="-2.41864">
        <ele>701.8</ele>
        <time>2026-08-04T09:31:41Z</time>
      </trkpt>
			<trkpt lat="37.15176" lon="-2.41855">
        <ele>702</ele>
        <time>2026-08-04T09:31:43Z</time>
      </trkpt>
			<trkpt lat="37.15199" lon="-2.41831">
        <ele>702.5</ele>
        <time>2026-08-04T09:31:49Z</time>
      </trkpt>
			<trkpt lat="37.15221" lon="-2.41807">
        <ele>703.1</ele>
        <time>2026-08-04T09:31:54Z</time>
      </trkpt>
			<trkpt lat="37.15231" lon="-2.41797">
        <ele>703.3</ele>
        <time>2026-08-04T09:31:56Z</time>
      </trkpt>
			<trkpt lat="37.15253" lon="-2.41782">
        <ele>703.8</ele>
        <time>2026-08-04T09:32:01Z</time>
      </trkpt>
			<trkpt lat="37.1527" lon="-2.41774">
        <ele>704.2</ele>
        <time>2026-08-04T09:32:05Z</time>
      </trkpt>
			<trkpt lat="37.15296" lon="-2.41765">
        <ele>704.9</ele>
        <time>2026-08-04T09:32:10Z</time>
      </trkpt>
			<trkpt lat="37.15322" lon="-2.4176">
        <ele>705.6</ele>
        <time>2026-08-04T09:32:15Z</time>
      </trkpt>
			<trkpt lat="37.15348" lon="-2.41755">
        <ele>706.3</ele>
        <time>2026-08-04T09:32:20Z</time>
      </trkpt>
			<trkpt lat="37.1537" lon="-2.41753">
        <ele>706.9</ele>
        <time>2026-08-04T09:32:24Z</time>
      </trkpt>
			<trkpt lat="37.15392" lon="-2.41755">
        <ele>707.6</ele>
        <time>2026-08-04T09:32:29Z</time>
      </trkpt>
			<trkpt lat="37.15417" lon="-2.41758">
        <ele>708.4</ele>
        <time>2026-08-04T09:32:34Z</time>
      </trkpt>
			<trkpt lat="37.15442" lon="-2.41762">
        <ele>709.2</ele>
        <time>2026-08-04T09:32:40Z</time>
      </trkpt>
			<trkpt lat="37.15472" lon="-2.41767">
        <ele>710.2</ele>
        <time>2026-08-04T09:32:47Z</time>
      </trkpt>
			<trkpt lat="37.15501" lon="-2.41772">
        <ele>711.1</ele>
        <time>2026-08-04T09:32:53Z</time>
      </trkpt>
			<trkpt lat="37.15508" lon="-2.41772">
        <ele>711.4</ele>
        <time>2026-08-04T09:32:55Z</time>
      </trkpt>
			<trkpt lat="37.15515" lon="-2.41771">
        <ele>711.6</ele>
        <time>2026-08-04T09:32:57Z</time>
      </trkpt>
			<trkpt lat="37.15519" lon="-2.4177">
        <ele>711.7</ele>
        <time>2026-08-04T09:32:57Z</time>
      </trkpt>
			<trkpt lat="37.15528" lon="-2.41766">
        <ele>712</ele>
        <time>2026-08-04T09:32:59Z</time>
      </trkpt>
			<trkpt lat="37.15537" lon="-2.41759">
        <ele>712.3</ele>
        <time>2026-08-04T09:33:02Z</time>
      </trkpt>
			<trkpt lat="37.15544" lon="-2.4175">
        <ele>712.5</ele>
        <time>2026-08-04T09:33:04Z</time>
      </trkpt>
			<trkpt lat="37.15553" lon="-2.41738">
        <ele>712.9</ele>
        <time>2026-08-04T09:33:07Z</time>
      </trkpt>
			<trkpt lat="37.15573" lon="-2.41705">
        <ele>713.7</ele>
        <time>2026-08-04T09:33:13Z</time>
      </trkpt>
			<trkpt lat="37.15579" lon="-2.41698">
        <ele>713.9</ele>
        <time>2026-08-04T09:33:15Z</time>
      </trkpt>
			<trkpt lat="37.15595" lon="-2.41682">
        <ele>714.3</ele>
        <time>2026-08-04T09:33:18Z</time>
      </trkpt>
			<trkpt lat="37.15613" lon="-2.41668">
        <ele>714.7</ele>
        <time>2026-08-04T09:33:22Z</time>
      </trkpt>
			<trkpt lat="37.15641" lon="-2.41649">
        <ele>715.2</ele>
        <time>2026-08-04T09:33:28Z</time>
      </trkpt>
			<trkpt lat="37.1568" lon="-2.41626">
        <ele>715.9</ele>
        <time>2026-08-04T09:33:35Z</time>
      </trkpt>
			<trkpt lat="37.15687" lon="-2.41624">
        <ele>715.9</ele>
        <time>2026-08-04T09:33:37Z</time>
      </trkpt>
			<trkpt lat="37.15696" lon="-2.41622">
        <ele>716.1</ele>
        <time>2026-08-04T09:33:38Z</time>
      </trkpt>
			<trkpt lat="37.15706" lon="-2.41622">
        <ele>716.2</ele>
        <time>2026-08-04T09:33:40Z</time>
      </trkpt>
			<trkpt lat="37.15717" lon="-2.41623">
        <ele>716.3</ele>
        <time>2026-08-04T09:33:42Z</time>
      </trkpt>
			<trkpt lat="37.15747" lon="-2.41629">
        <ele>716.8</ele>
        <time>2026-08-04T09:33:47Z</time>
      </trkpt>
			<trkpt lat="37.15762" lon="-2.41635">
        <ele>717</ele>
        <time>2026-08-04T09:33:50Z</time>
      </trkpt>
			<trkpt lat="37.15786" lon="-2.41648">
        <ele>717.5</ele>
        <time>2026-08-04T09:33:55Z</time>
      </trkpt>
			<trkpt lat="37.1581" lon="-2.41662">
        <ele>718</ele>
        <time>2026-08-04T09:34:00Z</time>
      </trkpt>
			<trkpt lat="37.15845" lon="-2.41683">
        <ele>718.8</ele>
        <time>2026-08-04T09:34:07Z</time>
      </trkpt>
			<trkpt lat="37.15879" lon="-2.41703">
        <ele>719.8</ele>
        <time>2026-08-04T09:34:15Z</time>
      </trkpt>
			<trkpt lat="37.15914" lon="-2.41724">
        <ele>720.9</ele>
        <time>2026-08-04T09:34:23Z</time>
      </trkpt>
			<trkpt lat="37.15948" lon="-2.41745">
        <ele>722.1</ele>
        <time>2026-08-04T09:34:32Z</time>
      </trkpt>
			<trkpt lat="37.15965" lon="-2.41754">
        <ele>722.7</ele>
        <time>2026-08-04T09:34:36Z</time>
      </trkpt>
			<trkpt lat="37.15974" lon="-2.41758">
        <ele>723</ele>
        <time>2026-08-04T09:34:38Z</time>
      </trkpt>
			<trkpt lat="37.15982" lon="-2.41759">
        <ele>723.2</ele>
        <time>2026-08-04T09:34:39Z</time>
      </trkpt>
			<trkpt lat="37.1599" lon="-2.41758">
        <ele>723.5</ele>
        <time>2026-08-04T09:34:41Z</time>
      </trkpt>
			<trkpt lat="37.15999" lon="-2.41755">
        <ele>723.8</ele>
        <time>2026-08-04T09:34:43Z</time>
      </trkpt>
			<trkpt lat="37.16017" lon="-2.41742">
        <ele>724.4</ele>
        <time>2026-08-04T09:34:48Z</time>
      </trkpt>
			<trkpt lat="37.16044" lon="-2.41716">
        <ele>725.4</ele>
        <time>2026-08-04T09:34:55Z</time>
      </trkpt>
			<trkpt lat="37.16071" lon="-2.41689">
        <ele>726.3</ele>
        <time>2026-08-04T09:35:02Z</time>
      </trkpt>
			<trkpt lat="37.16081" lon="-2.4168">
        <ele>726.7</ele>
        <time>2026-08-04T09:35:05Z</time>
      </trkpt>
			<trkpt lat="37.16091" lon="-2.41674">
        <ele>727</ele>
        <time>2026-08-04T09:35:07Z</time>
      </trkpt>
			<trkpt lat="37.16103" lon="-2.41669">
        <ele>727.3</ele>
        <time>2026-08-04T09:35:09Z</time>
      </trkpt>
			<trkpt lat="37.16124" lon="-2.41661">
        <ele>727.9</ele>
        <time>2026-08-04T09:35:13Z</time>
      </trkpt>
			<trkpt lat="37.16144" lon="-2.41656">
        <ele>728.4</ele>
        <time>2026-08-04T09:35:17Z</time>
      </trkpt>
			<trkpt lat="37.16152" lon="-2.41655">
        <ele>728.6</ele>
        <time>2026-08-04T09:35:19Z</time>
      </trkpt>
			<trkpt lat="37.16161" lon="-2.41657">
        <ele>728.8</ele>
        <time>2026-08-04T09:35:21Z</time>
      </trkpt>
			<trkpt lat="37.16174" lon="-2.41663">
        <ele>729.2</ele>
        <time>2026-08-04T09:35:24Z</time>
      </trkpt>
			<trkpt lat="37.16184" lon="-2.41665">
        <ele>729.4</ele>
        <time>2026-08-04T09:35:26Z</time>
      </trkpt>
			<trkpt lat="37.16197" lon="-2.41667">
        <ele>729.7</ele>
        <time>2026-08-04T09:35:28Z</time>
      </trkpt>
			<trkpt lat="37.1621" lon="-2.41667">
        <ele>730</ele>
        <time>2026-08-04T09:35:31Z</time>
      </trkpt>
			<trkpt lat="37.16222" lon="-2.41666">
        <ele>730.3</ele>
        <time>2026-08-04T09:35:33Z</time>
      </trkpt>
			<trkpt lat="37.16233" lon="-2.41663">
        <ele>730.6</ele>
        <time>2026-08-04T09:35:35Z</time>
      </trkpt>
			<trkpt lat="37.16242" lon="-2.41659">
        <ele>730.8</ele>
        <time>2026-08-04T09:35:37Z</time>
      </trkpt>
			<trkpt lat="37.16248" lon="-2.41653">
        <ele>731</ele>
        <time>2026-08-04T09:35:38Z</time>
      </trkpt>
			<trkpt lat="37.16256" lon="-2.41643">
        <ele>731.3</ele>
        <time>2026-08-04T09:35:40Z</time>
      </trkpt>
			<trkpt lat="37.16263" lon="-2.4163">
        <ele>731.6</ele>
        <time>2026-08-04T09:35:43Z</time>
      </trkpt>
			<trkpt lat="37.16269" lon="-2.41617">
        <ele>731.9</ele>
        <time>2026-08-04T09:35:45Z</time>
      </trkpt>
			<trkpt lat="37.16282" lon="-2.4158">
        <ele>732.7</ele>
        <time>2026-08-04T09:35:51Z</time>
      </trkpt>
			<trkpt lat="37.16292" lon="-2.41562">
        <ele>733.2</ele>
        <time>2026-08-04T09:35:55Z</time>
      </trkpt>
			<trkpt lat="37.16305" lon="-2.41547">
        <ele>733.7</ele>
        <time>2026-08-04T09:35:59Z</time>
      </trkpt>
			<trkpt lat="37.1632" lon="-2.41534">
        <ele>734.2</ele>
        <time>2026-08-04T09:36:03Z</time>
      </trkpt>
			<trkpt lat="37.16332" lon="-2.41526">
        <ele>734.6</ele>
        <time>2026-08-04T09:36:06Z</time>
      </trkpt>
			<trkpt lat="37.16358" lon="-2.41514">
        <ele>735.4</ele>
        <time>2026-08-04T09:36:12Z</time>
      </trkpt>
			<trkpt lat="37.16384" lon="-2.41501">
        <ele>736.3</ele>
        <time>2026-08-04T09:36:18Z</time>
      </trkpt>
			<trkpt lat="37.16412" lon="-2.4149">
        <ele>737.3</ele>
        <time>2026-08-04T09:36:24Z</time>
      </trkpt>
			<trkpt lat="37.16426" lon="-2.41486">
        <ele>737.8</ele>
        <time>2026-08-04T09:36:28Z</time>
      </trkpt>
			<trkpt lat="37.16462" lon="-2.4148">
        <ele>739.1</ele>
        <time>2026-08-04T09:36:36Z</time>
      </trkpt>
			<trkpt lat="37.16498" lon="-2.41474">
        <ele>740.6</ele>
        <time>2026-08-04T09:36:45Z</time>
      </trkpt>
			<trkpt lat="37.16535" lon="-2.41468">
        <ele>742.1</ele>
        <time>2026-08-04T09:36:54Z</time>
      </trkpt>
			<trkpt lat="37.16571" lon="-2.41462">
        <ele>743.6</ele>
        <time>2026-08-04T09:37:03Z</time>
      </trkpt>
			<trkpt lat="37.16607" lon="-2.41456">
        <ele>745.1</ele>
        <time>2026-08-04T09:37:12Z</time>
      </trkpt>
			<trkpt lat="37.1665" lon="-2.41448">
        <ele>746.8</ele>
        <time>2026-08-04T09:37:23Z</time>
      </trkpt>
			<trkpt lat="37.16693" lon="-2.4144">
        <ele>748.4</ele>
        <time>2026-08-04T09:37:33Z</time>
      </trkpt>
			<trkpt lat="37.16736" lon="-2.41432">
        <ele>749.8</ele>
        <time>2026-08-04T09:37:43Z</time>
      </trkpt>
			<trkpt lat="37.1678" lon="-2.41422">
        <ele>751.1</ele>
        <time>2026-08-04T09:37:53Z</time>
      </trkpt>
			<trkpt lat="37.16823" lon="-2.41412">
        <ele>752.3</ele>
        <time>2026-08-04T09:38:01Z</time>
      </trkpt>
			<trkpt lat="37.16867" lon="-2.41402">
        <ele>753.3</ele>
        <time>2026-08-04T09:38:09Z</time>
      </trkpt>
			<trkpt lat="37.1691" lon="-2.41393">
        <ele>754.4</ele>
        <time>2026-08-04T09:38:18Z</time>
      </trkpt>
			<trkpt lat="37.16954" lon="-2.41383">
        <ele>755.5</ele>
        <time>2026-08-04T09:38:26Z</time>
      </trkpt>
			<trkpt lat="37.16997" lon="-2.41373">
        <ele>756.7</ele>
        <time>2026-08-04T09:38:35Z</time>
      </trkpt>
			<trkpt lat="37.17041" lon="-2.41363">
        <ele>758.1</ele>
        <time>2026-08-04T09:38:44Z</time>
      </trkpt>
			<trkpt lat="37.1708" lon="-2.41355">
        <ele>759.5</ele>
        <time>2026-08-04T09:38:53Z</time>
      </trkpt>
			<trkpt lat="37.17118" lon="-2.41347">
        <ele>760.9</ele>
        <time>2026-08-04T09:39:02Z</time>
      </trkpt>
			<trkpt lat="37.17157" lon="-2.41339">
        <ele>762.3</ele>
        <time>2026-08-04T09:39:11Z</time>
      </trkpt>
			<trkpt lat="37.17196" lon="-2.4133">
        <ele>763.6</ele>
        <time>2026-08-04T09:39:19Z</time>
      </trkpt>
			<trkpt lat="37.17234" lon="-2.41322">
        <ele>764.9</ele>
        <time>2026-08-04T09:39:28Z</time>
      </trkpt>
			<trkpt lat="37.17273" lon="-2.41314">
        <ele>766.1</ele>
        <time>2026-08-04T09:39:37Z</time>
      </trkpt>
			<trkpt lat="37.17306" lon="-2.41304">
        <ele>767</ele>
        <time>2026-08-04T09:39:43Z</time>
      </trkpt>
			<trkpt lat="37.17319" lon="-2.41302">
        <ele>767.4</ele>
        <time>2026-08-04T09:39:46Z</time>
      </trkpt>
			<trkpt lat="37.17339" lon="-2.41305">
        <ele>767.9</ele>
        <time>2026-08-04T09:39:50Z</time>
      </trkpt>
			<trkpt lat="37.17382" lon="-2.41319">
        <ele>769</ele>
        <time>2026-08-04T09:39:58Z</time>
      </trkpt>
			<trkpt lat="37.17401" lon="-2.4132">
        <ele>769.4</ele>
        <time>2026-08-04T09:40:02Z</time>
      </trkpt>
			<trkpt lat="37.17436" lon="-2.41318">
        <ele>770.2</ele>
        <time>2026-08-04T09:40:09Z</time>
      </trkpt>
			<trkpt lat="37.17456" lon="-2.41316">
        <ele>770.6</ele>
        <time>2026-08-04T09:40:13Z</time>
      </trkpt>
			<trkpt lat="37.17489" lon="-2.41305">
        <ele>771.4</ele>
        <time>2026-08-04T09:40:19Z</time>
      </trkpt>
			<trkpt lat="37.17521" lon="-2.41295">
        <ele>772.3</ele>
        <time>2026-08-04T09:40:25Z</time>
      </trkpt>
			<trkpt lat="37.17533" lon="-2.41294">
        <ele>772.6</ele>
        <time>2026-08-04T09:40:28Z</time>
      </trkpt>
			<trkpt lat="37.17544" lon="-2.41295">
        <ele>772.8</ele>
        <time>2026-08-04T09:40:30Z</time>
      </trkpt>
			<trkpt lat="37.17581" lon="-2.41307">
        <ele>773.9</ele>
        <time>2026-08-04T09:40:38Z</time>
      </trkpt>
			<trkpt lat="37.17612" lon="-2.4132">
        <ele>775</ele>
        <time>2026-08-04T09:40:46Z</time>
      </trkpt>
			<trkpt lat="37.17642" lon="-2.4133">
        <ele>776</ele>
        <time>2026-08-04T09:40:52Z</time>
      </trkpt>
			<trkpt lat="37.17671" lon="-2.41341">
        <ele>777.1</ele>
        <time>2026-08-04T09:40:59Z</time>
      </trkpt>
			<trkpt lat="37.17701" lon="-2.41354">
        <ele>778.4</ele>
        <time>2026-08-04T09:41:07Z</time>
      </trkpt>
			<trkpt lat="37.1773" lon="-2.41362">
        <ele>779.7</ele>
        <time>2026-08-04T09:41:15Z</time>
      </trkpt>
			<trkpt lat="37.17759" lon="-2.41364">
        <ele>780.9</ele>
        <time>2026-08-04T09:41:22Z</time>
      </trkpt>
			<trkpt lat="37.17788" lon="-2.41367">
        <ele>782.2</ele>
        <time>2026-08-04T09:41:29Z</time>
      </trkpt>
			<trkpt lat="37.17803" lon="-2.41366">
        <ele>782.9</ele>
        <time>2026-08-04T09:41:33Z</time>
      </trkpt>
			<trkpt lat="37.17834" lon="-2.41361">
        <ele>784.4</ele>
        <time>2026-08-04T09:41:41Z</time>
      </trkpt>
			<trkpt lat="37.17848" lon="-2.41355">
        <ele>785.1</ele>
        <time>2026-08-04T09:41:44Z</time>
      </trkpt>
			<trkpt lat="37.17865" lon="-2.41348">
        <ele>786</ele>
        <time>2026-08-04T09:41:50Z</time>
      </trkpt>
			<trkpt lat="37.17885" lon="-2.41336">
        <ele>787.1</ele>
        <time>2026-08-04T09:41:55Z</time>
      </trkpt>
			<trkpt lat="37.1792" lon="-2.41312">
        <ele>789.1</ele>
        <time>2026-08-04T09:42:06Z</time>
      </trkpt>
			<trkpt lat="37.17935" lon="-2.41299">
        <ele>790</ele>
        <time>2026-08-04T09:42:11Z</time>
      </trkpt>
			<trkpt lat="37.17944" lon="-2.41288">
        <ele>790.7</ele>
        <time>2026-08-04T09:42:15Z</time>
      </trkpt>
			<trkpt lat="37.17959" lon="-2.41269">
        <ele>791.9</ele>
        <time>2026-08-04T09:42:21Z</time>
      </trkpt>
			<trkpt lat="37.17977" lon="-2.4124">
        <ele>793.4</ele>
        <time>2026-08-04T09:42:29Z</time>
      </trkpt>
			<trkpt lat="37.17995" lon="-2.4121">
        <ele>795</ele>
        <time>2026-08-04T09:42:38Z</time>
      </trkpt>
			<trkpt lat="37.18027" lon="-2.41171">
        <ele>797.4</ele>
        <time>2026-08-04T09:42:50Z</time>
      </trkpt>
			<trkpt lat="37.18036" lon="-2.41155">
        <ele>798.2</ele>
        <time>2026-08-04T09:42:55Z</time>
      </trkpt>
			<trkpt lat="37.18055" lon="-2.41115">
        <ele>800.1</ele>
        <time>2026-08-04T09:43:05Z</time>
      </trkpt>
			<trkpt lat="37.18065" lon="-2.411">
        <ele>800.9</ele>
        <time>2026-08-04T09:43:10Z</time>
      </trkpt>
			<trkpt lat="37.18072" lon="-2.41092">
        <ele>801.4</ele>
        <time>2026-08-04T09:43:13Z</time>
      </trkpt>
			<trkpt lat="37.18102" lon="-2.41066">
        <ele>803.4</ele>
        <time>2026-08-04T09:43:23Z</time>
      </trkpt>
			<trkpt lat="37.18132" lon="-2.4104">
        <ele>805.4</ele>
        <time>2026-08-04T09:43:33Z</time>
      </trkpt>
			<trkpt lat="37.18146" lon="-2.41031">
        <ele>806.4</ele>
        <time>2026-08-04T09:43:38Z</time>
      </trkpt>
			<trkpt lat="37.18168" lon="-2.41022">
        <ele>807.8</ele>
        <time>2026-08-04T09:43:45Z</time>
      </trkpt>
			<trkpt lat="37.18206" lon="-2.41008">
        <ele>810.6</ele>
        <time>2026-08-04T09:43:57Z</time>
      </trkpt>
			<trkpt lat="37.18238" lon="-2.40998">
        <ele>813.2</ele>
        <time>2026-08-04T09:44:08Z</time>
      </trkpt>
			<trkpt lat="37.1827" lon="-2.40988">
        <ele>816</ele>
        <time>2026-08-04T09:44:21Z</time>
      </trkpt>
			<trkpt lat="37.1828" lon="-2.40983">
        <ele>817</ele>
        <time>2026-08-04T09:44:26Z</time>
      </trkpt>
			<trkpt lat="37.18287" lon="-2.40977">
        <ele>817.7</ele>
        <time>2026-08-04T09:44:28Z</time>
      </trkpt>
			<trkpt lat="37.18299" lon="-2.40966">
        <ele>819.1</ele>
        <time>2026-08-04T09:44:34Z</time>
      </trkpt>
			<trkpt lat="37.18319" lon="-2.40941">
        <ele>821.8</ele>
        <time>2026-08-04T09:44:47Z</time>
      </trkpt>
			<trkpt lat="37.18342" lon="-2.40906">
        <ele>825.3</ele>
        <time>2026-08-04T09:45:03Z</time>
      </trkpt>
			<trkpt lat="37.18365" lon="-2.4087">
        <ele>828.9</ele>
        <time>2026-08-04T09:45:19Z</time>
      </trkpt>
			<trkpt lat="37.18377" lon="-2.40847">
        <ele>831</ele>
        <time>2026-08-04T09:45:29Z</time>
      </trkpt>
			<trkpt lat="37.18384" lon="-2.4083">
        <ele>832.4</ele>
        <time>2026-08-04T09:45:35Z</time>
      </trkpt>
			<trkpt lat="37.18389" lon="-2.40813">
        <ele>833.7</ele>
        <time>2026-08-04T09:45:41Z</time>
      </trkpt>
			<trkpt lat="37.18391" lon="-2.40799">
        <ele>834.7</ele>
        <time>2026-08-04T09:45:46Z</time>
      </trkpt>
			<trkpt lat="37.18393" lon="-2.40768">
        <ele>836.8</ele>
        <time>2026-08-04T09:45:55Z</time>
      </trkpt>
			<trkpt lat="37.18395" lon="-2.40736">
        <ele>838.6</ele>
        <time>2026-08-04T09:46:03Z</time>
      </trkpt>
			<trkpt lat="37.18399" lon="-2.40706">
        <ele>840.2</ele>
        <time>2026-08-04T09:46:11Z</time>
      </trkpt>
			<trkpt lat="37.18402" lon="-2.40676">
        <ele>841.5</ele>
        <time>2026-08-04T09:46:18Z</time>
      </trkpt>
			<trkpt lat="37.18411" lon="-2.40638">
        <ele>842.9</ele>
        <time>2026-08-04T09:46:26Z</time>
      </trkpt>
			<trkpt lat="37.18419" lon="-2.40599">
        <ele>843.8</ele>
        <time>2026-08-04T09:46:33Z</time>
      </trkpt>
			<trkpt lat="37.18429" lon="-2.4056">
        <ele>844.4</ele>
        <time>2026-08-04T09:46:39Z</time>
      </trkpt>
			<trkpt lat="37.18437" lon="-2.40536">
        <ele>844.5</ele>
        <time>2026-08-04T09:46:42Z</time>
      </trkpt>
			<trkpt lat="37.18456" lon="-2.40489">
        <ele>844.6</ele>
        <time>2026-08-04T09:46:48Z</time>
      </trkpt>
			<trkpt lat="37.18464" lon="-2.40473">
        <ele>844.6</ele>
        <time>2026-08-04T09:46:50Z</time>
      </trkpt>
			<trkpt lat="37.18469" lon="-2.40465">
        <ele>844.5</ele>
        <time>2026-08-04T09:46:51Z</time>
      </trkpt>
			<trkpt lat="37.18475" lon="-2.40459">
        <ele>844.5</ele>
        <time>2026-08-04T09:46:52Z</time>
      </trkpt>
			<trkpt lat="37.18483" lon="-2.40453">
        <ele>844.5</ele>
        <time>2026-08-04T09:46:54Z</time>
      </trkpt>
			<trkpt lat="37.18515" lon="-2.40442">
        <ele>844.3</ele>
        <time>2026-08-04T09:46:57Z</time>
      </trkpt>
			<trkpt lat="37.18547" lon="-2.40431">
        <ele>844.3</ele>
        <time>2026-08-04T09:47:02Z</time>
      </trkpt>
			<trkpt lat="37.18558" lon="-2.40429">
        <ele>844.3</ele>
        <time>2026-08-04T09:47:04Z</time>
      </trkpt>
			<trkpt lat="37.18571" lon="-2.4043">
        <ele>844.4</ele>
        <time>2026-08-04T09:47:06Z</time>
      </trkpt>
			<trkpt lat="37.18579" lon="-2.40432">
        <ele>844.4</ele>
        <time>2026-08-04T09:47:07Z</time>
      </trkpt>
			<trkpt lat="37.18586" lon="-2.40436">
        <ele>844.5</ele>
        <time>2026-08-04T09:47:08Z</time>
      </trkpt>
			<trkpt lat="37.18597" lon="-2.40448">
        <ele>844.6</ele>
        <time>2026-08-04T09:47:11Z</time>
      </trkpt>
			<trkpt lat="37.18606" lon="-2.40456">
        <ele>844.8</ele>
        <time>2026-08-04T09:47:13Z</time>
      </trkpt>
			<trkpt lat="37.18619" lon="-2.40463">
        <ele>845</ele>
        <time>2026-08-04T09:47:16Z</time>
      </trkpt>
			<trkpt lat="37.18632" lon="-2.40467">
        <ele>845.2</ele>
        <time>2026-08-04T09:47:18Z</time>
      </trkpt>
			<trkpt lat="37.18648" lon="-2.4047">
        <ele>845.6</ele>
        <time>2026-08-04T09:47:21Z</time>
      </trkpt>
			<trkpt lat="37.18678" lon="-2.40473">
        <ele>846.5</ele>
        <time>2026-08-04T09:47:28Z</time>
      </trkpt>
			<trkpt lat="37.18709" lon="-2.40477">
        <ele>847.6</ele>
        <time>2026-08-04T09:47:35Z</time>
      </trkpt>
			<trkpt lat="37.18739" lon="-2.4048">
        <ele>848.9</ele>
        <time>2026-08-04T09:47:42Z</time>
      </trkpt>
			<trkpt lat="37.18754" lon="-2.40481">
        <ele>849.7</ele>
        <time>2026-08-04T09:47:46Z</time>
      </trkpt>
			<trkpt lat="37.18776" lon="-2.4048">
        <ele>850.8</ele>
        <time>2026-08-04T09:47:52Z</time>
      </trkpt>
			<trkpt lat="37.18791" lon="-2.40478">
        <ele>851.6</ele>
        <time>2026-08-04T09:47:56Z</time>
      </trkpt>
			<trkpt lat="37.18805" lon="-2.40475">
        <ele>852.5</ele>
        <time>2026-08-04T09:48:01Z</time>
      </trkpt>
			<trkpt lat="37.18832" lon="-2.40463">
        <ele>854.2</ele>
        <time>2026-08-04T09:48:09Z</time>
      </trkpt>
			<trkpt lat="37.18845" lon="-2.40454">
        <ele>855</ele>
        <time>2026-08-04T09:48:13Z</time>
      </trkpt>
			<trkpt lat="37.18857" lon="-2.40443">
        <ele>856</ele>
        <time>2026-08-04T09:48:18Z</time>
      </trkpt>
			<trkpt lat="37.18872" lon="-2.40426">
        <ele>857.3</ele>
        <time>2026-08-04T09:48:24Z</time>
      </trkpt>
			<trkpt lat="37.18886" lon="-2.40412">
        <ele>858.4</ele>
        <time>2026-08-04T09:48:29Z</time>
      </trkpt>
			<trkpt lat="37.189" lon="-2.40401">
        <ele>859.5</ele>
        <time>2026-08-04T09:48:34Z</time>
      </trkpt>
			<trkpt lat="37.18917" lon="-2.40392">
        <ele>860.8</ele>
        <time>2026-08-04T09:48:40Z</time>
      </trkpt>
			<trkpt lat="37.18923" lon="-2.4039">
        <ele>861.2</ele>
        <time>2026-08-04T09:48:42Z</time>
      </trkpt>
			<trkpt lat="37.18937" lon="-2.40387">
        <ele>862.1</ele>
        <time>2026-08-04T09:48:46Z</time>
      </trkpt>
			<trkpt lat="37.18949" lon="-2.40383">
        <ele>862.9</ele>
        <time>2026-08-04T09:48:50Z</time>
      </trkpt>
			<trkpt lat="37.18971" lon="-2.40373">
        <ele>864.5</ele>
        <time>2026-08-04T09:48:57Z</time>
      </trkpt>
			<trkpt lat="37.18982" lon="-2.40367">
        <ele>865.3</ele>
        <time>2026-08-04T09:49:01Z</time>
      </trkpt>
			<trkpt lat="37.19014" lon="-2.40339">
        <ele>867.9</ele>
        <time>2026-08-04T09:49:13Z</time>
      </trkpt>
			<trkpt lat="37.19046" lon="-2.40311">
        <ele>870.5</ele>
        <time>2026-08-04T09:49:25Z</time>
      </trkpt>
			<trkpt lat="37.19058" lon="-2.40305">
        <ele>871.3</ele>
        <time>2026-08-04T09:49:29Z</time>
      </trkpt>
			<trkpt lat="37.19068" lon="-2.40302">
        <ele>872</ele>
        <time>2026-08-04T09:49:32Z</time>
      </trkpt>
			<trkpt lat="37.19077" lon="-2.40301">
        <ele>872.5</ele>
        <time>2026-08-04T09:49:35Z</time>
      </trkpt>
			<trkpt lat="37.19083" lon="-2.40303">
        <ele>873</ele>
        <time>2026-08-04T09:49:37Z</time>
      </trkpt>
			<trkpt lat="37.1909" lon="-2.40306">
        <ele>873.4</ele>
        <time>2026-08-04T09:49:39Z</time>
      </trkpt>
			<trkpt lat="37.19104" lon="-2.40315">
        <ele>874.5</ele>
        <time>2026-08-04T09:49:44Z</time>
      </trkpt>
			<trkpt lat="37.19112" lon="-2.40324">
        <ele>875.1</ele>
        <time>2026-08-04T09:49:47Z</time>
      </trkpt>
			<trkpt lat="37.19117" lon="-2.40334">
        <ele>875.7</ele>
        <time>2026-08-04T09:49:50Z</time>
      </trkpt>
			<trkpt lat="37.19121" lon="-2.40344">
        <ele>876.3</ele>
        <time>2026-08-04T09:49:53Z</time>
      </trkpt>
			<trkpt lat="37.19124" lon="-2.40362">
        <ele>877.3</ele>
        <time>2026-08-04T09:49:57Z</time>
      </trkpt>
			<trkpt lat="37.19127" lon="-2.4041">
        <ele>879.9</ele>
        <time>2026-08-04T09:50:09Z</time>
      </trkpt>
			<trkpt lat="37.19129" lon="-2.40458">
        <ele>882.7</ele>
        <time>2026-08-04T09:50:22Z</time>
      </trkpt>
			<trkpt lat="37.19132" lon="-2.40506">
        <ele>885.6</ele>
        <time>2026-08-04T09:50:34Z</time>
      </trkpt>
			<trkpt lat="37.19134" lon="-2.40517">
        <ele>886.3</ele>
        <time>2026-08-04T09:50:37Z</time>
      </trkpt>
			<trkpt lat="37.19137" lon="-2.40525">
        <ele>886.9</ele>
        <time>2026-08-04T09:50:40Z</time>
      </trkpt>
			<trkpt lat="37.19142" lon="-2.40532">
        <ele>887.5</ele>
        <time>2026-08-04T09:50:43Z</time>
      </trkpt>
			<trkpt lat="37.19147" lon="-2.40536">
        <ele>888</ele>
        <time>2026-08-04T09:50:45Z</time>
      </trkpt>
			<trkpt lat="37.19153" lon="-2.40538">
        <ele>888.5</ele>
        <time>2026-08-04T09:50:47Z</time>
      </trkpt>
			<trkpt lat="37.19161" lon="-2.40538">
        <ele>889.2</ele>
        <time>2026-08-04T09:50:50Z</time>
      </trkpt>
			<trkpt lat="37.19168" lon="-2.40535">
        <ele>889.8</ele>
        <time>2026-08-04T09:50:53Z</time>
      </trkpt>
			<trkpt lat="37.19184" lon="-2.40524">
        <ele>891.4</ele>
        <time>2026-08-04T09:51:00Z</time>
      </trkpt>
			<trkpt lat="37.19195" lon="-2.40513">
        <ele>892.7</ele>
        <time>2026-08-04T09:51:06Z</time>
      </trkpt>
			<trkpt lat="37.19201" lon="-2.40504">
        <ele>893.6</ele>
        <time>2026-08-04T09:51:10Z</time>
      </trkpt>
			<trkpt lat="37.19208" lon="-2.40491">
        <ele>894.8</ele>
        <time>2026-08-04T09:51:16Z</time>
      </trkpt>
			<trkpt lat="37.19212" lon="-2.40479">
        <ele>895.8</ele>
        <time>2026-08-04T09:51:20Z</time>
      </trkpt>
			<trkpt lat="37.19214" lon="-2.40467">
        <ele>896.8</ele>
        <time>2026-08-04T09:51:24Z</time>
      </trkpt>
			<trkpt lat="37.19214" lon="-2.4045">
        <ele>898.1</ele>
        <time>2026-08-04T09:51:31Z</time>
      </trkpt>
			<trkpt lat="37.19212" lon="-2.40432">
        <ele>899.5</ele>
        <time>2026-08-04T09:51:37Z</time>
      </trkpt>
			<trkpt lat="37.19212" lon="-2.4042">
        <ele>900.5</ele>
        <time>2026-08-04T09:51:41Z</time>
      </trkpt>
			<trkpt lat="37.19215" lon="-2.40414">
        <ele>901.1</ele>
        <time>2026-08-04T09:51:44Z</time>
      </trkpt>
			<trkpt lat="37.19219" lon="-2.40414">
        <ele>901.5</ele>
        <time>2026-08-04T09:51:46Z</time>
      </trkpt>
			<trkpt lat="37.19222" lon="-2.40416">
        <ele>901.8</ele>
        <time>2026-08-04T09:51:47Z</time>
      </trkpt>
			<trkpt lat="37.1925" lon="-2.40393">
        <ele>905.3</ele>
        <time>2026-08-04T09:52:02Z</time>
      </trkpt>
			<trkpt lat="37.19259" lon="-2.4039">
        <ele>906.4</ele>
        <time>2026-08-04T09:52:07Z</time>
      </trkpt>
			<trkpt lat="37.19268" lon="-2.40383">
        <ele>907.4</ele>
        <time>2026-08-04T09:52:11Z</time>
      </trkpt>
			<trkpt lat="37.19273" lon="-2.40378">
        <ele>908.1</ele>
        <time>2026-08-04T09:52:14Z</time>
      </trkpt>
			<trkpt lat="37.19272" lon="-2.40413">
        <ele>911.1</ele>
        <time>2026-08-04T09:52:28Z</time>
      </trkpt>
			<trkpt lat="37.19273" lon="-2.40416">
        <ele>911.4</ele>
        <time>2026-08-04T09:52:29Z</time>
      </trkpt>
			<trkpt lat="37.19274" lon="-2.40424">
        <ele>912.1</ele>
        <time>2026-08-04T09:52:33Z</time>
      </trkpt>
			<trkpt lat="37.19276" lon="-2.40423">
        <ele>912.3</ele>
        <time>2026-08-04T09:52:33Z</time>
      </trkpt>
			<trkpt lat="37.19289" lon="-2.40421">
        <ele>913.8</ele>
        <time>2026-08-04T09:52:40Z</time>
      </trkpt>
			<trkpt lat="37.19292" lon="-2.40432">
        <ele>914.7</ele>
        <time>2026-08-04T09:52:44Z</time>
      </trkpt>
			<trkpt lat="37.19295" lon="-2.40438">
        <ele>915.3</ele>
        <time>2026-08-04T09:52:47Z</time>
      </trkpt>
			<trkpt lat="37.1931" lon="-2.40477">
        <ele>918.8</ele>
        <time>2026-08-04T09:53:02Z</time>
      </trkpt>
			<trkpt lat="37.19324" lon="-2.40489">
        <ele>920.6</ele>
        <time>2026-08-04T09:53:11Z</time>
      </trkpt>
			<trkpt lat="37.1935" lon="-2.40502">
        <ele>923.3</ele>
        <time>2026-08-04T09:53:23Z</time>
      </trkpt>
			<trkpt lat="37.19355" lon="-2.40505">
        <ele>923.9</ele>
        <time>2026-08-04T09:53:26Z</time>
      </trkpt>
			<trkpt lat="37.19363" lon="-2.40514">
        <ele>924.9</ele>
        <time>2026-08-04T09:53:30Z</time>
      </trkpt>
			<trkpt lat="37.19366" lon="-2.40521">
        <ele>925.5</ele>
        <time>2026-08-04T09:53:33Z</time>
      </trkpt>
			<trkpt lat="37.19367" lon="-2.40531">
        <ele>926.1</ele>
        <time>2026-08-04T09:53:36Z</time>
      </trkpt>
			<trkpt lat="37.19369" lon="-2.40548">
        <ele>927.4</ele>
        <time>2026-08-04T09:53:42Z</time>
      </trkpt>
			<trkpt lat="37.19368" lon="-2.40573">
        <ele>929.1</ele>
        <time>2026-08-04T09:53:50Z</time>
      </trkpt>
			<trkpt lat="37.1937" lon="-2.40581">
        <ele>929.6</ele>
        <time>2026-08-04T09:53:52Z</time>
      </trkpt>
			<trkpt lat="37.19377" lon="-2.40589">
        <ele>930.4</ele>
        <time>2026-08-04T09:53:56Z</time>
      </trkpt>
			<trkpt lat="37.19386" lon="-2.40595">
        <ele>931.2</ele>
        <time>2026-08-04T09:53:59Z</time>
      </trkpt>
			<trkpt lat="37.19385" lon="-2.40577">
        <ele>932.4</ele>
        <time>2026-08-04T09:54:05Z</time>
      </trkpt>
			<trkpt lat="37.19388" lon="-2.40561">
        <ele>933.4</ele>
        <time>2026-08-04T09:54:09Z</time>
      </trkpt>
			<trkpt lat="37.19394" lon="-2.40533">
        <ele>935.1</ele>
        <time>2026-08-04T09:54:17Z</time>
      </trkpt>
			<trkpt lat="37.19397" lon="-2.40515">
        <ele>936.2</ele>
        <time>2026-08-04T09:54:22Z</time>
      </trkpt>
			<trkpt lat="37.19398" lon="-2.40499">
        <ele>937.1</ele>
        <time>2026-08-04T09:54:26Z</time>
      </trkpt>
			<trkpt lat="37.19398" lon="-2.40487">
        <ele>937.8</ele>
        <time>2026-08-04T09:54:29Z</time>
      </trkpt>
			<trkpt lat="37.19396" lon="-2.40475">
        <ele>938.4</ele>
        <time>2026-08-04T09:54:32Z</time>
      </trkpt>
			<trkpt lat="37.19386" lon="-2.40441">
        <ele>940.5</ele>
        <time>2026-08-04T09:54:42Z</time>
      </trkpt>
			<trkpt lat="37.19386" lon="-2.40426">
        <ele>941.4</ele>
        <time>2026-08-04T09:54:46Z</time>
      </trkpt>
			<trkpt lat="37.19389" lon="-2.40418">
        <ele>941.9</ele>
        <time>2026-08-04T09:54:48Z</time>
      </trkpt>
			<trkpt lat="37.19394" lon="-2.4041">
        <ele>942.5</ele>
        <time>2026-08-04T09:54:51Z</time>
      </trkpt>
			<trkpt lat="37.194" lon="-2.40405">
        <ele>943</ele>
        <time>2026-08-04T09:54:53Z</time>
      </trkpt>
			<trkpt lat="37.19406" lon="-2.40403">
        <ele>943.5</ele>
        <time>2026-08-04T09:54:55Z</time>
      </trkpt>
			<trkpt lat="37.19413" lon="-2.40403">
        <ele>944</ele>
        <time>2026-08-04T09:54:57Z</time>
      </trkpt>
			<trkpt lat="37.19419" lon="-2.40405">
        <ele>944.5</ele>
        <time>2026-08-04T09:54:59Z</time>
      </trkpt>
			<trkpt lat="37.19425" lon="-2.40408">
        <ele>945</ele>
        <time>2026-08-04T09:55:01Z</time>
      </trkpt>
			<trkpt lat="37.19434" lon="-2.40416">
        <ele>945.9</ele>
        <time>2026-08-04T09:55:05Z</time>
      </trkpt>
			<trkpt lat="37.19447" lon="-2.40435">
        <ele>947.5</ele>
        <time>2026-08-04T09:55:12Z</time>
      </trkpt>
			<trkpt lat="37.19462" lon="-2.40458">
        <ele>949.5</ele>
        <time>2026-08-04T09:55:21Z</time>
      </trkpt>
			<trkpt lat="37.19476" lon="-2.40481">
        <ele>951.6</ele>
        <time>2026-08-04T09:55:30Z</time>
      </trkpt>
			<trkpt lat="37.19489" lon="-2.40498">
        <ele>953.4</ele>
        <time>2026-08-04T09:55:39Z</time>
      </trkpt>
			<trkpt lat="37.19511" lon="-2.40518">
        <ele>956.1</ele>
        <time>2026-08-04T09:55:51Z</time>
      </trkpt>
			<trkpt lat="37.19544" lon="-2.40539">
        <ele>960.1</ele>
        <time>2026-08-04T09:56:09Z</time>
      </trkpt>
			<trkpt lat="37.19555" lon="-2.40549">
        <ele>961.6</ele>
        <time>2026-08-04T09:56:16Z</time>
      </trkpt>
			<trkpt lat="37.19566" lon="-2.40562">
        <ele>963.4</ele>
        <time>2026-08-04T09:56:24Z</time>
      </trkpt>
			<trkpt lat="37.19582" lon="-2.40583">
        <ele>966</ele>
        <time>2026-08-04T09:56:35Z</time>
      </trkpt>
			<trkpt lat="37.19598" lon="-2.40603">
        <ele>968.6</ele>
        <time>2026-08-04T09:56:47Z</time>
      </trkpt>
			<trkpt lat="37.19609" lon="-2.40612">
        <ele>970.1</ele>
        <time>2026-08-04T09:56:53Z</time>
      </trkpt>
			<trkpt lat="37.1962" lon="-2.40619">
        <ele>971.5</ele>
        <time>2026-08-04T09:56:59Z</time>
      </trkpt>
			<trkpt lat="37.1964" lon="-2.40629">
        <ele>974</ele>
        <time>2026-08-04T09:57:10Z</time>
      </trkpt>
			<trkpt lat="37.19657" lon="-2.4064">
        <ele>976.1</ele>
        <time>2026-08-04T09:57:20Z</time>
      </trkpt>
			<trkpt lat="37.19674" lon="-2.40656">
        <ele>978.4</ele>
        <time>2026-08-04T09:57:30Z</time>
      </trkpt>
			<trkpt lat="37.19683" lon="-2.40667">
        <ele>979.7</ele>
        <time>2026-08-04T09:57:36Z</time>
      </trkpt>
			<trkpt lat="37.19686" lon="-2.40676">
        <ele>980.5</ele>
        <time>2026-08-04T09:57:39Z</time>
      </trkpt>
			<trkpt lat="37.19688" lon="-2.40686">
        <ele>981.4</ele>
        <time>2026-08-04T09:57:43Z</time>
      </trkpt>
			<trkpt lat="37.19691" lon="-2.40728">
        <ele>984.9</ele>
        <time>2026-08-04T09:57:58Z</time>
      </trkpt>
			<trkpt lat="37.19694" lon="-2.40745">
        <ele>986.2</ele>
        <time>2026-08-04T09:58:04Z</time>
      </trkpt>
			<trkpt lat="37.19698" lon="-2.40761">
        <ele>987.6</ele>
        <time>2026-08-04T09:58:10Z</time>
      </trkpt>
			<trkpt lat="37.19704" lon="-2.4078">
        <ele>989.2</ele>
        <time>2026-08-04T09:58:17Z</time>
      </trkpt>
			<trkpt lat="37.19714" lon="-2.40802">
        <ele>991.3</ele>
        <time>2026-08-04T09:58:26Z</time>
      </trkpt>
			<trkpt lat="37.19717" lon="-2.40812">
        <ele>992.1</ele>
        <time>2026-08-04T09:58:29Z</time>
      </trkpt>
			<trkpt lat="37.1972" lon="-2.40826">
        <ele>993.3</ele>
        <time>2026-08-04T09:58:35Z</time>
      </trkpt>
			<trkpt lat="37.19721" lon="-2.40846">
        <ele>995</ele>
        <time>2026-08-04T09:58:43Z</time>
      </trkpt>
			<trkpt lat="37.19721" lon="-2.40899">
        <ele>999.5</ele>
        <time>2026-08-04T09:59:04Z</time>
      </trkpt>
			<trkpt lat="37.19721" lon="-2.40952">
        <ele>1004.3</ele>
        <time>2026-08-04T09:59:25Z</time>
      </trkpt>
			<trkpt lat="37.19722" lon="-2.40966">
        <ele>1005.5</ele>
        <time>2026-08-04T09:59:30Z</time>
      </trkpt>
			<trkpt lat="37.19724" lon="-2.40976">
        <ele>1006.5</ele>
        <time>2026-08-04T09:59:35Z</time>
      </trkpt>
			<trkpt lat="37.19728" lon="-2.40986">
        <ele>1007.5</ele>
        <time>2026-08-04T09:59:39Z</time>
      </trkpt>
			<trkpt lat="37.19732" lon="-2.40993">
        <ele>1008.4</ele>
        <time>2026-08-04T09:59:43Z</time>
      </trkpt>
			<trkpt lat="37.19738" lon="-2.41">
        <ele>1009.3</ele>
        <time>2026-08-04T09:59:47Z</time>
      </trkpt>
			<trkpt lat="37.19747" lon="-2.41005">
        <ele>1010.5</ele>
        <time>2026-08-04T09:59:52Z</time>
      </trkpt>
			<trkpt lat="37.19773" lon="-2.41015">
        <ele>1013.8</ele>
        <time>2026-08-04T10:00:06Z</time>
      </trkpt>
			<trkpt lat="37.19798" lon="-2.41025">
        <ele>1016.9</ele>
        <time>2026-08-04T10:00:19Z</time>
      </trkpt>
			<trkpt lat="37.19821" lon="-2.41032">
        <ele>1019.8</ele>
        <time>2026-08-04T10:00:31Z</time>
      </trkpt>
			<trkpt lat="37.19839" lon="-2.41035">
        <ele>1021.9</ele>
        <time>2026-08-04T10:00:40Z</time>
      </trkpt>
			<trkpt lat="37.19853" lon="-2.41035">
        <ele>1023.4</ele>
        <time>2026-08-04T10:00:47Z</time>
      </trkpt>
			<trkpt lat="37.1987" lon="-2.41033">
        <ele>1025.3</ele>
        <time>2026-08-04T10:00:55Z</time>
      </trkpt>
			<trkpt lat="37.19883" lon="-2.41028">
        <ele>1026.8</ele>
        <time>2026-08-04T10:01:02Z</time>
      </trkpt>
			<trkpt lat="37.199" lon="-2.41019">
        <ele>1028.8</ele>
        <time>2026-08-04T10:01:11Z</time>
      </trkpt>
			<trkpt lat="37.19907" lon="-2.41015">
        <ele>1029.6</ele>
        <time>2026-08-04T10:01:15Z</time>
      </trkpt>
			<trkpt lat="37.19914" lon="-2.41012">
        <ele>1030.3</ele>
        <time>2026-08-04T10:01:18Z</time>
      </trkpt>
			<trkpt lat="37.19921" lon="-2.41013">
        <ele>1031.1</ele>
        <time>2026-08-04T10:01:21Z</time>
      </trkpt>
			<trkpt lat="37.19927" lon="-2.41017">
        <ele>1031.7</ele>
        <time>2026-08-04T10:01:24Z</time>
      </trkpt>
			<trkpt lat="37.19932" lon="-2.41022">
        <ele>1032.3</ele>
        <time>2026-08-04T10:01:27Z</time>
      </trkpt>
			<trkpt lat="37.19936" lon="-2.41034">
        <ele>1033.3</ele>
        <time>2026-08-04T10:01:31Z</time>
      </trkpt>
			<trkpt lat="37.19943" lon="-2.41076">
        <ele>1036.5</ele>
        <time>2026-08-04T10:01:45Z</time>
      </trkpt>
			<trkpt lat="37.19946" lon="-2.41084">
        <ele>1037.1</ele>
        <time>2026-08-04T10:01:48Z</time>
      </trkpt>
			<trkpt lat="37.19952" lon="-2.41091">
        <ele>1037.8</ele>
        <time>2026-08-04T10:01:51Z</time>
      </trkpt>
			<trkpt lat="37.19958" lon="-2.41095">
        <ele>1038.4</ele>
        <time>2026-08-04T10:01:54Z</time>
      </trkpt>
			<trkpt lat="37.19965" lon="-2.41096">
        <ele>1039</ele>
        <time>2026-08-04T10:01:57Z</time>
      </trkpt>
			<trkpt lat="37.19971" lon="-2.41095">
        <ele>1039.5</ele>
        <time>2026-08-04T10:01:59Z</time>
      </trkpt>
			<trkpt lat="37.19977" lon="-2.4109">
        <ele>1040.1</ele>
        <time>2026-08-04T10:02:01Z</time>
      </trkpt>
			<trkpt lat="37.1998" lon="-2.41084">
        <ele>1040.5</ele>
        <time>2026-08-04T10:02:03Z</time>
      </trkpt>
			<trkpt lat="37.19983" lon="-2.41078">
        <ele>1040.9</ele>
        <time>2026-08-04T10:02:05Z</time>
      </trkpt>
			<trkpt lat="37.19983" lon="-2.41071">
        <ele>1041.4</ele>
        <time>2026-08-04T10:02:07Z</time>
      </trkpt>
			<trkpt lat="37.19976" lon="-2.41035">
        <ele>1043.5</ele>
        <time>2026-08-04T10:02:16Z</time>
      </trkpt>
			<trkpt lat="37.19969" lon="-2.40999">
        <ele>1045.6</ele>
        <time>2026-08-04T10:02:25Z</time>
      </trkpt>
			<trkpt lat="37.19965" lon="-2.40981">
        <ele>1046.5</ele>
        <time>2026-08-04T10:02:29Z</time>
      </trkpt>
			<trkpt lat="37.19962" lon="-2.40973">
        <ele>1047</ele>
        <time>2026-08-04T10:02:31Z</time>
      </trkpt>
			<trkpt lat="37.19957" lon="-2.40966">
        <ele>1047.4</ele>
        <time>2026-08-04T10:02:33Z</time>
      </trkpt>
			<trkpt lat="37.19949" lon="-2.40959">
        <ele>1048</ele>
        <time>2026-08-04T10:02:36Z</time>
      </trkpt>
			<trkpt lat="37.19941" lon="-2.40955">
        <ele>1048.4</ele>
        <time>2026-08-04T10:02:39Z</time>
      </trkpt>
			<trkpt lat="37.19924" lon="-2.40952">
        <ele>1049.4</ele>
        <time>2026-08-04T10:02:44Z</time>
      </trkpt>
			<trkpt lat="37.19897" lon="-2.40949">
        <ele>1050.8</ele>
        <time>2026-08-04T10:02:51Z</time>
      </trkpt>
			<trkpt lat="37.1987" lon="-2.40946">
        <ele>1052.2</ele>
        <time>2026-08-04T10:02:59Z</time>
      </trkpt>
			<trkpt lat="37.19857" lon="-2.40944">
        <ele>1052.8</ele>
        <time>2026-08-04T10:03:02Z</time>
      </trkpt>
			<trkpt lat="37.19851" lon="-2.40942">
        <ele>1053.1</ele>
        <time>2026-08-04T10:03:04Z</time>
      </trkpt>
			<trkpt lat="37.19844" lon="-2.40937">
        <ele>1053.5</ele>
        <time>2026-08-04T10:03:06Z</time>
      </trkpt>
			<trkpt lat="37.19838" lon="-2.4093">
        <ele>1054</ele>
        <time>2026-08-04T10:03:08Z</time>
      </trkpt>
			<trkpt lat="37.19835" lon="-2.40922">
        <ele>1054.4</ele>
        <time>2026-08-04T10:03:10Z</time>
      </trkpt>
			<trkpt lat="37.19833" lon="-2.40905">
        <ele>1055.1</ele>
        <time>2026-08-04T10:03:14Z</time>
      </trkpt>
			<trkpt lat="37.19832" lon="-2.4086">
        <ele>1057.4</ele>
        <time>2026-08-04T10:03:25Z</time>
      </trkpt>
			<trkpt lat="37.19831" lon="-2.40815">
        <ele>1060.2</ele>
        <time>2026-08-04T10:03:37Z</time>
      </trkpt>
			<trkpt lat="37.19827" lon="-2.40781">
        <ele>1062.7</ele>
        <time>2026-08-04T10:03:48Z</time>
      </trkpt>
			<trkpt lat="37.19822" lon="-2.40743">
        <ele>1066.1</ele>
        <time>2026-08-04T10:04:03Z</time>
      </trkpt>
			<trkpt lat="37.19816" lon="-2.40716">
        <ele>1068.7</ele>
        <time>2026-08-04T10:04:15Z</time>
      </trkpt>
			<trkpt lat="37.19815" lon="-2.40701">
        <ele>1070.3</ele>
        <time>2026-08-04T10:04:22Z</time>
      </trkpt>
			<trkpt lat="37.19816" lon="-2.40682">
        <ele>1072.3</ele>
        <time>2026-08-04T10:04:30Z</time>
      </trkpt>
			<trkpt lat="37.19818" lon="-2.40659">
        <ele>1074.8</ele>
        <time>2026-08-04T10:04:41Z</time>
      </trkpt>
			<trkpt lat="37.1982" lon="-2.40644">
        <ele>1076.6</ele>
        <time>2026-08-04T10:04:49Z</time>
      </trkpt>
			<trkpt lat="37.19823" lon="-2.40637">
        <ele>1077.5</ele>
        <time>2026-08-04T10:04:53Z</time>
      </trkpt>
			<trkpt lat="37.19828" lon="-2.40632">
        <ele>1078.4</ele>
        <time>2026-08-04T10:04:57Z</time>
      </trkpt>
			<trkpt lat="37.19836" lon="-2.40629">
        <ele>1079.6</ele>
        <time>2026-08-04T10:05:03Z</time>
      </trkpt>
			<trkpt lat="37.19848" lon="-2.40629">
        <ele>1081.4</ele>
        <time>2026-08-04T10:05:11Z</time>
      </trkpt>
			<trkpt lat="37.19856" lon="-2.40631">
        <ele>1082.7</ele>
        <time>2026-08-04T10:05:16Z</time>
      </trkpt>
			<trkpt lat="37.1986" lon="-2.40635">
        <ele>1083.6</ele>
        <time>2026-08-04T10:05:20Z</time>
      </trkpt>
			<trkpt lat="37.19865" lon="-2.40643">
        <ele>1084.8</ele>
        <time>2026-08-04T10:05:26Z</time>
      </trkpt>
			<trkpt lat="37.19868" lon="-2.40652">
        <ele>1086.2</ele>
        <time>2026-08-04T10:05:32Z</time>
      </trkpt>
			<trkpt lat="37.19873" lon="-2.40684">
        <ele>1090.5</ele>
        <time>2026-08-04T10:05:53Z</time>
      </trkpt>
			<trkpt lat="37.19878" lon="-2.40704">
        <ele>1093.2</ele>
        <time>2026-08-04T10:06:06Z</time>
      </trkpt>
			<trkpt lat="37.19884" lon="-2.40721">
        <ele>1095.8</ele>
        <time>2026-08-04T10:06:18Z</time>
      </trkpt>
			<trkpt lat="37.19898" lon="-2.40743">
        <ele>1099.7</ele>
        <time>2026-08-04T10:06:36Z</time>
      </trkpt>
			<trkpt lat="37.19908" lon="-2.4075">
        <ele>1101.5</ele>
        <time>2026-08-04T10:06:44Z</time>
      </trkpt>
			<trkpt lat="37.19935" lon="-2.40767">
        <ele>1106.7</ele>
        <time>2026-08-04T10:07:08Z</time>
      </trkpt>
			<trkpt lat="37.19961" lon="-2.40784">
        <ele>1111.8</ele>
        <time>2026-08-04T10:07:31Z</time>
      </trkpt>
			<trkpt lat="37.19973" lon="-2.40795">
        <ele>1114.2</ele>
        <time>2026-08-04T10:07:43Z</time>
      </trkpt>
			<trkpt lat="37.2" lon="-2.40824">
        <ele>1119.9</ele>
        <time>2026-08-04T10:08:07Z</time>
      </trkpt>
			<trkpt lat="37.20005" lon="-2.40827">
        <ele>1120.7</ele>
        <time>2026-08-04T10:08:11Z</time>
      </trkpt>
			<trkpt lat="37.2001" lon="-2.40829">
        <ele>1121.5</ele>
        <time>2026-08-04T10:08:14Z</time>
      </trkpt>
			<trkpt lat="37.20017" lon="-2.40828">
        <ele>1122.5</ele>
        <time>2026-08-04T10:08:19Z</time>
      </trkpt>
			<trkpt lat="37.20022" lon="-2.40824">
        <ele>1123.4</ele>
        <time>2026-08-04T10:08:23Z</time>
      </trkpt>
			<trkpt lat="37.20024" lon="-2.4082">
        <ele>1123.9</ele>
        <time>2026-08-04T10:08:25Z</time>
      </trkpt>
			<trkpt lat="37.20026" lon="-2.40813">
        <ele>1124.8</ele>
        <time>2026-08-04T10:08:29Z</time>
      </trkpt>
			<trkpt lat="37.20029" lon="-2.40781">
        <ele>1128.4</ele>
        <time>2026-08-04T10:08:46Z</time>
      </trkpt>
			<trkpt lat="37.20034" lon="-2.40764">
        <ele>1130.4</ele>
        <time>2026-08-04T10:08:54Z</time>
      </trkpt>
			<trkpt lat="37.20046" lon="-2.40734">
        <ele>1133.9</ele>
        <time>2026-08-04T10:09:10Z</time>
      </trkpt>
			<trkpt lat="37.20058" lon="-2.40704">
        <ele>1137.4</ele>
        <time>2026-08-04T10:09:25Z</time>
      </trkpt>
			<trkpt lat="37.20066" lon="-2.40682">
        <ele>1139.7</ele>
        <time>2026-08-04T10:09:34Z</time>
      </trkpt>
			<trkpt lat="37.2007" lon="-2.40669">
        <ele>1141.1</ele>
        <time>2026-08-04T10:09:40Z</time>
      </trkpt>
			<trkpt lat="37.20089" lon="-2.4062">
        <ele>1146.4</ele>
        <time>2026-08-04T10:10:02Z</time>
      </trkpt>
			<trkpt lat="37.201" lon="-2.40595">
        <ele>1149.2</ele>
        <time>2026-08-04T10:10:13Z</time>
      </trkpt>
			<trkpt lat="37.20111" lon="-2.40578">
        <ele>1151.5</ele>
        <time>2026-08-04T10:10:23Z</time>
      </trkpt>
			<trkpt lat="37.2012" lon="-2.40569">
        <ele>1152.8</ele>
        <time>2026-08-04T10:10:29Z</time>
      </trkpt>
			<trkpt lat="37.20129" lon="-2.40562">
        <ele>1154.2</ele>
        <time>2026-08-04T10:10:35Z</time>
      </trkpt>
			<trkpt lat="37.20138" lon="-2.4056">
        <ele>1155.4</ele>
        <time>2026-08-04T10:10:40Z</time>
      </trkpt>
			<trkpt lat="37.20145" lon="-2.4056">
        <ele>1156.4</ele>
        <time>2026-08-04T10:10:45Z</time>
      </trkpt>
			<trkpt lat="37.20153" lon="-2.40563">
        <ele>1157.5</ele>
        <time>2026-08-04T10:10:50Z</time>
      </trkpt>
			<trkpt lat="37.20168" lon="-2.40571">
        <ele>1159.7</ele>
        <time>2026-08-04T10:10:59Z</time>
      </trkpt>
			<trkpt lat="37.20181" lon="-2.40581">
        <ele>1162</ele>
        <time>2026-08-04T10:11:09Z</time>
      </trkpt>
			<trkpt lat="37.20191" lon="-2.40591">
        <ele>1164</ele>
        <time>2026-08-04T10:11:18Z</time>
      </trkpt>
			<trkpt lat="37.20204" lon="-2.40607">
        <ele>1166.8</ele>
        <time>2026-08-04T10:11:30Z</time>
      </trkpt>
			<trkpt lat="37.20221" lon="-2.40631">
        <ele>1171</ele>
        <time>2026-08-04T10:11:50Z</time>
      </trkpt>
			<trkpt lat="37.20242" lon="-2.40663">
        <ele>1177.1</ele>
        <time>2026-08-04T10:12:17Z</time>
      </trkpt>
			<trkpt lat="37.20263" lon="-2.40695">
        <ele>1183.8</ele>
        <time>2026-08-04T10:12:43Z</time>
      </trkpt>
			<trkpt lat="37.20284" lon="-2.40727">
        <ele>1190.7</ele>
        <time>2026-08-04T10:13:10Z</time>
      </trkpt>
			<trkpt lat="37.2031" lon="-2.40769">
        <ele>1200</ele>
        <time>2026-08-04T10:13:43Z</time>
      </trkpt>
			<trkpt lat="37.2033" lon="-2.40793">
        <ele>1205.5</ele>
        <time>2026-08-04T10:14:06Z</time>
      </trkpt>
			<trkpt lat="37.20362" lon="-2.40823">
        <ele>1213</ele>
        <time>2026-08-04T10:14:38Z</time>
      </trkpt>
			<trkpt lat="37.20394" lon="-2.40853">
        <ele>1219.1</ele>
        <time>2026-08-04T10:15:04Z</time>
      </trkpt>
			<trkpt lat="37.20419" lon="-2.40871">
        <ele>1222.9</ele>
        <time>2026-08-04T10:15:21Z</time>
      </trkpt>
			<trkpt lat="37.20443" lon="-2.40883">
        <ele>1225.8</ele>
        <time>2026-08-04T10:15:34Z</time>
      </trkpt>
			<trkpt lat="37.2046" lon="-2.40888">
        <ele>1227.6</ele>
        <time>2026-08-04T10:15:41Z</time>
      </trkpt>
			<trkpt lat="37.20478" lon="-2.4089">
        <ele>1229.3</ele>
        <time>2026-08-04T10:15:49Z</time>
      </trkpt>
			<trkpt lat="37.20494" lon="-2.40889">
        <ele>1230.9</ele>
        <time>2026-08-04T10:15:56Z</time>
      </trkpt>
			<trkpt lat="37.20513" lon="-2.40887">
        <ele>1232.6</ele>
        <time>2026-08-04T10:16:03Z</time>
      </trkpt>
			<trkpt lat="37.20521" lon="-2.40887">
        <ele>1233.4</ele>
        <time>2026-08-04T10:16:07Z</time>
      </trkpt>
			<trkpt lat="37.20528" lon="-2.40888">
        <ele>1234</ele>
        <time>2026-08-04T10:16:10Z</time>
      </trkpt>
			<trkpt lat="37.20538" lon="-2.40894">
        <ele>1235</ele>
        <time>2026-08-04T10:16:14Z</time>
      </trkpt>
			<trkpt lat="37.20546" lon="-2.409">
        <ele>1235.9</ele>
        <time>2026-08-04T10:16:18Z</time>
      </trkpt>
			<trkpt lat="37.20566" lon="-2.40919">
        <ele>1238.3</ele>
        <time>2026-08-04T10:16:29Z</time>
      </trkpt>
			<trkpt lat="37.20585" lon="-2.40939">
        <ele>1240.6</ele>
        <time>2026-08-04T10:16:39Z</time>
      </trkpt>
			<trkpt lat="37.206" lon="-2.40952">
        <ele>1242.4</ele>
        <time>2026-08-04T10:16:48Z</time>
      </trkpt>
			<trkpt lat="37.20607" lon="-2.40954">
        <ele>1243.1</ele>
        <time>2026-08-04T10:16:51Z</time>
      </trkpt>
			<trkpt lat="37.20639" lon="-2.40953">
        <ele>1246.3</ele>
        <time>2026-08-04T10:17:05Z</time>
      </trkpt>
			<trkpt lat="37.20651" lon="-2.40955">
        <ele>1247.5</ele>
        <time>2026-08-04T10:17:10Z</time>
      </trkpt>
			<trkpt lat="37.20664" lon="-2.4096">
        <ele>1248.9</ele>
        <time>2026-08-04T10:17:16Z</time>
      </trkpt>
			<trkpt lat="37.20677" lon="-2.40969">
        <ele>1250.3</ele>
        <time>2026-08-04T10:17:22Z</time>
      </trkpt>
			<trkpt lat="37.20713" lon="-2.40998">
        <ele>1254.3</ele>
        <time>2026-08-04T10:17:39Z</time>
      </trkpt>
			<trkpt lat="37.20724" lon="-2.41001">
        <ele>1255.2</ele>
        <time>2026-08-04T10:17:43Z</time>
      </trkpt>
			<trkpt lat="37.20753" lon="-2.41003">
        <ele>1257.6</ele>
        <time>2026-08-04T10:17:53Z</time>
      </trkpt>
			<trkpt lat="37.20781" lon="-2.41006">
        <ele>1259.8</ele>
        <time>2026-08-04T10:18:02Z</time>
      </trkpt>
			<trkpt lat="37.20793" lon="-2.41011">
        <ele>1260.8</ele>
        <time>2026-08-04T10:18:06Z</time>
      </trkpt>
			<trkpt lat="37.208" lon="-2.41016">
        <ele>1261.4</ele>
        <time>2026-08-04T10:18:09Z</time>
      </trkpt>
			<trkpt lat="37.20805" lon="-2.41024">
        <ele>1262</ele>
        <time>2026-08-04T10:18:12Z</time>
      </trkpt>
			<trkpt lat="37.20812" lon="-2.41047">
        <ele>1263.4</ele>
        <time>2026-08-04T10:18:18Z</time>
      </trkpt>
			<trkpt lat="37.20815" lon="-2.41053">
        <ele>1263.8</ele>
        <time>2026-08-04T10:18:20Z</time>
      </trkpt>
			<trkpt lat="37.20821" lon="-2.41056">
        <ele>1264.2</ele>
        <time>2026-08-04T10:18:22Z</time>
      </trkpt>
			<trkpt lat="37.20827" lon="-2.41055">
        <ele>1264.7</ele>
        <time>2026-08-04T10:18:24Z</time>
      </trkpt>
			<trkpt lat="37.20833" lon="-2.41052">
        <ele>1265.1</ele>
        <time>2026-08-04T10:18:26Z</time>
      </trkpt>
			<trkpt lat="37.2084" lon="-2.41044">
        <ele>1265.8</ele>
        <time>2026-08-04T10:18:29Z</time>
      </trkpt>
			<trkpt lat="37.20846" lon="-2.41035">
        <ele>1266.5</ele>
        <time>2026-08-04T10:18:32Z</time>
      </trkpt>
			<trkpt lat="37.20856" lon="-2.41015">
        <ele>1267.9</ele>
        <time>2026-08-04T10:18:38Z</time>
      </trkpt>
			<trkpt lat="37.20864" lon="-2.41001">
        <ele>1269</ele>
        <time>2026-08-04T10:18:43Z</time>
      </trkpt>
			<trkpt lat="37.20876" lon="-2.40988">
        <ele>1270.3</ele>
        <time>2026-08-04T10:18:48Z</time>
      </trkpt>
			<trkpt lat="37.20892" lon="-2.40974">
        <ele>1271.9</ele>
        <time>2026-08-04T10:18:55Z</time>
      </trkpt>
			<trkpt lat="37.209" lon="-2.40968">
        <ele>1272.8</ele>
        <time>2026-08-04T10:18:59Z</time>
      </trkpt>
			<trkpt lat="37.20911" lon="-2.40961">
        <ele>1273.8</ele>
        <time>2026-08-04T10:19:03Z</time>
      </trkpt>
			<trkpt lat="37.20923" lon="-2.40959">
        <ele>1275</ele>
        <time>2026-08-04T10:19:08Z</time>
      </trkpt>
			<trkpt lat="37.20937" lon="-2.40958">
        <ele>1276.3</ele>
        <time>2026-08-04T10:19:14Z</time>
      </trkpt>
			<trkpt lat="37.20962" lon="-2.4096">
        <ele>1278.7</ele>
        <time>2026-08-04T10:19:25Z</time>
      </trkpt>
			<trkpt lat="37.20987" lon="-2.40962">
        <ele>1281.1</ele>
        <time>2026-08-04T10:19:36Z</time>
      </trkpt>
			<trkpt lat="37.21006" lon="-2.40967">
        <ele>1282.9</ele>
        <time>2026-08-04T10:19:44Z</time>
      </trkpt>
			<trkpt lat="37.21015" lon="-2.40974">
        <ele>1283.9</ele>
        <time>2026-08-04T10:19:48Z</time>
      </trkpt>
			<trkpt lat="37.21043" lon="-2.41005">
        <ele>1287.1</ele>
        <time>2026-08-04T10:20:03Z</time>
      </trkpt>
			<trkpt lat="37.21048" lon="-2.41009">
        <ele>1287.6</ele>
        <time>2026-08-04T10:20:05Z</time>
      </trkpt>
			<trkpt lat="37.21055" lon="-2.41011">
        <ele>1288.1</ele>
        <time>2026-08-04T10:20:08Z</time>
      </trkpt>
			<trkpt lat="37.21065" lon="-2.41011">
        <ele>1288.9</ele>
        <time>2026-08-04T10:20:11Z</time>
      </trkpt>
			<trkpt lat="37.21084" lon="-2.41005">
        <ele>1290.3</ele>
        <time>2026-08-04T10:20:17Z</time>
      </trkpt>
			<trkpt lat="37.21097" lon="-2.40998">
        <ele>1291.2</ele>
        <time>2026-08-04T10:20:21Z</time>
      </trkpt>
			<trkpt lat="37.21105" lon="-2.40992">
        <ele>1291.8</ele>
        <time>2026-08-04T10:20:24Z</time>
      </trkpt>
			<trkpt lat="37.21118" lon="-2.4098">
        <ele>1292.7</ele>
        <time>2026-08-04T10:20:29Z</time>
      </trkpt>
			<trkpt lat="37.21125" lon="-2.40974">
        <ele>1293.2</ele>
        <time>2026-08-04T10:20:31Z</time>
      </trkpt>
			<trkpt lat="37.21129" lon="-2.40973">
        <ele>1293.4</ele>
        <time>2026-08-04T10:20:32Z</time>
      </trkpt>
			<trkpt lat="37.21134" lon="-2.40974">
        <ele>1293.6</ele>
        <time>2026-08-04T10:20:34Z</time>
      </trkpt>
			<trkpt lat="37.21137" lon="-2.40977">
        <ele>1293.8</ele>
        <time>2026-08-04T10:20:35Z</time>
      </trkpt>
			<trkpt lat="37.21138" lon="-2.40984">
        <ele>1294.1</ele>
        <time>2026-08-04T10:20:36Z</time>
      </trkpt>
			<trkpt lat="37.21137" lon="-2.4099">
        <ele>1294.4</ele>
        <time>2026-08-04T10:20:38Z</time>
      </trkpt>
			<trkpt lat="37.21134" lon="-2.40997">
        <ele>1294.7</ele>
        <time>2026-08-04T10:20:39Z</time>
      </trkpt>
			<trkpt lat="37.2113" lon="-2.41003">
        <ele>1295</ele>
        <time>2026-08-04T10:20:41Z</time>
      </trkpt>
			<trkpt lat="37.21121" lon="-2.41011">
        <ele>1295.4</ele>
        <time>2026-08-04T10:20:43Z</time>
      </trkpt>
			<trkpt lat="37.21105" lon="-2.41023">
        <ele>1296.3</ele>
        <time>2026-08-04T10:20:48Z</time>
      </trkpt>
			<trkpt lat="37.21069" lon="-2.41047">
        <ele>1297.9</ele>
        <time>2026-08-04T10:20:58Z</time>
      </trkpt>
			<trkpt lat="37.21057" lon="-2.41053">
        <ele>1298.4</ele>
        <time>2026-08-04T10:21:01Z</time>
      </trkpt>
			<trkpt lat="37.21052" lon="-2.41055">
        <ele>1298.7</ele>
        <time>2026-08-04T10:21:03Z</time>
      </trkpt>
			<trkpt lat="37.21046" lon="-2.41054">
        <ele>1298.9</ele>
        <time>2026-08-04T10:21:04Z</time>
      </trkpt>
			<trkpt lat="37.21007" lon="-2.41043">
        <ele>1300.6</ele>
        <time>2026-08-04T10:21:14Z</time>
      </trkpt>
			<trkpt lat="37.20996" lon="-2.41042">
        <ele>1301.1</ele>
        <time>2026-08-04T10:21:17Z</time>
      </trkpt>
			<trkpt lat="37.20987" lon="-2.41044">
        <ele>1301.5</ele>
        <time>2026-08-04T10:21:19Z</time>
      </trkpt>
			<trkpt lat="37.20979" lon="-2.4105">
        <ele>1302</ele>
        <time>2026-08-04T10:21:22Z</time>
      </trkpt>
			<trkpt lat="37.20975" lon="-2.41057">
        <ele>1302.3</ele>
        <time>2026-08-04T10:21:23Z</time>
      </trkpt>
			<trkpt lat="37.20973" lon="-2.41065">
        <ele>1302.7</ele>
        <time>2026-08-04T10:21:25Z</time>
      </trkpt>
			<trkpt lat="37.20972" lon="-2.41077">
        <ele>1303.1</ele>
        <time>2026-08-04T10:21:28Z</time>
      </trkpt>
			<trkpt lat="37.20974" lon="-2.4109">
        <ele>1303.7</ele>
        <time>2026-08-04T10:21:31Z</time>
      </trkpt>
			<trkpt lat="37.2098" lon="-2.41105">
        <ele>1304.5</ele>
        <time>2026-08-04T10:21:34Z</time>
      </trkpt>
			<trkpt lat="37.20988" lon="-2.41122">
        <ele>1305.4</ele>
        <time>2026-08-04T10:21:39Z</time>
      </trkpt>
			<trkpt lat="37.20998" lon="-2.41138">
        <ele>1306.4</ele>
        <time>2026-08-04T10:21:44Z</time>
      </trkpt>
			<trkpt lat="37.21004" lon="-2.41149">
        <ele>1307.1</ele>
        <time>2026-08-04T10:21:47Z</time>
      </trkpt>
			<trkpt lat="37.21007" lon="-2.41161">
        <ele>1307.7</ele>
        <time>2026-08-04T10:21:50Z</time>
      </trkpt>
			<trkpt lat="37.21008" lon="-2.41172">
        <ele>1308.3</ele>
        <time>2026-08-04T10:21:53Z</time>
      </trkpt>
			<trkpt lat="37.21006" lon="-2.41178">
        <ele>1308.7</ele>
        <time>2026-08-04T10:21:55Z</time>
      </trkpt>
			<trkpt lat="37.20997" lon="-2.41192">
        <ele>1309.7</ele>
        <time>2026-08-04T10:21:59Z</time>
      </trkpt>
			<trkpt lat="37.20977" lon="-2.41213">
        <ele>1311.5</ele>
        <time>2026-08-04T10:22:07Z</time>
      </trkpt>
			<trkpt lat="37.2095" lon="-2.41238">
        <ele>1313.7</ele>
        <time>2026-08-04T10:22:17Z</time>
      </trkpt>
			<trkpt lat="37.20916" lon="-2.41257">
        <ele>1315.8</ele>
        <time>2026-08-04T10:22:28Z</time>
      </trkpt>
			<trkpt lat="37.20881" lon="-2.41275">
        <ele>1317.4</ele>
        <time>2026-08-04T10:22:37Z</time>
      </trkpt>
			<trkpt lat="37.20863" lon="-2.41287">
        <ele>1317.9</ele>
        <time>2026-08-04T10:22:41Z</time>
      </trkpt>
			<trkpt lat="37.2084" lon="-2.41309">
        <ele>1318.3</ele>
        <time>2026-08-04T10:22:46Z</time>
      </trkpt>
			<trkpt lat="37.20831" lon="-2.41315">
        <ele>1318.3</ele>
        <time>2026-08-04T10:22:48Z</time>
      </trkpt>
			<trkpt lat="37.2082" lon="-2.41317">
        <ele>1318.3</ele>
        <time>2026-08-04T10:22:50Z</time>
      </trkpt>
			<trkpt lat="37.20809" lon="-2.41317">
        <ele>1318.2</ele>
        <time>2026-08-04T10:22:51Z</time>
      </trkpt>
			<trkpt lat="37.20793" lon="-2.41313">
        <ele>1318.1</ele>
        <time>2026-08-04T10:22:52Z</time>
      </trkpt>
			<trkpt lat="37.20775" lon="-2.41311">
        <ele>1317.8</ele>
        <time>2026-08-04T10:22:54Z</time>
      </trkpt>
			<trkpt lat="37.2076" lon="-2.41311">
        <ele>1317.5</ele>
        <time>2026-08-04T10:22:55Z</time>
      </trkpt>
			<trkpt lat="37.2075" lon="-2.41314">
        <ele>1317.3</ele>
        <time>2026-08-04T10:22:56Z</time>
      </trkpt>
			<trkpt lat="37.20721" lon="-2.41326">
        <ele>1316.8</ele>
        <time>2026-08-04T10:22:59Z</time>
      </trkpt>
			<trkpt lat="37.20715" lon="-2.41332">
        <ele>1316.7</ele>
        <time>2026-08-04T10:23:00Z</time>
      </trkpt>
			<trkpt lat="37.20708" lon="-2.4134">
        <ele>1316.5</ele>
        <time>2026-08-04T10:23:01Z</time>
      </trkpt>
			<trkpt lat="37.20705" lon="-2.41351">
        <ele>1316.4</ele>
        <time>2026-08-04T10:23:02Z</time>
      </trkpt>
			<trkpt lat="37.20703" lon="-2.4136">
        <ele>1316.3</ele>
        <time>2026-08-04T10:23:03Z</time>
      </trkpt>
			<trkpt lat="37.20703" lon="-2.4137">
        <ele>1316.3</ele>
        <time>2026-08-04T10:23:04Z</time>
      </trkpt>
			<trkpt lat="37.20705" lon="-2.41377">
        <ele>1316.2</ele>
        <time>2026-08-04T10:23:04Z</time>
      </trkpt>
			<trkpt lat="37.20711" lon="-2.41385">
        <ele>1316.2</ele>
        <time>2026-08-04T10:23:06Z</time>
      </trkpt>
			<trkpt lat="37.20719" lon="-2.41393">
        <ele>1316.2</ele>
        <time>2026-08-04T10:23:07Z</time>
      </trkpt>
			<trkpt lat="37.20736" lon="-2.41406">
        <ele>1316.3</ele>
        <time>2026-08-04T10:23:10Z</time>
      </trkpt>
			<trkpt lat="37.20765" lon="-2.41423">
        <ele>1316.8</ele>
        <time>2026-08-04T10:23:16Z</time>
      </trkpt>
			<trkpt lat="37.20793" lon="-2.4144">
        <ele>1317.9</ele>
        <time>2026-08-04T10:23:23Z</time>
      </trkpt>
			<trkpt lat="37.208" lon="-2.41443">
        <ele>1318.3</ele>
        <time>2026-08-04T10:23:25Z</time>
      </trkpt>
			<trkpt lat="37.20807" lon="-2.41444">
        <ele>1318.6</ele>
        <time>2026-08-04T10:23:27Z</time>
      </trkpt>
			<trkpt lat="37.20816" lon="-2.41441">
        <ele>1319.1</ele>
        <time>2026-08-04T10:23:29Z</time>
      </trkpt>
			<trkpt lat="37.20823" lon="-2.41437">
        <ele>1319.6</ele>
        <time>2026-08-04T10:23:32Z</time>
      </trkpt>
			<trkpt lat="37.20829" lon="-2.4143">
        <ele>1320.2</ele>
        <time>2026-08-04T10:23:34Z</time>
      </trkpt>
			<trkpt lat="37.20834" lon="-2.41422">
        <ele>1320.8</ele>
        <time>2026-08-04T10:23:37Z</time>
      </trkpt>
			<trkpt lat="37.20848" lon="-2.41391">
        <ele>1323.3</ele>
        <time>2026-08-04T10:23:48Z</time>
      </trkpt>
			<trkpt lat="37.20856" lon="-2.41379">
        <ele>1324.6</ele>
        <time>2026-08-04T10:23:54Z</time>
      </trkpt>
			<trkpt lat="37.20866" lon="-2.41368">
        <ele>1326</ele>
        <time>2026-08-04T10:24:00Z</time>
      </trkpt>
			<trkpt lat="37.20877" lon="-2.41358">
        <ele>1327.6</ele>
        <time>2026-08-04T10:24:07Z</time>
      </trkpt>
			<trkpt lat="37.20889" lon="-2.41351">
        <ele>1329.4</ele>
        <time>2026-08-04T10:24:14Z</time>
      </trkpt>
			<trkpt lat="37.20928" lon="-2.41336">
        <ele>1335.7</ele>
        <time>2026-08-04T10:24:41Z</time>
      </trkpt>
			<trkpt lat="37.20966" lon="-2.41321">
        <ele>1343</ele>
        <time>2026-08-04T10:25:13Z</time>
      </trkpt>
			<trkpt lat="37.21005" lon="-2.41306">
        <ele>1350.9</ele>
        <time>2026-08-04T10:25:46Z</time>
      </trkpt>
			<trkpt lat="37.21043" lon="-2.41291">
        <ele>1358.7</ele>
        <time>2026-08-04T10:26:18Z</time>
      </trkpt>
			<trkpt lat="37.21082" lon="-2.41276">
        <ele>1365.6</ele>
        <time>2026-08-04T10:26:51Z</time>
      </trkpt>
			<trkpt lat="37.21106" lon="-2.41268">
        <ele>1369.1</ele>
        <time>2026-08-04T10:27:07Z</time>
      </trkpt>
			<trkpt lat="37.2113" lon="-2.4126">
        <ele>1372</ele>
        <time>2026-08-04T10:27:20Z</time>
      </trkpt>
			<trkpt lat="37.21157" lon="-2.41254">
        <ele>1374.4</ele>
        <time>2026-08-04T10:27:30Z</time>
      </trkpt>
			<trkpt lat="37.21183" lon="-2.41247">
        <ele>1376</ele>
        <time>2026-08-04T10:27:38Z</time>
      </trkpt>
			<trkpt lat="37.21194" lon="-2.41246">
        <ele>1376.5</ele>
        <time>2026-08-04T10:27:41Z</time>
      </trkpt>
			<trkpt lat="37.21222" lon="-2.4125">
        <ele>1377.1</ele>
        <time>2026-08-04T10:27:46Z</time>
      </trkpt>
			<trkpt lat="37.2124" lon="-2.41252">
        <ele>1377.2</ele>
        <time>2026-08-04T10:27:49Z</time>
      </trkpt>
			<trkpt lat="37.21256" lon="-2.4125">
        <ele>1377</ele>
        <time>2026-08-04T10:27:50Z</time>
      </trkpt>
			<trkpt lat="37.2127" lon="-2.41247">
        <ele>1376.8</ele>
        <time>2026-08-04T10:27:52Z</time>
      </trkpt>
			<trkpt lat="37.2131" lon="-2.41226">
        <ele>1375.3</ele>
        <time>2026-08-04T10:27:56Z</time>
      </trkpt>
			<trkpt lat="37.21319" lon="-2.41219">
        <ele>1374.8</ele>
        <time>2026-08-04T10:27:57Z</time>
      </trkpt>
			<trkpt lat="37.21325" lon="-2.41209">
        <ele>1374.4</ele>
        <time>2026-08-04T10:27:58Z</time>
      </trkpt>
			<trkpt lat="37.21332" lon="-2.41192">
        <ele>1373.6</ele>
        <time>2026-08-04T10:28:00Z</time>
      </trkpt>
			<trkpt lat="37.21339" lon="-2.41167">
        <ele>1372.5</ele>
        <time>2026-08-04T10:28:02Z</time>
      </trkpt>
			<trkpt lat="37.21341" lon="-2.41157">
        <ele>1372</ele>
        <time>2026-08-04T10:28:02Z</time>
      </trkpt>
			<trkpt lat="37.2134" lon="-2.41143">
        <ele>1371.5</ele>
        <time>2026-08-04T10:28:04Z</time>
      </trkpt>
			<trkpt lat="37.21333" lon="-2.41111">
        <ele>1370.2</ele>
        <time>2026-08-04T10:28:06Z</time>
      </trkpt>
			<trkpt lat="37.21326" lon="-2.41078">
        <ele>1369.2</ele>
        <time>2026-08-04T10:28:09Z</time>
      </trkpt>
			<trkpt lat="37.21318" lon="-2.41045">
        <ele>1368.5</ele>
        <time>2026-08-04T10:28:11Z</time>
      </trkpt>
			<trkpt lat="37.21307" lon="-2.41009">
        <ele>1368.4</ele>
        <time>2026-08-04T10:28:16Z</time>
      </trkpt>
			<trkpt lat="37.21296" lon="-2.40973">
        <ele>1369</ele>
        <time>2026-08-04T10:28:22Z</time>
      </trkpt>
			<trkpt lat="37.21294" lon="-2.40963">
        <ele>1369.2</ele>
        <time>2026-08-04T10:28:23Z</time>
      </trkpt>
			<trkpt lat="37.21295" lon="-2.40957">
        <ele>1369.4</ele>
        <time>2026-08-04T10:28:25Z</time>
      </trkpt>
			<trkpt lat="37.21298" lon="-2.40952">
        <ele>1369.7</ele>
        <time>2026-08-04T10:28:26Z</time>
      </trkpt>
			<trkpt lat="37.21303" lon="-2.4095">
        <ele>1370</ele>
        <time>2026-08-04T10:28:28Z</time>
      </trkpt>
			<trkpt lat="37.21307" lon="-2.4095">
        <ele>1370.2</ele>
        <time>2026-08-04T10:28:29Z</time>
      </trkpt>
			<trkpt lat="37.21313" lon="-2.40953">
        <ele>1370.5</ele>
        <time>2026-08-04T10:28:30Z</time>
      </trkpt>
			<trkpt lat="37.21318" lon="-2.4096">
        <ele>1371.1</ele>
        <time>2026-08-04T10:28:33Z</time>
      </trkpt>
			<trkpt lat="37.21321" lon="-2.40969">
        <ele>1371.6</ele>
        <time>2026-08-04T10:28:35Z</time>
      </trkpt>
			<trkpt lat="37.2133" lon="-2.41013">
        <ele>1375.1</ele>
        <time>2026-08-04T10:28:51Z</time>
      </trkpt>
			<trkpt lat="37.21338" lon="-2.41038">
        <ele>1377.7</ele>
        <time>2026-08-04T10:29:02Z</time>
      </trkpt>
			<trkpt lat="37.21351" lon="-2.41068">
        <ele>1381.5</ele>
        <time>2026-08-04T10:29:20Z</time>
      </trkpt>
			<trkpt lat="37.21372" lon="-2.4111">
        <ele>1387.8</ele>
        <time>2026-08-04T10:29:46Z</time>
      </trkpt>
			<trkpt lat="37.21384" lon="-2.41146">
        <ele>1393.1</ele>
        <time>2026-08-04T10:30:11Z</time>
      </trkpt>
			<trkpt lat="37.2139" lon="-2.41165">
        <ele>1395.9</ele>
        <time>2026-08-04T10:30:24Z</time>
      </trkpt>
			<trkpt lat="37.21392" lon="-2.41179">
        <ele>1397.9</ele>
        <time>2026-08-04T10:30:33Z</time>
      </trkpt>
			<trkpt lat="37.2139" lon="-2.4119">
        <ele>1399.5</ele>
        <time>2026-08-04T10:30:41Z</time>
      </trkpt>
			<trkpt lat="37.21375" lon="-2.41227">
        <ele>1405.1</ele>
        <time>2026-08-04T10:31:07Z</time>
      </trkpt>
			<trkpt lat="37.2137" lon="-2.41244">
        <ele>1407.4</ele>
        <time>2026-08-04T10:31:17Z</time>
      </trkpt>
			<trkpt lat="37.21366" lon="-2.41258">
        <ele>1409.2</ele>
        <time>2026-08-04T10:31:25Z</time>
      </trkpt>
			<trkpt lat="37.21363" lon="-2.41271">
        <ele>1410.8</ele>
        <time>2026-08-04T10:31:32Z</time>
      </trkpt>
			<trkpt lat="37.21359" lon="-2.4128">
        <ele>1411.9</ele>
        <time>2026-08-04T10:31:36Z</time>
      </trkpt>
			<trkpt lat="37.21353" lon="-2.41291">
        <ele>1413.4</ele>
        <time>2026-08-04T10:31:44Z</time>
      </trkpt>
			<trkpt lat="37.21346" lon="-2.413">
        <ele>1414.6</ele>
        <time>2026-08-04T10:31:49Z</time>
      </trkpt>
			<trkpt lat="37.21322" lon="-2.41322">
        <ele>1418</ele>
        <time>2026-08-04T10:32:03Z</time>
      </trkpt>
			<trkpt lat="37.21298" lon="-2.41343">
        <ele>1420.7</ele>
        <time>2026-08-04T10:32:15Z</time>
      </trkpt>
			<trkpt lat="37.21282" lon="-2.41355">
        <ele>1422</ele>
        <time>2026-08-04T10:32:21Z</time>
      </trkpt>
			<trkpt lat="37.21271" lon="-2.4136">
        <ele>1422.7</ele>
        <time>2026-08-04T10:32:24Z</time>
      </trkpt>
			<trkpt lat="37.21231" lon="-2.41371">
        <ele>1424.4</ele>
        <time>2026-08-04T10:32:34Z</time>
      </trkpt>
			<trkpt lat="37.21209" lon="-2.4138">
        <ele>1424.9</ele>
        <time>2026-08-04T10:32:39Z</time>
      </trkpt>
			<trkpt lat="37.21188" lon="-2.41393">
        <ele>1425.2</ele>
        <time>2026-08-04T10:32:43Z</time>
      </trkpt>
			<trkpt lat="37.21173" lon="-2.41404">
        <ele>1425.4</ele>
        <time>2026-08-04T10:32:46Z</time>
      </trkpt>
			<trkpt lat="37.21156" lon="-2.41425">
        <ele>1425.5</ele>
        <time>2026-08-04T10:32:50Z</time>
      </trkpt>
			<trkpt lat="37.21138" lon="-2.41446">
        <ele>1425.8</ele>
        <time>2026-08-04T10:32:54Z</time>
      </trkpt>
			<trkpt lat="37.21124" lon="-2.4146">
        <ele>1426.1</ele>
        <time>2026-08-04T10:32:57Z</time>
      </trkpt>
			<trkpt lat="37.21088" lon="-2.41492">
        <ele>1427.6</ele>
        <time>2026-08-04T10:33:07Z</time>
      </trkpt>
			<trkpt lat="37.21064" lon="-2.41509">
        <ele>1429.1</ele>
        <time>2026-08-04T10:33:15Z</time>
      </trkpt>
			<trkpt lat="37.2106" lon="-2.41513">
        <ele>1429.5</ele>
        <time>2026-08-04T10:33:17Z</time>
      </trkpt>
			<trkpt lat="37.21058" lon="-2.41517">
        <ele>1429.8</ele>
        <time>2026-08-04T10:33:18Z</time>
      </trkpt>
			<trkpt lat="37.21058" lon="-2.41522">
        <ele>1430.1</ele>
        <time>2026-08-04T10:33:19Z</time>
      </trkpt>
			<trkpt lat="37.2106" lon="-2.41526">
        <ele>1430.4</ele>
        <time>2026-08-04T10:33:20Z</time>
      </trkpt>
			<trkpt lat="37.21063" lon="-2.41529">
        <ele>1430.7</ele>
        <time>2026-08-04T10:33:22Z</time>
      </trkpt>
			<trkpt lat="37.21066" lon="-2.4153">
        <ele>1431</ele>
        <time>2026-08-04T10:33:23Z</time>
      </trkpt>
			<trkpt lat="37.21071" lon="-2.41529">
        <ele>1431.5</ele>
        <time>2026-08-04T10:33:25Z</time>
      </trkpt>
			<trkpt lat="37.21077" lon="-2.41526">
        <ele>1432.1</ele>
        <time>2026-08-04T10:33:28Z</time>
      </trkpt>
			<trkpt lat="37.21097" lon="-2.41508">
        <ele>1434.8</ele>
        <time>2026-08-04T10:33:40Z</time>
      </trkpt>
			<trkpt lat="37.21128" lon="-2.41488">
        <ele>1439.3</ele>
        <time>2026-08-04T10:34:00Z</time>
      </trkpt>
			<trkpt lat="37.21158" lon="-2.41468">
        <ele>1444.5</ele>
        <time>2026-08-04T10:34:23Z</time>
      </trkpt>
			<trkpt lat="37.21182" lon="-2.41456">
        <ele>1448.9</ele>
        <time>2026-08-04T10:34:43Z</time>
      </trkpt>
			<trkpt lat="37.21202" lon="-2.41448">
        <ele>1452.5</ele>
        <time>2026-08-04T10:35:00Z</time>
      </trkpt>
			<trkpt lat="37.21221" lon="-2.41442">
        <ele>1456</ele>
        <time>2026-08-04T10:35:16Z</time>
      </trkpt>
			<trkpt lat="37.21242" lon="-2.41437">
        <ele>1459.8</ele>
        <time>2026-08-04T10:35:33Z</time>
      </trkpt>
			<trkpt lat="37.21249" lon="-2.41437">
        <ele>1461</ele>
        <time>2026-08-04T10:35:39Z</time>
      </trkpt>
			<trkpt lat="37.21259" lon="-2.41441">
        <ele>1462.7</ele>
        <time>2026-08-04T10:35:47Z</time>
      </trkpt>
			<trkpt lat="37.21275" lon="-2.41452">
        <ele>1465.9</ele>
        <time>2026-08-04T10:36:02Z</time>
      </trkpt>
			<trkpt lat="37.21285" lon="-2.41455">
        <ele>1467.4</ele>
        <time>2026-08-04T10:36:09Z</time>
      </trkpt>
			<trkpt lat="37.21293" lon="-2.41453">
        <ele>1468.7</ele>
        <time>2026-08-04T10:36:14Z</time>
      </trkpt>
			<trkpt lat="37.21301" lon="-2.41449">
        <ele>1470.1</ele>
        <time>2026-08-04T10:36:21Z</time>
      </trkpt>
			<trkpt lat="37.21323" lon="-2.41434">
        <ele>1473.5</ele>
        <time>2026-08-04T10:36:35Z</time>
      </trkpt>
			<trkpt lat="37.21334" lon="-2.41433">
        <ele>1475.1</ele>
        <time>2026-08-04T10:36:43Z</time>
      </trkpt>
			<trkpt lat="37.21344" lon="-2.41434">
        <ele>1476.4</ele>
        <time>2026-08-04T10:36:48Z</time>
      </trkpt>
			<trkpt lat="37.21378" lon="-2.41442">
        <ele>1480.3</ele>
        <time>2026-08-04T10:37:06Z</time>
      </trkpt>
			<trkpt lat="37.21412" lon="-2.41451">
        <ele>1483.6</ele>
        <time>2026-08-04T10:37:21Z</time>
      </trkpt>
			<trkpt lat="37.21431" lon="-2.41455">
        <ele>1485.1</ele>
        <time>2026-08-04T10:37:28Z</time>
      </trkpt>
			<trkpt lat="37.21474" lon="-2.41457">
        <ele>1488</ele>
        <time>2026-08-04T10:37:41Z</time>
      </trkpt>
			<trkpt lat="37.21479" lon="-2.4146">
        <ele>1488.3</ele>
        <time>2026-08-04T10:37:42Z</time>
      </trkpt>
			<trkpt lat="37.21483" lon="-2.41463">
        <ele>1488.6</ele>
        <time>2026-08-04T10:37:44Z</time>
      </trkpt>
			<trkpt lat="37.21485" lon="-2.41468">
        <ele>1488.8</ele>
        <time>2026-08-04T10:37:45Z</time>
      </trkpt>
			<trkpt lat="37.21486" lon="-2.41472">
        <ele>1489</ele>
        <time>2026-08-04T10:37:46Z</time>
      </trkpt>
			<trkpt lat="37.21485" lon="-2.41479">
        <ele>1489.3</ele>
        <time>2026-08-04T10:37:47Z</time>
      </trkpt>
			<trkpt lat="37.21481" lon="-2.41484">
        <ele>1489.5</ele>
        <time>2026-08-04T10:37:49Z</time>
      </trkpt>
			<trkpt lat="37.21477" lon="-2.41488">
        <ele>1489.8</ele>
        <time>2026-08-04T10:37:50Z</time>
      </trkpt>
			<trkpt lat="37.21471" lon="-2.41492">
        <ele>1490.1</ele>
        <time>2026-08-04T10:37:52Z</time>
      </trkpt>
			<trkpt lat="37.21461" lon="-2.41496">
        <ele>1490.5</ele>
        <time>2026-08-04T10:37:54Z</time>
      </trkpt>
			<trkpt lat="37.2145" lon="-2.41498">
        <ele>1491</ele>
        <time>2026-08-04T10:37:57Z</time>
      </trkpt>
			<trkpt lat="37.21434" lon="-2.41501">
        <ele>1491.5</ele>
        <time>2026-08-04T10:38:01Z</time>
      </trkpt>
			<trkpt lat="37.21398" lon="-2.41502">
        <ele>1492.6</ele>
        <time>2026-08-04T10:38:09Z</time>
      </trkpt>
			<trkpt lat="37.21383" lon="-2.41505">
        <ele>1493</ele>
        <time>2026-08-04T10:38:11Z</time>
      </trkpt>
			<trkpt lat="37.21375" lon="-2.41508">
        <ele>1493.1</ele>
        <time>2026-08-04T10:38:13Z</time>
      </trkpt>
			<trkpt lat="37.21369" lon="-2.41513">
        <ele>1493.3</ele>
        <time>2026-08-04T10:38:14Z</time>
      </trkpt>
			<trkpt lat="37.21362" lon="-2.41522">
        <ele>1493.5</ele>
        <time>2026-08-04T10:38:16Z</time>
      </trkpt>
			<trkpt lat="37.21355" lon="-2.41536">
        <ele>1493.7</ele>
        <time>2026-08-04T10:38:19Z</time>
      </trkpt>
			<trkpt lat="37.21341" lon="-2.41567">
        <ele>1494.2</ele>
        <time>2026-08-04T10:38:24Z</time>
      </trkpt>
			<trkpt lat="37.21337" lon="-2.41574">
        <ele>1494.3</ele>
        <time>2026-08-04T10:38:25Z</time>
      </trkpt>
			<trkpt lat="37.2133" lon="-2.41577">
        <ele>1494.4</ele>
        <time>2026-08-04T10:38:26Z</time>
      </trkpt>
			<trkpt lat="37.21324" lon="-2.41579">
        <ele>1494.5</ele>
        <time>2026-08-04T10:38:27Z</time>
      </trkpt>
			<trkpt lat="37.21313" lon="-2.41578">
        <ele>1494.7</ele>
        <time>2026-08-04T10:38:30Z</time>
      </trkpt>
			<trkpt lat="37.21303" lon="-2.41576">
        <ele>1494.9</ele>
        <time>2026-08-04T10:38:32Z</time>
      </trkpt>
			<trkpt lat="37.21295" lon="-2.41573">
        <ele>1495</ele>
        <time>2026-08-04T10:38:33Z</time>
      </trkpt>
			<trkpt lat="37.21283" lon="-2.41565">
        <ele>1495.2</ele>
        <time>2026-08-04T10:38:35Z</time>
      </trkpt>
			<trkpt lat="37.21259" lon="-2.41548">
        <ele>1495.8</ele>
        <time>2026-08-04T10:38:41Z</time>
      </trkpt>
			<trkpt lat="37.2125" lon="-2.41543">
        <ele>1496</ele>
        <time>2026-08-04T10:38:42Z</time>
      </trkpt>
			<trkpt lat="37.21245" lon="-2.41543">
        <ele>1496.1</ele>
        <time>2026-08-04T10:38:43Z</time>
      </trkpt>
			<trkpt lat="37.21241" lon="-2.41544">
        <ele>1496.2</ele>
        <time>2026-08-04T10:38:44Z</time>
      </trkpt>
			<trkpt lat="37.21237" lon="-2.41549">
        <ele>1496.3</ele>
        <time>2026-08-04T10:38:45Z</time>
      </trkpt>
			<trkpt lat="37.21235" lon="-2.41555">
        <ele>1496.5</ele>
        <time>2026-08-04T10:38:46Z</time>
      </trkpt>
			<trkpt lat="37.21235" lon="-2.41563">
        <ele>1496.6</ele>
        <time>2026-08-04T10:38:48Z</time>
      </trkpt>
			<trkpt lat="37.21237" lon="-2.4157">
        <ele>1496.8</ele>
        <time>2026-08-04T10:38:49Z</time>
      </trkpt>
			<trkpt lat="37.2124" lon="-2.41578">
        <ele>1497</ele>
        <time>2026-08-04T10:38:50Z</time>
      </trkpt>
			<trkpt lat="37.21245" lon="-2.41584">
        <ele>1497.2</ele>
        <time>2026-08-04T10:38:52Z</time>
      </trkpt>
			<trkpt lat="37.2128" lon="-2.41604">
        <ele>1498.7</ele>
        <time>2026-08-04T10:39:02Z</time>
      </trkpt>
			<trkpt lat="37.21314" lon="-2.41624">
        <ele>1500.6</ele>
        <time>2026-08-04T10:39:12Z</time>
      </trkpt>
			<trkpt lat="37.21352" lon="-2.41644">
        <ele>1503.1</ele>
        <time>2026-08-04T10:39:24Z</time>
      </trkpt>
			<trkpt lat="37.21373" lon="-2.41654">
        <ele>1504.8</ele>
        <time>2026-08-04T10:39:32Z</time>
      </trkpt>
			<trkpt lat="37.21382" lon="-2.41657">
        <ele>1505.5</ele>
        <time>2026-08-04T10:39:35Z</time>
      </trkpt>
			<trkpt lat="37.2139" lon="-2.41658">
        <ele>1506.2</ele>
        <time>2026-08-04T10:39:38Z</time>
      </trkpt>
			<trkpt lat="37.214" lon="-2.41657">
        <ele>1507</ele>
        <time>2026-08-04T10:39:41Z</time>
      </trkpt>
			<trkpt lat="37.21411" lon="-2.41654">
        <ele>1507.8</ele>
        <time>2026-08-04T10:39:45Z</time>
      </trkpt>
			<trkpt lat="37.21432" lon="-2.41644">
        <ele>1509.7</ele>
        <time>2026-08-04T10:39:54Z</time>
      </trkpt>
			<trkpt lat="37.21464" lon="-2.41623">
        <ele>1512.8</ele>
        <time>2026-08-04T10:40:08Z</time>
      </trkpt>
			<trkpt lat="37.21495" lon="-2.41599">
        <ele>1515.8</ele>
        <time>2026-08-04T10:40:20Z</time>
      </trkpt>
			<trkpt lat="37.21526" lon="-2.41572">
        <ele>1518.7</ele>
        <time>2026-08-04T10:40:33Z</time>
      </trkpt>
			<trkpt lat="37.21553" lon="-2.41552">
        <ele>1521</ele>
        <time>2026-08-04T10:40:43Z</time>
      </trkpt>
			<trkpt lat="37.21559" lon="-2.41546">
        <ele>1521.5</ele>
        <time>2026-08-04T10:40:46Z</time>
      </trkpt>
			<trkpt lat="37.21563" lon="-2.4154">
        <ele>1521.9</ele>
        <time>2026-08-04T10:40:48Z</time>
      </trkpt>
			<trkpt lat="37.21568" lon="-2.4153">
        <ele>1522.6</ele>
        <time>2026-08-04T10:40:51Z</time>
      </trkpt>
			<trkpt lat="37.21577" lon="-2.41502">
        <ele>1524.1</ele>
        <time>2026-08-04T10:40:58Z</time>
      </trkpt>
			<trkpt lat="37.21588" lon="-2.41484">
        <ele>1525.4</ele>
        <time>2026-08-04T10:41:04Z</time>
      </trkpt>
			<trkpt lat="37.21599" lon="-2.41474">
        <ele>1526.2</ele>
        <time>2026-08-04T10:41:08Z</time>
      </trkpt>
			<trkpt lat="37.21625" lon="-2.41454">
        <ele>1528.1</ele>
        <time>2026-08-04T10:41:17Z</time>
      </trkpt>
			<trkpt lat="37.2165" lon="-2.41434">
        <ele>1530.1</ele>
        <time>2026-08-04T10:41:26Z</time>
      </trkpt>
			<trkpt lat="37.21654" lon="-2.41433">
        <ele>1530.3</ele>
        <time>2026-08-04T10:41:27Z</time>
      </trkpt>
			<trkpt lat="37.21658" lon="-2.41433">
        <ele>1530.6</ele>
        <time>2026-08-04T10:41:28Z</time>
      </trkpt>
			<trkpt lat="37.21661" lon="-2.41436">
        <ele>1530.9</ele>
        <time>2026-08-04T10:41:30Z</time>
      </trkpt>
			<trkpt lat="37.21662" lon="-2.4144">
        <ele>1531.1</ele>
        <time>2026-08-04T10:41:31Z</time>
      </trkpt>
			<trkpt lat="37.21663" lon="-2.41447">
        <ele>1531.5</ele>
        <time>2026-08-04T10:41:32Z</time>
      </trkpt>
			<trkpt lat="37.21661" lon="-2.41453">
        <ele>1531.8</ele>
        <time>2026-08-04T10:41:34Z</time>
      </trkpt>
			<trkpt lat="37.21658" lon="-2.41459">
        <ele>1532.2</ele>
        <time>2026-08-04T10:41:36Z</time>
      </trkpt>
			<trkpt lat="37.21644" lon="-2.41472">
        <ele>1533.4</ele>
        <time>2026-08-04T10:41:41Z</time>
      </trkpt>
			<trkpt lat="37.21634" lon="-2.41484">
        <ele>1534.4</ele>
        <time>2026-08-04T10:41:46Z</time>
      </trkpt>
			<trkpt lat="37.21619" lon="-2.41506">
        <ele>1536</ele>
        <time>2026-08-04T10:41:53Z</time>
      </trkpt>
			<trkpt lat="37.21615" lon="-2.41519">
        <ele>1536.8</ele>
        <time>2026-08-04T10:41:56Z</time>
      </trkpt>
			<trkpt lat="37.21613" lon="-2.41533">
        <ele>1537.6</ele>
        <time>2026-08-04T10:42:00Z</time>
      </trkpt>
			<trkpt lat="37.21613" lon="-2.41549">
        <ele>1538.5</ele>
        <time>2026-08-04T10:42:04Z</time>
      </trkpt>
			<trkpt lat="37.21614" lon="-2.41578">
        <ele>1540.3</ele>
        <time>2026-08-04T10:42:11Z</time>
      </trkpt>
			<trkpt lat="37.21612" lon="-2.41589">
        <ele>1541</ele>
        <time>2026-08-04T10:42:14Z</time>
      </trkpt>
			<trkpt lat="37.21608" lon="-2.41598">
        <ele>1541.6</ele>
        <time>2026-08-04T10:42:17Z</time>
      </trkpt>
			<trkpt lat="37.21592" lon="-2.41624">
        <ele>1543.6</ele>
        <time>2026-08-04T10:42:26Z</time>
      </trkpt>
			<trkpt lat="37.21575" lon="-2.4165">
        <ele>1545.5</ele>
        <time>2026-08-04T10:42:34Z</time>
      </trkpt>
			<trkpt lat="37.21566" lon="-2.41671">
        <ele>1546.9</ele>
        <time>2026-08-04T10:42:40Z</time>
      </trkpt>
			<trkpt lat="37.21556" lon="-2.41707">
        <ele>1549</ele>
        <time>2026-08-04T10:42:50Z</time>
      </trkpt>
			<trkpt lat="37.21551" lon="-2.41717">
        <ele>1549.6</ele>
        <time>2026-08-04T10:42:53Z</time>
      </trkpt>
			<trkpt lat="37.21544" lon="-2.41729">
        <ele>1550.3</ele>
        <time>2026-08-04T10:42:56Z</time>
      </trkpt>
			<trkpt lat="37.21533" lon="-2.41739">
        <ele>1551.2</ele>
        <time>2026-08-04T10:43:00Z</time>
      </trkpt>
			<trkpt lat="37.21502" lon="-2.41763">
        <ele>1553.4</ele>
        <time>2026-08-04T10:43:11Z</time>
      </trkpt>
			<trkpt lat="37.21471" lon="-2.41787">
        <ele>1555.6</ele>
        <time>2026-08-04T10:43:21Z</time>
      </trkpt>
			<trkpt lat="37.21451" lon="-2.41799">
        <ele>1557</ele>
        <time>2026-08-04T10:43:28Z</time>
      </trkpt>
			<trkpt lat="37.21443" lon="-2.41804">
        <ele>1557.6</ele>
        <time>2026-08-04T10:43:31Z</time>
      </trkpt>
			<trkpt lat="37.21437" lon="-2.41812">
        <ele>1558.2</ele>
        <time>2026-08-04T10:43:33Z</time>
      </trkpt>
			<trkpt lat="37.21435" lon="-2.41819">
        <ele>1558.6</ele>
        <time>2026-08-04T10:43:35Z</time>
      </trkpt>
			<trkpt lat="37.21435" lon="-2.41826">
        <ele>1559</ele>
        <time>2026-08-04T10:43:37Z</time>
      </trkpt>
			<trkpt lat="37.21438" lon="-2.41832">
        <ele>1559.4</ele>
        <time>2026-08-04T10:43:39Z</time>
      </trkpt>
			<trkpt lat="37.21442" lon="-2.41835">
        <ele>1559.8</ele>
        <time>2026-08-04T10:43:40Z</time>
      </trkpt>
			<trkpt lat="37.21446" lon="-2.41836">
        <ele>1560.1</ele>
        <time>2026-08-04T10:43:42Z</time>
      </trkpt>
			<trkpt lat="37.21451" lon="-2.41835">
        <ele>1560.4</ele>
        <time>2026-08-04T10:43:43Z</time>
      </trkpt>
			<trkpt lat="37.21456" lon="-2.41832">
        <ele>1560.9</ele>
        <time>2026-08-04T10:43:45Z</time>
      </trkpt>
			<trkpt lat="37.21472" lon="-2.41813">
        <ele>1562.8</ele>
        <time>2026-08-04T10:43:54Z</time>
      </trkpt>
			<trkpt lat="37.2148" lon="-2.41806">
        <ele>1563.7</ele>
        <time>2026-08-04T10:43:58Z</time>
      </trkpt>
			<trkpt lat="37.21498" lon="-2.41794">
        <ele>1565.5</ele>
        <time>2026-08-04T10:44:06Z</time>
      </trkpt>
			<trkpt lat="37.21523" lon="-2.41781">
        <ele>1568.5</ele>
        <time>2026-08-04T10:44:20Z</time>
      </trkpt>
			<trkpt lat="37.21548" lon="-2.41768">
        <ele>1571.5</ele>
        <time>2026-08-04T10:44:33Z</time>
      </trkpt>
			<trkpt lat="37.21582" lon="-2.41748">
        <ele>1576.1</ele>
        <time>2026-08-04T10:44:52Z</time>
      </trkpt>
			<trkpt lat="37.21616" lon="-2.41727">
        <ele>1580.5</ele>
        <time>2026-08-04T10:45:11Z</time>
      </trkpt>
			<trkpt lat="37.21626" lon="-2.4172">
        <ele>1581.9</ele>
        <time>2026-08-04T10:45:17Z</time>
      </trkpt>
			<trkpt lat="37.21632" lon="-2.41714">
        <ele>1582.8</ele>
        <time>2026-08-04T10:45:21Z</time>
      </trkpt>
			<trkpt lat="37.2165" lon="-2.41692">
        <ele>1585.6</ele>
        <time>2026-08-04T10:45:33Z</time>
      </trkpt>
			<trkpt lat="37.21667" lon="-2.41669">
        <ele>1588.1</ele>
        <time>2026-08-04T10:45:44Z</time>
      </trkpt>
			<trkpt lat="37.21676" lon="-2.41664">
        <ele>1589</ele>
        <time>2026-08-04T10:45:48Z</time>
      </trkpt>
			<trkpt lat="37.21694" lon="-2.41656">
        <ele>1590.8</ele>
        <time>2026-08-04T10:45:56Z</time>
      </trkpt>
			<trkpt lat="37.21702" lon="-2.41649">
        <ele>1591.6</ele>
        <time>2026-08-04T10:45:59Z</time>
      </trkpt>
			<trkpt lat="37.21708" lon="-2.41643">
        <ele>1592.3</ele>
        <time>2026-08-04T10:46:02Z</time>
      </trkpt>
			<trkpt lat="37.21714" lon="-2.41632">
        <ele>1593.2</ele>
        <time>2026-08-04T10:46:07Z</time>
      </trkpt>
			<trkpt lat="37.2172" lon="-2.4162">
        <ele>1594</ele>
        <time>2026-08-04T10:46:10Z</time>
      </trkpt>
			<trkpt lat="37.21736" lon="-2.4157">
        <ele>1597.1</ele>
        <time>2026-08-04T10:46:23Z</time>
      </trkpt>
			<trkpt lat="37.21746" lon="-2.41544">
        <ele>1598.8</ele>
        <time>2026-08-04T10:46:31Z</time>
      </trkpt>
			<trkpt lat="37.21751" lon="-2.41538">
        <ele>1599.2</ele>
        <time>2026-08-04T10:46:33Z</time>
      </trkpt>
			<trkpt lat="37.21755" lon="-2.41535">
        <ele>1599.5</ele>
        <time>2026-08-04T10:46:34Z</time>
      </trkpt>
			<trkpt lat="37.21759" lon="-2.41535">
        <ele>1599.8</ele>
        <time>2026-08-04T10:46:36Z</time>
      </trkpt>
			<trkpt lat="37.21764" lon="-2.41538">
        <ele>1600.2</ele>
        <time>2026-08-04T10:46:37Z</time>
      </trkpt>
			<trkpt lat="37.21766" lon="-2.41543">
        <ele>1600.5</ele>
        <time>2026-08-04T10:46:39Z</time>
      </trkpt>
			<trkpt lat="37.21767" lon="-2.41548">
        <ele>1600.8</ele>
        <time>2026-08-04T10:46:40Z</time>
      </trkpt>
			<trkpt lat="37.21765" lon="-2.41556">
        <ele>1601.2</ele>
        <time>2026-08-04T10:46:42Z</time>
      </trkpt>
			<trkpt lat="37.21757" lon="-2.41573">
        <ele>1602.3</ele>
        <time>2026-08-04T10:46:47Z</time>
      </trkpt>
			<trkpt lat="37.21753" lon="-2.41582">
        <ele>1602.9</ele>
        <time>2026-08-04T10:46:50Z</time>
      </trkpt>
			<trkpt lat="37.21745" lon="-2.41609">
        <ele>1604.5</ele>
        <time>2026-08-04T10:46:57Z</time>
      </trkpt>
			<trkpt lat="37.21739" lon="-2.41636">
        <ele>1606.1</ele>
        <time>2026-08-04T10:47:04Z</time>
      </trkpt>
			<trkpt lat="37.21732" lon="-2.41662">
        <ele>1607.7</ele>
        <time>2026-08-04T10:47:11Z</time>
      </trkpt>
			<trkpt lat="37.21722" lon="-2.41694">
        <ele>1609.8</ele>
        <time>2026-08-04T10:47:20Z</time>
      </trkpt>
			<trkpt lat="37.2172" lon="-2.41701">
        <ele>1610.2</ele>
        <time>2026-08-04T10:47:22Z</time>
      </trkpt>
			<trkpt lat="37.21721" lon="-2.41706">
        <ele>1610.6</ele>
        <time>2026-08-04T10:47:24Z</time>
      </trkpt>
			<trkpt lat="37.21722" lon="-2.41709">
        <ele>1610.8</ele>
        <time>2026-08-04T10:47:24Z</time>
      </trkpt>
			<trkpt lat="37.21725" lon="-2.41712">
        <ele>1611.1</ele>
        <time>2026-08-04T10:47:26Z</time>
      </trkpt>
			<trkpt lat="37.21728" lon="-2.41714">
        <ele>1611.3</ele>
        <time>2026-08-04T10:47:27Z</time>
      </trkpt>
			<trkpt lat="37.21732" lon="-2.41712">
        <ele>1611.7</ele>
        <time>2026-08-04T10:47:28Z</time>
      </trkpt>
			<trkpt lat="37.21737" lon="-2.41706">
        <ele>1612.2</ele>
        <time>2026-08-04T10:47:31Z</time>
      </trkpt>
			<trkpt lat="37.21751" lon="-2.41669">
        <ele>1614.8</ele>
        <time>2026-08-04T10:47:42Z</time>
      </trkpt>
			<trkpt lat="37.21764" lon="-2.41631">
        <ele>1617.3</ele>
        <time>2026-08-04T10:47:53Z</time>
      </trkpt>
			<trkpt lat="37.21772" lon="-2.41613">
        <ele>1618.6</ele>
        <time>2026-08-04T10:47:58Z</time>
      </trkpt>
			<trkpt lat="37.21779" lon="-2.41602">
        <ele>1619.5</ele>
        <time>2026-08-04T10:48:02Z</time>
      </trkpt>
			<trkpt lat="37.21783" lon="-2.41596">
        <ele>1619.9</ele>
        <time>2026-08-04T10:48:04Z</time>
      </trkpt>
			<trkpt lat="37.21789" lon="-2.41593">
        <ele>1620.4</ele>
        <time>2026-08-04T10:48:06Z</time>
      </trkpt>
			<trkpt lat="37.21812" lon="-2.41587">
        <ele>1622.2</ele>
        <time>2026-08-04T10:48:14Z</time>
      </trkpt>
			<trkpt lat="37.2182" lon="-2.41583">
        <ele>1622.8</ele>
        <time>2026-08-04T10:48:16Z</time>
      </trkpt>
			<trkpt lat="37.21825" lon="-2.41577">
        <ele>1623.3</ele>
        <time>2026-08-04T10:48:19Z</time>
      </trkpt>
			<trkpt lat="37.2183" lon="-2.41569">
        <ele>1623.9</ele>
        <time>2026-08-04T10:48:21Z</time>
      </trkpt>
			<trkpt lat="37.21833" lon="-2.41559">
        <ele>1624.6</ele>
        <time>2026-08-04T10:48:24Z</time>
      </trkpt>
			<trkpt lat="37.21837" lon="-2.41536">
        <ele>1626</ele>
        <time>2026-08-04T10:48:30Z</time>
      </trkpt>
			<trkpt lat="37.21839" lon="-2.41529">
        <ele>1626.4</ele>
        <time>2026-08-04T10:48:32Z</time>
      </trkpt>
			<trkpt lat="37.21842" lon="-2.41526">
        <ele>1626.7</ele>
        <time>2026-08-04T10:48:34Z</time>
      </trkpt>
			<trkpt lat="37.21846" lon="-2.41524">
        <ele>1627</ele>
        <time>2026-08-04T10:48:35Z</time>
      </trkpt>
			<trkpt lat="37.2185" lon="-2.41525">
        <ele>1627.3</ele>
        <time>2026-08-04T10:48:36Z</time>
      </trkpt>
			<trkpt lat="37.21855" lon="-2.41529">
        <ele>1627.7</ele>
        <time>2026-08-04T10:48:38Z</time>
      </trkpt>
			<trkpt lat="37.21858" lon="-2.41535">
        <ele>1628.2</ele>
        <time>2026-08-04T10:48:40Z</time>
      </trkpt>
			<trkpt lat="37.21861" lon="-2.41546">
        <ele>1628.8</ele>
        <time>2026-08-04T10:48:43Z</time>
      </trkpt>
			<trkpt lat="37.21864" lon="-2.41558">
        <ele>1629.5</ele>
        <time>2026-08-04T10:48:46Z</time>
      </trkpt>
			<trkpt lat="37.21865" lon="-2.41575">
        <ele>1630.5</ele>
        <time>2026-08-04T10:48:51Z</time>
      </trkpt>
			<trkpt lat="37.21865" lon="-2.41586">
        <ele>1631.2</ele>
        <time>2026-08-04T10:48:54Z</time>
      </trkpt>
			<trkpt lat="37.21864" lon="-2.41598">
        <ele>1631.9</ele>
        <time>2026-08-04T10:48:57Z</time>
      </trkpt>
			<trkpt lat="37.21861" lon="-2.41608">
        <ele>1632.5</ele>
        <time>2026-08-04T10:49:00Z</time>
      </trkpt>
			<trkpt lat="37.21857" lon="-2.41618">
        <ele>1633.2</ele>
        <time>2026-08-04T10:49:03Z</time>
      </trkpt>
			<trkpt lat="37.21852" lon="-2.41622">
        <ele>1633.7</ele>
        <time>2026-08-04T10:49:05Z</time>
      </trkpt>
			<trkpt lat="37.21845" lon="-2.41623">
        <ele>1634.1</ele>
        <time>2026-08-04T10:49:07Z</time>
      </trkpt>
			<trkpt lat="37.21821" lon="-2.41621">
        <ele>1635.9</ele>
        <time>2026-08-04T10:49:15Z</time>
      </trkpt>
			<trkpt lat="37.21814" lon="-2.41622">
        <ele>1636.4</ele>
        <time>2026-08-04T10:49:17Z</time>
      </trkpt>
			<trkpt lat="37.21808" lon="-2.41625">
        <ele>1636.9</ele>
        <time>2026-08-04T10:49:19Z</time>
      </trkpt>
			<trkpt lat="37.218" lon="-2.41633">
        <ele>1637.7</ele>
        <time>2026-08-04T10:49:23Z</time>
      </trkpt>
			<trkpt lat="37.21793" lon="-2.41643">
        <ele>1638.3</ele>
        <time>2026-08-04T10:49:26Z</time>
      </trkpt>
			<trkpt lat="37.21788" lon="-2.41653">
        <ele>1639</ele>
        <time>2026-08-04T10:49:29Z</time>
      </trkpt>
			<trkpt lat="37.21783" lon="-2.41664">
        <ele>1639.7</ele>
        <time>2026-08-04T10:49:32Z</time>
      </trkpt>
			<trkpt lat="37.21773" lon="-2.41708">
        <ele>1641.9</ele>
        <time>2026-08-04T10:49:42Z</time>
      </trkpt>
			<trkpt lat="37.21763" lon="-2.41752">
        <ele>1643.8</ele>
        <time>2026-08-04T10:49:53Z</time>
      </trkpt>
			<trkpt lat="37.21763" lon="-2.41759">
        <ele>1644</ele>
        <time>2026-08-04T10:49:54Z</time>
      </trkpt>
			<trkpt lat="37.21764" lon="-2.41765">
        <ele>1644.3</ele>
        <time>2026-08-04T10:49:56Z</time>
      </trkpt>
			<trkpt lat="37.21767" lon="-2.41768">
        <ele>1644.4</ele>
        <time>2026-08-04T10:49:56Z</time>
      </trkpt>
			<trkpt lat="37.21771" lon="-2.4177">
        <ele>1644.6</ele>
        <time>2026-08-04T10:49:57Z</time>
      </trkpt>
			<trkpt lat="37.21775" lon="-2.41769">
        <ele>1644.7</ele>
        <time>2026-08-04T10:49:58Z</time>
      </trkpt>
			<trkpt lat="37.2178" lon="-2.41764">
        <ele>1645</ele>
        <time>2026-08-04T10:50:00Z</time>
      </trkpt>
			<trkpt lat="37.21783" lon="-2.41756">
        <ele>1645.3</ele>
        <time>2026-08-04T10:50:01Z</time>
      </trkpt>
			<trkpt lat="37.21785" lon="-2.41749">
        <ele>1645.5</ele>
        <time>2026-08-04T10:50:03Z</time>
      </trkpt>
			<trkpt lat="37.21785" lon="-2.41722">
        <ele>1646.2</ele>
        <time>2026-08-04T10:50:08Z</time>
      </trkpt>
			<trkpt lat="37.21787" lon="-2.41707">
        <ele>1646.5</ele>
        <time>2026-08-04T10:50:10Z</time>
      </trkpt>
			<trkpt lat="37.21789" lon="-2.41695">
        <ele>1646.7</ele>
        <time>2026-08-04T10:50:12Z</time>
      </trkpt>
			<trkpt lat="37.21793" lon="-2.41682">
        <ele>1647</ele>
        <time>2026-08-04T10:50:14Z</time>
      </trkpt>
			<trkpt lat="37.21799" lon="-2.41674">
        <ele>1647.2</ele>
        <time>2026-08-04T10:50:16Z</time>
      </trkpt>
			<trkpt lat="37.21804" lon="-2.41668">
        <ele>1647.4</ele>
        <time>2026-08-04T10:50:17Z</time>
      </trkpt>
			<trkpt lat="37.21811" lon="-2.41664">
        <ele>1647.6</ele>
        <time>2026-08-04T10:50:19Z</time>
      </trkpt>
			<trkpt lat="37.21821" lon="-2.41661">
        <ele>1647.8</ele>
        <time>2026-08-04T10:50:20Z</time>
      </trkpt>
			<trkpt lat="37.21835" lon="-2.4166">
        <ele>1648.2</ele>
        <time>2026-08-04T10:50:24Z</time>
      </trkpt>
			<trkpt lat="37.21869" lon="-2.4166">
        <ele>1649.1</ele>
        <time>2026-08-04T10:50:30Z</time>
      </trkpt>
			<trkpt lat="37.21875" lon="-2.41658">
        <ele>1649.4</ele>
        <time>2026-08-04T10:50:32Z</time>
      </trkpt>
			<trkpt lat="37.21881" lon="-2.41653">
        <ele>1649.6</ele>
        <time>2026-08-04T10:50:33Z</time>
      </trkpt>
			<trkpt lat="37.21887" lon="-2.41644">
        <ele>1649.9</ele>
        <time>2026-08-04T10:50:35Z</time>
      </trkpt>
			<trkpt lat="37.21893" lon="-2.41631">
        <ele>1650.5</ele>
        <time>2026-08-04T10:50:39Z</time>
      </trkpt>
			<trkpt lat="37.21898" lon="-2.41613">
        <ele>1651.2</ele>
        <time>2026-08-04T10:50:42Z</time>
      </trkpt>
			<trkpt lat="37.21903" lon="-2.41594">
        <ele>1652</ele>
        <time>2026-08-04T10:50:47Z</time>
      </trkpt>
			<trkpt lat="37.21907" lon="-2.41573">
        <ele>1653</ele>
        <time>2026-08-04T10:50:52Z</time>
      </trkpt>
			<trkpt lat="37.21908" lon="-2.41561">
        <ele>1653.6</ele>
        <time>2026-08-04T10:50:55Z</time>
      </trkpt>
			<trkpt lat="37.21908" lon="-2.41533">
        <ele>1655.2</ele>
        <time>2026-08-04T10:51:02Z</time>
      </trkpt>
			<trkpt lat="37.2191" lon="-2.41528">
        <ele>1655.5</ele>
        <time>2026-08-04T10:51:03Z</time>
      </trkpt>
			<trkpt lat="37.21913" lon="-2.41525">
        <ele>1655.8</ele>
        <time>2026-08-04T10:51:04Z</time>
      </trkpt>
			<trkpt lat="37.21917" lon="-2.41525">
        <ele>1656.2</ele>
        <time>2026-08-04T10:51:06Z</time>
      </trkpt>
			<trkpt lat="37.2192" lon="-2.41527">
        <ele>1656.4</ele>
        <time>2026-08-04T10:51:07Z</time>
      </trkpt>
			<trkpt lat="37.21923" lon="-2.41531">
        <ele>1656.7</ele>
        <time>2026-08-04T10:51:08Z</time>
      </trkpt>
			<trkpt lat="37.21925" lon="-2.41539">
        <ele>1657.3</ele>
        <time>2026-08-04T10:51:11Z</time>
      </trkpt>
			<trkpt lat="37.21927" lon="-2.4155">
        <ele>1658.1</ele>
        <time>2026-08-04T10:51:15Z</time>
      </trkpt>
			<trkpt lat="37.21928" lon="-2.41571">
        <ele>1659.5</ele>
        <time>2026-08-04T10:51:21Z</time>
      </trkpt>
			<trkpt lat="37.21928" lon="-2.41604">
        <ele>1661.9</ele>
        <time>2026-08-04T10:51:32Z</time>
      </trkpt>
			<trkpt lat="37.2193" lon="-2.41641">
        <ele>1664.7</ele>
        <time>2026-08-04T10:51:45Z</time>
      </trkpt>
			<trkpt lat="37.21932" lon="-2.41679">
        <ele>1667.3</ele>
        <time>2026-08-04T10:51:57Z</time>
      </trkpt>
			<trkpt lat="37.21931" lon="-2.41687">
        <ele>1667.8</ele>
        <time>2026-08-04T10:51:59Z</time>
      </trkpt>
			<trkpt lat="37.21929" lon="-2.41696">
        <ele>1668.5</ele>
        <time>2026-08-04T10:52:02Z</time>
      </trkpt>
			<trkpt lat="37.21924" lon="-2.41706">
        <ele>1669.2</ele>
        <time>2026-08-04T10:52:05Z</time>
      </trkpt>
			<trkpt lat="37.21919" lon="-2.41712">
        <ele>1669.8</ele>
        <time>2026-08-04T10:52:08Z</time>
      </trkpt>
			<trkpt lat="37.21911" lon="-2.41717">
        <ele>1670.4</ele>
        <time>2026-08-04T10:52:11Z</time>
      </trkpt>
			<trkpt lat="37.21898" lon="-2.41721">
        <ele>1671.4</ele>
        <time>2026-08-04T10:52:15Z</time>
      </trkpt>
			<trkpt lat="37.21861" lon="-2.41728">
        <ele>1673.6</ele>
        <time>2026-08-04T10:52:26Z</time>
      </trkpt>
			<trkpt lat="37.21853" lon="-2.4173">
        <ele>1674</ele>
        <time>2026-08-04T10:52:28Z</time>
      </trkpt>
			<trkpt lat="37.21849" lon="-2.41732">
        <ele>1674.2</ele>
        <time>2026-08-04T10:52:29Z</time>
      </trkpt>
			<trkpt lat="37.21845" lon="-2.41736">
        <ele>1674.4</ele>
        <time>2026-08-04T10:52:30Z</time>
      </trkpt>
			<trkpt lat="37.21843" lon="-2.41742">
        <ele>1674.6</ele>
        <time>2026-08-04T10:52:32Z</time>
      </trkpt>
			<trkpt lat="37.21843" lon="-2.41748">
        <ele>1674.8</ele>
        <time>2026-08-04T10:52:33Z</time>
      </trkpt>
			<trkpt lat="37.21847" lon="-2.41752">
        <ele>1675</ele>
        <time>2026-08-04T10:52:34Z</time>
      </trkpt>
			<trkpt lat="37.21851" lon="-2.41755">
        <ele>1675.2</ele>
        <time>2026-08-04T10:52:35Z</time>
      </trkpt>
			<trkpt lat="37.21856" lon="-2.41754">
        <ele>1675.3</ele>
        <time>2026-08-04T10:52:36Z</time>
      </trkpt>
			<trkpt lat="37.21891" lon="-2.41743">
        <ele>1676.2</ele>
        <time>2026-08-04T10:52:43Z</time>
      </trkpt>
			<trkpt lat="37.21911" lon="-2.41738">
        <ele>1676.5</ele>
        <time>2026-08-04T10:52:47Z</time>
      </trkpt>
			<trkpt lat="37.2195" lon="-2.41731">
        <ele>1676.7</ele>
        <time>2026-08-04T10:52:52Z</time>
      </trkpt>
			<trkpt lat="37.21959" lon="-2.41728">
        <ele>1676.7</ele>
        <time>2026-08-04T10:52:54Z</time>
      </trkpt>
			<trkpt lat="37.21967" lon="-2.41724">
        <ele>1676.7</ele>
        <time>2026-08-04T10:52:55Z</time>
      </trkpt>
			<trkpt lat="37.21973" lon="-2.41716">
        <ele>1676.7</ele>
        <time>2026-08-04T10:52:56Z</time>
      </trkpt>
			<trkpt lat="37.21977" lon="-2.41703">
        <ele>1676.7</ele>
        <time>2026-08-04T10:52:58Z</time>
      </trkpt>
			<trkpt lat="37.21983" lon="-2.41672">
        <ele>1676.8</ele>
        <time>2026-08-04T10:53:02Z</time>
      </trkpt>
			<trkpt lat="37.21989" lon="-2.4164">
        <ele>1677</ele>
        <time>2026-08-04T10:53:06Z</time>
      </trkpt>
			<trkpt lat="37.21992" lon="-2.41618">
        <ele>1677.4</ele>
        <time>2026-08-04T10:53:10Z</time>
      </trkpt>
			<trkpt lat="37.21993" lon="-2.41602">
        <ele>1677.7</ele>
        <time>2026-08-04T10:53:12Z</time>
      </trkpt>
			<trkpt lat="37.21993" lon="-2.41588">
        <ele>1678.2</ele>
        <time>2026-08-04T10:53:15Z</time>
      </trkpt>
			<trkpt lat="37.21992" lon="-2.41571">
        <ele>1678.8</ele>
        <time>2026-08-04T10:53:18Z</time>
      </trkpt>
			<trkpt lat="37.21989" lon="-2.41554">
        <ele>1679.5</ele>
        <time>2026-08-04T10:53:22Z</time>
      </trkpt>
			<trkpt lat="37.2198" lon="-2.41527">
        <ele>1681.2</ele>
        <time>2026-08-04T10:53:30Z</time>
      </trkpt>
			<trkpt lat="37.21979" lon="-2.41519">
        <ele>1681.7</ele>
        <time>2026-08-04T10:53:32Z</time>
      </trkpt>
			<trkpt lat="37.2198" lon="-2.41513">
        <ele>1682.2</ele>
        <time>2026-08-04T10:53:34Z</time>
      </trkpt>
			<trkpt lat="37.21985" lon="-2.41509">
        <ele>1682.7</ele>
        <time>2026-08-04T10:53:37Z</time>
      </trkpt>
			<trkpt lat="37.21989" lon="-2.41509">
        <ele>1683.1</ele>
        <time>2026-08-04T10:53:39Z</time>
      </trkpt>
			<trkpt lat="37.21994" lon="-2.41512">
        <ele>1683.7</ele>
        <time>2026-08-04T10:53:41Z</time>
      </trkpt>
			<trkpt lat="37.21998" lon="-2.41518">
        <ele>1684.4</ele>
        <time>2026-08-04T10:53:45Z</time>
      </trkpt>
			<trkpt lat="37.22001" lon="-2.41527">
        <ele>1685.2</ele>
        <time>2026-08-04T10:53:48Z</time>
      </trkpt>
			<trkpt lat="37.2201" lon="-2.41561">
        <ele>1689.1</ele>
        <time>2026-08-04T10:54:04Z</time>
      </trkpt>
			<trkpt lat="37.22018" lon="-2.41595">
        <ele>1693.6</ele>
        <time>2026-08-04T10:54:23Z</time>
      </trkpt>
			<trkpt lat="37.22025" lon="-2.41636">
        <ele>1699.9</ele>
        <time>2026-08-04T10:54:50Z</time>
      </trkpt>
			<trkpt lat="37.22026" lon="-2.41651">
        <ele>1702.1</ele>
        <time>2026-08-04T10:54:59Z</time>
      </trkpt>
			<trkpt lat="37.2203" lon="-2.41704">
        <ele>1710.6</ele>
        <time>2026-08-04T10:55:33Z</time>
      </trkpt>
			<trkpt lat="37.22033" lon="-2.41757">
        <ele>1718.7</ele>
        <time>2026-08-04T10:56:07Z</time>
      </trkpt>
			<trkpt lat="37.22033" lon="-2.41768">
        <ele>1720.3</ele>
        <time>2026-08-04T10:56:14Z</time>
      </trkpt>
			<trkpt lat="37.22031" lon="-2.4178">
        <ele>1722</ele>
        <time>2026-08-04T10:56:22Z</time>
      </trkpt>
			<trkpt lat="37.22024" lon="-2.41793">
        <ele>1724</ele>
        <time>2026-08-04T10:56:30Z</time>
      </trkpt>
			<trkpt lat="37.22007" lon="-2.41817">
        <ele>1727.8</ele>
        <time>2026-08-04T10:56:47Z</time>
      </trkpt>
			<trkpt lat="37.21998" lon="-2.41828">
        <ele>1729.5</ele>
        <time>2026-08-04T10:56:55Z</time>
      </trkpt>
			<trkpt lat="37.21988" lon="-2.41836">
        <ele>1731</ele>
        <time>2026-08-04T10:57:01Z</time>
      </trkpt>
			<trkpt lat="37.21979" lon="-2.41839">
        <ele>1732.2</ele>
        <time>2026-08-04T10:57:06Z</time>
      </trkpt>
			<trkpt lat="37.21956" lon="-2.41841">
        <ele>1734.6</ele>
        <time>2026-08-04T10:57:16Z</time>
      </trkpt>
			<trkpt lat="37.21939" lon="-2.41844">
        <ele>1736.2</ele>
        <time>2026-08-04T10:57:23Z</time>
      </trkpt>
			<trkpt lat="37.21931" lon="-2.41848">
        <ele>1736.9</ele>
        <time>2026-08-04T10:57:26Z</time>
      </trkpt>
			<trkpt lat="37.21926" lon="-2.41856">
        <ele>1737.6</ele>
        <time>2026-08-04T10:57:29Z</time>
      </trkpt>
			<trkpt lat="37.21925" lon="-2.41862">
        <ele>1737.9</ele>
        <time>2026-08-04T10:57:31Z</time>
      </trkpt>
			<trkpt lat="37.21926" lon="-2.41869">
        <ele>1738.4</ele>
        <time>2026-08-04T10:57:33Z</time>
      </trkpt>
			<trkpt lat="37.2193" lon="-2.41874">
        <ele>1738.7</ele>
        <time>2026-08-04T10:57:35Z</time>
      </trkpt>
			<trkpt lat="37.21936" lon="-2.41878">
        <ele>1739.1</ele>
        <time>2026-08-04T10:57:36Z</time>
      </trkpt>
			<trkpt lat="37.21943" lon="-2.41881">
        <ele>1739.7</ele>
        <time>2026-08-04T10:57:39Z</time>
      </trkpt>
			<trkpt lat="37.21953" lon="-2.41882">
        <ele>1740.2</ele>
        <time>2026-08-04T10:57:41Z</time>
      </trkpt>
			<trkpt lat="37.21996" lon="-2.4188">
        <ele>1742.2</ele>
        <time>2026-08-04T10:57:52Z</time>
      </trkpt>
			<trkpt lat="37.22015" lon="-2.41878">
        <ele>1742.9</ele>
        <time>2026-08-04T10:57:56Z</time>
      </trkpt>
			<trkpt lat="37.22031" lon="-2.41872">
        <ele>1743.3</ele>
        <time>2026-08-04T10:58:00Z</time>
      </trkpt>
			<trkpt lat="37.22067" lon="-2.41851">
        <ele>1744.1</ele>
        <time>2026-08-04T10:58:07Z</time>
      </trkpt>
			<trkpt lat="37.22089" lon="-2.41838">
        <ele>1744.4</ele>
        <time>2026-08-04T10:58:11Z</time>
      </trkpt>
			<trkpt lat="37.22111" lon="-2.4182">
        <ele>1744.7</ele>
        <time>2026-08-04T10:58:16Z</time>
      </trkpt>
			<trkpt lat="37.22119" lon="-2.4181">
        <ele>1744.7</ele>
        <time>2026-08-04T10:58:18Z</time>
      </trkpt>
			<trkpt lat="37.22124" lon="-2.41797">
        <ele>1744.8</ele>
        <time>2026-08-04T10:58:20Z</time>
      </trkpt>
			<trkpt lat="37.22127" lon="-2.41778">
        <ele>1744.9</ele>
        <time>2026-08-04T10:58:22Z</time>
      </trkpt>
			<trkpt lat="37.22129" lon="-2.41727">
        <ele>1745.3</ele>
        <time>2026-08-04T10:58:29Z</time>
      </trkpt>
			<trkpt lat="37.22128" lon="-2.41689">
        <ele>1745.8</ele>
        <time>2026-08-04T10:58:35Z</time>
      </trkpt>
			<trkpt lat="37.22126" lon="-2.41651">
        <ele>1746.5</ele>
        <time>2026-08-04T10:58:41Z</time>
      </trkpt>
			<trkpt lat="37.22124" lon="-2.41613">
        <ele>1747.5</ele>
        <time>2026-08-04T10:58:47Z</time>
      </trkpt>
			<trkpt lat="37.22119" lon="-2.41583">
        <ele>1748.5</ele>
        <time>2026-08-04T10:58:53Z</time>
      </trkpt>
			<trkpt lat="37.22111" lon="-2.41549">
        <ele>1749.8</ele>
        <time>2026-08-04T10:59:00Z</time>
      </trkpt>
			<trkpt lat="37.22102" lon="-2.41515">
        <ele>1751.4</ele>
        <time>2026-08-04T10:59:09Z</time>
      </trkpt>
			<trkpt lat="37.22094" lon="-2.41482">
        <ele>1752.9</ele>
        <time>2026-08-04T10:59:16Z</time>
      </trkpt>
			<trkpt lat="37.22086" lon="-2.4145">
        <ele>1754.6</ele>
        <time>2026-08-04T10:59:25Z</time>
      </trkpt>
			<trkpt lat="37.22083" lon="-2.41434">
        <ele>1755.4</ele>
        <time>2026-08-04T10:59:28Z</time>
      </trkpt>
			<trkpt lat="37.22083" lon="-2.41424">
        <ele>1755.9</ele>
        <time>2026-08-04T10:59:31Z</time>
      </trkpt>
			<trkpt lat="37.22085" lon="-2.41415">
        <ele>1756.4</ele>
        <time>2026-08-04T10:59:33Z</time>
      </trkpt>
			<trkpt lat="37.22088" lon="-2.41406">
        <ele>1756.9</ele>
        <time>2026-08-04T10:59:36Z</time>
      </trkpt>
			<trkpt lat="37.22098" lon="-2.41395">
        <ele>1757.8</ele>
        <time>2026-08-04T10:59:40Z</time>
      </trkpt>
			<trkpt lat="37.22106" lon="-2.41389">
        <ele>1758.4</ele>
        <time>2026-08-04T10:59:43Z</time>
      </trkpt>
			<trkpt lat="37.22115" lon="-2.41384">
        <ele>1759.1</ele>
        <time>2026-08-04T10:59:46Z</time>
      </trkpt>
			<trkpt lat="37.22146" lon="-2.41374">
        <ele>1761.4</ele>
        <time>2026-08-04T10:59:55Z</time>
      </trkpt>
			<trkpt lat="37.22179" lon="-2.41363">
        <ele>1763.9</ele>
        <time>2026-08-04T11:00:07Z</time>
      </trkpt>
			<trkpt lat="37.22213" lon="-2.41353">
        <ele>1766.7</ele>
        <time>2026-08-04T11:00:18Z</time>
      </trkpt>
			<trkpt lat="37.22246" lon="-2.41342">
        <ele>1769.5</ele>
        <time>2026-08-04T11:00:30Z</time>
      </trkpt>
			<trkpt lat="37.22272" lon="-2.41331">
        <ele>1771.8</ele>
        <time>2026-08-04T11:00:41Z</time>
      </trkpt>
			<trkpt lat="37.22293" lon="-2.4132">
        <ele>1773.7</ele>
        <time>2026-08-04T11:00:50Z</time>
      </trkpt>
			<trkpt lat="37.22314" lon="-2.41308">
        <ele>1775.6</ele>
        <time>2026-08-04T11:00:58Z</time>
      </trkpt>
			<trkpt lat="37.22351" lon="-2.41292">
        <ele>1778.7</ele>
        <time>2026-08-04T11:01:11Z</time>
      </trkpt>
			<trkpt lat="37.22387" lon="-2.41276">
        <ele>1781.5</ele>
        <time>2026-08-04T11:01:23Z</time>
      </trkpt>
			<trkpt lat="37.22407" lon="-2.41266">
        <ele>1782.9</ele>
        <time>2026-08-04T11:01:30Z</time>
      </trkpt>
			<trkpt lat="37.22434" lon="-2.41248">
        <ele>1784.8</ele>
        <time>2026-08-04T11:01:39Z</time>
      </trkpt>
			<trkpt lat="37.2246" lon="-2.41228">
        <ele>1786.5</ele>
        <time>2026-08-04T11:01:48Z</time>
      </trkpt>
			<trkpt lat="37.22485" lon="-2.41207">
        <ele>1788</ele>
        <time>2026-08-04T11:01:56Z</time>
      </trkpt>
			<trkpt lat="37.22511" lon="-2.41187">
        <ele>1789.4</ele>
        <time>2026-08-04T11:02:03Z</time>
      </trkpt>
			<trkpt lat="37.22535" lon="-2.41166">
        <ele>1790.7</ele>
        <time>2026-08-04T11:02:11Z</time>
      </trkpt>
			<trkpt lat="37.22559" lon="-2.41145">
        <ele>1792</ele>
        <time>2026-08-04T11:02:18Z</time>
      </trkpt>
			<trkpt lat="37.2257" lon="-2.41138">
        <ele>1792.5</ele>
        <time>2026-08-04T11:02:21Z</time>
      </trkpt>
			<trkpt lat="37.22573" lon="-2.41136">
        <ele>1792.7</ele>
        <time>2026-08-04T11:02:22Z</time>
      </trkpt>
			<trkpt lat="37.2258" lon="-2.41137">
        <ele>1793</ele>
        <time>2026-08-04T11:02:24Z</time>
      </trkpt>
			<trkpt lat="37.22593" lon="-2.41145">
        <ele>1793.6</ele>
        <time>2026-08-04T11:02:27Z</time>
      </trkpt>
			<trkpt lat="37.22612" lon="-2.41159">
        <ele>1794.6</ele>
        <time>2026-08-04T11:02:33Z</time>
      </trkpt>
			<trkpt lat="37.22627" lon="-2.41176">
        <ele>1795.6</ele>
        <time>2026-08-04T11:02:38Z</time>
      </trkpt>
			<trkpt lat="37.2263" lon="-2.4118">
        <ele>1795.8</ele>
        <time>2026-08-04T11:02:39Z</time>
      </trkpt>
			<trkpt lat="37.22633" lon="-2.41189">
        <ele>1796.1</ele>
        <time>2026-08-04T11:02:41Z</time>
      </trkpt>
			<trkpt lat="37.22634" lon="-2.41197">
        <ele>1796.4</ele>
        <time>2026-08-04T11:02:42Z</time>
      </trkpt>
			<trkpt lat="37.22631" lon="-2.41212">
        <ele>1797.1</ele>
        <time>2026-08-04T11:02:46Z</time>
      </trkpt>
			<trkpt lat="37.22622" lon="-2.4124">
        <ele>1798.3</ele>
        <time>2026-08-04T11:02:52Z</time>
      </trkpt>
			<trkpt lat="37.22612" lon="-2.41267">
        <ele>1799.7</ele>
        <time>2026-08-04T11:02:59Z</time>
      </trkpt>
			<trkpt lat="37.22608" lon="-2.41283">
        <ele>1800.4</ele>
        <time>2026-08-04T11:03:03Z</time>
      </trkpt>
			<trkpt lat="37.22607" lon="-2.41293">
        <ele>1800.9</ele>
        <time>2026-08-04T11:03:05Z</time>
      </trkpt>
			<trkpt lat="37.22609" lon="-2.41301">
        <ele>1801.3</ele>
        <time>2026-08-04T11:03:07Z</time>
      </trkpt>
			<trkpt lat="37.22614" lon="-2.41311">
        <ele>1802</ele>
        <time>2026-08-04T11:03:10Z</time>
      </trkpt>
			<trkpt lat="37.22639" lon="-2.41343">
        <ele>1804.4</ele>
        <time>2026-08-04T11:03:21Z</time>
      </trkpt>
			<trkpt lat="37.22665" lon="-2.41386">
        <ele>1807.6</ele>
        <time>2026-08-04T11:03:35Z</time>
      </trkpt>
			<trkpt lat="37.22691" lon="-2.4143">
        <ele>1810.9</ele>
        <time>2026-08-04T11:03:50Z</time>
      </trkpt>
			<trkpt lat="37.22717" lon="-2.4146">
        <ele>1813.6</ele>
        <time>2026-08-04T11:04:02Z</time>
      </trkpt>
			<trkpt lat="37.2273" lon="-2.41478">
        <ele>1815.1</ele>
        <time>2026-08-04T11:04:08Z</time>
      </trkpt>
			<trkpt lat="37.22741" lon="-2.41496">
        <ele>1816.3</ele>
        <time>2026-08-04T11:04:14Z</time>
      </trkpt>
			<trkpt lat="37.22756" lon="-2.41526">
        <ele>1818</ele>
        <time>2026-08-04T11:04:22Z</time>
      </trkpt>
			<trkpt lat="37.22771" lon="-2.41556">
        <ele>1819.5</ele>
        <time>2026-08-04T11:04:30Z</time>
      </trkpt>
			<trkpt lat="37.2279" lon="-2.41589">
        <ele>1820.9</ele>
        <time>2026-08-04T11:04:38Z</time>
      </trkpt>
			<trkpt lat="37.22799" lon="-2.41605">
        <ele>1821.5</ele>
        <time>2026-08-04T11:04:41Z</time>
      </trkpt>
			<trkpt lat="37.22807" lon="-2.41631">
        <ele>1822.1</ele>
        <time>2026-08-04T11:04:46Z</time>
      </trkpt>
			<trkpt lat="37.22811" lon="-2.41646">
        <ele>1822.4</ele>
        <time>2026-08-04T11:04:48Z</time>
      </trkpt>
			<trkpt lat="37.22812" lon="-2.41663">
        <ele>1822.6</ele>
        <time>2026-08-04T11:04:50Z</time>
      </trkpt>
			<trkpt lat="37.22811" lon="-2.41675">
        <ele>1822.8</ele>
        <time>2026-08-04T11:04:52Z</time>
      </trkpt>
			<trkpt lat="37.22805" lon="-2.41708">
        <ele>1823</ele>
        <time>2026-08-04T11:04:57Z</time>
      </trkpt>
			<trkpt lat="37.22799" lon="-2.41741">
        <ele>1823.2</ele>
        <time>2026-08-04T11:05:02Z</time>
      </trkpt>
			<trkpt lat="37.22799" lon="-2.41751">
        <ele>1823.2</ele>
        <time>2026-08-04T11:05:03Z</time>
      </trkpt>
			<trkpt lat="37.22799" lon="-2.41758">
        <ele>1823.2</ele>
        <time>2026-08-04T11:05:04Z</time>
      </trkpt>
			<trkpt lat="37.22801" lon="-2.41763">
        <ele>1823.1</ele>
        <time>2026-08-04T11:05:04Z</time>
      </trkpt>
			<trkpt lat="37.22804" lon="-2.41768">
        <ele>1823.1</ele>
        <time>2026-08-04T11:05:05Z</time>
      </trkpt>
			<trkpt lat="37.22808" lon="-2.41772">
        <ele>1823.1</ele>
        <time>2026-08-04T11:05:06Z</time>
      </trkpt>
			<trkpt lat="37.22821" lon="-2.41776">
        <ele>1823.1</ele>
        <time>2026-08-04T11:05:08Z</time>
      </trkpt>
			<trkpt lat="37.22831" lon="-2.41776">
        <ele>1823</ele>
        <time>2026-08-04T11:05:09Z</time>
      </trkpt>
			<trkpt lat="37.22844" lon="-2.41775">
        <ele>1822.9</ele>
        <time>2026-08-04T11:05:10Z</time>
      </trkpt>
			<trkpt lat="37.22856" lon="-2.41772">
        <ele>1822.8</ele>
        <time>2026-08-04T11:05:11Z</time>
      </trkpt>
			<trkpt lat="37.2287" lon="-2.41766">
        <ele>1822.7</ele>
        <time>2026-08-04T11:05:12Z</time>
      </trkpt>
			<trkpt lat="37.22879" lon="-2.41761">
        <ele>1822.6</ele>
        <time>2026-08-04T11:05:13Z</time>
      </trkpt>
			<trkpt lat="37.22906" lon="-2.41744">
        <ele>1822.3</ele>
        <time>2026-08-04T11:05:16Z</time>
      </trkpt>
			<trkpt lat="37.22915" lon="-2.41739">
        <ele>1822.3</ele>
        <time>2026-08-04T11:05:18Z</time>
      </trkpt>
			<trkpt lat="37.22945" lon="-2.41733">
        <ele>1822.1</ele>
        <time>2026-08-04T11:05:21Z</time>
      </trkpt>
			<trkpt lat="37.22956" lon="-2.41732">
        <ele>1822.1</ele>
        <time>2026-08-04T11:05:22Z</time>
      </trkpt>
			<trkpt lat="37.22963" lon="-2.41733">
        <ele>1822.1</ele>
        <time>2026-08-04T11:05:23Z</time>
      </trkpt>
			<trkpt lat="37.22973" lon="-2.41736">
        <ele>1822.1</ele>
        <time>2026-08-04T11:05:25Z</time>
      </trkpt>
			<trkpt lat="37.22982" lon="-2.4174">
        <ele>1822.1</ele>
        <time>2026-08-04T11:05:26Z</time>
      </trkpt>
			<trkpt lat="37.22991" lon="-2.41747">
        <ele>1822.1</ele>
        <time>2026-08-04T11:05:28Z</time>
      </trkpt>
			<trkpt lat="37.23004" lon="-2.41759">
        <ele>1822.2</ele>
        <time>2026-08-04T11:05:31Z</time>
      </trkpt>
			<trkpt lat="37.23034" lon="-2.41793">
        <ele>1822.6</ele>
        <time>2026-08-04T11:05:38Z</time>
      </trkpt>
			<trkpt lat="37.23064" lon="-2.41827">
        <ele>1823.1</ele>
        <time>2026-08-04T11:05:45Z</time>
      </trkpt>
			<trkpt lat="37.23094" lon="-2.41861">
        <ele>1823.6</ele>
        <time>2026-08-04T11:05:52Z</time>
      </trkpt>
			<trkpt lat="37.231" lon="-2.41866">
        <ele>1823.6</ele>
        <time>2026-08-04T11:05:53Z</time>
      </trkpt>
			<trkpt lat="37.23105" lon="-2.41869">
        <ele>1823.7</ele>
        <time>2026-08-04T11:05:54Z</time>
      </trkpt>
			<trkpt lat="37.23111" lon="-2.41871">
        <ele>1823.7</ele>
        <time>2026-08-04T11:05:55Z</time>
      </trkpt>
			<trkpt lat="37.23116" lon="-2.4187">
        <ele>1823.8</ele>
        <time>2026-08-04T11:05:56Z</time>
      </trkpt>
			<trkpt lat="37.2312" lon="-2.41867">
        <ele>1823.8</ele>
        <time>2026-08-04T11:05:57Z</time>
      </trkpt>
			<trkpt lat="37.23124" lon="-2.41862">
        <ele>1823.9</ele>
        <time>2026-08-04T11:05:58Z</time>
      </trkpt>
			<trkpt lat="37.23129" lon="-2.41852">
        <ele>1823.9</ele>
        <time>2026-08-04T11:05:59Z</time>
      </trkpt>
			<trkpt lat="37.23143" lon="-2.41828">
        <ele>1824</ele>
        <time>2026-08-04T11:06:03Z</time>
      </trkpt>
			<trkpt lat="37.23159" lon="-2.41806">
        <ele>1824.1</ele>
        <time>2026-08-04T11:06:06Z</time>
      </trkpt>
			<trkpt lat="37.23165" lon="-2.418">
        <ele>1824</ele>
        <time>2026-08-04T11:06:07Z</time>
      </trkpt>
			<trkpt lat="37.2317" lon="-2.41796">
        <ele>1824</ele>
        <time>2026-08-04T11:06:08Z</time>
      </trkpt>
			<trkpt lat="37.23181" lon="-2.41789">
        <ele>1824</ele>
        <time>2026-08-04T11:06:10Z</time>
      </trkpt>
			<trkpt lat="37.23192" lon="-2.41785">
        <ele>1823.9</ele>
        <time>2026-08-04T11:06:11Z</time>
      </trkpt>
			<trkpt lat="37.23226" lon="-2.4178">
        <ele>1823.7</ele>
        <time>2026-08-04T11:06:14Z</time>
      </trkpt>
			<trkpt lat="37.23261" lon="-2.41772">
        <ele>1823.3</ele>
        <time>2026-08-04T11:06:17Z</time>
      </trkpt>
			<trkpt lat="37.23293" lon="-2.41769">
        <ele>1822.9</ele>
        <time>2026-08-04T11:06:21Z</time>
      </trkpt>
			<trkpt lat="37.23305" lon="-2.41766">
        <ele>1822.7</ele>
        <time>2026-08-04T11:06:22Z</time>
      </trkpt>
			<trkpt lat="37.23319" lon="-2.41761">
        <ele>1822.5</ele>
        <time>2026-08-04T11:06:23Z</time>
      </trkpt>
			<trkpt lat="37.23339" lon="-2.41751">
        <ele>1822.3</ele>
        <time>2026-08-04T11:06:25Z</time>
      </trkpt>
			<trkpt lat="37.23347" lon="-2.41745">
        <ele>1822.2</ele>
        <time>2026-08-04T11:06:26Z</time>
      </trkpt>
			<trkpt lat="37.23361" lon="-2.4173">
        <ele>1822</ele>
        <time>2026-08-04T11:06:28Z</time>
      </trkpt>
			<trkpt lat="37.23369" lon="-2.41716">
        <ele>1821.9</ele>
        <time>2026-08-04T11:06:29Z</time>
      </trkpt>
			<trkpt lat="37.23392" lon="-2.41675">
        <ele>1821.7</ele>
        <time>2026-08-04T11:06:35Z</time>
      </trkpt>
			<trkpt lat="37.23399" lon="-2.41664">
        <ele>1821.7</ele>
        <time>2026-08-04T11:06:37Z</time>
      </trkpt>
			<trkpt lat="37.23416" lon="-2.41645">
        <ele>1821.7</ele>
        <time>2026-08-04T11:06:40Z</time>
      </trkpt>
			<trkpt lat="37.23426" lon="-2.41637">
        <ele>1821.8</ele>
        <time>2026-08-04T11:06:42Z</time>
      </trkpt>
			<trkpt lat="37.23434" lon="-2.41635">
        <ele>1821.8</ele>
        <time>2026-08-04T11:06:44Z</time>
      </trkpt>
			<trkpt lat="37.23447" lon="-2.41635">
        <ele>1821.9</ele>
        <time>2026-08-04T11:06:46Z</time>
      </trkpt>
			<trkpt lat="37.23459" lon="-2.41637">
        <ele>1822</ele>
        <time>2026-08-04T11:06:48Z</time>
      </trkpt>
			<trkpt lat="37.23482" lon="-2.41643">
        <ele>1822.2</ele>
        <time>2026-08-04T11:06:52Z</time>
      </trkpt>
			<trkpt lat="37.23505" lon="-2.41649">
        <ele>1822.5</ele>
        <time>2026-08-04T11:06:56Z</time>
      </trkpt>
			<trkpt lat="37.23513" lon="-2.41652">
        <ele>1822.6</ele>
        <time>2026-08-04T11:06:58Z</time>
      </trkpt>
			<trkpt lat="37.23521" lon="-2.41658">
        <ele>1822.8</ele>
        <time>2026-08-04T11:06:59Z</time>
      </trkpt>
			<trkpt lat="37.23528" lon="-2.41665">
        <ele>1822.9</ele>
        <time>2026-08-04T11:07:01Z</time>
      </trkpt>
			<trkpt lat="37.23534" lon="-2.41674">
        <ele>1823</ele>
        <time>2026-08-04T11:07:03Z</time>
      </trkpt>
			<trkpt lat="37.23537" lon="-2.41685">
        <ele>1823.2</ele>
        <time>2026-08-04T11:07:04Z</time>
      </trkpt>
			<trkpt lat="37.23539" lon="-2.41695">
        <ele>1823.3</ele>
        <time>2026-08-04T11:07:06Z</time>
      </trkpt>
			<trkpt lat="37.2354" lon="-2.41709">
        <ele>1823.4</ele>
        <time>2026-08-04T11:07:08Z</time>
      </trkpt>
			<trkpt lat="37.23541" lon="-2.41745">
        <ele>1823.9</ele>
        <time>2026-08-04T11:07:13Z</time>
      </trkpt>
			<trkpt lat="37.23541" lon="-2.41765">
        <ele>1824.1</ele>
        <time>2026-08-04T11:07:16Z</time>
      </trkpt>
			<trkpt lat="37.23539" lon="-2.41779">
        <ele>1824.3</ele>
        <time>2026-08-04T11:07:18Z</time>
      </trkpt>
			<trkpt lat="37.23539" lon="-2.41787">
        <ele>1824.4</ele>
        <time>2026-08-04T11:07:19Z</time>
      </trkpt>
			<trkpt lat="37.23539" lon="-2.4179">
        <ele>1824.4</ele>
        <time>2026-08-04T11:07:20Z</time>
      </trkpt>
		</trkseg>
	</trk>
</gpx>
