<?xml version="1.0" encoding="UTF-8"?>
<gpx creator="https://gpx.studio" version="1.1" xmlns="http://www.topografix.com/GPX/1/1" xmlns:xsi="http://www.w3.org/2001/XMLSchema-instance" xsi:schemaLocation="http://www.topografix.com/GPX/1/1 http://www.topografix.com/GPX/1/1/gpx.xsd http://www.garmin.com/xmlschemas/GpxExtensions/v3 http://www.garmin.com/xmlschemas/GpxExtensionsv3.xsd http://www.garmin.com/xmlschemas/TrackPointExtension/v1 http://www.garmin.com/xmlschemas/TrackPointExtensionv1.xsd http://www.garmin.com/xmlschemas/PowerExtension/v1 http://www.garmin.com/xmlschemas/PowerExtensionv1.xsd http://www.topografix.com/GPX/gpx_style/0/2 http://www.topografix.com/GPX/gpx_style/0/2/gpx_style.xsd" xmlns:gpxtpx="http://www.garmin.com/xmlschemas/TrackPointExtension/v1" xmlns:gpxx="http://www.garmin.com/xmlschemas/GpxExtensions/v3" xmlns:gpxpx="http://www.garmin.com/xmlschemas/PowerExtension/v1" xmlns:gpx_style="http://www.topografix.com/GPX/gpx_style/0/2">
  <metadata>
    <name>Taygetos Pass desde Kalamáta por Ladas</name>
    <author>
      <name>gpx.studio</name>
      <link href="https://gpx.studio"/>
    </author>
  </metadata>
  <trk>
    <name>Taygetos Pass desde Kalamáta por Ladas</name>
    <trkseg>
      <trkpt lat="37.045879" lon="22.126611">
        <ele>68.64</ele>
      </trkpt>
      <trkpt lat="37.045864" lon="22.12659">
        <ele>68.65</ele>
      </trkpt>
      <trkpt lat="37.04582" lon="22.126694">
        <ele>67.75</ele>
      </trkpt>
      <trkpt lat="37.045926" lon="22.126729">
        <ele>68.32</ele>
      </trkpt>
      <trkpt lat="37.046028" lon="22.126787">
        <ele>68.73</ele>
      </trkpt>
      <trkpt lat="37.046535" lon="22.127177">
        <ele>70.33</ele>
      </trkpt>
      <trkpt lat="37.046663" lon="22.127313">
        <ele>70.66</ele>
      </trkpt>
      <trkpt lat="37.046717" lon="22.127407">
        <ele>71.59</ele>
      </trkpt>
      <trkpt lat="37.046739" lon="22.127484">
        <ele>72.2</ele>
      </trkpt>
      <trkpt lat="37.046756" lon="22.127632">
        <ele>73.19</ele>
      </trkpt>
      <trkpt lat="37.046772" lon="22.12801">
        <ele>75.33</ele>
      </trkpt>
      <trkpt lat="37.046768" lon="22.1287">
        <ele>77.92</ele>
      </trkpt>
      <trkpt lat="37.046761" lon="22.12881">
        <ele>78.98</ele>
      </trkpt>
      <trkpt lat="37.046724" lon="22.129037">
        <ele>80.13</ele>
      </trkpt>
      <trkpt lat="37.046618" lon="22.12957">
        <ele>81.45</ele>
      </trkpt>
      <trkpt lat="37.046584" lon="22.129826">
        <ele>82.61</ele>
      </trkpt>
      <trkpt lat="37.046577" lon="22.129974">
        <ele>83.34</ele>
      </trkpt>
      <trkpt lat="37.046583" lon="22.130144">
        <ele>84.36</ele>
      </trkpt>
      <trkpt lat="37.046608" lon="22.130344">
        <ele>85.15</ele>
      </trkpt>
      <trkpt lat="37.046682" lon="22.130715">
        <ele>86.23</ele>
      </trkpt>
      <trkpt lat="37.046733" lon="22.130878">
        <ele>86.06</ele>
      </trkpt>
      <trkpt lat="37.046872" lon="22.131072">
        <ele>86.97</ele>
      </trkpt>
      <trkpt lat="37.047125" lon="22.131307">
        <ele>88.94</ele>
      </trkpt>
      <trkpt lat="37.047649" lon="22.131731">
        <ele>92.59</ele>
      </trkpt>
      <trkpt lat="37.047688" lon="22.131783">
        <ele>92.55</ele>
      </trkpt>
      <trkpt lat="37.047707" lon="22.131834">
        <ele>92.19</ele>
      </trkpt>
      <trkpt lat="37.047724" lon="22.131934">
        <ele>91.4</ele>
      </trkpt>
      <trkpt lat="37.047723" lon="22.132016">
        <ele>91.29</ele>
      </trkpt>
      <trkpt lat="37.047694" lon="22.132187">
        <ele>91.5</ele>
      </trkpt>
      <trkpt lat="37.047676" lon="22.132248">
        <ele>91.72</ele>
      </trkpt>
      <trkpt lat="37.047641" lon="22.13232">
        <ele>92.01</ele>
      </trkpt>
      <trkpt lat="37.0476" lon="22.132374">
        <ele>92.33</ele>
      </trkpt>
      <trkpt lat="37.047505" lon="22.132448">
        <ele>92.68</ele>
      </trkpt>
      <trkpt lat="37.047128" lon="22.132606">
        <ele>93.77</ele>
      </trkpt>
      <trkpt lat="37.046957" lon="22.132705">
        <ele>94.38</ele>
      </trkpt>
      <trkpt lat="37.046881" lon="22.132766">
        <ele>94.83</ele>
      </trkpt>
      <trkpt lat="37.046723" lon="22.132929">
        <ele>96.58</ele>
      </trkpt>
      <trkpt lat="37.046688" lon="22.132987">
        <ele>96.99</ele>
      </trkpt>
      <trkpt lat="37.046576" lon="22.133245">
        <ele>98.46</ele>
      </trkpt>
      <trkpt lat="37.046413" lon="22.133663">
        <ele>100.1</ele>
      </trkpt>
      <trkpt lat="37.046258" lon="22.133964">
        <ele>101.85</ele>
      </trkpt>
      <trkpt lat="37.046242" lon="22.134037">
        <ele>101.84</ele>
      </trkpt>
      <trkpt lat="37.04625" lon="22.134114">
        <ele>101.61</ele>
      </trkpt>
      <trkpt lat="37.046272" lon="22.134197">
        <ele>101.55</ele>
      </trkpt>
      <trkpt lat="37.046307" lon="22.134237">
        <ele>101.83</ele>
      </trkpt>
      <trkpt lat="37.046347" lon="22.134263">
        <ele>102.18</ele>
      </trkpt>
      <trkpt lat="37.046424" lon="22.134277">
        <ele>102.74</ele>
      </trkpt>
      <trkpt lat="37.046471" lon="22.134268">
        <ele>103.08</ele>
      </trkpt>
      <trkpt lat="37.046549" lon="22.134237">
        <ele>103.64</ele>
      </trkpt>
      <trkpt lat="37.047352" lon="22.133642">
        <ele>108.46</ele>
      </trkpt>
      <trkpt lat="37.047491" lon="22.13355">
        <ele>108.39</ele>
      </trkpt>
      <trkpt lat="37.047539" lon="22.133528">
        <ele>108.5</ele>
      </trkpt>
      <trkpt lat="37.047587" lon="22.133524">
        <ele>108.64</ele>
      </trkpt>
      <trkpt lat="37.047672" lon="22.133548">
        <ele>109.21</ele>
      </trkpt>
      <trkpt lat="37.047748" lon="22.133594">
        <ele>110.1</ele>
      </trkpt>
      <trkpt lat="37.047817" lon="22.133654">
        <ele>111.14</ele>
      </trkpt>
      <trkpt lat="37.047971" lon="22.1338">
        <ele>113.8</ele>
      </trkpt>
      <trkpt lat="37.048021" lon="22.133875">
        <ele>115.04</ele>
      </trkpt>
      <trkpt lat="37.048106" lon="22.134039">
        <ele>117.27</ele>
      </trkpt>
      <trkpt lat="37.048152" lon="22.134174">
        <ele>118.34</ele>
      </trkpt>
      <trkpt lat="37.048236" lon="22.134513">
        <ele>119.87</ele>
      </trkpt>
      <trkpt lat="37.048286" lon="22.134755">
        <ele>121.05</ele>
      </trkpt>
      <trkpt lat="37.048419" lon="22.135513">
        <ele>127.13</ele>
      </trkpt>
      <trkpt lat="37.048467" lon="22.135715">
        <ele>128.26</ele>
      </trkpt>
      <trkpt lat="37.048533" lon="22.135917">
        <ele>129.93</ele>
      </trkpt>
      <trkpt lat="37.048642" lon="22.136164">
        <ele>131.1</ele>
      </trkpt>
      <trkpt lat="37.048805" lon="22.13644">
        <ele>132.93</ele>
      </trkpt>
      <trkpt lat="37.049085" lon="22.136778">
        <ele>137.03</ele>
      </trkpt>
      <trkpt lat="37.049248" lon="22.136947">
        <ele>138.61</ele>
      </trkpt>
      <trkpt lat="37.049628" lon="22.137289">
        <ele>142.67</ele>
      </trkpt>
      <trkpt lat="37.050567" lon="22.138098">
        <ele>153.83</ele>
      </trkpt>
      <trkpt lat="37.050914" lon="22.138366">
        <ele>157.69</ele>
      </trkpt>
      <trkpt lat="37.051088" lon="22.138561">
        <ele>159.42</ele>
      </trkpt>
      <trkpt lat="37.051264" lon="22.138831">
        <ele>161.98</ele>
      </trkpt>
      <trkpt lat="37.051985" lon="22.13993">
        <ele>165.81</ele>
      </trkpt>
      <trkpt lat="37.052636" lon="22.140793">
        <ele>172.84</ele>
      </trkpt>
      <trkpt lat="37.052852" lon="22.141145">
        <ele>174.8</ele>
      </trkpt>
      <trkpt lat="37.052934" lon="22.141252">
        <ele>175.61</ele>
      </trkpt>
      <trkpt lat="37.053022" lon="22.141335">
        <ele>176.13</ele>
      </trkpt>
      <trkpt lat="37.053364" lon="22.141607">
        <ele>177.59</ele>
      </trkpt>
      <trkpt lat="37.053465" lon="22.1417">
        <ele>178.42</ele>
      </trkpt>
      <trkpt lat="37.053737" lon="22.141983">
        <ele>180.61</ele>
      </trkpt>
      <trkpt lat="37.053866" lon="22.142066">
        <ele>182.87</ele>
      </trkpt>
      <trkpt lat="37.053975" lon="22.142084">
        <ele>184.3</ele>
      </trkpt>
      <trkpt lat="37.054079" lon="22.142081">
        <ele>185.37</ele>
      </trkpt>
      <trkpt lat="37.054375" lon="22.142025">
        <ele>187.03</ele>
      </trkpt>
      <trkpt lat="37.054497" lon="22.142016">
        <ele>187.88</ele>
      </trkpt>
      <trkpt lat="37.0546" lon="22.142032">
        <ele>188.26</ele>
      </trkpt>
      <trkpt lat="37.054966" lon="22.142206">
        <ele>188.61</ele>
      </trkpt>
      <trkpt lat="37.055487" lon="22.142347">
        <ele>190.99</ele>
      </trkpt>
      <trkpt lat="37.055634" lon="22.142416">
        <ele>191.68</ele>
      </trkpt>
      <trkpt lat="37.05571" lon="22.142489">
        <ele>192.69</ele>
      </trkpt>
      <trkpt lat="37.055763" lon="22.142558">
        <ele>193.44</ele>
      </trkpt>
      <trkpt lat="37.055912" lon="22.142865">
        <ele>195.67</ele>
      </trkpt>
      <trkpt lat="37.056029" lon="22.14303">
        <ele>197.85</ele>
      </trkpt>
      <trkpt lat="37.056296" lon="22.143295">
        <ele>202.26</ele>
      </trkpt>
      <trkpt lat="37.056455" lon="22.143488">
        <ele>203.1</ele>
      </trkpt>
      <trkpt lat="37.05658" lon="22.143722">
        <ele>202</ele>
      </trkpt>
      <trkpt lat="37.056739" lon="22.144129">
        <ele>203.28</ele>
      </trkpt>
      <trkpt lat="37.056804" lon="22.144237">
        <ele>204.18</ele>
      </trkpt>
      <trkpt lat="37.056883" lon="22.144323">
        <ele>205.31</ele>
      </trkpt>
      <trkpt lat="37.056989" lon="22.144393">
        <ele>206.16</ele>
      </trkpt>
      <trkpt lat="37.057391" lon="22.144479">
        <ele>208.38</ele>
      </trkpt>
      <trkpt lat="37.057681" lon="22.144536">
        <ele>212.01</ele>
      </trkpt>
      <trkpt lat="37.057811" lon="22.144583">
        <ele>213.63</ele>
      </trkpt>
      <trkpt lat="37.058349" lon="22.144903">
        <ele>213.81</ele>
      </trkpt>
      <trkpt lat="37.058504" lon="22.145008">
        <ele>213.21</ele>
      </trkpt>
      <trkpt lat="37.05863" lon="22.145118">
        <ele>213.17</ele>
      </trkpt>
      <trkpt lat="37.059185" lon="22.14568">
        <ele>214.49</ele>
      </trkpt>
      <trkpt lat="37.059295" lon="22.145771">
        <ele>215.25</ele>
      </trkpt>
      <trkpt lat="37.059405" lon="22.145839">
        <ele>215.94</ele>
      </trkpt>
      <trkpt lat="37.059512" lon="22.145889">
        <ele>216.2</ele>
      </trkpt>
      <trkpt lat="37.05974" lon="22.145955">
        <ele>217.2</ele>
      </trkpt>
      <trkpt lat="37.05991" lon="22.146025">
        <ele>218.1</ele>
      </trkpt>
      <trkpt lat="37.060206" lon="22.146193">
        <ele>219.65</ele>
      </trkpt>
      <trkpt lat="37.060551" lon="22.146328">
        <ele>222.29</ele>
      </trkpt>
      <trkpt lat="37.060768" lon="22.146366">
        <ele>223.5</ele>
      </trkpt>
      <trkpt lat="37.060946" lon="22.14637">
        <ele>224.67</ele>
      </trkpt>
      <trkpt lat="37.061132" lon="22.146345">
        <ele>226.86</ele>
      </trkpt>
      <trkpt lat="37.061331" lon="22.146295">
        <ele>228.06</ele>
      </trkpt>
      <trkpt lat="37.061893" lon="22.146058">
        <ele>230.98</ele>
      </trkpt>
      <trkpt lat="37.062628" lon="22.145723">
        <ele>231.34</ele>
      </trkpt>
      <trkpt lat="37.063065" lon="22.145454">
        <ele>232.18</ele>
      </trkpt>
      <trkpt lat="37.063363" lon="22.145275">
        <ele>230.98</ele>
      </trkpt>
      <trkpt lat="37.063453" lon="22.145244">
        <ele>230.45</ele>
      </trkpt>
      <trkpt lat="37.063542" lon="22.145237">
        <ele>229.94</ele>
      </trkpt>
      <trkpt lat="37.063624" lon="22.145249">
        <ele>229.6</ele>
      </trkpt>
      <trkpt lat="37.063715" lon="22.145284">
        <ele>230.51</ele>
      </trkpt>
      <trkpt lat="37.063787" lon="22.145324">
        <ele>231.46</ele>
      </trkpt>
      <trkpt lat="37.063884" lon="22.145399">
        <ele>232.19</ele>
      </trkpt>
      <trkpt lat="37.064038" lon="22.145586">
        <ele>232.54</ele>
      </trkpt>
      <trkpt lat="37.064146" lon="22.145744">
        <ele>231.95</ele>
      </trkpt>
      <trkpt lat="37.064189" lon="22.145847">
        <ele>231.98</ele>
      </trkpt>
      <trkpt lat="37.064205" lon="22.145935">
        <ele>232.45</ele>
      </trkpt>
      <trkpt lat="37.064206" lon="22.146068">
        <ele>233.44</ele>
      </trkpt>
      <trkpt lat="37.064171" lon="22.146169">
        <ele>234.62</ele>
      </trkpt>
      <trkpt lat="37.064108" lon="22.146254">
        <ele>235.48</ele>
      </trkpt>
      <trkpt lat="37.063989" lon="22.146345">
        <ele>235.86</ele>
      </trkpt>
      <trkpt lat="37.063565" lon="22.146563">
        <ele>235.4</ele>
      </trkpt>
      <trkpt lat="37.063509" lon="22.146622">
        <ele>235.91</ele>
      </trkpt>
      <trkpt lat="37.063459" lon="22.14669">
        <ele>236.59</ele>
      </trkpt>
      <trkpt lat="37.06342" lon="22.146767">
        <ele>237.53</ele>
      </trkpt>
      <trkpt lat="37.063392" lon="22.146847">
        <ele>238.67</ele>
      </trkpt>
      <trkpt lat="37.063376" lon="22.146937">
        <ele>240.07</ele>
      </trkpt>
      <trkpt lat="37.06337" lon="22.147049">
        <ele>241.91</ele>
      </trkpt>
      <trkpt lat="37.063397" lon="22.147372">
        <ele>246.49</ele>
      </trkpt>
      <trkpt lat="37.063394" lon="22.147453">
        <ele>246.88</ele>
      </trkpt>
      <trkpt lat="37.063374" lon="22.147535">
        <ele>246.7</ele>
      </trkpt>
      <trkpt lat="37.063321" lon="22.1476">
        <ele>245.66</ele>
      </trkpt>
      <trkpt lat="37.063262" lon="22.147652">
        <ele>244.99</ele>
      </trkpt>
      <trkpt lat="37.063202" lon="22.147685">
        <ele>244.46</ele>
      </trkpt>
      <trkpt lat="37.063064" lon="22.147713">
        <ele>243.94</ele>
      </trkpt>
      <trkpt lat="37.062921" lon="22.147723">
        <ele>244.29</ele>
      </trkpt>
      <trkpt lat="37.0628" lon="22.14774">
        <ele>245.64</ele>
      </trkpt>
      <trkpt lat="37.062634" lon="22.147795">
        <ele>245.96</ele>
      </trkpt>
      <trkpt lat="37.062546" lon="22.147843">
        <ele>246.08</ele>
      </trkpt>
      <trkpt lat="37.06247" lon="22.147904">
        <ele>246.41</ele>
      </trkpt>
      <trkpt lat="37.062328" lon="22.148085">
        <ele>248.15</ele>
      </trkpt>
      <trkpt lat="37.06216" lon="22.148356">
        <ele>250.83</ele>
      </trkpt>
      <trkpt lat="37.06207" lon="22.148507">
        <ele>253.46</ele>
      </trkpt>
      <trkpt lat="37.061738" lon="22.149055">
        <ele>254.98</ele>
      </trkpt>
      <trkpt lat="37.061716" lon="22.149156">
        <ele>255.59</ele>
      </trkpt>
      <trkpt lat="37.061712" lon="22.149224">
        <ele>255.5</ele>
      </trkpt>
      <trkpt lat="37.061718" lon="22.149294">
        <ele>255.78</ele>
      </trkpt>
      <trkpt lat="37.061759" lon="22.149439">
        <ele>256.88</ele>
      </trkpt>
      <trkpt lat="37.061791" lon="22.149507">
        <ele>257.32</ele>
      </trkpt>
      <trkpt lat="37.061889" lon="22.149632">
        <ele>258.7</ele>
      </trkpt>
      <trkpt lat="37.062076" lon="22.149761">
        <ele>261.66</ele>
      </trkpt>
      <trkpt lat="37.062108" lon="22.149796">
        <ele>262.09</ele>
      </trkpt>
      <trkpt lat="37.062153" lon="22.149885">
        <ele>262.96</ele>
      </trkpt>
      <trkpt lat="37.062171" lon="22.149958">
        <ele>263.35</ele>
      </trkpt>
      <trkpt lat="37.062177" lon="22.150039">
        <ele>263.96</ele>
      </trkpt>
      <trkpt lat="37.06217" lon="22.150114">
        <ele>264.49</ele>
      </trkpt>
      <trkpt lat="37.06215" lon="22.150196">
        <ele>264.9</ele>
      </trkpt>
      <trkpt lat="37.062016" lon="22.150614">
        <ele>265.84</ele>
      </trkpt>
      <trkpt lat="37.061987" lon="22.150755">
        <ele>265.92</ele>
      </trkpt>
      <trkpt lat="37.061981" lon="22.150883">
        <ele>266.51</ele>
      </trkpt>
      <trkpt lat="37.061985" lon="22.151028">
        <ele>267.41</ele>
      </trkpt>
      <trkpt lat="37.062006" lon="22.151175">
        <ele>268.02</ele>
      </trkpt>
      <trkpt lat="37.062079" lon="22.15145">
        <ele>269.63</ele>
      </trkpt>
      <trkpt lat="37.062128" lon="22.151573">
        <ele>270.32</ele>
      </trkpt>
      <trkpt lat="37.062268" lon="22.151832">
        <ele>273.05</ele>
      </trkpt>
      <trkpt lat="37.062294" lon="22.151865">
        <ele>273.83</ele>
      </trkpt>
      <trkpt lat="37.062333" lon="22.151887">
        <ele>275.09</ele>
      </trkpt>
      <trkpt lat="37.062365" lon="22.151895">
        <ele>276.17</ele>
      </trkpt>
      <trkpt lat="37.062388" lon="22.151888">
        <ele>277.02</ele>
      </trkpt>
      <trkpt lat="37.06243" lon="22.151853">
        <ele>278.57</ele>
      </trkpt>
      <trkpt lat="37.062445" lon="22.151829">
        <ele>279.22</ele>
      </trkpt>
      <trkpt lat="37.062464" lon="22.151763">
        <ele>280.43</ele>
      </trkpt>
      <trkpt lat="37.062497" lon="22.151223">
        <ele>283.15</ele>
      </trkpt>
      <trkpt lat="37.062538" lon="22.151002">
        <ele>283.67</ele>
      </trkpt>
      <trkpt lat="37.062573" lon="22.150899">
        <ele>284.36</ele>
      </trkpt>
      <trkpt lat="37.062637" lon="22.150771">
        <ele>285.37</ele>
      </trkpt>
      <trkpt lat="37.062727" lon="22.150672">
        <ele>286.98</ele>
      </trkpt>
      <trkpt lat="37.062827" lon="22.150586">
        <ele>288.29</ele>
      </trkpt>
      <trkpt lat="37.062953" lon="22.150507">
        <ele>289.57</ele>
      </trkpt>
      <trkpt lat="37.063447" lon="22.150314">
        <ele>294.98</ele>
      </trkpt>
      <trkpt lat="37.063573" lon="22.150236">
        <ele>296.08</ele>
      </trkpt>
      <trkpt lat="37.063662" lon="22.150154">
        <ele>296.62</ele>
      </trkpt>
      <trkpt lat="37.063735" lon="22.150071">
        <ele>297.62</ele>
      </trkpt>
      <trkpt lat="37.063816" lon="22.149961">
        <ele>299.32</ele>
      </trkpt>
      <trkpt lat="37.063974" lon="22.149682">
        <ele>303.69</ele>
      </trkpt>
      <trkpt lat="37.064149" lon="22.149426">
        <ele>306.99</ele>
      </trkpt>
      <trkpt lat="37.064266" lon="22.149343">
        <ele>308.17</ele>
      </trkpt>
      <trkpt lat="37.064482" lon="22.149242">
        <ele>309</ele>
      </trkpt>
      <trkpt lat="37.064644" lon="22.14922">
        <ele>309.45</ele>
      </trkpt>
      <trkpt lat="37.065131" lon="22.149185">
        <ele>311.07</ele>
      </trkpt>
      <trkpt lat="37.065233" lon="22.149212">
        <ele>312</ele>
      </trkpt>
      <trkpt lat="37.06532" lon="22.149263">
        <ele>313.06</ele>
      </trkpt>
      <trkpt lat="37.065382" lon="22.149314">
        <ele>313.71</ele>
      </trkpt>
      <trkpt lat="37.065432" lon="22.149377">
        <ele>313.99</ele>
      </trkpt>
      <trkpt lat="37.065483" lon="22.149466">
        <ele>314.55</ele>
      </trkpt>
      <trkpt lat="37.065527" lon="22.149561">
        <ele>315.02</ele>
      </trkpt>
      <trkpt lat="37.065579" lon="22.149768">
        <ele>316.05</ele>
      </trkpt>
      <trkpt lat="37.065683" lon="22.150547">
        <ele>321.32</ele>
      </trkpt>
      <trkpt lat="37.065711" lon="22.150697">
        <ele>322.08</ele>
      </trkpt>
      <trkpt lat="37.065748" lon="22.150827">
        <ele>322.67</ele>
      </trkpt>
      <trkpt lat="37.065784" lon="22.150924">
        <ele>322.89</ele>
      </trkpt>
      <trkpt lat="37.065848" lon="22.151076">
        <ele>323.05</ele>
      </trkpt>
      <trkpt lat="37.065952" lon="22.151271">
        <ele>323.42</ele>
      </trkpt>
      <trkpt lat="37.066051" lon="22.151547">
        <ele>324.52</ele>
      </trkpt>
      <trkpt lat="37.066129" lon="22.151902">
        <ele>325.73</ele>
      </trkpt>
      <trkpt lat="37.066181" lon="22.152216">
        <ele>327.24</ele>
      </trkpt>
      <trkpt lat="37.066263" lon="22.152509">
        <ele>328.92</ele>
      </trkpt>
      <trkpt lat="37.066323" lon="22.152633">
        <ele>329.34</ele>
      </trkpt>
      <trkpt lat="37.066402" lon="22.152765">
        <ele>329.41</ele>
      </trkpt>
      <trkpt lat="37.066495" lon="22.152903">
        <ele>329.98</ele>
      </trkpt>
      <trkpt lat="37.066997" lon="22.153462">
        <ele>335.42</ele>
      </trkpt>
      <trkpt lat="37.067201" lon="22.153657">
        <ele>337.75</ele>
      </trkpt>
      <trkpt lat="37.06737" lon="22.153794">
        <ele>339.27</ele>
      </trkpt>
      <trkpt lat="37.067528" lon="22.153896">
        <ele>340.43</ele>
      </trkpt>
      <trkpt lat="37.067763" lon="22.154017">
        <ele>342.34</ele>
      </trkpt>
      <trkpt lat="37.068003" lon="22.154125">
        <ele>342.49</ele>
      </trkpt>
      <trkpt lat="37.06819" lon="22.15424">
        <ele>343.41</ele>
      </trkpt>
      <trkpt lat="37.06827" lon="22.154319">
        <ele>344.21</ele>
      </trkpt>
      <trkpt lat="37.068368" lon="22.154452">
        <ele>346.03</ele>
      </trkpt>
      <trkpt lat="37.068452" lon="22.154584">
        <ele>346.93</ele>
      </trkpt>
      <trkpt lat="37.06859" lon="22.154821">
        <ele>348.77</ele>
      </trkpt>
      <trkpt lat="37.068748" lon="22.155159">
        <ele>351.71</ele>
      </trkpt>
      <trkpt lat="37.068876" lon="22.155554">
        <ele>353.9</ele>
      </trkpt>
      <trkpt lat="37.068927" lon="22.155652">
        <ele>354.11</ele>
      </trkpt>
      <trkpt lat="37.068996" lon="22.15574">
        <ele>355.03</ele>
      </trkpt>
      <trkpt lat="37.069111" lon="22.155858">
        <ele>356.72</ele>
      </trkpt>
      <trkpt lat="37.069481" lon="22.156125">
        <ele>362.59</ele>
      </trkpt>
      <trkpt lat="37.069658" lon="22.156271">
        <ele>363.08</ele>
      </trkpt>
      <trkpt lat="37.070002" lon="22.156599">
        <ele>364.12</ele>
      </trkpt>
      <trkpt lat="37.0701" lon="22.156714">
        <ele>365.02</ele>
      </trkpt>
      <trkpt lat="37.070199" lon="22.156851">
        <ele>365.88</ele>
      </trkpt>
      <trkpt lat="37.070276" lon="22.156986">
        <ele>366.03</ele>
      </trkpt>
      <trkpt lat="37.070339" lon="22.157175">
        <ele>366.68</ele>
      </trkpt>
      <trkpt lat="37.070375" lon="22.157321">
        <ele>367.61</ele>
      </trkpt>
      <trkpt lat="37.070409" lon="22.157596">
        <ele>368.93</ele>
      </trkpt>
      <trkpt lat="37.070414" lon="22.157741">
        <ele>370.04</ele>
      </trkpt>
      <trkpt lat="37.070399" lon="22.158551">
        <ele>377.1</ele>
      </trkpt>
      <trkpt lat="37.070403" lon="22.158661">
        <ele>378.13</ele>
      </trkpt>
      <trkpt lat="37.070417" lon="22.15873">
        <ele>378.53</ele>
      </trkpt>
      <trkpt lat="37.070439" lon="22.158782">
        <ele>378.63</ele>
      </trkpt>
      <trkpt lat="37.070486" lon="22.15882">
        <ele>378.06</ele>
      </trkpt>
      <trkpt lat="37.070554" lon="22.158847">
        <ele>378.03</ele>
      </trkpt>
      <trkpt lat="37.07066" lon="22.158849">
        <ele>377.77</ele>
      </trkpt>
      <trkpt lat="37.070783" lon="22.158827">
        <ele>378.02</ele>
      </trkpt>
      <trkpt lat="37.071094" lon="22.158716">
        <ele>379.11</ele>
      </trkpt>
      <trkpt lat="37.071276" lon="22.158621">
        <ele>379.89</ele>
      </trkpt>
      <trkpt lat="37.071416" lon="22.15853">
        <ele>381.25</ele>
      </trkpt>
      <trkpt lat="37.07157" lon="22.15838">
        <ele>384.57</ele>
      </trkpt>
      <trkpt lat="37.071755" lon="22.158177">
        <ele>387.19</ele>
      </trkpt>
      <trkpt lat="37.071863" lon="22.158085">
        <ele>388.17</ele>
      </trkpt>
      <trkpt lat="37.072317" lon="22.157755">
        <ele>388.73</ele>
      </trkpt>
      <trkpt lat="37.072494" lon="22.157607">
        <ele>389.86</ele>
      </trkpt>
      <trkpt lat="37.07274" lon="22.157375">
        <ele>391.31</ele>
      </trkpt>
      <trkpt lat="37.072943" lon="22.15717">
        <ele>392.16</ele>
      </trkpt>
      <trkpt lat="37.073385" lon="22.156663">
        <ele>395.26</ele>
      </trkpt>
      <trkpt lat="37.073754" lon="22.156161">
        <ele>397.98</ele>
      </trkpt>
      <trkpt lat="37.073885" lon="22.155933">
        <ele>399.15</ele>
      </trkpt>
      <trkpt lat="37.073996" lon="22.155694">
        <ele>399.9</ele>
      </trkpt>
      <trkpt lat="37.074117" lon="22.155411">
        <ele>401.11</ele>
      </trkpt>
      <trkpt lat="37.074444" lon="22.154575">
        <ele>405.34</ele>
      </trkpt>
      <trkpt lat="37.074509" lon="22.15445">
        <ele>405.99</ele>
      </trkpt>
      <trkpt lat="37.074571" lon="22.15435">
        <ele>406.98</ele>
      </trkpt>
      <trkpt lat="37.074642" lon="22.154255">
        <ele>407.86</ele>
      </trkpt>
      <trkpt lat="37.074727" lon="22.154163">
        <ele>408.21</ele>
      </trkpt>
      <trkpt lat="37.074821" lon="22.154089">
        <ele>408.84</ele>
      </trkpt>
      <trkpt lat="37.075024" lon="22.153982">
        <ele>410.5</ele>
      </trkpt>
      <trkpt lat="37.075134" lon="22.153936">
        <ele>411.57</ele>
      </trkpt>
      <trkpt lat="37.075243" lon="22.153908">
        <ele>412.44</ele>
      </trkpt>
      <trkpt lat="37.075363" lon="22.153887">
        <ele>412.99</ele>
      </trkpt>
      <trkpt lat="37.075482" lon="22.153879">
        <ele>413.34</ele>
      </trkpt>
      <trkpt lat="37.075608" lon="22.153887">
        <ele>414.09</ele>
      </trkpt>
      <trkpt lat="37.075702" lon="22.153909">
        <ele>415.21</ele>
      </trkpt>
      <trkpt lat="37.075779" lon="22.153955">
        <ele>415.7</ele>
      </trkpt>
      <trkpt lat="37.075868" lon="22.15403">
        <ele>416.8</ele>
      </trkpt>
      <trkpt lat="37.07597" lon="22.154132">
        <ele>418.43</ele>
      </trkpt>
      <trkpt lat="37.076416" lon="22.154647">
        <ele>420.95</ele>
      </trkpt>
      <trkpt lat="37.076529" lon="22.154752">
        <ele>421.35</ele>
      </trkpt>
      <trkpt lat="37.076723" lon="22.154911">
        <ele>422.28</ele>
      </trkpt>
      <trkpt lat="37.077458" lon="22.155407">
        <ele>427.05</ele>
      </trkpt>
      <trkpt lat="37.077599" lon="22.155481">
        <ele>427.9</ele>
      </trkpt>
      <trkpt lat="37.077734" lon="22.155525">
        <ele>428.42</ele>
      </trkpt>
      <trkpt lat="37.077808" lon="22.155528">
        <ele>428.85</ele>
      </trkpt>
      <trkpt lat="37.077867" lon="22.155517">
        <ele>429.15</ele>
      </trkpt>
      <trkpt lat="37.07798" lon="22.15547">
        <ele>429.42</ele>
      </trkpt>
      <trkpt lat="37.078119" lon="22.155372">
        <ele>429.96</ele>
      </trkpt>
      <trkpt lat="37.078224" lon="22.155248">
        <ele>430.45</ele>
      </trkpt>
      <trkpt lat="37.078306" lon="22.155114">
        <ele>430.89</ele>
      </trkpt>
      <trkpt lat="37.078394" lon="22.15493">
        <ele>431.83</ele>
      </trkpt>
      <trkpt lat="37.078626" lon="22.154291">
        <ele>434.73</ele>
      </trkpt>
      <trkpt lat="37.078873" lon="22.153721">
        <ele>436.2</ele>
      </trkpt>
      <trkpt lat="37.078947" lon="22.153579">
        <ele>436.9</ele>
      </trkpt>
      <trkpt lat="37.079033" lon="22.153461">
        <ele>437.32</ele>
      </trkpt>
      <trkpt lat="37.079131" lon="22.153364">
        <ele>438.34</ele>
      </trkpt>
      <trkpt lat="37.079276" lon="22.153278">
        <ele>439.23</ele>
      </trkpt>
      <trkpt lat="37.079411" lon="22.15324">
        <ele>440</ele>
      </trkpt>
      <trkpt lat="37.079533" lon="22.153232">
        <ele>440.84</ele>
      </trkpt>
      <trkpt lat="37.079648" lon="22.153254">
        <ele>441.01</ele>
      </trkpt>
      <trkpt lat="37.079749" lon="22.153291">
        <ele>440.68</ele>
      </trkpt>
      <trkpt lat="37.079847" lon="22.153355">
        <ele>440.44</ele>
      </trkpt>
      <trkpt lat="37.079978" lon="22.153475">
        <ele>439.93</ele>
      </trkpt>
      <trkpt lat="37.080115" lon="22.153638">
        <ele>440.06</ele>
      </trkpt>
      <trkpt lat="37.08023" lon="22.153743">
        <ele>439.65</ele>
      </trkpt>
      <trkpt lat="37.080333" lon="22.153789">
        <ele>439.54</ele>
      </trkpt>
      <trkpt lat="37.080449" lon="22.153801">
        <ele>439.02</ele>
      </trkpt>
      <trkpt lat="37.081205" lon="22.153693">
        <ele>433.59</ele>
      </trkpt>
      <trkpt lat="37.081329" lon="22.153703">
        <ele>433.12</ele>
      </trkpt>
      <trkpt lat="37.081434" lon="22.153739">
        <ele>432.01</ele>
      </trkpt>
      <trkpt lat="37.081523" lon="22.153804">
        <ele>431.57</ele>
      </trkpt>
      <trkpt lat="37.081604" lon="22.153893">
        <ele>431.21</ele>
      </trkpt>
      <trkpt lat="37.081659" lon="22.153987">
        <ele>430.3</ele>
      </trkpt>
      <trkpt lat="37.081694" lon="22.154092">
        <ele>429.39</ele>
      </trkpt>
      <trkpt lat="37.08171" lon="22.154234">
        <ele>429.55</ele>
      </trkpt>
      <trkpt lat="37.081843" lon="22.155916">
        <ele>422.32</ele>
      </trkpt>
      <trkpt lat="37.081869" lon="22.156252">
        <ele>419.59</ele>
      </trkpt>
      <trkpt lat="37.081915" lon="22.157069">
        <ele>416.64</ele>
      </trkpt>
      <trkpt lat="37.081904" lon="22.157377">
        <ele>416.3</ele>
      </trkpt>
      <trkpt lat="37.081841" lon="22.157941">
        <ele>415.44</ele>
      </trkpt>
      <trkpt lat="37.081804" lon="22.158488">
        <ele>414.92</ele>
      </trkpt>
      <trkpt lat="37.081799" lon="22.158678">
        <ele>414.93</ele>
      </trkpt>
      <trkpt lat="37.081811" lon="22.158849">
        <ele>415.15</ele>
      </trkpt>
      <trkpt lat="37.081844" lon="22.15905">
        <ele>415.11</ele>
      </trkpt>
      <trkpt lat="37.08196" lon="22.159437">
        <ele>413.31</ele>
      </trkpt>
      <trkpt lat="37.082159" lon="22.159985">
        <ele>411.39</ele>
      </trkpt>
      <trkpt lat="37.082204" lon="22.160199">
        <ele>411.44</ele>
      </trkpt>
      <trkpt lat="37.082209" lon="22.160419">
        <ele>413.61</ele>
      </trkpt>
      <trkpt lat="37.082226" lon="22.160494">
        <ele>413.27</ele>
      </trkpt>
      <trkpt lat="37.082257" lon="22.160552">
        <ele>411.7</ele>
      </trkpt>
      <trkpt lat="37.082302" lon="22.160583">
        <ele>409.31</ele>
      </trkpt>
      <trkpt lat="37.082347" lon="22.160584">
        <ele>407.21</ele>
      </trkpt>
      <trkpt lat="37.082385" lon="22.160563">
        <ele>405.1</ele>
      </trkpt>
      <trkpt lat="37.082419" lon="22.160522">
        <ele>402.78</ele>
      </trkpt>
      <trkpt lat="37.082434" lon="22.160456">
        <ele>401.52</ele>
      </trkpt>
      <trkpt lat="37.082432" lon="22.160386">
        <ele>400.71</ele>
      </trkpt>
      <trkpt lat="37.082117" lon="22.159281">
        <ele>399.95</ele>
      </trkpt>
      <trkpt lat="37.082076" lon="22.159061">
        <ele>399.02</ele>
      </trkpt>
      <trkpt lat="37.082056" lon="22.158876">
        <ele>398.4</ele>
      </trkpt>
      <trkpt lat="37.082051" lon="22.158685">
        <ele>397.8</ele>
      </trkpt>
      <trkpt lat="37.082059" lon="22.158493">
        <ele>397.22</ele>
      </trkpt>
      <trkpt lat="37.082083" lon="22.158289">
        <ele>396.56</ele>
      </trkpt>
      <trkpt lat="37.082115" lon="22.158116">
        <ele>395.69</ele>
      </trkpt>
      <trkpt lat="37.082216" lon="22.15771">
        <ele>392.49</ele>
      </trkpt>
      <trkpt lat="37.082292" lon="22.157459">
        <ele>390.86</ele>
      </trkpt>
      <trkpt lat="37.082383" lon="22.157225">
        <ele>389.92</ele>
      </trkpt>
      <trkpt lat="37.08262" lon="22.15669">
        <ele>386.92</ele>
      </trkpt>
      <trkpt lat="37.082705" lon="22.156464">
        <ele>383.72</ele>
      </trkpt>
      <trkpt lat="37.082729" lon="22.156361">
        <ele>382.98</ele>
      </trkpt>
      <trkpt lat="37.082742" lon="22.156267">
        <ele>382.57</ele>
      </trkpt>
      <trkpt lat="37.082749" lon="22.156144">
        <ele>382.65</ele>
      </trkpt>
      <trkpt lat="37.082734" lon="22.155645">
        <ele>383.39</ele>
      </trkpt>
      <trkpt lat="37.082741" lon="22.155379">
        <ele>383.22</ele>
      </trkpt>
      <trkpt lat="37.082785" lon="22.154772">
        <ele>380.51</ele>
      </trkpt>
      <trkpt lat="37.082812" lon="22.154683">
        <ele>378.41</ele>
      </trkpt>
      <trkpt lat="37.082854" lon="22.154639">
        <ele>376.02</ele>
      </trkpt>
      <trkpt lat="37.082903" lon="22.154627">
        <ele>373.82</ele>
      </trkpt>
      <trkpt lat="37.082949" lon="22.154639">
        <ele>371.87</ele>
      </trkpt>
      <trkpt lat="37.082993" lon="22.154683">
        <ele>370.04</ele>
      </trkpt>
      <trkpt lat="37.083029" lon="22.154753">
        <ele>368.6</ele>
      </trkpt>
      <trkpt lat="37.083041" lon="22.154836">
        <ele>368.27</ele>
      </trkpt>
      <trkpt lat="37.083044" lon="22.15492">
        <ele>368.14</ele>
      </trkpt>
      <trkpt lat="37.082935" lon="22.155532">
        <ele>370.9</ele>
      </trkpt>
      <trkpt lat="37.082919" lon="22.155701">
        <ele>371.06</ele>
      </trkpt>
      <trkpt lat="37.082903" lon="22.156337">
        <ele>369.33</ele>
      </trkpt>
      <trkpt lat="37.08288" lon="22.156488">
        <ele>368.59</ele>
      </trkpt>
      <trkpt lat="37.082717" lon="22.157095">
        <ele>367.3</ele>
      </trkpt>
      <trkpt lat="37.082574" lon="22.157556">
        <ele>367.51</ele>
      </trkpt>
      <trkpt lat="37.082502" lon="22.157909">
        <ele>368.29</ele>
      </trkpt>
      <trkpt lat="37.082451" lon="22.158291">
        <ele>369.43</ele>
      </trkpt>
      <trkpt lat="37.082431" lon="22.158539">
        <ele>370.19</ele>
      </trkpt>
      <trkpt lat="37.082426" lon="22.15873">
        <ele>370.57</ele>
      </trkpt>
      <trkpt lat="37.08243" lon="22.158838">
        <ele>371.33</ele>
      </trkpt>
      <trkpt lat="37.082443" lon="22.158907">
        <ele>371.5</ele>
      </trkpt>
      <trkpt lat="37.082484" lon="22.158972">
        <ele>370.45</ele>
      </trkpt>
      <trkpt lat="37.082533" lon="22.158987">
        <ele>368.21</ele>
      </trkpt>
      <trkpt lat="37.082599" lon="22.158962">
        <ele>365.38</ele>
      </trkpt>
      <trkpt lat="37.082644" lon="22.158894">
        <ele>362.81</ele>
      </trkpt>
      <trkpt lat="37.082653" lon="22.158797">
        <ele>360.87</ele>
      </trkpt>
      <trkpt lat="37.08263" lon="22.158455">
        <ele>358.49</ele>
      </trkpt>
      <trkpt lat="37.082621" lon="22.158164">
        <ele>358.47</ele>
      </trkpt>
      <trkpt lat="37.082638" lon="22.157966">
        <ele>357.89</ele>
      </trkpt>
      <trkpt lat="37.082668" lon="22.157788">
        <ele>357.13</ele>
      </trkpt>
      <trkpt lat="37.082715" lon="22.157596">
        <ele>355.95</ele>
      </trkpt>
      <trkpt lat="37.082766" lon="22.157426">
        <ele>355.29</ele>
      </trkpt>
      <trkpt lat="37.083044" lon="22.156771">
        <ele>349.65</ele>
      </trkpt>
      <trkpt lat="37.083139" lon="22.156522">
        <ele>348.76</ele>
      </trkpt>
      <trkpt lat="37.083171" lon="22.156415">
        <ele>348.51</ele>
      </trkpt>
      <trkpt lat="37.083185" lon="22.156315">
        <ele>349.02</ele>
      </trkpt>
      <trkpt lat="37.083197" lon="22.156001">
        <ele>350.32</ele>
      </trkpt>
      <trkpt lat="37.083219" lon="22.155741">
        <ele>351.07</ele>
      </trkpt>
      <trkpt lat="37.083247" lon="22.155622">
        <ele>350.39</ele>
      </trkpt>
      <trkpt lat="37.083282" lon="22.155542">
        <ele>349.76</ele>
      </trkpt>
      <trkpt lat="37.083333" lon="22.155489">
        <ele>347.7</ele>
      </trkpt>
      <trkpt lat="37.0834" lon="22.15548">
        <ele>343.9</ele>
      </trkpt>
      <trkpt lat="37.083454" lon="22.155515">
        <ele>340.31</ele>
      </trkpt>
      <trkpt lat="37.08348" lon="22.155585">
        <ele>337.91</ele>
      </trkpt>
      <trkpt lat="37.08348" lon="22.155713">
        <ele>336.29</ele>
      </trkpt>
      <trkpt lat="37.083334" lon="22.156432">
        <ele>337.54</ele>
      </trkpt>
      <trkpt lat="37.083272" lon="22.15666">
        <ele>336.86</ele>
      </trkpt>
      <trkpt lat="37.083185" lon="22.156926">
        <ele>336.32</ele>
      </trkpt>
      <trkpt lat="37.083081" lon="22.157211">
        <ele>336.69</ele>
      </trkpt>
      <trkpt lat="37.083026" lon="22.157417">
        <ele>336.67</ele>
      </trkpt>
      <trkpt lat="37.083018" lon="22.157575">
        <ele>335.04</ele>
      </trkpt>
      <trkpt lat="37.083045" lon="22.157699">
        <ele>333.61</ele>
      </trkpt>
      <trkpt lat="37.083093" lon="22.157778">
        <ele>332.41</ele>
      </trkpt>
      <trkpt lat="37.083147" lon="22.157827">
        <ele>331.79</ele>
      </trkpt>
      <trkpt lat="37.083216" lon="22.157845">
        <ele>330.74</ele>
      </trkpt>
      <trkpt lat="37.083387" lon="22.157835">
        <ele>329.11</ele>
      </trkpt>
      <trkpt lat="37.084098" lon="22.157663">
        <ele>324.24</ele>
      </trkpt>
      <trkpt lat="37.084204" lon="22.157648">
        <ele>322.94</ele>
      </trkpt>
      <trkpt lat="37.084304" lon="22.157665">
        <ele>322.15</ele>
      </trkpt>
      <trkpt lat="37.084379" lon="22.157706">
        <ele>321.32</ele>
      </trkpt>
      <trkpt lat="37.084441" lon="22.157777">
        <ele>320.81</ele>
      </trkpt>
      <trkpt lat="37.084492" lon="22.157871">
        <ele>320.83</ele>
      </trkpt>
      <trkpt lat="37.084528" lon="22.158011">
        <ele>321.38</ele>
      </trkpt>
      <trkpt lat="37.08459" lon="22.158437">
        <ele>323.97</ele>
      </trkpt>
      <trkpt lat="37.084638" lon="22.158767">
        <ele>325.99</ele>
      </trkpt>
      <trkpt lat="37.084671" lon="22.158903">
        <ele>326.06</ele>
      </trkpt>
      <trkpt lat="37.084715" lon="22.159035">
        <ele>325.99</ele>
      </trkpt>
      <trkpt lat="37.084775" lon="22.159152">
        <ele>325.73</ele>
      </trkpt>
      <trkpt lat="37.084947" lon="22.159445">
        <ele>328.26</ele>
      </trkpt>
      <trkpt lat="37.085047" lon="22.159576">
        <ele>329.59</ele>
      </trkpt>
      <trkpt lat="37.085148" lon="22.159673">
        <ele>329.69</ele>
      </trkpt>
      <trkpt lat="37.085257" lon="22.159758">
        <ele>329.44</ele>
      </trkpt>
      <trkpt lat="37.085691" lon="22.16001">
        <ele>321.11</ele>
      </trkpt>
      <trkpt lat="37.085958" lon="22.16021">
        <ele>316.06</ele>
      </trkpt>
      <trkpt lat="37.086064" lon="22.16032">
        <ele>314.67</ele>
      </trkpt>
      <trkpt lat="37.086233" lon="22.160523">
        <ele>312.71</ele>
      </trkpt>
      <trkpt lat="37.086351" lon="22.160704">
        <ele>311.79</ele>
      </trkpt>
      <trkpt lat="37.086448" lon="22.160882">
        <ele>310.21</ele>
      </trkpt>
      <trkpt lat="37.086504" lon="22.161041">
        <ele>309.39</ele>
      </trkpt>
      <trkpt lat="37.086532" lon="22.161191">
        <ele>309.55</ele>
      </trkpt>
      <trkpt lat="37.08657" lon="22.161482">
        <ele>310.38</ele>
      </trkpt>
      <trkpt lat="37.086593" lon="22.161582">
        <ele>310.69</ele>
      </trkpt>
      <trkpt lat="37.086624" lon="22.161644">
        <ele>310.05</ele>
      </trkpt>
      <trkpt lat="37.086667" lon="22.161692">
        <ele>308.8</ele>
      </trkpt>
      <trkpt lat="37.086741" lon="22.161716">
        <ele>307.84</ele>
      </trkpt>
      <trkpt lat="37.086829" lon="22.161713">
        <ele>305.64</ele>
      </trkpt>
      <trkpt lat="37.087163" lon="22.161629">
        <ele>298.67</ele>
      </trkpt>
      <trkpt lat="37.087253" lon="22.161627">
        <ele>297.72</ele>
      </trkpt>
      <trkpt lat="37.087332" lon="22.161657">
        <ele>298.1</ele>
      </trkpt>
      <trkpt lat="37.087409" lon="22.161722">
        <ele>299.51</ele>
      </trkpt>
      <trkpt lat="37.087673" lon="22.162081">
        <ele>306.25</ele>
      </trkpt>
      <trkpt lat="37.087958" lon="22.162505">
        <ele>304.3</ele>
      </trkpt>
      <trkpt lat="37.08803" lon="22.16264">
        <ele>305.94</ele>
      </trkpt>
      <trkpt lat="37.088075" lon="22.162754">
        <ele>309.52</ele>
      </trkpt>
      <trkpt lat="37.088117" lon="22.162838">
        <ele>310.99</ele>
      </trkpt>
      <trkpt lat="37.088174" lon="22.162919">
        <ele>309.84</ele>
      </trkpt>
      <trkpt lat="37.088236" lon="22.162988">
        <ele>308.08</ele>
      </trkpt>
      <trkpt lat="37.088323" lon="22.16307">
        <ele>304.63</ele>
      </trkpt>
      <trkpt lat="37.088446" lon="22.163162">
        <ele>299.34</ele>
      </trkpt>
      <trkpt lat="37.088544" lon="22.163265">
        <ele>297.77</ele>
      </trkpt>
      <trkpt lat="37.088602" lon="22.163344">
        <ele>297.59</ele>
      </trkpt>
      <trkpt lat="37.088655" lon="22.163432">
        <ele>298.6</ele>
      </trkpt>
      <trkpt lat="37.088692" lon="22.163511">
        <ele>300.15</ele>
      </trkpt>
      <trkpt lat="37.088774" lon="22.163728">
        <ele>307.32</ele>
      </trkpt>
      <trkpt lat="37.088812" lon="22.16378">
        <ele>307.28</ele>
      </trkpt>
      <trkpt lat="37.088922" lon="22.163887">
        <ele>304.74</ele>
      </trkpt>
      <trkpt lat="37.089067" lon="22.163988">
        <ele>299.95</ele>
      </trkpt>
      <trkpt lat="37.089302" lon="22.164128">
        <ele>295.66</ele>
      </trkpt>
      <trkpt lat="37.089642" lon="22.16433">
        <ele>296.55</ele>
      </trkpt>
      <trkpt lat="37.089688" lon="22.164372">
        <ele>296.91</ele>
      </trkpt>
      <trkpt lat="37.089767" lon="22.164472">
        <ele>297.83</ele>
      </trkpt>
      <trkpt lat="37.089806" lon="22.164543">
        <ele>298.72</ele>
      </trkpt>
      <trkpt lat="37.089869" lon="22.164703">
        <ele>300.1</ele>
      </trkpt>
      <trkpt lat="37.089901" lon="22.164822">
        <ele>300.4</ele>
      </trkpt>
      <trkpt lat="37.089922" lon="22.164933">
        <ele>300.5</ele>
      </trkpt>
      <trkpt lat="37.089945" lon="22.165135">
        <ele>299.94</ele>
      </trkpt>
      <trkpt lat="37.089943" lon="22.165242">
        <ele>300.1</ele>
      </trkpt>
      <trkpt lat="37.089893" lon="22.16562">
        <ele>303.37</ele>
      </trkpt>
      <trkpt lat="37.089891" lon="22.165701">
        <ele>304.44</ele>
      </trkpt>
      <trkpt lat="37.089899" lon="22.16579">
        <ele>305.03</ele>
      </trkpt>
      <trkpt lat="37.089916" lon="22.165858">
        <ele>305.41</ele>
      </trkpt>
      <trkpt lat="37.090092" lon="22.166368">
        <ele>307.97</ele>
      </trkpt>
      <trkpt lat="37.090158" lon="22.166531">
        <ele>306.98</ele>
      </trkpt>
      <trkpt lat="37.090211" lon="22.166634">
        <ele>305.54</ele>
      </trkpt>
      <trkpt lat="37.090405" lon="22.16696">
        <ele>289.12</ele>
      </trkpt>
      <trkpt lat="37.090584" lon="22.167297">
        <ele>288</ele>
      </trkpt>
      <trkpt lat="37.090694" lon="22.167532">
        <ele>286.09</ele>
      </trkpt>
      <trkpt lat="37.090793" lon="22.167822">
        <ele>284.42</ele>
      </trkpt>
      <trkpt lat="37.090898" lon="22.16818">
        <ele>281.42</ele>
      </trkpt>
      <trkpt lat="37.090947" lon="22.1684">
        <ele>279.93</ele>
      </trkpt>
      <trkpt lat="37.090967" lon="22.168555">
        <ele>279.07</ele>
      </trkpt>
      <trkpt lat="37.090975" lon="22.168725">
        <ele>278.31</ele>
      </trkpt>
      <trkpt lat="37.090974" lon="22.168912">
        <ele>277.43</ele>
      </trkpt>
      <trkpt lat="37.090945" lon="22.169391">
        <ele>276.54</ele>
      </trkpt>
      <trkpt lat="37.090941" lon="22.169552">
        <ele>276.52</ele>
      </trkpt>
      <trkpt lat="37.090935" lon="22.169815">
        <ele>276.5</ele>
      </trkpt>
      <trkpt lat="37.090938" lon="22.169965">
        <ele>277.21</ele>
      </trkpt>
      <trkpt lat="37.090955" lon="22.170178">
        <ele>278.08</ele>
      </trkpt>
      <trkpt lat="37.090982" lon="22.170352">
        <ele>277.72</ele>
      </trkpt>
      <trkpt lat="37.090922" lon="22.170406">
        <ele>284.63</ele>
      </trkpt>
      <trkpt lat="37.090941" lon="22.170545">
        <ele>284.6</ele>
      </trkpt>
      <trkpt lat="37.091073" lon="22.171174">
        <ele>281.7</ele>
      </trkpt>
      <trkpt lat="37.09124" lon="22.171977">
        <ele>284.49</ele>
      </trkpt>
      <trkpt lat="37.091365" lon="22.172377">
        <ele>284.22</ele>
      </trkpt>
      <trkpt lat="37.09138" lon="22.172476">
        <ele>282.99</ele>
      </trkpt>
      <trkpt lat="37.091375" lon="22.172514">
        <ele>283.11</ele>
      </trkpt>
      <trkpt lat="37.09136" lon="22.172547">
        <ele>283.31</ele>
      </trkpt>
      <trkpt lat="37.091123" lon="22.172775">
        <ele>290.99</ele>
      </trkpt>
      <trkpt lat="37.090954" lon="22.172959">
        <ele>295.98</ele>
      </trkpt>
      <trkpt lat="37.090911" lon="22.173032">
        <ele>296.99</ele>
      </trkpt>
      <trkpt lat="37.090875" lon="22.17312">
        <ele>297.28</ele>
      </trkpt>
      <trkpt lat="37.090841" lon="22.17325">
        <ele>297.02</ele>
      </trkpt>
      <trkpt lat="37.090814" lon="22.173407">
        <ele>296.9</ele>
      </trkpt>
      <trkpt lat="37.090782" lon="22.173666">
        <ele>294.96</ele>
      </trkpt>
      <trkpt lat="37.090758" lon="22.173754">
        <ele>294.49</ele>
      </trkpt>
      <trkpt lat="37.090717" lon="22.173826">
        <ele>294.07</ele>
      </trkpt>
      <trkpt lat="37.090649" lon="22.17388">
        <ele>294.51</ele>
      </trkpt>
      <trkpt lat="37.090542" lon="22.173902">
        <ele>295.99</ele>
      </trkpt>
      <trkpt lat="37.090382" lon="22.1739">
        <ele>298.51</ele>
      </trkpt>
      <trkpt lat="37.090216" lon="22.173868">
        <ele>303.21</ele>
      </trkpt>
      <trkpt lat="37.089961" lon="22.173777">
        <ele>313.55</ele>
      </trkpt>
      <trkpt lat="37.089904" lon="22.173771">
        <ele>315.76</ele>
      </trkpt>
      <trkpt lat="37.089862" lon="22.173775">
        <ele>316.78</ele>
      </trkpt>
      <trkpt lat="37.089813" lon="22.173796">
        <ele>317.35</ele>
      </trkpt>
      <trkpt lat="37.089753" lon="22.173846">
        <ele>317.14</ele>
      </trkpt>
      <trkpt lat="37.089683" lon="22.173925">
        <ele>315.35</ele>
      </trkpt>
      <trkpt lat="37.089596" lon="22.174005">
        <ele>314.25</ele>
      </trkpt>
      <trkpt lat="37.089482" lon="22.174086">
        <ele>314.42</ele>
      </trkpt>
      <trkpt lat="37.089336" lon="22.174149">
        <ele>318.78</ele>
      </trkpt>
      <trkpt lat="37.089242" lon="22.174205">
        <ele>321.13</ele>
      </trkpt>
      <trkpt lat="37.089162" lon="22.174277">
        <ele>322.21</ele>
      </trkpt>
      <trkpt lat="37.088889" lon="22.174698">
        <ele>323.76</ele>
      </trkpt>
      <trkpt lat="37.088733" lon="22.174917">
        <ele>325.24</ele>
      </trkpt>
      <trkpt lat="37.088618" lon="22.175085">
        <ele>327.73</ele>
      </trkpt>
      <trkpt lat="37.088561" lon="22.175189">
        <ele>328.93</ele>
      </trkpt>
      <trkpt lat="37.088525" lon="22.175291">
        <ele>328.77</ele>
      </trkpt>
      <trkpt lat="37.088456" lon="22.175562">
        <ele>324.82</ele>
      </trkpt>
      <trkpt lat="37.088413" lon="22.175684">
        <ele>323.74</ele>
      </trkpt>
      <trkpt lat="37.088347" lon="22.175801">
        <ele>323.5</ele>
      </trkpt>
      <trkpt lat="37.088271" lon="22.175892">
        <ele>324.06</ele>
      </trkpt>
      <trkpt lat="37.088167" lon="22.175955">
        <ele>327.02</ele>
      </trkpt>
      <trkpt lat="37.087976" lon="22.176047">
        <ele>332.23</ele>
      </trkpt>
      <trkpt lat="37.087855" lon="22.176139">
        <ele>335.64</ele>
      </trkpt>
      <trkpt lat="37.087766" lon="22.176239">
        <ele>337.61</ele>
      </trkpt>
      <trkpt lat="37.087682" lon="22.176351">
        <ele>338.9</ele>
      </trkpt>
      <trkpt lat="37.087607" lon="22.176472">
        <ele>340.31</ele>
      </trkpt>
      <trkpt lat="37.087559" lon="22.176577">
        <ele>340.81</ele>
      </trkpt>
      <trkpt lat="37.087539" lon="22.176692">
        <ele>339.09</ele>
      </trkpt>
      <trkpt lat="37.087524" lon="22.176828">
        <ele>337.41</ele>
      </trkpt>
      <trkpt lat="37.087508" lon="22.177184">
        <ele>333.49</ele>
      </trkpt>
      <trkpt lat="37.087494" lon="22.177321">
        <ele>331.39</ele>
      </trkpt>
      <trkpt lat="37.08745" lon="22.17747">
        <ele>330.03</ele>
      </trkpt>
      <trkpt lat="37.087384" lon="22.177589">
        <ele>329.04</ele>
      </trkpt>
      <trkpt lat="37.087286" lon="22.177672">
        <ele>329.89</ele>
      </trkpt>
      <trkpt lat="37.086908" lon="22.177878">
        <ele>334.86</ele>
      </trkpt>
      <trkpt lat="37.086756" lon="22.177941">
        <ele>336.43</ele>
      </trkpt>
      <trkpt lat="37.086386" lon="22.178037">
        <ele>342.42</ele>
      </trkpt>
      <trkpt lat="37.086227" lon="22.178101">
        <ele>345.88</ele>
      </trkpt>
      <trkpt lat="37.086087" lon="22.178201">
        <ele>347.17</ele>
      </trkpt>
      <trkpt lat="37.085897" lon="22.178407">
        <ele>347.23</ele>
      </trkpt>
      <trkpt lat="37.085741" lon="22.17862">
        <ele>347.42</ele>
      </trkpt>
      <trkpt lat="37.085632" lon="22.178804">
        <ele>347.65</ele>
      </trkpt>
      <trkpt lat="37.085549" lon="22.178999">
        <ele>349.41</ele>
      </trkpt>
      <trkpt lat="37.085509" lon="22.179198">
        <ele>351.31</ele>
      </trkpt>
      <trkpt lat="37.085512" lon="22.179402">
        <ele>353.75</ele>
      </trkpt>
      <trkpt lat="37.085543" lon="22.179586">
        <ele>356.06</ele>
      </trkpt>
      <trkpt lat="37.085616" lon="22.179758">
        <ele>355.27</ele>
      </trkpt>
      <trkpt lat="37.085738" lon="22.17997">
        <ele>352.67</ele>
      </trkpt>
      <trkpt lat="37.086016" lon="22.180339">
        <ele>344.46</ele>
      </trkpt>
      <trkpt lat="37.086063" lon="22.180408">
        <ele>342.88</ele>
      </trkpt>
      <trkpt lat="37.086069" lon="22.180458">
        <ele>342.57</ele>
      </trkpt>
      <trkpt lat="37.086061" lon="22.180508">
        <ele>342.53</ele>
      </trkpt>
      <trkpt lat="37.086036" lon="22.180552">
        <ele>343.32</ele>
      </trkpt>
      <trkpt lat="37.085898" lon="22.180667">
        <ele>348.78</ele>
      </trkpt>
      <trkpt lat="37.085809" lon="22.180755">
        <ele>351.78</ele>
      </trkpt>
      <trkpt lat="37.085656" lon="22.180971">
        <ele>354.77</ele>
      </trkpt>
      <trkpt lat="37.085635" lon="22.181014">
        <ele>355.06</ele>
      </trkpt>
      <trkpt lat="37.085552" lon="22.181181">
        <ele>356.15</ele>
      </trkpt>
      <trkpt lat="37.0855" lon="22.181318">
        <ele>356.76</ele>
      </trkpt>
      <trkpt lat="37.085479" lon="22.181409">
        <ele>357.71</ele>
      </trkpt>
      <trkpt lat="37.085472" lon="22.181515">
        <ele>358.32</ele>
      </trkpt>
      <trkpt lat="37.085487" lon="22.181798">
        <ele>359.72</ele>
      </trkpt>
      <trkpt lat="37.085505" lon="22.182274">
        <ele>364.54</ele>
      </trkpt>
      <trkpt lat="37.085527" lon="22.1825">
        <ele>365.59</ele>
      </trkpt>
      <trkpt lat="37.085589" lon="22.182745">
        <ele>365.92</ele>
      </trkpt>
      <trkpt lat="37.085705" lon="22.183089">
        <ele>366.37</ele>
      </trkpt>
      <trkpt lat="37.085814" lon="22.183359">
        <ele>365.48</ele>
      </trkpt>
      <trkpt lat="37.08583" lon="22.183428">
        <ele>365.97</ele>
      </trkpt>
      <trkpt lat="37.08584" lon="22.183507">
        <ele>367.2</ele>
      </trkpt>
      <trkpt lat="37.085816" lon="22.18385">
        <ele>373.99</ele>
      </trkpt>
      <trkpt lat="37.085815" lon="22.183968">
        <ele>374.85</ele>
      </trkpt>
      <trkpt lat="37.085826" lon="22.184073">
        <ele>374.91</ele>
      </trkpt>
      <trkpt lat="37.085885" lon="22.184336">
        <ele>372.69</ele>
      </trkpt>
      <trkpt lat="37.085888" lon="22.184444">
        <ele>372</ele>
      </trkpt>
      <trkpt lat="37.085872" lon="22.184558">
        <ele>372.31</ele>
      </trkpt>
      <trkpt lat="37.085827" lon="22.184667">
        <ele>374.24</ele>
      </trkpt>
      <trkpt lat="37.085707" lon="22.184879">
        <ele>376.93</ele>
      </trkpt>
      <trkpt lat="37.085581" lon="22.185074">
        <ele>377.64</ele>
      </trkpt>
      <trkpt lat="37.085521" lon="22.18515">
        <ele>377.69</ele>
      </trkpt>
      <trkpt lat="37.085339" lon="22.185315">
        <ele>381.29</ele>
      </trkpt>
      <trkpt lat="37.085277" lon="22.185387">
        <ele>383.05</ele>
      </trkpt>
      <trkpt lat="37.085245" lon="22.185461">
        <ele>383.83</ele>
      </trkpt>
      <trkpt lat="37.085227" lon="22.185557">
        <ele>384.09</ele>
      </trkpt>
      <trkpt lat="37.08523" lon="22.185647">
        <ele>383.3</ele>
      </trkpt>
      <trkpt lat="37.085249" lon="22.185755">
        <ele>381.44</ele>
      </trkpt>
      <trkpt lat="37.085256" lon="22.185864">
        <ele>380.3</ele>
      </trkpt>
      <trkpt lat="37.085251" lon="22.185971">
        <ele>379.59</ele>
      </trkpt>
      <trkpt lat="37.085217" lon="22.186076">
        <ele>379.99</ele>
      </trkpt>
      <trkpt lat="37.085123" lon="22.186212">
        <ele>382.36</ele>
      </trkpt>
      <trkpt lat="37.08485" lon="22.186502">
        <ele>388.48</ele>
      </trkpt>
      <trkpt lat="37.084797" lon="22.186576">
        <ele>389.42</ele>
      </trkpt>
      <trkpt lat="37.084764" lon="22.186677">
        <ele>389.18</ele>
      </trkpt>
      <trkpt lat="37.084742" lon="22.186812">
        <ele>388.28</ele>
      </trkpt>
      <trkpt lat="37.084714" lon="22.186922">
        <ele>388.46</ele>
      </trkpt>
      <trkpt lat="37.084658" lon="22.187033">
        <ele>390.4</ele>
      </trkpt>
      <trkpt lat="37.084596" lon="22.187124">
        <ele>392.54</ele>
      </trkpt>
      <trkpt lat="37.08456" lon="22.187198">
        <ele>393.31</ele>
      </trkpt>
      <trkpt lat="37.084491" lon="22.187481">
        <ele>392.96</ele>
      </trkpt>
      <trkpt lat="37.084455" lon="22.187574">
        <ele>393.46</ele>
      </trkpt>
      <trkpt lat="37.084352" lon="22.187766">
        <ele>397.16</ele>
      </trkpt>
      <trkpt lat="37.084326" lon="22.187859">
        <ele>397.72</ele>
      </trkpt>
      <trkpt lat="37.084314" lon="22.187981">
        <ele>397.27</ele>
      </trkpt>
      <trkpt lat="37.084327" lon="22.188306">
        <ele>395.9</ele>
      </trkpt>
      <trkpt lat="37.084319" lon="22.188483">
        <ele>395.52</ele>
      </trkpt>
      <trkpt lat="37.084304" lon="22.188547">
        <ele>395.84</ele>
      </trkpt>
      <trkpt lat="37.084236" lon="22.188682">
        <ele>397.34</ele>
      </trkpt>
      <trkpt lat="37.083999" lon="22.188984">
        <ele>401.82</ele>
      </trkpt>
      <trkpt lat="37.083969" lon="22.189037">
        <ele>402.13</ele>
      </trkpt>
      <trkpt lat="37.083945" lon="22.189163">
        <ele>401.71</ele>
      </trkpt>
      <trkpt lat="37.083949" lon="22.189292">
        <ele>401.63</ele>
      </trkpt>
      <trkpt lat="37.083966" lon="22.189375">
        <ele>401.39</ele>
      </trkpt>
      <trkpt lat="37.084012" lon="22.18946">
        <ele>400.85</ele>
      </trkpt>
      <trkpt lat="37.084103" lon="22.189591">
        <ele>398.84</ele>
      </trkpt>
      <trkpt lat="37.084123" lon="22.189636">
        <ele>398.46</ele>
      </trkpt>
      <trkpt lat="37.084133" lon="22.189692">
        <ele>398.71</ele>
      </trkpt>
      <trkpt lat="37.08411" lon="22.189881">
        <ele>401.04</ele>
      </trkpt>
      <trkpt lat="37.08407" lon="22.190131">
        <ele>399.72</ele>
      </trkpt>
      <trkpt lat="37.08404" lon="22.190227">
        <ele>397.94</ele>
      </trkpt>
      <trkpt lat="37.08398" lon="22.190287">
        <ele>398.03</ele>
      </trkpt>
      <trkpt lat="37.083896" lon="22.190291">
        <ele>400.26</ele>
      </trkpt>
      <trkpt lat="37.083733" lon="22.190243">
        <ele>405.98</ele>
      </trkpt>
      <trkpt lat="37.083683" lon="22.190248">
        <ele>406.94</ele>
      </trkpt>
      <trkpt lat="37.083651" lon="22.190274">
        <ele>406.91</ele>
      </trkpt>
      <trkpt lat="37.083626" lon="22.190321">
        <ele>406.34</ele>
      </trkpt>
      <trkpt lat="37.083622" lon="22.190393">
        <ele>404.48</ele>
      </trkpt>
      <trkpt lat="37.083667" lon="22.190621">
        <ele>402.78</ele>
      </trkpt>
      <trkpt lat="37.08367" lon="22.190764">
        <ele>403.77</ele>
      </trkpt>
      <trkpt lat="37.083684" lon="22.190836">
        <ele>404.81</ele>
      </trkpt>
      <trkpt lat="37.083715" lon="22.190903">
        <ele>404.95</ele>
      </trkpt>
      <trkpt lat="37.083791" lon="22.190993">
        <ele>404.12</ele>
      </trkpt>
      <trkpt lat="37.083858" lon="22.191094">
        <ele>404.12</ele>
      </trkpt>
      <trkpt lat="37.083937" lon="22.191253">
        <ele>405.16</ele>
      </trkpt>
      <trkpt lat="37.083982" lon="22.191382">
        <ele>405.33</ele>
      </trkpt>
      <trkpt lat="37.083988" lon="22.19145">
        <ele>406.28</ele>
      </trkpt>
      <trkpt lat="37.083965" lon="22.191696">
        <ele>411.34</ele>
      </trkpt>
      <trkpt lat="37.083965" lon="22.191803">
        <ele>412.69</ele>
      </trkpt>
      <trkpt lat="37.083981" lon="22.191897">
        <ele>412.94</ele>
      </trkpt>
      <trkpt lat="37.08402" lon="22.192003">
        <ele>411.76</ele>
      </trkpt>
      <trkpt lat="37.084091" lon="22.192245">
        <ele>412.52</ele>
      </trkpt>
      <trkpt lat="37.084117" lon="22.19237">
        <ele>413.86</ele>
      </trkpt>
      <trkpt lat="37.084141" lon="22.192564">
        <ele>415.83</ele>
      </trkpt>
      <trkpt lat="37.084159" lon="22.192773">
        <ele>415.76</ele>
      </trkpt>
      <trkpt lat="37.084173" lon="22.192939">
        <ele>413.16</ele>
      </trkpt>
      <trkpt lat="37.084169" lon="22.193003">
        <ele>412.23</ele>
      </trkpt>
      <trkpt lat="37.084145" lon="22.193068">
        <ele>411.61</ele>
      </trkpt>
      <trkpt lat="37.084106" lon="22.193107">
        <ele>412.12</ele>
      </trkpt>
      <trkpt lat="37.08378" lon="22.193168">
        <ele>421.94</ele>
      </trkpt>
      <trkpt lat="37.083675" lon="22.193204">
        <ele>424.31</ele>
      </trkpt>
      <trkpt lat="37.083572" lon="22.193268">
        <ele>426.09</ele>
      </trkpt>
      <trkpt lat="37.083475" lon="22.193352">
        <ele>427.17</ele>
      </trkpt>
      <trkpt lat="37.083401" lon="22.193455">
        <ele>427.38</ele>
      </trkpt>
      <trkpt lat="37.083384" lon="22.193515">
        <ele>426.66</ele>
      </trkpt>
      <trkpt lat="37.083388" lon="22.193577">
        <ele>425.82</ele>
      </trkpt>
      <trkpt lat="37.083405" lon="22.193626">
        <ele>424.72</ele>
      </trkpt>
      <trkpt lat="37.083457" lon="22.19369">
        <ele>423.15</ele>
      </trkpt>
      <trkpt lat="37.08356" lon="22.193808">
        <ele>422.57</ele>
      </trkpt>
      <trkpt lat="37.083801" lon="22.194048">
        <ele>422.91</ele>
      </trkpt>
      <trkpt lat="37.083832" lon="22.19409">
        <ele>423.22</ele>
      </trkpt>
      <trkpt lat="37.083857" lon="22.194143">
        <ele>424.01</ele>
      </trkpt>
      <trkpt lat="37.083918" lon="22.194321">
        <ele>426.45</ele>
      </trkpt>
      <trkpt lat="37.083935" lon="22.1944">
        <ele>427.38</ele>
      </trkpt>
      <trkpt lat="37.083947" lon="22.194456">
        <ele>428.03</ele>
      </trkpt>
      <trkpt lat="37.083963" lon="22.194671">
        <ele>431.94</ele>
      </trkpt>
      <trkpt lat="37.08398" lon="22.194769">
        <ele>432.74</ele>
      </trkpt>
      <trkpt lat="37.084082" lon="22.19507">
        <ele>430.08</ele>
      </trkpt>
      <trkpt lat="37.084099" lon="22.195144">
        <ele>429.32</ele>
      </trkpt>
      <trkpt lat="37.084102" lon="22.195193">
        <ele>429.33</ele>
      </trkpt>
      <trkpt lat="37.084088" lon="22.195235">
        <ele>429.78</ele>
      </trkpt>
      <trkpt lat="37.084067" lon="22.195266">
        <ele>430.13</ele>
      </trkpt>
      <trkpt lat="37.084034" lon="22.195296">
        <ele>430.97</ele>
      </trkpt>
      <trkpt lat="37.083962" lon="22.195334">
        <ele>433.06</ele>
      </trkpt>
      <trkpt lat="37.083801" lon="22.195374">
        <ele>438.27</ele>
      </trkpt>
      <trkpt lat="37.083741" lon="22.195406">
        <ele>439.74</ele>
      </trkpt>
      <trkpt lat="37.083679" lon="22.195475">
        <ele>440.04</ele>
      </trkpt>
      <trkpt lat="37.083484" lon="22.195783">
        <ele>439.02</ele>
      </trkpt>
      <trkpt lat="37.083253" lon="22.196031">
        <ele>442.01</ele>
      </trkpt>
      <trkpt lat="37.083086" lon="22.196192">
        <ele>445.16</ele>
      </trkpt>
      <trkpt lat="37.083046" lon="22.196242">
        <ele>445.45</ele>
      </trkpt>
      <trkpt lat="37.083024" lon="22.196298">
        <ele>445.65</ele>
      </trkpt>
      <trkpt lat="37.08302" lon="22.196355">
        <ele>445.38</ele>
      </trkpt>
      <trkpt lat="37.083038" lon="22.196456">
        <ele>445.02</ele>
      </trkpt>
      <trkpt lat="37.083057" lon="22.196496">
        <ele>445.42</ele>
      </trkpt>
      <trkpt lat="37.083106" lon="22.196524">
        <ele>445.29</ele>
      </trkpt>
      <trkpt lat="37.083164" lon="22.196544">
        <ele>445.5</ele>
      </trkpt>
      <trkpt lat="37.083367" lon="22.196548">
        <ele>445.03</ele>
      </trkpt>
      <trkpt lat="37.083574" lon="22.196538">
        <ele>442.76</ele>
      </trkpt>
      <trkpt lat="37.083663" lon="22.196546">
        <ele>441.75</ele>
      </trkpt>
      <trkpt lat="37.08376" lon="22.196579">
        <ele>441.04</ele>
      </trkpt>
      <trkpt lat="37.083794" lon="22.196622">
        <ele>441.47</ele>
      </trkpt>
      <trkpt lat="37.083803" lon="22.196677">
        <ele>442.37</ele>
      </trkpt>
      <trkpt lat="37.083787" lon="22.196799">
        <ele>445.74</ele>
      </trkpt>
      <trkpt lat="37.083756" lon="22.196925">
        <ele>449.75</ele>
      </trkpt>
      <trkpt lat="37.083737" lon="22.197073">
        <ele>452.03</ele>
      </trkpt>
      <trkpt lat="37.083674" lon="22.197586">
        <ele>453.86</ele>
      </trkpt>
      <trkpt lat="37.083635" lon="22.197755">
        <ele>455.84</ele>
      </trkpt>
      <trkpt lat="37.083621" lon="22.198005">
        <ele>455.94</ele>
      </trkpt>
      <trkpt lat="37.083642" lon="22.198252">
        <ele>454.68</ele>
      </trkpt>
      <trkpt lat="37.08363" lon="22.198383">
        <ele>456.06</ele>
      </trkpt>
      <trkpt lat="37.083528" lon="22.198856">
        <ele>460.71</ele>
      </trkpt>
      <trkpt lat="37.083442" lon="22.199067">
        <ele>464.24</ele>
      </trkpt>
      <trkpt lat="37.083427" lon="22.199131">
        <ele>465.05</ele>
      </trkpt>
      <trkpt lat="37.083434" lon="22.199283">
        <ele>465.31</ele>
      </trkpt>
      <trkpt lat="37.083467" lon="22.199383">
        <ele>464.52</ele>
      </trkpt>
      <trkpt lat="37.08354" lon="22.199542">
        <ele>462.97</ele>
      </trkpt>
      <trkpt lat="37.083565" lon="22.199621">
        <ele>462.95</ele>
      </trkpt>
      <trkpt lat="37.083579" lon="22.199711">
        <ele>463.66</ele>
      </trkpt>
      <trkpt lat="37.083564" lon="22.199854">
        <ele>466.42</ele>
      </trkpt>
      <trkpt lat="37.08356" lon="22.199971">
        <ele>467.9</ele>
      </trkpt>
      <trkpt lat="37.083564" lon="22.200071">
        <ele>468.4</ele>
      </trkpt>
      <trkpt lat="37.083586" lon="22.200283">
        <ele>467.48</ele>
      </trkpt>
      <trkpt lat="37.083584" lon="22.200354">
        <ele>467.57</ele>
      </trkpt>
      <trkpt lat="37.083529" lon="22.200598">
        <ele>470.85</ele>
      </trkpt>
      <trkpt lat="37.083507" lon="22.200797">
        <ele>470.84</ele>
      </trkpt>
      <trkpt lat="37.083486" lon="22.200914">
        <ele>471.04</ele>
      </trkpt>
      <trkpt lat="37.083413" lon="22.201119">
        <ele>474.25</ele>
      </trkpt>
      <trkpt lat="37.083398" lon="22.201195">
        <ele>474.91</ele>
      </trkpt>
      <trkpt lat="37.083407" lon="22.201584">
        <ele>475.01</ele>
      </trkpt>
      <trkpt lat="37.083396" lon="22.201673">
        <ele>475.73</ele>
      </trkpt>
      <trkpt lat="37.083376" lon="22.201746">
        <ele>477.3</ele>
      </trkpt>
      <trkpt lat="37.083346" lon="22.201819">
        <ele>478.62</ele>
      </trkpt>
      <trkpt lat="37.083252" lon="22.202">
        <ele>483.41</ele>
      </trkpt>
      <trkpt lat="37.083236" lon="22.202066">
        <ele>483.89</ele>
      </trkpt>
      <trkpt lat="37.083225" lon="22.202164">
        <ele>483.94</ele>
      </trkpt>
      <trkpt lat="37.083221" lon="22.202455">
        <ele>482.04</ele>
      </trkpt>
      <trkpt lat="37.083211" lon="22.202479">
        <ele>482.06</ele>
      </trkpt>
      <trkpt lat="37.083056" lon="22.202634">
        <ele>487.6</ele>
      </trkpt>
      <trkpt lat="37.082759" lon="22.203">
        <ele>495.17</ele>
      </trkpt>
      <trkpt lat="37.08264" lon="22.203244">
        <ele>495.69</ele>
      </trkpt>
      <trkpt lat="37.082588" lon="22.203417">
        <ele>495.61</ele>
      </trkpt>
      <trkpt lat="37.082537" lon="22.203678">
        <ele>494.19</ele>
      </trkpt>
      <trkpt lat="37.08247" lon="22.203942">
        <ele>493.39</ele>
      </trkpt>
      <trkpt lat="37.082448" lon="22.203983">
        <ele>493.56</ele>
      </trkpt>
      <trkpt lat="37.082417" lon="22.204016">
        <ele>494.3</ele>
      </trkpt>
      <trkpt lat="37.08221" lon="22.204127">
        <ele>501.37</ele>
      </trkpt>
      <trkpt lat="37.082149" lon="22.204177">
        <ele>503.22</ele>
      </trkpt>
      <trkpt lat="37.082091" lon="22.20426">
        <ele>503.84</ele>
      </trkpt>
      <trkpt lat="37.08203" lon="22.20439">
        <ele>503.48</ele>
      </trkpt>
      <trkpt lat="37.081926" lon="22.204681">
        <ele>499.7</ele>
      </trkpt>
      <trkpt lat="37.081891" lon="22.204742">
        <ele>499.03</ele>
      </trkpt>
      <trkpt lat="37.081865" lon="22.204771">
        <ele>498.98</ele>
      </trkpt>
      <trkpt lat="37.081823" lon="22.204802">
        <ele>499.15</ele>
      </trkpt>
      <trkpt lat="37.081771" lon="22.204822">
        <ele>500.16</ele>
      </trkpt>
      <trkpt lat="37.081616" lon="22.204848">
        <ele>502.84</ele>
      </trkpt>
      <trkpt lat="37.081538" lon="22.204879">
        <ele>502.45</ele>
      </trkpt>
      <trkpt lat="37.081451" lon="22.204895">
        <ele>502.88</ele>
      </trkpt>
      <trkpt lat="37.081238" lon="22.20484">
        <ele>507.88</ele>
      </trkpt>
      <trkpt lat="37.08117" lon="22.204837">
        <ele>509.21</ele>
      </trkpt>
      <trkpt lat="37.081114" lon="22.20485">
        <ele>510.69</ele>
      </trkpt>
      <trkpt lat="37.081068" lon="22.204885">
        <ele>510.93</ele>
      </trkpt>
      <trkpt lat="37.080932" lon="22.205108">
        <ele>509</ele>
      </trkpt>
      <trkpt lat="37.08088" lon="22.205166">
        <ele>508.74</ele>
      </trkpt>
      <trkpt lat="37.080733" lon="22.205241">
        <ele>510.51</ele>
      </trkpt>
      <trkpt lat="37.080514" lon="22.205286">
        <ele>511.19</ele>
      </trkpt>
      <trkpt lat="37.080435" lon="22.205281">
        <ele>511.38</ele>
      </trkpt>
      <trkpt lat="37.080378" lon="22.20526">
        <ele>512.39</ele>
      </trkpt>
      <trkpt lat="37.080305" lon="22.20521">
        <ele>514.49</ele>
      </trkpt>
      <trkpt lat="37.080171" lon="22.205073">
        <ele>519.53</ele>
      </trkpt>
      <trkpt lat="37.080032" lon="22.204987">
        <ele>521.39</ele>
      </trkpt>
      <trkpt lat="37.079959" lon="22.204963">
        <ele>521.63</ele>
      </trkpt>
      <trkpt lat="37.079798" lon="22.204962">
        <ele>523.2</ele>
      </trkpt>
      <trkpt lat="37.079727" lon="22.204976">
        <ele>524.71</ele>
      </trkpt>
      <trkpt lat="37.079672" lon="22.205007">
        <ele>525.54</ele>
      </trkpt>
      <trkpt lat="37.07963" lon="22.205064">
        <ele>526.22</ele>
      </trkpt>
      <trkpt lat="37.079593" lon="22.205177">
        <ele>526.11</ele>
      </trkpt>
      <trkpt lat="37.079523" lon="22.205654">
        <ele>524.66</ele>
      </trkpt>
      <trkpt lat="37.079494" lon="22.20575">
        <ele>524.93</ele>
      </trkpt>
      <trkpt lat="37.079457" lon="22.205821">
        <ele>525.41</ele>
      </trkpt>
      <trkpt lat="37.079397" lon="22.205881">
        <ele>527.28</ele>
      </trkpt>
      <trkpt lat="37.079217" lon="22.205998">
        <ele>531.68</ele>
      </trkpt>
      <trkpt lat="37.079094" lon="22.206102">
        <ele>533.23</ele>
      </trkpt>
      <trkpt lat="37.078965" lon="22.206231">
        <ele>533.66</ele>
      </trkpt>
      <trkpt lat="37.078758" lon="22.206452">
        <ele>535.04</ele>
      </trkpt>
      <trkpt lat="37.078647" lon="22.206596">
        <ele>535.05</ele>
      </trkpt>
      <trkpt lat="37.078565" lon="22.206723">
        <ele>535.56</ele>
      </trkpt>
      <trkpt lat="37.078436" lon="22.206961">
        <ele>536</ele>
      </trkpt>
      <trkpt lat="37.078291" lon="22.207329">
        <ele>534.5</ele>
      </trkpt>
      <trkpt lat="37.078246" lon="22.207407">
        <ele>533.61</ele>
      </trkpt>
      <trkpt lat="37.078219" lon="22.207415">
        <ele>534.11</ele>
      </trkpt>
      <trkpt lat="37.078188" lon="22.20741">
        <ele>535.33</ele>
      </trkpt>
      <trkpt lat="37.078168" lon="22.207392">
        <ele>536.8</ele>
      </trkpt>
      <trkpt lat="37.07816" lon="22.207316">
        <ele>540.57</ele>
      </trkpt>
      <trkpt lat="37.078183" lon="22.207257">
        <ele>542.22</ele>
      </trkpt>
      <trkpt lat="37.078261" lon="22.207105">
        <ele>542.91</ele>
      </trkpt>
      <trkpt lat="37.078416" lon="22.206589">
        <ele>549.86</ele>
      </trkpt>
      <trkpt lat="37.078462" lon="22.206471">
        <ele>551.78</ele>
      </trkpt>
      <trkpt lat="37.078508" lon="22.206382">
        <ele>552.8</ele>
      </trkpt>
      <trkpt lat="37.078766" lon="22.206039">
        <ele>553.85</ele>
      </trkpt>
      <trkpt lat="37.078926" lon="22.205864">
        <ele>554.07</ele>
      </trkpt>
      <trkpt lat="37.079085" lon="22.205689">
        <ele>551.94</ele>
      </trkpt>
      <trkpt lat="37.079148" lon="22.20555">
        <ele>551.36</ele>
      </trkpt>
      <trkpt lat="37.079161" lon="22.20545">
        <ele>551.36</ele>
      </trkpt>
      <trkpt lat="37.079159" lon="22.205308">
        <ele>552.05</ele>
      </trkpt>
      <trkpt lat="37.07906" lon="22.204943">
        <ele>556.64</ele>
      </trkpt>
      <trkpt lat="37.079043" lon="22.204857">
        <ele>557.22</ele>
      </trkpt>
      <trkpt lat="37.079029" lon="22.20461">
        <ele>558.63</ele>
      </trkpt>
      <trkpt lat="37.079012" lon="22.204555">
        <ele>559.72</ele>
      </trkpt>
      <trkpt lat="37.07899" lon="22.20453">
        <ele>560.83</ele>
      </trkpt>
      <trkpt lat="37.07896" lon="22.204522">
        <ele>561.99</ele>
      </trkpt>
      <trkpt lat="37.078935" lon="22.204535">
        <ele>562.86</ele>
      </trkpt>
      <trkpt lat="37.078909" lon="22.20457">
        <ele>563.75</ele>
      </trkpt>
      <trkpt lat="37.078888" lon="22.204762">
        <ele>564.42</ele>
      </trkpt>
      <trkpt lat="37.078884" lon="22.204962">
        <ele>565.04</ele>
      </trkpt>
      <trkpt lat="37.07892" lon="22.205291">
        <ele>565.04</ele>
      </trkpt>
      <trkpt lat="37.078919" lon="22.205393">
        <ele>565.4</ele>
      </trkpt>
      <trkpt lat="37.078909" lon="22.205485">
        <ele>565.39</ele>
      </trkpt>
      <trkpt lat="37.078858" lon="22.205582">
        <ele>566.69</ele>
      </trkpt>
      <trkpt lat="37.078807" lon="22.205649">
        <ele>567.76</ele>
      </trkpt>
      <trkpt lat="37.078694" lon="22.205755">
        <ele>570.31</ele>
      </trkpt>
      <trkpt lat="37.078466" lon="22.205935">
        <ele>574.54</ele>
      </trkpt>
      <trkpt lat="37.078333" lon="22.206062">
        <ele>575.45</ele>
      </trkpt>
      <trkpt lat="37.078199" lon="22.20621">
        <ele>576.05</ele>
      </trkpt>
      <trkpt lat="37.078041" lon="22.206431">
        <ele>575.04</ele>
      </trkpt>
      <trkpt lat="37.077906" lon="22.20662">
        <ele>574.19</ele>
      </trkpt>
      <trkpt lat="37.077881" lon="22.206645">
        <ele>574.01</ele>
      </trkpt>
      <trkpt lat="37.077841" lon="22.206663">
        <ele>573.91</ele>
      </trkpt>
      <trkpt lat="37.077747" lon="22.206641">
        <ele>575.6</ele>
      </trkpt>
      <trkpt lat="37.077646" lon="22.206569">
        <ele>578.16</ele>
      </trkpt>
      <trkpt lat="37.077519" lon="22.20651">
        <ele>580.46</ele>
      </trkpt>
      <trkpt lat="37.077072" lon="22.206397">
        <ele>585.28</ele>
      </trkpt>
      <trkpt lat="37.076447" lon="22.206278">
        <ele>592.43</ele>
      </trkpt>
      <trkpt lat="37.076099" lon="22.206223">
        <ele>598.41</ele>
      </trkpt>
      <trkpt lat="37.076026" lon="22.206234">
        <ele>600.29</ele>
      </trkpt>
      <trkpt lat="37.075971" lon="22.206289">
        <ele>601.61</ele>
      </trkpt>
      <trkpt lat="37.075947" lon="22.206375">
        <ele>602.41</ele>
      </trkpt>
      <trkpt lat="37.075955" lon="22.206454">
        <ele>602.25</ele>
      </trkpt>
      <trkpt lat="37.076035" lon="22.206745">
        <ele>600.25</ele>
      </trkpt>
      <trkpt lat="37.076107" lon="22.20688">
        <ele>598.14</ele>
      </trkpt>
      <trkpt lat="37.076285" lon="22.207154">
        <ele>595.56</ele>
      </trkpt>
      <trkpt lat="37.076359" lon="22.207311">
        <ele>596.24</ele>
      </trkpt>
      <trkpt lat="37.076576" lon="22.207855">
        <ele>597.93</ele>
      </trkpt>
      <trkpt lat="37.076618" lon="22.207987">
        <ele>597.13</ele>
      </trkpt>
      <trkpt lat="37.076626" lon="22.208153">
        <ele>598.17</ele>
      </trkpt>
      <trkpt lat="37.076605" lon="22.208388">
        <ele>600.46</ele>
      </trkpt>
      <trkpt lat="37.076577" lon="22.208594">
        <ele>602.36</ele>
      </trkpt>
      <trkpt lat="37.076494" lon="22.20884">
        <ele>605.71</ele>
      </trkpt>
      <trkpt lat="37.076466" lon="22.208984">
        <ele>605.9</ele>
      </trkpt>
      <trkpt lat="37.076439" lon="22.20918">
        <ele>606.15</ele>
      </trkpt>
      <trkpt lat="37.076415" lon="22.209283">
        <ele>606.26</ele>
      </trkpt>
      <trkpt lat="37.076361" lon="22.209416">
        <ele>607.12</ele>
      </trkpt>
      <trkpt lat="37.076282" lon="22.209518">
        <ele>608.6</ele>
      </trkpt>
      <trkpt lat="37.076231" lon="22.209608">
        <ele>609.22</ele>
      </trkpt>
      <trkpt lat="37.076121" lon="22.209865">
        <ele>609.07</ele>
      </trkpt>
      <trkpt lat="37.07598" lon="22.210009">
        <ele>612.59</ele>
      </trkpt>
      <trkpt lat="37.075917" lon="22.210091">
        <ele>614.31</ele>
      </trkpt>
      <trkpt lat="37.075852" lon="22.21021">
        <ele>615.43</ele>
      </trkpt>
      <trkpt lat="37.075773" lon="22.210415">
        <ele>614.87</ele>
      </trkpt>
      <trkpt lat="37.075702" lon="22.210555">
        <ele>615.08</ele>
      </trkpt>
      <trkpt lat="37.075593" lon="22.210724">
        <ele>615.92</ele>
      </trkpt>
      <trkpt lat="37.075454" lon="22.210909">
        <ele>617.7</ele>
      </trkpt>
      <trkpt lat="37.07527" lon="22.211207">
        <ele>618.73</ele>
      </trkpt>
      <trkpt lat="37.075156" lon="22.211372">
        <ele>619.9</ele>
      </trkpt>
      <trkpt lat="37.075072" lon="22.211524">
        <ele>620.77</ele>
      </trkpt>
      <trkpt lat="37.074974" lon="22.21175">
        <ele>621.99</ele>
      </trkpt>
      <trkpt lat="37.074897" lon="22.211851">
        <ele>623.01</ele>
      </trkpt>
      <trkpt lat="37.074826" lon="22.211893">
        <ele>624.22</ele>
      </trkpt>
      <trkpt lat="37.074618" lon="22.21196">
        <ele>627.83</ele>
      </trkpt>
      <trkpt lat="37.074387" lon="22.212034">
        <ele>627.99</ele>
      </trkpt>
      <trkpt lat="37.074281" lon="22.212041">
        <ele>628.07</ele>
      </trkpt>
      <trkpt lat="37.074236" lon="22.212021">
        <ele>628.73</ele>
      </trkpt>
      <trkpt lat="37.074203" lon="22.211984">
        <ele>629.56</ele>
      </trkpt>
      <trkpt lat="37.074033" lon="22.211591">
        <ele>636.61</ele>
      </trkpt>
      <trkpt lat="37.074008" lon="22.211582">
        <ele>636.95</ele>
      </trkpt>
      <trkpt lat="37.073973" lon="22.211585">
        <ele>637.2</ele>
      </trkpt>
      <trkpt lat="37.073919" lon="22.21162">
        <ele>637.24</ele>
      </trkpt>
      <trkpt lat="37.0739" lon="22.211658">
        <ele>637.23</ele>
      </trkpt>
      <trkpt lat="37.073784" lon="22.212135">
        <ele>636.29</ele>
      </trkpt>
      <trkpt lat="37.073788" lon="22.212206">
        <ele>635.76</ele>
      </trkpt>
      <trkpt lat="37.073817" lon="22.212294">
        <ele>634.42</ele>
      </trkpt>
      <trkpt lat="37.073925" lon="22.212494">
        <ele>630.5</ele>
      </trkpt>
      <trkpt lat="37.073958" lon="22.212619">
        <ele>629.31</ele>
      </trkpt>
      <trkpt lat="37.07395" lon="22.212716">
        <ele>629.6</ele>
      </trkpt>
      <trkpt lat="37.073932" lon="22.212776">
        <ele>630.09</ele>
      </trkpt>
      <trkpt lat="37.073867" lon="22.212897">
        <ele>630.51</ele>
      </trkpt>
      <trkpt lat="37.073825" lon="22.212928">
        <ele>631.01</ele>
      </trkpt>
      <trkpt lat="37.073707" lon="22.21298">
        <ele>632.45</ele>
      </trkpt>
      <trkpt lat="37.073568" lon="22.213002">
        <ele>635.12</ele>
      </trkpt>
      <trkpt lat="37.073435" lon="22.212994">
        <ele>638.39</ele>
      </trkpt>
      <trkpt lat="37.073311" lon="22.212955">
        <ele>642.08</ele>
      </trkpt>
      <trkpt lat="37.073209" lon="22.21295">
        <ele>643.76</ele>
      </trkpt>
      <trkpt lat="37.073175" lon="22.212964">
        <ele>643.71</ele>
      </trkpt>
      <trkpt lat="37.073103" lon="22.213042">
        <ele>641.56</ele>
      </trkpt>
      <trkpt lat="37.073038" lon="22.213082">
        <ele>640.44</ele>
      </trkpt>
      <trkpt lat="37.072958" lon="22.213104">
        <ele>640.15</ele>
      </trkpt>
      <trkpt lat="37.072912" lon="22.213104">
        <ele>640.18</ele>
      </trkpt>
      <trkpt lat="37.072849" lon="22.213084">
        <ele>640.99</ele>
      </trkpt>
      <trkpt lat="37.072769" lon="22.21299">
        <ele>644.49</ele>
      </trkpt>
      <trkpt lat="37.072637" lon="22.212856">
        <ele>648.98</ele>
      </trkpt>
      <trkpt lat="37.072575" lon="22.21284">
        <ele>649.19</ele>
      </trkpt>
      <trkpt lat="37.072452" lon="22.212844">
        <ele>648.42</ele>
      </trkpt>
      <trkpt lat="37.072176" lon="22.212821">
        <ele>648.35</ele>
      </trkpt>
      <trkpt lat="37.071957" lon="22.212794">
        <ele>649.82</ele>
      </trkpt>
      <trkpt lat="37.071881" lon="22.212809">
        <ele>650.75</ele>
      </trkpt>
      <trkpt lat="37.071846" lon="22.212844">
        <ele>650.79</ele>
      </trkpt>
      <trkpt lat="37.071827" lon="22.212906">
        <ele>650.27</ele>
      </trkpt>
      <trkpt lat="37.071845" lon="22.213048">
        <ele>648.66</ele>
      </trkpt>
      <trkpt lat="37.072041" lon="22.213677">
        <ele>641.68</ele>
      </trkpt>
      <trkpt lat="37.072066" lon="22.213787">
        <ele>640.14</ele>
      </trkpt>
      <trkpt lat="37.072091" lon="22.213944">
        <ele>638.22</ele>
      </trkpt>
      <trkpt lat="37.072108" lon="22.214158">
        <ele>636.77</ele>
      </trkpt>
      <trkpt lat="37.072099" lon="22.214344">
        <ele>635.04</ele>
      </trkpt>
      <trkpt lat="37.072079" lon="22.214408">
        <ele>635.18</ele>
      </trkpt>
      <trkpt lat="37.071972" lon="22.214611">
        <ele>635.84</ele>
      </trkpt>
      <trkpt lat="37.071911" lon="22.214746">
        <ele>635.38</ele>
      </trkpt>
      <trkpt lat="37.071842" lon="22.214941">
        <ele>633.79</ele>
      </trkpt>
      <trkpt lat="37.071621" lon="22.215443">
        <ele>631.01</ele>
      </trkpt>
      <trkpt lat="37.071604" lon="22.215469">
        <ele>631.11</ele>
      </trkpt>
      <trkpt lat="37.071538" lon="22.215567">
        <ele>631.51</ele>
      </trkpt>
      <trkpt lat="37.071258" lon="22.215778">
        <ele>637.31</ele>
      </trkpt>
      <trkpt lat="37.071237" lon="22.215805">
        <ele>637.61</ele>
      </trkpt>
      <trkpt lat="37.071227" lon="22.215837">
        <ele>637.52</ele>
      </trkpt>
      <trkpt lat="37.071229" lon="22.21587">
        <ele>637.23</ele>
      </trkpt>
      <trkpt lat="37.071253" lon="22.215911">
        <ele>636.86</ele>
      </trkpt>
      <trkpt lat="37.07132" lon="22.215982">
        <ele>636.06</ele>
      </trkpt>
      <trkpt lat="37.071492" lon="22.216107">
        <ele>635.06</ele>
      </trkpt>
      <trkpt lat="37.071613" lon="22.216171">
        <ele>634.54</ele>
      </trkpt>
      <trkpt lat="37.071755" lon="22.216224">
        <ele>634.13</ele>
      </trkpt>
      <trkpt lat="37.071838" lon="22.216229">
        <ele>633.19</ele>
      </trkpt>
      <trkpt lat="37.072036" lon="22.216196">
        <ele>631.69</ele>
      </trkpt>
      <trkpt lat="37.072225" lon="22.216187">
        <ele>632.12</ele>
      </trkpt>
      <trkpt lat="37.072457" lon="22.216213">
        <ele>633.3</ele>
      </trkpt>
      <trkpt lat="37.072703" lon="22.216201">
        <ele>631.7</ele>
      </trkpt>
      <trkpt lat="37.072794" lon="22.21622">
        <ele>631.59</ele>
      </trkpt>
      <trkpt lat="37.072874" lon="22.216259">
        <ele>631.82</ele>
      </trkpt>
      <trkpt lat="37.073076" lon="22.216442">
        <ele>634.13</ele>
      </trkpt>
      <trkpt lat="37.073151" lon="22.216498">
        <ele>634.16</ele>
      </trkpt>
      <trkpt lat="37.073411" lon="22.216625">
        <ele>630.57</ele>
      </trkpt>
      <trkpt lat="37.073483" lon="22.216671">
        <ele>629.58</ele>
      </trkpt>
      <trkpt lat="37.073636" lon="22.216824">
        <ele>628.23</ele>
      </trkpt>
      <trkpt lat="37.073677" lon="22.21689">
        <ele>627.79</ele>
      </trkpt>
      <trkpt lat="37.073729" lon="22.217009">
        <ele>627</ele>
      </trkpt>
      <trkpt lat="37.073776" lon="22.217246">
        <ele>625.89</ele>
      </trkpt>
      <trkpt lat="37.073778" lon="22.217333">
        <ele>625.28</ele>
      </trkpt>
      <trkpt lat="37.073762" lon="22.21744">
        <ele>624.82</ele>
      </trkpt>
      <trkpt lat="37.073738" lon="22.217519">
        <ele>624.3</ele>
      </trkpt>
      <trkpt lat="37.073702" lon="22.217605">
        <ele>624.12</ele>
      </trkpt>
      <trkpt lat="37.073551" lon="22.217867">
        <ele>623.51</ele>
      </trkpt>
      <trkpt lat="37.073508" lon="22.217973">
        <ele>622.92</ele>
      </trkpt>
      <trkpt lat="37.073491" lon="22.218042">
        <ele>622.2</ele>
      </trkpt>
      <trkpt lat="37.073486" lon="22.2181">
        <ele>621.38</ele>
      </trkpt>
      <trkpt lat="37.073492" lon="22.218178">
        <ele>620.74</ele>
      </trkpt>
      <trkpt lat="37.073508" lon="22.218287">
        <ele>619.86</ele>
      </trkpt>
      <trkpt lat="37.073531" lon="22.21836">
        <ele>619.61</ele>
      </trkpt>
      <trkpt lat="37.073608" lon="22.218467">
        <ele>618.12</ele>
      </trkpt>
      <trkpt lat="37.073886" lon="22.218799">
        <ele>616.04</ele>
      </trkpt>
      <trkpt lat="37.074501" lon="22.219437">
        <ele>612.26</ele>
      </trkpt>
      <trkpt lat="37.074571" lon="22.219525">
        <ele>610.78</ele>
      </trkpt>
      <trkpt lat="37.074587" lon="22.219559">
        <ele>610.45</ele>
      </trkpt>
      <trkpt lat="37.074593" lon="22.219674">
        <ele>611.39</ele>
      </trkpt>
      <trkpt lat="37.074572" lon="22.220207">
        <ele>610.73</ele>
      </trkpt>
      <trkpt lat="37.0745" lon="22.220528">
        <ele>609.55</ele>
      </trkpt>
      <trkpt lat="37.074434" lon="22.220853">
        <ele>606</ele>
      </trkpt>
      <trkpt lat="37.074398" lon="22.220944">
        <ele>605.2</ele>
      </trkpt>
      <trkpt lat="37.074344" lon="22.22105">
        <ele>605.06</ele>
      </trkpt>
      <trkpt lat="37.074275" lon="22.221152">
        <ele>605</ele>
      </trkpt>
      <trkpt lat="37.074148" lon="22.221302">
        <ele>604.55</ele>
      </trkpt>
      <trkpt lat="37.074046" lon="22.221437">
        <ele>603.54</ele>
      </trkpt>
      <trkpt lat="37.073927" lon="22.221632">
        <ele>601.98</ele>
      </trkpt>
      <trkpt lat="37.0738" lon="22.221886">
        <ele>600.54</ele>
      </trkpt>
      <trkpt lat="37.073697" lon="22.222133">
        <ele>600.4</ele>
      </trkpt>
      <trkpt lat="37.07362" lon="22.222365">
        <ele>599.87</ele>
      </trkpt>
      <trkpt lat="37.073477" lon="22.223">
        <ele>597.3</ele>
      </trkpt>
      <trkpt lat="37.073295" lon="22.223623">
        <ele>592.53</ele>
      </trkpt>
      <trkpt lat="37.073206" lon="22.223988">
        <ele>588.9</ele>
      </trkpt>
      <trkpt lat="37.073021" lon="22.224367">
        <ele>587.6</ele>
      </trkpt>
      <trkpt lat="37.073014" lon="22.224442">
        <ele>586.41</ele>
      </trkpt>
      <trkpt lat="37.073026" lon="22.224502">
        <ele>585.56</ele>
      </trkpt>
      <trkpt lat="37.073051" lon="22.224528">
        <ele>585.04</ele>
      </trkpt>
      <trkpt lat="37.073093" lon="22.224525">
        <ele>584.56</ele>
      </trkpt>
      <trkpt lat="37.073486" lon="22.224332">
        <ele>580.1</ele>
      </trkpt>
      <trkpt lat="37.073558" lon="22.22428">
        <ele>579.98</ele>
      </trkpt>
      <trkpt lat="37.073742" lon="22.224113">
        <ele>579.74</ele>
      </trkpt>
      <trkpt lat="37.073903" lon="22.223872">
        <ele>580.54</ele>
      </trkpt>
      <trkpt lat="37.073968" lon="22.223718">
        <ele>580.58</ele>
      </trkpt>
      <trkpt lat="37.074108" lon="22.223443">
        <ele>580.49</ele>
      </trkpt>
      <trkpt lat="37.074187" lon="22.223354">
        <ele>580.91</ele>
      </trkpt>
      <trkpt lat="37.074296" lon="22.223263">
        <ele>582.29</ele>
      </trkpt>
      <trkpt lat="37.074544" lon="22.223034">
        <ele>587.08</ele>
      </trkpt>
      <trkpt lat="37.074591" lon="22.222912">
        <ele>587.72</ele>
      </trkpt>
      <trkpt lat="37.074632" lon="22.222635">
        <ele>586.63</ele>
      </trkpt>
      <trkpt lat="37.074661" lon="22.222546">
        <ele>586.63</ele>
      </trkpt>
      <trkpt lat="37.074692" lon="22.222487">
        <ele>586.62</ele>
      </trkpt>
      <trkpt lat="37.074738" lon="22.22244">
        <ele>587.45</ele>
      </trkpt>
      <trkpt lat="37.07494" lon="22.222292">
        <ele>591.82</ele>
      </trkpt>
      <trkpt lat="37.075261" lon="22.221996">
        <ele>594.32</ele>
      </trkpt>
      <trkpt lat="37.075448" lon="22.221753">
        <ele>595.63</ele>
      </trkpt>
      <trkpt lat="37.075572" lon="22.221545">
        <ele>595.27</ele>
      </trkpt>
      <trkpt lat="37.075615" lon="22.22149">
        <ele>595.83</ele>
      </trkpt>
      <trkpt lat="37.075663" lon="22.221441">
        <ele>596.99</ele>
      </trkpt>
      <trkpt lat="37.075885" lon="22.22127">
        <ele>603.57</ele>
      </trkpt>
      <trkpt lat="37.075931" lon="22.221211">
        <ele>604.21</ele>
      </trkpt>
      <trkpt lat="37.076007" lon="22.221072">
        <ele>604.13</ele>
      </trkpt>
      <trkpt lat="37.076191" lon="22.220757">
        <ele>609.27</ele>
      </trkpt>
      <trkpt lat="37.076259" lon="22.220533">
        <ele>613.16</ele>
      </trkpt>
      <trkpt lat="37.076277" lon="22.220445">
        <ele>615.22</ele>
      </trkpt>
      <trkpt lat="37.076277" lon="22.220363">
        <ele>616.11</ele>
      </trkpt>
      <trkpt lat="37.076258" lon="22.2203">
        <ele>615.23</ele>
      </trkpt>
      <trkpt lat="37.076192" lon="22.220181">
        <ele>610.64</ele>
      </trkpt>
      <trkpt lat="37.076166" lon="22.220118">
        <ele>608.85</ele>
      </trkpt>
      <trkpt lat="37.076155" lon="22.220054">
        <ele>608.11</ele>
      </trkpt>
      <trkpt lat="37.076164" lon="22.219949">
        <ele>608.66</ele>
      </trkpt>
      <trkpt lat="37.076184" lon="22.219835">
        <ele>609.33</ele>
      </trkpt>
      <trkpt lat="37.076234" lon="22.219648">
        <ele>609.26</ele>
      </trkpt>
      <trkpt lat="37.076303" lon="22.21946">
        <ele>608.77</ele>
      </trkpt>
      <trkpt lat="37.076381" lon="22.21933">
        <ele>608.38</ele>
      </trkpt>
      <trkpt lat="37.076493" lon="22.21921">
        <ele>610.22</ele>
      </trkpt>
      <trkpt lat="37.076584" lon="22.219129">
        <ele>611.36</ele>
      </trkpt>
      <trkpt lat="37.076651" lon="22.219053">
        <ele>611.7</ele>
      </trkpt>
      <trkpt lat="37.076955" lon="22.21853">
        <ele>613.23</ele>
      </trkpt>
      <trkpt lat="37.076988" lon="22.218447">
        <ele>612.95</ele>
      </trkpt>
      <trkpt lat="37.077047" lon="22.218221">
        <ele>610.84</ele>
      </trkpt>
      <trkpt lat="37.077137" lon="22.218125">
        <ele>612.8</ele>
      </trkpt>
      <trkpt lat="37.077229" lon="22.218056">
        <ele>614.29</ele>
      </trkpt>
      <trkpt lat="37.07744" lon="22.217914">
        <ele>615.47</ele>
      </trkpt>
      <trkpt lat="37.077555" lon="22.217874">
        <ele>616.06</ele>
      </trkpt>
      <trkpt lat="37.077672" lon="22.217887">
        <ele>618.21</ele>
      </trkpt>
      <trkpt lat="37.077897" lon="22.217954">
        <ele>622.32</ele>
      </trkpt>
      <trkpt lat="37.078027" lon="22.21797">
        <ele>622.38</ele>
      </trkpt>
      <trkpt lat="37.078095" lon="22.217989">
        <ele>622.37</ele>
      </trkpt>
      <trkpt lat="37.078446" lon="22.218153">
        <ele>625.53</ele>
      </trkpt>
      <trkpt lat="37.078668" lon="22.218198">
        <ele>624</ele>
      </trkpt>
      <trkpt lat="37.078715" lon="22.218215">
        <ele>623.79</ele>
      </trkpt>
      <trkpt lat="37.078805" lon="22.218269">
        <ele>624.04</ele>
      </trkpt>
      <trkpt lat="37.079099" lon="22.218495">
        <ele>626.26</ele>
      </trkpt>
      <trkpt lat="37.079417" lon="22.218659">
        <ele>627.53</ele>
      </trkpt>
      <trkpt lat="37.079486" lon="22.218716">
        <ele>628.35</ele>
      </trkpt>
      <trkpt lat="37.079544" lon="22.218787">
        <ele>629.87</ele>
      </trkpt>
      <trkpt lat="37.079678" lon="22.219013">
        <ele>634.09</ele>
      </trkpt>
      <trkpt lat="37.079812" lon="22.219238">
        <ele>635.48</ele>
      </trkpt>
      <trkpt lat="37.079903" lon="22.219445">
        <ele>638.02</ele>
      </trkpt>
      <trkpt lat="37.08001" lon="22.21978">
        <ele>642.63</ele>
      </trkpt>
      <trkpt lat="37.08006" lon="22.219866">
        <ele>643.31</ele>
      </trkpt>
      <trkpt lat="37.080131" lon="22.219943">
        <ele>643.5</ele>
      </trkpt>
      <trkpt lat="37.080191" lon="22.219989">
        <ele>642.73</ele>
      </trkpt>
      <trkpt lat="37.080296" lon="22.220015">
        <ele>640.89</ele>
      </trkpt>
      <trkpt lat="37.080323" lon="22.220008">
        <ele>639.89</ele>
      </trkpt>
      <trkpt lat="37.08036" lon="22.219984">
        <ele>637.9</ele>
      </trkpt>
      <trkpt lat="37.08047" lon="22.219865">
        <ele>637.36</ele>
      </trkpt>
      <trkpt lat="37.080512" lon="22.219728">
        <ele>636.31</ele>
      </trkpt>
      <trkpt lat="37.080543" lon="22.219538">
        <ele>635.72</ele>
      </trkpt>
      <trkpt lat="37.080563" lon="22.219328">
        <ele>633.32</ele>
      </trkpt>
      <trkpt lat="37.080582" lon="22.219226">
        <ele>632.36</ele>
      </trkpt>
      <trkpt lat="37.080604" lon="22.219171">
        <ele>632.35</ele>
      </trkpt>
      <trkpt lat="37.080641" lon="22.219123">
        <ele>633.07</ele>
      </trkpt>
      <trkpt lat="37.080694" lon="22.219076">
        <ele>633.6</ele>
      </trkpt>
      <trkpt lat="37.080791" lon="22.219025">
        <ele>635.45</ele>
      </trkpt>
      <trkpt lat="37.081147" lon="22.218896">
        <ele>639.44</ele>
      </trkpt>
      <trkpt lat="37.081396" lon="22.218846">
        <ele>642.93</ele>
      </trkpt>
      <trkpt lat="37.081608" lon="22.218785">
        <ele>645.39</ele>
      </trkpt>
      <trkpt lat="37.081822" lon="22.218665">
        <ele>645.35</ele>
      </trkpt>
      <trkpt lat="37.081995" lon="22.218607">
        <ele>646.43</ele>
      </trkpt>
      <trkpt lat="37.082139" lon="22.218577">
        <ele>648.04</ele>
      </trkpt>
      <trkpt lat="37.082392" lon="22.21854">
        <ele>651.17</ele>
      </trkpt>
      <trkpt lat="37.082754" lon="22.218532">
        <ele>656.72</ele>
      </trkpt>
      <trkpt lat="37.082919" lon="22.218555">
        <ele>660.16</ele>
      </trkpt>
      <trkpt lat="37.08328" lon="22.218658">
        <ele>669.35</ele>
      </trkpt>
      <trkpt lat="37.083318" lon="22.218654">
        <ele>669.79</ele>
      </trkpt>
      <trkpt lat="37.083349" lon="22.218624">
        <ele>668.9</ele>
      </trkpt>
      <trkpt lat="37.083382" lon="22.218571">
        <ele>668.13</ele>
      </trkpt>
      <trkpt lat="37.083396" lon="22.218501">
        <ele>667.14</ele>
      </trkpt>
      <trkpt lat="37.08339" lon="22.218393">
        <ele>665.27</ele>
      </trkpt>
      <trkpt lat="37.083384" lon="22.21816">
        <ele>664.27</ele>
      </trkpt>
      <trkpt lat="37.083385" lon="22.217869">
        <ele>665.65</ele>
      </trkpt>
      <trkpt lat="37.083406" lon="22.217637">
        <ele>668.77</ele>
      </trkpt>
      <trkpt lat="37.083426" lon="22.217262">
        <ele>672.71</ele>
      </trkpt>
      <trkpt lat="37.083419" lon="22.217131">
        <ele>674.55</ele>
      </trkpt>
      <trkpt lat="37.083384" lon="22.217025">
        <ele>674.9</ele>
      </trkpt>
      <trkpt lat="37.083236" lon="22.216688">
        <ele>676.31</ele>
      </trkpt>
      <trkpt lat="37.083116" lon="22.216476">
        <ele>675.66</ele>
      </trkpt>
      <trkpt lat="37.083064" lon="22.216348">
        <ele>675.6</ele>
      </trkpt>
      <trkpt lat="37.083035" lon="22.21624">
        <ele>675.92</ele>
      </trkpt>
      <trkpt lat="37.083021" lon="22.216158">
        <ele>676.32</ele>
      </trkpt>
      <trkpt lat="37.083036" lon="22.215869">
        <ele>678.46</ele>
      </trkpt>
      <trkpt lat="37.083057" lon="22.215701">
        <ele>678.65</ele>
      </trkpt>
      <trkpt lat="37.083085" lon="22.215584">
        <ele>678.21</ele>
      </trkpt>
      <trkpt lat="37.083124" lon="22.215506">
        <ele>678.36</ele>
      </trkpt>
      <trkpt lat="37.08319" lon="22.21543">
        <ele>678.67</ele>
      </trkpt>
      <trkpt lat="37.083258" lon="22.215395">
        <ele>679.4</ele>
      </trkpt>
      <trkpt lat="37.083307" lon="22.215389">
        <ele>679.98</ele>
      </trkpt>
      <trkpt lat="37.083514" lon="22.215469">
        <ele>682.89</ele>
      </trkpt>
      <trkpt lat="37.083586" lon="22.21551">
        <ele>682.87</ele>
      </trkpt>
      <trkpt lat="37.083659" lon="22.215594">
        <ele>683.7</ele>
      </trkpt>
      <trkpt lat="37.08373" lon="22.215735">
        <ele>685.29</ele>
      </trkpt>
      <trkpt lat="37.083865" lon="22.215955">
        <ele>687.35</ele>
      </trkpt>
      <trkpt lat="37.084059" lon="22.216221">
        <ele>689.51</ele>
      </trkpt>
      <trkpt lat="37.084266" lon="22.216473">
        <ele>692.53</ele>
      </trkpt>
      <trkpt lat="37.084441" lon="22.216706">
        <ele>695.98</ele>
      </trkpt>
      <trkpt lat="37.08448" lon="22.216734">
        <ele>696.36</ele>
      </trkpt>
      <trkpt lat="37.084514" lon="22.216733">
        <ele>696.81</ele>
      </trkpt>
      <trkpt lat="37.084577" lon="22.216706">
        <ele>697.19</ele>
      </trkpt>
      <trkpt lat="37.084644" lon="22.216615">
        <ele>697.14</ele>
      </trkpt>
      <trkpt lat="37.084674" lon="22.216539">
        <ele>697.1</ele>
      </trkpt>
      <trkpt lat="37.084674" lon="22.216291">
        <ele>695.18</ele>
      </trkpt>
      <trkpt lat="37.084682" lon="22.216239">
        <ele>694.85</ele>
      </trkpt>
      <trkpt lat="37.084699" lon="22.216192">
        <ele>694.9</ele>
      </trkpt>
      <trkpt lat="37.084794" lon="22.216075">
        <ele>697.03</ele>
      </trkpt>
      <trkpt lat="37.084908" lon="22.215967">
        <ele>699.03</ele>
      </trkpt>
      <trkpt lat="37.085144" lon="22.21581">
        <ele>702.02</ele>
      </trkpt>
      <trkpt lat="37.085274" lon="22.21576">
        <ele>703.5</ele>
      </trkpt>
      <trkpt lat="37.085494" lon="22.215708">
        <ele>705.38</ele>
      </trkpt>
      <trkpt lat="37.085534" lon="22.215689">
        <ele>705.42</ele>
      </trkpt>
      <trkpt lat="37.085816" lon="22.215495">
        <ele>707.62</ele>
      </trkpt>
      <trkpt lat="37.085858" lon="22.215447">
        <ele>708.12</ele>
      </trkpt>
      <trkpt lat="37.085977" lon="22.215214">
        <ele>708.36</ele>
      </trkpt>
      <trkpt lat="37.086245" lon="22.214575">
        <ele>710.87</ele>
      </trkpt>
      <trkpt lat="37.086286" lon="22.2145">
        <ele>711.05</ele>
      </trkpt>
      <trkpt lat="37.086328" lon="22.214447">
        <ele>710.86</ele>
      </trkpt>
      <trkpt lat="37.086386" lon="22.214415">
        <ele>711.64</ele>
      </trkpt>
      <trkpt lat="37.086707" lon="22.21433">
        <ele>715.5</ele>
      </trkpt>
      <trkpt lat="37.08675" lon="22.214327">
        <ele>716.31</ele>
      </trkpt>
      <trkpt lat="37.086777" lon="22.214339">
        <ele>717.46</ele>
      </trkpt>
      <trkpt lat="37.086801" lon="22.214362">
        <ele>719.1</ele>
      </trkpt>
      <trkpt lat="37.086805" lon="22.214398">
        <ele>720.84</ele>
      </trkpt>
      <trkpt lat="37.086788" lon="22.214434">
        <ele>722.06</ele>
      </trkpt>
      <trkpt lat="37.086742" lon="22.214465">
        <ele>722.15</ele>
      </trkpt>
      <trkpt lat="37.086527" lon="22.214545">
        <ele>719.83</ele>
      </trkpt>
      <trkpt lat="37.086465" lon="22.214579">
        <ele>718.94</ele>
      </trkpt>
      <trkpt lat="37.086406" lon="22.214623">
        <ele>718.31</ele>
      </trkpt>
      <trkpt lat="37.086372" lon="22.214704">
        <ele>718.91</ele>
      </trkpt>
      <trkpt lat="37.086356" lon="22.215029">
        <ele>723.35</ele>
      </trkpt>
      <trkpt lat="37.086355" lon="22.2153">
        <ele>727.27</ele>
      </trkpt>
      <trkpt lat="37.086345" lon="22.215389">
        <ele>727.79</ele>
      </trkpt>
      <trkpt lat="37.086322" lon="22.215502">
        <ele>727.96</ele>
      </trkpt>
      <trkpt lat="37.086282" lon="22.215642">
        <ele>728.23</ele>
      </trkpt>
      <trkpt lat="37.086231" lon="22.215863">
        <ele>730.72</ele>
      </trkpt>
      <trkpt lat="37.086197" lon="22.215985">
        <ele>731.35</ele>
      </trkpt>
      <trkpt lat="37.086129" lon="22.216171">
        <ele>731.62</ele>
      </trkpt>
      <trkpt lat="37.086109" lon="22.216253">
        <ele>732.65</ele>
      </trkpt>
      <trkpt lat="37.086103" lon="22.216331">
        <ele>734.24</ele>
      </trkpt>
      <trkpt lat="37.086109" lon="22.216551">
        <ele>737.71</ele>
      </trkpt>
      <trkpt lat="37.0861" lon="22.216625">
        <ele>738.8</ele>
      </trkpt>
      <trkpt lat="37.086081" lon="22.216684">
        <ele>739.42</ele>
      </trkpt>
      <trkpt lat="37.08601" lon="22.216776">
        <ele>739.82</ele>
      </trkpt>
      <trkpt lat="37.085858" lon="22.216928">
        <ele>740.01</ele>
      </trkpt>
      <trkpt lat="37.08575" lon="22.217056">
        <ele>739.94</ele>
      </trkpt>
      <trkpt lat="37.085724" lon="22.217101">
        <ele>740</ele>
      </trkpt>
      <trkpt lat="37.08571" lon="22.217174">
        <ele>740.83</ele>
      </trkpt>
      <trkpt lat="37.085703" lon="22.217433">
        <ele>744.16</ele>
      </trkpt>
      <trkpt lat="37.085692" lon="22.217526">
        <ele>745.36</ele>
      </trkpt>
      <trkpt lat="37.085532" lon="22.218093">
        <ele>749.02</ele>
      </trkpt>
      <trkpt lat="37.085442" lon="22.218366">
        <ele>751.47</ele>
      </trkpt>
      <trkpt lat="37.085332" lon="22.218624">
        <ele>752.52</ele>
      </trkpt>
      <trkpt lat="37.085313" lon="22.218728">
        <ele>752.91</ele>
      </trkpt>
      <trkpt lat="37.085309" lon="22.218963">
        <ele>755.39</ele>
      </trkpt>
      <trkpt lat="37.085334" lon="22.219342">
        <ele>761.35</ele>
      </trkpt>
      <trkpt lat="37.085319" lon="22.219438">
        <ele>762.9</ele>
      </trkpt>
      <trkpt lat="37.08529" lon="22.219499">
        <ele>763.62</ele>
      </trkpt>
      <trkpt lat="37.085211" lon="22.219575">
        <ele>764.35</ele>
      </trkpt>
      <trkpt lat="37.085137" lon="22.219619">
        <ele>764.57</ele>
      </trkpt>
      <trkpt lat="37.08507" lon="22.219641">
        <ele>764.49</ele>
      </trkpt>
      <trkpt lat="37.084916" lon="22.219654">
        <ele>762.06</ele>
      </trkpt>
      <trkpt lat="37.084859" lon="22.21968">
        <ele>761.81</ele>
      </trkpt>
      <trkpt lat="37.084555" lon="22.219959">
        <ele>766.85</ele>
      </trkpt>
      <trkpt lat="37.084488" lon="22.220008">
        <ele>767.03</ele>
      </trkpt>
      <trkpt lat="37.084333" lon="22.220097">
        <ele>764.17</ele>
      </trkpt>
      <trkpt lat="37.08427" lon="22.220172">
        <ele>764.92</ele>
      </trkpt>
      <trkpt lat="37.084212" lon="22.220279">
        <ele>767.18</ele>
      </trkpt>
      <trkpt lat="37.084142" lon="22.220362">
        <ele>768.07</ele>
      </trkpt>
      <trkpt lat="37.084036" lon="22.220429">
        <ele>767.86</ele>
      </trkpt>
      <trkpt lat="37.083885" lon="22.220492">
        <ele>767.81</ele>
      </trkpt>
      <trkpt lat="37.083783" lon="22.220513">
        <ele>767.43</ele>
      </trkpt>
      <trkpt lat="37.083703" lon="22.220511">
        <ele>767.93</ele>
      </trkpt>
      <trkpt lat="37.083091" lon="22.220428">
        <ele>769.73</ele>
      </trkpt>
      <trkpt lat="37.082968" lon="22.220439">
        <ele>768.71</ele>
      </trkpt>
      <trkpt lat="37.082825" lon="22.22048">
        <ele>765.11</ele>
      </trkpt>
      <trkpt lat="37.082786" lon="22.220522">
        <ele>763.59</ele>
      </trkpt>
      <trkpt lat="37.082786" lon="22.220573">
        <ele>764.08</ele>
      </trkpt>
      <trkpt lat="37.0828" lon="22.220612">
        <ele>765.33</ele>
      </trkpt>
      <trkpt lat="37.082842" lon="22.22062">
        <ele>767.81</ele>
      </trkpt>
      <trkpt lat="37.082999" lon="22.220572">
        <ele>772.81</ele>
      </trkpt>
      <trkpt lat="37.083108" lon="22.220557">
        <ele>774.53</ele>
      </trkpt>
      <trkpt lat="37.083245" lon="22.22059">
        <ele>775.96</ele>
      </trkpt>
      <trkpt lat="37.083416" lon="22.220664">
        <ele>776.96</ele>
      </trkpt>
      <trkpt lat="37.083536" lon="22.220763">
        <ele>777.86</ele>
      </trkpt>
      <trkpt lat="37.083751" lon="22.220862">
        <ele>779.85</ele>
      </trkpt>
      <trkpt lat="37.083823" lon="22.220873">
        <ele>780.56</ele>
      </trkpt>
      <trkpt lat="37.084047" lon="22.220836">
        <ele>783.22</ele>
      </trkpt>
      <trkpt lat="37.084092" lon="22.220852">
        <ele>784.82</ele>
      </trkpt>
      <trkpt lat="37.08413" lon="22.220901">
        <ele>786.8</ele>
      </trkpt>
      <trkpt lat="37.084211" lon="22.221139">
        <ele>792.69</ele>
      </trkpt>
      <trkpt lat="37.084239" lon="22.221269">
        <ele>795.1</ele>
      </trkpt>
      <trkpt lat="37.084226" lon="22.221359">
        <ele>795.63</ele>
      </trkpt>
      <trkpt lat="37.084192" lon="22.221433">
        <ele>796.02</ele>
      </trkpt>
      <trkpt lat="37.084143" lon="22.221493">
        <ele>796.58</ele>
      </trkpt>
      <trkpt lat="37.084062" lon="22.221517">
        <ele>796.38</ele>
      </trkpt>
      <trkpt lat="37.083866" lon="22.221548">
        <ele>794.46</ele>
      </trkpt>
      <trkpt lat="37.083746" lon="22.221603">
        <ele>793.74</ele>
      </trkpt>
      <trkpt lat="37.08367" lon="22.221678">
        <ele>794.31</ele>
      </trkpt>
      <trkpt lat="37.083589" lon="22.221817">
        <ele>797.2</ele>
      </trkpt>
      <trkpt lat="37.08353" lon="22.221937">
        <ele>800.25</ele>
      </trkpt>
      <trkpt lat="37.083495" lon="22.221986">
        <ele>801.15</ele>
      </trkpt>
      <trkpt lat="37.083438" lon="22.222041">
        <ele>801.85</ele>
      </trkpt>
      <trkpt lat="37.083311" lon="22.222106">
        <ele>801.16</ele>
      </trkpt>
      <trkpt lat="37.083145" lon="22.222174">
        <ele>798.4</ele>
      </trkpt>
      <trkpt lat="37.083067" lon="22.222233">
        <ele>797.61</ele>
      </trkpt>
      <trkpt lat="37.082997" lon="22.22232">
        <ele>797.18</ele>
      </trkpt>
      <trkpt lat="37.082823" lon="22.222764">
        <ele>800.15</ele>
      </trkpt>
      <trkpt lat="37.082671" lon="22.223196">
        <ele>805.07</ele>
      </trkpt>
      <trkpt lat="37.082624" lon="22.223295">
        <ele>807.05</ele>
      </trkpt>
      <trkpt lat="37.082546" lon="22.223407">
        <ele>809.76</ele>
      </trkpt>
      <trkpt lat="37.082462" lon="22.223454">
        <ele>809.97</ele>
      </trkpt>
      <trkpt lat="37.082358" lon="22.223475">
        <ele>809.02</ele>
      </trkpt>
      <trkpt lat="37.082113" lon="22.223521">
        <ele>810.09</ele>
      </trkpt>
      <trkpt lat="37.082028" lon="22.22353">
        <ele>811.34</ele>
      </trkpt>
      <trkpt lat="37.081931" lon="22.223517">
        <ele>813.29</ele>
      </trkpt>
      <trkpt lat="37.081819" lon="22.223452">
        <ele>814.64</ele>
      </trkpt>
      <trkpt lat="37.081698" lon="22.223328">
        <ele>814.64</ele>
      </trkpt>
      <trkpt lat="37.081384" lon="22.222881">
        <ele>811.99</ele>
      </trkpt>
      <trkpt lat="37.081317" lon="22.222841">
        <ele>811.46</ele>
      </trkpt>
      <trkpt lat="37.081265" lon="22.222837">
        <ele>810.77</ele>
      </trkpt>
      <trkpt lat="37.081223" lon="22.222869">
        <ele>811.59</ele>
      </trkpt>
      <trkpt lat="37.081208" lon="22.222937">
        <ele>813.74</ele>
      </trkpt>
      <trkpt lat="37.08124" lon="22.223006">
        <ele>815.59</ele>
      </trkpt>
      <trkpt lat="37.081457" lon="22.223291">
        <ele>821.04</ele>
      </trkpt>
      <trkpt lat="37.081707" lon="22.223617">
        <ele>823.23</ele>
      </trkpt>
      <trkpt lat="37.081844" lon="22.223755">
        <ele>823.99</ele>
      </trkpt>
      <trkpt lat="37.081944" lon="22.223813">
        <ele>823.79</ele>
      </trkpt>
      <trkpt lat="37.082069" lon="22.223842">
        <ele>822.71</ele>
      </trkpt>
      <trkpt lat="37.082311" lon="22.223849">
        <ele>823.55</ele>
      </trkpt>
      <trkpt lat="37.08251" lon="22.223806">
        <ele>825.21</ele>
      </trkpt>
      <trkpt lat="37.082932" lon="22.223617">
        <ele>826.78</ele>
      </trkpt>
      <trkpt lat="37.083086" lon="22.223535">
        <ele>828.88</ele>
      </trkpt>
      <trkpt lat="37.083212" lon="22.223444">
        <ele>831.27</ele>
      </trkpt>
      <trkpt lat="37.083306" lon="22.223323">
        <ele>832.33</ele>
      </trkpt>
      <trkpt lat="37.083342" lon="22.223259">
        <ele>832.4</ele>
      </trkpt>
      <trkpt lat="37.083364" lon="22.223176">
        <ele>831.84</ele>
      </trkpt>
      <trkpt lat="37.083388" lon="22.223036">
        <ele>830.32</ele>
      </trkpt>
      <trkpt lat="37.083408" lon="22.222971">
        <ele>829.83</ele>
      </trkpt>
      <trkpt lat="37.083441" lon="22.22291">
        <ele>830.05</ele>
      </trkpt>
      <trkpt lat="37.083509" lon="22.222818">
        <ele>830.92</ele>
      </trkpt>
      <trkpt lat="37.08367" lon="22.222667">
        <ele>831.9</ele>
      </trkpt>
      <trkpt lat="37.083706" lon="22.222648">
        <ele>832.3</ele>
      </trkpt>
      <trkpt lat="37.08374" lon="22.222644">
        <ele>833.16</ele>
      </trkpt>
      <trkpt lat="37.083772" lon="22.222653">
        <ele>834.38</ele>
      </trkpt>
      <trkpt lat="37.083787" lon="22.222681">
        <ele>835.81</ele>
      </trkpt>
      <trkpt lat="37.083787" lon="22.222717">
        <ele>837.05</ele>
      </trkpt>
      <trkpt lat="37.08377" lon="22.222758">
        <ele>837.98</ele>
      </trkpt>
      <trkpt lat="37.083664" lon="22.222848">
        <ele>837.47</ele>
      </trkpt>
      <trkpt lat="37.083588" lon="22.222926">
        <ele>836.95</ele>
      </trkpt>
      <trkpt lat="37.083542" lon="22.222997">
        <ele>836.98</ele>
      </trkpt>
      <trkpt lat="37.083505" lon="22.223087">
        <ele>837.47</ele>
      </trkpt>
      <trkpt lat="37.083488" lon="22.223207">
        <ele>838.65</ele>
      </trkpt>
      <trkpt lat="37.083485" lon="22.223507">
        <ele>845.57</ele>
      </trkpt>
      <trkpt lat="37.083463" lon="22.223598">
        <ele>846.8</ele>
      </trkpt>
      <trkpt lat="37.083421" lon="22.223701">
        <ele>847.74</ele>
      </trkpt>
      <trkpt lat="37.083191" lon="22.224031">
        <ele>848.97</ele>
      </trkpt>
      <trkpt lat="37.083028" lon="22.22427">
        <ele>851.68</ele>
      </trkpt>
      <trkpt lat="37.082704" lon="22.224661">
        <ele>856.99</ele>
      </trkpt>
      <trkpt lat="37.082564" lon="22.224766">
        <ele>858</ele>
      </trkpt>
      <trkpt lat="37.082482" lon="22.224797">
        <ele>858.21</ele>
      </trkpt>
      <trkpt lat="37.082178" lon="22.224799">
        <ele>857.82</ele>
      </trkpt>
      <trkpt lat="37.081676" lon="22.22479">
        <ele>859.15</ele>
      </trkpt>
      <trkpt lat="37.081618" lon="22.224805">
        <ele>859.17</ele>
      </trkpt>
      <trkpt lat="37.081566" lon="22.224844">
        <ele>859.2</ele>
      </trkpt>
      <trkpt lat="37.081535" lon="22.224889">
        <ele>859.36</ele>
      </trkpt>
      <trkpt lat="37.081512" lon="22.224959">
        <ele>859.92</ele>
      </trkpt>
      <trkpt lat="37.081513" lon="22.225289">
        <ele>862.22</ele>
      </trkpt>
      <trkpt lat="37.0815" lon="22.225443">
        <ele>862.54</ele>
      </trkpt>
      <trkpt lat="37.081477" lon="22.225558">
        <ele>862.59</ele>
      </trkpt>
      <trkpt lat="37.081474" lon="22.225643">
        <ele>863.41</ele>
      </trkpt>
      <trkpt lat="37.081499" lon="22.225713">
        <ele>865.27</ele>
      </trkpt>
      <trkpt lat="37.081528" lon="22.225725">
        <ele>866.57</ele>
      </trkpt>
      <trkpt lat="37.081594" lon="22.225709">
        <ele>869.2</ele>
      </trkpt>
      <trkpt lat="37.081619" lon="22.225677">
        <ele>869.92</ele>
      </trkpt>
      <trkpt lat="37.081664" lon="22.225539">
        <ele>870.03</ele>
      </trkpt>
      <trkpt lat="37.081692" lon="22.225357">
        <ele>869.17</ele>
      </trkpt>
      <trkpt lat="37.081725" lon="22.225254">
        <ele>868.99</ele>
      </trkpt>
      <trkpt lat="37.081774" lon="22.225175">
        <ele>868.95</ele>
      </trkpt>
      <trkpt lat="37.08182" lon="22.225131">
        <ele>868.8</ele>
      </trkpt>
      <trkpt lat="37.081866" lon="22.225113">
        <ele>868.92</ele>
      </trkpt>
      <trkpt lat="37.081953" lon="22.2251">
        <ele>869.02</ele>
      </trkpt>
      <trkpt lat="37.082274" lon="22.225121">
        <ele>870.06</ele>
      </trkpt>
      <trkpt lat="37.082452" lon="22.225161">
        <ele>871.53</ele>
      </trkpt>
      <trkpt lat="37.082607" lon="22.225168">
        <ele>872.17</ele>
      </trkpt>
      <trkpt lat="37.082719" lon="22.225139">
        <ele>872.03</ele>
      </trkpt>
      <trkpt lat="37.082974" lon="22.225022">
        <ele>872.45</ele>
      </trkpt>
      <trkpt lat="37.083304" lon="22.224829">
        <ele>874.36</ele>
      </trkpt>
      <trkpt lat="37.083404" lon="22.224714">
        <ele>874.68</ele>
      </trkpt>
      <trkpt lat="37.083506" lon="22.224526">
        <ele>874.14</ele>
      </trkpt>
      <trkpt lat="37.083626" lon="22.22433">
        <ele>874.71</ele>
      </trkpt>
      <trkpt lat="37.083711" lon="22.224223">
        <ele>874.88</ele>
      </trkpt>
      <trkpt lat="37.083785" lon="22.224168">
        <ele>875.73</ele>
      </trkpt>
      <trkpt lat="37.083858" lon="22.22414">
        <ele>876.44</ele>
      </trkpt>
      <trkpt lat="37.084106" lon="22.224108">
        <ele>879.16</ele>
      </trkpt>
      <trkpt lat="37.084259" lon="22.224117">
        <ele>880.42</ele>
      </trkpt>
      <trkpt lat="37.084346" lon="22.224132">
        <ele>881.28</ele>
      </trkpt>
      <trkpt lat="37.08462" lon="22.224227">
        <ele>883.54</ele>
      </trkpt>
      <trkpt lat="37.084797" lon="22.224326">
        <ele>885.09</ele>
      </trkpt>
      <trkpt lat="37.085073" lon="22.224368">
        <ele>886.84</ele>
      </trkpt>
      <trkpt lat="37.085118" lon="22.224397">
        <ele>887.53</ele>
      </trkpt>
      <trkpt lat="37.085254" lon="22.224555">
        <ele>890.35</ele>
      </trkpt>
      <trkpt lat="37.085287" lon="22.224579">
        <ele>890.79</ele>
      </trkpt>
      <trkpt lat="37.085394" lon="22.224621">
        <ele>891.69</ele>
      </trkpt>
      <trkpt lat="37.085532" lon="22.224634">
        <ele>892.05</ele>
      </trkpt>
      <trkpt lat="37.085701" lon="22.224621">
        <ele>890.81</ele>
      </trkpt>
      <trkpt lat="37.085769" lon="22.224627">
        <ele>890.46</ele>
      </trkpt>
      <trkpt lat="37.085845" lon="22.224691">
        <ele>891.73</ele>
      </trkpt>
      <trkpt lat="37.085881" lon="22.22477">
        <ele>893.34</ele>
      </trkpt>
      <trkpt lat="37.085895" lon="22.224895">
        <ele>895.94</ele>
      </trkpt>
      <trkpt lat="37.085902" lon="22.225062">
        <ele>898.65</ele>
      </trkpt>
      <trkpt lat="37.085917" lon="22.22513">
        <ele>899.25</ele>
      </trkpt>
      <trkpt lat="37.085964" lon="22.225196">
        <ele>899.31</ele>
      </trkpt>
      <trkpt lat="37.086042" lon="22.225275">
        <ele>899.58</ele>
      </trkpt>
      <trkpt lat="37.086166" lon="22.22535">
        <ele>900.29</ele>
      </trkpt>
      <trkpt lat="37.086323" lon="22.22546">
        <ele>902.05</ele>
      </trkpt>
      <trkpt lat="37.086539" lon="22.225636">
        <ele>904.3</ele>
      </trkpt>
      <trkpt lat="37.086597" lon="22.225664">
        <ele>904.54</ele>
      </trkpt>
      <trkpt lat="37.086674" lon="22.225687">
        <ele>904.52</ele>
      </trkpt>
      <trkpt lat="37.08679" lon="22.225693">
        <ele>903.8</ele>
      </trkpt>
      <trkpt lat="37.08701" lon="22.225726">
        <ele>905.44</ele>
      </trkpt>
      <trkpt lat="37.087224" lon="22.225802">
        <ele>908.22</ele>
      </trkpt>
      <trkpt lat="37.087354" lon="22.225833">
        <ele>909.9</ele>
      </trkpt>
      <trkpt lat="37.087524" lon="22.225847">
        <ele>912.65</ele>
      </trkpt>
      <trkpt lat="37.087677" lon="22.225888">
        <ele>915.67</ele>
      </trkpt>
      <trkpt lat="37.087818" lon="22.225949">
        <ele>918.24</ele>
      </trkpt>
      <trkpt lat="37.087976" lon="22.226096">
        <ele>919.24</ele>
      </trkpt>
      <trkpt lat="37.088031" lon="22.226182">
        <ele>919.01</ele>
      </trkpt>
      <trkpt lat="37.088082" lon="22.22628">
        <ele>918.99</ele>
      </trkpt>
      <trkpt lat="37.088123" lon="22.226492">
        <ele>919.09</ele>
      </trkpt>
      <trkpt lat="37.088133" lon="22.226855">
        <ele>919.79</ele>
      </trkpt>
      <trkpt lat="37.088131" lon="22.22719">
        <ele>918.6</ele>
      </trkpt>
      <trkpt lat="37.088145" lon="22.227332">
        <ele>917.83</ele>
      </trkpt>
      <trkpt lat="37.088145" lon="22.227332">
        <ele>917.83</ele>
      </trkpt>
      <trkpt lat="37.088175" lon="22.227642">
        <ele>916.15</ele>
      </trkpt>
      <trkpt lat="37.088222" lon="22.227757">
        <ele>915.71</ele>
      </trkpt>
      <trkpt lat="37.088247" lon="22.227848">
        <ele>916.12</ele>
      </trkpt>
      <trkpt lat="37.088325" lon="22.227993">
        <ele>915.86</ele>
      </trkpt>
      <trkpt lat="37.088653" lon="22.228522">
        <ele>910.44</ele>
      </trkpt>
      <trkpt lat="37.088693" lon="22.228609">
        <ele>909.77</ele>
      </trkpt>
      <trkpt lat="37.088723" lon="22.228718">
        <ele>909.09</ele>
      </trkpt>
      <trkpt lat="37.088734" lon="22.228875">
        <ele>909.52</ele>
      </trkpt>
      <trkpt lat="37.088752" lon="22.229048">
        <ele>908.43</ele>
      </trkpt>
      <trkpt lat="37.088797" lon="22.229193">
        <ele>907.11</ele>
      </trkpt>
      <trkpt lat="37.088882" lon="22.2294">
        <ele>905.93</ele>
      </trkpt>
      <trkpt lat="37.089052" lon="22.229752">
        <ele>904.17</ele>
      </trkpt>
      <trkpt lat="37.089117" lon="22.229924">
        <ele>904.4</ele>
      </trkpt>
      <trkpt lat="37.089244" lon="22.230195">
        <ele>904.31</ele>
      </trkpt>
      <trkpt lat="37.089266" lon="22.230309">
        <ele>905.48</ele>
      </trkpt>
      <trkpt lat="37.089267" lon="22.230429">
        <ele>906.14</ele>
      </trkpt>
      <trkpt lat="37.089254" lon="22.230522">
        <ele>906.7</ele>
      </trkpt>
      <trkpt lat="37.089217" lon="22.230626">
        <ele>907.44</ele>
      </trkpt>
      <trkpt lat="37.089133" lon="22.230757">
        <ele>909.18</ele>
      </trkpt>
      <trkpt lat="37.089078" lon="22.230861">
        <ele>910.19</ele>
      </trkpt>
      <trkpt lat="37.089" lon="22.231063">
        <ele>910.07</ele>
      </trkpt>
      <trkpt lat="37.088919" lon="22.231206">
        <ele>911.81</ele>
      </trkpt>
      <trkpt lat="37.088865" lon="22.231337">
        <ele>912.2</ele>
      </trkpt>
      <trkpt lat="37.088828" lon="22.231503">
        <ele>910.64</ele>
      </trkpt>
      <trkpt lat="37.088802" lon="22.23157">
        <ele>910.41</ele>
      </trkpt>
      <trkpt lat="37.08877" lon="22.231615">
        <ele>910.52</ele>
      </trkpt>
      <trkpt lat="37.088715" lon="22.231661">
        <ele>910.99</ele>
      </trkpt>
      <trkpt lat="37.088492" lon="22.231731">
        <ele>915.32</ele>
      </trkpt>
      <trkpt lat="37.088318" lon="22.231808">
        <ele>916.98</ele>
      </trkpt>
      <trkpt lat="37.088213" lon="22.231869">
        <ele>915.95</ele>
      </trkpt>
      <trkpt lat="37.088151" lon="22.231886">
        <ele>915.63</ele>
      </trkpt>
      <trkpt lat="37.088059" lon="22.231888">
        <ele>915.5</ele>
      </trkpt>
      <trkpt lat="37.08796" lon="22.231872">
        <ele>914.39</ele>
      </trkpt>
      <trkpt lat="37.087852" lon="22.231816">
        <ele>913.6</ele>
      </trkpt>
      <trkpt lat="37.087768" lon="22.231742">
        <ele>913.59</ele>
      </trkpt>
      <trkpt lat="37.087558" lon="22.231462">
        <ele>917.71</ele>
      </trkpt>
      <trkpt lat="37.087442" lon="22.23129">
        <ele>920.75</ele>
      </trkpt>
      <trkpt lat="37.087274" lon="22.231011">
        <ele>926.02</ele>
      </trkpt>
      <trkpt lat="37.087207" lon="22.230952">
        <ele>927.06</ele>
      </trkpt>
      <trkpt lat="37.087163" lon="22.230946">
        <ele>928.04</ele>
      </trkpt>
      <trkpt lat="37.087124" lon="22.230952">
        <ele>928.71</ele>
      </trkpt>
      <trkpt lat="37.087101" lon="22.230989">
        <ele>928.72</ele>
      </trkpt>
      <trkpt lat="37.087066" lon="22.231088">
        <ele>928.78</ele>
      </trkpt>
      <trkpt lat="37.087037" lon="22.231212">
        <ele>928.66</ele>
      </trkpt>
      <trkpt lat="37.086989" lon="22.231477">
        <ele>926.45</ele>
      </trkpt>
      <trkpt lat="37.086933" lon="22.231595">
        <ele>926.14</ele>
      </trkpt>
      <trkpt lat="37.086892" lon="22.231635">
        <ele>926.53</ele>
      </trkpt>
      <trkpt lat="37.086818" lon="22.231651">
        <ele>928.86</ele>
      </trkpt>
      <trkpt lat="37.086716" lon="22.23164">
        <ele>932.43</ele>
      </trkpt>
      <trkpt lat="37.086503" lon="22.231661">
        <ele>937.02</ele>
      </trkpt>
      <trkpt lat="37.086432" lon="22.231692">
        <ele>937.74</ele>
      </trkpt>
      <trkpt lat="37.086386" lon="22.231735">
        <ele>937.8</ele>
      </trkpt>
      <trkpt lat="37.08635" lon="22.231798">
        <ele>937.6</ele>
      </trkpt>
      <trkpt lat="37.086325" lon="22.231922">
        <ele>936.33</ele>
      </trkpt>
      <trkpt lat="37.086303" lon="22.232099">
        <ele>935.42</ele>
      </trkpt>
      <trkpt lat="37.086287" lon="22.232517">
        <ele>933.64</ele>
      </trkpt>
      <trkpt lat="37.086274" lon="22.232639">
        <ele>933.26</ele>
      </trkpt>
      <trkpt lat="37.086246" lon="22.23277">
        <ele>932.88</ele>
      </trkpt>
      <trkpt lat="37.086153" lon="22.233023">
        <ele>932.59</ele>
      </trkpt>
      <trkpt lat="37.086108" lon="22.233291">
        <ele>934.9</ele>
      </trkpt>
      <trkpt lat="37.086082" lon="22.233362">
        <ele>936.28</ele>
      </trkpt>
      <trkpt lat="37.086045" lon="22.233435">
        <ele>937.6</ele>
      </trkpt>
      <trkpt lat="37.085842" lon="22.23369">
        <ele>942.57</ele>
      </trkpt>
      <trkpt lat="37.085746" lon="22.233775">
        <ele>943.06</ele>
      </trkpt>
      <trkpt lat="37.085667" lon="22.233814">
        <ele>943.17</ele>
      </trkpt>
      <trkpt lat="37.085504" lon="22.233842">
        <ele>943.28</ele>
      </trkpt>
      <trkpt lat="37.085329" lon="22.233832">
        <ele>943.55</ele>
      </trkpt>
      <trkpt lat="37.085221" lon="22.23386">
        <ele>944.39</ele>
      </trkpt>
      <trkpt lat="37.08519" lon="22.233889">
        <ele>944.67</ele>
      </trkpt>
      <trkpt lat="37.085167" lon="22.233933">
        <ele>944.99</ele>
      </trkpt>
      <trkpt lat="37.085164" lon="22.234262">
        <ele>945.97</ele>
      </trkpt>
      <trkpt lat="37.085174" lon="22.234465">
        <ele>945.87</ele>
      </trkpt>
      <trkpt lat="37.0852" lon="22.234574">
        <ele>945.94</ele>
      </trkpt>
      <trkpt lat="37.085227" lon="22.234636">
        <ele>946.09</ele>
      </trkpt>
      <trkpt lat="37.085348" lon="22.234776">
        <ele>945.87</ele>
      </trkpt>
      <trkpt lat="37.08542" lon="22.234845">
        <ele>946.32</ele>
      </trkpt>
      <trkpt lat="37.085832" lon="22.235171">
        <ele>948.38</ele>
      </trkpt>
      <trkpt lat="37.086004" lon="22.23532">
        <ele>949.27</ele>
      </trkpt>
      <trkpt lat="37.086226" lon="22.235564">
        <ele>949.98</ele>
      </trkpt>
      <trkpt lat="37.086336" lon="22.235672">
        <ele>950.01</ele>
      </trkpt>
      <trkpt lat="37.086394" lon="22.235746">
        <ele>950.53</ele>
      </trkpt>
      <trkpt lat="37.086453" lon="22.235855">
        <ele>951.24</ele>
      </trkpt>
      <trkpt lat="37.086479" lon="22.235968">
        <ele>952.89</ele>
      </trkpt>
      <trkpt lat="37.086483" lon="22.236037">
        <ele>953.77</ele>
      </trkpt>
      <trkpt lat="37.086471" lon="22.236175">
        <ele>955.57</ele>
      </trkpt>
      <trkpt lat="37.08642" lon="22.236372">
        <ele>959.89</ele>
      </trkpt>
      <trkpt lat="37.086321" lon="22.236511">
        <ele>963.84</ele>
      </trkpt>
      <trkpt lat="37.085923" lon="22.235967">
        <ele>964.15</ele>
      </trkpt>
      <trkpt lat="37.085732" lon="22.235719">
        <ele>964.86</ele>
      </trkpt>
      <trkpt lat="37.085625" lon="22.235588">
        <ele>964.57</ele>
      </trkpt>
      <trkpt lat="37.085517" lon="22.235471">
        <ele>964.34</ele>
      </trkpt>
      <trkpt lat="37.085329" lon="22.235316">
        <ele>964.74</ele>
      </trkpt>
      <trkpt lat="37.085194" lon="22.235225">
        <ele>965.17</ele>
      </trkpt>
      <trkpt lat="37.085142" lon="22.235214">
        <ele>966.15</ele>
      </trkpt>
      <trkpt lat="37.08507" lon="22.235216">
        <ele>968.06</ele>
      </trkpt>
      <trkpt lat="37.085026" lon="22.235241">
        <ele>970.06</ele>
      </trkpt>
      <trkpt lat="37.084988" lon="22.235284">
        <ele>972.43</ele>
      </trkpt>
      <trkpt lat="37.084961" lon="22.235349">
        <ele>974.48</ele>
      </trkpt>
      <trkpt lat="37.084954" lon="22.235418">
        <ele>976.05</ele>
      </trkpt>
      <trkpt lat="37.084966" lon="22.235489">
        <ele>977.1</ele>
      </trkpt>
      <trkpt lat="37.085145" lon="22.235749">
        <ele>977.2</ele>
      </trkpt>
      <trkpt lat="37.08535" lon="22.235975">
        <ele>977.79</ele>
      </trkpt>
      <trkpt lat="37.08542" lon="22.236068">
        <ele>977.84</ele>
      </trkpt>
      <trkpt lat="37.085484" lon="22.236175">
        <ele>978.38</ele>
      </trkpt>
      <trkpt lat="37.085611" lon="22.236505">
        <ele>984.04</ele>
      </trkpt>
      <trkpt lat="37.085842" lon="22.237311">
        <ele>990.04</ele>
      </trkpt>
      <trkpt lat="37.085929" lon="22.237507">
        <ele>992.11</ele>
      </trkpt>
      <trkpt lat="37.086018" lon="22.237676">
        <ele>992.59</ele>
      </trkpt>
      <trkpt lat="37.086071" lon="22.237795">
        <ele>992.78</ele>
      </trkpt>
      <trkpt lat="37.086087" lon="22.237872">
        <ele>993.29</ele>
      </trkpt>
      <trkpt lat="37.086087" lon="22.238027">
        <ele>993.56</ele>
      </trkpt>
      <trkpt lat="37.085972" lon="22.238281">
        <ele>997.43</ele>
      </trkpt>
      <trkpt lat="37.085886" lon="22.238455">
        <ele>1001.48</ele>
      </trkpt>
      <trkpt lat="37.085846" lon="22.238599">
        <ele>1003.25</ele>
      </trkpt>
      <trkpt lat="37.085823" lon="22.238794">
        <ele>1004.95</ele>
      </trkpt>
      <trkpt lat="37.085817" lon="22.238969">
        <ele>1005.61</ele>
      </trkpt>
      <trkpt lat="37.085823" lon="22.239221">
        <ele>1005.76</ele>
      </trkpt>
      <trkpt lat="37.085808" lon="22.239437">
        <ele>1006.64</ele>
      </trkpt>
      <trkpt lat="37.085738" lon="22.239815">
        <ele>1008.13</ele>
      </trkpt>
      <trkpt lat="37.085688" lon="22.239996">
        <ele>1008.06</ele>
      </trkpt>
      <trkpt lat="37.085628" lon="22.240123">
        <ele>1007.95</ele>
      </trkpt>
      <trkpt lat="37.085528" lon="22.24024">
        <ele>1009</ele>
      </trkpt>
      <trkpt lat="37.085327" lon="22.240415">
        <ele>1012.52</ele>
      </trkpt>
      <trkpt lat="37.085227" lon="22.24052">
        <ele>1014.56</ele>
      </trkpt>
      <trkpt lat="37.084966" lon="22.240881">
        <ele>1017.96</ele>
      </trkpt>
      <trkpt lat="37.084768" lon="22.241121">
        <ele>1020.94</ele>
      </trkpt>
      <trkpt lat="37.084583" lon="22.24133">
        <ele>1024.37</ele>
      </trkpt>
      <trkpt lat="37.084483" lon="22.24147">
        <ele>1027.02</ele>
      </trkpt>
      <trkpt lat="37.08441" lon="22.241615">
        <ele>1029.55</ele>
      </trkpt>
      <trkpt lat="37.084343" lon="22.241829">
        <ele>1030.88</ele>
      </trkpt>
      <trkpt lat="37.084302" lon="22.242136">
        <ele>1032.26</ele>
      </trkpt>
      <trkpt lat="37.084302" lon="22.242378">
        <ele>1032.32</ele>
      </trkpt>
      <trkpt lat="37.084352" lon="22.242595">
        <ele>1030.89</ele>
      </trkpt>
      <trkpt lat="37.084418" lon="22.242713">
        <ele>1028.67</ele>
      </trkpt>
      <trkpt lat="37.084514" lon="22.242835">
        <ele>1025.67</ele>
      </trkpt>
      <trkpt lat="37.084585" lon="22.242908">
        <ele>1024.1</ele>
      </trkpt>
      <trkpt lat="37.084621" lon="22.24296">
        <ele>1023.29</ele>
      </trkpt>
      <trkpt lat="37.084636" lon="22.243124">
        <ele>1022.8</ele>
      </trkpt>
      <trkpt lat="37.084606" lon="22.243197">
        <ele>1023.19</ele>
      </trkpt>
      <trkpt lat="37.084559" lon="22.243254">
        <ele>1022.37</ele>
      </trkpt>
      <trkpt lat="37.084501" lon="22.24328">
        <ele>1022.2</ele>
      </trkpt>
      <trkpt lat="37.084055" lon="22.243307">
        <ele>1029.24</ele>
      </trkpt>
      <trkpt lat="37.083935" lon="22.243342">
        <ele>1031.13</ele>
      </trkpt>
      <trkpt lat="37.083779" lon="22.243401">
        <ele>1033.82</ele>
      </trkpt>
      <trkpt lat="37.083588" lon="22.243529">
        <ele>1037.52</ele>
      </trkpt>
      <trkpt lat="37.083436" lon="22.243679">
        <ele>1041.03</ele>
      </trkpt>
      <trkpt lat="37.083337" lon="22.243846">
        <ele>1043.73</ele>
      </trkpt>
      <trkpt lat="37.083269" lon="22.244097">
        <ele>1043.98</ele>
      </trkpt>
      <trkpt lat="37.083231" lon="22.244404">
        <ele>1041.65</ele>
      </trkpt>
      <trkpt lat="37.083208" lon="22.24462">
        <ele>1042.71</ele>
      </trkpt>
      <trkpt lat="37.083182" lon="22.244742">
        <ele>1043.67</ele>
      </trkpt>
      <trkpt lat="37.083136" lon="22.244838">
        <ele>1043.84</ele>
      </trkpt>
      <trkpt lat="37.083032" lon="22.244927">
        <ele>1045.67</ele>
      </trkpt>
      <trkpt lat="37.082756" lon="22.2451">
        <ele>1050.24</ele>
      </trkpt>
      <trkpt lat="37.082486" lon="22.245377">
        <ele>1053.25</ele>
      </trkpt>
      <trkpt lat="37.082209" lon="22.24577">
        <ele>1055.28</ele>
      </trkpt>
      <trkpt lat="37.082065" lon="22.245995">
        <ele>1058.02</ele>
      </trkpt>
      <trkpt lat="37.082011" lon="22.246108">
        <ele>1059.21</ele>
      </trkpt>
      <trkpt lat="37.08199" lon="22.246214">
        <ele>1059.1</ele>
      </trkpt>
      <trkpt lat="37.081985" lon="22.246424">
        <ele>1057.61</ele>
      </trkpt>
      <trkpt lat="37.081971" lon="22.246526">
        <ele>1057.54</ele>
      </trkpt>
      <trkpt lat="37.081921" lon="22.2466">
        <ele>1059.61</ele>
      </trkpt>
      <trkpt lat="37.081821" lon="22.246624">
        <ele>1064.83</ele>
      </trkpt>
      <trkpt lat="37.081741" lon="22.246584">
        <ele>1069.69</ele>
      </trkpt>
      <trkpt lat="37.081704" lon="22.246492">
        <ele>1073.43</ele>
      </trkpt>
      <trkpt lat="37.081701" lon="22.246314">
        <ele>1076.15</ele>
      </trkpt>
      <trkpt lat="37.081738" lon="22.246121">
        <ele>1076.94</ele>
      </trkpt>
      <trkpt lat="37.081829" lon="22.245888">
        <ele>1075.71</ele>
      </trkpt>
      <trkpt lat="37.08194" lon="22.245669">
        <ele>1073.88</ele>
      </trkpt>
      <trkpt lat="37.082388" lon="22.244888">
        <ele>1072.26</ele>
      </trkpt>
      <trkpt lat="37.082489" lon="22.244679">
        <ele>1072.57</ele>
      </trkpt>
      <trkpt lat="37.082526" lon="22.244517">
        <ele>1073.09</ele>
      </trkpt>
      <trkpt lat="37.082655" lon="22.24357">
        <ele>1079.2</ele>
      </trkpt>
      <trkpt lat="37.082718" lon="22.243322">
        <ele>1079.79</ele>
      </trkpt>
      <trkpt lat="37.082825" lon="22.243042">
        <ele>1080.11</ele>
      </trkpt>
      <trkpt lat="37.083035" lon="22.242621">
        <ele>1079.6</ele>
      </trkpt>
      <trkpt lat="37.083066" lon="22.242518">
        <ele>1080.19</ele>
      </trkpt>
      <trkpt lat="37.083066" lon="22.242436">
        <ele>1081.63</ele>
      </trkpt>
      <trkpt lat="37.083037" lon="22.242379">
        <ele>1083.47</ele>
      </trkpt>
      <trkpt lat="37.082987" lon="22.242346">
        <ele>1085.49</ele>
      </trkpt>
      <trkpt lat="37.082936" lon="22.242348">
        <ele>1086.7</ele>
      </trkpt>
      <trkpt lat="37.082872" lon="22.242395">
        <ele>1087.27</ele>
      </trkpt>
      <trkpt lat="37.082783" lon="22.242542">
        <ele>1087.14</ele>
      </trkpt>
      <trkpt lat="37.082182" lon="22.243959">
        <ele>1089.81</ele>
      </trkpt>
      <trkpt lat="37.081685" lon="22.245135">
        <ele>1101.26</ele>
      </trkpt>
      <trkpt lat="37.081341" lon="22.245941">
        <ele>1106.1</ele>
      </trkpt>
      <trkpt lat="37.080977" lon="22.246728">
        <ele>1109.88</ele>
      </trkpt>
      <trkpt lat="37.08089" lon="22.246885">
        <ele>1110.47</ele>
      </trkpt>
      <trkpt lat="37.080834" lon="22.24696">
        <ele>1110.42</ele>
      </trkpt>
      <trkpt lat="37.080768" lon="22.247005">
        <ele>1110.61</ele>
      </trkpt>
      <trkpt lat="37.080637" lon="22.247044">
        <ele>1111.18</ele>
      </trkpt>
      <trkpt lat="37.080223" lon="22.247062">
        <ele>1115.38</ele>
      </trkpt>
      <trkpt lat="37.08014" lon="22.247076">
        <ele>1116.55</ele>
      </trkpt>
      <trkpt lat="37.080058" lon="22.247114">
        <ele>1117.65</ele>
      </trkpt>
      <trkpt lat="37.07998" lon="22.247187">
        <ele>1118.89</ele>
      </trkpt>
      <trkpt lat="37.079908" lon="22.247286">
        <ele>1120.78</ele>
      </trkpt>
      <trkpt lat="37.079823" lon="22.24752">
        <ele>1123.46</ele>
      </trkpt>
      <trkpt lat="37.079709" lon="22.247866">
        <ele>1127.07</ele>
      </trkpt>
      <trkpt lat="37.079436" lon="22.248716">
        <ele>1130.09</ele>
      </trkpt>
      <trkpt lat="37.07938" lon="22.248866">
        <ele>1130.22</ele>
      </trkpt>
      <trkpt lat="37.079302" lon="22.248987">
        <ele>1130.32</ele>
      </trkpt>
      <trkpt lat="37.078993" lon="22.249274">
        <ele>1135.98</ele>
      </trkpt>
      <trkpt lat="37.07888" lon="22.249403">
        <ele>1138.71</ele>
      </trkpt>
      <trkpt lat="37.078771" lon="22.24962">
        <ele>1140.96</ele>
      </trkpt>
      <trkpt lat="37.07863" lon="22.250029">
        <ele>1142.34</ele>
      </trkpt>
      <trkpt lat="37.078556" lon="22.25028">
        <ele>1140.33</ele>
      </trkpt>
      <trkpt lat="37.078496" lon="22.250398">
        <ele>1139.04</ele>
      </trkpt>
      <trkpt lat="37.078406" lon="22.2505">
        <ele>1138.52</ele>
      </trkpt>
      <trkpt lat="37.078294" lon="22.250573">
        <ele>1138.44</ele>
      </trkpt>
      <trkpt lat="37.078179" lon="22.250618">
        <ele>1139.14</ele>
      </trkpt>
      <trkpt lat="37.078048" lon="22.25064">
        <ele>1140.05</ele>
      </trkpt>
      <trkpt lat="37.07764" lon="22.250651">
        <ele>1144.68</ele>
      </trkpt>
      <trkpt lat="37.077583" lon="22.250664">
        <ele>1145.39</ele>
      </trkpt>
      <trkpt lat="37.07749" lon="22.250705">
        <ele>1146.21</ele>
      </trkpt>
      <trkpt lat="37.076707" lon="22.251307">
        <ele>1150.15</ele>
      </trkpt>
      <trkpt lat="37.076125" lon="22.25178">
        <ele>1153.58</ele>
      </trkpt>
      <trkpt lat="37.0758" lon="22.252011">
        <ele>1157.85</ele>
      </trkpt>
      <trkpt lat="37.075587" lon="22.252136">
        <ele>1160.65</ele>
      </trkpt>
      <trkpt lat="37.075441" lon="22.252206">
        <ele>1162.33</ele>
      </trkpt>
      <trkpt lat="37.074943" lon="22.252346">
        <ele>1166.65</ele>
      </trkpt>
      <trkpt lat="37.074267" lon="22.252519">
        <ele>1169.33</ele>
      </trkpt>
      <trkpt lat="37.073626" lon="22.252695">
        <ele>1174.25</ele>
      </trkpt>
      <trkpt lat="37.073372" lon="22.252755">
        <ele>1176.1</ele>
      </trkpt>
      <trkpt lat="37.073072" lon="22.252806">
        <ele>1177.69</ele>
      </trkpt>
      <trkpt lat="37.07299" lon="22.252828">
        <ele>1177.86</ele>
      </trkpt>
      <trkpt lat="37.072899" lon="22.252871">
        <ele>1178.15</ele>
      </trkpt>
      <trkpt lat="37.072741" lon="22.252977">
        <ele>1178.94</ele>
      </trkpt>
      <trkpt lat="37.072665" lon="22.253056">
        <ele>1180.02</ele>
      </trkpt>
      <trkpt lat="37.072591" lon="22.253147">
        <ele>1181.05</ele>
      </trkpt>
      <trkpt lat="37.072298" lon="22.253556">
        <ele>1183.63</ele>
      </trkpt>
      <trkpt lat="37.072219" lon="22.253657">
        <ele>1184.18</ele>
      </trkpt>
      <trkpt lat="37.072134" lon="22.253748">
        <ele>1185.5</ele>
      </trkpt>
      <trkpt lat="37.071896" lon="22.253938">
        <ele>1187.82</ele>
      </trkpt>
      <trkpt lat="37.071638" lon="22.254131">
        <ele>1190.39</ele>
      </trkpt>
      <trkpt lat="37.071546" lon="22.25419">
        <ele>1190.98</ele>
      </trkpt>
      <trkpt lat="37.071485" lon="22.254212">
        <ele>1191.21</ele>
      </trkpt>
      <trkpt lat="37.071343" lon="22.254235">
        <ele>1191.76</ele>
      </trkpt>
      <trkpt lat="37.071236" lon="22.254245">
        <ele>1192.69</ele>
      </trkpt>
      <trkpt lat="37.070805" lon="22.254248">
        <ele>1195.12</ele>
      </trkpt>
      <trkpt lat="37.07063" lon="22.254284">
        <ele>1195.47</ele>
      </trkpt>
      <trkpt lat="37.070572" lon="22.254308">
        <ele>1195.71</ele>
      </trkpt>
      <trkpt lat="37.070514" lon="22.254348">
        <ele>1196.27</ele>
      </trkpt>
      <trkpt lat="37.070395" lon="22.254458">
        <ele>1197.18</ele>
      </trkpt>
      <trkpt lat="37.070327" lon="22.254546">
        <ele>1198.14</ele>
      </trkpt>
      <trkpt lat="37.070181" lon="22.254772">
        <ele>1199.17</ele>
      </trkpt>
      <trkpt lat="37.069802" lon="22.255438">
        <ele>1203.17</ele>
      </trkpt>
      <trkpt lat="37.06976" lon="22.255531">
        <ele>1203.31</ele>
      </trkpt>
      <trkpt lat="37.06973" lon="22.255639">
        <ele>1203.96</ele>
      </trkpt>
      <trkpt lat="37.06972" lon="22.255751">
        <ele>1204.81</ele>
      </trkpt>
      <trkpt lat="37.069727" lon="22.255847">
        <ele>1205.51</ele>
      </trkpt>
      <trkpt lat="37.069749" lon="22.25595">
        <ele>1206.5</ele>
      </trkpt>
      <trkpt lat="37.069773" lon="22.256026">
        <ele>1207.73</ele>
      </trkpt>
      <trkpt lat="37.06988" lon="22.25612">
        <ele>1210.46</ele>
      </trkpt>
      <trkpt lat="37.069963" lon="22.25615">
        <ele>1212.18</ele>
      </trkpt>
      <trkpt lat="37.070051" lon="22.256156">
        <ele>1213.58</ele>
      </trkpt>
      <trkpt lat="37.070155" lon="22.256114">
        <ele>1214.39</ele>
      </trkpt>
      <trkpt lat="37.070241" lon="22.256002">
        <ele>1213.92</ele>
      </trkpt>
      <trkpt lat="37.070352" lon="22.255782">
        <ele>1213.45</ele>
      </trkpt>
      <trkpt lat="37.070439" lon="22.255571">
        <ele>1213.96</ele>
      </trkpt>
      <trkpt lat="37.070531" lon="22.255287">
        <ele>1214.71</ele>
      </trkpt>
      <trkpt lat="37.070599" lon="22.255133">
        <ele>1215.22</ele>
      </trkpt>
      <trkpt lat="37.070664" lon="22.255045">
        <ele>1215.12</ele>
      </trkpt>
      <trkpt lat="37.070741" lon="22.254984">
        <ele>1215.18</ele>
      </trkpt>
      <trkpt lat="37.070832" lon="22.254955">
        <ele>1216</ele>
      </trkpt>
      <trkpt lat="37.070942" lon="22.254939">
        <ele>1217.04</ele>
      </trkpt>
      <trkpt lat="37.071573" lon="22.254972">
        <ele>1218.97</ele>
      </trkpt>
      <trkpt lat="37.071766" lon="22.254967">
        <ele>1220.56</ele>
      </trkpt>
      <trkpt lat="37.072195" lon="22.25492">
        <ele>1225</ele>
      </trkpt>
      <trkpt lat="37.073065" lon="22.254799">
        <ele>1229.79</ele>
      </trkpt>
      <trkpt lat="37.073234" lon="22.254755">
        <ele>1230.86</ele>
      </trkpt>
      <trkpt lat="37.073384" lon="22.254705">
        <ele>1232.69</ele>
      </trkpt>
      <trkpt lat="37.073568" lon="22.254621">
        <ele>1234.26</ele>
      </trkpt>
      <trkpt lat="37.07398" lon="22.254409">
        <ele>1236.61</ele>
      </trkpt>
      <trkpt lat="37.074221" lon="22.254305">
        <ele>1237.11</ele>
      </trkpt>
      <trkpt lat="37.074404" lon="22.25424">
        <ele>1237.89</ele>
      </trkpt>
      <trkpt lat="37.074512" lon="22.254239">
        <ele>1239.04</ele>
      </trkpt>
      <trkpt lat="37.074554" lon="22.254276">
        <ele>1240.43</ele>
      </trkpt>
      <trkpt lat="37.07458" lon="22.254324">
        <ele>1242.01</ele>
      </trkpt>
      <trkpt lat="37.074585" lon="22.254369">
        <ele>1243.37</ele>
      </trkpt>
      <trkpt lat="37.074571" lon="22.254444">
        <ele>1245.37</ele>
      </trkpt>
      <trkpt lat="37.074509" lon="22.25454">
        <ele>1247.22</ele>
      </trkpt>
      <trkpt lat="37.074462" lon="22.25459">
        <ele>1247.9</ele>
      </trkpt>
      <trkpt lat="37.074395" lon="22.254629">
        <ele>1248.34</ele>
      </trkpt>
      <trkpt lat="37.074144" lon="22.254712">
        <ele>1247.82</ele>
      </trkpt>
      <trkpt lat="37.074026" lon="22.254766">
        <ele>1247.61</ele>
      </trkpt>
      <trkpt lat="37.073925" lon="22.254825">
        <ele>1247.41</ele>
      </trkpt>
      <trkpt lat="37.07383" lon="22.25491">
        <ele>1247.96</ele>
      </trkpt>
      <trkpt lat="37.073519" lon="22.25531">
        <ele>1250.51</ele>
      </trkpt>
      <trkpt lat="37.073373" lon="22.255561">
        <ele>1252.68</ele>
      </trkpt>
      <trkpt lat="37.073272" lon="22.25571">
        <ele>1253.54</ele>
      </trkpt>
      <trkpt lat="37.073181" lon="22.25583">
        <ele>1254.51</ele>
      </trkpt>
      <trkpt lat="37.073093" lon="22.255918">
        <ele>1254.75</ele>
      </trkpt>
      <trkpt lat="37.072978" lon="22.256013">
        <ele>1255.99</ele>
      </trkpt>
      <trkpt lat="37.072661" lon="22.256244">
        <ele>1260.05</ele>
      </trkpt>
      <trkpt lat="37.07218" lon="22.256573">
        <ele>1262.3</ele>
      </trkpt>
      <trkpt lat="37.071848" lon="22.256815">
        <ele>1264.38</ele>
      </trkpt>
      <trkpt lat="37.071619" lon="22.256965">
        <ele>1266.23</ele>
      </trkpt>
      <trkpt lat="37.071409" lon="22.257143">
        <ele>1267.35</ele>
      </trkpt>
      <trkpt lat="37.071337" lon="22.257241">
        <ele>1267.49</ele>
      </trkpt>
      <trkpt lat="37.071266" lon="22.257385">
        <ele>1268.17</ele>
      </trkpt>
      <trkpt lat="37.070619" lon="22.258843">
        <ele>1276.64</ele>
      </trkpt>
      <trkpt lat="37.070512" lon="22.25912">
        <ele>1277.64</ele>
      </trkpt>
      <trkpt lat="37.070252" lon="22.25992">
        <ele>1282.94</ele>
      </trkpt>
      <trkpt lat="37.070118" lon="22.26031">
        <ele>1284.87</ele>
      </trkpt>
      <trkpt lat="37.069986" lon="22.260649">
        <ele>1287.64</ele>
      </trkpt>
      <trkpt lat="37.069717" lon="22.261286">
        <ele>1292.05</ele>
      </trkpt>
      <trkpt lat="37.069625" lon="22.261463">
        <ele>1292.46</ele>
      </trkpt>
      <trkpt lat="37.06951" lon="22.261647">
        <ele>1292.81</ele>
      </trkpt>
      <trkpt lat="37.068847" lon="22.262537">
        <ele>1302.27</ele>
      </trkpt>
      <trkpt lat="37.06848" lon="22.263027">
        <ele>1302.84</ele>
      </trkpt>
      <trkpt lat="37.068066" lon="22.263572">
        <ele>1306.63</ele>
      </trkpt>
      <trkpt lat="37.067905" lon="22.26383">
        <ele>1308.52</ele>
      </trkpt>
      <trkpt lat="37.067668" lon="22.264399">
        <ele>1310.85</ele>
      </trkpt>
      <trkpt lat="37.067596" lon="22.264511">
        <ele>1311.36</ele>
      </trkpt>
      <trkpt lat="37.067508" lon="22.264604">
        <ele>1311.87</ele>
      </trkpt>
      <trkpt lat="37.067331" lon="22.264727">
        <ele>1311.73</ele>
      </trkpt>
      <trkpt lat="37.067186" lon="22.264845">
        <ele>1312.99</ele>
      </trkpt>
      <trkpt lat="37.067094" lon="22.264954">
        <ele>1313.94</ele>
      </trkpt>
      <trkpt lat="37.066933" lon="22.265223">
        <ele>1314.59</ele>
      </trkpt>
      <trkpt lat="37.066833" lon="22.265413">
        <ele>1315.92</ele>
      </trkpt>
      <trkpt lat="37.066752" lon="22.265555">
        <ele>1315.35</ele>
      </trkpt>
      <trkpt lat="37.066764" lon="22.26555">
        <ele>1315.65</ele>
      </trkpt>
    </trkseg>
  </trk>
</gpx>
